timestamp_us,AccX,AccY,AccZ,Roll_Acc,Roll_Gyr,Roll_Kalman,RollRate_Kalman,Pitch_Acc,Pitch_Gyr,Pitch_Kalman,PitchRate_Kalman,YawRate_Gyr,YawRate_Kalman,Alt_ToF,Alt_Kalman,Vz_Kalman,VBat,temp
7.60461e+08,0.00490025,-0.0193904,9.81,6.9703,25.1134,5.4703,10.5476,4.09029,6.882,5.09029,6.98788,2.10301,2.10301,0.5353,0.528538,0.0603801,1.00816,28.5
7.60483e+08,0.00209998,-0.0198894,9.81,7.20636,24.6361,5.70636,10.3472,4.24215,6.32424,5.24215,6.42154,2.19938,2.19938,0.533003,0.5299,0.060118,1.00807,28.5
7.60508e+08,-0.000971239,-0.0199764,9.81,7.45618,24.098,5.95618,10.1212,4.39158,5.70408,5.39158,5.79184,2.30236,2.30236,0.529911,0.531363,0.0598213,1.00797,28.5
7.6053e+08,-0.00377096,-0.0196413,9.81,7.68046,23.5842,6.18046,9.90539,4.51497,5.12045,5.51497,5.19922,2.39577,2.39577,0.527312,0.5327,0.0595365,1.00788,28.5
7.60552e+08,-0.00637244,-0.0189576,9.81,7.88982,23.0767,6.38982,9.6922,4.62014,4.55209,5.62014,4.62212,2.48388,2.48388,0.525704,0.533969,0.0592539,1.00779,28.5
7.60573e+08,-0.00880102,-0.0179595,9.81,8.08971,22.5651,6.58971,9.47732,4.71077,3.98754,5.71077,4.04889,2.56891,2.56891,0.525409,0.535202,0.0589676,1.00771,28.5
7.60598e+08,-0.0115117,-0.0163548,9.81,8.32357,21.9306,6.82357,9.21084,4.80359,3.29902,5.80359,3.34978,2.66963,2.66963,0.527033,0.536673,0.0586106,1.00761,28.5
7.60619e+08,-0.013629,-0.0146373,9.81,8.52046,21.3639,7.02046,8.97286,4.86965,2.6951,5.86965,2.73656,2.75558,2.75558,0.530153,0.537939,0.05829,1.00752,28.5
7.60645e+08,-0.015802,-0.0122595,9.81,8.74641,20.6738,7.24641,8.683,4.93046,1.97352,5.93046,2.00388,2.85566,2.85566,0.535452,0.539425,0.0578971,1.00742,28.5
7.6067e+08,-0.0175382,-0.00961316,9.81,8.96108,19.9748,7.46108,8.3894,4.97182,1.2584,5.97182,1.27776,2.95238,2.95238,0.541542,0.540876,0.0574964,1.00732,28.5
7.60693e+08,-0.0187103,-0.00706562,9.81,9.14498,19.3388,7.64498,8.12228,4.99314,0.62164,5.99314,0.631203,3.03666,3.03666,0.546838,0.542153,0.0571293,1.00723,28.5
7.60714e+08,-0.0194884,-0.00449473,9.81,9.31548,18.7154,7.81548,7.86045,5,0.0103428,6,0.010502,3.11612,3.11612,0.551144,0.543368,0.0567673,1.00714,28.5
7.60735e+08,-0.0199149,-0.00184313,9.81,9.48031,18.0785,7.98031,7.59297,4.99359,-0.600895,5.99359,-0.61014,3.1943,3.1943,0.554194,0.544575,0.056395,1.00706,28.5
7.6076e+08,-0.0199568,0.00131348,9.81,9.66673,17.313,8.16673,7.27147,4.96909,-1.31778,5.96909,-1.33806,3.28456,3.28456,0.55579,0.545984,0.0559442,1.00696,28.5
7.60782e+08,-0.0196095,0.00393298,9.81,9.81646,16.6592,8.31646,6.99685,4.93457,-1.91465,5.93457,-1.94411,3.35868,3.35868,0.555442,0.547154,0.0555563,1.00687,28.5
7.60802e+08,-0.018941,0.00642172,9.81,9.95688,16.0103,8.45688,6.72434,4.88866,-2.49277,5.88866,-2.53112,3.42968,3.42968,0.553852,0.548287,0.0551687,1.00679,28.5
7.60827e+08,-0.0176973,0.00931691,9.81,10.121,15.2022,8.62098,6.38494,4.81622,-3.1929,5.81622,-3.24202,3.51479,3.51479,0.550829,0.549662,0.0546821,1.00669,28.5
7.60848e+08,-0.0163099,0.0115753,9.81,10.2523,14.511,8.75235,6.0946,4.74157,-3.77421,5.74157,-3.83228,3.58483,3.58483,0.548037,0.550809,0.0542623,1.00661,28.5
7.6087e+08,-0.0145759,0.0136946,9.81,10.3816,13.7861,8.8816,5.79014,4.65146,-4.36622,5.65146,-4.43339,3.65571,3.65571,0.545604,0.551984,0.0538187,1.00652,28.5
7.60894e+08,-0.0123876,0.0157018,9.81,10.5142,12.9881,9.01424,5.45502,4.53905,-4.99693,5.53905,-5.0738,3.73083,3.73083,0.544171,0.553248,0.053326,1.00643,28.5
7.60917e+08,-0.00996328,0.0173417,9.81,10.6372,12.1905,9.13718,5.12,4.41359,-5.60534,5.41359,-5.69158,3.80306,3.80306,0.544482,0.554482,0.052829,1.00633,28.5
7.60938e+08,-0.0076372,0.0184844,9.81,10.7395,11.4756,9.23948,4.81974,4.29065,-6.13173,5.29065,-6.22607,3.86548,3.86548,0.546336,0.555564,0.0523795,1.00625,28.5
7.60961e+08,-0.00482931,0.0194082,9.81,10.8486,10.6506,9.34859,4.47324,4.13709,-6.71676,5.13709,-6.8201,3.93489,3.93489,0.550107,0.556788,0.0518559,1.00616,28.5
7.60985e+08,-0.00182824,0.0199163,9.81,10.9524,9.79129,9.4524,4.11234,3.96458,-7.30038,4.96458,-7.4127,4.00435,4.00435,0.555324,0.558035,0.0513049,1.00606,28.5
7.61007e+08,0.000846492,0.0199821,9.81,11.0364,9.02859,9.53639,3.79201,3.80131,-7.79621,4.80131,-7.91615,4.06367,4.06367,0.560387,0.559121,0.0508108,1.00597,28.5
7.61029e+08,0.0036461,0.0196648,9.81,11.1175,8.21837,9.61745,3.45171,3.61797,-8.29986,4.61797,-8.42755,4.12436,4.12436,0.565479,0.560252,0.0502807,1.00588,28.5
7.6105e+08,0.00615714,0.0190287,9.81,11.1852,7.46778,9.68522,3.13647,3.43951,-8.74506,4.43951,-8.8796,4.17853,4.17853,0.56935,0.561281,0.0497845,1.0058,28.5
7.61072e+08,0.00878864,0.0179655,9.81,11.252,6.63955,9.75202,2.78861,3.23347,-9.21221,4.23347,-9.35394,4.23608,4.23608,0.572186,0.562397,0.0492311,1.00571,28.5
7.61097e+08,0.011418,0.0164204,9.81,11.315,5.74349,9.81502,2.41227,3.0004,-9.68885,4.0004,-9.83791,4.29578,4.29578,0.573267,0.563583,0.0486254,1.00561,28.5
7.61122e+08,0.0138859,0.0143938,9.81,11.3712,4.79943,9.8712,2.01576,2.74411,-10.1583,3.74411,-10.3146,4.35588,4.35588,0.57225,0.564808,0.047979,1.00551,28.5
7.61147e+08,0.015927,0.0120967,9.81,11.4157,3.88642,9.91573,1.63229,2.48643,-10.5801,3.48643,-10.7428,4.41135,4.41135,0.569661,0.565972,0.0473454,1.00541,28.5
7.61167e+08,0.0173621,0.00992762,9.81,11.4461,3.11095,9.94609,1.3066,2.26048,-10.913,3.26048,-11.0809,4.45645,4.45645,0.566819,0.566944,0.0468005,1.00533,28.5
7.6119e+08,0.018617,0.00730791,9.81,11.472,2.24225,9.97203,0.941746,2.00011,-11.2582,3.00011,-11.4314,4.50483,4.50483,0.56368,0.568017,0.0461825,1.00524,28.5
7.61215e+08,0.0195314,0.00430397,9.81,11.4906,1.30096,9.99059,0.546404,1.70989,-11.5985,2.70989,-11.777,4.55471,4.55471,0.561204,0.56916,0.0455034,1.00514,28.5
7.61237e+08,0.0199343,0.00161969,9.81,11.4987,0.486418,9.99869,0.204296,1.45245,-11.8645,2.45245,-12.047,4.59579,4.59579,0.560429,0.570135,0.0449074,1.00505,28.5
7.61257e+08,0.0199791,-0.000914018,9.81,11.4996,-0.274297,9.99958,-0.115205,1.20711,-12.0885,2.20711,-12.2745,4.63241,4.63241,0.561127,0.571033,0.0443436,1.00497,28.5
7.61285e+08,0.0195065,-0.00441531,9.81,11.4901,-1.33516,9.99009,-0.560765,0.857697,-12.3612,1.8577,-12.5514,4.6807,4.6807,0.564415,0.572267,0.0435451,1.00486,28.5
7.6131e+08,0.0185735,-0.00741794,9.81,11.4711,-2.27766,9.97114,-0.956615,0.540789,-12.564,1.54079,-12.7573,4.72089,4.72089,0.569169,0.573346,0.0428233,1.00476,28.5
7.61332e+08,0.0174026,-0.0098564,9.81,11.4469,-3.08649,9.94693,-1.29633,0.264455,-12.708,1.26445,-12.9035,4.75336,4.75336,0.574011,0.574259,0.0421939,1.00467,28.5
7.61354e+08,0.0158705,-0.0121708,9.81,11.4145,-3.91411,9.91452,-1.64393,-0.0220447,-12.8262,0.977955,-13.0235,4.78464,4.78464,0.579001,0.575182,0.0415401,1.00458,28.5
7.61379e+08,0.0137521,-0.0145217,9.81,11.3682,-4.85422,9.86822,-2.03877,-0.351555,-12.9239,0.648445,-13.1227,4.81778,4.81778,0.583841,0.576217,0.0407847,1.00448,28.5
7.61401e+08,0.0116884,-0.016229,9.81,11.3213,-5.64592,9.82131,-2.37128,-0.631962,-12.9755,0.368038,-13.1751,4.84369,4.84369,0.586626,0.577078,0.0401375,1.0044,28.5
7.61425e+08,0.00907333,-0.0178234,9.81,11.259,-6.54643,9.75901,-2.7495,-0.95364,-12.9996,0.0463596,-13.1996,4.87093,4.87093,0.58792,0.578045,0.0393885,1.0043,28.5
7.61448e+08,0.00638805,-0.0189524,9.81,11.1912,-7.3971,9.69125,-3.10678,-1.25969,-12.9878,-0.259689,-13.1876,4.89444,4.89444,0.587227,0.578948,0.0386676,1.00421,28.5
7.61469e+08,0.00382611,-0.0196306,9.81,11.1225,-8.16549,9.62246,-3.4295,-1.53752,-12.9477,-0.537523,-13.1469,4.9138,4.9138,0.585214,0.579755,0.0380046,1.00412,28.5
7.61494e+08,0.000698448,-0.0199878,9.81,11.0319,-9.07097,9.53192,-3.80981,-1.86609,-12.8639,-0.86609,-13.0618,4.93428,4.93428,0.581742,0.580696,0.0372083,1.00402,28.5
7.61519e+08,-0.00232518,-0.0198644,9.81,10.936,-9.93285,9.43597,-4.1718,-2.17944,-12.7464,-1.17944,-12.9425,4.95136,4.95136,0.578156,0.581581,0.0364341,1.00393,28.5
7.61543e+08,-0.00539265,-0.0192593,9.81,10.8277,-10.8138,9.32774,-4.5418,-2.49973,-12.5873,-1.49973,-12.781,4.96632,4.96632,0.575171,0.582476,0.0356254,1.00383,28.5
7.61568e+08,-0.00823257,-0.018227,9.81,10.7145,-11.6551,9.21447,-4.89515,-2.80498,-12.3978,-1.80498,-12.5885,4.97819,4.97819,0.573763,0.583322,0.0348355,1.00373,28.5
7.61589e+08,-0.0106391,-0.0169355,9.81,10.6049,-12.4062,9.10485,-5.21062,-3.07652,-12.1966,-2.07652,-12.3843,4.9867,4.9867,0.574132,0.58407,0.0341149,1.00364,28.5
7.61615e+08,-0.0131844,-0.015039,9.81,10.4689,-13.2678,8.96887,-5.57246,-3.38617,-11.9277,-2.38617,-12.1112,4.99397,4.99397,0.576602,0.584919,0.0332692,1.00354,28.5
7.61637e+08,-0.0151343,-0.013075,9.81,10.343,-14.0078,8.84296,-5.88329,-3.6501,-11.6632,-2.6501,-11.8427,4.99799,4.99799,0.580273,0.585643,0.0325251,1.00345,28.5
7.61658e+08,-0.0167701,-0.0108979,9.81,10.2124,-14.7255,8.71244,-6.18472,-3.90372,-11.3762,-2.90372,-11.5512,4.99984,4.99984,0.584765,0.586338,0.0317869,1.00337,28.5
7.6168e+08,-0.0180949,-0.00851913,9.81,10.0755,-15.4322,8.57547,-6.48151,-4.1507,-11.0634,-3.1507,-11.2336,4.99961,4.99961,0.589499,0.587017,0.0310429,1.00328,28.5
7.61702e+08,-0.0190845,-0.00598174,9.81,9.93209,-16.1276,8.43209,-6.77358,-4.39058,-10.7253,-3.39058,-10.8903,4.99728,4.99728,0.593809,0.587681,0.0302929,1.00319,28.5
7.61725e+08,-0.0197599,-0.00308984,9.81,9.76859,-16.8723,8.26859,-7.08635,-4.64338,-10.3288,-3.64338,-10.4878,4.99236,4.99236,0.597322,0.588386,0.0294686,1.0031,28.5
7.61748e+08,-0.0199988,-0.000221943,9.81,9.6032,-17.5796,8.1032,-7.38345,-4.87894,-9.918,-3.87894,-10.0706,4.98523,4.98523,0.599045,0.58905,0.0286637,1.00301,28.5
7.61769e+08,-0.0198531,0.00241972,9.81,9.44523,-18.217,7.94523,-7.65115,-5.08679,-9.51809,-4.08679,-9.66452,4.97663,4.97663,0.59899,0.589645,0.0279185,1.00292,28.5
7.61796e+08,-0.0191525,0.00576023,9.81,9.23312,-19.0208,7.73312,-7.98873,-5.34204,-8.97185,-4.34204,-9.10988,4.96262,4.96262,0.596788,0.590389,0.0269495,1.00281,28.5
7.61823e+08,-0.0179454,0.00882968,9.81,9.01958,-19.7763,7.51958,-8.30606,-5.57394,-8.41354,-4.57394,-8.54298,4.94598,4.94598,0.59306,0.591083,0.0260057,1.00271,28.5
7.61844e+08,-0.0166034,0.0111501,9.81,8.84006,-20.3743,7.34006,-8.5572,-5.75113,-7.93921,-4.75113,-8.06135,4.93023,4.93023,0.589609,0.591628,0.0252337,1.00262,28.5
7.61865e+08,-0.0150014,0.0132272,9.81,8.65928,-20.9452,7.15928,-8.797,-5.91439,-7.45812,-4.91439,-7.57286,4.91289,4.91289,0.586524,0.592146,0.0244739,1.00254,28.5
7.61889e+08,-0.0128501,0.0153257,9.81,8.44605,-21.5817,6.94605,-9.06433,-6.0887,-6.88752,-5.0887,-6.99348,4.89068,4.89068,0.584054,0.59272,0.023598,1.00244,28.5
7.61913e+08,-0.0104372,0.0170606,9.81,8.22902,-22.1919,6.72902,-9.32062,-6.24721,-6.30451,-5.24721,-6.40151,4.86627,4.86627,0.583296,0.593267,0.0227267,1.00235,28.5
7.61934e+08,-0.00810778,0.0182829,9.81,8.03197,-22.7156,6.53197,-9.54057,-6.37565,-5.77425,-5.37565,-5.86308,4.84264,4.84264,0.584237,0.593733,0.0219513,1.00227,28.5
7.61957e+08,-0.00539276,0.0192592,9.81,7.81062,-23.272,6.31062,-9.77422,-6.50341,-5.17853,-5.50341,-5.2582,4.81455,4.81455,0.586922,0.594227,0.0210964,1.00217,28.5
7.61979e+08,-0.00263338,0.0198259,9.81,7.58944,-23.7964,6.08944,-9.99448,-6.61458,-4.58416,-5.61458,-4.65469,4.78495,4.78495,0.590831,0.594689,0.0202576,1.00208,28.5
7.62001e+08,8.19119e-05,0.0199998,9.81,7.37122,-24.2849,5.87122,-10.1997,-6.70899,-3.99949,-5.70899,-4.06102,4.75433,4.75433,0.595241,0.595118,0.0194435,1.002,28.5
7.62025e+08,0.00317509,0.0197464,9.81,7.11695,-24.8203,5.61695,-10.4245,-6.80086,-3.32143,-5.80086,-3.37253,4.71698,4.71698,0.600189,0.595586,0.0185104,1.0019,28.5
7.62046e+08,0.0057057,0.0191689,9.81,6.90017,-25.2496,5.40017,-10.6048,-6.86453,-2.74688,-5.86453,-2.78914,4.68378,4.68378,0.60359,0.59596,0.0177268,1.00182,28.5
7.62066e+08,0.00810847,0.0182826,9.81,6.68273,-25.6565,5.18273,-10.7757,-6.91547,-2.17444,-5.91547,-2.20789,4.64928,4.64928,0.60581,0.596312,0.0169507,1.00173,28.5
7.6209e+08,0.0106643,0.0169196,9.81,6.43265,-26.0964,4.93265,-10.9605,-6.95876,-1.52167,-5.95876,-1.54508,4.60818,4.60818,0.606625,0.596692,0.0160694,1.00164,28.5
7.62115e+08,0.0131939,0.0150307,9.81,6.15533,-26.5509,4.65533,-11.1514,-6.98847,-0.805685,-5.98847,-0.81808,4.56091,4.56091,0.60539,0.597083,0.0151049,1.00154,28.5
7.6214e+08,0.015448,0.0127027,9.81,5.86582,-26.9899,4.36582,-11.3358,-6.99992,-0.0681892,-5.99992,-0.0692382,4.50971,4.50971,0.602199,0.597459,0.0141109,1.00144,28.5
7.62162e+08,0.0170224,0.0104994,9.81,5.62044,-27.3349,4.12044,-11.4807,-6.99466,0.548185,-5.99466,0.556619,4.46489,4.46489,0.598625,0.597754,0.0132776,1.00135,28.5
7.62186e+08,0.0184221,0.00778631,9.81,5.34011,-27.6999,3.84011,-11.6339,-6.97257,1.24167,-5.97257,1.26077,4.41215,4.41215,0.594438,0.598064,0.0123351,1.00125,28.5
7.62207e+08,0.019288,0.00528885,9.81,5.09456,-27.9949,3.59456,-11.7578,-6.93965,1.83916,-5.93965,1.86746,4.36461,4.36461,0.591368,0.598315,0.0115169,1.00117,28.5
7.62231e+08,0.0198551,0.00240289,9.81,4.81833,-28.3001,3.31833,-11.8861,-6.88806,2.49941,-5.88806,2.53786,4.3097,4.3097,0.589219,0.598573,0.010604,1.00108,28.5
7.62256e+08,0.0199867,-0.000729288,9.81,4.52071,-28.5986,3.02071,-12.0114,-6.81586,3.1959,-5.81586,3.24507,4.24884,4.24884,0.588885,0.598825,0.00962836,1.00098,28.5
7.62281e+08,0.0196236,-0.00386198,9.81,4.21831,-28.8703,2.71831,-12.1255,-6.72554,3.88684,-5.72554,3.94663,4.18525,4.18525,0.590706,0.599054,0.00864444,1.00088,28.5
7.62306e+08,0.0187891,-0.00685355,9.81,3.91786,-29.1099,2.41786,-12.2262,-6.61952,4.55568,-5.61952,4.62577,4.12033,4.12033,0.594274,0.599255,0.00767339,1.00078,28.5
7.62326e+08,0.0177653,-0.00918656,9.81,3.66972,-29.2853,2.16972,-12.2998,-6.52015,5.09419,-5.52015,5.17256,4.06542,4.06542,0.598016,0.599403,0.00687569,1.0007,28.5
7.62346e+08,0.0164548,-0.0113683,9.81,3.42043,-29.4416,1.92043,-12.3655,-6.40991,5.62202,-5.40991,5.70851,4.00909,4.00909,0.601939,0.599534,0.00607769,1.00062,28.5
7.62371e+08,0.0144599,-0.013817,9.81,3.10923,-29.609,1.60923,-12.4358,-6.25814,6.26163,-5.25814,6.35796,3.93712,3.93712,0.606246,0.599674,0.00508568,1.00051,28.5
7.62393e+08,0.0124546,-0.0156487,9.81,2.84041,-29.7293,1.34041,-12.4863,-6.11477,6.79625,-5.11477,6.90081,3.87347,3.87347,0.608796,0.599774,0.00423184,1.00043,28.5
7.62418e+08,0.00989334,-0.0173816,9.81,2.53306,-29.8395,1.03306,-12.5326,-5.93743,7.38631,-4.93743,7.49995,3.79903,3.79903,0.609864,0.599866,0.00325849,1.00033,28.5
7.62438e+08,0.00757094,-0.0185116,9.81,2.27567,-29.9096,0.775672,-12.562,-5.77825,7.86245,-4.77825,7.98341,3.73531,3.73531,0.609111,0.599925,0.00244521,1.00025,28.5
7.62463e+08,0.00458553,-0.0194672,9.81,1.9625,-29.9679,0.462504,-12.5865,-5.57188,8.41881,-4.57188,8.54833,3.65606,3.65606,0.606369,0.599973,0.00145728,1.00015,28.5
7.62485e+08,0.00192459,-0.0199072,9.81,1.69275,-29.9944,0.192745,-12.5977,-5.38332,8.87714,-4.38332,9.01371,3.58628,3.58628,0.602847,0.599995,0.000607176,1.00006,28.5
7.62505e+08,-0.000606489,-0.0199908,9.81,1.43934,-29.9994,-0.0606578,-12.5998,-5.19737,9.28945,-4.19737,9.43236,3.51941,3.51941,0.599091,0.6,-0.000191073,0.999981,28.5
7.62527e+08,-0.00342408,-0.0197047,9.81,1.15596,-29.9822,-0.344035,-12.5925,-4.97962,9.72894,-3.97962,9.87862,3.44312,3.44312,0.59505,0.599985,-0.00108387,0.99989,28.5
7.62553e+08,-0.00648036,-0.018921,9.81,0.840532,-29.9347,-0.659468,-12.5726,-4.72548,10.1904,-3.72548,10.3472,3.35628,3.35628,0.591586,0.599946,-0.00207846,0.99979,28.5
7.62576e+08,-0.00923388,-0.0177408,9.81,0.541665,-29.8619,-0.958335,-12.542,-4.47366,10.5998,-3.47366,10.7629,3.27209,3.27209,0.589971,0.599885,-0.00302223,0.999694,28.5
7.62599e+08,-0.0116441,-0.0162608,9.81,0.260319,-29.7686,-1.23968,-12.5028,-4.22715,10.9595,-3.22715,11.1281,3.19109,3.19109,0.590235,0.599807,-0.00391255,0.999604,28.5
7.62623e+08,-0.0139542,-0.0143276,9.81,-0.0382601,-29.6429,-1.53826,-12.45,-3.95589,11.313,-2.95589,11.487,3.10324,3.10324,0.592357,0.599702,-0.00486,0.999508,28.5
7.62646e+08,-0.0158982,-0.0121346,9.81,-0.327392,-29.4948,-1.82739,-12.3878,-3.68409,11.6267,-2.68409,11.8056,3.01625,3.01625,0.595822,0.599578,-0.00578067,0.999415,28.5
7.6267e+08,-0.0175437,-0.00960312,9.81,-0.623632,-29.3157,-2.12363,-12.3126,-3.39667,11.9178,-2.39667,12.1012,2.9251,2.9251,0.600111,0.599428,-0.00672792,0.999319,28.5
7.62693e+08,-0.0187308,-0.00701115,9.81,-0.901554,-29.122,-2.40155,-12.2313,-3.11913,12.1622,-2.11913,12.3493,2.83765,2.83765,0.604027,0.599266,-0.00762086,0.999228,28.5
7.62717e+08,-0.0195631,-0.00415735,9.81,-1.18929,-28.8948,-2.68929,-12.1358,-2.82411,12.3847,-1.82411,12.5752,2.74509,2.74509,0.607166,0.599075,-0.00855036,0.999133,28.5
7.62738e+08,-0.0199392,-0.00155891,9.81,-1.44139,-28.6729,-2.94139,-12.0426,-2.55945,12.5532,-1.55945,12.7464,2.66221,2.66221,0.608615,0.598888,-0.00936957,0.99905,28.5
7.62762e+08,-0.0199429,0.00150965,9.81,-1.73352,-28.3884,-3.23353,-11.9231,-2.24592,12.7166,-1.24592,12.9123,2.56401,2.56401,0.608392,0.598648,-0.0103252,0.998952,28.5
7.62787e+08,-0.0194566,0.0046304,9.81,-2.03104,-28.0675,-3.53104,-11.7884,-1.91944,12.8465,-0.919436,13.0441,2.46151,2.46151,0.606019,0.598376,-0.0113064,0.998851,28.5
7.62811e+08,-0.0185478,0.00748198,9.81,-2.30969,-27.7376,-3.80969,-11.6498,-1.60748,12.9332,-0.607482,13.1322,2.36312,2.36312,0.602179,0.598097,-0.0122334,0.998756,28.5
7.62832e+08,-0.0173996,0.00986177,9.81,-2.55281,-27.4258,-4.05281,-11.5188,-1.33071,12.9802,-0.330713,13.1799,2.27527,2.27527,0.59807,0.597831,-0.0130494,0.998672,28.5
7.62852e+08,-0.016012,0.011984,9.81,-2.78344,-27.1085,-4.28344,-11.3856,-1.06447,12.9992,-0.0644659,13.1992,2.19014,2.19014,0.594069,0.597561,-0.0138302,0.998591,28.5
7.62877e+08,-0.0139315,0.0143497,9.81,-3.06623,-26.6898,-4.56623,-11.2097,-0.733422,12.9872,0.266578,13.187,2.08322,2.08322,0.589825,0.597202,-0.0147976,0.998491,28.5
7.62901e+08,-0.0116187,0.016279,9.81,-3.33233,-26.2648,-4.83233,-11.0312,-0.4177,12.9386,0.5823,13.1377,1.97993,1.97993,0.587251,0.596837,-0.015719,0.998395,28.5
7.62926e+08,-0.00891799,0.0179017,9.81,-3.606,-25.7945,-5.106,-10.8337,-0.0891558,12.8493,0.910844,13.047,1.87078,1.87078,0.586601,0.596432,-0.016679,0.998294,28.5
7.62947e+08,-0.00657755,0.0188875,9.81,-3.82283,-25.397,-5.32283,-10.6667,0.173599,12.7489,1.1736,12.945,1.78207,1.78207,0.587644,0.596088,-0.0174496,0.998213,28.5
7.62972e+08,-0.00344887,0.0197004,9.81,-4.09396,-24.867,-5.59396,-10.4441,0.504767,12.5845,1.50477,12.7781,1.66817,1.66817,0.590659,0.595627,-0.0184268,0.99811,28.5
7.62993e+08,-0.000918777,0.0199789,9.81,-4.30325,-24.4316,-5.80325,-10.2613,0.762084,12.4267,1.76208,12.6179,1.57783,1.57783,0.593872,0.595247,-0.0191925,0.998029,28.5
7.63013e+08,0.00163381,0.0199332,9.81,-4.50939,-23.9789,-6.00939,-10.0711,1.01666,12.2437,2.01666,12.4321,1.48664,1.48664,0.597279,0.59485,-0.0199574,0.997948,28.5
7.63037e+08,0.00465462,0.0194508,9.81,-4.75128,-23.4157,-6.25128,-9.83458,1.31643,11.9921,2.31643,12.1766,1.37662,1.37662,0.600831,0.594354,-0.0208699,0.99785,28.5
7.63062e+08,0.00763673,0.0184846,9.81,-4.99309,-22.8158,-6.49309,-9.58262,1.61672,11.6985,2.61672,11.8785,1.26312,1.26312,0.603051,0.593822,-0.0218,0.997751,28.5
7.63084e+08,0.0100556,0.0172883,9.81,-5.19608,-22.2814,-6.69608,-9.3582,1.86889,11.4176,2.86889,11.5933,1.16488,1.16488,0.603346,0.593347,-0.0225961,0.997665,28.5
7.63109e+08,0.0126486,0.0154924,9.81,-5.42721,-21.6362,-6.92721,-9.08719,2.15553,11.0569,3.15553,11.227,1.04942,1.04942,0.601624,0.592769,-0.0235216,0.997564,28.5
7.6313e+08,0.0145981,0.013671,9.81,-5.61728,-21.0737,-7.11728,-8.85094,2.39044,10.7255,3.39044,10.8905,0.951324,0.951324,0.598605,0.592262,-0.0242997,0.997479,28.5
7.63151e+08,0.0162242,0.011695,9.81,-5.79481,-20.52,-7.29481,-8.61841,2.60881,10.3857,3.60881,10.5454,0.856879,0.856879,0.594744,0.591761,-0.025042,0.997398,28.5
7.63176e+08,0.0178629,0.00899541,9.81,-6.00736,-19.8181,-7.50736,-8.32358,2.86833,9.93742,3.86833,10.0903,0.739854,0.739854,0.589417,0.591121,-0.0259526,0.997297,28.5
7.63197e+08,0.0188871,0.0065786,9.81,-6.17828,-19.2197,-7.67828,-8.07227,3.07501,9.54178,4.07501,9.68857,0.642297,0.642297,0.585215,0.590572,-0.0267043,0.997213,28.5
7.63221e+08,0.0196595,0.00367479,9.81,-6.36746,-18.5183,-7.86746,-7.77769,3.30105,9.06407,4.30105,9.20352,0.530292,0.530292,0.581422,0.589924,-0.0275593,0.997118,28.5
7.63245e+08,0.0199919,0.000570581,9.81,-6.5565,-17.7718,-8.0565,-7.46414,3.52329,8.54112,4.52329,8.67252,0.413626,0.413626,0.579266,0.58923,-0.0284411,0.997018,28.5
7.63271e+08,0.0198332,-0.00257784,9.81,-6.73939,-17.0003,-8.23939,-7.14014,3.73399,7.98715,4.73399,8.11003,0.295588,0.295588,0.579249,0.588506,-0.0293245,0.996918,28.5
7.63296e+08,0.0191814,-0.00566339,9.81,-6.91415,-16.2117,-8.41415,-6.8089,3.93032,7.4086,4.93032,7.52257,0.177339,0.177339,0.581246,0.587761,-0.030201,0.996817,28.5
7.63318e+08,0.018205,-0.00828122,9.81,-7.06195,-15.4996,-8.56195,-6.50982,4.09167,6.8772,5.09167,6.983,0.0725133,0.0725133,0.584222,0.587082,-0.030971,0.996728,28.5
7.63343e+08,0.0166753,-0.0110424,9.81,-7.2209,-14.6803,-8.72091,-6.16574,4.25932,6.25696,5.25932,6.35322,-0.0459768,-0.0459768,0.588123,0.586294,-0.0318339,0.996628,28.5
7.63364e+08,0.0151207,-0.0130906,9.81,-7.34392,-14.0023,-8.84392,-5.88098,4.38399,5.73765,5.38399,5.82592,-0.142454,-0.142454,0.591033,0.585637,-0.0325307,0.996546,28.5
7.63388e+08,0.0129458,-0.0152449,9.81,-7.48277,-13.1829,-8.98277,-5.53682,4.51818,5.10418,5.51818,5.1827,-0.257266,-0.257266,0.593406,0.584836,-0.0333534,0.996448,28.5
7.63413e+08,0.0104421,-0.0170576,9.81,-7.61441,-12.3429,-9.11441,-5.18403,4.63759,4.44963,5.63759,4.51808,-0.373062,-0.373062,0.593977,0.584007,-0.0341762,0.99635,28.5
7.63437e+08,0.00772655,-0.0184472,9.81,-7.73577,-11.5024,-9.23577,-4.831,4.73923,3.79088,5.73923,3.84921,-0.487139,-0.487139,0.592452,0.583169,-0.0349802,0.996253,28.5
7.63462e+08,0.00473427,-0.0194316,9.81,-7.85206,-10.6231,-9.35206,-4.46171,4.82699,3.09927,5.82699,3.14695,-0.604678,-0.604678,0.588854,0.582283,-0.035802,0.996152,28.5
7.63485e+08,0.00187028,-0.0199124,9.81,-7.95102,-9.80326,-9.45102,-4.11737,4.89219,2.45335,5.89219,2.49109,-0.712724,-0.712724,0.584221,0.581449,-0.0365515,0.99606,28.5
7.63507e+08,-0.000853886,-0.0199818,9.81,-8.03661,-9.02647,-9.53661,-3.79112,4.9395,1.8415,5.9395,1.86983,-0.813792,-0.813792,0.579372,0.58065,-0.0372478,0.995973,28.5
7.6353e+08,-0.00380132,-0.0196354,9.81,-8.12177,-8.17278,-9.62177,-3.43257,4.97564,1.17036,5.97564,1.18836,-0.923487,-0.923487,0.574336,0.579763,-0.0379983,0.995878,28.5
7.63554e+08,-0.00670269,-0.0188434,9.81,-8.19941,-7.30025,-9.69941,-3.06611,4.99579,0.486967,5.99579,0.494459,-1.03419,-1.03419,0.570298,0.578846,-0.0387503,0.995782,28.5
7.63576e+08,-0.00913575,-0.0177915,9.81,-8.26054,-6.5259,-9.76054,-2.74088,4.99976,-0.116395,5.99976,-0.118185,-1.1313,-1.1313,0.568132,0.578023,-0.0394057,0.995698,28.5
7.63597e+08,-0.0114697,-0.0163844,9.81,-8.31623,-5.72495,-9.81623,-2.40448,4.99036,-0.736485,5.99036,-0.747816,-1.23068,-1.23068,0.567503,0.577163,-0.0400724,0.995611,28.5
7.63618e+08,-0.0135179,-0.0147399,9.81,-8.36299,-4.94896,-9.86299,-2.07856,4.9684,-1.33255,5.9684,-1.35305,-1.32598,-1.32598,0.568395,0.576321,-0.0407078,0.995528,28.5
7.63643e+08,-0.0156752,-0.0124212,9.81,-8.41033,-4.00855,-9.91033,-1.68359,4.92511,-2.04759,5.92511,-2.07909,-1.44022,-1.44022,0.571032,0.575287,-0.0414649,0.995427,28.5
7.63667e+08,-0.0173306,-0.00998245,9.81,-8.44543,-3.12981,-9.94543,-1.31452,4.86844,-2.70736,5.86844,-2.74901,-1.54581,-1.54581,0.574338,0.574308,-0.04216,0.995333,28.5
7.6369e+08,-0.0185779,-0.00740689,9.81,-8.47123,-2.2741,-9.97123,-0.955121,4.79847,-3.34099,5.79847,-3.39239,-1.64759,-1.64759,0.577535,0.573342,-0.042826,0.995242,28.5
7.63711e+08,-0.0193965,-0.00487611,9.81,-8.48787,-1.47713,-9.98787,-0.620394,4.72038,-3.92239,5.72038,-3.98273,-1.7415,-1.7415,0.579823,0.572431,-0.0434372,0.995157,28.5
7.63736e+08,-0.0199223,-0.00176093,9.81,-8.49845,-0.528935,-9.99845,-0.222153,4.61148,-4.60198,5.61148,-4.67278,-1.85216,-1.85216,0.580984,0.571331,-0.0441533,0.995056,28.5
7.6376e+08,-0.0199606,0.00125428,9.81,-8.49921,0.376522,-9.99921,0.158139,4.49151,-5.23747,5.49151,-5.31804,-1.95682,-1.95682,0.580089,0.570266,-0.0448264,0.99496,28.5
7.63785e+08,-0.0195161,0.00437267,9.81,-8.49028,1.32205,-9.99028,0.555263,4.34983,-5.88571,5.34983,-5.97626,-2.06507,-2.06507,0.577027,0.569135,-0.0455187,0.99486,28.5
7.6381e+08,-0.0185861,0.00738632,9.81,-8.4714,2.26747,-9.9714,0.952339,4.19166,-6.51683,5.19166,-6.61709,-2.17231,-2.17231,0.572209,0.567986,-0.0462006,0.994759,28.5
7.63836e+08,-0.0171767,0.010245,9.81,-8.44221,3.2206,-9.94221,1.35265,4.01572,-7.13442,5.01572,-7.24418,-2.27944,-2.27944,0.566381,0.566807,-0.046878,0.994658,28.5
7.63859e+08,-0.0154728,0.0126725,9.81,-8.40596,4.10448,-9.90596,1.72388,3.83796,-7.6891,4.83796,-7.8074,-2.37795,-2.37795,0.561008,0.565696,-0.0474975,0.994563,28.5
7.6388e+08,-0.0137247,0.0145476,9.81,-8.36761,4.86539,-9.86761,2.04346,3.67383,-8.15177,4.67383,-8.27719,-2.46212,-2.46212,0.557063,0.564723,-0.0480244,0.994482,28.5
7.63905e+08,-0.0112643,0.0165262,9.81,-8.31143,5.79842,-9.81143,2.43534,3.45869,-8.69913,4.45869,-8.83296,-2.56458,-2.56458,0.55376,0.563511,-0.0486628,0.994381,28.5
7.63927e+08,-0.00890042,0.0179104,9.81,-8.25477,6.60308,-9.75477,2.77329,3.26101,-9.15241,4.26101,-9.29322,-2.65228,-2.65228,0.552621,0.562446,-0.0492066,0.994294,28.5
7.63952e+08,-0.00597345,0.0190871,9.81,-8.18041,7.52378,-9.68041,3.15999,3.02118,-9.64838,4.02118,-9.79682,-2.75192,-2.75192,0.55331,0.561205,-0.0498217,0.994193,28.5
7.63974e+08,-0.00321591,0.0197398,9.81,-8.1054,8.34428,-9.6054,3.5046,2.79531,-10.0687,3.79531,-10.2236,-2.84008,-2.84008,0.55542,0.560077,-0.0503634,0.994103,28.5
7.63999e+08,-7.17554e-05,0.0199999,9.81,-8.01278,9.25003,-9.51278,3.88501,2.5328,-10.5076,3.5328,-10.6693,-2.93675,-2.93675,0.5587,0.558808,-0.0509548,0.994002,28.5
7.64021e+08,0.00260487,0.0198296,9.81,-7.92661,10.0126,-9.42661,4.20529,2.3012,-10.8554,3.3012,-11.0224,-3.01761,-3.01761,0.561536,0.557717,-0.0514474,0.993917,28.5
7.64046e+08,0.00568643,0.0191746,9.81,-7.81668,10.8993,-9.31668,4.57771,2.0198,-11.2334,3.0198,-11.4063,-3.11105,-3.11105,0.564032,0.556422,-0.0520143,0.993816,28.5
7.64067e+08,0.00818937,0.0182465,9.81,-7.71631,11.642,-9.21631,4.88965,1.77421,-11.5269,2.77421,-11.7043,-3.18885,-3.18885,0.564852,0.555314,-0.0524845,0.993731,28.5
7.64088e+08,0.0104502,0.0170527,9.81,-7.61402,12.3455,-9.11402,5.18511,1.53331,-11.7844,2.53331,-11.9657,-3.26215,-3.26215,0.564213,0.554244,-0.0529259,0.99365,28.5
7.64109e+08,0.0126417,0.015498,9.81,-7.50009,13.0762,-9.00009,5.49199,1.27466,-12.0296,2.27466,-12.2146,-3.3379,-3.3379,0.561971,0.55311,-0.0533806,0.993564,28.5
7.6413e+08,0.0145709,0.0136999,9.81,-7.38193,13.7841,-8.88193,5.78933,1.0159,-12.2443,2.0159,-12.4327,-3.41093,-3.41093,0.558375,0.551987,-0.0538175,0.99348,28.5
7.64154e+08,0.016445,0.0113825,9.81,-7.24093,14.5727,-8.74093,6.12055,0.718268,-12.4555,1.71827,-12.6471,-3.49186,-3.49186,0.553138,0.550707,-0.0543,0.993385,28.5
7.64174e+08,0.0177896,0.00913943,9.81,-7.11083,15.2539,-8.61083,6.40666,0.453274,-12.6129,1.45327,-12.8069,-3.56143,-3.56143,0.54811,0.549575,-0.0547133,0.993302,28.5
7.642e+08,0.0190064,0.00622537,9.81,-6.94582,16.0628,-8.44582,6.74638,0.129172,-12.7677,1.12917,-12.9641,-3.64363,-3.64363,0.542376,0.548196,-0.0552001,0.993201,28.5
7.64225e+08,0.0197482,0.00316344,9.81,-6.77278,16.8538,-8.27278,7.07858,-0.197611,-12.8832,0.80239,-13.0814,-3.72359,-3.72359,0.537923,0.546809,-0.055672,0.993101,28.5
7.64245e+08,0.0199899,0.000634368,9.81,-6.6273,17.4792,-8.1273,7.34127,-0.462861,-12.9478,0.537139,-13.147,-3.78653,-3.78653,0.535727,0.545681,-0.0560424,0.99302,28.5
7.6427e+08,0.0198473,-0.00246689,9.81,-6.44234,18.2284,-7.94234,7.65591,-0.788489,-12.9919,0.211511,-13.1918,-3.8616,-3.8616,0.534974,0.544294,-0.0564828,0.992921,28.5
7.64295e+08,0.0192135,-0.00555336,9.81,-6.24677,18.9707,-7.74677,7.96769,-1.11962,-12.9974,-0.119621,-13.1974,-3.93565,-3.93565,0.53623,0.542874,-0.0569158,0.992821,28.5
7.6432e+08,0.0181006,-0.00850704,9.81,-6.04313,19.6954,-7.54313,8.27208,-1.45097,-12.9632,-0.450972,-13.1627,-4.00762,-4.00762,0.538941,0.541442,-0.0573354,0.99272,28.5
7.64345e+08,0.0165402,-0.0112438,9.81,-5.83238,20.3992,-7.33238,8.56765,-1.7803,-12.8896,-0.780305,-13.0879,-4.07721,-4.07721,0.542187,0.540002,-0.05774,0.99262,28.5
7.6437e+08,0.0145747,-0.0136959,9.81,-5.61488,21.0809,-7.11488,8.854,-2.10647,-12.777,-1.10647,-12.9736,-4.14435,-4.14435,0.544937,0.538555,-0.0581292,0.99252,28.5
7.64392e+08,0.0125187,-0.0155975,9.81,-5.41515,21.6709,-6.91515,9.10176,-2.39428,-12.6441,-1.39428,-12.8387,-4.20224,-4.20224,0.546227,0.537258,-0.0584639,0.992431,28.5
7.64416e+08,0.0101193,-0.0172511,9.81,-5.20156,22.2666,-6.70156,9.35198,-2.69019,-12.4735,-1.69019,-12.6654,-4.26049,-4.26049,0.545899,0.535901,-0.0588,0.992338,28.5
7.64437e+08,0.00770427,-0.0184566,9.81,-4.99865,22.8015,-6.49865,9.57663,-2.96034,-12.2866,-1.96034,-12.4756,-4.31263,-4.31263,0.543907,0.534637,-0.0591001,0.992252,28.5
7.64461e+08,0.00489941,-0.0193906,9.81,-4.77094,23.3683,-6.27094,9.81469,-3.25123,-12.0502,-2.25123,-12.2356,-4.36771,-4.36771,0.540007,0.533246,-0.0594164,0.992158,28.5
7.64486e+08,0.00179333,-0.0199194,9.81,-4.52218,23.95,-6.02218,10.059,-3.55462,-11.7628,-2.55462,-11.9438,-4.42406,-4.42406,0.534416,0.531754,-0.0597393,0.992057,28.5
7.64508e+08,-0.000955558,-0.0199772,9.81,-4.30025,24.438,-5.80025,10.2639,-3.81299,-11.4827,-2.81299,-11.6594,-4.47119,-4.47119,0.529018,0.530447,-0.0600089,0.99197,28.5
7.64533e+08,-0.00408453,-0.0195785,9.81,-4.04019,24.9751,-5.54019,10.4896,-4.10139,-11.1286,-3.10139,-11.2998,-4.52293,-4.52293,0.523153,0.528939,-0.0603043,0.991869,28.5
7.64555e+08,-0.00674789,-0.0188273,9.81,-3.80753,25.4258,-5.30753,10.6788,-4.34659,-10.79,-3.34659,-10.956,-4.56623,-4.56623,0.519025,0.527611,-0.0605509,0.991781,28.5
7.64576e+08,-0.00924581,-0.0177346,9.81,-3.57433,25.8507,-5.07433,10.8573,-4.58048,-10.4316,-3.58048,-10.5921,-4.60695,-4.60695,0.51638,0.526297,-0.0607826,0.991694,28.5
7.64602e+08,-0.0119186,-0.0160608,9.81,-3.29982,26.3183,-4.79982,11.0537,-4.84087,-9.98731,-3.84087,-10.141,-4.65167,-4.65167,0.515359,0.524771,-0.0610365,0.991594,28.5
7.64626e+08,-0.0142132,-0.0140707,9.81,-3.03093,26.7439,-4.53093,11.2324,-5.08057,-9.53062,-4.08057,-9.67724,-4.69226,-4.69226,0.516332,0.523296,-0.0612667,0.991497,28.5
7.6465e+08,-0.0161597,-0.0117841,9.81,-2.76097,27.1403,-4.26097,11.3989,-5.30619,-9.05259,-4.30619,-9.19186,-4.73,-4.73,0.518691,0.521831,-0.0614803,0.991401,28.5
7.64675e+08,-0.017816,-0.00908788,9.81,-2.47231,27.5316,-3.97231,11.5633,-5.53107,-8.52176,-4.53107,-8.65286,-4.76717,-4.76717,0.521834,0.520283,-0.0616905,0.9913,28.5
7.647e+08,-0.0190169,-0.00619347,9.81,-2.18253,27.8918,-3.68253,11.7145,-5.74004,-7.97027,-4.74004,-8.09289,-4.80132,-4.80132,0.524606,0.518745,-0.0618833,0.9912,28.5
7.64725e+08,-0.0197534,-0.00313107,9.81,-1.88761,28.2262,-3.38761,11.855,-5.9357,-7.39176,-4.9357,-7.50547,-4.83298,-4.83298,0.526103,0.517194,-0.0620618,0.9911,28.5
7.6475e+08,-0.02,1.05461e-05,9.81,-1.58917,28.5327,-3.08917,11.9837,-6.11642,-6.79044,-5.11642,-6.8949,-4.86194,-4.86194,0.525638,0.515638,-0.0622249,0.991,28.5
7.64775e+08,-0.0197504,0.00315015,9.81,-1.28782,28.8106,-2.78782,12.1005,-6.28146,-6.16878,-5.28146,-6.26369,-4.88817,-4.88817,0.522975,0.514079,-0.0623725,0.990899,28.5
7.648e+08,-0.0190107,0.00621224,9.81,-0.983649,29.06,-2.48365,12.2052,-6.43046,-5.52822,-5.43046,-5.61327,-4.91167,-4.91167,0.518354,0.512517,-0.0625046,0.990799,28.5
7.64822e+08,-0.0179691,0.00878126,9.81,-0.713983,29.2555,-2.21398,12.2873,-6.54789,-4.95068,-5.54789,-5.02684,-4.93008,-4.93008,0.513196,0.511139,-0.0626079,0.990711,28.5
7.64847e+08,-0.0163646,0.0114978,9.81,-0.404936,29.4507,-1.90494,12.3693,-6.66565,-4.27908,-5.66565,-4.34491,-4.94843,-4.94843,0.506934,0.509569,-0.0627109,0.99061,28.5
7.64868e+08,-0.0147824,0.0134715,9.81,-0.155862,29.5859,-1.65586,12.4261,-6.74754,-3.73129,-5.74754,-3.78869,-4.96113,-4.96113,0.502286,0.508308,-0.0627822,0.99053,28.5
7.64891e+08,-0.0126521,0.0154895,9.81,0.134459,29.719,-1.36554,12.482,-6.82843,-3.08658,-5.82843,-3.13407,-4.97364,-4.97364,0.497992,0.506844,-0.0628523,0.990436,28.5
7.64916e+08,-0.0100615,0.0172849,9.81,0.447646,29.8334,-1.05235,12.53,-6.89816,-2.38496,-5.89816,-2.42165,-4.98438,-4.98438,0.49527,0.505269,-0.0629125,0.990336,28.5
7.64941e+08,-0.00722233,0.0186504,9.81,0.761743,29.9181,-0.738257,12.5656,-6.9499,-1.67638,-5.9499,-1.70217,-4.99232,-4.99232,0.494744,0.503694,-0.062957,0.990235,28.5
7.64962e+08,-0.0046931,0.0194416,9.81,1.02645,29.9663,-0.47355,12.5859,-6.97939,-1.0765,-5.97939,-1.09306,-4.99684,-4.99684,0.495846,0.502368,-0.0629823,0.990151,28.5
7.64986e+08,-0.00175227,0.0199231,9.81,1.32456,29.9954,-0.175443,12.5981,-6.99717,-0.399091,-5.99717,-0.405231,-4.99957,-4.99957,0.498276,0.500877,-0.0629976,0.990056,28.5
7.65007e+08,0.00091327,0.0199791,9.81,1.59136,29.9987,0.0913575,12.5995,-6.99923,0.207832,-5.99923,0.21103,-4.99988,-4.99988,0.500909,0.499543,-0.0629993,0.989971,28.5
7.65032e+08,0.00404099,0.0195875,9.81,1.90679,29.9752,0.406788,12.5896,-6.9848,0.924916,-5.9848,0.939146,-4.99767,-4.99767,0.503697,0.497966,-0.062987,0.98987,28.5
7.65053e+08,0.00648762,0.0189185,9.81,2.16023,29.9345,0.660234,12.5725,-6.95994,1.49978,-5.95994,1.52285,-4.99386,-4.99386,0.505063,0.496697,-0.0629656,0.98979,28.5
7.65078e+08,0.00937859,0.0176647,9.81,2.47461,29.8572,0.974608,12.54,-6.91267,2.20997,-5.91267,2.24397,-4.98661,-4.98661,0.505064,0.495121,-0.062925,0.989689,28.5
7.65101e+08,0.0118561,0.0161069,9.81,2.76567,29.7587,1.26567,12.4987,-6.85264,2.86347,-5.85264,2.90752,-4.97737,-4.97737,0.50311,0.493659,-0.0628732,0.989596,28.5
7.65123e+08,0.0139989,0.0142839,9.81,3.04443,29.6401,1.54443,12.4488,-6.78044,3.48457,-5.78044,3.53818,-4.96623,-4.96623,0.499536,0.492255,-0.0628107,0.989506,28.5
7.65148e+08,0.0160186,0.0119751,9.81,3.34703,29.4838,1.84703,12.3832,-6.68572,4.15221,-5.68572,4.21609,-4.95155,-4.95155,0.494201,0.490725,-0.0627284,0.989409,28.5
7.65173e+08,0.0176798,0.00935005,9.81,3.65171,29.2973,2.15171,12.3049,-6.57306,4.81613,-5.57306,4.89022,-4.93401,-4.93401,0.488066,0.489178,-0.06263,0.98931,28.5
7.65197e+08,0.0188952,0.00655522,9.81,3.94857,29.0868,2.44857,12.2164,-6.44651,5.45359,-5.44651,5.53749,-4.91419,-4.91419,0.482275,0.487663,-0.0625187,0.989213,28.5
7.65222e+08,0.019683,0.00354698,9.81,4.24915,28.8441,2.74915,12.1145,-6.30139,6.08802,-5.30139,6.18168,-4.89132,-4.89132,0.477517,0.48612,-0.0623902,0.989114,28.5
7.65245e+08,0.0199909,0.000602236,9.81,4.53283,28.587,3.03283,12.0065,-6.1486,6.67527,-5.1486,6.77797,-4.86707,-4.86707,0.474695,0.484654,-0.0622538,0.989019,28.5
7.6527e+08,0.0198373,-0.00254592,9.81,4.83193,28.2858,3.33193,11.88,-5.97073,7.28073,-4.97073,7.39274,-4.83861,-4.83861,0.473821,0.483097,-0.0620935,0.988919,28.5
7.65295e+08,0.0191921,-0.00562708,9.81,5.12734,27.9568,3.62734,11.7418,-5.77795,7.86329,-4.77795,7.98426,-4.80748,-4.80748,0.474989,0.481546,-0.061918,0.988818,28.5
7.6532e+08,0.0180908,-0.00852786,9.81,5.41498,27.6054,3.91498,11.5943,-5.57373,8.41408,-4.57373,8.54353,-4.77417,-4.77417,0.477555,0.480022,-0.06173,0.98872,28.5
7.6534e+08,0.0168641,-0.0107518,9.81,5.64756,27.298,4.14756,11.4651,-5.39654,8.84637,-4.39654,8.98247,-4.74499,-4.74499,0.480094,0.478779,-0.0615651,0.988639,28.5
7.65365e+08,0.0149684,-0.0132646,9.81,5.93217,26.8924,4.43217,11.2948,-5.16484,9.35792,-4.16484,9.50189,-4.70641,-4.70641,0.482926,0.477242,-0.0613468,0.988538,28.5
7.6539e+08,0.0127484,-0.0154103,9.81,6.20705,26.4687,4.70705,11.1169,-4.92527,9.83206,-3.92527,9.98332,-4.66602,-4.66602,0.484503,0.47574,-0.061118,0.98844,28.5
7.65415e+08,0.0101874,-0.0172109,9.81,6.48119,26.0133,4.98119,10.9256,-4.67063,10.2835,-3.67063,10.4417,-4.62251,-4.62251,0.484218,0.474223,-0.060871,0.98834,28.5
7.6544e+08,0.00736402,-0.0185949,9.81,6.75161,25.5301,5.25161,10.7226,-4.40376,10.7057,-3.40376,10.8704,-4.57623,-4.57623,0.481755,0.472706,-0.0606079,0.98824,28.5
7.65461e+08,0.00487748,-0.0193961,9.81,6.97226,25.1095,5.47226,10.546,-4.17422,11.0318,-3.17422,11.2015,-4.53586,-4.53586,0.478186,0.47145,-0.0603779,0.988157,28.5
7.65485e+08,0.00193771,-0.0199059,9.81,7.21975,24.6081,5.71975,10.3354,-3.90391,11.376,-2.90391,11.551,-4.4876,-4.4876,0.472893,0.470023,-0.0601026,0.988062,28.5
7.65508e+08,-0.000946909,-0.0199776,9.81,7.45422,24.1024,5.95422,10.123,-3.63495,11.6793,-2.63495,11.859,-4.43879,-4.43879,0.467232,0.468648,-0.0598237,0.98797,28.5
7.65545e+08,-0.00562277,-0.0191933,9.81,7.82917,23.2266,6.32917,9.75517,-3.17806,12.1132,-2.17806,12.2996,-4.35396,-4.35396,0.458856,0.466401,-0.0593375,0.987819,28.5
7.65566e+08,-0.00809088,-0.0182904,9.81,8.03057,22.7193,6.53057,9.54209,-2.91853,12.3175,-1.91853,12.507,-4.30463,-4.30463,0.455677,0.465165,-0.059054,0.987735,28.5
7.6559e+08,-0.0107488,-0.0168661,9.81,8.25614,22.1177,6.75614,9.28942,-2.61571,12.5198,-1.61571,12.7124,-4.24595,-4.24595,0.453841,0.463755,-0.0587161,0.987639,28.5
7.65615e+08,-0.0132603,-0.0149721,9.81,8.48491,21.4686,6.98491,9.0168,-2.295,12.6936,-1.295,12.8889,-4.18241,-4.18241,0.45406,0.462292,-0.0583493,0.987539,28.5
7.65639e+08,-0.015368,-0.0127994,9.81,8.69849,20.8239,7.19849,8.74604,-1.98268,12.8245,-0.982684,13.0218,-4.11907,-4.11907,0.455989,0.460893,-0.0579828,0.987442,28.5
7.65665e+08,-0.0171859,-0.0102297,9.81,8.91361,20.1332,7.41361,8.45595,-1.65497,12.9223,-0.654967,13.1211,-4.05095,-4.05095,0.459049,0.459448,-0.0575874,0.987342,28.5
7.65685e+08,-0.0183739,-0.00789933,9.81,9.08671,19.5442,7.58672,8.20856,-1.38117,12.9737,-0.38117,13.1733,-3.99263,-3.99263,0.461709,0.458255,-0.0572481,0.987258,28.5
7.65709e+08,-0.0193453,-0.00507549,9.81,9.27802,18.8553,7.77802,7.91921,-1.06758,12.9992,-0.0675793,13.1992,-3.92416,-3.92416,0.464083,0.456902,-0.0568487,0.987163,28.5
7.65729e+08,-0.0198312,-0.00259317,9.81,9.4346,18.2587,7.9346,7.66864,-0.801848,12.9929,0.198152,13.1928,-3.86464,-3.86464,0.465012,0.455763,-0.0565005,0.987083,28.5
7.65752e+08,-0.019999,0.0001954,9.81,9.60164,17.5861,8.10164,7.38616,-0.508794,12.9564,0.491206,13.1557,-3.79727,-3.79727,0.46451,0.454514,-0.0561054,0.986994,28.5
7.65773e+08,-0.0197852,0.00292323,9.81,9.7591,16.914,8.2591,7.1039,-0.222908,12.8905,0.777092,13.0888,-3.72967,-3.72967,0.462346,0.453299,-0.0557078,0.986907,28.5
7.65794e+08,-0.0192505,0.00542397,9.81,9.90066,16.2745,8.40066,6.8353,0.0426583,12.8022,1.04266,12.9992,-3.66507,-3.66507,0.458965,0.452171,-0.0553268,0.986825,28.5
7.65817e+08,-0.0182346,0.00821574,9.81,10.0582,15.518,8.55824,6.51757,0.348584,12.6674,1.34858,12.8623,-3.58831,-3.58831,0.453834,0.450871,-0.0548727,0.986731,28.5
7.65839e+08,-0.0169713,0.0105819,9.81,10.194,14.8233,8.69399,6.2258,0.621634,12.5162,1.62163,12.7087,-3.51749,-3.51749,0.44869,0.449706,-0.0544524,0.986645,28.5
5.23415e+08,0.620179,1.05779,9.77508,6.16379,0.0695372,6.10409,0.0718823,3.60925,-0.258692,3.62508,-0.259578,0.0678852,0.0659876,0.037,0.0366402,-0.0131312,4.17091,37.5888
5.23435e+08,0.651226,1.03852,9.77977,6.04826,-0.037333,6.07322,-0.0361855,3.78841,0.0161176,3.8105,0.017551,0.0984194,0.0977572,0.038,0.0372179,-0.0113305,4.171,37.6035
5.23456e+08,0.656014,0.995167,9.8438,5.76006,-0.0678674,5.79311,-0.0704774,3.79341,-0.0296841,3.82205,-0.028526,0.144221,0.140263,0.038,0.0376022,-0.00960305,4.17016,37.58
5.23477e+08,0.679884,1.02407,9.78209,5.96213,0.252743,5.8554,0.252721,3.95429,-0.304493,3.86985,-0.304204,0.113687,0.112894,0.038,0.0376519,-0.00920001,4.1702,37.5682
5.23498e+08,0.62257,1.04574,9.75369,6.10727,0.0848043,6.1133,0.0868494,3.63143,-0.0449512,3.72986,-0.0470638,0.174755,0.168646,0.038,0.0376405,-0.00928113,4.17033,37.6241
5.23519e+08,0.639294,1.01203,9.78686,5.89131,-0.266341,5.92951,-0.265448,3.71758,0.0771863,3.76559,0.0777676,0.0984194,0.0985336,0.038,0.0376401,-0.00911472,4.17036,37.5741
5.23539e+08,0.646459,1.00721,9.75123,5.88437,0.145873,5.73213,0.144648,3.77287,-0.151821,3.74293,-0.150031,0.0526179,0.053588,0.038,0.0376646,-0.00931544,4.17057,37.6212
5.23579e+08,0.651234,1.01203,9.71799,5.93211,0.0237356,5.90908,0.0248995,3.81328,-0.136554,3.73884,-0.136266,0.0526179,0.0524874,0.039,0.0386427,-0.00668271,4.17086,37.5976
5.23599e+08,0.682274,1.01925,9.76546,5.94418,-0.037333,6.0258,-0.0355819,3.97501,-0.0144167,3.90231,-0.0149922,0.0984194,0.0998031,0.039,0.0386481,-0.00677189,4.17095,37.5976
5.2362e+08,0.615416,1.01203,9.74889,5.91492,0.0390028,5.88936,0.0419171,3.59285,-0.0907526,3.72516,-0.0910189,0.0678852,0.0679812,0.038,0.0379134,-0.00946663,4.17104,37.5947
5.23641e+08,0.629748,0.995167,9.78684,5.79422,0.0848043,5.84665,0.0853797,3.66287,-0.167089,3.78411,-0.166807,0.0373508,0.0407328,0.038,0.0376737,-0.0102691,4.17104,37.5712
5.23662e+08,0.665556,1.02889,9.76312,6.00207,0.00846851,6.06074,0.130583,3.87843,-0.0907526,3.75827,-0.197606,0.00681639,0.0391925,0.038,0.0376387,-0.010608,4.17096,37.5976
5.23683e+08,0.624967,1.01443,9.80112,5.89729,-0.00679874,5.89697,-0.0056123,3.62918,-0.10602,3.69044,-0.105998,0.0373508,0.0399935,0.039,0.0384819,-0.00808036,4.17096,37.5976
5.23704e+08,0.646454,1.02648,9.80112,5.96595,0.0848043,5.94259,0.0841888,3.75313,-0.0602183,3.74476,-0.0610936,0.0984194,0.0969681,0.039,0.0386366,-0.00778905,4.17164,37.5888
5.23724e+08,0.634529,0.973491,9.76543,5.68096,0.145873,5.75276,0.14442,3.6994,-0.136554,3.67996,-0.135968,0.0831523,0.0817918,0.039,0.0386624,-0.00771677,4.1717,37.5918
5.23745e+08,0.667946,1.02166,9.78685,5.94585,0.115339,5.93703,0.114175,3.88331,-0.151821,3.87375,-0.151533,0.0678852,0.0704449,0.039,0.0386514,-0.00780781,4.17082,37.5859
5.23767e+08,0.624976,0.980717,9.8438,5.67812,0.0848043,5.79658,0.0836576,3.61495,-0.0602183,3.6593,-0.0610884,-0.0389851,-0.0320984,0.039,0.038658,-0.00782641,4.16982,37.6124
7.65859e+08,-0.0154912,0.01265,9.81,10.3169,14.1548,8.81691,5.94503,0.877215,12.3474,1.87721,12.5373,-3.44903,-3.44903,0.443962,0.448611,-0.0540448,0.986564,28.5
5.23788e+08,0.634517,1.01925,9.77975,5.93752,-0.00679874,5.86605,-0.00652139,3.69224,-0.10602,3.68206,-0.105421,0.0526179,0.0559779,0.039,0.0386651,-0.00729378,4.17005,37.5741
7.6588e+08,-0.0136528,0.0146151,9.81,10.4408,13.4375,8.94076,5.64374,1.1436,12.142,2.1436,12.3288,-3.37522,-3.37522,0.439705,0.44746,-0.053604,0.986478,28.5
5.23808e+08,0.620196,0.997576,9.78923,5.8071,0.100072,5.91119,0.100641,3.6065,-0.121287,3.68772,-0.12245,0.0678852,0.0666252,0.037,0.0368489,-0.0131938,4.17027,37.5829
7.65902e+08,-0.0115891,0.0163001,9.81,10.557,12.7176,9.05699,5.34141,1.40265,11.9122,2.40265,12.0955,-3.30078,-3.30078,0.43673,0.446331,-0.053158,0.986393,28.5
7.65926e+08,-0.00899742,0.0178619,9.81,10.6812,11.889,9.18121,4.99338,1.69054,11.6197,2.69054,11.7984,-3.21463,-3.21463,0.435205,0.445059,-0.0526399,0.986297,28.5
7.65946e+08,-0.0066642,0.0188571,9.81,10.7788,11.1861,9.27883,4.69817,1.92603,11.3493,2.92603,11.524,-3.14114,-3.14114,0.435487,0.444003,-0.0521964,0.986216,28.5
7.65967e+08,-0.00413707,0.0195674,9.81,10.8736,10.4511,9.37357,4.38945,2.16367,11.046,3.16367,11.2159,-3.06389,-3.06389,0.437068,0.44292,-0.0517285,0.986133,28.5
7.65991e+08,-0.0011896,0.0199646,9.81,10.9731,9.60946,9.47311,4.03597,2.42484,10.6741,3.42484,10.8383,-2.97492,-2.97492,0.439928,0.441704,-0.0511876,0.986038,28.5
5.23869e+08,0.660785,1.01203,9.8272,5.86656,-0.0526003,5.92389,-0.0514702,3.82662,0.000850439,3.788,-0.000600789,0.0831523,0.0844178,0.039,0.0384288,-0.00853726,4.16952,37.6035
7.66012e+08,0.00155915,0.0199391,9.81,11.0576,8.82409,9.55763,3.70612,2.65796,10.3046,3.65796,10.4632,-2.89138,-2.89138,0.442912,0.440592,-0.0506775,0.98595,28.5
5.2389e+08,0.632127,1.02648,9.76789,5.98658,0.191675,5.94267,0.192222,3.6825,-0.258692,3.74768,-0.256647,0.128954,0.126021,0.039,0.0386364,-0.00859444,4.1696,37.5947
5.2391e+08,0.658382,1.06742,9.78218,6.21346,0.100072,6.13633,0.100377,3.82779,-0.243424,3.71988,-0.243994,0.159488,0.157395,0.039,0.0386409,-0.00848427,4.16967,37.6182
5.2393e+08,0.632132,1.00721,9.82959,5.83853,-0.0220659,6.02433,-0.0525383,3.66046,-0.0296841,3.66298,0.0302318,0.0220836,0.0242018,0.036,0.0361163,-0.0160897,4.16873,37.6212
7.66035e+08,0.00438887,0.0195125,9.81,11.1379,7.99936,9.63795,3.35973,2.89165,9.8946,3.89165,10.0468,-2.80309,-2.80309,0.445607,0.439446,-0.0501364,0.985859,28.5
5.23951e+08,0.64169,0.983125,9.79156,5.7214,0.0695372,5.76392,0.0691815,3.73082,-0.0754855,3.78742,-0.0749035,0.00681639,0.0111124,0.036,0.0356486,-0.0176166,4.16884,37.5829
7.66059e+08,0.00726879,0.0186324,9.81,11.2139,7.12431,9.71393,2.99221,3.12702,9.43626,4.12702,9.58143,-2.70878,-2.70878,0.447237,0.438254,-0.0495558,0.985763,28.5
5.23972e+08,0.641687,0.995167,9.79158,5.79099,0.130606,5.83233,0.130019,3.73033,-0.258692,3.79178,-0.258104,0.0831523,0.0818553,0.036,0.0356174,-0.0174602,4.16912,37.6035
5.23993e+08,0.62018,1.05297,9.76795,6.14037,-0.037333,6.11678,-0.0343843,3.61204,-0.0144167,3.64893,-0.0164903,-0.0389851,-0.0333892,0.039,0.0383173,-0.00885441,4.1693,37.6329
7.66097e+08,0.0113978,0.0164344,9.81,11.3146,5.75073,9.81455,2.41531,3.47006,8.6717,4.47006,8.80511,-2.55936,-2.55936,0.44612,0.436427,-0.0486303,0.985614,28.5
7.66118e+08,0.0134628,0.0147903,9.81,11.3618,4.97104,9.86176,2.08784,3.65023,8.21488,4.65023,8.34126,-2.47377,-2.47377,0.443407,0.435413,-0.0480971,0.98553,28.5
7.6614e+08,0.0154348,0.0127187,9.81,11.4051,4.12225,9.90514,1.73134,3.83425,7.70007,4.83425,7.81853,-2.37992,-2.37992,0.439094,0.434327,-0.0475099,0.985439,28.5
7.66161e+08,0.0169764,0.0105737,9.81,11.438,3.33539,9.938,1.40086,3.99342,7.20746,4.99342,7.31835,-2.29228,-2.29228,0.434338,0.433336,-0.0469589,0.985355,28.5
5.24074e+08,0.660774,1.05056,9.81777,6.09407,-0.0678674,5.8789,0.0577656,3.82863,-0.0296841,3.77267,-0.0769712,-0.00845075,0.0260441,0.038,0.0376531,-0.0104314,4.1683,37.5594
5.24094e+08,0.648833,1.05779,9.75131,6.17747,-0.0526003,5.99964,0.0228542,3.7846,-0.0602183,3.77046,-0.0155799,0.0220836,0.0844464,0.038,0.0376385,-0.0104392,4.16861,37.5829
7.66182e+08,0.0182144,0.00826052,9.81,11.4638,2.55156,9.96377,1.07165,4.14094,6.70294,5.14094,6.80606,-2.20434,-2.20434,0.42947,0.432363,-0.0464035,0.985271,28.5
5.24115e+08,0.653632,0.973491,9.78441,5.66934,0.222209,5.77641,0.219825,3.80315,-0.121287,3.76555,-0.121248,0.0373508,0.0346067,0.038,0.0376461,-0.0101995,4.16873,37.5829
7.66205e+08,0.0192205,0.00552926,9.81,11.4843,1.67979,9.98431,0.705513,4.29191,6.1266,5.29191,6.22086,-2.10576,-2.10576,0.424625,0.431297,-0.0457779,0.985178,28.5
7.6623e+08,0.0198435,0.0024973,9.81,11.4969,0.751072,9.99687,0.31545,4.43738,5.4962,5.43738,5.58076,-1.99982,-1.99982,0.420877,0.43018,-0.0451019,0.98508,28.5
7.66255e+08,0.0199893,-0.000654102,9.81,11.4998,-0.196264,9.99979,-0.082431,4.5692,4.83706,5.5692,4.91147,-1.89073,-1.89073,0.419107,0.429058,-0.0444018,0.984979,28.5
7.66277e+08,0.0197058,-0.00341788,9.81,11.4941,-1.03022,9.9941,-0.432692,4.6712,4.24441,5.6712,4.30971,-1.7938,-1.7938,0.419384,0.428085,-0.0437761,0.984891,28.5
7.66302e+08,0.0189261,-0.00646551,9.81,11.4783,-1.97371,9.97833,-0.828956,4.77049,3.56117,5.77049,3.61595,-1.68308,-1.68308,0.421493,0.427,-0.0430574,0.98479,28.5
5.24175e+08,0.644076,0.99035,9.81294,5.75066,0.100072,5.8272,0.0986085,3.73632,-0.121287,3.71473,-0.120394,0.0526179,0.0551794,0.038,0.0376478,-0.0099156,4.16829,37.5976
5.24196e+08,0.6202,0.983125,9.77971,5.72906,0.05427,5.75716,0.0554388,3.61052,-0.0754855,3.65706,-0.0772811,0.159488,0.154746,0.038,0.0376552,-0.0099664,4.16842,37.5859
5.24216e+08,0.634518,1.01443,9.77499,5.91251,0.0848043,5.87115,0.084799,3.69421,-0.10602,3.73943,-0.106596,0.0984194,0.0982917,0.039,0.0380179,-0.0086723,4.16856,37.5976
5.24236e+08,0.655994,1.06742,9.74894,6.23448,0.0695372,6.12846,0.0689618,3.82676,-0.10602,3.83587,-0.106285,0.0373508,0.0379598,0.039,0.0385797,-0.00728096,4.16876,37.5918
7.66326e+08,0.0177533,-0.00920987,9.81,11.4542,-2.86692,9.95423,-1.20411,4.84849,2.903,5.84849,2.94766,-1.57718,-1.57718,0.42464,0.425988,-0.0423657,0.984695,28.5
5.24257e+08,0.656009,1.01203,9.76785,5.90199,0.100072,5.96004,0.100925,3.82182,-0.0754855,3.80422,-0.0754808,0.0526179,0.0533726,0.039,0.0386409,-0.00782429,4.16888,37.5888
7.66351e+08,0.0160908,-0.011878,9.81,11.4192,-3.8051,9.91924,-1.59814,4.91337,2.2011,5.91337,2.23497,-1.46477,-1.46477,0.428244,0.424939,-0.0416268,0.984595,28.5
7.66376e+08,0.0140263,-0.014257,9.81,11.3743,-4.74136,9.87432,-1.99137,4.9604,1.49113,5.9604,1.51407,-1.35131,-1.35131,0.431148,0.423906,-0.0408761,0.984495,28.5
7.66401e+08,0.011619,-0.0162788,9.81,11.3197,-5.67108,9.8197,-2.38185,4.98924,0.77802,5.98924,0.789989,-1.23733,-1.23733,0.432481,0.422895,-0.0401168,0.984395,28.5
7.66421e+08,0.00947137,-0.0176151,9.81,11.2687,-6.41483,9.76871,-2.69423,4.99927,0.202645,5.99927,0.205763,-1.14515,-1.14515,0.432054,0.422095,-0.0394988,0.984314,28.5
7.66447e+08,0.00657682,-0.0188877,9.81,11.1962,-7.33907,9.69615,-3.08241,4.99525,-0.517303,5.99525,-0.525262,-1.02929,-1.02929,0.429556,0.421113,-0.0387172,0.984213,28.5
5.24278e+08,0.615414,1.01925,9.77264,5.94253,0.100072,5.81642,0.04103,3.58395,-0.121287,3.87078,-0.105194,0.128954,0.0822413,0.038,0.038295,-0.00874387,4.16916,37.5682
5.24298e+08,0.63214,0.978308,9.77494,5.70348,0.05427,5.81988,0.0551345,3.68179,-0.10602,3.80243,-0.107168,0.128954,0.126747,0.038,0.0376828,-0.0109373,4.16925,37.5535
5.24318e+08,0.648842,1.02407,9.78924,5.9591,0.100072,5.94315,0.100958,3.77156,-0.121287,3.81135,-0.121858,0.0831523,0.0792263,0.038,0.0376396,-0.0110906,4.16942,37.6182
5.24338e+08,0.646459,1.00962,9.80109,5.86867,0.0695372,5.95942,0.0703903,3.75383,-0.151821,3.77696,-0.15037,0.128954,0.127651,0.038,0.0376327,-0.0109894,4.16951,37.5653
5.24358e+08,0.627359,0.997576,9.71799,5.84893,0.00846851,5.87622,0.00871214,3.67443,-0.0754855,3.65572,-0.0757791,0.00681639,0.00832676,0.038,0.037644,-0.0110793,4.16958,37.6094
7.66469e+08,0.00391747,-0.0196126,9.81,11.125,-8.1386,9.62499,-3.41821,4.97674,-1.14353,5.97674,-1.16112,-0.92785,-0.92785,0.425848,0.420273,-0.038028,0.984125,28.5
5.24378e+08,0.658398,1.00962,9.79396,5.87243,0.115339,5.94105,0.0707166,3.8257,-0.10602,3.77588,-0.134526,0.0373508,0.0857409,0.038,0.0376452,-0.010805,4.1689,37.5918
7.66492e+08,0.000985304,-0.0199757,9.81,11.0406,-8.98883,9.54056,-3.77531,4.94144,-1.81187,5.94144,-1.83974,-0.818659,-0.818659,0.420862,0.419389,-0.0372812,0.984031,28.5
5.24399e+08,0.667942,1.03611,9.84148,5.99626,0.0695372,6.00252,0.0710051,3.86144,-0.151821,3.83137,-0.153538,-0.00845075,-0.00778225,0.037,0.0370412,-0.0120819,4.16909,37.5976
5.24419e+08,0.6369,1.03611,9.83676,6.00035,0.00846851,5.97108,0.0104847,3.68423,-0.0144167,3.78016,-0.0161962,-0.0237179,-0.0173811,0.037,0.0366714,-0.0126561,4.16919,37.5829
7.66515e+08,-0.00186601,-0.0199128,9.81,10.9512,-9.80204,9.45116,-4.11686,4.89227,-2.45239,5.89227,-2.49012,-0.712883,-0.712883,0.415786,0.418553,-0.0365526,0.983941,28.5
5.24439e+08,0.62736,0.995167,9.79871,5.78736,-0.00679874,5.8345,-0.00706417,3.64465,-0.0754855,3.73349,-0.0746379,0.0526179,0.0519583,0.037,0.0366433,-0.0121886,4.16928,37.6094
7.6654e+08,-0.00497539,-0.0193713,9.81,10.8432,-10.6928,9.34323,-4.49098,4.82072,-3.15415,5.82072,-3.20268,-0.595425,-0.595425,0.410799,0.417646,-0.0357375,0.98384,28.5
5.2446e+08,0.665565,0.997576,9.75832,5.82353,0.16114,5.8227,0.160531,3.88164,-0.243424,3.85361,-0.241091,0.113687,0.111629,0.037,0.0366436,-0.0121455,4.16954,37.5653
7.66561e+08,-0.00753626,-0.0185258,9.81,10.7436,-11.4453,9.24364,-4.80703,4.7455,-3.74606,5.7455,-3.80369,-0.494822,-0.494822,0.407724,0.416888,-0.0350342,0.983754,28.5
5.24481e+08,0.694209,1.0337,9.75123,6.03601,0.16114,5.9605,0.161728,4.04951,-0.228157,3.90671,-0.226982,0.0831523,0.0824225,0.037,0.0366398,-0.0121699,4.16961,37.5888
7.66588e+08,-0.0104806,-0.017034,9.81,10.6126,-12.3553,9.11255,-5.18921,4.63597,-4.45927,5.63597,-4.52788,-0.371374,-0.371374,0.406016,0.415981,-0.0341643,0.983649,28.5
5.24502e+08,0.682275,1.01443,9.77021,5.91345,0.0390028,5.96691,0.0387258,3.97331,-0.0602183,3.89888,-0.0598971,0.00681639,0.00885196,0.037,0.03663,-0.0124846,4.16968,37.5947
7.66608e+08,-0.0125715,-0.015555,9.81,10.504,-13.0518,9.00402,-5.48174,4.53802,-5.00229,5.53802,-5.07925,-0.275468,-0.275468,0.40637,0.415293,-0.0334832,0.983567,28.5
5.24523e+08,0.639292,1.02166,9.81536,5.92992,0.16114,5.95423,0.159948,3.70654,-0.10602,3.72431,-0.106883,0.0373508,0.0420598,0.038,0.0373807,-0.0101822,4.16975,37.5682
5.24544e+08,0.665551,1.04574,9.80588,6.07341,0.16114,6.04302,0.161423,3.86104,-0.21289,3.80489,-0.213743,-0.00845075,-0.00695516,0.038,0.0376121,-0.0098494,4.16982,37.6094
7.66631e+08,-0.0146712,-0.0135925,9.81,10.3752,-13.8232,8.87517,-5.80576,4.41484,-5.5997,5.41484,-5.68585,-0.16771,-0.16771,0.40832,0.414537,-0.0327123,0.983476,28.5
5.24564e+08,0.651224,1.04574,9.82726,6.06094,0.0390028,6.04764,0.0387212,3.77006,-0.151821,3.80356,-0.150099,0.128954,0.124939,0.038,0.0376349,-0.00985551,4.16988,37.5859
7.66655e+08,-0.0165747,-0.0111928,9.81,10.2297,-14.633,8.72975,-6.14585,4.26844,-6.22084,5.26844,-6.31655,-0.0527626,-0.0527626,0.411656,0.413751,-0.0318831,0.983378,28.5
5.24585e+08,0.64168,1.02166,9.79874,5.93977,0.0390028,5.91686,0.0384376,3.72657,-0.0602183,3.78203,-0.0590721,0.0831523,0.0852056,0.039,0.0383868,-0.00772627,4.17011,37.5653
7.66681e+08,-0.0181293,-0.00844557,9.81,10.0713,-15.4531,8.57129,-6.49029,4.1017,-6.84223,5.1017,-6.9475,0.065729,0.065729,0.415562,0.412963,-0.0310206,0.983278,28.5
5.24606e+08,0.677495,1.03129,9.75836,6.01842,0.130606,5.92263,0.130612,3.94958,-0.167089,3.88127,-0.167958,0.144221,0.140773,0.039,0.0386396,-0.0074111,4.17024,37.5771
7.66706e+08,-0.019233,-0.00548565,9.81,9.90414,-16.2584,8.40414,-6.82851,3.91922,-7.44315,4.91922,-7.55766,0.184275,0.184275,0.418918,0.412195,-0.0301498,0.983177,28.5
5.24627e+08,0.615409,1.03852,9.7608,6.0613,0.00846851,6.0864,0.00994272,3.58747,-0.10602,3.66844,-0.1075,0.00681639,0.0101902,0.039,0.0386469,-0.00743519,4.17028,37.5918
7.66728e+08,-0.0198065,-0.00277534,9.81,9.75067,-16.951,8.25067,-7.11944,3.74681,-7.95133,4.74681,-8.07366,0.288127,0.288127,0.42068,0.41154,-0.0293801,0.983089,28.5
5.24647e+08,0.656007,1.02166,9.81535,5.92927,0.0848043,5.96988,0.0851195,3.80318,-0.0144167,3.75623,-0.015586,0.0831523,0.0816681,0.038,0.0379062,-0.00938297,4.17032,37.5771
7.66753e+08,-0.0199961,0.000394675,9.81,9.56691,-17.7292,8.06691,-7.44627,3.53541,-8.5109,4.53541,-8.64184,0.407049,0.407049,0.420792,0.41081,-0.0284906,0.982987,28.5
5.24668e+08,0.658398,1.00721,9.75122,5.8839,0.145873,5.89592,0.142371,3.84234,-0.10602,3.80878,-0.104562,0.0831523,0.0798653,0.038,0.0376732,-0.00990328,4.17035,37.5771
5.24689e+08,0.648844,1.01925,9.77974,5.93697,0.130606,5.94036,0.132328,3.77538,-0.0602183,3.7806,-0.0605289,0.0831523,0.0844891,0.038,0.0376481,-0.0098815,4.17039,37.5859
7.66777e+08,-0.0197094,0.00339698,9.81,9.38485,-18.4516,7.88485,-7.74967,3.32166,-9.01793,4.32166,-9.15667,0.519766,0.519766,0.418855,0.410138,-0.0276392,0.982891,28.5
5.2471e+08,0.658397,1.01203,9.75598,5.90899,0.130606,5.98913,0.129741,3.8403,-0.0907526,3.84023,-0.0919054,0.00681639,0.0102,0.038,0.037638,-0.0103004,4.17042,37.5771
7.66802e+08,-0.0189317,0.00644898,9.81,9.18705,-19.1881,7.68705,-8.059,3.08556,-9.52057,4.08556,-9.66704,0.637198,0.637198,0.414986,0.409457,-0.0267434,0.982791,28.5
5.24731e+08,0.648833,1.05779,9.73706,6.1864,0.115339,6.1147,0.115006,3.79006,-0.0144167,3.81762,-0.0161846,0.0984194,0.0989812,0.038,0.0376321,-0.0104129,4.17045,37.6035
7.66828e+08,-0.0176442,0.00941718,9.81,8.97589,-19.9248,7.47589,-8.36843,2.83007,-10.0068,3.83007,-10.1607,0.757469,0.757469,0.40978,0.408782,-0.0258161,0.982688,28.5
5.24751e+08,0.617814,0.9759,9.81768,5.66555,-0.00679874,5.77325,-0.00536941,3.58319,-0.0449512,3.67889,-0.0449458,0.113687,0.108924,0.038,0.0376488,-0.0100694,4.17048,37.5829
7.66851e+08,-0.0160838,0.0118874,9.81,8.7785,-20.5721,7.2785,-8.64028,2.5888,-10.4182,3.5888,-10.5784,0.865675,0.865675,0.40487,0.408192,-0.0249731,0.982595,28.5
5.24771e+08,0.629742,1.01684,9.77263,5.92805,0.0390028,5.84226,0.0395793,3.66726,-0.197623,3.68486,-0.196426,0.0526179,0.0519584,0.038,0.0376555,-0.00982352,4.17059,37.5976
7.66871e+08,-0.0144527,0.0138246,9.81,8.6024,-21.1188,7.1024,-8.86989,2.37209,-10.7526,3.37209,-10.9181,0.959112,0.959112,0.401113,0.407697,-0.0242382,0.982514,28.5
7.66892e+08,-0.0125869,0.0155425,9.81,8.42148,-21.6527,6.92147,-9.09413,2.14843,-11.0664,3.14843,-11.2367,1.05234,1.05234,0.398307,0.407216,-0.0234984,0.982433,28.5
5.24792e+08,0.658384,1.05779,9.80353,6.14457,0.05427,6.05331,0.0551567,3.81999,-0.0449512,3.78441,-0.0464308,0.00681639,0.00911547,0.038,0.0376423,-0.0098955,4.1707,37.5976
5.24812e+08,0.629741,1.01925,9.76313,5.9477,0.00846851,5.97368,0.00845722,3.67068,-0.121287,3.75628,-0.120401,0.128954,0.125569,0.038,0.0376385,-0.0100844,4.17072,37.6006
7.6692e+08,-0.00963892,0.017524,9.81,8.16045,-22.3774,6.66045,-9.39849,1.82463,-11.4693,2.82463,-11.6458,1.18233,1.18233,0.396587,0.406568,-0.0224552,0.98232,28.5
7.66945e+08,-0.00677274,0.0188183,9.81,7.92236,-22.9952,6.42236,-9.65799,1.52886,-11.7889,2.52886,-11.9703,1.2967,1.2967,0.397413,0.406018,-0.021526,0.98222,28.5
7.66969e+08,-0.00386298,0.0196234,9.81,7.68783,-23.5669,6.18783,-9.89808,1.23771,-12.0621,2.23771,-12.2476,1.4058,1.4058,0.400007,0.405513,-0.0206289,0.982124,28.5
5.24893e+08,0.634525,0.99035,9.80107,5.7579,0.00846851,5.87433,0.00879545,3.68546,-0.151821,3.71589,-0.151816,0.0526179,0.0555202,0.037,0.0366336,-0.0127538,4.16991,37.6065
7.66994e+08,-0.000746653,0.0199861,9.81,7.43811,-24.1381,5.93811,-10.138,0.92852,-12.3102,1.92852,-12.4996,1.51843,1.51843,0.403893,0.40501,-0.0196917,0.982024,28.5
5.24914e+08,0.648845,1.01443,9.79635,5.8992,-0.00679874,5.93475,-0.00564164,3.76926,-0.0296841,3.74298,-0.0305703,0.0373508,0.0387155,0.037,0.036634,-0.0124341,4.16895,37.6006
7.67018e+08,0.00220355,0.0198782,9.81,7.1978,-24.6539,5.6978,-10.3546,0.632277,-12.5097,1.63228,-12.7022,1.62362,1.62362,0.407811,0.404559,-0.0188054,0.98193,28.5
5.24934e+08,0.622582,1.00239,9.718,5.87715,0.115339,5.84545,0.115915,3.64634,-0.182356,3.72974,-0.182366,0.0526179,0.0565097,0.037,0.0366414,-0.0124597,4.16906,37.6065
7.6704e+08,0.00496041,0.0193751,9.81,6.9651,-25.1236,5.4651,-10.5519,0.347038,-12.6681,1.34704,-12.863,1.72273,1.72273,0.41098,0.40415,-0.0179604,0.98184,28.5
7.67061e+08,0.00742915,0.018569,9.81,6.74564,-25.5411,5.24564,-10.7273,0.0798249,-12.7877,1.07982,-12.9845,1.81388,1.81388,0.412881,0.403787,-0.0171742,0.981758,28.5
7.67081e+08,0.00972735,0.0174751,9.81,6.52712,-25.9336,5.02712,-10.8921,-0.184226,-12.8793,0.815774,-13.0774,1.90255,1.90255,0.413437,0.403448,-0.0164009,0.981677,28.5
7.67106e+08,0.0123504,0.0157311,9.81,6.25209,-26.3962,4.75209,-11.0864,-0.513304,-12.9572,0.486696,-13.1565,2.01136,2.01136,0.412156,0.40305,-0.01544,0.981576,28.5
7.67128e+08,0.0144357,0.0138424,9.81,6.00248,-26.7871,4.50248,-11.2506,-0.808468,-12.9934,0.191532,-13.1933,2.10758,2.10758,0.409327,0.402714,-0.0145785,0.981487,28.5
5.24995e+08,0.598694,1.03852,9.79881,6.03869,0.130606,5.99762,0.128578,3.47692,-0.167089,3.59299,-0.16623,0.0678852,0.0700207,0.038,0.0376514,-0.00894433,4.16832,37.6124
5.25015e+08,0.653615,1.0337,9.8676,5.96735,-0.0220659,6.01675,-0.0211786,3.76909,-0.121287,3.72493,-0.121297,0.0678852,0.0658692,0.039,0.038554,-0.00577053,4.16854,37.6035
5.25035e+08,0.634521,1.00239,9.77023,5.84563,-0.00679874,5.95779,-0.00587904,3.69647,-0.0449512,3.73296,-0.0455496,0.0678852,0.0678814,0.039,0.0386473,-0.00632269,4.16867,37.58
7.67151e+08,0.0162306,0.0116862,9.81,5.75003,-27.1558,4.25003,-11.4054,-1.10325,-12.9981,-0.103254,-13.198,2.20259,2.20259,0.405366,0.402399,-0.0137166,0.981397,28.5
5.25056e+08,0.656,1.04574,9.78927,6.08398,0.00846851,5.99788,0.00675168,3.81216,-0.0296841,3.6878,-0.0305478,0.0678852,0.0699426,0.039,0.0386671,-0.00568592,4.16777,37.6212
5.25076e+08,0.641681,1.01684,9.76312,5.93329,-0.0984018,5.79925,-0.096323,3.74018,-0.121287,3.7696,-0.119248,0.113687,0.111631,0.038,0.0377747,-0.00832719,4.16726,37.5859
7.67173e+08,0.0177287,0.00925715,9.81,5.48978,-27.5088,3.98978,-11.5537,-1.40286,-12.9707,-0.40286,-13.1702,2.29823,2.29823,0.40083,0.402098,-0.0128371,0.981306,28.5
7.67196e+08,0.0188668,0.00663649,9.81,5.22598,-27.8398,3.72598,-11.6927,-1.70181,-12.9108,-0.701809,-13.1094,2.39293,2.39293,0.396538,0.401817,-0.011954,0.981215,28.5
5.25096e+08,0.641677,1.03129,9.79163,5.99967,0.206942,6.0018,0.208675,3.72885,-0.289226,3.68548,-0.28891,0.128954,0.124938,0.038,0.0376655,-0.00893746,4.16754,37.6094
5.25116e+08,0.655999,1.05056,9.83202,6.08554,-0.00679874,6.10277,-0.00357813,3.79561,-0.197623,3.79327,-0.196799,0.113687,0.110187,0.038,0.0376424,-0.00886533,4.1678,37.6006
7.67219e+08,0.0196334,0.00381194,9.81,4.95258,-28.1552,3.45258,-11.8252,-2.00622,-12.8159,-1.00622,-13.0131,2.4888,2.4888,0.393159,0.401549,-0.0110468,0.981122,28.5
5.25136e+08,0.665556,1.02889,9.78211,5.99056,-0.15947,5.94078,-0.158311,3.87101,0.107721,3.83056,0.107426,0.128954,0.124848,0.037,0.0367458,-0.0115292,4.16813,37.6329
7.67243e+08,0.0199817,0.000854874,9.81,4.67138,-28.4514,3.17138,-11.9496,-2.31321,-12.6848,-1.31321,-12.88,2.5851,2.5851,0.391381,0.401299,-0.0101213,0.981027,28.5
7.67265e+08,0.0199159,-0.00183212,9.81,4.41517,-28.697,2.91517,-12.0527,-2.58724,-12.5369,-1.58724,-12.7297,2.67091,2.67091,0.391468,0.401092,-0.00928415,0.980942,28.5
5.25177e+08,0.613019,1.04574,9.71808,6.12976,0.252743,6.042,0.25533,3.58878,-0.273959,3.73797,-0.27541,-0.00845075,-0.00772209,0.037,0.0366418,-0.0117672,4.1685,37.5712
7.6729e+08,0.0193807,-0.00493861,9.81,4.11192,-28.9586,2.61192,-12.1626,-2.90418,-12.3279,-1.90418,-12.5176,2.77018,2.77018,0.393545,0.400872,-0.00829989,0.980841,28.5
7.67315e+08,0.0183637,-0.007923,9.81,3.80601,-29.1915,2.30601,-12.2604,-3.21539,-12.0814,-2.21539,-12.2673,2.86793,2.86793,0.397258,0.400676,-0.00731338,0.980741,28.5
5.25197e+08,0.629735,1.04093,9.77267,6.0674,0.115339,6.13461,0.116807,3.66627,-0.0602183,3.74574,-0.0628792,0.113687,0.108186,0.039,0.0384357,-0.00597288,4.1677,37.63
5.25218e+08,0.660781,1.02648,9.77262,5.98257,-0.128936,5.9839,-0.128083,3.8471,-0.0144167,3.87705,-0.0126662,0.159488,0.153358,0.039,0.0386432,-0.00594227,4.16795,37.5918
5.25238e+08,0.644071,1.00962,9.78685,5.87721,0.115339,5.84198,0.0539532,3.74538,-0.151821,3.86772,-0.18057,0.0831523,0.11281,0.039,0.0386668,-0.00597504,4.16709,37.6271
7.67335e+08,0.0171993,-0.0102071,9.81,3.55564,-29.3593,2.05564,-12.3309,-3.46342,-11.8538,-2.46342,-12.0361,2.9462,2.9462,0.400895,0.400535,-0.00651011,0.980659,28.5
5.25259e+08,0.615418,1.0048,9.76787,5.8617,0.206942,5.83362,0.208692,3.58624,-0.273959,3.67717,-0.27366,0.0984194,0.0963579,0.037,0.0367851,-0.0118991,4.16737,37.6124
7.67358e+08,0.0155881,-0.0125304,9.81,3.27793,-29.522,1.77793,-12.3993,-3.73121,-11.5751,-2.73121,-11.7531,3.03127,3.03127,0.404843,0.400399,-0.00562291,0.980569,28.5
7.6738e+08,0.0136531,-0.0146148,9.81,2.99714,-29.6619,1.49714,-12.458,-3.99382,-11.266,-2.99382,-11.4394,3.11546,3.11546,0.408037,0.400282,-0.00472932,0.980478,28.5
7.67401e+08,0.0116111,-0.0162844,9.81,2.73565,-29.7701,1.23565,-12.5034,-4.23074,-10.9545,-3.23074,-11.123,3.19227,3.19227,0.409782,0.400192,-0.00389978,0.980394,28.5
7.67424e+08,0.00918704,-0.0177651,9.81,2.45308,-29.8634,0.953083,-12.5426,-4.47817,-10.5928,-3.47817,-10.7558,3.27359,3.27359,0.410017,0.400114,-0.00300563,0.980304,28.5
5.25319e+08,0.577243,0.896422,9.5493,5.3531,0.100072,5.63542,0.0972007,3.44414,-0.0144167,3.66062,-0.0135812,0.159488,0.155167,0.038,0.0375857,-0.00997044,4.16702,37.5947
5.25339e+08,0.601093,0.997576,9.61355,5.91278,0.313812,5.72355,0.311718,3.55874,-0.289226,3.44147,-0.287736,-0.17639,-0.158457,0.038,0.0376561,-0.0112116,4.16722,37.6124
5.25359e+08,0.67986,1.11077,10.1146,6.25302,0.16114,6.12092,0.164032,3.82247,-0.10602,3.7186,-0.109233,-0.0847867,-0.0862575,0.038,0.0376403,-0.00915758,4.16758,37.5888
7.67449e+08,0.00630057,-0.0189816,9.81,2.14053,-29.9384,0.640534,-12.5741,-4.74108,-10.1636,-3.74108,-10.3199,3.36155,3.36155,0.408252,0.400051,-0.00201872,0.980204,28.5
5.2538e+08,0.57484,0.949407,9.5209,5.68433,-0.0220659,5.93728,-0.0237947,3.43812,-0.0754855,3.60245,-0.0743184,0.0526179,0.0639749,0.038,0.0376325,-0.0111129,4.16784,37.6006
7.67472e+08,0.00353513,-0.0196851,9.81,1.85531,-29.9811,0.355305,-12.592,-4.97075,-9.74594,-3.97075,-9.89587,3.44005,3.44005,0.405098,0.400016,-0.00111939,0.980113,28.5
5.25401e+08,0.641672,1.04815,10.0386,5.94874,-0.037333,5.8758,-0.0376544,3.63768,-0.0449512,3.66367,-0.0452162,-0.0389851,-0.0321479,0.038,0.0376434,-0.0100078,4.16699,37.6124
7.67495e+08,0.000681591,-0.0199884,9.81,1.56817,-29.9993,0.0681717,-12.5997,-5.19172,-9.3014,-4.19172,-9.4445,3.51741,3.51741,0.401021,0.400001,-0.000214742,0.980022,28.5
5.25422e+08,0.622582,1.00239,9.74887,5.85875,0.176407,5.86048,0.176435,3.63495,-0.31976,3.67618,-0.31766,-0.00845075,-0.00345221,0.039,0.0382454,-0.00931531,4.16736,37.6094
7.67516e+08,-0.00202787,-0.0198969,9.81,1.29688,-29.9938,-0.203122,-12.5974,-5.39075,-8.85987,-4.39075,-8.99618,3.58899,3.58899,0.397005,0.400005,0.000639866,0.979935,28.5
5.25443e+08,0.675102,1.04815,9.81063,6.08398,0.0695372,6.01297,0.0704358,3.9143,-0.197623,3.89178,-0.197606,0.128954,0.124667,0.039,0.0386036,-0.00793559,4.16763,37.6035
7.6754e+08,-0.00494007,-0.0193803,9.81,1.00103,-29.9626,-0.498966,-12.5843,-5.59661,-8.35535,-4.59661,-8.4839,3.66539,3.66539,0.393224,0.400031,0.00157223,0.979841,28.5
5.25463e+08,0.663172,1.01443,9.77022,5.91422,0.0390028,5.93288,0.0398782,3.8624,-0.10602,3.84284,-0.104557,0.0220836,0.0235566,0.039,0.0386402,-0.00848676,4.1678,37.6094
7.6756e+08,-0.00735326,-0.0185992,9.81,0.747722,-29.915,-0.752278,-12.5643,-5.76331,-7.90489,-4.76331,-8.0265,3.72946,3.72946,0.391029,0.400071,0.00237136,0.97976,28.5
5.25484e+08,0.679884,1.02648,9.79872,5.96604,-0.0220659,5.91826,-0.0211685,3.94757,-0.10602,3.89195,-0.104274,0.0526179,0.0553434,0.038,0.0382832,-0.00941422,4.16796,37.6035
7.67583e+08,-0.00993415,-0.0173584,9.81,0.46227,-29.838,-1.03773,-12.532,-5.94024,-7.37752,-4.94024,-7.49102,3.80018,3.80018,0.390136,0.400135,0.00327327,0.979669,28.5
5.25505e+08,0.72526,0.999984,9.85324,5.77945,0.100072,5.83581,0.100364,4.1883,-0.10602,4.02861,-0.105454,0.0526179,0.0492415,0.038,0.0377086,-0.0108085,4.16811,37.5859
7.67607e+08,-0.0125024,-0.0156106,9.81,0.153534,-29.7268,-1.34647,-12.4853,-6.11813,-6.78439,-5.11813,-6.88876,3.87492,3.87492,0.391246,0.400228,0.00425106,0.97957,28.5
5.25526e+08,0.663165,1.03852,9.794,6.03908,0.0695372,6.02334,0.0721582,3.85213,-0.197623,3.85183,-0.197878,0.128954,0.127401,0.038,0.0376427,-0.0101823,4.16826,37.5859
7.67633e+08,-0.0148038,-0.013448,9.81,-0.158997,-29.5843,-1.659,-12.4254,-6.28344,-6.16082,-5.28344,-6.2556,3.94875,3.94875,0.394363,0.400347,0.00524404,0.979469,28.5
5.25547e+08,0.629748,0.992759,9.75122,5.80117,0.00846851,5.83911,0.00992625,3.67617,-0.0602183,3.69506,-0.060529,0.144221,0.144152,0.038,0.0376479,-0.0103562,4.16848,37.5829
5.25567e+08,0.605863,1.01925,9.79639,5.92864,0.0695372,5.87249,0.067797,3.52002,-0.0754855,3.60469,-0.0740011,0.0526179,0.051288,0.038,0.0376555,-0.00993819,4.16861,37.6035
7.67657e+08,-0.0167119,-0.0109869,9.81,-0.465555,-29.4148,-1.96556,-12.3542,-6.43062,-5.52747,-5.43062,-5.61251,4.01937,4.01937,0.398758,0.400489,0.00622192,0.97937,28.5
5.25588e+08,0.636901,1.03129,9.81063,5.98838,0.176407,5.85656,0.175803,3.6941,-0.21289,3.72828,-0.21259,-0.0237179,-0.0157802,0.038,0.037657,-0.00985967,4.16873,37.5976
7.6768e+08,-0.0181137,-0.00847896,9.81,-0.74665,-29.2331,-2.24665,-12.2779,-6.55207,-4.92861,-5.55207,-5.00444,4.08257,4.08257,0.403187,0.400641,0.00712261,0.979279,28.5
5.25609e+08,0.708534,1.03852,9.79159,6.03862,0.16114,6.07057,0.16026,4.11579,-0.0754855,3.9892,-0.0787159,0.0831523,0.081885,0.038,0.0376371,-0.00972092,4.16885,37.6182
7.67703e+08,-0.0191495,-0.00577033,9.81,-1.02849,-29.0252,-2.52849,-12.1906,-6.66041,-4.3115,-5.66041,-4.37784,4.14444,4.14444,0.407202,0.400816,0.00803025,0.979186,28.5
5.2563e+08,0.639298,0.999984,9.7536,5.84133,-0.037333,5.91965,-0.0376263,3.73058,-0.0449512,3.72875,-0.0440933,0.0984194,0.0976883,0.038,0.0376417,-0.0100933,4.16896,37.5976
7.67724e+08,-0.0197286,-0.0032836,9.81,-1.27484,-28.8219,-2.77484,-12.1052,-6.74369,-3.75901,-5.74369,-3.81684,4.19727,4.19727,0.409787,0.400987,0.00882783,0.979105,28.5
5.25651e+08,0.62018,1.05538,9.79169,6.13955,0.115339,5.99031,0.114407,3.60331,-0.0754855,3.7402,-0.0743277,0.113687,0.109576,0.038,0.0376419,-0.0106201,4.16906,37.6241
7.67749e+08,-0.0199993,-0.000163223,9.81,-1.57464,-28.5468,-3.07464,-11.9897,-6.83019,-3.07088,-5.83019,-3.11813,4.26,4.26,0.411215,0.401218,0.00980459,0.979005,28.5
5.25671e+08,0.656011,1.0048,9.74647,5.87285,0.191675,5.85529,0.191092,3.83039,-0.136554,3.84645,-0.136555,0.0678852,0.0672528,0.038,0.0376435,-0.0109856,4.16925,37.5535
7.6777e+08,-0.0198387,0.0025346,9.81,-1.83085,-28.2869,-3.33085,-11.8805,-6.89072,-2.46977,-5.89072,-2.50777,4.31222,4.31222,0.41072,0.401438,0.0106452,0.978919,28.5
5.25692e+08,0.620194,1.0048,9.78924,5.84887,0.130606,5.89306,0.130628,3.60621,-0.258692,3.66931,-0.2575,0.0831523,0.0845104,0.038,0.0376424,-0.0109766,4.16942,37.63
7.67795e+08,-0.0191918,0.00562798,9.81,-2.12743,-27.9567,-3.62743,-11.7418,-6.94478,-1.75974,-5.94478,-1.78681,4.37105,4.37105,0.408274,0.401718,0.0116261,0.978818,28.5
5.25713e+08,0.634519,1.00962,9.79635,5.87194,-0.0678674,5.88853,-0.0655401,3.68646,-0.0144167,3.68929,-0.0149989,0.113687,0.111518,0.038,0.0376434,-0.010739,4.1695,37.5888
5.25734e+08,0.639295,1.00962,9.82009,5.85772,0.00846851,5.7918,0.00931107,3.70526,-0.121287,3.77696,-0.120106,0.0831523,0.0832214,0.039,0.0384912,-0.00775476,4.16958,37.5947
7.6782e+08,-0.0180732,0.00856499,9.81,-2.41876,-27.6005,-3.91876,-11.5922,-6.98046,-1.04829,-5.98046,-1.06442,4.42711,4.42711,0.404427,0.40202,0.0125986,0.978718,28.5
5.25755e+08,0.653625,0.999984,9.72747,5.85628,0.145873,5.81243,0.144471,3.82404,-0.182356,3.79039,-0.182366,0.0220836,0.0256212,0.039,0.0386459,-0.00777427,4.16965,37.58
7.67842e+08,-0.0167702,0.0108978,9.81,-2.66335,-27.2763,-4.16335,-11.4561,-6.99655,-0.440999,-5.99655,-0.447784,4.47282,4.47282,0.400723,0.402296,0.0134228,0.978633,28.5
5.25775e+08,0.670322,1.06501,9.82728,6.17095,0.0390028,6.08236,0.0405047,3.87947,-0.0296841,3.97231,-0.0326107,0.174755,0.169254,0.039,0.0386378,-0.00820129,4.16972,37.6182
7.67864e+08,-0.0150439,0.0131789,9.81,-2.92193,-26.9076,-4.42193,-11.3012,-6.99922,0.210267,-5.99922,0.213502,4.51977,4.51977,0.397069,0.402611,0.0143025,0.978542,28.5
5.25795e+08,0.663177,0.997576,9.75357,5.82643,-0.15947,5.90492,-0.157697,3.86961,-0.121287,3.79899,-0.120422,0.128954,0.125598,0.039,0.0386452,-0.00812004,4.16987,37.6212
7.67888e+08,-0.0129718,0.0152228,9.81,-3.18129,-26.5098,-4.68129,-11.1341,-6.98648,0.87235,-5.98648,0.88577,4.56541,4.56541,0.394408,0.402952,0.0151946,0.978449,28.5
5.25816e+08,0.658397,1.01203,9.74411,5.91611,-0.0220659,5.86209,-0.0200153,3.84491,-0.136554,3.84643,-0.135962,0.0984194,0.0943711,0.039,0.0386523,-0.00855936,4.16993,37.58
7.6791e+08,-0.0106917,0.0169023,9.81,-3.42983,-26.1012,-4.92983,-10.9625,-6.95915,1.51435,-5.95915,1.53765,4.60771,4.60771,0.393377,0.403304,0.0160595,0.978359,28.5
5.25837e+08,0.660785,1.01203,9.77022,5.90038,0.130606,5.89641,0.129714,3.84864,-0.21289,3.76192,-0.212851,0.0831523,0.082516,0.039,0.0386545,-0.00816719,4.16999,37.6418
7.67933e+08,-0.00815188,0.0182633,9.81,-3.67866,-25.6638,-5.17866,-10.7788,-6.9163,2.16378,-5.9163,2.19707,4.64862,4.64862,0.394162,0.403681,0.0169363,0.978267,28.5
5.25858e+08,0.632137,0.99035,9.7892,5.7649,0.0695372,5.88051,0.0700957,3.67603,-0.0907526,3.69855,-0.0916393,0.113687,0.110328,0.039,0.038651,-0.00841608,4.17004,37.5918
7.67954e+08,-0.00575805,0.0191532,9.81,-3.89557,-25.2585,-5.39557,-10.6086,-6.86574,2.73472,-5.86574,2.7768,4.68306,4.68306,0.39635,0.404033,0.0177102,0.978186,28.5
5.25879e+08,0.660778,1.03852,9.77264,6.05223,0.115339,5.96048,0.113583,3.84658,-0.0754855,3.79661,-0.0755021,0.0526179,0.0561196,0.039,0.0386498,-0.0084356,4.17009,37.5888
7.67975e+08,-0.00311763,0.0197555,9.81,-4.12176,-24.8105,-5.62176,-10.4204,-6.7993,3.33422,-5.7993,3.38552,4.7177,4.7177,0.399897,0.404422,0.0185279,0.9781,28.5
5.25899e+08,0.639299,0.995167,9.78208,5.79664,0.05427,5.86494,0.0539595,3.72005,-0.10602,3.73526,-0.106297,0.174755,0.171154,0.039,0.0386476,-0.00874964,4.17022,37.5712
7.68002e+08,0.000300313,0.0199977,9.81,-4.40212,-24.2174,-5.90212,-10.1713,-6.69652,4.08215,-5.69652,4.14495,4.75875,4.75875,0.405391,0.404941,0.019558,0.97799,28.5
5.2592e+08,0.641658,1.09873,9.73951,6.42261,0.130606,6.18026,0.130618,3.74562,-0.151821,3.78935,-0.152392,0.0831523,0.0816091,0.038,0.0377325,-0.0122553,4.17026,37.6094
7.68023e+08,0.00290918,0.0197873,9.81,-4.61151,-23.7454,-6.11151,-9.97308,-6.6042,4.64339,-5.6042,4.71483,4.78797,4.78797,0.409596,0.405356,0.0203406,0.977907,28.5
5.25941e+08,0.644069,1.01684,9.76075,5.93462,0.100072,5.90863,0.100044,3.75496,-0.0754855,3.7329,-0.0763941,0.128954,0.126077,0.038,0.0376398,-0.0124314,4.17022,37.6182
7.68046e+08,0.0057287,0.019162,9.81,-4.83771,-23.2056,-6.33771,-9.74636,-6.48867,5.25141,-5.48867,5.3322,4.81808,4.81808,0.413485,0.405832,0.0212002,0.977815,28.5
5.25962e+08,0.636899,1.03852,9.78215,6.04738,0.0237356,5.98744,0.0378452,3.70441,-0.10602,3.82016,-0.104263,0.159488,0.0686684,0.038,0.0376272,-0.0120478,4.17001,37.6035
7.68068e+08,0.00824518,0.0182213,9.81,-5.04337,-22.6861,-6.54337,-9.52816,-6.36861,5.80491,-5.36861,5.89422,4.84404,4.84404,0.415858,0.406293,0.0219958,0.977729,28.5
5.25983e+08,0.634521,1.0048,9.78685,5.84973,0.05427,5.82438,0.054835,3.69018,-0.121287,3.7082,-0.122456,0.0831523,0.0858402,0.039,0.0385837,-0.00902599,4.17006,37.6035
5.26003e+08,0.648846,1.00962,9.76785,5.88832,0.145873,5.81175,0.144727,3.78031,-0.243424,3.72102,-0.241673,0.0526179,0.0525533,0.039,0.0386496,-0.00919693,4.17011,37.6094
7.68092e+08,0.0109084,0.0167633,9.81,-5.27013,-22.0791,-6.77013,-9.27323,-6.21859,6.41507,-5.21859,6.51376,4.87102,4.87102,0.416707,0.406834,0.0228903,0.977633,28.5
5.26024e+08,0.648836,1.04574,9.79165,6.08282,0.115339,6.05422,0.115061,3.76974,-0.167089,3.81516,-0.166806,0.0831523,0.0858606,0.039,0.0386377,-0.00903937,4.17024,37.6212
7.68116e+08,0.0132766,0.0149577,9.81,-5.48647,-21.464,-6.98647,-9.01488,-6.05712,6.99588,-5.05712,7.10351,4.89503,4.89503,0.4156,0.407386,0.0237625,0.977538,28.5
5.26044e+08,0.660789,0.997576,9.79631,5.80139,0.00846851,5.90475,0.00878399,3.83912,-0.10602,3.78571,-0.106008,0.128954,0.127472,0.039,0.038642,-0.00880238,4.17037,37.5947
7.68137e+08,0.0151636,0.013041,9.81,-5.6765,-20.8921,-7.1765,-8.7747,-5.89947,7.50406,-4.89947,7.61951,4.91461,4.91461,0.413214,0.407902,0.0245456,0.977452,28.5
7.68158e+08,0.0167641,0.0109071,9.81,-5.85982,-20.31,-7.35982,-8.53022,-5.73239,7.9916,-4.73239,8.11455,4.93204,4.93204,0.41002,0.40843,0.0253178,0.977367,28.5
5.26065e+08,0.636907,1.01203,9.78211,5.89423,0.115339,5.87035,0.11474,3.70551,-0.0754855,3.72522,-0.0760781,0.113687,0.114073,0.039,0.0386493,-0.00900742,4.16939,37.6182
5.26086e+08,0.651237,0.999984,9.82719,5.79761,0.206942,5.85973,0.204304,3.77196,-0.121287,3.75196,-0.121005,0.0373508,0.0392431,0.04,0.0392485,-0.00661676,4.16981,37.5976
7.68183e+08,0.0182691,0.0081388,9.81,-6.06966,-19.6036,-7.56966,-8.23352,-5.52169,8.54511,-4.52169,8.67658,4.95009,4.95009,0.405992,0.409075,0.0262244,0.977267,28.5
5.26107e+08,0.651226,1.03852,9.81538,6.02657,0.130606,5.99177,0.130041,3.77486,-0.0907526,3.82158,-0.0922046,0.128954,0.126142,0.04,0.0396094,-0.00562516,4.17004,37.6035
7.68206e+08,0.01924,0.0054611,9.81,-6.25284,-18.9484,-7.75284,-7.95832,-5.31939,9.02302,-4.31939,9.16184,4.96403,4.96403,0.402927,0.409678,0.0270382,0.977176,28.5
5.26128e+08,0.627355,1.01203,9.78212,5.8946,0.0237356,5.94286,0.0249106,3.65009,-0.0144167,3.71037,-0.0158857,0.0831523,0.0818565,0.04,0.0396521,-0.0057587,4.17017,37.6153
7.68231e+08,0.019859,0.00237035,9.81,-6.44825,-18.2052,-7.94825,-7.64617,-5.08297,9.52579,-4.08297,9.67234,4.97681,4.97681,0.400995,0.410366,0.0279326,0.977076,28.5
5.26149e+08,0.667943,1.0337,9.78687,6.01541,-0.0526003,5.97973,-0.0502891,3.88279,-0.121287,3.85407,-0.119231,0.0831523,0.0819168,0.038,0.0384574,-0.0103498,4.17022,37.5682
7.68255e+08,0.0199894,-0.000651078,9.81,-6.62827,-17.4751,-8.12827,-7.33956,-4.84444,9.98085,-3.84444,10.1344,4.98644,4.98644,0.401095,0.411048,0.028784,0.976979,28.5
5.2617e+08,0.605851,1.06019,9.84157,6.13701,0.0390028,6.02237,0.0402009,3.50249,-0.167089,3.61868,-0.166501,0.0678852,0.0697841,0.038,0.0376891,-0.0117609,4.17026,37.6065
5.26191e+08,0.648836,1.04574,9.73705,6.11652,0.05427,6.00332,0.0559932,3.79058,-0.121287,3.73275,-0.120976,0.0831523,0.0856863,0.038,0.0376386,-0.0120006,4.17047,37.6182
7.6828e+08,0.0196393,-0.00378108,9.81,-6.80786,-16.6978,-8.30786,-7.01307,-4.58456,10.425,-3.58456,10.5854,4.99375,4.99375,0.403363,0.411779,0.0296638,0.976879,28.5
5.26211e+08,0.624973,0.992759,9.72748,5.81536,0.00846851,5.82869,0.00847368,3.65715,-0.0449512,3.71004,-0.0466963,0.0220836,0.0267658,0.038,0.0376403,-0.0117757,4.17058,37.6124
7.68305e+08,0.0188006,-0.00682179,9.81,-6.97943,-15.9026,-8.47943,-6.6791,-4.31336,10.838,-3.31336,11.0048,4.99827,4.99827,0.407508,0.412533,0.0305376,0.976778,28.5
5.26232e+08,0.670337,1.00962,9.77258,5.88464,0.0695372,5.87309,0.0683626,3.90327,-0.0907526,3.86951,-0.0916112,0.0831523,0.0830575,0.038,0.0376363,-0.0115466,4.1706,37.6035
7.6833e+08,0.0174959,-0.00968986,9.81,-7.14238,-15.0925,-8.64238,-6.33884,-4.03234,11.2176,-3.03234,11.3902,4.99998,4.99998,0.412774,0.413309,0.0314028,0.976678,28.5
5.26253e+08,0.677492,1.04093,9.80112,6.04805,0.115339,5.98129,0.115628,3.93218,-0.0907526,3.81045,-0.0927965,-0.00845075,-0.00633699,0.038,0.0376342,-0.0113846,4.17071,37.6035
7.68352e+08,0.0160583,-0.0119218,9.81,-7.27298,-14.3984,-8.77298,-6.04733,-3.78844,11.5108,-2.78844,11.6879,4.99926,4.99926,0.417361,0.413978,0.0321255,0.976593,28.5
5.26274e+08,0.639283,1.05297,9.79167,6.1249,0.0848043,6.12096,0.085353,3.7141,-0.121287,3.73866,-0.120722,0.20529,0.199851,0.039,0.0383701,-0.00943728,4.17073,37.5829
7.68373e+08,0.0142848,-0.013998,9.81,-7.40084,-13.6739,-8.90084,-5.74304,-3.53128,11.7865,-2.53128,11.9678,4.99644,4.99644,0.421536,0.414683,0.0328629,0.976506,28.5
5.26295e+08,0.665565,0.997576,9.86279,5.76255,-0.037333,5.82506,-0.0376267,3.84107,-0.0602183,3.84525,-0.06023,0.144221,0.142829,0.039,0.0386177,-0.00831473,4.17083,37.6153
7.68396e+08,0.0121208,-0.0159087,9.81,-7.5288,-12.8968,-9.0288,-5.41664,-3.2531,12.0486,-2.2531,12.234,4.99118,4.99118,0.424723,0.415446,0.033636,0.976415,28.5
5.26315e+08,0.663176,0.999984,9.82006,5.80131,0.100072,5.79571,0.0986086,3.84366,-0.21289,3.7927,-0.211693,0.0984194,0.0943422,0.039,0.038656,-0.00785126,4.17084,37.5771
7.68419e+08,0.00977911,-0.0174462,9.81,-7.64576,-12.1324,-9.14576,-5.09561,-2.97767,12.2735,-1.97767,12.4623,4.98383,4.98383,0.426195,0.416202,0.0343794,0.976325,28.5
5.26336e+08,0.632131,1.01203,9.78449,5.893,0.0695372,5.81174,0.0692388,3.67692,-0.121287,3.70257,-0.121022,-0.0237179,-0.0180988,0.038,0.0379183,-0.00993155,4.17085,37.58
7.6844e+08,0.00731853,-0.0186129,9.81,-7.75257,-11.3803,-9.25257,-4.77971,-2.70536,12.4638,-1.70536,12.6556,4.97458,4.97458,0.425971,0.416954,0.0350955,0.976238,28.5
5.26356e+08,0.634517,1.01684,9.79637,5.91366,0.206942,5.89851,0.204593,3.68616,-0.151821,3.67084,-0.151793,0.0831523,0.0819086,0.038,0.037679,-0.0104116,4.17086,37.6212
5.26376e+08,0.646465,0.985534,9.80105,5.72964,-0.00679874,5.81148,-0.00530282,3.75481,-0.0754855,3.75414,-0.0746208,0.113687,0.110847,0.038,0.0376493,-0.0108509,4.17104,37.5859
7.68462e+08,0.00474513,-0.0194289,9.81,-7.85167,-10.6263,-9.35167,-4.46303,-2.43157,12.6245,-1.43157,12.8188,4.96335,4.96335,0.424297,0.417714,0.0357991,0.976152,28.5
5.26397e+08,0.653618,1.02407,9.80823,5.9475,0.00846851,5.96044,0.00846858,3.79199,-0.21289,3.79444,-0.211122,0.0220836,0.0255333,0.037,0.0368906,-0.0129155,4.17112,37.6065
7.68487e+08,0.0016357,-0.019933,9.81,-7.95869,-9.73646,-9.45869,-4.08931,-2.10802,12.7764,-1.10802,12.973,4.94768,4.94768,0.421051,0.41862,0.0366119,0.976052,28.5
5.26418e+08,0.648844,1.01684,9.78448,5.9202,0.145873,5.88505,0.144399,3.77367,-0.0754855,3.8649,-0.0766662,0.0373508,0.0387982,0.037,0.0366447,-0.0135606,4.17112,37.6006
7.68512e+08,-0.00151796,-0.0199423,9.81,-8.05642,-8.83594,-9.55642,-3.71109,-1.78072,12.8895,-0.780719,13.0878,4.92921,4.92921,0.417288,0.419547,0.0374166,0.975952,28.5
5.26439e+08,0.663172,1.01443,9.79159,5.90147,0.130606,5.96306,0.130578,3.85409,-0.136554,3.81898,-0.136842,0.0831523,0.0850516,0.037,0.0366252,-0.0133969,4.17111,37.6182
7.68537e+08,-0.00460877,-0.0194617,9.81,-8.14394,-7.93408,-9.64394,-3.33231,-1.45373,12.9628,-0.453735,13.1622,4.90816,4.90816,0.414063,0.420487,0.0382055,0.975852,28.5
5.2646e+08,0.639291,1.02407,9.77501,5.96806,0.0848043,6.00911,0.0856574,3.72154,-0.0907526,3.78614,-0.0913623,0.190022,0.187963,0.038,0.0374645,-0.0105525,4.1712,37.5947
7.6856e+08,-0.00740394,-0.0185791,9.81,-8.21737,-7.08197,-9.71737,-2.97443,-1.1461,12.9961,-0.146099,13.1961,4.88599,4.88599,0.412308,0.421385,0.0389362,0.975759,28.5
5.26481e+08,0.667947,1.01684,9.74173,5.9451,0.0695372,5.92847,0.0680852,3.90125,-0.136554,3.82095,-0.136537,0.0373508,0.0388324,0.038,0.0376264,-0.00982075,4.17119,37.6035
7.68582e+08,-0.00985478,-0.0174035,9.81,-8.27798,-6.28643,-9.77798,-2.6403,-0.860497,12.9965,0.139503,13.1964,4.86331,4.86331,0.412236,0.422233,0.0396062,0.975672,28.5
5.26502e+08,0.644069,1.01443,9.76311,5.91925,0.130606,5.89352,0.130888,3.75416,-0.228157,3.69896,-0.227276,0.0831523,0.0770249,0.038,0.0376495,-0.0100898,4.17118,37.5976
7.68607e+08,-0.0124653,-0.0156402,9.81,-8.33919,-5.35841,-9.83919,-2.25053,-0.52985,12.96,0.47015,13.1594,4.83449,4.83449,0.41422,0.423234,0.0403738,0.975572,28.5
5.26523e+08,0.639298,0.999984,9.78446,5.82311,0.115339,5.89359,0.113887,3.71896,-0.182356,3.68404,-0.182633,0.0526179,0.0567254,0.039,0.0385517,-0.00760071,4.17126,37.5947
5.26543e+08,0.684667,0.997576,9.77018,5.81577,0.05427,5.84528,0.0528019,3.98791,-0.10602,3.94549,-0.106291,0.0678852,0.0672544,0.039,0.0386464,-0.00736324,4.17125,37.6241
7.68632e+08,-0.0147676,-0.0134877,9.81,-8.39064,-4.4246,-9.89064,-1.85833,-0.200472,12.8841,0.799528,13.0823,4.80295,4.80295,0.418205,0.424254,0.0411316,0.975471,28.5
5.26564e+08,0.627363,0.985534,9.74646,5.76211,0.0237356,5.86206,0.0249208,3.66431,-0.136554,3.74029,-0.135968,0.0831523,0.0871335,0.039,0.0386537,-0.00735143,4.17132,37.6271
7.68653e+08,-0.0163926,-0.0114578,9.81,-8.42566,-3.6511,-9.92566,-1.53346,0.0693903,12.7919,1.06939,12.9886,4.77491,4.77491,0.422546,0.42511,0.041749,0.975388,28.5
5.26585e+08,0.639294,1.01203,9.76311,5.90548,0.145873,5.91101,0.143513,3.7265,-0.10602,3.78445,-0.106607,0.0984194,0.0976579,0.039,0.0386524,-0.00791578,4.17148,37.6124
7.68678e+08,-0.0179924,-0.00873351,9.81,-8.45919,-2.70771,-9.95919,-1.13724,0.39434,12.6441,1.39434,12.8386,4.73839,4.73839,0.428302,0.426167,0.0424898,0.975288,28.5
5.26606e+08,0.656003,1.0337,9.76076,6.0318,0.0695372,6.02219,0.070695,3.82365,-0.136554,3.70078,-0.136853,0.0678852,0.0651385,0.039,0.0386511,-0.00817026,4.17154,37.6035
7.68701e+08,-0.019071,-0.00602478,9.81,-8.48128,-1.8348,-9.98128,-0.770618,0.690411,12.4734,1.69041,12.6653,4.70233,4.70233,0.433233,0.427159,0.043164,0.975195,28.5
5.26627e+08,0.653614,1.03852,9.74415,6.07,0.00846851,5.99768,0.0102312,3.81597,-0.10602,3.74443,-0.106579,0.0526179,0.0547634,0.039,0.0386485,-0.00876592,4.1716,37.5947
7.68726e+08,-0.0197705,-0.00302142,9.81,-8.4954,-0.909769,-9.9954,-0.382103,0.998779,12.2575,1.99878,12.446,4.66172,4.66172,0.437208,0.428225,0.0438671,0.975097,28.5
5.26648e+08,0.620203,0.971083,9.78443,5.65664,0.0848043,5.77037,0.0830352,3.60925,-0.0907526,3.70896,-0.0910134,0.0984194,0.0964488,0.039,0.038651,-0.00868535,4.17157,37.5829
7.68751e+08,-0.0199999,7.22647e-05,9.81,-8.5,0.0216795,-10,0.00910537,1.30311,12.0041,2.30311,12.1888,4.61836,4.61836,0.439314,0.429315,0.0445638,0.974998,28.5
5.26669e+08,0.665563,1.0048,9.75121,5.86964,0.222209,5.92745,0.221582,3.88413,-0.10602,3.88698,-0.106601,0.128954,0.126784,0.039,0.0386442,-0.00885256,4.17163,37.5976
7.68773e+08,-0.0197946,0.00285884,9.81,-8.49589,0.860481,-9.99589,0.361402,1.57137,11.7457,2.57137,11.9264,4.57716,4.57716,0.439399,0.430311,0.0451821,0.974909,28.5
5.2669e+08,0.655995,1.06501,9.82492,6.17301,0.0695372,6.11462,0.0684024,3.7977,-0.0907526,3.84634,-0.0913518,0.174755,0.168439,0.039,0.0386299,-0.00909387,4.1716,37.5624
5.26711e+08,0.641672,1.04815,9.81778,6.08098,0.05427,6.04536,0.0545413,3.71836,-0.151821,3.81372,-0.14919,0.0373508,0.0395593,0.039,0.0386334,-0.00911809,4.17166,37.6094
7.68796e+08,-0.0191607,0.00573303,9.81,-8.4831,1.7434,-9.9831,0.732226,1.84731,11.443,2.84731,11.619,4.53159,4.53159,0.437806,0.431375,0.0458239,0.974815,28.5
5.26731e+08,0.617806,1.0048,9.78924,5.84895,0.0848043,5.85318,0.082488,3.59236,-0.167089,3.75242,-0.165321,0.0984194,0.0925377,0.039,0.0386443,-0.0089742,4.17171,37.5918
7.68819e+08,-0.0181521,0.00839647,9.81,-8.46248,2.59625,-9.96248,1.09043,2.10711,11.1211,3.10711,11.2922,4.48539,4.48539,0.435096,0.432418,0.0464354,0.974724,28.5
5.26752e+08,0.646454,1.02648,9.77026,5.98458,0.206942,5.96516,0.206332,3.76483,-0.167089,3.74839,-0.168224,0.0220836,0.0235392,0.038,0.038051,-0.0106293,4.17176,37.5682
7.68844e+08,-0.0166084,0.0111428,9.81,-8.43024,3.53739,-9.93024,1.4857,2.38552,10.7328,3.38552,10.8979,4.43188,4.43188,0.431582,0.433589,0.0471009,0.974624,28.5
5.26773e+08,0.63452,1.00721,9.8106,5.84962,0.0695372,5.87307,0.0692711,3.68127,-0.136554,3.72663,-0.134566,0.144221,0.142194,0.038,0.0376813,-0.0117673,4.17173,37.6153
7.68869e+08,-0.014648,0.0136175,9.81,-8.38802,4.47695,-9.88802,1.88032,2.65416,10.3109,3.65416,10.4696,4.37577,4.37577,0.428521,0.434779,0.0477562,0.974523,28.5
5.26794e+08,0.689445,0.99035,9.77491,5.77097,-0.0220659,5.79604,-0.0205975,4.01403,-0.10602,3.93964,-0.106014,0.0373508,0.040792,0.038,0.0376407,-0.0119828,4.17169,37.5859
7.68894e+08,-0.0123273,0.0157492,9.81,-8.33604,5.41029,-9.83604,2.27232,2.91116,9.8584,3.91116,10.0101,4.31732,4.31732,0.426858,0.435982,0.0483982,0.974423,28.5
5.26815e+08,0.663173,1.01203,9.82008,5.87067,0.0390028,5.87539,0.0401714,3.84316,-0.0296841,3.82981,-0.0317401,0.0220836,0.0268855,0.038,0.0376358,-0.011459,4.17183,37.6006
7.68916e+08,-0.0100559,0.0172881,9.81,-8.28282,6.21841,-9.78282,2.61173,3.12521,9.43997,4.12521,9.5852,4.26447,4.26447,0.427043,0.437043,0.0489474,0.974335,28.5
5.26835e+08,0.672722,1.01925,9.76072,5.94743,0.145873,5.9726,0.144421,3.92141,-0.182356,3.94196,-0.183203,0.0984194,0.098668,0.038,0.0376301,-0.0111859,4.17078,37.6124
7.6894e+08,-0.00730406,0.0186186,9.81,-8.21483,7.11328,-9.71483,2.98758,3.35246,8.94812,4.35246,9.08578,4.20345,4.20345,0.429231,0.438239,0.0495484,0.974238,28.5
5.26855e+08,0.620194,1.0048,9.81061,5.83627,0.05427,5.89957,0.0560257,3.59846,-0.10602,3.73452,-0.106602,0.0220836,0.0249488,0.038,0.037637,-0.0110263,4.17079,37.6153
5.26876e+08,0.641693,0.973491,9.76068,5.68343,-0.00679874,5.7607,-0.00681556,3.74285,-0.0144167,3.7446,-0.0158631,0.0678852,0.0691823,0.039,0.0383893,-0.00890875,4.1708,37.6094
7.68966e+08,-0.00429267,0.0195339,9.81,-8.13531,8.02784,-9.63531,3.37169,3.57344,8.41483,4.57344,8.54428,4.1383,4.1383,0.433442,0.439485,0.0501552,0.974138,28.5
5.26896e+08,0.636907,1.00962,9.8201,5.85781,0.115339,5.87187,0.113875,3.69146,0.000850439,3.64716,0.000822034,-0.0542523,-0.0493212,0.039,0.0386309,-0.00807743,4.17082,37.5859
7.68989e+08,-0.00135261,0.0199542,9.81,-8.05152,8.88345,-9.55152,3.73105,3.7692,7.88818,4.7692,8.00954,4.07471,4.07471,0.438659,0.440675,0.0507163,0.974043,28.5
5.26916e+08,0.660782,1.02407,9.78686,5.96005,0.145873,5.97368,0.146155,3.84168,-0.197623,3.80254,-0.196448,0.0220836,0.0228123,0.039,0.0386478,-0.00801566,4.17083,37.6006
7.69014e+08,0.00178343,0.0199203,9.81,-7.95387,9.77852,-9.45387,4.10698,3.96193,7.30885,4.96193,7.4213,4.00536,4.00536,0.444593,0.441946,0.0512967,0.973943,28.5
5.26936e+08,0.675106,1.0337,9.79398,6.01079,0.100072,5.96429,0.102094,3.92149,-0.167089,3.89093,-0.167071,0.159488,0.157215,0.038,0.0378998,-0.0104064,4.17084,37.5976
7.69038e+08,0.00474097,0.01943,9.81,-7.85182,10.625,-9.35182,4.46252,4.13215,6.73448,5.13215,6.83809,3.937,3.937,0.449753,0.443174,0.0518396,0.973848,28.5
5.26957e+08,0.682268,1.03852,9.76787,6.05424,0.0390028,6.03408,0.0398787,3.9732,-0.0907526,3.93566,-0.0913453,0.0678852,0.068307,0.038,0.037652,-0.0115228,4.17093,37.5976
5.26978e+08,0.603476,1.01684,9.83201,5.89362,0.00846851,5.8912,0.00931649,3.49374,-0.0449512,3.66837,-0.0464258,0.0373508,0.0374143,0.038,0.0376391,-0.0109405,4.17094,37.6124
7.69063e+08,0.00772931,0.0184461,9.81,-7.73566,11.5032,-9.23566,4.83135,4.29558,6.11171,5.29558,6.20574,3.8631,3.8631,0.453762,0.444477,0.0523969,0.973747,28.5
5.26999e+08,0.634513,1.0337,9.78927,6.0153,0.0390028,5.97061,0.04102,3.68811,-0.136554,3.80568,-0.138305,0.00681639,0.0110178,0.039,0.0384767,-0.00853597,4.17103,37.6065
7.69088e+08,0.0105293,0.017004,9.81,-7.6102,12.3709,-9.1102,5.19577,4.44307,5.46968,5.44307,5.55383,3.78697,3.78697,0.455752,0.445795,0.0529418,0.973647,28.5
5.27019e+08,0.634517,1.01925,9.83673,5.90352,0.100072,5.94204,0.0998059,3.67114,-0.258692,3.6811,-0.25637,0.113687,0.110241,0.039,0.0386328,-0.00808387,4.17095,37.6182
7.69109e+08,0.012611,0.015523,9.81,-7.50181,13.0655,-9.00181,5.4875,4.55053,4.93677,5.55053,5.01272,3.72368,3.72368,0.455762,0.446874,0.053374,0.973566,28.5
5.2704e+08,0.653624,1.00239,9.74884,5.85756,-0.0220659,5.90824,-0.0217553,3.81567,-0.10602,3.82446,-0.106584,0.0984194,0.100347,0.039,0.0386495,-0.0079833,4.16985,37.6006
7.6913e+08,0.014607,0.0136614,9.81,-7.3795,13.7982,-8.8795,5.79523,4.65307,4.35647,5.65307,4.4235,3.65454,3.65454,0.454363,0.448036,0.0538261,0.973479,28.5
5.27061e+08,0.660794,0.980717,9.78916,5.70812,0.05427,5.75671,0.0536932,3.84258,-0.167089,3.7476,-0.166473,0.113687,0.113619,0.038,0.0378157,-0.0107015,4.16991,37.5888
7.69155e+08,0.0165702,0.0111994,9.81,-7.23014,14.6309,-8.73014,6.14496,4.75533,3.67454,5.75533,3.73107,3.57286,3.57286,0.451495,0.449389,0.0543354,0.973378,28.5
5.27082e+08,0.646442,1.06983,9.76795,6.23683,0.16114,5.90299,0.085392,3.76386,-0.197623,3.80285,-0.195589,0.0678852,0.056088,0.038,0.0376586,-0.0112733,4.16997,37.5918
7.69181e+08,0.0181244,0.00845608,9.81,-7.07188,15.4501,-8.57188,6.48904,4.84018,2.98051,5.84018,3.02637,3.48906,3.48906,0.448174,0.450756,0.0548318,0.973278,28.5
5.27103e+08,0.691819,1.04093,9.80585,6.04455,0.176407,6.03291,0.174623,4.01315,-0.121287,3.88589,-0.122455,0.144221,0.141379,0.038,0.0376296,-0.0113645,4.17002,37.5918
7.69201e+08,0.0190758,0.00600958,9.81,-6.93366,16.1202,-8.43366,6.77048,4.89722,2.39588,5.89722,2.43274,3.41783,3.41783,0.44581,0.451903,0.0552345,0.973194,28.5
5.27124e+08,0.639301,0.987942,9.78682,5.75209,0.00846851,5.81525,0.0102468,3.71856,-0.0907526,3.73123,-0.0907638,0.174755,0.171203,0.038,0.037638,-0.0114925,4.17007,37.5976
7.69222e+08,0.0196845,0.00353867,9.81,-6.79411,16.7592,-8.29411,7.03886,4.94063,1.82428,5.94063,1.85235,3.34751,3.34751,0.444414,0.453023,0.0556158,0.973113,28.5
5.27145e+08,0.67751,0.9759,9.78202,5.68372,0.0390028,5.7542,0.0372629,3.94251,-0.121287,3.82673,-0.120694,0.0526179,0.0521372,0.038,0.0376454,-0.0113742,4.16995,37.5888
7.69246e+08,0.0199946,0.000462909,9.81,-6.61729,17.521,-8.11729,7.35882,4.97749,1.12493,5.97749,1.14224,3.26042,3.26042,0.444419,0.454395,0.0560671,0.973015,28.5
5.27166e+08,0.613033,0.995167,9.8011,5.7865,0.16114,5.82907,0.160552,3.56078,-0.21289,3.63432,-0.212557,0.144221,0.140686,0.038,0.0376495,-0.0107676,4.17009,37.5741
7.69271e+08,0.0198197,-0.00267935,9.81,-6.4293,18.2794,-7.9293,7.67733,4.99702,0.409559,5.99702,0.41586,3.16995,3.16995,0.446604,0.455802,0.0565127,0.972914,28.5
5.27187e+08,0.629744,1.00721,9.79398,5.85962,0.191675,5.86566,0.191658,3.65975,-0.197623,3.74594,-0.198764,0.0220836,0.0208841,0.039,0.0385437,-0.00842449,4.17006,37.6124
5.27207e+08,0.675107,1.02889,9.76311,6.00168,0.0237356,5.99526,0.0243567,3.93392,0.0161176,3.81671,0.0143553,0.159488,0.155951,0.039,0.0386372,-0.00811159,4.16994,37.5859
7.69296e+08,0.0191537,-0.0057565,9.81,-6.23336,19.0199,-7.73336,7.98835,4.99832,-0.30735,5.99832,-0.312078,3.07768,3.07768,0.450818,0.457221,0.0569444,0.972814,28.5
5.27228e+08,0.682284,0.983125,9.78677,5.72258,-0.00679874,5.81686,-0.00678206,3.96801,-0.136554,3.81007,-0.135622,0.0373508,0.0407917,0.039,0.0386534,-0.00804284,4.17008,37.5918
7.6932e+08,0.0181047,-0.00849828,9.81,-6.04377,19.6932,-7.54377,8.27116,4.9831,-0.97491,5.9831,-0.989909,2.9901,2.9901,0.456039,0.458554,0.0573342,0.972721,28.5
5.27249e+08,0.672722,1.02166,9.79159,5.94281,0.115339,5.89809,0.11448,3.90912,-0.289226,3.89291,-0.285691,0.0831523,0.0824007,0.039,0.038656,-0.00758672,4.17013,37.6065
7.69345e+08,0.016547,-0.0112338,9.81,-5.8332,20.3965,-7.3332,8.56653,4.94921,-1.68794,5.94921,-1.7139,2.89456,2.89456,0.46216,0.459993,0.0577384,0.97262,28.5
5.2727e+08,0.655997,1.05779,9.81541,6.13732,0.0695372,6.04181,0.0709787,3.80164,-0.182356,3.794,-0.182062,0.0526179,0.055331,0.039,0.038651,-0.00742883,4.17026,37.5888
7.69365e+08,0.0149675,-0.0132655,9.81,-5.65571,20.9562,-7.15571,8.80161,4.90807,-2.26692,5.90807,-2.3018,2.81529,2.81529,0.466862,0.461176,0.0580582,0.972538,28.5
5.27291e+08,0.636903,1.02648,9.813,5.95919,0.00846851,5.96412,0.00791464,3.69342,0.000850439,3.81546,0.00140295,0.220557,0.217074,0.038,0.0382818,-0.00863237,4.17047,37.6212
7.69387e+08,0.0130447,-0.0151603,9.81,-5.4644,21.5285,-6.9644,9.04195,4.85202,-2.86938,5.85202,-2.91352,2.73099,2.73099,0.470893,0.462424,0.0583833,0.972452,28.5
7.69412e+08,0.0105012,-0.0170213,9.81,-5.23457,22.1768,-6.73457,9.31425,4.77002,-3.56469,5.77002,-3.61953,2.63113,2.63113,0.473853,0.463891,0.0587494,0.972352,28.5
5.27312e+08,0.658394,1.02166,9.79635,5.94054,0.0848043,5.88563,0.0833194,3.82428,-0.10602,3.76379,-0.105144,0.0984194,0.0964821,0.038,0.0377148,-0.0105525,4.17058,37.5771
5.27332e+08,0.641694,0.971083,9.81053,5.64096,0.222209,5.78415,0.221299,3.72416,-0.136554,3.73837,-0.136831,0.0526179,0.0546806,0.038,0.0376529,-0.0108083,4.1706,37.5947
7.69434e+08,0.00805697,-0.0183053,9.81,-5.02777,22.7265,-6.52777,9.54514,4.68376,-4.1648,5.68376,-4.22888,2.54246,2.54246,0.474653,0.465183,0.0590581,0.972264,28.5
7.69458e+08,0.00520237,-0.0193115,9.81,-4.7953,23.3093,-6.2953,9.7899,4.5739,-4.81156,5.5739,-4.88558,2.44399,2.44399,0.473706,0.466607,0.0593836,0.972168,28.5
7.69483e+08,0.00209447,-0.01989,9.81,-4.5463,23.8952,-6.0463,10.036,4.44244,-5.47266,5.44244,-5.55685,2.33978,2.33978,0.471198,0.468102,0.059709,0.972067,28.5
7.69508e+08,-0.00106187,-0.0199718,9.81,-4.29157,24.4565,-5.79157,10.2717,4.29448,-6.11619,5.29448,-6.21029,2.23438,2.23438,0.468017,0.469604,0.0600191,0.971966,28.5
7.6953e+08,-0.0037892,-0.0196378,9.81,-4.06524,24.9249,-5.56524,10.4685,4.15256,-6.66093,5.15256,-6.76341,2.14166,2.14166,0.465505,0.470917,0.0602767,0.971879,28.5
5.27352e+08,0.682276,1.01203,9.82006,5.86991,0.00846851,5.94784,0.0116822,3.95352,-0.136554,3.92554,-0.137989,0.0831523,0.0818837,0.039,0.0379963,-0.00999904,4.17062,37.6094
5.27372e+08,0.663166,1.03611,9.82011,6.00935,-0.0220659,6.00487,-0.0203145,3.84214,-0.0296841,3.86076,-0.0294024,0.128954,0.128199,0.039,0.0385751,-0.00772507,4.17065,37.6124
5.27392e+08,0.648846,1.00962,9.7631,5.89115,0.100072,5.94201,0.0988802,3.78212,-0.0907526,3.78175,-0.0913616,0.0373508,0.0394358,0.039,0.0386439,-0.00753918,4.17067,37.5947
7.69553e+08,-0.00649272,-0.0189168,9.81,-3.83043,25.3826,-5.33043,10.6607,3.99577,-7.1998,4.99577,-7.31057,2.04631,2.04631,0.463888,0.472259,0.0605274,0.97179,28.5
5.27412e+08,0.656019,0.9759,9.77254,5.69001,0.100072,5.8342,0.100963,3.82149,-0.167089,3.76169,-0.168229,0.0678852,0.0685598,0.038,0.038288,-0.00925867,4.1706,37.6124
5.27432e+08,0.665555,1.0337,9.82961,5.98966,0.0237356,5.98658,0.0243515,3.85236,-0.121287,3.85405,-0.122169,0.0831523,0.0830598,0.038,0.037699,-0.0112821,4.17071,37.58
5.27452e+08,0.608252,1.01443,9.76552,5.91918,-0.00679874,5.96964,-0.00677633,3.54507,-0.0449512,3.63512,-0.04524,0.00681639,0.00950862,0.038,0.0376397,-0.0114354,4.17072,37.6094
7.69578e+08,-0.00938068,-0.0176636,9.81,-3.56119,25.8739,-5.06119,10.867,3.80501,-7.7855,4.80501,-7.90528,1.93792,1.93792,0.463833,0.473776,0.0607952,0.971689,28.5
7.69603e+08,-0.0120371,-0.0159721,9.81,-3.28683,26.3396,-4.78683,11.0626,3.59956,-8.34773,4.59956,-8.47615,1.82841,1.82841,0.465965,0.475301,0.0610481,0.971589,28.5
7.69624e+08,-0.0140944,-0.0141897,9.81,-3.04591,26.721,-4.54591,11.2228,3.41073,-8.81315,4.41073,-8.94874,1.73295,1.73295,0.469481,0.476623,0.0612543,0.971502,28.5
5.27472e+08,0.667947,1.01684,9.78447,5.91944,-0.0526003,5.90324,-0.0511045,3.88444,-0.10602,3.79406,-0.105748,0.113687,0.109759,0.039,0.0380039,-0.0101758,4.17074,37.5976
5.27492e+08,0.627357,1.00721,9.78686,5.86393,0.05427,5.88179,0.0554274,3.64853,-0.182356,3.69027,-0.181164,0.0220836,0.0248325,0.039,0.0385852,-0.00823621,4.17084,37.5771
5.27512e+08,0.65124,0.987942,9.78443,5.75302,0.100072,5.83812,0.0992182,3.78871,-0.151821,3.80094,-0.152126,0.0373508,0.0392212,0.039,0.0386459,-0.00806374,4.17085,37.5947
5.27532e+08,0.62018,1.05297,9.72284,6.16852,0.100072,6.0709,0.100637,3.62856,-0.167089,3.74052,-0.166202,0.113687,0.114254,0.037,0.037918,-0.0107024,4.17086,37.5976
7.69647e+08,-0.0159936,-0.0120085,9.81,-2.78621,27.1045,-4.28621,11.3839,3.19911,-9.28574,4.19911,-9.4286,1.63073,1.63073,0.474497,0.478032,0.0614611,0.97141,28.5
7.69668e+08,-0.0174269,-0.00981341,9.81,-2.54773,27.4325,-4.04773,11.5217,2.99799,-9.69351,3.99799,-9.84264,1.53742,1.53742,0.479636,0.479314,0.0616373,0.971326,28.5
7.6969e+08,-0.0185994,-0.00735279,9.81,-2.29683,27.7535,-3.79683,11.6565,2.77995,-10.0958,3.77995,-10.2511,1.43977,1.43977,0.484922,0.48065,0.0618093,0.97124,28.5
7.69714e+08,-0.0194933,-0.00447342,9.81,-2.01596,28.0846,-3.51596,11.7955,2.52872,-10.5141,3.52872,-10.6758,1.33104,1.33104,0.489929,0.482133,0.0619862,0.971144,28.5
7.69739e+08,-0.0199483,-0.00143723,9.81,-1.72665,28.3954,-3.22665,11.9261,2.26277,-10.9098,3.26277,-11.0777,1.21961,1.21961,0.493415,0.483647,0.0621519,0.971046,28.5
5.27552e+08,0.6369,1.03611,9.79165,6.02767,-0.0526003,6.06456,-0.0514257,3.70097,-0.0144167,3.78591,-0.014423,0.0984194,0.0984265,0.037,0.03675,-0.0144294,4.16994,37.5859
5.27573e+08,0.641683,1.00962,9.75599,5.89569,0.115339,5.85376,0.113858,3.74318,-0.151821,3.75009,-0.149488,0.0526179,0.0544623,0.037,0.0366378,-0.0149619,4.17017,37.5712
5.27593e+08,0.660773,1.05538,9.75367,6.16154,0.100072,6.04991,0.103291,3.85322,-0.182356,3.82049,-0.18322,-0.00845075,-0.00307763,0.038,0.03698,-0.0135312,4.17029,37.6212
5.27613e+08,0.64884,1.03129,9.79163,5.99939,0.0695372,6.02169,0.0692722,3.77036,0.0161176,3.75653,0.0137784,0.0831523,0.0833678,0.038,0.0375595,-0.0114612,4.17042,37.6065
5.27653e+08,0.646463,0.992759,9.78682,5.77967,0.100072,5.73172,0.100637,3.75991,-0.197623,3.74899,-0.195877,0.0526179,0.0519876,0.038,0.0376492,-0.0105993,4.17048,37.6006
7.69764e+08,-0.0199264,0.00171386,9.81,-1.42653,28.6866,-2.92653,12.0484,1.97998,-11.2833,2.97998,-11.4569,1.10456,1.10456,0.494875,0.485205,0.0623066,0.970945,28.5
7.69789e+08,-0.019391,0.00489793,9.81,-1.11597,28.9553,-2.61597,12.1612,1.68079,-11.6302,2.68079,-11.8092,0.986032,0.986032,0.494174,0.486805,0.0624491,0.970842,28.5
7.69815e+08,-0.0183785,0.0078886,9.81,-0.809654,29.1889,-2.30965,12.2593,1.37994,-11.9336,2.37994,-12.1172,0.869568,0.869568,0.491844,0.488373,0.0625727,0.970742,28.5
7.6984e+08,-0.0169094,0.0106804,9.81,-0.501287,29.3931,-2.00129,12.3451,1.07207,-12.2002,2.07207,-12.3879,0.752712,0.752712,0.488753,0.489943,0.0626806,0.970641,28.5
5.27674e+08,0.644073,0.999984,9.79633,5.81595,0.100072,5.90133,0.10123,3.74219,-0.136554,3.79076,-0.137713,0.174755,0.169338,0.038,0.0376414,-0.0103429,4.17068,37.5947
5.27694e+08,0.658392,1.03129,9.72514,6.03953,0.0695372,5.9662,0.0707064,3.85148,-0.136554,3.80491,-0.13712,0.0831523,0.0819387,0.038,0.0376415,-0.0107876,4.17069,37.5976
5.27714e+08,0.651229,1.02889,9.73702,6.01856,0.0695372,5.95177,0.067515,3.80522,-0.121287,3.84115,-0.122428,0.0984194,0.0969695,0.038,0.037636,-0.011277,4.17071,37.6094
5.27734e+08,0.66078,1.02889,9.79161,5.98501,0.0390028,5.94132,0.0378566,3.83964,-0.121287,3.82585,-0.118678,0.0678852,0.0651629,0.038,0.0376351,-0.0113028,4.17073,37.6035
5.27754e+08,0.658394,1.02166,9.79873,5.93911,0.130606,5.87669,0.130877,3.82337,-0.228157,3.84942,-0.226988,0.0373508,0.0374002,0.038,0.0376383,-0.0112555,4.17074,37.6065
7.69865e+08,-0.0150182,0.0132081,9.81,-0.190714,29.5681,-1.69071,12.4186,0.757656,-12.4297,1.75766,-12.6209,0.635356,0.635356,0.485925,0.491516,0.0627728,0.970541,28.5
7.6989e+08,-0.0127613,0.0153997,9.81,0.120454,29.7132,-1.37955,12.4795,0.438992,-12.6206,1.43899,-12.8147,0.518053,0.518053,0.484335,0.493086,0.0628492,0.970441,28.5
7.6991e+08,-0.0106915,0.0169024,9.81,0.374384,29.8093,-1.12562,12.5199,0.176729,-12.7475,1.17673,-12.9437,0.422498,0.422498,0.484436,0.494363,0.0628998,0.970359,28.5
7.69932e+08,-0.00826142,0.018214,9.81,0.649382,29.8913,-0.850618,12.5543,-0.109078,-12.8559,0.890922,-13.0537,0.319151,0.319151,0.48617,0.495743,0.0629429,0.970271,28.5
5.27774e+08,0.64645,1.04093,9.7869,6.05801,0.100072,5.98971,0.0997895,3.75791,-0.0907526,3.80169,-0.0922053,0.0984194,0.0963319,0.038,0.0376306,-0.0114025,4.17093,37.5859
5.27794e+08,0.660782,1.02166,9.79873,5.93902,0.130606,5.94742,0.130555,3.83719,-0.0907526,3.75826,-0.091622,0.0984194,0.0929334,0.038,0.0376335,-0.0110245,4.17093,37.5947
5.27814e+08,0.677492,1.04093,9.84385,6.02211,-0.00679874,6.03331,-0.00650508,3.91535,-0.10602,3.8237,-0.104268,0.0373508,0.0375103,0.038,0.0376338,-0.0103414,4.17094,37.5829
5.27834e+08,0.632135,0.997576,9.80821,5.79554,0.05427,5.84324,0.0559978,3.66871,-0.0602183,3.74135,-0.063421,0.0373508,0.0402187,0.039,0.0382395,-0.00879968,4.17094,37.5918
5.27854e+08,0.663171,1.01925,9.76548,5.94496,0.115339,5.89917,0.115067,3.86405,-0.121287,3.77909,-0.123037,0.0984194,0.0989908,0.039,0.0386142,-0.00798128,4.17103,37.6006
7.69956e+08,-0.00547174,0.0192369,9.81,0.946043,29.9539,-0.553957,12.5807,-0.41896,-12.9389,0.58104,-13.138,0.20778,0.20778,0.489841,0.497229,0.0629758,0.970176,28.5
7.69981e+08,-0.00243923,0.0198507,9.81,1.25549,29.991,-0.244508,12.5962,-0.74332,-12.9881,0.25668,-13.1879,0.0916944,0.0916944,0.495191,0.498777,0.0629953,0.970078,28.5
5.27874e+08,0.644071,1.00962,9.83433,5.84915,0.115339,5.93155,0.113576,3.72753,-0.121287,3.70433,-0.121292,-0.00845075,-0.0069072,0.039,0.0386483,-0.00807753,4.17112,37.6241
5.27894e+08,0.658399,1.0048,9.7987,5.84181,0.0237356,6.01107,0.0545864,3.82407,-0.151821,3.68411,-0.0910578,0.0526179,0.0402226,0.039,0.0386491,-0.00826898,4.17128,37.6359
7.70005e+08,0.000633111,0.01999,9.81,1.56332,29.9994,0.0633212,12.5997,-1.06649,-12.9992,-0.0664864,-13.1992,-0.0237455,-0.0237455,0.501265,0.500317,0.0629997,0.96998,28.5
5.27914e+08,0.605867,1.00239,9.78212,5.83967,-0.00679874,5.86291,0.0997383,3.52574,-0.151821,3.73257,-0.107188,0.0678852,0.0387374,0.039,0.0386539,-0.00804196,4.17026,37.5829
5.27935e+08,0.651223,1.05056,9.84626,6.07703,0.100072,5.95339,0.100349,3.76268,-0.136554,3.69973,-0.137712,0.113687,0.108407,0.039,0.0386571,-0.00790487,4.17038,37.58
7.7003e+08,0.00376466,0.0196425,9.81,1.87863,29.9785,0.378635,12.591,-1.39737,-12.9715,-0.397371,-13.171,-0.142003,-0.142003,0.507274,0.501894,0.0629887,0.969879,28.5
5.27956e+08,0.687039,1.05538,9.7394,6.16932,0.145873,6.12278,0.144992,4.01168,-0.10602,3.91736,-0.106612,0.0984194,0.098271,0.038,0.0382773,-0.00922705,4.1705,37.6124
7.7005e+08,0.00620865,0.0190119,9.81,2.13088,29.9402,0.630877,12.5749,-1.66151,-12.9207,-0.661513,-13.1195,-0.236648,-0.236648,0.511272,0.503156,0.0629686,0.969799,28.5
5.27976e+08,0.639297,1.00239,9.82483,5.81332,0.145873,5.84706,0.144693,3.70379,-0.121287,3.74768,-0.11983,0.0831523,0.0812226,0.038,0.0377079,-0.0108337,4.17061,37.6271
7.70075e+08,0.00911661,0.0178013,9.81,2.4452,29.8657,0.945197,12.5436,-1.9894,-12.822,-0.989401,-13.0193,-0.354681,-0.354681,0.514618,0.504731,0.0629294,0.969699,28.5
5.27996e+08,0.639296,1.0048,9.80109,5.84115,0.0237356,5.88831,0.0234421,3.71255,-0.182356,3.62855,-0.179429,0.0831523,0.0851763,0.038,0.0376543,-0.010918,4.17063,37.6153
7.70097e+08,0.011405,0.0164294,9.81,2.71064,29.7793,1.21064,12.5073,-2.26474,-12.7079,-1.26474,-12.9034,-0.45448,-0.45448,0.515754,0.506064,0.062884,0.969614,28.5
5.28016e+08,0.687057,0.992759,9.79866,5.77115,0.176407,5.8445,0.175803,3.99051,-0.136554,3.83658,-0.135978,-0.00845075,-0.00626538,0.039,0.038008,-0.00985553,4.17066,37.6241
7.70117e+08,0.0134518,0.0148003,9.81,2.97006,29.6741,1.47006,12.4631,-2.53202,-12.5691,-1.53202,-12.7624,-0.552148,-0.552148,0.515377,0.50737,0.0628287,0.96953,28.5
5.28036e+08,0.656009,1.01203,9.7726,5.89915,0.115339,5.91227,0.115056,3.81999,-0.151821,3.75176,-0.151273,0.0831523,0.0844836,0.039,0.0385854,-0.00794462,4.17067,37.6182
7.70138e+08,0.0152656,0.0129214,9.81,3.22803,29.5487,1.72803,12.4105,-2.79564,-12.4042,-1.79564,-12.595,-0.649439,-0.649439,0.513784,0.508673,0.0627626,0.969447,28.5
5.28056e+08,0.644065,1.03129,9.78926,6.00102,0.0848043,5.93212,0.0833367,3.74358,-0.0602183,3.78803,-0.0596649,0.0678852,0.0667708,0.039,0.0386473,-0.00771522,4.16976,37.5888
5.28076e+08,0.651237,0.999984,9.7987,5.81428,0.0848043,5.87466,0.0847756,3.78279,-0.0907526,3.86653,-0.0904315,0.0831523,0.0818276,0.038,0.0382833,-0.00919328,4.16898,37.6035
7.70163e+08,0.0171028,0.010368,9.81,3.53727,29.3708,2.03727,12.3357,-3.10823,-12.1711,-2.10823,-12.3583,-0.76633,-0.76633,0.510881,0.51024,0.0626688,0.969347,28.5
5.28096e+08,0.651234,1.00962,9.8367,5.84748,0.176407,5.86431,0.175486,3.76798,-0.136554,3.72548,-0.135978,0.174755,0.171181,0.038,0.0377116,-0.0107519,4.16909,37.6065
7.70188e+08,0.0185108,0.00757302,9.81,3.84293,29.165,2.34293,12.2493,-3.41288,-11.9025,-2.41288,-12.0856,-0.882201,-0.882201,0.50785,0.511797,0.0625601,0.969247,28.5
5.28117e+08,0.653627,0.992759,9.77969,5.78355,0.100072,5.84982,0.0997882,3.80419,-0.136554,3.77038,-0.135685,0.0678852,0.0672203,0.038,0.0376498,-0.0109034,4.16927,37.5976
7.7021e+08,0.0193774,0.00495142,9.81,4.11065,28.9596,2.61065,12.163,-3.67561,-11.6359,-2.67561,-11.8149,-0.984003,-0.984003,0.505855,0.513168,0.0624514,0.969159,28.5
5.28138e+08,0.617806,1.0048,9.78212,5.85317,0.0848043,5.84688,0.0845156,3.59495,-0.10602,3.62832,-0.106015,0.0678852,0.0686713,0.038,0.0376439,-0.0110764,4.16944,37.5947
7.70233e+08,0.0198804,0.00218431,9.81,4.38129,28.7277,2.88129,12.0657,-3.93679,-11.3363,-2.93679,-11.5107,-1.08727,-1.08727,0.505096,0.514562,0.0623285,0.96907,28.5
5.28159e+08,0.636903,1.02407,9.74177,5.98828,0.0237356,5.93728,0.0249163,3.72015,-0.136554,3.77536,-0.13538,0.0678852,0.0692197,0.038,0.0376427,-0.0104782,4.16952,37.5829
7.70258e+08,0.0199774,-0.000951159,9.81,4.68052,28.4422,3.18052,11.9457,-4.21974,-10.9697,-3.21974,-11.1384,-1.20189,-1.20189,0.506215,0.516113,0.0621768,0.96897,28.5
5.28179e+08,0.641687,0.995167,9.74409,5.8189,0.0695372,5.83422,0.0698413,3.74827,-0.0602183,3.81987,-0.0611168,-0.00845075,-0.00711739,0.038,0.0376464,-0.0103112,4.16977,37.6241
7.70282e+08,0.0195903,-0.00402755,9.81,4.9732,28.1324,3.4732,11.8156,-4.48985,-10.5748,-3.48985,-10.7375,-1.31454,-1.31454,0.509437,0.517643,0.0620118,0.968871,28.5
5.282e+08,0.624965,1.01925,9.77738,5.93931,0.0848043,5.96756,0.0857071,3.63768,-0.121287,3.68226,-0.122451,0.159488,0.154586,0.04,0.038836,-0.00706532,4.16992,37.6359
5.28221e+08,0.663165,1.03852,9.80587,6.03186,0.115339,5.9773,0.115339,3.84754,-0.0602183,3.78295,-0.0605288,0.0373508,0.0402257,0.04,0.0395795,-0.00470499,4.17006,37.5682
7.70307e+08,0.0187146,-0.00705432,9.81,5.26721,27.7898,3.76721,11.6717,-4.7538,-10.1415,-3.7538,-10.2975,-1.42828,-1.42828,0.514492,0.519193,0.0618288,0.968771,28.5
5.28242e+08,0.62974,1.02166,9.81775,5.92886,0.0390028,5.93528,0.0395731,3.65044,-0.136554,3.74066,-0.135696,-0.00845075,-0.00302243,0.04,0.0396638,-0.00412664,4.17011,37.6035
7.70332e+08,0.017376,-0.00990319,9.81,5.55717,27.42,4.05717,11.5164,-5.00607,-9.67785,-4.00607,-9.82675,-1.5411,-1.5411,0.520569,0.520737,0.0616306,0.96867,28.5
5.28263e+08,0.648853,0.985534,9.8153,5.72133,0.100072,5.78841,0.100054,3.76324,-0.0602183,3.7388,-0.0605402,0.0831523,0.0831247,0.039,0.0389321,-0.00614003,4.17032,37.6565
7.70358e+08,0.0156055,-0.0125088,9.81,5.84333,27.0226,4.34333,11.3495,-5.24634,-9.18436,-4.24634,-9.32566,-1.65316,-1.65316,0.526683,0.522276,0.061417,0.96857,28.5
5.28283e+08,0.629742,1.01684,9.77975,5.92378,0.16114,5.96655,0.159705,3.66463,-0.0907526,3.7716,-0.0916338,0.0373508,0.0360264,0.039,0.0386887,-0.00671762,4.17036,37.6035
7.70378e+08,0.0138785,-0.0144009,9.81,6.07279,26.6797,4.57279,11.2055,-5.43217,-8.76251,-4.43217,-8.89732,-1.74358,-1.74358,0.530976,0.523524,0.061232,0.968488,28.5
7.70403e+08,0.0114427,-0.0164032,9.81,6.35118,26.2335,4.85118,11.0181,-5.64869,-8.21896,-4.64869,-8.34541,-1.85401,-1.85401,0.534728,0.525055,0.0609905,0.968388,28.5
7.70428e+08,0.00871428,-0.0180017,9.81,6.6255,25.7597,5.1255,10.8191,-5.85159,-7.64869,-4.85159,-7.76636,-1.96372,-1.96372,0.536347,0.526584,0.0607331,0.968287,28.5
7.70451e+08,0.00605663,-0.0190609,9.81,6.86924,25.3089,5.36924,10.6297,-6.02232,-7.11257,-5.02232,-7.22199,-2.06201,-2.06201,0.535936,0.527961,0.0604871,0.968196,28.5
5.28303e+08,0.658388,1.04574,9.78689,6.08535,-0.00679874,6.06674,-0.00621657,3.82691,-0.10602,3.82518,-0.106568,0.144221,0.141479,0.039,0.0386591,-0.00677856,4.17039,37.6006
5.28323e+08,0.641676,1.03611,9.78927,6.02893,0.0390028,5.97342,0.0389979,3.72954,-0.0907526,3.72971,-0.0904762,0.159488,0.157428,0.038,0.0379155,-0.0089668,4.17051,37.6153
5.28343e+08,0.62258,1.01203,9.80112,5.88348,0.05427,5.87189,0.0540045,3.61545,-0.197623,3.68644,-0.195855,0.0678852,0.0677082,0.038,0.0376807,-0.00953002,4.17054,37.6094
5.28363e+08,0.629741,1.01925,9.76076,5.94913,0.0237356,5.93206,0.0255144,3.67156,-0.121287,3.76558,-0.121587,0.0831523,0.0830915,0.038,0.0376501,-0.00971241,4.17056,37.5976
7.70476e+08,0.0029763,-0.0197773,9.81,7.13358,24.7864,5.63358,10.4103,-6.19639,-6.49909,-5.19639,-6.59908,-2.16957,-2.16957,0.53381,0.529478,0.0602007,0.968095,28.5
7.70497e+08,0.000375084,-0.0199965,9.81,7.34746,24.3365,5.84746,10.2213,-6.32804,-5.97778,-5.32804,-6.06975,-2.25741,-2.25741,0.531286,0.530723,0.059953,0.968012,28.5
5.28383e+08,0.629737,1.0337,9.73229,6.0503,0.145873,5.96202,0.145003,3.68156,-0.0602183,3.73914,-0.0619469,-0.0389851,-0.0335155,0.039,0.0383948,-0.00768969,4.17076,37.6271
7.7052e+08,-0.00250253,-0.0198428,9.81,7.57897,23.8205,6.07897,10.0046,-6.46045,-5.38775,-5.46045,-5.47063,-2.35338,-2.35338,0.528417,0.532092,0.0596676,0.96792,28.5
5.28403e+08,0.672733,0.980717,9.85563,5.66959,-0.0220659,5.82287,-0.0203151,3.88575,-0.121287,3.89382,-0.120733,0.00681639,0.00751641,0.039,0.0386281,-0.00685405,4.17077,37.6006
5.28423e+08,0.677491,1.04334,9.81062,6.05614,0.0390028,6.03667,0.0407431,3.92832,-0.0754855,3.85948,-0.0754912,0.159488,0.157909,0.039,0.0386514,-0.0068532,4.17078,37.6153
5.28443e+08,0.64645,1.04093,9.7869,6.05801,0.0848043,5.99327,0.0833534,3.75791,-0.10602,3.80544,-0.106874,0.0220836,0.020817,0.039,0.0386549,-0.0064763,4.17088,37.5976
7.70543e+08,-0.00528217,-0.0192899,9.81,7.80172,23.2937,6.30172,9.78334,-6.57711,-4.79408,-5.57711,-4.86783,-2.44669,-2.44669,0.526246,0.533432,0.0593749,0.96783,28.5
5.28463e+08,0.64169,0.983125,9.77969,5.72827,0.00846851,5.81809,0.00960388,3.73529,-0.182356,3.77196,-0.181757,0.0373508,0.0379242,0.039,0.0386599,-0.00699458,4.17089,37.6035
7.70567e+08,-0.00819121,-0.0182457,9.81,8.03889,22.6977,6.53889,9.53304,-6.68868,-4.13313,-5.68868,-4.19672,-2.5472,-2.5472,0.525347,0.534886,0.059042,0.967731,28.5
5.28484e+08,0.670332,1.02648,9.8106,5.95929,0.0237356,5.94467,0.0240685,3.88764,-0.10602,3.8296,-0.105736,0.128954,0.125512,0.039,0.0386551,-0.00725978,4.17098,37.6153
5.28505e+08,0.644075,0.995167,9.7892,5.79229,0.05427,5.8473,0.0560214,3.74507,-0.121287,3.72969,-0.122733,0.0220836,0.0235118,0.039,0.0386598,-0.00746628,4.17099,37.5682
7.70589e+08,-0.0105939,-0.0169638,9.81,8.24263,22.1547,6.74263,9.30499,-6.77316,-3.5408,-5.77316,-3.59527,-2.63461,-2.63461,0.526214,0.53616,0.058737,0.967645,28.5
5.28526e+08,0.615418,1.0048,9.77262,5.85888,0.0695372,5.90375,0.0704067,3.58452,-0.10602,3.64044,-0.106879,0.0373508,0.038861,0.039,0.0386609,-0.00723582,4.17099,37.5976
7.70613e+08,-0.0129921,-0.0152054,9.81,8.45942,21.5429,6.95942,9.04803,-6.85041,-2.88475,-5.85041,-2.92913,-2.72881,-2.72881,0.52902,0.537543,0.0583915,0.96755,28.5
5.28547e+08,0.675118,0.99035,9.7678,5.77571,0.0390028,5.83024,0.03954,3.9337,-0.0754855,3.85894,-0.0748874,0.0220836,0.0234459,0.039,0.0386605,-0.00731848,4.17099,37.6182
7.70638e+08,-0.0152159,-0.0129799,9.81,8.68209,20.8748,7.18209,8.76742,-6.91487,-2.18209,-5.91487,-2.21567,-2.827,-2.827,0.533789,0.538998,0.0580118,0.96745,28.5
5.28567e+08,0.641684,1.0048,9.82958,5.82431,0.16114,5.92699,0.15997,3.71571,-0.0907526,3.71473,-0.0921979,0.0678852,0.0699971,0.039,0.0386559,-0.00726823,4.17099,37.6153
7.70662e+08,-0.0170105,-0.0105187,9.81,8.89088,20.2083,7.39088,8.48748,-6.96017,-1.49552,-5.96017,-1.51852,-2.92056,-2.92056,0.539492,0.540397,0.0576305,0.967353,28.5
5.28587e+08,0.658394,1.02166,9.77736,5.95194,0.16114,5.90922,0.160265,3.83161,-0.121287,3.8149,-0.122434,0.0526179,0.0518634,0.039,0.0386595,-0.00725696,4.171,37.6212
7.70682e+08,-0.0182197,-0.00824873,9.81,9.06178,19.631,7.56178,8.24501,-6.9852,-0.912559,-5.9852,-0.926598,-2.99835,-2.99835,0.544483,0.541571,0.0572983,0.967271,28.5
5.28608e+08,0.67033,1.03611,9.79399,6.02489,0.0390028,6.04191,0.0401718,3.89373,-0.182356,3.85317,-0.181169,0.0373508,0.0393749,0.039,0.0386481,-0.00749026,4.17092,37.5829
7.70707e+08,-0.0192879,-0.00528934,9.81,9.26409,18.9069,7.76409,7.94089,-6.99931,-0.196788,-5.99931,-0.199815,-3.09202,-3.09202,0.549944,0.542998,0.0568787,0.96717,28.5
5.28629e+08,0.663168,1.02889,9.81298,5.97203,-0.0220659,5.96776,-0.0194725,3.8452,-0.0907526,3.81457,-0.0904591,0.0678852,0.0693076,0.038,0.0378094,-0.00960167,4.17101,37.6124
7.70732e+08,-0.0198786,-0.0022003,9.81,9.45862,18.1643,7.95862,7.62902,-6.99521,0.519295,-5.99521,0.527284,-3.18393,-3.18393,0.553872,0.544414,0.0564453,0.96707,28.5
7.70755e+08,-0.0199888,0.000668146,9.81,9.62927,17.471,8.12927,7.33781,-6.97559,1.17146,-5.97559,1.18948,-3.26626,-3.26626,0.555646,0.545696,0.0560375,0.966979,28.5
5.2865e+08,0.660782,1.02166,9.77736,5.95185,0.0695372,5.96797,0.0689836,3.84546,-0.197623,3.83611,-0.196426,0.0678852,0.0658625,0.038,0.0376498,-0.0103317,4.17101,37.5947
5.2867e+08,0.636895,1.05297,9.82491,6.10452,0.100072,6.08321,0.0997886,3.68792,-0.0907526,3.76307,-0.0913404,0.113687,0.110965,0.038,0.037634,-0.0104519,4.17101,37.6212
7.7078e+08,-0.0196448,0.00375245,9.81,9.80623,16.705,8.30623,7.01612,-6.93738,1.87325,-5.93738,1.90206,-3.35356,-3.35356,0.555512,0.547073,0.0555836,0.96688,28.5
7.70801e+08,-0.0189959,0.00625739,9.81,9.94762,16.0543,8.44762,6.74279,-6.89212,2.45407,-5.89212,2.49183,-3.42495,-3.42495,0.55399,0.548211,0.055195,0.966797,28.5
7.70821e+08,-0.0180435,0.00862743,9.81,10.0816,15.4013,8.58163,6.46856,-6.83558,3.02246,-5.83558,3.06896,-3.49415,-3.49415,0.551633,0.549327,0.0548024,0.966716,28.5
7.70846e+08,-0.0164679,0.0113494,9.81,10.239,14.5833,8.73898,6.12498,-6.74991,3.71415,-5.74991,3.77129,-3.57762,-3.57762,0.548318,0.55069,0.0543064,0.966616,28.5
5.2869e+08,0.66795,1.00721,9.79632,5.85674,0.237476,5.86942,0.233098,3.88021,-0.121287,3.81788,-0.120721,0.0373508,0.037381,0.038,0.037646,-0.0104575,4.17101,37.5771
5.2871e+08,0.648847,1.00721,9.79396,5.85889,0.191675,5.93067,0.188461,3.77046,-0.0754855,3.85172,-0.0763502,0.113687,0.109578,0.038,0.0376323,-0.0111666,4.17085,37.6065
5.2873e+08,0.660776,1.04334,9.81063,6.05682,0.100072,6.00562,0.0986149,3.83169,-0.10602,3.8005,-0.106324,0.128954,0.129485,0.038,0.0376322,-0.0112767,4.17086,37.6212
5.2875e+08,0.670324,1.05779,9.76316,6.16916,0.05427,6.1205,0.0554162,3.9049,-0.182356,3.9509,-0.180931,0.128954,0.124126,0.039,0.0384617,-0.00904447,4.17086,37.6065
5.2877e+08,0.641677,1.03129,9.80826,5.98962,0.0848043,5.96638,0.0851087,3.72261,-0.121287,3.77586,-0.121282,0.0526179,0.0528022,0.039,0.0386257,-0.00851542,4.17087,37.5771
7.70871e+08,-0.0144857,0.01379,9.81,10.3876,13.7511,8.88762,5.77544,-6.64682,4.39435,-5.64682,4.46195,-3.65906,-3.65906,0.545509,0.55204,0.0537971,0.966516,28.5
7.70893e+08,-0.0124633,0.0156418,9.81,10.51,13.0143,9.01005,5.46599,-6.54294,4.97663,-5.54294,5.05319,-3.72842,-3.72842,0.544192,0.553207,0.0533422,0.966428,28.5
7.70915e+08,-0.0102231,0.0171898,9.81,10.6249,12.2729,9.12491,5.15463,-6.42715,5.54349,-5.42715,5.62878,-3.79573,-3.79573,0.544363,0.554355,0.0528806,0.966342,28.5
7.7094e+08,-0.00738983,0.0185847,9.81,10.7497,11.4015,9.24965,4.78864,-6.27737,6.18521,-5.27737,6.28037,-3.87182,-3.87182,0.546608,0.555675,0.0523327,0.966241,28.5
7.70964e+08,-0.0045083,0.0194853,9.81,10.8603,10.5579,9.36026,4.43433,-6.1191,6.78096,-5.1191,6.88528,-3.94252,-3.94252,0.55062,0.556924,0.0517968,0.966145,28.5
5.2879e+08,0.629742,1.01684,9.77263,5.92805,0.0390028,5.93296,0.0399164,3.66726,-0.10602,3.76552,-0.107178,0.0831523,0.0818219,0.039,0.0386395,-0.00847175,4.1708,37.6271
5.28811e+08,0.639298,0.999984,9.82245,5.80083,0.0237356,5.83324,0.024594,3.70477,-0.136554,3.76848,-0.136843,0.0984194,0.0921712,0.038,0.0378075,-0.010856,4.17089,37.6153
5.28831e+08,0.648841,1.02889,9.77263,5.99698,0.130606,5.96892,0.130284,3.77769,-0.136554,3.72309,-0.137418,-0.00845075,-0.00633417,0.038,0.0376594,-0.0110936,4.17082,37.5976
5.28851e+08,0.67272,1.02648,9.81059,5.9592,0.115339,5.89772,0.114165,3.90145,-0.121287,3.87899,-0.121875,0.0678852,0.070602,0.038,0.03764,-0.0111926,4.17074,37.5918
5.28871e+08,0.641688,0.992759,9.80344,5.77016,0.0237356,5.81834,0.0248772,3.72597,-0.0602183,3.73518,-0.0599638,0.113687,0.11109,0.038,0.0376448,-0.0108853,4.17076,37.6035
7.70988e+08,-0.00156605,0.0199386,9.81,10.961,9.71663,9.46096,4.08099,-5.94902,7.34984,-4.94902,7.46291,-4.01025,-4.01025,0.555813,0.558143,0.0512568,0.96605,28.5
7.71009e+08,0.00115897,0.0199664,9.81,11.0458,8.93903,9.54576,3.75439,-5.78154,7.85305,-4.78154,7.97387,-4.07049,-4.07049,0.560977,0.559247,0.0507525,0.965963,28.5
7.71031e+08,0.00388444,0.0196192,9.81,11.1241,8.14833,9.62407,3.4223,-5.60166,8.34228,-4.60166,8.47062,-4.1295,-4.1295,0.565882,0.560349,0.0502346,0.965876,28.5
7.71054e+08,0.00667155,0.0188545,9.81,11.1986,7.30987,9.6986,3.07014,-5.40095,8.83609,-4.40095,8.97203,-4.18968,-4.18968,0.570018,0.561495,0.0496795,0.965783,28.5
5.28891e+08,0.651223,1.05056,9.82015,6.093,0.100072,5.99334,0.0997775,3.77255,-0.0449512,3.71595,-0.0461312,0.0984194,0.0976661,0.038,0.0376455,-0.0101689,4.16993,37.5859
5.28911e+08,0.660782,1.02407,9.80585,5.94864,0.145873,5.94339,0.146405,3.83434,-0.136554,3.78223,-0.136859,0.0831523,0.0837869,0.038,0.0376452,-0.00994563,4.16999,37.6182
5.28931e+08,0.629729,1.0626,9.77508,6.19126,0.05427,6.11557,0.0554447,3.66448,-0.0754855,3.69511,-0.07722,0.128954,0.12943,0.037,0.0367988,-0.012054,4.17004,37.6035
5.28951e+08,0.672718,1.0337,9.80586,6.0037,0.0390028,6.01775,0.0384547,3.903,-0.10602,3.88408,-0.106857,0.0373508,0.0380778,0.037,0.0366425,-0.0124885,4.17009,37.6124
5.28971e+08,0.689424,1.06501,9.79402,6.19081,0.0390028,6.04323,0.0395963,4.00302,-0.10602,3.95661,-0.106003,0.190022,0.184458,0.037,0.0366306,-0.0123904,4.17014,37.6094
7.71076e+08,0.00920354,0.0177565,9.81,11.2622,6.50356,9.76219,2.7315,-5.19877,9.28648,-4.19877,9.42934,-4.24531,-4.24531,0.572486,0.562579,0.0491397,0.965696,28.5
7.71098e+08,0.0115258,0.0163449,9.81,11.3175,5.70474,9.81754,2.39599,-4.99009,9.70879,-3.99009,9.85815,-4.2983,-4.2983,0.573266,0.563633,0.0485991,0.965609,28.5
7.71123e+08,0.0139557,0.0143261,9.81,11.3728,4.77062,9.87275,2.00366,-4.73612,10.1721,-3.73612,10.3286,-4.35767,-4.35767,0.572188,0.564845,0.0479591,0.965508,28.5
7.71145e+08,0.0158058,0.0122547,9.81,11.4131,3.94562,9.91313,1.65716,-4.50342,10.5537,-3.50342,10.7161,-4.40783,-4.40783,0.569862,0.565897,0.0473867,0.96542,28.5
7.71167e+08,0.0173248,0.00999257,9.81,11.4453,3.13329,9.94531,1.31598,-4.26708,10.9038,-3.26708,11.0715,-4.45518,-4.45518,0.566903,0.566916,0.0468163,0.965333,28.5
5.28991e+08,0.644069,1.01443,9.76786,5.9164,0.130606,5.961,0.1306,3.75236,-0.121287,3.78405,-0.121881,0.0984194,0.0982982,0.037,0.0366314,-0.0124852,4.16934,37.6153
5.29012e+08,0.648845,1.01443,9.75124,5.92618,0.0695372,5.95677,0.0701243,3.78646,-0.0602183,3.77149,-0.0622456,0.0831523,0.0852357,0.037,0.0366319,-0.0126064,4.16942,37.6124
5.29032e+08,0.624962,1.03129,9.74179,6.03068,0.100072,5.97998,0.0980935,3.65031,-0.121287,3.70524,-0.120429,0.128954,0.129486,0.037,0.0366351,-0.0122845,4.16951,37.6035
5.29052e+08,0.67272,1.02889,9.82722,5.96309,0.115339,5.89785,0.114181,3.89484,-0.0907526,3.90778,-0.0922039,0.0678852,0.0712408,0.038,0.0374766,-0.00978116,4.16941,37.6065
5.29072e+08,0.629747,0.997576,9.82246,5.78731,0.176407,5.83077,0.176412,3.64966,-0.121287,3.77005,-0.120706,0.0678852,0.0687015,0.038,0.0376295,-0.0097336,4.1695,37.6241
5.29092e+08,0.639294,1.01443,9.77736,5.9109,0.130606,5.93407,0.127997,3.72105,-0.182356,3.73246,-0.181785,0.0678852,0.0657644,0.038,0.0376459,-0.00964334,4.16831,37.6182
7.71187e+08,0.0184711,0.00766933,9.81,11.469,2.35884,9.96904,0.990715,-4.03548,11.2136,-3.03548,11.3861,-4.49846,-4.49846,0.564071,0.567874,0.0462659,0.965251,28.5
5.29112e+08,0.632128,1.02407,9.75364,5.98126,0.05427,6.00611,0.0546026,3.6879,-0.10602,3.74174,-0.105156,0.0678852,0.0692494,0.038,0.0376456,-0.00963014,4.16844,37.6094
7.7121e+08,0.0193744,0.00496311,9.81,11.4874,1.50402,9.98742,0.63169,-3.77318,11.5281,-2.77318,11.7055,-4.54417,-4.54417,0.561614,0.568915,0.0456508,0.96516,28.5
5.29133e+08,0.651236,1.00239,9.81057,5.82121,-0.0220659,5.82919,-0.019744,3.77817,-0.0907526,3.68922,-0.0910292,0.0831523,0.0811583,0.038,0.0376535,-0.00966718,4.16857,37.5859
7.71235e+08,0.019914,0.00185289,9.81,11.4983,0.556632,9.99828,0.233786,-3.47486,11.8426,-2.47486,12.0248,-4.59232,-4.59232,0.560436,0.570052,0.0449591,0.965059,28.5
7.7126e+08,0.0199579,-0.00129656,9.81,11.4992,-0.389231,9.99916,-0.163477,-3.16966,12.1203,-2.16966,12.3068,-4.6378,-4.6378,0.561357,0.571168,0.0442578,0.964959,28.5
7.71281e+08,0.0196287,-0.00383596,9.81,11.4926,-1.15768,9.99255,-0.486224,-2.91671,12.3188,-1.91671,12.5084,-4.67285,-4.67285,0.563692,0.572062,0.0436797,0.964877,28.5
7.71306e+08,0.0187813,-0.00687491,9.81,11.4754,-2.10369,9.97538,-0.883549,-2.59971,12.5294,-1.59971,12.7222,-4.71367,-4.71367,0.568196,0.573148,0.0429574,0.964777,28.5
5.29194e+08,0.670332,1.02648,9.81534,5.95645,0.130606,5.92531,0.129148,3.88578,-0.0907526,3.83018,-0.0915884,0.0526179,0.0520519,0.038,0.0376408,-0.0102729,4.16877,37.5947
5.29215e+08,0.670336,1.01203,9.76546,5.90283,0.176407,5.87695,0.174368,3.90597,-0.121287,3.97002,-0.12188,0.0984194,0.095789,0.038,0.0376385,-0.0105081,4.16888,37.6124
5.29235e+08,0.641677,1.03129,9.79638,5.9968,0.0695372,6.01213,0.069842,3.72706,-0.167089,3.75287,-0.165609,0.0831523,0.0825159,0.038,0.0376371,-0.0104272,4.16806,37.6035
7.71331e+08,0.0174649,-0.00974564,9.81,11.4482,-3.04858,9.94823,-1.2804,-2.27749,12.7019,-1.27749,12.8973,-4.75188,-4.75188,0.573778,0.574217,0.0422237,0.964676,28.5
5.29255e+08,0.667947,1.01925,9.79872,5.92483,0.00846851,5.93041,0.00846914,3.87877,-0.0602183,3.82082,-0.0599248,0.0526179,0.050775,0.038,0.0376419,-0.0102377,4.16838,37.6212
7.71354e+08,0.0158933,-0.012141,9.81,11.415,-3.90297,9.91501,-1.63925,-1.98183,12.8248,-0.981835,13.0221,-4.78423,-4.78423,0.578937,0.57517,0.041549,0.964585,28.5
5.29275e+08,0.663184,0.971083,9.78202,5.6564,-0.0220659,5.70351,-0.0220215,3.85959,0.0161176,3.76384,0.0137744,0.113687,0.114977,0.038,0.0376569,-0.00998935,4.16851,37.5918
7.71375e+08,0.0141284,-0.0141558,9.81,11.3766,-4.69877,9.87658,-1.97348,-1.70321,12.9104,-0.703206,13.109,-4.81247,-4.81247,0.583138,0.576047,0.0409106,0.964499,28.5
7.71397e+08,0.0120595,-0.0159552,9.81,11.3299,-5.50996,9.82989,-2.31418,-1.41636,12.9687,-0.416362,13.1682,-4.83937,-4.83937,0.586251,0.576931,0.0402494,0.964412,28.5
7.71419e+08,0.00976112,-0.0174562,9.81,11.2757,-6.31795,9.77573,-2.65354,-1.12822,12.997,-0.128221,13.197,-4.86424,-4.86424,0.587792,0.577801,0.0395799,0.964325,28.5
7.71444e+08,0.00689851,-0.0187726,9.81,11.2045,-7.23965,9.70445,-3.04065,-0.797096,12.9926,0.202904,13.1924,-4.89025,-4.89025,0.587488,0.578782,0.038802,0.964224,28.5
5.29296e+08,0.660781,1.02648,9.79161,5.9711,0.100072,5.89164,0.101213,3.83974,-0.304493,3.73667,-0.302437,0.0678852,0.0673136,0.039,0.0385574,-0.00733302,4.16864,37.5829
5.29316e+08,0.63928,1.06501,9.76795,6.20927,0.05427,6.05606,0.0556998,3.72248,0.0161176,3.76218,0.0134791,0.0984194,0.100896,0.039,0.038644,-0.00739265,4.16876,37.6035
5.29336e+08,0.644077,0.987942,9.77257,5.7602,0.0390028,5.88085,0.0392572,3.75165,-0.10602,3.8223,-0.104297,0.0831523,0.0817997,0.039,0.0386484,-0.00760568,4.16888,37.6241
5.29356e+08,0.644072,1.0048,9.78209,5.85218,0.100072,5.859,0.0994675,3.74737,-0.167089,3.77771,-0.165631,0.0984194,0.0933718,0.038,0.0377536,-0.0101712,4.16898,37.6124
5.29376e+08,0.639303,0.980717,9.81767,5.69255,0.0695372,5.79571,0.0692821,3.7073,-0.10602,3.7416,-0.105455,0.113687,0.11049,0.038,0.0376573,-0.0106418,4.16892,37.6035
7.71466e+08,0.00426311,-0.0195404,9.81,11.1345,-8.03659,9.63451,-3.37537,-0.509159,12.9564,0.490841,13.1558,-4.91068,-4.91068,0.585628,0.579621,0.0381167,0.964137,28.5
5.29396e+08,0.615403,1.05779,9.76321,6.17139,0.0237356,6.05385,0.0246395,3.58582,-0.151821,3.65745,-0.150331,0.0526179,0.0525642,0.038,0.0376428,-0.0107069,4.16869,37.6124
7.71491e+08,0.00114492,-0.0199672,9.81,11.0453,-8.94307,9.54534,-3.75609,-0.180375,12.8781,0.819625,13.0763,-4.93154,-4.93154,0.582274,0.580564,0.0373218,0.964036,28.5
5.29417e+08,0.653621,1.01443,9.79872,5.8976,0.115339,5.94866,0.113604,3.79602,-0.10602,3.75901,-0.106042,0.0526179,0.0552714,0.039,0.0385414,-0.00824143,4.16881,37.6094
7.71516e+08,-0.00201162,-0.0198986,9.81,10.9464,-9.84351,9.44637,-4.13427,0.146953,12.7603,1.14695,12.9566,-4.9497,-4.9497,0.578513,0.58149,0.0365151,0.963936,28.5
7.71537e+08,-0.00462014,-0.019459,9.81,10.8562,-10.5902,9.35621,-4.44787,0.418458,12.6315,1.41846,12.8258,-4.96277,-4.96277,0.575813,0.58225,0.0358324,0.963852,28.5
7.7156e+08,-0.00741981,-0.0185727,9.81,10.7484,-11.4105,9.24843,-4.79241,0.716322,12.4568,1.71632,12.6484,-4.97499,-4.97499,0.57399,0.583077,0.035067,0.963758,28.5
7.71581e+08,-0.00975247,-0.0174611,9.81,10.647,-12.124,9.147,-5.09209,0.974641,12.2758,1.97464,12.4647,-4.98374,-4.98374,0.573799,0.583789,0.0343874,0.963676,28.5
5.29478e+08,0.663165,1.04093,9.8035,6.04719,-0.0220659,6.04429,-0.0185916,3.84835,-0.151821,3.83497,-0.151511,0.0678852,0.0711665,0.039,0.038644,-0.00785369,4.16928,37.5829
5.29498e+08,0.663179,0.987942,9.77493,5.75808,0.100072,5.88474,0.0681074,3.86167,-0.0907526,3.79577,-0.0596537,0.0831523,0.0784704,0.039,0.0386528,-0.00761039,4.16827,37.6065
5.29519e+08,0.603478,1.00721,9.80587,5.85356,0.0848043,5.86272,0.0847935,3.5033,-0.10602,3.60663,-0.106325,0.144221,0.140226,0.038,0.0382977,-0.00872416,4.1685,37.5741
7.71606e+08,-0.0123736,-0.0157129,9.81,10.515,-12.9833,9.01501,-5.45299,1.28419,12.0211,2.28419,12.206,-4.99187,-4.99187,0.575552,0.58464,0.0335508,0.963575,28.5
5.2954e+08,0.641683,1.00962,9.79872,5.87026,0.0695372,5.91203,0.070695,3.72707,-0.121287,3.76453,-0.12188,0.0526179,0.0552385,0.038,0.0377128,-0.0106343,4.16862,37.6153
7.71629e+08,-0.0144683,-0.0138083,9.81,10.3888,-13.7443,8.88878,-5.77261,1.55638,11.761,2.55638,11.942,-4.9968,-4.9968,0.578827,0.585386,0.032792,0.963485,28.5
5.2956e+08,0.646465,0.987942,9.81055,5.73805,0.00846851,5.82483,0.00967103,3.75113,-0.10602,3.77801,-0.104568,0.0526179,0.0545789,0.038,0.0376507,-0.0108602,4.16891,37.6035
7.71654e+08,-0.0164575,-0.0113645,9.81,10.2399,-14.5785,8.73987,-6.12296,1.85197,11.4375,2.85197,11.6135,-4.99963,-4.99963,0.583797,0.586196,0.0319395,0.963385,28.5
5.2958e+08,0.667946,1.02166,9.78447,5.94728,0.0848043,5.95763,0.0833529,3.88424,-0.182356,3.81318,-0.180582,0.00681639,0.00944565,0.038,0.0376417,-0.0103609,4.16902,37.6006
7.71679e+08,-0.0180357,-0.00864375,9.81,10.0826,-15.3967,8.58256,-6.4666,2.13836,11.0798,3.13836,11.2503,-4.99967,-4.99967,0.589264,0.586983,0.0310807,0.963284,28.5
7.71703e+08,-0.0191313,-0.00583023,9.81,9.92355,-16.1677,8.42355,-6.79042,2.40431,10.7049,3.40431,10.8696,-4.99708,-4.99708,0.594033,0.587719,0.0302491,0.963188,28.5
7.71728e+08,-0.0198092,-0.00275608,9.81,9.74957,-16.9559,8.24957,-7.12146,2.67146,10.2821,3.67146,10.4402,-4.99165,-4.99165,0.597617,0.588465,0.0293747,0.963088,28.5
7.71753e+08,-0.0199962,0.000387875,9.81,9.56731,-17.7276,8.06731,-7.44558,2.92757,9.82774,3.92757,9.97893,-4.98342,-4.98342,0.599172,0.589189,0.0284925,0.962988,28.5
5.29601e+08,0.634517,1.01925,9.77025,5.94323,0.0848043,5.85636,0.0856411,3.69578,-0.197623,3.79428,-0.194415,0.128954,0.12675,0.037,0.0367449,-0.0127023,4.16912,37.6506
5.29622e+08,0.653618,1.02407,9.78212,5.9632,0.130606,5.99896,0.128567,3.80197,-0.0449512,3.78372,-0.0481368,0.113687,0.110336,0.037,0.0366344,-0.0129923,4.16922,37.6388
5.29642e+08,0.667951,1.00239,9.82006,5.815,0.05427,5.84752,0.00936131,3.87116,-0.121287,3.70929,-0.0902052,0.0984194,0.0677644,0.037,0.0366362,-0.0128583,4.16948,37.6065
5.29662e+08,0.627355,1.01203,9.7655,5.90452,0.00846851,5.87931,0.00908938,3.65622,-0.121287,3.71123,-0.121863,0.0678852,0.0718446,0.037,0.0366398,-0.0126319,4.16956,37.5976
5.29682e+08,0.65839,1.03611,9.76789,6.0413,0.100072,5.97959,0.0986199,3.83466,-0.121287,3.79259,-0.120994,0.0220836,0.0254584,0.037,0.0366358,-0.012697,4.16853,37.6124
7.71777e+08,-0.019704,0.00342842,9.81,9.38289,-18.4592,7.88289,-7.75284,3.16453,9.35856,4.16453,9.50254,-4.97279,-4.97279,0.598563,0.589869,0.0276302,0.96289,28.5
7.71802e+08,-0.0189578,0.0063721,9.81,9.19224,-19.1694,7.69224,-8.05113,3.3883,8.86556,4.3883,9.00196,-4.95962,-4.95962,0.596156,0.590526,0.0267665,0.962794,28.5
5.29724e+08,0.675115,0.999984,9.8058,5.80917,0.0390028,5.96302,0.040166,3.91826,-0.0907526,3.84235,-0.0895725,0.0831523,0.0837527,0.038,0.0375731,-0.00917404,4.16862,37.6535
7.71824e+08,-0.0179006,0.00892011,9.81,9.01293,-19.7991,7.51292,-8.31561,3.58079,8.39603,4.58079,8.5252,-4.94543,-4.94543,0.592932,0.591103,0.0259767,0.962706,28.5
5.29745e+08,0.658392,1.02889,9.75838,6.00525,0.100072,5.91565,0.0971967,3.83865,-0.151821,3.82022,-0.151804,0.0831523,0.0812173,0.038,0.0376453,-0.0088959,4.16874,37.6065
7.71845e+08,-0.0165109,0.0112867,9.81,8.82884,-20.4106,7.32884,-8.57245,3.76169,7.90946,4.76169,8.03114,-4.9292,-4.9292,0.5894,0.591661,0.0251861,0.962618,28.5
5.29766e+08,0.651225,1.04334,9.78927,6.07027,0.0848043,5.96961,0.0830984,3.78459,-0.197623,3.80665,-0.196471,0.0678852,0.0691454,0.037,0.0370521,-0.0110817,4.16886,37.5888
7.71866e+08,-0.0148804,0.0133631,9.81,8.64656,-20.9843,7.14656,-8.8134,3.92532,7.42418,4.92532,7.53839,-4.91162,-4.91162,0.586335,0.592181,0.0244211,0.962534,28.5
5.29787e+08,0.665543,1.07464,9.82492,6.22801,0.130606,6.14486,0.130002,3.85241,-0.0907526,3.80133,-0.0919047,0.0831523,0.0845676,0.037,0.0366689,-0.0122552,4.16905,37.6212
7.71887e+08,-0.0130526,0.0151535,9.81,8.46515,-21.5263,6.96515,-9.04104,4.07386,6.93872,5.07386,7.04547,-4.89274,-4.89274,0.58421,0.59267,0.0236757,0.962453,28.5
7.71912e+08,-0.0105097,0.0170161,9.81,8.23531,-22.1748,6.73531,-9.3134,4.24287,6.32143,5.24287,6.41868,-4.867,-4.867,0.583291,0.593251,0.0227517,0.962352,28.5
7.71935e+08,-0.00788744,0.018379,9.81,8.01375,-22.7627,6.51375,-9.56032,4.38681,5.7252,5.38681,5.81328,-4.84039,-4.84039,0.584397,0.593775,0.0218803,0.962258,28.5
7.71957e+08,-0.00531615,0.0192805,9.81,7.80445,-23.287,6.30445,-9.78054,4.50673,5.16193,5.50673,5.24134,-4.81375,-4.81375,0.587017,0.59424,0.0210728,0.962171,28.5
7.71982e+08,-0.00225941,0.019872,9.81,7.55951,-23.8651,6.05951,-10.0233,4.62841,4.50384,5.62841,4.57313,-4.78083,-4.78083,0.591418,0.59475,0.0201451,0.962072,28.5
5.29807e+08,0.679882,1.0337,9.78923,6.01348,0.00846851,5.95342,0.00908452,3.95103,0.000850439,3.84056,-0.00062899,0.0526179,0.0533148,0.037,0.0366417,-0.0118334,4.16915,37.6006
5.29827e+08,0.62497,1.00239,9.7916,5.83337,-0.00679874,5.71761,-0.00708189,3.63314,-0.0907526,3.67566,-0.0898834,-0.00845075,-0.00425074,0.039,0.037854,-0.00748162,4.16924,37.6594
5.29847e+08,0.646471,0.963858,9.80577,5.60177,0.237476,5.67353,0.236284,3.75388,-0.228157,3.6669,-0.226683,0.0373508,0.038864,0.039,0.038601,-0.00540232,4.16942,37.6006
5.29867e+08,0.617801,1.02166,9.81538,5.93073,0.130606,5.91619,0.13234,3.58227,-0.167089,3.62902,-0.168529,0.00681639,0.0102988,0.039,0.0386721,-0.00479874,4.1695,37.6212
5.29887e+08,0.682279,0.999984,9.75831,5.83682,-0.144203,5.87747,-0.143023,3.97871,0.0619192,3.89388,0.061896,0.113687,0.108409,0.039,0.0386712,-0.00527615,4.16958,37.6182
5.29907e+08,0.684674,0.973491,9.73927,5.69409,0.176407,5.81049,0.173757,4.00142,-0.182356,3.99971,-0.180271,0.0220836,0.0247486,0.039,0.0386619,-0.00637442,4.16864,37.5947
7.72003e+08,0.000434244,0.0199953,9.81,7.34266,-24.3469,5.84266,-10.2257,4.72026,3.92314,5.72026,3.9835,-4.75023,-4.75023,0.595823,0.595173,0.0193379,0.961986,28.5
7.72029e+08,0.00360547,0.0196723,9.81,7.08076,-24.8937,5.58076,-10.4553,4.81241,3.22528,5.81241,3.2749,-4.71152,-4.71152,0.600824,0.59565,0.0183789,0.961885,28.5
7.72054e+08,0.00670269,0.0188434,9.81,6.8116,-25.4181,5.3116,-10.6756,4.88681,2.51319,5.88681,2.55186,-4.66987,-4.66987,0.604654,0.596106,0.0174095,0.961782,28.5
7.72076e+08,0.00914489,0.0177868,9.81,6.58412,-25.8334,5.08412,-10.85,4.93446,1.91629,5.93446,1.94577,-4.63325,-4.63325,0.606359,0.596465,0.0166018,0.961698,28.5
5.29927e+08,0.658395,1.01925,9.76074,5.94801,0.206942,5.96152,0.208116,3.83815,-0.273959,3.91656,-0.275427,0.0831523,0.0803751,0.039,0.0386538,-0.00679652,4.16884,37.5888
5.29947e+08,0.644065,1.03129,9.75127,6.02412,-0.00679874,6.00744,-0.00589507,3.75796,-0.0144167,3.81067,-0.0147555,0.0984194,0.0943075,0.037,0.0374564,-0.0105262,4.16895,37.6182
5.29967e+08,0.672725,1.00962,9.72272,5.91437,0.115339,5.93273,0.113581,3.93694,-0.167089,3.88328,-0.165331,0.0831523,0.0838478,0.037,0.0367134,-0.0132624,4.16906,37.6388
5.29987e+08,0.617809,0.995167,9.7821,5.79744,0.0390028,5.83706,0.0422108,3.59532,-0.21289,3.65056,-0.211998,0.113687,0.115547,0.037,0.0366448,-0.013375,4.16916,37.6594
7.72098e+08,0.0115714,0.0163127,9.81,6.33741,-26.2563,4.83741,-11.0277,4.97108,1.2748,5.97108,1.29441,-4.59215,-4.59215,0.60644,0.59683,0.0157367,0.961607,28.5
5.30007e+08,0.648863,0.949407,9.782,5.53149,-0.00679874,5.6265,-0.00562448,3.77731,-0.0449512,3.63765,-0.0464026,0.00681639,0.00770178,0.038,0.0372527,-0.0107878,4.16925,37.6212
7.72121e+08,0.0137866,0.014489,9.81,6.08411,-26.6622,4.58411,-11.1981,4.9931,0.62328,5.9931,0.632868,-4.54848,-4.54848,0.604757,0.597179,0.0148592,0.961516,28.5
7.72146e+08,0.0158901,0.0121451,9.81,5.80169,-27.0825,4.30169,-11.3746,4.99984,-0.093704,5.99984,-0.0951456,-4.49812,-4.49812,0.601313,0.597538,0.0138923,0.961415,28.5
7.72171e+08,0.0176006,0.00949833,9.81,5.51481,-27.476,4.01481,-11.5399,4.98832,-0.810872,5.98832,-0.823347,-4.44521,-4.44521,0.597013,0.597874,0.0129213,0.961315,28.5
5.30027e+08,0.687053,1.0048,9.77256,5.85609,0.145873,5.83606,0.145855,4.0005,-0.136554,3.82544,-0.13478,0.0220836,0.0214128,0.038,0.0376173,-0.00943744,4.16934,37.6094
5.30047e+08,0.665555,1.03129,9.79161,5.99872,0.252743,6.00284,0.250726,3.8672,-0.273959,3.88414,-0.27393,0.0678852,0.0666212,0.038,0.0376352,-0.00992699,4.16943,37.6329
5.30067e+08,0.675101,1.05297,9.73229,6.16032,-0.00679874,6.18474,-0.005329,3.94514,-0.0144167,3.95559,-0.0153104,0.0526179,0.0519241,0.039,0.0382193,-0.00826015,4.16951,37.6329
5.30087e+08,0.677486,1.06019,9.82252,6.14589,-0.0984018,6.10256,-0.0954984,3.92289,0.0313847,3.92666,0.0310964,0.0526179,0.0512858,0.039,0.0385956,-0.00703346,4.16959,37.5918
5.30107e+08,0.689438,1.01443,9.77732,5.9089,0.100072,5.97172,0.100642,4.01202,-0.0296841,3.9583,-0.0305874,0.0831523,0.0811613,0.039,0.0386409,-0.0070552,4.16983,37.6153
7.72195e+08,0.018815,0.00678195,9.81,5.2403,-27.8225,3.7403,-11.6854,4.96069,-1.48569,5.96069,-1.50855,-4.39297,-4.39297,0.593088,0.598169,0.0120017,0.96122,28.5
5.30128e+08,0.641684,1.0048,9.89843,5.78424,0.130606,5.84602,0.131469,3.6902,-0.167089,3.71308,-0.167355,0.0373508,0.0362752,0.038,0.038063,-0.00887155,4.16997,37.6094
7.72215e+08,0.0195281,0.00431898,9.81,5.00113,-28.1012,3.50113,-11.8025,4.9239,-2.06391,5.9239,-2.09567,-4.34621,-4.34621,0.590462,0.598405,0.0112073,0.961139,28.5
5.30148e+08,0.684647,1.07224,10.1193,6.03477,-0.00679874,5.96974,-0.00385013,3.84911,-0.0754855,3.78869,-0.0789587,0.0678852,0.0598899,0.038,0.0376988,-0.00827981,4.17011,37.5888
7.72237e+08,0.0199282,0.00169356,9.81,4.75098,-28.3704,3.25098,-11.9156,4.87321,-2.65842,5.87321,-2.69932,-4.29608,-4.29608,0.588954,0.598633,0.0103825,0.961054,28.5
5.30168e+08,0.524705,0.91569,9.4924,5.50167,0.0695372,5.73129,0.0704337,3.14929,-0.10602,3.51056,-0.106077,0.357961,0.350289,0.038,0.0376737,-0.00909256,4.17024,37.6006
7.72262e+08,0.019947,-0.00145453,9.81,4.45139,-28.6636,2.95139,-12.0387,4.79665,-3.35582,5.79665,-3.40744,-4.23442,-4.23442,0.589118,0.59888,0.00940218,0.960954,28.5
5.30188e+08,0.761046,1.11559,10.0908,6.29098,0.05427,6.03481,0.0548647,4.28704,-0.289226,3.98158,-0.287701,-0.0542523,-0.0486451,0.038,0.0376562,-0.00828229,4.17028,37.6124
7.72284e+08,0.0195419,-0.00425597,9.81,4.17957,-28.9029,2.67957,-12.1392,4.71277,-3.97409,5.71277,-4.03523,-4.17698,-4.17698,0.59108,0.599082,0.00851888,0.960863,28.5
5.30209e+08,0.624954,1.06019,9.69673,6.22685,-0.00679874,6.12137,-0.00588428,3.66583,0.0161176,3.79243,0.0143162,0.266358,0.254283,0.038,0.0376504,-0.00844047,4.17032,37.6359
7.72309e+08,0.0186291,-0.00727722,9.81,3.87389,-29.1424,2.37389,-12.2398,4.60268,-4.65203,5.60268,-4.7236,-4.11069,-4.11069,0.594901,0.599283,0.00753178,0.960763,28.5
5.3023e+08,0.720459,1.0915,9.90563,6.27164,0.0848043,6.10807,0.0844665,4.13499,-0.0449512,4.02,-0.0455379,0.00681639,-0.000262522,0.038,0.0376397,-0.00866004,4.17044,37.6065
7.72332e+08,0.017421,-0.0098239,9.81,3.59894,-29.3317,2.09894,-12.3193,4.4899,-5.2454,5.4899,-5.3261,-4.04955,-4.04955,0.599137,0.599442,0.00664881,0.960673,28.5
5.30251e+08,0.722853,1.06742,9.76551,6.22107,0.16114,6.16515,0.160819,4.2084,-0.136554,4.13303,-0.13826,0.113687,0.112829,0.038,0.0376294,-0.00902978,4.17047,37.5947
7.72353e+08,0.0159419,-0.012077,9.81,3.3345,-29.4909,1.8345,-12.3862,4.36955,-5.80081,5.36955,-5.89005,-3.9894,-3.9894,0.60323,0.599575,0.00580334,0.960587,28.5
5.30272e+08,0.653613,1.04093,9.78927,6.05627,0.115339,6.07607,0.115948,3.79853,-0.167089,3.77632,-0.166535,0.0526179,0.0515065,0.038,0.0376411,-0.0088198,4.1705,37.6182
5.30293e+08,0.613032,0.999984,9.79873,5.81571,-0.113669,5.80595,-0.111862,3.56144,-0.0296841,3.56992,-0.0291028,0.0984194,0.102519,0.038,0.0376637,-0.00859406,4.17053,37.6065
7.72378e+08,0.0138602,-0.0144185,9.81,3.02534,-29.6489,1.52534,-12.4526,4.21459,-6.43029,5.21459,-6.52922,-3.9174,-3.9174,0.607184,0.599707,0.00481893,0.960487,28.5
5.30314e+08,0.648846,1.00962,9.76785,5.88832,0.130606,5.83085,0.0841671,3.78031,-0.151821,3.58857,-0.105997,-0.0237179,0.144818,0.038,0.037667,-0.00904403,4.17022,37.6124
7.72403e+08,0.0114215,-0.0164179,9.81,2.71264,-29.7786,1.21264,-12.507,4.04277,-7.04433,5.04277,-7.1527,-3.84275,-3.84275,0.609498,0.599815,0.00382689,0.960387,28.5
7.72428e+08,0.00873046,-0.0179939,9.81,2.40223,-29.8776,0.902232,-12.5486,3.85772,-7.63041,4.85772,-7.7478,-3.7668,-3.7668,0.609666,0.599898,0.00284493,0.960288,28.5
7.72453e+08,0.00580847,-0.019138,9.81,2.089,-29.9479,0.588998,-12.5781,3.65688,-8.19717,4.65688,-8.32328,-3.6883,-3.6883,0.607689,0.599957,0.00185615,0.960188,28.5
7.72485e+08,0.00185253,-0.019914,9.81,1.68551,-29.9948,0.185508,-12.5978,3.37812,-8.88916,4.37812,-9.02591,-3.58438,-3.58438,0.602743,0.599996,0.000584376,0.960059,28.5
5.30335e+08,0.639291,1.02407,9.8676,5.91269,0.145873,5.8803,0.145884,3.68709,-0.0907526,3.63621,-0.093097,0.0831523,0.0825436,0.038,0.0376637,-0.00875639,4.17026,37.5771
5.30355e+08,0.67511,1.01925,9.81295,5.91605,0.0237356,5.88063,0.021421,3.91463,0.0466518,3.77753,0.0437209,0.0526179,0.0524973,0.038,0.0376617,-0.00867554,4.17021,37.6153
5.30375e+08,0.644065,1.03129,9.72278,6.04157,0.130606,5.95926,0.12999,3.76882,-0.121287,3.81466,-0.121542,0.0984194,0.0942596,0.038,0.0376545,-0.00865646,4.17025,37.6212
5.30395e+08,0.696595,1.03852,9.85096,6.00319,0.222209,6.06153,0.220474,4.02263,-0.258692,3.95385,-0.258375,0.0831523,0.0876211,0.038,0.0376399,-0.00856476,4.17029,37.63
5.30416e+08,0.689432,1.03852,9.77736,6.04813,-0.0220659,5.91109,-0.0217485,4.01094,-0.0296841,3.90566,-0.0296957,0.00681639,0.00440961,0.038,0.0376539,-0.00847565,4.17033,37.5888
7.7251e+08,-0.00131175,-0.0199569,9.81,1.36873,-29.9974,-0.131265,-12.5989,3.14407,-9.40111,4.14407,-9.54574,-3.50056,-3.50056,0.598042,0.599998,-0.000413495,0.959958,28.5
7.72536e+08,-0.00443322,-0.0195025,9.81,1.05311,-29.97,-0.446887,-12.5874,2.8981,-9.88267,3.8981,-10.0347,-3.41503,-3.41503,0.593761,0.599975,-0.00140804,0.959858,28.5
7.72561e+08,-0.00744292,-0.0185635,9.81,0.738099,-29.9128,-0.761901,-12.5634,2.64036,-10.3338,3.64036,-10.4928,-3.32764,-3.32764,0.590824,0.599927,-0.00240173,0.959757,28.5
7.72586e+08,-0.010245,-0.0171767,9.81,0.426468,-29.8266,-1.07353,-12.5272,2.37381,-10.7501,3.37381,-10.9155,-3.23913,-3.23913,0.589864,0.599855,-0.00338652,0.959658,28.5
5.30436e+08,0.665561,1.01203,9.76784,5.90161,0.16114,5.85412,0.159937,3.8773,-0.10602,3.86463,-0.106014,0.0678852,0.065263,0.039,0.038402,-0.0065357,4.17037,37.5976
5.30456e+08,0.632128,1.02166,9.78688,5.94726,0.145873,5.89371,0.14676,3.67565,-0.10602,3.73947,-0.108962,0.0373508,0.0328547,0.039,0.038638,-0.00604336,4.1704,37.5947
5.30476e+08,0.632134,0.999984,9.77497,5.82897,0.0237356,5.864,0.0231985,3.68093,0.000850439,3.65187,-0.000313541,0.0220836,0.0254988,0.039,0.0386692,-0.0058043,4.17043,37.6241
5.30496e+08,0.622579,1.01443,9.81774,5.88751,0.115339,5.85643,0.112408,3.60931,0.000850439,3.65794,0.000844929,0.0678852,0.0719018,0.038,0.0379292,-0.00787037,4.17055,37.6241
5.30516e+08,0.629744,1.00721,9.77499,5.87088,0.283278,5.83106,0.280917,3.66677,-0.21289,3.74561,-0.211726,0.0220836,0.0247757,0.038,0.0376932,-0.00861129,4.17049,37.5888
7.72611e+08,-0.0128173,-0.0153531,9.81,0.113235,-29.7101,-1.38676,-12.4783,2.09474,-11.1373,3.09474,-11.3086,-3.14806,-3.14806,0.591061,0.599758,-0.0043789,0.959557,28.5
7.72636e+08,-0.0150723,-0.0131463,9.81,-0.198814,-29.5639,-1.69881,-12.4169,1.80604,-11.4907,2.80604,-11.6675,-3.05517,-3.05517,0.594148,0.599636,-0.00537082,0.959457,28.5
7.72661e+08,-0.0169521,-0.0106125,9.81,-0.50915,-29.3883,-2.00915,-12.3431,1.50879,-11.809,2.50879,-11.9907,-2.96057,-2.96057,0.598419,0.599489,-0.00636134,0.959356,28.5
7.72686e+08,-0.0184068,-0.0078225,9.81,-0.816647,-29.1839,-2.31665,-12.2572,1.20471,-12.0906,2.20471,-12.2766,-2.86457,-2.86457,0.602889,0.599318,-0.00734758,0.959256,28.5
5.30536e+08,0.653611,1.04815,9.79877,6.09215,0.176407,5.99673,0.174087,3.79459,-0.136554,3.79654,-0.138305,0.0984194,0.0969381,0.038,0.0376542,-0.0089695,4.17052,37.5918
7.72707e+08,-0.0192706,-0.00535195,9.81,-1.07061,-28.9919,-2.57061,-12.1766,0.946722,-12.2967,1.94672,-12.4859,-2.78352,-2.78352,0.606032,0.599156,-0.00816631,0.959172,28.5
5.30556e+08,0.677491,1.04574,9.83911,6.05265,0.206942,6.07317,0.20519,3.917,-0.136554,3.80464,-0.13656,0.0984194,0.0983585,0.038,0.0376447,-0.00868806,4.17071,37.6447
5.30576e+08,0.679884,1.02407,9.82008,5.93935,-0.037333,5.92906,-0.0361516,3.93921,-0.0449512,3.86052,-0.0443809,0.0526179,0.0525881,0.038,0.0376507,-0.00835706,4.17081,37.6006
5.30596e+08,0.653633,0.968675,9.77253,5.64825,0.00846851,5.72795,0.00728773,3.80791,-0.0296841,3.7718,-0.026786,0.190022,0.185093,0.038,0.037666,-0.00831993,4.17083,37.6212
5.30616e+08,0.5987,1.01443,9.78452,5.90816,0.329079,5.92868,0.328757,3.48286,-0.258692,3.57744,-0.258132,0.0526179,0.0539798,0.038,0.0376661,-0.007894,4.17092,37.5947
7.72728e+08,-0.0198078,-0.00276641,9.81,-1.32507,-28.778,-2.82507,-12.0867,0.682265,-12.4786,1.68226,-12.6705,-2.70066,-2.70066,0.608122,0.598976,-0.00899099,0.959088,28.5
7.72748e+08,-0.0199989,-0.00020999,9.81,-1.57019,-28.5511,-3.07019,-11.9915,0.422103,-12.6296,1.4221,-12.8239,-2.6192,-2.6192,0.60878,0.598785,-0.00979003,0.959007,28.5
7.72773e+08,-0.0197839,0.00293242,9.81,-1.86869,-28.2465,-3.36869,-11.8635,0.0984682,-12.7803,1.09847,-12.9769,-2.51776,-2.51776,0.607569,0.598528,-0.0107699,0.958906,28.5
7.72795e+08,-0.01921,0.00556559,9.81,-2.12137,-27.9637,-3.62137,-11.7448,-0.181052,-12.8783,0.818947,-13.0765,-2.42987,-2.42987,0.604918,0.598288,-0.011606,0.95882,28.5
5.30636e+08,0.641672,1.05056,9.76555,6.12705,0.145873,6.1222,0.145625,3.73786,-0.0144167,3.68662,-0.0165071,0.0678852,0.0719636,0.038,0.0376574,-0.00733318,4.17093,37.6212
5.30656e+08,0.634529,0.9759,9.77968,5.68672,-0.220539,5.83299,-0.219613,3.69399,0.122988,3.7345,0.123552,0.0526179,0.0512629,0.038,0.0376656,-0.00682721,4.17093,37.5888
5.30676e+08,0.687055,0.997576,9.77017,5.81567,0.206942,5.85368,0.204857,4.00178,-0.258692,3.98181,-0.256324,0.0220836,0.0234811,0.038,0.0376647,-0.00723292,4.17102,37.6329
5.30696e+08,0.653613,1.04093,9.83912,6.02594,0.237476,6.01559,0.238928,3.77955,-0.31976,3.81347,-0.319467,0.128954,0.126206,0.038,0.0376586,-0.00738437,4.17086,37.6124
5.30716e+08,0.634502,1.07224,9.8202,6.2184,-0.0831345,6.14968,-0.0807568,3.67507,-0.0296841,3.68367,-0.0296621,0.0831523,0.0798941,0.038,0.0376534,-0.00750845,4.17087,37.6124
7.72817e+08,-0.0182413,0.00820085,9.81,-2.38183,-27.6475,-3.88183,-11.6119,-0.47421,-12.95,0.52579,-13.1492,-2.33725,-2.33725,0.601007,0.59802,-0.0124748,0.958731,28.5
7.72842e+08,-0.0167281,0.0109622,9.81,-2.67034,-27.2667,-4.17034,-11.452,-0.80453,-12.9931,0.19547,-13.193,-2.23211,-2.23211,0.596009,0.597696,-0.0134464,0.958631,28.5
7.72867e+08,-0.0148016,0.0134504,9.81,-2.95454,-26.8591,-4.45454,-11.2808,-1.13525,-12.9967,-0.135249,-13.1966,-2.12579,-2.12579,0.591359,0.597347,-0.0144141,0.95853,28.5
7.72892e+08,-0.0125048,0.0156087,9.81,-3.23474,-26.4242,-4.73474,-11.0982,-1.46607,-12.9607,-0.466068,-13.1601,-2.01812,-2.01812,0.587994,0.596974,-0.0153798,0.95843,28.5
5.30736e+08,0.644066,1.02648,9.80112,5.96605,0.0237356,5.93817,0.0234303,3.73931,-0.0907526,3.74707,-0.0889952,0.0678852,0.067371,0.038,0.0376593,-0.00772295,4.17096,37.6035
5.30756e+08,0.64647,0.968675,9.76779,5.65124,0.130606,5.71218,0.131808,3.7681,-0.21289,3.76944,-0.212314,0.0373508,0.0427942,0.038,0.0376688,-0.00841438,4.17096,37.6065
7.72914e+08,-0.0102947,0.017147,9.81,-3.47035,-26.0319,-4.97035,-10.9334,-1.74754,-12.8987,-0.747539,-13.0971,-1.92526,-1.92526,0.58665,0.596637,-0.0162015,0.958344,28.5
5.30776e+08,0.615408,1.04093,9.82729,6.03461,0.100072,5.95436,0.101224,3.56344,-0.0754855,3.62959,-0.075226,0.0831523,0.0836921,0.038,0.037664,-0.00862438,4.17097,37.6035
5.30796e+08,0.655997,1.05538,9.7418,6.16916,0.115339,6.08215,0.113854,3.83005,-0.10602,3.84607,-0.10458,0.0678852,0.066438,0.038,0.0376491,-0.00848101,4.17097,37.5771
5.30816e+08,0.65123,1.02648,9.77262,5.98296,0.176407,5.97901,0.175222,3.79165,-0.121287,3.83528,-0.121615,0.190022,0.183701,0.038,0.03765,-0.00837035,4.17097,37.63
7.72939e+08,-0.00747253,0.0185516,9.81,-3.74166,-25.5485,-5.24166,-10.7304,-2.075,-12.7896,-1.075,-12.9864,-1.81552,-1.81552,0.587096,0.596219,-0.0171601,0.958244,28.5
7.72964e+08,-0.00446544,0.0194951,9.81,-4.00768,-25.0397,-5.50768,-10.5167,-2.3991,-12.6416,-1.3991,-12.8361,-1.70479,-1.70479,0.589524,0.595777,-0.0181141,0.958143,28.5
5.30836e+08,0.677492,1.04093,9.76313,6.07129,0.00846851,6.07136,0.00790957,3.94726,-0.0144167,3.9525,-0.0153036,0.0678852,0.0733229,0.038,0.0376397,-0.0087052,4.16997,37.6035
5.30857e+08,0.658405,0.983125,9.78205,5.72626,-0.037333,5.90722,-0.0364251,3.83138,-0.0296841,3.89574,-0.0308198,0.113687,0.112896,0.037,0.0368976,-0.0106347,4.1701,37.6329
5.30877e+08,0.524714,0.88438,9.36889,5.38409,0.176407,5.61065,0.174356,3.1914,-0.228157,3.50704,-0.225295,0.190022,0.194337,0.037,0.0366748,-0.0129411,4.17015,37.6388
7.72986e+08,-0.00175129,0.0199232,9.81,-4.23509,-24.576,-5.73509,-10.3219,-2.67815,-12.4812,-1.67815,-12.6732,-1.60749,-1.60749,0.592773,0.595373,-0.018942,0.958056,28.5
5.30897e+08,0.701365,1.06019,10.0837,5.98766,0.00846851,5.87924,0.0102321,3.95704,-0.151821,3.77685,-0.154673,-0.115321,-0.10384,0.037,0.0366458,-0.0111344,4.16927,37.6124
5.30918e+08,0.605874,0.978308,9.66337,5.76961,-0.0220659,5.80762,-0.020897,3.56944,-0.0602183,3.48796,-0.0584795,-0.00845075,0.00585097,0.04,0.0391829,-0.00374027,4.16851,37.6447
7.73011e+08,0.00139948,0.019951,9.81,-4.49059,-24.0212,-5.99059,-10.0889,-2.9934,-12.2616,-1.9934,-12.4502,-1.49505,-1.49505,0.596972,0.594887,-0.0198872,0.957955,28.5
5.30938e+08,0.687045,1.0337,9.95067,5.91678,-0.00679874,5.84935,-0.00651608,3.92865,0.0161176,3.83632,0.0137748,0.0984194,0.089807,0.04,0.0396369,-0.00157878,4.16864,37.5888
7.73036e+08,0.00452792,0.0194807,9.81,-4.74111,-23.4401,-6.24111,-9.84483,-3.30381,-12.0035,-2.30381,-12.1882,-1.38131,-1.38131,0.600703,0.594375,-0.0208312,0.957855,28.5
5.30959e+08,0.660796,0.973491,9.78203,5.67043,0.130606,5.86142,0.130904,3.84564,-0.273959,3.86946,-0.273027,0.00681639,0.0149648,0.04,0.0396748,-0.00218091,4.16876,37.6035
5.30979e+08,0.644067,1.02407,9.80349,5.95073,0.145873,6.03659,0.145003,3.73851,-0.289226,3.79695,-0.287741,0.0984194,0.0969938,0.038,0.0379892,-0.0075408,4.16887,37.6035
7.73061e+08,0.00753346,0.0185269,9.81,-4.98459,-22.8375,-6.48459,-9.59174,-3.60617,-11.7096,-2.60617,-11.8897,-1.26717,-1.26717,0.603004,0.593842,-0.021767,0.957754,28.5
5.31e+08,0.689434,1.02889,9.81296,5.97096,-0.0831345,5.93941,-0.0842476,3.99702,0.107721,3.92837,0.106816,0.0373508,0.0400993,0.038,0.0376906,-0.00807321,4.16907,37.6182
7.73088e+08,0.0105036,0.0170198,9.81,-5.23478,-22.1762,-6.73478,-9.31401,-3.91693,-11.3603,-2.91693,-11.5351,-1.14583,-1.14583,0.603214,0.593253,-0.0227496,0.957648,28.5
5.3102e+08,0.648843,1.02166,9.79636,5.94091,0.0848043,5.83088,0.0827597,3.76896,-0.228157,3.74231,-0.226383,0.0984194,0.096909,0.038,0.037672,-0.00782153,4.16917,37.5918
7.73113e+08,0.0130034,0.0151958,9.81,-5.46049,-21.5398,-6.96049,-9.04673,-4.19673,-11.0012,-3.19673,-11.1705,-1.03246,-1.03246,0.601194,0.592682,-0.0236567,0.957549,28.5
5.31041e+08,0.636903,1.02407,9.85098,5.92264,0.26801,5.83376,0.268259,3.67947,-0.243424,3.72357,-0.244593,-0.115321,-0.113528,0.038,0.0376693,-0.00787211,4.16934,37.5947
7.73135e+08,0.0149807,0.0132506,9.81,-5.65709,-20.952,-7.15709,-8.79982,-4.43952,-10.6519,-3.43951,-10.8158,-0.930391,-0.930391,0.597813,0.592152,-0.0244648,0.957461,28.5
5.31062e+08,0.679884,1.02648,9.7726,5.98179,-0.0831345,5.94491,-0.08106,3.95797,-0.0296841,3.8665,-0.0305824,0.0831523,0.0838145,0.038,0.0376599,-0.00796237,4.16951,37.6506
7.7316e+08,0.0168774,0.010731,9.81,-5.87398,-20.2638,-7.37398,-8.51078,-4.70575,-10.2242,-3.70575,-10.3814,-0.813818,-0.813818,0.592806,0.591528,-0.0253782,0.957361,28.5
5.31083e+08,0.698992,1.00721,9.77018,5.87094,-0.0831345,5.91709,-0.0825418,4.07066,-0.0602183,4.01373,-0.0590093,0.0526179,0.053254,0.038,0.0376488,-0.00847737,4.16959,37.6065
7.7318e+08,0.0181038,0.00850023,9.81,-6.04363,-19.6937,-7.54363,-8.27137,-4.91235,-9.85619,-3.91235,-10.0078,-0.719424,-0.719424,0.588496,0.591007,-0.0261105,0.957279,28.5
5.31103e+08,0.658397,1.01203,9.76785,5.90189,0.237476,5.91404,0.236323,3.83569,-0.243424,3.82861,-0.242577,0.113687,0.114221,0.038,0.037654,-0.00864694,4.16966,37.6153
7.73202e+08,0.0190883,0.00596964,9.81,-6.21921,-19.0716,-7.71921,-8.01005,-5.12418,-9.44208,-4.12418,-9.58734,-0.618438,-0.618438,0.584293,0.590436,-0.0268871,0.957193,28.5
5.31124e+08,0.641662,1.08428,9.7751,6.31603,0.05427,6.17466,0.0558066,3.73282,-0.167089,3.74574,-0.168258,0.0984194,0.0935645,0.038,0.0376457,-0.00877778,4.16973,37.5771
7.73226e+08,0.0197815,0.00294809,9.81,-6.41274,-18.3439,-7.91274,-7.70442,-5.35464,-8.94314,-4.35464,-9.08073,-0.502806,-0.502806,0.580731,0.589763,-0.0277678,0.957094,28.5
5.31145e+08,0.672726,1.0048,9.81531,5.83147,-0.128936,5.96657,-0.128039,3.90051,0.0161176,3.84811,0.0158347,0.0526179,0.0551878,0.038,0.037641,-0.00934992,4.1698,37.6212
5.31166e+08,0.658393,1.02648,9.78686,5.97406,0.176407,5.92361,0.174916,3.82773,-0.197623,3.90183,-0.195555,0.0831523,0.0832689,0.038,0.037645,-0.00976243,4.16995,37.6212
7.73252e+08,0.0199988,-0.000216011,9.81,-6.60285,-17.5811,-8.10285,-7.38406,-5.57713,-8.4054,-4.57713,-8.53471,-0.384219,-0.384219,0.579057,0.589052,-0.028662,0.956993,28.5
5.31187e+08,0.639296,1.00721,9.76311,5.87757,0.16114,5.84965,0.161179,3.7267,-0.21289,3.73742,-0.213178,0.0678852,0.0697813,0.038,0.0376551,-0.00975195,4.16992,37.6153
7.73273e+08,0.0197964,-0.0028465,9.81,-6.75473,-16.9332,-8.25473,-7.11196,-5.75143,-7.93839,-4.75143,-8.06051,-0.285436,-0.285436,0.579347,0.588443,-0.0294001,0.956909,28.5
5.31207e+08,0.627357,1.0048,9.78686,5.85,0.16114,5.81951,0.158237,3.64863,-0.136554,3.63195,-0.135968,0.0526179,0.0494159,0.038,0.03766,-0.00945156,4.17006,37.5859
7.73298e+08,0.0191086,-0.00590444,9.81,-6.92774,-16.148,-8.42774,-6.78218,-5.94534,-7.36145,-4.94534,-7.4747,-0.167902,-0.167902,0.581477,0.5877,-0.0302706,0.956809,28.5
5.31227e+08,0.667952,0.999984,9.77969,5.82479,0.0848043,5.93759,0.0839451,3.88702,-0.121287,3.8255,-0.120422,0.0678852,0.068311,0.04,0.0394555,-0.00405551,4.17011,37.6035
7.73323e+08,0.0179444,-0.00883162,9.81,-7.09326,-15.3429,-8.59326,-6.444,-6.12521,-6.75924,-5.12521,-6.86323,-0.0496783,-0.0496783,0.584958,0.586932,-0.0311379,0.956709,28.5
5.31248e+08,0.672726,1.00721,9.7702,5.87202,0.0848043,5.88513,0.0842013,3.91817,-0.10602,3.91381,-0.107482,0.0831523,0.0824885,0.04,0.0396445,-0.0042452,4.17015,37.6065
7.73344e+08,0.016603,-0.0111509,9.81,-7.22728,-14.6462,-8.72728,-6.15141,-6.2659,-6.23094,-5.2659,-6.3268,0.0508673,0.0508673,0.588282,0.586261,-0.0318693,0.956623,28.5
5.31269e+08,0.667946,1.02166,9.7726,5.95442,0.176407,5.92536,0.174639,3.88889,-0.197623,3.7898,-0.196443,0.0526179,0.0546149,0.04,0.039671,-0.00398476,4.1702,37.6065
7.73369e+08,0.0146554,-0.0136096,9.81,-7.37624,-13.8171,-8.87624,-5.80316,-6.41589,-5.59493,-5.41589,-5.68101,0.16858,0.16858,0.591701,0.585457,-0.0327185,0.956524,28.5
5.3129e+08,0.656007,1.02166,9.8106,5.93211,0.145873,5.91393,0.145014,3.80499,-0.0754855,3.79828,-0.0754912,0.0526179,0.0579881,0.039,0.038726,-0.00712295,4.17024,37.6212
5.31311e+08,0.644068,1.01925,9.79399,5.92862,0.100072,5.87771,0.0974623,3.74229,-0.0754855,3.8009,-0.0752422,0.128954,0.125455,0.039,0.0386657,-0.00718649,4.17037,37.5947
7.73394e+08,0.0123347,-0.0157435,9.81,-7.51715,-12.9699,-9.01715,-5.44737,-6.55017,-4.93865,-5.55017,-5.01463,0.286802,0.286802,0.593745,0.584627,-0.033564,0.956423,28.5
5.31331e+08,0.617814,0.9759,9.79157,5.6805,0.00846851,5.81963,0.0105118,3.59263,-0.0144167,3.67597,-0.0150427,0.113687,0.114166,0.038,0.0382973,-0.00810954,4.1704,37.6682
7.73415e+08,0.0102087,-0.0171983,9.81,-7.62559,-12.2683,-9.12559,-5.15271,-6.64732,-4.39132,-5.64732,-4.45888,0.383253,0.383253,0.593926,0.583933,-0.0342483,0.956341,28.5
5.31352e+08,0.641688,0.99035,9.80581,5.75488,0.0695372,5.86428,0.0698475,3.72518,-0.10602,3.75665,-0.10515,0.0373508,0.0393191,0.038,0.0377159,-0.0101631,4.17043,37.5888
7.7344e+08,0.00738106,-0.0185882,9.81,-7.75001,-11.3989,-9.25001,-4.78754,-6.75053,-3.70961,-5.75053,-3.76668,0.501063,0.501063,0.592126,0.583065,-0.0350779,0.956241,28.5
5.31373e+08,0.665547,1.0626,9.76555,6.19574,0.176407,6.09194,0.175238,3.87601,-0.228157,3.80434,-0.227812,0.0220836,0.0202106,0.038,0.037644,-0.0107109,4.17046,37.6241
7.73462e+08,0.00476134,-0.019425,9.81,-7.85107,-10.6309,-9.35107,-4.46499,-6.8263,-3.10542,-5.8263,-3.1532,0.603641,0.603641,0.588893,0.582291,-0.0357947,0.956153,28.5
5.31394e+08,0.672726,1.00721,9.76308,5.87625,0.100072,6.00016,0.0992181,3.92099,0.000850439,3.83093,-0.00147672,0.0831523,0.0778493,0.039,0.0382312,-0.00875095,4.17041,37.6329
7.73487e+08,0.00164597,-0.0199322,9.81,-7.95836,-9.73938,-9.45836,-4.09054,-6.8966,-2.40302,-5.8966,-2.43999,0.721081,0.721081,0.58383,0.581383,-0.0366093,0.956052,28.5
5.31415e+08,0.636911,0.995167,9.78683,5.79395,0.0848043,5.82774,0.0836132,3.70442,-0.0907526,3.80581,-0.0907311,0.0220836,0.0279505,0.039,0.0386089,-0.00785282,4.17044,37.63
7.73512e+08,-0.00150204,-0.0199435,9.81,-8.05595,-8.84052,-9.55595,-3.71302,-6.94877,-1.69516,-5.94877,-1.72124,0.837807,0.837807,0.578221,0.580458,-0.0374126,0.955952,28.5
5.31435e+08,0.636919,0.966266,9.79391,5.62276,-0.00679874,5.70775,-0.00562957,3.7029,-0.136554,3.76861,-0.134809,0.128954,0.124866,0.039,0.0386587,-0.00769227,4.17039,37.6447
7.73535e+08,-0.00434998,-0.0195212,9.81,-8.13688,-8.01088,-9.63688,-3.36457,-6.98065,-1.04332,-5.98065,-1.05937,0.944134,0.944134,0.57348,0.579594,-0.038139,0.95586,28.5
5.31456e+08,0.696595,1.03852,9.76073,6.05799,0.0695372,5.97866,0.0727396,4.05928,-0.273959,3.94558,-0.271614,0.144221,0.139413,0.038,0.0380529,-0.0100218,4.17042,37.6329
7.73555e+08,-0.0068094,-0.0188051,9.81,-8.20216,-7.26726,-9.70216,-3.05225,-6.99622,-0.461192,-5.99622,-0.468288,1.03835,1.03835,0.570176,0.578811,-0.0387785,0.955779,28.5
5.31477e+08,0.634507,1.05538,9.77743,6.14783,0.0237356,6.06929,0.026058,3.69162,-0.0602183,3.70674,-0.0622914,0.00681639,0.00963382,0.038,0.0376784,-0.0109238,4.17037,37.5741
5.31498e+08,0.658388,1.04334,9.78927,6.06998,0.0695372,5.9746,0.0680969,3.8261,-0.0602183,3.80245,-0.0590434,0.0984194,0.0944108,0.038,0.0376413,-0.0110162,4.1704,37.5829
7.7358e+08,-0.009676,-0.0175036,9.81,-8.27367,-6.34651,-9.77367,-2.66554,-6.99884,0.255659,-5.99884,0.259592,1.15365,1.15365,0.567847,0.577832,-0.039556,0.955679,28.5
7.73605e+08,-0.0123063,-0.0157656,9.81,-8.33556,-5.41816,-9.83556,-2.27563,-6.98318,0.972738,-5.98318,0.987703,1.26847,1.26847,0.56769,0.576831,-0.0403248,0.955578,28.5
5.31519e+08,0.658399,1.0048,9.83906,5.81812,0.100072,5.82408,0.0994671,3.8086,-0.21289,3.81025,-0.212867,0.0678852,0.0685557,0.038,0.0376455,-0.0105233,4.17043,37.6153
5.31539e+08,0.663171,1.01925,9.78922,5.93071,0.100072,5.98987,0.100947,3.8548,-0.197623,3.83715,-0.197307,0.0373508,0.038622,0.038,0.0376394,-0.0102809,4.17046,37.6182
7.73631e+08,-0.0146381,-0.0136281,9.81,-8.3878,-4.48127,-9.8878,-1.88213,-6.94913,1.68924,-5.94913,1.71523,1.38296,1.38296,0.569534,0.575808,-0.0410861,0.955477,28.5
5.3156e+08,0.665565,0.997576,9.78919,5.80538,-0.0220659,5.93924,-0.0208856,3.86956,-0.0296841,3.85356,-0.0305759,0.0526179,0.0552396,0.038,0.0376361,-0.0103681,4.17049,37.6329
7.73651e+08,-0.0162822,-0.0116143,9.81,-8.42332,-3.70812,-9.92332,-1.55741,-6.90748,2.27413,-5.90748,2.30912,1.47645,1.47645,0.572113,0.574953,-0.0417038,0.955394,28.5
5.31581e+08,0.679892,0.997576,9.81054,5.79231,0.130606,5.8226,0.128843,3.94411,-0.10602,3.86007,-0.105426,0.00681639,0.0102247,0.038,0.0376438,-0.0105366,4.17052,37.5947
7.73676e+08,-0.0179012,-0.00891888,9.81,-8.4573,-2.76942,-9.9573,-1.16316,-6.84074,2.97534,-5.84074,3.02111,1.58879,1.58879,0.575733,0.573902,-0.0424418,0.955294,28.5
5.31602e+08,0.672727,1.00239,9.76545,5.84695,0.100072,5.84196,0.101245,3.92026,-0.121287,3.8414,-0.122461,0.0220836,0.0241121,0.038,0.0376433,-0.0108732,4.17055,37.6124
7.73697e+08,-0.0189153,-0.00649703,9.81,-8.47812,-1.98368,-9.97812,-0.833145,-6.77145,3.55388,-5.77145,3.60855,1.6819,1.6819,0.578476,0.573011,-0.0430497,0.955211,28.5
5.31623e+08,0.63928,1.0626,9.78456,6.18494,0.176407,6.08164,0.175538,3.71635,-0.136554,3.73842,-0.13743,0.0373508,0.0394054,0.038,0.0376355,-0.010876,4.17057,37.6271
7.7372e+08,-0.0196538,-0.00370503,9.81,-8.49306,-1.11771,-9.99306,-0.469437,-6.68113,4.18161,-5.68113,4.24594,1.78358,1.78358,0.580494,0.572016,-0.04371,0.955119,28.5
5.31643e+08,0.653624,1.00239,9.78446,5.83648,0.0237356,5.91396,0.0245993,3.80197,-0.0449512,3.81846,-0.046104,0.0984194,0.09721,0.038,0.0376338,-0.0113665,4.17059,37.6418
5.31664e+08,0.653627,0.992759,9.8343,5.7518,0.115339,5.81596,0.112989,3.78334,0.000850439,3.79869,-1.43263e-05,0.0831523,0.083122,0.038,0.0376407,-0.0108015,4.17062,37.5918
7.73745e+08,-0.0199919,-0.000568305,9.81,-8.49984,-0.170514,-9.99984,-0.0716157,-6.56584,4.85518,-5.56584,4.92987,1.89371,1.89371,0.580875,0.570911,-0.0444209,0.955018,28.5
5.31684e+08,0.67989,1.00239,9.75832,5.85087,0.16114,5.90938,0.159106,3.96473,-0.167089,3.89693,-0.168805,0.0831523,0.0798048,0.038,0.0376373,-0.010972,4.17064,37.6153
7.73767e+08,-0.0198884,0.00210999,9.81,-8.49777,0.634131,-9.99777,0.266335,-6.45456,5.41569,-5.45456,5.49901,1.98641,1.98641,0.579461,0.569959,-0.0450161,0.954933,28.5
5.31704e+08,0.617799,1.02889,9.78928,5.98812,0.115339,6.05955,0.115046,3.5914,-0.121287,3.70431,-0.121022,0.144221,0.142183,0.038,0.0376264,-0.0114062,4.17066,37.5741
7.73792e+08,-0.0193105,0.00520605,9.81,-8.48613,1.57928,-9.98613,0.663298,-6.30842,6.05917,-5.30842,6.15239,2.09434,2.09434,0.575863,0.568824,-0.0457052,0.954832,28.5
5.31725e+08,0.641686,0.997576,9.7987,5.80074,-0.037333,5.8834,-0.0361474,3.72756,-0.0602183,3.79151,-0.0599136,0.0831523,0.0811598,0.038,0.0376306,-0.0116489,4.17068,37.63
7.73817e+08,-0.0182544,0.0081716,9.81,-8.46459,2.52241,-9.96459,1.05941,-6.14621,6.68392,-5.14621,6.78675,2.20106,2.20106,0.570705,0.567673,-0.0463827,0.954732,28.5
5.31746e+08,0.639293,1.01684,9.77025,5.92911,0.05427,5.88045,0.0545633,3.72362,-0.197623,3.77741,-0.195827,0.0831523,0.0865619,0.038,0.0376374,-0.0114359,4.1707,37.6241
7.73842e+08,-0.0167478,0.0109321,9.81,-8.43319,3.4621,-9.93319,1.45408,-5.96854,7.28775,-4.96854,7.39987,2.30643,2.30643,0.564872,0.566505,-0.047048,0.954632,28.5
5.31767e+08,0.641678,1.02889,9.78451,5.99007,0.0848043,5.93504,0.085979,3.73162,-0.136554,3.73925,-0.136566,0.113687,0.11287,0.037,0.0367356,-0.0138565,4.17071,37.6094
7.73867e+08,-0.0148245,0.0134252,9.81,-8.39188,4.3995,-9.89188,1.84779,-5.77554,7.87017,-4.77554,7.99125,2.41065,2.41065,0.559373,0.56532,-0.0477025,0.954531,28.5
5.31788e+08,0.677499,1.01443,9.72985,5.93788,0.0695372,5.92911,0.0704013,3.96173,-0.0907526,3.85307,-0.0901881,0.0678852,0.067279,0.037,0.0366367,-0.0137757,4.17073,37.6212
5.31809e+08,0.672714,1.04815,9.77976,6.10305,0.130606,6.03866,0.127409,3.91263,-0.0754855,3.81017,-0.0740343,0.0678852,0.0658955,0.037,0.0366225,-0.013691,4.17083,37.6153
7.73892e+08,-0.0125343,0.0155849,9.81,-8.34077,5.33229,-9.84077,2.23956,-5.56807,8.42851,-4.56807,8.55818,2.5135,2.5135,0.555164,0.564119,-0.0483449,0.954431,28.5
5.3183e+08,0.660775,1.04815,9.79639,6.09331,0.191675,6.04157,0.190489,3.83697,-0.228157,3.88148,-0.226384,0.144221,0.140872,0.038,0.0375609,-0.0107753,4.17084,37.6182
7.73917e+08,-0.00992434,0.017364,9.81,-8.27966,6.26295,-9.77966,2.63044,-5.34593,8.963,-4.34593,9.10089,2.61528,2.61528,0.552899,0.562898,-0.0489775,0.954331,28.5
5.31851e+08,0.653613,1.04093,9.83675,6.02738,0.115339,6.02103,0.116818,3.78045,-0.121287,3.81285,-0.12244,0.0678852,0.0699354,0.038,0.0376256,-0.0103305,4.17085,37.6153
7.73942e+08,-0.00707806,0.0187056,9.81,-8.20906,7.18384,-9.70906,3.01721,-5.11142,9.46817,-4.11142,9.61384,2.71522,2.71522,0.552822,0.561666,-0.0495955,0.95423,28.5
5.31872e+08,0.663175,1.0048,9.80107,5.84022,0.0390028,5.88212,0.0387318,3.85081,-0.0449512,3.85133,-0.0461203,0.144221,0.138814,0.039,0.0380038,-0.00923861,4.17078,37.6124
7.73967e+08,-0.00405895,0.0195838,9.81,-8.12889,8.0969,-9.62889,3.4007,-4.8646,9.94423,-3.8646,10.0972,2.81356,2.81356,0.554665,0.560419,-0.0502007,0.95413,28.5
5.31893e+08,0.639298,0.997576,9.73698,5.83719,0.0237356,5.83326,0.0225779,3.73696,-0.136554,3.73637,-0.135103,0.128954,0.125697,0.039,0.0385887,-0.00776694,4.17079,37.6094
7.73988e+08,-0.00144825,0.0199475,9.81,-8.05436,8.85598,-9.55436,3.71951,-4.6487,10.32,-3.6487,10.4788,2.89478,2.89478,0.557206,0.559363,-0.0506984,0.954046,28.5
5.31914e+08,0.653615,1.03611,9.77026,6.04004,0.0390028,5.99532,0.040472,3.80601,-0.136554,3.71898,-0.137695,0.0984194,0.0963413,0.039,0.0386523,-0.00763447,4.17072,37.5947
7.74013e+08,0.00157994,0.0199375,9.81,-7.9605,9.72059,-9.4605,4.08265,-4.39103,10.7247,-3.39103,10.8897,2.9867,2.9867,0.560487,0.558137,-0.0512593,0.95395,28.5
5.31935e+08,0.65123,1.02648,9.77737,5.98008,0.100072,5.99689,0.100054,3.78983,-0.121287,3.80928,-0.121005,0.0220836,0.0213942,0.038,0.0380488,-0.0100641,4.17074,37.6388
5.31955e+08,0.665561,1.01203,9.76784,5.90161,0.115339,5.99919,0.113598,3.8773,-0.0602183,3.84611,-0.0605402,0.128954,0.128192,0.038,0.0376703,-0.0114833,4.16974,37.6212
7.74038e+08,0.00468981,0.0194424,9.81,-7.85368,10.6103,-9.35368,4.45632,-4.11295,11.1134,-3.11295,11.2844,3.08066,3.08066,0.563366,0.556847,-0.0518302,0.953849,28.5
5.31976e+08,0.653618,1.02407,9.84147,5.92765,0.130606,5.98052,0.129425,3.77935,-0.182356,3.77348,-0.181757,0.0373508,0.0354818,0.038,0.037631,-0.0115446,4.1698,37.6124
7.74063e+08,0.00767675,0.018468,9.81,-7.73784,11.4874,-9.23784,4.82472,-3.82607,11.4677,-2.82607,11.6441,3.17269,3.17269,0.5648,0.555547,-0.052387,0.953749,28.5
5.31996e+08,0.660788,1.00239,9.79157,5.832,0.0390028,5.94541,0.0390194,3.84076,-0.197623,3.82024,-0.195285,0.0526179,0.0502093,0.038,0.0376307,-0.0113476,4.17003,37.6065
7.74086e+08,0.0102709,0.0171613,9.81,-7.62263,12.2882,-9.12263,5.16102,-3.55325,11.7642,-2.55325,11.9452,3.25619,3.25619,0.564321,0.554332,-0.0528901,0.953657,28.5
5.32017e+08,0.648843,1.02166,9.81536,5.92955,0.0695372,5.88998,0.0698314,3.76176,-0.136554,3.79742,-0.13738,0.0984194,0.0922645,0.038,0.0376381,-0.0110391,4.17009,37.6006
7.7411e+08,0.0127476,0.015411,9.81,-7.4941,13.1132,-8.9941,5.50753,-3.26134,12.0414,-2.26134,12.2266,3.34173,3.34173,0.561816,0.553052,-0.0534035,0.95356,28.5
5.32038e+08,0.644077,0.987942,9.8343,5.72444,0.0390028,5.85971,0.0392956,3.7284,-0.0907526,3.68934,-0.0910295,0.0678852,0.0700636,0.038,0.0376424,-0.01048,4.17013,37.6241
7.74135e+08,0.0150111,0.0132161,9.81,-7.35169,13.9581,-8.85169,5.8624,-2.95108,12.2935,-1.95108,12.4826,3.42882,3.42882,0.557311,0.551707,-0.0539243,0.95346,28.5
5.32059e+08,0.636902,1.02889,9.82962,5.96308,0.05427,5.91356,0.0545698,3.68716,-0.10602,3.6989,-0.104845,-0.0542523,-0.0473904,0.038,0.0376484,-0.0101399,4.17009,37.5947
7.74155e+08,0.0165735,0.0111946,9.81,-7.22985,14.6324,-8.72985,6.14561,-2.69535,12.4703,-1.69535,12.6621,3.49797,3.49797,0.552707,0.550609,-0.0543363,0.953378,28.5
5.32079e+08,0.627357,1.00721,9.74412,5.88936,0.130606,5.89259,0.129752,3.66432,-0.0449512,3.6657,-0.045838,0.0831523,0.083816,0.038,0.0376529,-0.0101239,4.17014,37.6271
7.74179e+08,0.0180347,0.00864589,9.81,-7.08268,15.3961,-8.58268,6.46635,-2.39707,12.6427,-1.39707,12.8372,3.5759,3.5759,0.547059,0.549335,-0.0547992,0.953285,28.5
5.321e+08,0.632124,1.03611,9.79165,6.02786,0.145873,5.99163,0.144992,3.67329,-0.136554,3.71742,-0.13712,0.0526179,0.0532512,0.038,0.037646,-0.00985355,4.17002,37.5653
7.74204e+08,0.0191709,0.00569895,9.81,-6.91616,16.2023,-8.41616,6.80497,-2.07225,12.7907,-1.07225,12.9875,3.65776,3.65776,0.541482,0.547954,-0.0552837,0.953184,28.5
5.32121e+08,0.648847,1.00721,9.82483,5.84069,0.191675,5.89875,0.190793,3.75877,-0.136554,3.76702,-0.137424,0.0373508,0.0400098,0.039,0.03824,-0.00813228,4.17007,37.6447
5.32142e+08,0.62019,1.01684,9.77738,5.92556,0.05427,5.93962,0.0539603,3.61005,-0.0907526,3.68239,-0.090487,0.0984194,0.0995971,0.039,0.0386309,-0.00719043,4.17012,37.6359
7.74228e+08,0.0198072,0.00277012,9.81,-6.75037,16.9523,-8.25037,7.11999,-1.76098,12.895,-0.760984,13.0934,3.73353,3.73353,0.537489,0.546633,-0.0557306,0.953088,28.5
5.32163e+08,0.667943,1.0337,9.7655,6.02842,0.05427,6.00986,0.0534002,3.89116,-0.0754855,3.86594,-0.0746216,0.0678852,0.0711652,0.039,0.0386481,-0.0073011,4.17017,37.6006
7.74252e+08,0.0199986,-0.000240488,9.81,-6.57601,17.6919,-8.07601,7.43059,-1.44558,12.9641,-0.445577,13.1636,3.80788,3.80788,0.535298,0.545292,-0.0561678,0.952992,28.5
5.32184e+08,0.629737,1.0337,9.80827,6.00397,0.130606,5.9796,0.129465,3.65344,-0.228157,3.71719,-0.226949,0.0373508,0.0385848,0.039,0.0386538,-0.00735726,4.17021,37.6329
7.74277e+08,0.0197154,-0.00336228,9.81,-6.38702,18.4433,-7.88702,7.74618,-1.11651,12.9975,-0.116508,13.1975,3.88308,3.88308,0.535144,0.543888,-0.0566085,0.952892,28.5
5.32205e+08,0.62258,1.01203,9.73701,5.92178,0.0390028,5.91099,0.039602,3.63893,-0.121287,3.6698,-0.121044,0.0678852,0.0660437,0.039,0.038664,-0.0071303,4.17025,37.5947
7.74302e+08,0.0189475,-0.00640259,9.81,-6.19019,19.1768,-7.69019,8.05425,-0.786965,12.9918,0.213035,13.1917,3.95615,3.95615,0.536882,0.542472,-0.0570355,0.952793,28.5
5.32226e+08,0.651226,1.03852,9.79639,6.03812,0.145873,6.03678,0.143845,3.78208,-0.0754855,3.69273,-0.0769368,0.0220836,0.0268291,0.039,0.0386528,-0.00754338,4.17029,37.5918
7.74327e+08,0.017705,-0.00930237,9.81,-5.98451,19.8957,-7.48451,8.35619,-0.456072,12.9465,0.543928,13.1456,4.02745,4.02745,0.539845,0.541037,-0.0574508,0.952692,28.5
5.32247e+08,0.629732,1.05056,9.76081,6.13048,0.115339,6.01082,0.115328,3.67026,-0.121287,3.71507,-0.121565,0.128954,0.126231,0.038,0.0378122,-0.0104614,4.17033,37.63
5.32267e+08,0.617802,1.01925,9.73703,5.96393,0.0848043,5.96605,0.0839288,3.6108,-0.0907526,3.73698,-0.0910468,0.0678852,0.0691165,0.038,0.0376542,-0.0109571,4.17045,37.6418
7.74349e+08,0.0162693,-0.0116322,9.81,-5.8001,20.5031,-7.3001,8.61131,-0.170415,12.8751,0.829585,13.0732,4.08746,4.08746,0.542657,0.539785,-0.0577995,0.952605,28.5
5.32288e+08,0.696594,1.04334,9.78923,6.06838,0.0848043,5.98775,0.0847653,4.04741,-0.0602183,3.9423,-0.0619578,0.0678852,0.071142,0.038,0.0376344,-0.0110196,4.17048,37.6153
7.74374e+08,0.0142402,-0.0140433,9.81,-5.58091,21.1836,-7.08091,8.89713,0.156201,12.7564,1.1562,12.9526,4.15445,4.15445,0.545255,0.538333,-0.0581876,0.952504,28.5
5.32309e+08,0.69899,1.01443,9.77494,5.90991,0.05427,5.99886,0.0551339,4.06839,-0.10602,3.95766,-0.108346,0.00681639,0.00489419,0.039,0.0384673,-0.00856842,4.17051,37.6006
7.74399e+08,0.0118577,-0.0161058,9.81,-5.35467,21.8431,-6.85467,9.1741,0.479291,12.5987,1.47929,12.7925,4.2191,4.2191,0.546322,0.536871,-0.0585613,0.952404,28.5
5.3233e+08,0.672718,1.0337,9.77499,6.02243,0.0695372,5.98892,0.0698419,3.91515,-0.10602,3.89754,-0.107449,0.159488,0.157241,0.039,0.0386311,-0.00868133,4.17053,37.5918
7.74424e+08,0.00918635,-0.0177654,9.81,-5.1221,22.4796,-6.6221,9.44141,0.797234,12.4031,1.79723,12.5939,4.28127,4.28127,0.545307,0.535403,-0.0589196,0.952304,28.5
5.32351e+08,0.615409,1.03611,9.76792,6.04299,0.115339,5.99241,0.115067,3.58499,-0.182356,3.7331,-0.182051,-0.00845075,-0.00623777,0.039,0.0386393,-0.00912283,4.17056,37.6329
7.74447e+08,0.00654039,-0.0189004,9.81,-4.90346,23.0426,-6.40346,9.6779,1.0835,12.191,2.0835,12.3786,4.33608,4.33608,0.542464,0.534052,-0.0592349,0.952212,28.5
5.32371e+08,0.653618,1.02407,9.80823,5.9475,0.100072,5.90773,0.101229,3.79199,-0.197623,3.73696,-0.196736,0.144221,0.140084,0.039,0.0386467,-0.00939913,4.17058,37.6388
7.7447e+08,0.00376652,-0.0196421,9.81,-4.68011,23.5851,-6.18011,9.90574,1.36372,11.9487,2.36372,12.1325,4.38873,4.38873,0.538081,0.532698,-0.059537,0.952121,28.5
5.32392e+08,0.629734,1.04574,9.8534,6.0459,0.0848043,5.90722,0.0853645,3.63645,-0.0754855,3.64283,-0.0751748,0.113687,0.109545,0.039,0.0386551,-0.00891983,4.17061,37.6065
5.32413e+08,0.629738,1.02889,9.76315,6.0035,0.115339,5.9873,0.116192,3.67029,-0.197623,3.68616,-0.195877,0.0526179,0.0540336,0.039,0.0386434,-0.0094768,4.17071,37.6153
7.74494e+08,0.000709976,-0.0199874,9.81,-4.43515,24.1447,-5.93515,10.1408,1.6573,11.6555,2.6573,11.8348,4.44288,4.44288,0.532302,0.531239,-0.0598471,0.952023,28.5
5.32434e+08,0.656017,0.983125,9.78205,5.72635,-0.0220659,5.80601,-0.0203371,3.81753,-0.0602183,3.84022,-0.0602071,0.0831523,0.0831232,0.039,0.0386366,-0.0099034,4.1709,37.63
7.74518e+08,-0.00230456,-0.0198668,9.81,-4.18944,24.6713,-5.68944,10.3619,1.93774,11.3351,2.93774,11.5095,4.49368,4.49368,0.526406,0.529801,-0.0601374,0.951926,28.5
5.32455e+08,0.687047,1.02889,9.77735,5.99254,0.0695372,5.93174,0.0680856,3.99752,-0.0907526,3.89237,-0.091639,-0.0389851,-0.0335253,0.039,0.0386393,-0.00961737,4.17091,37.6212
7.74544e+08,-0.00540447,-0.019256,9.81,-3.92654,25.1987,-5.42654,10.5835,2.22266,10.9657,3.22266,11.1344,4.54442,4.54442,0.520971,0.528288,-0.0604268,0.951826,28.5
5.32475e+08,0.689438,1.01684,9.81531,5.90017,0.191675,5.98165,0.191951,3.9966,-0.167089,3.93141,-0.168839,0.0831523,0.0831787,0.038,0.0382674,-0.0106535,4.17091,37.6182
7.74568e+08,-0.00829505,-0.0181987,9.81,-3.66522,25.6882,-5.16522,10.7891,2.49072,10.5734,3.49072,10.7361,4.59139,4.59139,0.517219,0.526807,-0.0606941,0.951728,28.5
5.32496e+08,0.6202,0.980717,9.78445,5.71238,-0.00679874,5.81511,-0.0058838,3.60888,-0.0754855,3.66541,-0.0760903,0.0373508,0.0414198,0.038,0.0377002,-0.0122747,4.17092,37.6594
7.74589e+08,-0.0106425,-0.0169333,9.81,-3.43489,26.0926,-4.93489,10.9589,2.71474,10.2088,3.71474,10.3659,4.63009,4.63009,0.515583,0.525519,-0.0609141,0.951643,28.5
5.32517e+08,0.629748,0.995167,9.79396,5.79005,-0.0678674,5.80412,-0.0687044,3.66024,-0.0449512,3.66665,-0.0443575,0.0678852,0.069365,0.038,0.0376487,-0.0118788,4.17093,37.6506
7.74612e+08,-0.0129441,-0.0152463,9.81,-3.18451,26.5047,-4.68451,11.132,2.94551,9.79395,3.94551,9.94463,4.66945,4.66945,0.515564,0.524136,-0.0611374,0.951552,28.5
5.32538e+08,0.653615,1.03611,9.80825,6.01692,0.16114,5.85786,0.162033,3.79148,-0.258692,3.82427,-0.259816,0.0220836,0.0254382,0.037,0.0370427,-0.0136804,4.17093,37.6153
7.74637e+08,-0.0151771,-0.0130251,9.81,-2.90367,26.9345,-4.40367,11.3125,3.18879,9.30761,4.18879,9.45081,4.71042,4.71042,0.517318,0.522603,-0.0613695,0.951452,28.5
5.32559e+08,0.665553,1.04093,9.77738,6.06305,0.0390028,6.04731,0.0398958,3.87234,-0.10602,3.8602,-0.106059,-0.00845075,-0.0056401,0.037,0.036654,-0.0148468,4.17094,37.6418
5.3258e+08,0.672717,1.03852,9.7655,6.0561,0.00846851,6.09434,0.00902743,3.91868,0.000850439,3.89901,-0.00205842,0.0984194,0.0991393,0.037,0.0366053,-0.0151105,4.17103,37.6329
7.74661e+08,-0.0169665,-0.0105896,9.81,-2.6301,27.3218,-4.1301,11.4752,3.41023,8.81434,4.41023,8.94994,4.74725,4.74725,0.520098,0.521127,-0.0615779,0.951355,28.5
5.326e+08,0.629742,1.01443,9.78687,5.9056,0.0848043,5.94866,0.0827704,3.66209,-0.121287,3.7008,-0.120717,0.113687,0.110358,0.038,0.03721,-0.0133722,4.17103,37.6418
7.74682e+08,-0.018199,-0.00829428,9.81,-2.39128,27.6355,-3.89128,11.6069,3.59118,8.36935,4.59118,8.49811,4.77703,4.77703,0.522691,0.519852,-0.0617462,0.951272,28.5
5.32621e+08,0.629754,0.973491,9.78443,5.67023,0.05427,5.76201,0.0533945,3.6646,-0.121287,3.72412,-0.120722,0.0831523,0.0791096,0.038,0.0375955,-0.0117187,4.17103,37.6241
7.74707e+08,-0.0192764,-0.00533125,9.81,-2.09866,27.9901,-3.59866,11.7559,3.79742,7.80745,4.79742,7.92756,4.81064,4.81064,0.525201,0.518302,-0.0619358,0.951172,28.5
5.32642e+08,0.620188,1.02407,9.79877,5.95449,0.16114,5.88256,0.160802,3.602,-0.182356,3.55548,-0.182372,0.0220836,0.0226351,0.038,0.0376488,-0.0112863,4.17112,37.6624
7.74728e+08,-0.0198167,-0.00270168,9.81,-1.84674,28.27,-3.34674,11.8734,3.96147,7.31031,4.96147,7.42278,4.83712,4.83712,0.526165,0.51698,-0.0620851,0.951086,28.5
5.32663e+08,0.641673,1.04574,9.8249,6.06276,0.00846851,6.06461,0.0111008,3.7158,-0.0144167,3.7316,-0.0164951,0.0831523,0.0823675,0.04,0.0391276,-0.00653895,4.17111,37.6359
7.74749e+08,-0.0199996,-0.000123796,9.81,-1.60194,28.5202,-3.10194,11.9785,4.10904,6.81648,5.10904,6.92135,4.86076,4.86076,0.525703,0.515705,-0.0622183,0.951004,28.5
5.32683e+08,0.698972,1.07946,9.78454,6.27972,-0.0220659,6.19434,-0.0215004,4.0615,-0.10602,3.96383,-0.106274,0.113687,0.109579,0.04,0.03959,-0.00527976,4.17094,37.6271
7.74774e+08,-0.0197736,0.00300101,9.81,-1.30232,28.798,-2.80232,12.0951,4.27392,6.19899,5.27392,6.29436,4.88698,4.88698,0.52315,0.514154,-0.0623657,0.950904,28.5
5.32704e+08,0.672709,1.06742,9.78217,6.21286,0.16114,6.2215,0.161378,3.91083,-0.121287,3.95167,-0.120987,0.0831523,0.0837229,0.04,0.0396266,-0.0057563,4.17095,37.6035
7.74796e+08,-0.0191619,0.00572893,9.81,-1.03267,29.0219,-2.53267,12.1892,4.40764,5.63228,5.40764,5.71893,4.90808,4.90808,0.519204,0.512768,-0.0624844,0.950815,28.5
5.32725e+08,0.656009,1.01203,9.78684,5.89066,0.0237356,5.89935,0.0226,3.8145,-0.0144167,3.82703,-0.0155695,0.0220836,0.0257161,0.038,0.0381557,-0.0104272,4.17095,37.5947
7.74817e+08,-0.0182391,0.00820577,9.81,-0.775931,29.2127,-2.27593,12.2693,4.52213,5.08409,5.52213,5.16231,4.92605,4.92605,0.514434,0.511455,-0.0625853,0.950731,28.5
5.32746e+08,0.67273,0.99035,9.79154,5.76196,0.130606,5.77494,0.130899,3.91046,-0.21289,3.82624,-0.21141,0.0984194,0.097563,0.038,0.0376767,-0.0122249,4.17096,37.6594
7.74842e+08,-0.0167231,0.0109699,9.81,-0.467541,29.4136,-1.96754,12.3537,4.64324,4.41589,5.64324,4.48383,4.94494,4.94494,0.508185,0.509886,-0.0626914,0.95063,28.5
5.32767e+08,0.589156,0.987942,9.79636,5.74837,0.130606,5.81156,0.130939,3.42432,-0.182356,3.5377,-0.183565,0.144221,0.138783,0.038,0.0376454,-0.0123346,4.17096,37.6182
7.74863e+08,-0.015159,0.0130463,9.81,-0.211853,29.5572,-1.71185,12.414,4.73014,3.85489,5.73014,3.9142,4.95844,4.95844,0.50327,0.508591,-0.0627671,0.950548,28.5
5.32787e+08,0.581997,0.973491,9.8652,5.62595,-0.15947,5.70039,-0.158888,3.35997,0.153522,3.40656,0.15202,0.0678852,0.0665319,0.037,0.0368127,-0.0140661,4.1708,37.6535
5.32807e+08,0.658404,0.987942,9.9435,5.66171,0.05427,5.73807,0.0539584,3.76977,-0.121287,3.79798,-0.120682,0.0831523,0.0790761,0.037,0.0366585,-0.0130066,4.17089,37.6094
7.74888e+08,-0.0129257,0.0152619,9.81,0.099211,29.7042,-1.40079,12.4758,4.81944,3.16517,5.81944,3.21387,4.97225,4.97225,0.49843,0.507021,-0.0628445,0.950447,28.5
5.32828e+08,0.417308,0.713383,8.94135,4.55673,0.283278,5.34879,0.281863,2.6637,-0.182356,3.34871,-0.180168,0.373229,0.368181,0.037,0.0366376,-0.0158709,4.1709,37.6241
7.74913e+08,-0.0103627,0.017106,9.81,0.412811,29.8222,-1.08719,12.5253,4.8913,2.46327,5.8913,2.50117,4.98332,4.98332,0.495464,0.505444,-0.0629066,0.950347,28.5
5.32848e+08,0.789673,1.21192,10.2999,6.69133,0.100072,6.35761,0.102106,4.35426,-0.258692,4.01253,-0.260302,-0.405397,-0.378093,0.038,0.0373377,-0.0116057,4.17091,37.6094
7.74934e+08,-0.00802963,0.0183173,9.81,0.674672,29.8976,-0.825328,12.557,4.93738,1.87321,5.93738,1.90203,4.9904,4.9904,0.494674,0.50413,-0.0629462,0.950263,28.5
5.32869e+08,0.536636,0.944591,9.60877,5.60574,-0.174738,6.11337,-0.172977,3.18126,0.153522,3.79694,0.151609,0.571702,0.541663,0.038,0.0375686,-0.0110919,4.17091,37.6182
7.74959e+08,-0.00505651,0.0193502,9.81,0.989024,29.9608,-0.510976,12.5835,4.97601,1.16143,5.97601,1.1793,4.99633,4.99633,0.495617,0.502556,-0.0629794,0.950163,28.5
5.3289e+08,0.701368,1.05056,10.1715,5.883,0.05427,5.71375,0.0527792,3.92374,-0.0754855,3.75791,-0.0795158,-0.115321,-0.119542,0.038,0.0376488,-0.0101546,4.17092,37.63
7.7498e+08,-0.00251228,0.0198416,9.81,1.24813,29.9905,-0.251867,12.596,4.99417,0.572872,5.99417,0.581685,4.99911,4.99911,0.49757,0.501259,-0.062995,0.95008,28.5
5.32911e+08,0.624975,0.985534,9.65862,5.81403,0.298545,5.81399,0.297092,3.68317,-0.273959,3.71901,-0.273981,0.220557,0.210919,0.038,0.0376589,-0.0105892,4.17101,37.6476
7.75005e+08,0.000637992,0.0199898,9.81,1.56381,29.9994,0.0638096,12.5997,4.99963,-0.145165,5.99963,-0.147398,4.99994,4.99994,0.500637,0.499681,-0.0629997,0.94998,28.5
5.32932e+08,0.624946,1.0891,9.76563,6.35064,0.145873,6.27475,0.146506,3.63912,-0.197623,3.56926,-0.197634,0.0526179,0.0514452,0.038,0.0376399,-0.0105982,4.17101,37.6035
7.7503e+08,0.00373785,0.0196476,9.81,1.87591,29.9788,0.375907,12.5911,4.98702,-0.854774,5.98702,-0.867924,4.99801,4.99801,0.503466,0.49812,-0.0629889,0.94988,28.5
5.32953e+08,0.682259,1.07224,9.69195,6.2976,-0.205272,6.19292,-0.206429,4.00232,0.138255,3.81108,0.13912,0.113687,0.113562,0.038,0.0376331,-0.0106039,4.17093,37.6124
7.75053e+08,0.00649714,0.0189153,9.81,2.16124,29.9343,0.661238,12.5724,4.95982,-1.50205,5.95982,-1.52516,4.99384,4.99384,0.505066,0.496692,-0.0629655,0.949789,28.5
5.32974e+08,0.734811,0.999984,9.76301,5.83179,0.206942,5.89189,0.206015,4.28192,-0.21289,4.20437,-0.211054,0.0984194,0.0982495,0.038,0.0376277,-0.0107904,4.17094,37.6271
5.32995e+08,0.713303,1.0626,9.97206,6.06698,0.145873,6.01598,0.147054,4.06845,-0.151821,4.05758,-0.15242,0.00681639,0.00356268,0.038,0.0376285,-0.0100343,4.17094,37.5947
7.75077e+08,0.0093518,0.0176789,9.81,2.47159,29.8581,0.97159,12.5404,4.91321,-2.20317,5.91321,-2.23707,4.98669,4.98669,0.505075,0.495136,-0.0629254,0.94969,28.5
5.33016e+08,0.620198,0.987942,9.75597,5.7708,0.191675,5.92409,0.19164,3.61901,-0.258692,3.77189,-0.260099,0.00681639,0.00988967,0.038,0.0376382,-0.0101497,4.17103,37.6124
7.75103e+08,0.0120128,0.0159904,9.81,2.78504,29.7513,1.28504,12.4955,4.84809,-2.9068,5.84809,-2.95152,4.97667,4.97667,0.502913,0.493561,-0.0628693,0.94959,28.5
5.33037e+08,0.596306,1.03852,9.82967,6.02002,0.16114,6.0158,0.160592,3.45236,-0.258692,3.48405,-0.258991,0.0678852,0.0686666,0.038,0.0376485,-0.0102067,4.17112,37.6271
7.75124e+08,0.0140115,0.0142715,9.81,3.04618,29.6392,1.54618,12.4485,4.77994,-3.48845,5.77994,-3.54212,4.96615,4.96615,0.499509,0.492246,-0.0628103,0.949506,28.5
5.33058e+08,0.601104,0.959041,9.80343,5.5769,-0.190005,5.67037,-0.189982,3.49211,0.184057,3.50708,0.182304,0.174755,0.16927,0.038,0.0376678,-0.00971385,4.17095,37.6388
7.75148e+08,0.0160666,0.0119106,9.81,3.35493,29.4794,1.85493,12.3813,4.68302,-4.16954,5.68302,-4.23369,4.95113,4.95113,0.494048,0.490685,-0.0627261,0.949406,28.5
5.33079e+08,0.677518,0.946999,9.81996,5.49537,0.0390028,5.5684,0.0375272,3.92864,-0.182356,3.84511,-0.1814,0.20529,0.199607,0.038,0.0376717,-0.00909453,4.17103,37.6153
7.75169e+08,0.0174502,0.0097719,9.81,3.60478,29.328,2.10478,12.3177,4.59155,-4.71447,5.59155,-4.787,4.93689,4.93689,0.489023,0.489417,-0.0626462,0.949325,28.5
5.331e+08,0.658385,1.05538,9.80116,6.13215,0.359614,6.07292,0.359054,3.821,-0.380829,3.86414,-0.381151,0.0831523,0.0818219,0.038,0.0376428,-0.00929713,4.17104,37.6182
7.75193e+08,0.0187519,0.00695464,9.81,3.90741,29.1177,2.40741,12.2294,4.46505,-5.36581,5.46505,-5.44836,4.9171,4.9171,0.483032,0.487873,-0.0625351,0.949226,28.5
5.33121e+08,0.706128,1.10595,9.80594,6.41838,-0.205272,6.39095,-0.202598,4.09291,0.168789,4.11425,0.163496,0.0678852,0.0691203,0.038,0.0376064,-0.00964646,4.17104,37.6182
7.75219e+08,0.0196101,0.00392989,9.81,4.21165,28.876,2.71165,12.1279,4.32043,-6.00953,5.32043,-6.10198,4.89433,4.89433,0.478022,0.486313,-0.0624071,0.949126,28.5
5.33142e+08,0.656017,0.983125,9.73931,5.7512,0.0390028,5.82846,0.0386461,3.83406,-0.0907526,3.86273,-0.0889784,0.144221,0.145958,0.037,0.0370404,-0.0116909,4.17104,37.6329
5.33163e+08,0.610653,0.966266,9.79631,5.62235,0.237476,5.67848,0.236622,3.54974,-0.289226,3.63575,-0.288073,0.0373508,0.038644,0.037,0.0366939,-0.0123589,4.17104,37.63
7.75244e+08,0.0199837,0.000807427,9.81,4.51326,28.6056,3.01326,12.0144,4.15964,-6.63514,5.15964,-6.73722,4.86883,4.86883,0.474829,0.484756,-0.0622637,0.949026,28.5
5.33183e+08,0.605869,0.995167,9.78686,5.79509,0.115339,5.78027,0.116231,3.52433,-0.136554,3.42199,-0.137142,0.0526179,0.0532801,0.037,0.0366647,-0.0125439,4.17011,37.63
7.75268e+08,0.0198738,-0.00224315,9.81,4.80316,28.3161,3.30316,11.8928,3.98859,-7.22315,4.98859,-7.33427,4.84148,4.84148,0.473811,0.483247,-0.0621097,0.948928,28.5
5.33203e+08,0.718064,1.118,10.0885,6.30783,0.0237356,6.10898,0.0263347,4.04656,-0.0754855,3.77206,-0.0775057,-0.0237179,-0.0233521,0.037,0.0366443,-0.0116596,4.17024,37.6212
7.75293e+08,0.0192781,-0.00532484,9.81,5.09804,27.9908,3.59804,11.7562,3.79784,-7.80624,4.79784,-7.92633,4.81071,4.81071,0.474795,0.481701,-0.0619362,0.948828,28.5
5.33223e+08,0.608271,0.944591,9.61108,5.60195,-0.174738,5.87062,-0.171479,3.60402,0.0924535,3.8402,0.0909285,0.281626,0.268004,0.037,0.036632,-0.0128484,4.17028,37.6153
7.75318e+08,0.0182035,-0.00828441,9.81,5.39028,27.6368,3.89028,11.6074,3.59192,-8.36746,4.59192,-8.49619,4.77715,4.77715,0.477299,0.480154,-0.0617468,0.948728,28.5
5.33243e+08,0.739571,1.05779,9.84145,6.11764,0.222209,5.92736,0.219554,4.2731,-0.21289,4.05604,-0.210213,-0.130588,-0.119088,0.037,0.0366341,-0.0132969,4.17023,37.5888
7.75343e+08,0.0166735,-0.0110452,9.81,5.67937,27.2543,4.17937,11.4468,3.37146,-8.90453,4.37146,-9.04152,4.74083,4.74083,0.480442,0.478608,-0.0615416,0.948628,28.5
5.33264e+08,0.727619,1.10355,9.74894,6.44043,0.329079,6.36951,0.329954,4.24141,-0.365562,4.2352,-0.365595,0.20529,0.189992,0.04,0.0383852,-0.00801512,4.17027,37.6359
7.75364e+08,0.0151074,-0.013106,9.81,5.91326,26.9204,4.41326,11.3066,3.18075,-9.32456,4.18075,-9.46801,4.70907,4.70907,0.482766,0.477345,-0.0613619,0.948545,28.5
5.33285e+08,0.67271,1.0626,9.65395,6.26614,-0.00679874,6.29683,-0.0038218,3.96221,0.0161176,4.00175,0.0122926,0.0831523,0.0858623,0.04,0.0394878,-0.00593692,4.16947,37.5682
7.75385e+08,0.0131927,-0.0150317,9.81,6.15546,26.5507,4.65546,11.1513,2.97143,-9.74465,3.97143,-9.89457,4.67384,4.67384,0.484332,0.476023,-0.0611623,0.948459,28.5
5.33306e+08,0.663175,1.00239,9.81294,5.81935,-0.190005,5.87305,-0.191175,3.84631,0.168789,3.78275,0.169105,0.144221,0.144787,0.04,0.0396492,-0.00560318,4.16955,37.6447
5.33327e+08,0.627372,0.951816,9.82001,5.52497,0.252743,5.5031,0.252686,3.63849,-0.289226,3.61904,-0.287169,0.0526179,0.0499549,0.038,0.0382001,-0.00959028,4.16962,37.6212
7.75409e+08,0.0108177,-0.0168219,9.81,6.41683,26.1232,4.91683,10.9718,2.73184,-10.1795,3.73184,-10.3361,4.63302,4.63302,0.484478,0.474581,-0.0609307,0.948364,28.5
5.33348e+08,0.589142,1.04093,9.77745,6.06601,0.222209,5.92608,0.224509,3.42887,-0.243424,3.44769,-0.243764,0.0526179,0.0561127,0.038,0.0377175,-0.0107469,4.16978,37.6153
7.75434e+08,0.00804044,-0.0183126,9.81,6.68909,25.6449,5.18909,10.7709,2.46686,-10.6102,3.46686,-10.7735,4.58724,4.58724,0.48252,0.473058,-0.0606705,0.948263,28.5
5.33369e+08,0.596321,0.985534,9.76786,5.75076,-0.0831345,5.83887,-0.0845245,3.47593,0.122988,3.51418,0.12005,0.0831523,0.0817917,0.038,0.0376574,-0.0102575,4.16984,37.6124
7.75459e+08,0.0050648,-0.0193481,9.81,6.95607,25.1412,5.45607,10.5593,2.19143,-11.0085,3.19143,-11.1778,4.5389,4.5389,0.478491,0.471543,-0.0603953,0.948163,28.5
5.3339e+08,0.663181,0.980717,9.82003,5.69029,0.0390028,5.60075,0.0369243,3.84446,-0.136554,3.76664,-0.134503,-0.0542523,-0.0510639,0.039,0.0385034,-0.00804667,4.1699,37.6329
7.7548e+08,0.00254869,-0.0198369,9.81,7.1692,24.7132,5.6692,10.3795,1.96023,-11.3076,2.96023,-11.4816,4.49772,4.49772,0.474056,0.470316,-0.0601604,0.948081,28.5
5.33411e+08,0.675097,1.06742,9.71332,6.25624,0.390148,6.12403,0.389544,3.95207,-0.411363,3.95663,-0.411944,0.00681639,0.00684911,0.039,0.0386236,-0.00818656,4.16996,37.6182
7.75502e+08,-0.000211727,-0.0199989,9.81,7.39497,24.2331,5.89497,10.1779,1.70412,-11.6049,2.70412,-11.7834,4.45142,4.45142,0.46868,0.468998,-0.0598959,0.947993,28.5
5.33432e+08,0.627334,1.0891,9.768,6.34902,0.191675,6.35587,0.192263,3.65211,-0.228157,3.79472,-0.227898,0.113687,0.110368,0.039,0.0386124,-0.00854238,4.17001,37.6124
7.75527e+08,-0.00336763,-0.0197144,9.81,7.64819,23.6601,6.14819,9.93722,1.40278,-11.9121,2.40279,-12.0953,4.396,4.396,0.462633,0.467494,-0.0595786,0.947892,28.5
5.33453e+08,0.641678,1.02889,9.84624,5.95295,-0.266341,6.08833,-0.265448,3.70855,0.27566,3.72853,0.272145,0.144221,0.145455,0.04,0.0394659,-0.00572567,4.17006,37.6124
7.75552e+08,-0.00637158,-0.0189579,9.81,7.88975,23.0768,6.38975,9.69227,1.10105,-12.1769,2.10105,-12.3642,4.33941,4.33941,0.457767,0.466031,-0.059254,0.947794,28.5
5.33474e+08,0.61306,0.896422,9.82943,5.20078,-0.0220659,5.35917,-0.0229818,3.5542,-0.0602183,3.63924,-0.0581285,0.113687,0.110947,0.04,0.0396764,-0.00575449,4.17011,37.6124
5.33495e+08,0.591545,0.985534,9.81297,5.72476,0.481751,5.54188,0.479705,3.4325,-0.487699,3.47688,-0.487947,-0.0237179,-0.0222624,0.04,0.0397019,-0.00554983,4.17016,37.5976
7.75577e+08,-0.00925896,-0.0177277,9.81,8.12823,22.4633,6.62823,9.43458,0.789036,-12.4087,1.78904,-12.5996,4.27968,4.27968,0.454639,0.464558,-0.0589105,0.947694,28.5
5.33516e+08,0.632113,1.07705,9.73473,6.30038,0.145873,6.17765,0.148529,3.69274,-0.167089,3.68818,-0.170071,0.0984194,0.0952806,0.039,0.038761,-0.00813454,4.17021,37.6359
7.75601e+08,-0.0118629,-0.0161019,9.81,8.35515,21.8418,6.85515,9.17354,0.478629,-12.5991,1.47863,-12.7929,4.21897,4.21897,0.453679,0.463126,-0.0585605,0.947596,28.5
5.33537e+08,0.65839,1.03611,9.77263,6.03839,-0.357944,6.05576,-0.356435,3.83282,0.199324,3.77771,0.199594,0.128954,0.126173,0.039,0.0386498,-0.0083933,4.17025,37.6271
7.75624e+08,-0.0140517,-0.0142319,9.81,8.56205,21.2402,7.06205,8.92089,0.183661,-12.7445,1.18366,-12.9406,4.16,4.16,0.454586,0.461791,-0.0582198,0.947504,28.5
5.33558e+08,0.663167,1.03129,9.80824,5.98877,0.206942,5.80142,0.0812509,3.84693,-0.167089,4.03752,-0.073955,0.0526179,0.0235079,0.039,0.0386423,-0.00878738,4.17003,37.63
7.75649e+08,-0.0161169,-0.0118425,9.81,8.78233,20.5599,7.28233,8.63516,-0.143424,-12.8668,0.856576,-13.0648,4.09306,4.09306,0.457091,0.460335,-0.057832,0.947403,28.5
5.33579e+08,0.682253,1.09391,9.78695,6.36231,0.374881,6.19201,0.376915,3.96306,-0.472432,3.97852,-0.47185,0.0831523,0.0797512,0.038,0.037686,-0.0114948,4.17008,37.6182
7.75671e+08,-0.0175928,-0.00951283,9.81,8.96868,19.9492,7.46868,8.37865,-0.431139,-12.9414,0.568861,-13.1405,4.03275,4.03275,0.459908,0.459072,-0.0574816,0.947316,28.5
7.75695e+08,-0.0188162,-0.00677866,9.81,9.16466,19.2685,7.66466,8.09278,-0.745173,-12.9883,0.254827,-13.1881,3.96527,3.96527,0.462793,0.457708,-0.0570886,0.94722,28.5
7.7572e+08,-0.019647,-0.00374109,9.81,9.3633,18.5342,7.8633,7.78437,-1.07609,-12.999,-0.0760949,-13.1989,3.89215,3.89215,0.464734,0.456285,-0.0566616,0.94712,28.5
7.75744e+08,-0.0199856,-0.000757701,9.81,9.54539,17.817,8.04539,7.48314,-1.39138,-12.9723,-0.391383,-13.1719,3.82043,3.82043,0.464874,0.454939,-0.0562414,0.947024,28.5
7.75766e+08,-0.0199044,0.00195295,9.81,9.70359,17.1555,8.20359,7.2053,-1.67519,-12.9174,-0.675193,-13.1162,3.75398,3.75398,0.463304,0.453732,-0.055851,0.946938,28.5
5.33599e+08,0.660768,1.07464,9.77982,6.25658,-0.113669,6.30357,-0.112386,3.84222,0.0466518,3.85788,0.0445609,0.190022,0.18433,0.038,0.0376109,-0.0114994,4.17013,37.6271
5.33619e+08,0.694205,1.04815,10.0955,5.91355,-0.327409,5.96257,-0.326822,3.91271,0.229858,3.8446,0.230134,0.128954,0.124177,0.038,0.0376265,-0.0105097,4.17018,37.6006
5.33639e+08,0.43879,0.744692,9.48508,4.48442,0.05427,5.28284,0.0519453,2.64056,0.0771863,3.43306,0.0744628,0.5259,0.508597,0.038,0.0376563,-0.0110263,4.17014,37.6094
5.33659e+08,0.472192,0.843437,9.34987,5.14808,0.466484,5.49978,0.464144,2.87945,-0.686172,3.21178,-0.677387,0.0220836,0.0459587,0.038,0.0376587,-0.0135268,4.17018,37.6153
5.33679e+08,0.718044,1.19025,10.1741,6.6562,-0.0220659,6.52698,-0.0178972,4.00975,-0.0449512,4.03434,-0.052851,0.220557,0.199137,0.038,0.0376048,-0.0106311,4.17023,37.6418
5.33699e+08,0.591564,0.918098,9.28341,5.63663,-0.15947,6.05645,-0.160617,3.62846,0.153522,3.85337,0.156965,0.31216,0.312263,0.039,0.0385069,-0.0107302,4.16909,37.6447
7.75789e+08,-0.0193946,0.00488355,9.81,9.87019,16.4152,8.37019,6.89439,-1.98477,-12.8237,-0.984773,-13.021,3.6793,3.6793,0.459802,0.452417,-0.0554109,0.946843,28.5
5.3372e+08,0.765839,1.05056,9.99574,5.9824,-0.037333,5.83252,-0.0362025,4.35734,-0.0296841,4.1315,-0.0290603,-0.17639,-0.172519,0.039,0.0386216,-0.00966012,4.16918,37.6182
7.75814e+08,-0.0183892,0.00786365,9.81,10.0383,15.6166,8.53828,6.55899,-2.30921,-12.6867,-1.30921,-12.8819,3.59834,3.59834,0.454547,0.451039,-0.0549321,0.946743,28.5
5.3374e+08,0.715693,1.05538,9.70376,6.19039,0.359614,5.98416,0.357242,4.19353,-0.335027,4.02093,-0.333281,0.113687,0.112613,0.039,0.0386375,-0.00970401,4.16928,37.6388
7.75839e+08,-0.0169295,0.0106486,9.81,10.1979,14.8028,8.69788,6.21717,-2.6296,-12.5113,-1.6296,-12.7038,3.51539,3.51539,0.448539,0.449672,-0.0544399,0.946643,28.5
5.3376e+08,0.65122,1.06019,9.81779,6.14991,0.100072,6.02781,0.099491,3.77303,-0.0907526,3.73635,-0.0919781,-0.100054,-0.0977131,0.038,0.0377339,-0.0119675,4.16945,37.6153
5.33781e+08,0.615415,1.01684,9.79401,5.9158,-0.00679874,5.92764,-0.0059068,3.57633,-0.121287,3.56507,-0.119509,0.159488,0.157183,0.038,0.0376434,-0.0119966,4.16953,37.6124
7.75863e+08,-0.0151852,0.0130158,9.81,10.3393,14.0285,8.83931,5.89199,-2.92471,-12.313,-1.92471,-12.5024,3.43606,3.43606,0.443136,0.448406,-0.0539675,0.946549,28.5
5.33802e+08,0.641689,0.987942,9.79156,5.74924,0.115339,5.75981,0.00764259,3.73062,-0.151821,3.50588,-0.150676,0.0831523,0.128254,0.038,0.0376383,-0.0122894,4.16969,37.6094
7.75888e+08,-0.0129507,0.0152407,9.81,10.4825,13.1846,8.98249,5.53754,-3.23554,-12.064,-2.23554,-12.2495,3.34911,3.34911,0.438495,0.447061,-0.0534478,0.946448,28.5
5.33823e+08,0.667949,1.00962,9.83906,5.84544,-0.00679874,5.76992,-0.00561893,3.86348,-0.10602,3.78002,-0.106285,0.0220836,0.0210667,0.038,0.0376437,-0.0117931,4.16976,37.6153
7.7591e+08,-0.0106867,0.0169054,9.81,10.6025,12.4216,9.10252,5.21708,-3.50676,-11.811,-2.50676,-11.9928,3.27006,3.27006,0.435945,0.445873,-0.0529735,0.946359,28.5
5.33843e+08,0.66794,1.04093,9.71803,6.09953,0.130606,6.06822,0.13029,3.90958,-0.21289,3.87479,-0.212817,0.0678852,0.0683689,0.038,0.0376222,-0.0125487,4.16982,37.6035
7.75935e+08,-0.00789658,0.0183751,9.81,10.7287,11.5535,9.22867,4.85249,-3.80394,-11.4931,-2.80394,-11.6699,3.1796,3.1796,0.43517,0.444553,-0.0524287,0.946258,28.5
5.33864e+08,0.646446,1.05538,9.80117,6.13264,0.0237356,6.10845,0.0260525,3.75191,-0.10602,3.72082,-0.107477,0.0984194,0.0946441,0.038,0.0376171,-0.0125009,4.16988,37.5918
7.75959e+08,-0.00507147,0.0193463,9.81,10.8397,10.7206,9.33969,4.50267,-4.07755,-11.1596,-3.07755,-11.3313,3.09227,3.09227,0.43636,0.443315,-0.0519006,0.946163,28.5
5.33885e+08,0.665554,1.03611,9.78212,6.03231,0.00846851,5.94435,0.00875103,3.87069,-0.0449512,3.8055,-0.0428844,0.0220836,0.0248666,0.038,0.0376282,-0.0122355,4.17003,37.6094
7.75984e+08,-0.00198646,0.0199011,9.81,10.9472,9.83634,9.4472,4.13126,-4.35559,-10.7769,-3.35559,-10.9427,2.99896,2.99896,0.439089,0.442029,-0.0513339,0.946063,28.5
7.76009e+08,0.00116639,0.019966,9.81,11.046,8.93691,9.54598,3.7535,-4.62511,-10.359,-3.62511,-10.5183,2.90341,2.90341,0.442492,0.44075,-0.0507511,0.945963,28.5
7.76034e+08,0.00428998,0.0195345,9.81,11.1352,8.02864,9.63524,3.37203,-4.88355,-9.90953,-3.88355,-10.062,2.80623,2.80623,0.445527,0.439486,-0.0501557,0.945862,28.5
7.76056e+08,0.00687834,0.01878,9.81,11.2039,7.2459,9.70393,3.04328,-5.09509,-9.50133,-4.09509,-9.6475,2.72192,2.72192,0.447108,0.438418,-0.0496368,0.945776,28.5
7.76081e+08,0.00974017,0.0174679,9.81,11.2752,6.32499,9.77522,2.6565,-5.33059,-8.99779,-4.33059,-9.13621,2.62204,2.62204,0.447174,0.437184,-0.0490194,0.945676,28.5
5.33906e+08,0.687051,1.01443,9.77495,5.91041,0.252743,5.8334,0.251235,3.99912,-0.21289,3.88054,-0.211409,0.0373508,0.0340354,0.038,0.0376382,-0.0121195,4.17008,37.5947
5.33926e+08,0.62258,1.00962,9.80111,5.86958,0.16114,5.84037,0.160859,3.61554,-0.151821,3.64107,-0.150963,0.0678852,0.0664615,0.038,0.0376406,-0.0119576,4.17013,37.6359
5.33946e+08,0.67273,0.99035,9.79392,5.76058,0.0390028,5.86289,0.0389689,3.90952,0.0466518,3.81033,0.045748,0.0526179,0.0512674,0.038,0.0376374,-0.0113216,4.17017,37.6006
5.33966e+08,0.655994,1.06742,9.81067,6.19574,0.00846851,6.01161,0.00874576,3.80303,-0.0907526,3.71057,-0.0907192,0.0984194,0.0978188,0.038,0.0376401,-0.010804,4.17022,37.6094
5.33986e+08,0.65601,1.00962,9.79634,5.87111,0.176407,5.84144,0.173781,3.81096,-0.136554,3.80662,-0.135413,0.00681639,0.0115894,0.038,0.0376423,-0.0110438,4.17026,37.6094
7.76106e+08,0.0123607,0.015723,9.81,11.3368,5.39776,9.8368,2.26706,-5.55294,-8.46686,-4.55294,-8.59712,2.52068,2.52068,0.445064,0.435966,-0.0483897,0.945576,28.5
7.76131e+08,0.0146553,0.0136096,9.81,11.3882,4.47378,9.88818,1.87899,-5.75958,-7.91542,-4.75958,-8.0372,2.41887,2.41887,0.441019,0.434774,-0.047754,0.945476,28.5
7.76153e+08,0.0163726,0.0114864,9.81,11.4252,3.6615,9.92524,1.53783,-5.92879,-7.41336,-4.92879,-7.52741,2.32868,2.32868,0.436359,0.433745,-0.047188,0.945389,28.5
7.76174e+08,0.0177853,0.00914782,9.81,11.4549,2.84607,9.9549,1.19535,-6.08681,-6.89407,-5.08681,-7.00013,2.23746,2.23746,0.431276,0.432727,-0.046613,0.945302,28.5
5.34006e+08,0.667949,1.00962,9.77496,5.88333,0.130606,5.99058,0.191624,3.88848,-0.167089,3.88849,-0.226655,0.0678852,0.0339688,0.038,0.037631,-0.0112429,4.16928,37.6006
5.34027e+08,0.596315,1.0048,9.84386,5.81762,0.05427,5.86689,0.0548909,3.44871,-0.151821,3.54602,-0.15355,0.174755,0.169225,0.038,0.0376421,-0.0106852,4.16937,37.6035
5.34047e+08,0.624967,1.01203,9.81774,5.87354,-0.0220659,5.93185,-0.0214844,3.62321,0.0313847,3.69857,0.0307796,0.00681639,0.0108923,0.038,0.0376396,-0.0109023,4.16946,37.6329
5.34067e+08,0.629744,1.00721,9.76549,5.87652,0.115339,5.84929,0.115022,3.67029,-0.136554,3.67048,-0.135357,0.113687,0.108735,0.038,0.0376505,-0.0107087,4.16954,37.6447
5.34087e+08,0.698985,1.03129,9.77971,6.00452,0.16114,6.0261,0.162582,4.06568,-0.182356,3.89629,-0.182959,0.113687,0.110934,0.038,0.037638,-0.010442,4.16961,37.6241
7.762e+08,0.0190017,0.00623983,9.81,11.4799,1.90245,9.97987,0.79903,-6.25467,-6.27527,-5.25467,-6.37181,2.13102,2.13102,0.425766,0.431568,-0.0459385,0.945202,28.5
7.76222e+08,0.0196974,0.00346593,9.81,11.4939,1.04484,9.99393,0.438834,-6.39309,-5.69736,-5.39309,-5.78502,2.03344,2.03344,0.421866,0.430532,-0.0453168,0.945111,28.5
7.76243e+08,0.0199818,0.000853138,9.81,11.4996,0.256016,9.99964,0.107527,-6.50837,-5.15369,-5.50837,-5.23298,1.94294,1.94294,0.419674,0.429592,-0.0447374,0.945027,28.5
