timestamp_us,AccX,AccY,AccZ,Roll_Acc,Roll_Gyr,Roll_Kalman,RollRate_Kalman,Pitch_Acc,Pitch_Gyr,Pitch_Kalman,PitchRate_Kalman,YawRate_Gyr,YawRate_Kalman,Alt_ToF,Alt_Kalman,Vz_Kalman,VBat,temp
4.3213e+07,0.431845,-0.0404507,9.7901,-0.236503,0.0434426,-0.248015,0.0454695,2.52568,-0.0264797,2.54922,-0.0298119,-0.0345637,-0.0307689,0.038,0.0378587,-0.0147956,3.7555,29.2976
4.3233e+07,0.448561,-0.0452675,9.83281,-0.263498,-0.017626,-0.253086,-0.01569,2.61193,-0.0112126,2.54257,-0.0115519,-0.0192965,-0.0169175,0.038,0.0378615,-0.0141618,3.75535,29.2947
4.3253e+07,0.467666,-0.0524928,9.75444,-0.307976,0.0892441,-0.254565,0.0878293,2.74484,-0.0722814,2.54181,-0.0746265,-0.0345637,-0.0279969,0.038,0.0378648,-0.0139082,3.75554,29.3182
4.3293e+07,0.403187,-0.0284086,9.80439,-0.165876,0.0129082,-0.255215,0.0152196,2.35485,-0.0722814,2.53699,-0.0675102,-0.00402927,-0.00351251,0.037,0.0368593,-0.0166223,3.75589,29.3241
4.3313e+07,0.477218,-0.0549012,9.77579,-0.321389,0.0281755,-0.25975,0.0292038,2.79471,-0.0570142,2.54233,-0.0588387,0.0417722,0.0424988,0.037,0.0368482,-0.0167284,3.75572,29.2888
4.3333e+07,0.474825,-0.0380423,9.78769,-0.222432,-0.00235891,-0.25772,0.00424324,2.77736,-0.0875485,2.5389,-0.0830897,0.0417722,0.0265654,0.037,0.0368481,-0.0164235,3.75589,29.2976
4.3413e+07,0.453344,-0.0717601,9.81615,-0.418402,-0.0786948,-0.273694,-0.082749,2.64417,0.0498559,2.55122,0.056355,-0.065098,-0.066198,0.036,0.0358473,-0.018273,3.75605,29.3006
4.3433e+07,0.393643,-0.0524928,9.78536,-0.307107,-0.170298,-0.263845,-0.155726,2.3036,0.126192,2.54379,0.113729,0.0875738,0.0680056,0.036,0.0358388,-0.0180117,3.75612,29.2947
4.35131e+07,0.436622,-0.0452675,9.78771,-0.264724,0.150313,-0.262288,0.144136,2.5542,-0.163884,2.55801,-0.1575,-0.065098,-0.0538635,0.038,0.037704,-0.0127668,3.75573,29.2976
4.3533e+07,0.448568,-0.0693517,9.78054,-0.405838,0.135046,-0.261037,0.12708,2.62587,-0.224953,2.56019,-0.2118,-0.0498308,-0.0483666,0.038,0.037858,-0.0123393,3.75556,29.2947
4.3553e+07,0.446177,-0.0573096,9.77106,-0.3357,0.0434426,-0.26447,0.0379776,2.61444,-0.0875485,2.55692,-0.0837911,-0.0192965,-0.0142933,0.038,0.0378748,-0.0123288,3.75549,29.28
4.3593e+07,0.453346,-0.0789853,9.75203,-0.463549,0.073977,-0.261498,0.0672881,2.66153,-0.13335,2.56279,-0.128785,-0.0498308,-0.0491172,0.036,0.0358705,-0.018638,3.75551,29.2859
4.3633e+07,0.439002,-0.018775,9.76876,-0.110008,0.073977,-0.258181,0.0771926,2.5731,-0.148617,2.56264,-0.139855,-0.0345637,-0.024807,0.038,0.0375283,-0.0139352,3.75546,29.2859
4.3653e+07,0.448561,-0.0452675,9.78533,-0.264774,0.0129082,-0.264051,0.0175746,2.62458,0.00405455,2.56611,0.000367712,-0.00402927,-0.000290032,0.038,0.0378341,-0.0130484,3.75531,29.2476
4.3733e+07,0.400804,-0.0452675,9.72126,-0.266572,-0.0481604,-0.258383,-0.0447184,2.36092,-0.0112126,2.55462,-0.00476089,-0.0956324,-0.0880588,0.037,0.0368572,-0.0155781,3.75482,29.3006
4.3753e+07,0.405585,-0.0621264,9.82095,-0.362134,-0.0328933,-0.265691,-0.0404728,2.3648,0.00405455,2.54654,0.000498299,-0.0498308,-0.041053,0.038,0.0377025,-0.0128647,3.75479,29.2976
4.3833e+07,0.43184,-0.0211834,9.77351,-0.124063,0.0129082,-0.267532,0.0191104,2.52995,-0.0264797,2.53992,-0.0317498,-0.0498308,-0.0541023,0.036,0.0358679,-0.0192783,3.75488,29.2653
4.3853e+07,0.470049,-0.0356339,9.79957,-0.208103,0.104511,-0.264968,0.0989317,2.74614,-0.0417471,2.55642,-0.0438216,-0.0803652,-0.0736923,0.036,0.0358339,-0.0191774,3.75509,29.28
4.3873e+07,0.415138,-0.0693517,9.74971,-0.407181,-0.00235891,-0.27235,0.000579046,2.43809,-0.0112126,2.55595,-0.0164034,0.0570394,0.0336204,0.037,0.0366796,-0.0164375,3.75504,29.2771
4.3893e+07,0.422298,-0.0549012,9.77821,-0.321393,0.0434426,-0.276534,0.0416318,2.47289,-0.0570142,2.55064,-0.0513816,-0.00402927,0.003421,0.037,0.0368335,-0.0159561,3.755,29.2712
4.3913e+07,0.458117,-0.059718,9.78767,-0.349195,-0.00235891,-0.279479,-0.000759323,2.67975,0.0193217,2.55854,0.016507,-0.00402927,-0.00430039,0.037,0.0368524,-0.015461,3.75521,29.2535
4.3933e+07,0.436623,-0.0476759,9.82332,-0.2778,0.073977,-0.276286,0.0746645,2.54495,-0.0875485,2.5578,-0.0828599,-0.0803652,-0.0825348,0.037,0.0368556,-0.0151864,3.75507,29.2653
4.3953e+07,0.441394,-0.0308171,9.81385,-0.179736,0.0892441,-0.273286,0.0838857,2.57522,-0.102816,2.56475,-0.100506,-0.0498308,-0.0435658,0.037,0.0368573,-0.0149863,3.75527,29.2712
4.3973e+07,0.44379,-0.0621264,9.82567,-0.3619,0.0129082,-0.27975,0.0179018,2.58604,-0.102816,2.56142,-0.103801,-0.0192965,-0.0201203,0.037,0.036858,-0.0148523,3.75513,29.2741
4.3993e+07,0.46288,-0.0163666,9.79961,-0.0955845,0.135046,-0.272208,0.131358,2.70433,-0.118083,2.56926,-0.121176,0.0417722,0.0308899,0.04,0.0393999,-0.00759106,3.75508,29.2888
4.4013e+07,0.436621,-0.0428591,9.78059,-0.250822,0.0587097,-0.271654,0.0584558,2.55605,0.00405455,2.56274,-0.000284253,-0.00402927,-0.00465788,0.04,0.0398628,-0.00604603,3.75495,29.2329
4.4033e+07,0.398423,-0.0693517,9.74734,-0.407308,-0.0328933,-0.279806,-0.0357329,2.34061,-0.0722814,2.54989,-0.0706605,-0.00402927,-0.00641662,0.04,0.039912,-0.00635218,3.75482,29.2653
4.4053e+07,0.415125,-0.0235918,9.76877,-0.138246,0.0587097,-0.271608,0.0576212,2.43332,-0.0112126,2.54748,-0.0156414,-0.0498308,-0.0506051,0.037,0.0373712,-0.0143267,3.75504,29.2682
4.4073e+07,0.462885,-0.0356339,9.77109,-0.208715,0.0129082,-0.275151,0.0104788,2.71223,-0.0722814,2.55556,-0.0648256,-0.0345637,-0.0371012,0.037,0.0369073,-0.016015,3.75491,29.28
4.4093e+07,0.47005,-0.0404507,9.75683,-0.237265,0.119779,-0.285739,0.114927,2.75816,-0.0112126,2.56602,-0.0105075,-0.0498308,-0.0503686,0.037,0.0368528,-0.0169359,3.75487,29.2947
4.4113e+07,0.4414,-0.0549012,9.74258,-0.322538,0.104511,-0.288137,0.0983417,2.59404,-0.0112126,2.57456,-0.0145955,-0.0345637,-0.0329947,0.035,0.0351512,-0.0218708,3.75474,29.2682
4.4133e+07,0.465273,-0.0332255,9.75922,-0.194843,-0.0634276,-0.288287,-0.0655193,2.72951,-0.0570142,2.57686,-0.0554673,0.0112379,-0.00124388,0.035,0.034844,-0.0224935,3.75471,29.2535
4.4153e+07,0.448556,-0.0260002,9.79486,-0.151931,-0.170298,-0.289287,-0.165429,2.62202,0.0498559,2.57915,0.0466208,-0.00402927,-0.00425326,0.035,0.0348134,-0.0220095,3.7546,29.2388
4.4173e+07,0.43185,-0.0573096,9.77108,-0.335721,0.0434426,-0.28667,0.0473837,2.5306,-0.13335,2.58,-0.133904,0.0723065,0.0623998,0.037,0.0365075,-0.0168115,3.75457,29.2535
4.4213e+07,0.407969,-0.0500844,9.84708,-0.291166,0.0434426,-0.278087,0.0438328,2.3724,-0.102816,2.57906,-0.0992226,-0.0345637,-0.0291172,0.037,0.0368478,-0.0156158,3.75436,29.2388
4.4273e+07,0.465277,-0.0500844,9.76156,-0.293636,0.135046,-0.27722,0.130304,2.72886,-0.118083,2.57749,-0.112442,-0.0345637,-0.0392227,0.037,0.0368519,-0.015957,3.75439,29.2741
4.4293e+07,0.42946,-0.0524928,9.79483,-0.306764,0.180847,-0.277256,0.180692,2.51053,-0.179152,2.57202,-0.179139,-0.0345637,-0.0311192,0.038,0.0377007,-0.0130554,3.75429,29.23
4.4313e+07,0.405585,-0.0645349,9.79008,-0.377357,0.135046,-0.274856,0.134008,2.37225,-0.179152,2.56775,-0.178591,0.118108,0.097553,0.038,0.0378545,-0.0127521,3.75454,29.2359
4.4333e+07,0.474826,-0.0404507,9.7497,-0.237433,0.0587097,-0.270888,0.0635415,2.78817,-0.0570142,2.56773,-0.0554594,0.0570394,0.0417623,0.038,0.0378694,-0.0131399,3.75443,29.2476
4.4353e+07,0.434236,-0.0524928,9.75921,-0.307875,0.073977,-0.271453,0.0712994,2.54766,-0.0722814,2.55726,-0.07671,-0.0956324,-0.0790041,0.038,0.0378698,-0.013216,3.75467,29.2594
4.4393e+07,0.453351,-0.0958442,9.85884,-0.556404,0.073977,-0.272462,0.0720166,2.63272,-0.0570142,2.54889,-0.0615298,0.0570394,0.058203,0.038,0.0378711,-0.0128243,3.75445,29.2624
4.4413e+07,0.419912,-0.0621264,9.75446,-0.364576,0.0434426,-0.276673,0.0482096,2.46491,-0.0570142,2.55033,-0.053765,0.0112379,0.00406477,0.039,0.0387193,-0.0105772,3.75435,29.2447
4.4433e+07,0.448556,-0.0260002,9.81385,-0.151637,-0.0481604,-0.27972,-0.0397045,2.61695,-0.0264797,2.54843,-0.029895,-0.0803652,-0.0741742,0.039,0.0388678,-0.0109704,3.75332,29.23
4.4454e+07,0.441394,-0.0308171,9.79485,-0.180083,0.135046,-0.274988,0.134939,2.58021,-0.0875485,2.54144,-0.0887093,-0.0498308,-0.045159,0.039,0.0388833,-0.0110088,3.75353,29.2653
4.4655e+07,0.407967,-0.0428591,9.80199,-0.250307,0.073977,-0.27311,0.0792563,2.3833,0.0193217,2.55508,0.0190534,-0.065098,-0.0679077,0.037,0.0368468,-0.0165189,3.75304,29.2447
4.4675e+07,0.462887,-0.0428591,9.82331,-0.249703,0.0892441,-0.271883,0.0867397,2.69783,-0.0264797,2.56439,-0.0299489,-0.0192965,-0.00641044,0.037,0.0368464,-0.0166866,3.75309,29.2271
4.46961e+07,0.436623,-0.0476759,9.76397,-0.279485,0.073977,-0.268514,0.0741187,2.5604,-0.148617,2.56597,-0.149117,-0.00402927,-0.00196961,0.037,0.0368478,-0.0164597,3.75348,29.2212
4.4716e+07,0.443788,-0.0549012,9.7687,-0.321674,0.0129082,-0.264182,0.0118774,2.6011,-0.118083,2.56072,-0.115767,-0.00402927,-0.0159857,0.039,0.0386669,-0.01117,3.75376,29.2271
4.47361e+07,0.427065,-0.0260002,9.82099,-0.151542,0.0129082,-0.259922,0.0379634,2.48993,-0.148617,2.56152,-0.0665888,0.0723065,0.0403664,0.039,0.0388507,-0.0105035,3.75294,29.2535
4.4757e+07,0.419916,-0.0789853,9.80904,-0.460931,0.104511,-0.26312,0.0978452,2.45121,0.00405455,2.56413,-0.000529282,-0.0498308,-0.0475619,0.039,0.0388832,-0.0108597,3.75291,29.2329
4.4777e+07,0.424676,-0.0211834,9.85661,-0.123023,-0.00235891,-0.25855,0.00412052,2.46708,-0.102816,2.56097,-0.100626,-0.0345637,-0.0379409,0.037,0.0370628,-0.0166057,3.75322,29.23
4.4797e+07,0.429458,-0.0452675,9.80671,-0.264221,-0.0481604,-0.258977,-0.042581,2.50748,-0.0417471,2.55688,-0.0375774,-0.0345637,-0.0349495,0.037,0.0368681,-0.0168059,3.75318,29.2153
4.4817e+07,0.427068,-0.0356339,9.77349,-0.208699,0.0892441,-0.260696,0.0834602,2.50202,-0.118083,2.54876,-0.113825,0.0112379,0.0138837,0.037,0.036849,-0.0166963,3.75315,29.2388
4.4837e+07,0.484383,-0.0621264,9.82563,-0.361831,0.0281755,-0.271697,0.0276852,2.82222,-0.0264797,2.54987,-0.0290327,-0.0345637,-0.0337029,0.037,0.0368459,-0.0167879,3.75345,29.2271
4.4857e+07,0.434231,-0.0356339,9.79723,-0.208187,-0.00235891,-0.259456,0.00153652,2.53778,-0.102816,2.55208,-0.0984598,-0.0192965,-0.00420636,0.037,0.0368457,-0.0167794,3.75348,29.2153
4.4897e+07,0.467667,-0.0573096,9.78767,-0.335097,0.0587097,-0.261665,0.0553195,2.73554,0.0651233,2.5527,0.0544691,-0.00402927,-0.0100668,0.038,0.0377582,-0.0137151,3.75371,29.2212
4.4917e+07,0.448564,-0.0573096,9.75207,-0.336348,0.073977,-0.262423,0.0726746,2.63352,-0.0417471,2.54936,-0.0415703,-0.0192965,-0.020666,0.038,0.0378547,-0.0139539,3.7539,29.2418
4.4937e+07,0.439,-0.0115497,9.73791,-0.0678873,0.073977,-0.261445,0.0751078,2.58124,0.00405455,2.55034,-0.000622377,0.0570394,0.0352666,0.038,0.0378618,-0.0145391,3.75417,29.2535
4.4957e+07,0.431846,-0.0428591,9.82333,-0.249738,0.0434426,-0.259265,0.0468643,2.51715,-0.13335,2.553,-0.126691,-0.00402927,-0.0055941,0.038,0.0378618,-0.0143012,3.75442,29.2241
4.4977e+07,0.415135,-0.059718,9.81145,-0.348418,-0.0328933,-0.265808,-0.0226698,2.42277,-0.0417471,2.54519,-0.0430996,0.0417722,0.035345,0.038,0.0378636,-0.0140206,3.75466,29.2271
4.4997e+07,0.374546,-0.0741685,9.75923,-0.43511,-0.00235891,-0.261602,0.00205811,2.19779,-0.13335,2.53882,-0.123269,-0.0345637,-0.0362021,0.038,0.0378624,-0.0145542,3.75454,29.2271
4.5017e+07,0.429462,-0.059718,9.76633,-0.350003,0.0129082,-0.255353,0.0213357,2.51784,-0.0722814,2.53954,-0.0742253,-0.065098,-0.0554505,0.036,0.0361639,-0.0200587,3.75444,29.23
4.5037e+07,0.431843,-0.0332255,9.81623,-0.193744,-0.017626,-0.256437,-0.00570244,2.51896,-0.179152,2.5427,-0.165129,0.0570394,0.047457,0.036,0.0358556,-0.0206984,3.75442,29.23
4.5057e+07,0.422306,-0.0838022,9.8209,-0.488444,0.119779,-0.257684,0.116149,2.46215,-0.0417471,2.53788,-0.0440193,0.0417722,0.0405921,0.036,0.0358244,-0.0203427,3.75441,29.2241
4.50772e+07,0.465281,-0.0645349,9.79478,-0.377074,0.104511,-0.266622,0.10169,2.71962,-0.0875485,2.53955,-0.0879463,-0.0192965,-0.0161724,0.037,0.0366723,-0.0173694,3.75464,29.2241
4.5098e+07,0.441396,-0.0404507,9.81858,-0.235808,0.073977,-0.268748,0.0743089,2.57399,-0.0570142,2.53635,-0.0590606,-0.00402927,-0.0117398,0.037,0.0368289,-0.016404,3.75462,29.1859
4.5138e+07,0.462888,-0.0452675,9.82568,-0.263671,-0.00235891,-0.261985,0.00386301,2.69718,0.00405455,2.54112,0.00604008,-0.065098,-0.0521329,0.037,0.0368476,-0.0165116,3.7544,29.2212
4.5158e+07,0.462888,-0.0452675,9.8328,-0.263481,0.073977,-0.261561,0.0798727,2.69523,-0.0875485,2.54302,-0.0851951,0.0570394,0.0542309,0.037,0.0368483,-0.0162669,3.7543,29.1947
4.5178e+07,0.410359,-0.0573096,9.74023,-0.336814,0.135046,-0.268778,0.134343,2.41242,-0.102816,2.53301,-0.0984294,-0.0803652,-0.0686818,0.037,0.0368494,-0.0166114,3.75328,29.23
4.5198e+07,0.443787,-0.0524928,9.77582,-0.307339,0.104511,-0.267243,0.103509,2.5992,-0.0875485,2.53973,-0.0892848,-0.0345637,-0.0321367,0.037,0.0368499,-0.0161933,3.75358,29.2124
4.5219e+07,0.424677,-0.0260002,9.79962,-0.151873,0.073977,-0.268705,0.0746217,2.48141,-0.0112126,2.54378,-0.0164691,-0.0345637,-0.0206796,0.037,0.0368512,-0.0159959,3.75352,29.2212
4.524e+07,0.45812,-0.0717601,9.77103,-0.42032,-0.0328933,-0.278373,-0.0269397,2.6843,-0.0722814,2.54606,-0.070874,-0.0345637,-0.0305459,0.037,0.0368527,-0.0158783,3.7538,29.2476
4.526e+07,0.434231,-0.0332255,9.73787,-0.195297,-0.0634276,-0.270623,-0.0531177,2.55322,-0.0722814,2.53697,-0.0722805,-0.00402927,0.000686928,0.037,0.0368539,-0.015817,3.75373,29.1918
4.53001e+07,0.446174,-0.0476759,9.80195,-0.278392,0.135046,-0.272036,0.0993518,2.60621,-0.0112126,2.53792,-0.0139172,-0.0192965,-0.0325025,0.037,0.0368545,-0.0156082,3.75394,29.2212
4.5321e+07,0.460503,-0.0549012,9.81617,-0.320096,-0.017626,-0.276424,-0.00975926,2.68589,-0.0722814,2.55099,-0.0724914,0.0112379,0.0148815,0.038,0.0377634,-0.0129848,3.75412,29.2182
4.5341e+07,0.467657,-0.0211834,9.81384,-0.123534,0.135046,-0.279944,0.12847,2.72824,-0.0875485,2.54225,-0.083984,0.0112379,0.00553423,0.038,0.0378629,-0.0125429,3.75412,29.2388
4.5361e+07,0.446183,-0.0789853,9.77578,-0.462441,-0.00235891,-0.275894,0.00294207,2.61318,-0.0417471,2.53607,-0.0422454,-0.0345637,-0.0325382,0.038,0.0378731,-0.0127527,3.75437,29.2035
4.5401e+07,0.446173,-0.0428591,9.78059,-0.250811,0.0892441,-0.283307,0.0816374,2.61189,-0.0264797,2.53858,-0.0288598,-0.0192965,-0.0268298,0.038,0.0378706,-0.0132343,3.75476,29.2212
4.5421e+07,0.450954,-0.0645349,9.78292,-0.377556,0.119779,-0.273572,0.118129,2.63919,-0.0112126,2.54081,-0.0106807,-0.065098,-0.0695535,0.038,0.0378714,-0.0130602,3.75464,29.2329
4.5441e+07,0.443787,-0.0500844,9.77583,-0.293238,0.0281755,-0.270688,0.035518,2.5992,-0.102816,2.53848,-0.100598,0.0875738,0.083556,0.036,0.036052,-0.0185661,3.75386,29.2241
4.5482e+07,0.467669,-0.0645349,9.75204,-0.378718,-0.00235891,-0.272763,0.00331619,2.74551,-0.0570142,2.55335,-0.0521806,0.0112379,0.0105857,0.036,0.0358352,-0.0188354,3.75405,29.1976
4.5502e+07,0.439008,-0.0404507,9.7521,-0.237415,0.0434426,-0.272082,0.0393466,2.57751,-0.0112126,2.55481,-0.0168767,-0.0345637,-0.0301552,0.038,0.0376511,-0.013713,3.75431,29.18
4.5523e+07,0.427083,-0.088619,9.76391,-0.519516,0.0587097,-0.269969,0.0578842,2.50447,-0.118083,2.55497,-0.114747,-0.0956324,-0.0905452,0.038,0.0378465,-0.0133509,3.75422,29.1918
4.55441e+07,0.448568,-0.0693517,9.75205,-0.407022,0.0281755,-0.264674,0.0420506,2.63353,-0.0112126,2.56235,-0.056361,-0.1109,-0.0301266,0.038,0.0378667,-0.0132346,3.75413,29.2094
4.56641e+07,0.417525,-0.0645349,9.7782,-0.377795,0.135046,-0.249412,0.024105,2.44496,-0.0264797,2.56957,-0.0996841,-0.0192965,-0.0245833,0.039,0.0388801,-0.0113593,3.75322,29.2182
4.5684e+07,0.458113,-0.0476759,9.78057,-0.278984,0.0129082,-0.249055,0.0171597,2.68169,-0.0722814,2.56916,-0.067055,0.0875738,0.0680808,0.039,0.0388801,-0.0116272,3.75318,29.2006
4.5704e+07,0.422292,-0.0332255,9.82573,-0.193565,0.0281755,-0.246015,0.0283354,2.46094,-0.102816,2.57034,-0.107216,-0.00402927,-0.0105907,0.039,0.0388777,-0.0118647,3.75348,29.2094
4.5724e+07,0.419901,-0.0235918,9.79014,-0.137942,0.073977,-0.248047,0.0430484,2.45592,-0.0417471,2.56042,-0.0680327,-0.065098,0.0246745,0.039,0.0388772,-0.0120059,3.75385,29.1918
4.5744e+07,0.407964,-0.0332255,9.72603,-0.195558,0.0587097,-0.243854,0.0552737,2.40189,-0.0722814,2.54888,-0.0732642,-0.0803652,-0.0660973,0.037,0.0369772,-0.018195,3.75386,29.2124
4.57644e+07,0.422302,-0.0693517,9.80431,-0.404905,0.0129082,-0.251206,0.0149579,2.46632,-0.0417471,2.55183,-0.0428031,-0.065098,-0.0537802,0.037,0.036849,-0.018452,3.75371,29.1918
4.5785e+07,0.424679,-0.0332255,9.77587,-0.194548,0.073977,-0.248916,0.0765601,2.48744,-0.0112126,2.55524,-0.0179954,-0.0956324,-0.0838887,0.038,0.0372005,-0.0174898,3.75398,29.1829
4.5906e+07,0.465275,-0.0428591,9.74021,-0.251826,-0.00235891,-0.248431,0.00450163,2.73483,-0.118083,2.55268,-0.11866,0.026505,0.014325,0.037,0.0368304,-0.0193507,3.75219,29.1829
4.5927e+07,0.415137,-0.0645349,9.74971,-0.378901,0.0587097,-0.245924,0.0587123,2.43809,-0.0112126,2.55218,-0.0120563,-0.0498308,-0.0446926,0.037,0.036829,-0.0192959,3.75254,29.2006
4.5948e+07,0.410359,-0.0573096,9.75448,-0.336323,0.073977,-0.246822,0.0736795,2.4089,-0.0264797,2.55325,-0.0330436,-0.065098,-0.0640329,0.037,0.0368298,-0.0191796,3.75253,29.1741
4.59682e+07,0.465271,-0.0284086,9.80433,-0.165831,0.0281755,-0.245297,-0.0154922,2.71696,-0.148617,2.54409,-0.143958,-0.0192965,0.011914,0.037,0.0368293,-0.0191177,3.75253,29.2035
4.5989e+07,0.422296,-0.0500844,9.79721,-0.292628,0.073977,-0.250291,0.0749705,2.4681,-0.0112126,2.54645,-0.00876321,-0.0345637,-0.0410079,0.037,0.0368325,-0.0185322,3.75252,29.1594
4.6009e+07,0.405575,-0.0260002,9.7759,-0.152254,0.119779,-0.257139,0.115293,2.37567,0.0193217,2.54814,0.0134926,0.0875738,0.075054,0.037,0.0368356,-0.0181038,3.7526,29.1771
4.6029e+07,0.450953,-0.059718,9.85653,-0.346772,0.0892441,-0.258946,0.0787537,2.6195,-0.13335,2.54917,-0.125511,-0.065098,-0.0629337,0.04,0.0386412,-0.0118677,3.75293,29.1771
4.6069e+07,0.44856,-0.0428591,9.77584,-0.25093,0.0587097,-0.258503,0.0597702,2.62713,-0.0570142,2.556,-0.0623557,0.026505,0.0243097,0.04,0.039886,-0.00871194,3.75236,29.1653
4.6089e+07,0.415127,-0.0308171,9.78538,-0.180279,-0.017626,-0.254424,-0.0138567,2.4292,-0.102816,2.55847,-0.104767,0.0112379,0.00669079,0.037,0.0380938,-0.0147562,3.75236,29.1741
4.613e+07,0.429458,-0.0428591,9.75923,-0.251378,-0.00235891,-0.255596,-0.00324944,2.51967,-0.0264797,2.55925,-0.0322408,0.0570394,0.047194,0.037,0.0368508,-0.0181491,3.75294,29.18
4.615e+07,0.439006,-0.0308171,9.76399,-0.180653,0.104511,-0.254749,0.10342,2.57437,-0.0722814,2.55604,-0.0692719,-0.0192965,-0.0181384,0.039,0.0380372,-0.0149292,3.75325,29.1888
4.617e+07,0.458111,-0.0404507,9.73784,-0.237741,0.0434426,-0.246311,0.044666,2.69344,-0.13335,2.56408,-0.132856,0.026505,0.0139588,0.039,0.0387807,-0.01346,3.75355,29.1653
4.6211e+07,0.417523,-0.059718,9.78058,-0.349512,0.0587097,-0.256311,0.0596871,2.44437,-0.0875485,2.55094,-0.0853256,-0.0192965,-0.00806874,0.038,0.0382664,-0.0151171,3.75384,29.1771
4.6232e+07,0.455739,-0.0958442,9.74725,-0.562753,0.0892441,-0.269895,0.0864485,2.67682,-0.0112126,2.56691,-0.0122335,0.026505,0.0194058,0.038,0.0378753,-0.0165753,3.75377,29.1771
4.6252e+07,0.407966,-0.0380423,9.74264,-0.223527,0.073977,-0.269629,0.0768256,2.3978,-0.0112126,2.56223,-0.0108286,-0.00402927,-0.00147162,0.038,0.03785,-0.0165504,3.7537,29.1918
4.6293e+07,0.417521,-0.0524928,9.79959,-0.306631,0.0587097,-0.26854,0.0574763,2.43963,-0.102816,2.55497,-0.0983444,0.026505,0.0204093,0.037,0.0368517,-0.0201612,3.75398,29.1624
4.6313e+07,0.448558,-0.0356339,9.74261,-0.209338,0.0892441,-0.267284,0.0847913,2.63607,0.00405455,2.55173,-0.00364212,-0.0345637,-0.0327076,0.037,0.0368271,-0.0199123,3.75382,29.1859
4.6333e+07,0.446173,-0.0452675,9.85656,-0.262867,0.0434426,-0.268965,0.0401413,2.59179,-0.0875485,2.55342,-0.0841696,-0.0192965,-0.0256329,0.038,0.037575,-0.0174985,3.75375,29.1829
4.6353e+07,0.427074,-0.0573096,9.75446,-0.336299,0.0434426,-0.273622,0.0412317,2.5069,-0.0264797,2.55272,-0.0320139,0.0112379,0.0067371,0.038,0.0378148,-0.0171359,3.75369,29.18
4.6393e+07,0.419904,-0.0356339,9.78062,-0.208554,0.0587097,-0.257084,0.0568237,2.45831,0.00405455,2.54626,-0.00133917,-0.00402927,-0.0108094,0.037,0.0370934,-0.0190659,3.75356,29.1506
4.6413e+07,0.398413,-0.0332255,9.78776,-0.194334,0.0434426,-0.256248,0.0446599,2.33094,-0.0417471,2.54432,-0.0475579,-0.0192965,-0.0219566,0.037,0.0368529,-0.0198986,3.75351,29.1682
4.6433e+07,0.417514,-0.0260002,9.76402,-0.152431,0.0129082,-0.252986,0.0139102,2.44849,-0.0722814,2.54025,-0.0699351,-0.00402927,-0.00525159,0.037,0.036829,-0.0195898,3.75345,29.1594
4.6453e+07,0.441399,-0.0500844,9.80432,-0.292391,0.0434426,-0.265002,0.0387624,2.57773,-0.179152,2.54099,-0.170725,-0.00402927,0.0009067,0.038,0.0375795,-0.0168911,3.75348,29.1359
4.6493e+07,0.384095,-0.0669433,9.77348,-0.392138,0.0281755,-0.261144,0.0280849,2.2505,-0.0264797,2.5312,-0.0285321,-0.065098,-0.0616808,0.038,0.0378487,-0.0158531,3.75338,29.1447
4.6513e+07,0.443787,-0.0524928,9.78295,-0.307116,0.104511,-0.257838,0.102047,2.59731,-0.0264797,2.53537,-0.0311113,-0.0192965,-0.0223115,0.038,0.0378532,-0.0156701,3.75333,29.1359
4.6533e+07,0.436613,-0.0115497,9.79014,-0.0675265,-0.0328933,-0.254877,-0.0347827,2.55354,-0.0570142,2.54004,-0.0513728,-0.0345637,-0.0389425,0.038,0.0378529,-0.0157264,3.75329,29.13
4.6573e+07,0.47245,-0.0813937,9.78762,-0.475906,0.104511,-0.25443,0.101475,2.76343,-0.0722814,2.54735,-0.0644421,-0.0192965,-0.0217292,0.037,0.0372477,-0.018224,3.75362,29.1565
4.6693e+07,0.405581,-0.0500844,9.72125,-0.294931,-0.0634276,-0.265097,-0.0554823,2.38903,-0.0875485,2.53766,-0.0804298,0.026505,0.0171987,0.038,0.037845,-0.0169399,3.75419,29.1418
4.6713e+07,0.360214,-0.0573096,9.82575,-0.333955,0.0892441,-0.258794,0.0924177,2.0995,-0.0722814,2.53511,-0.0710216,-0.0192965,-0.0163554,0.038,0.0378468,-0.0163262,3.75444,29.1565
4.6733e+07,0.458112,-0.0428591,9.77583,-0.250919,0.0281755,-0.25719,0.0289464,2.68299,-0.0570142,2.54206,-0.0612696,0.0875738,0.0720243,0.038,0.0378482,-0.0164574,3.75468,29.1447
4.6753e+07,0.436623,-0.0500844,9.78296,-0.293034,-0.017626,-0.256584,-0.0089586,2.55544,-0.102816,2.53837,-0.101101,-0.0803652,-0.068771,0.039,0.0384476,-0.0147237,3.75465,29.1712
4.6773e+07,0.453335,-0.0380423,9.75447,-0.223211,0.073977,-0.260371,0.0709475,2.66086,-0.0875485,2.54042,-0.0889178,0.0112379,0.0161784,0.039,0.0388223,-0.0135837,3.75488,29.1271
4.6793e+07,0.470038,0.00290074,9.79488,0.0169486,0.150313,-0.250465,0.144648,2.74741,-0.0112126,2.54638,-0.0157246,-0.0345637,-0.0245568,0.039,0.0388633,-0.0133274,3.75475,29.1212
4.6813e+07,0.436619,-0.0356339,9.78298,-0.208488,0.0434426,-0.246738,0.0448311,2.55543,-0.148617,2.54546,-0.145687,-0.0345637,-0.036447,0.036,0.0370645,-0.0191328,3.75497,29.1359
4.6893e+07,0.467663,-0.0404507,9.79719,-0.236293,0.0892441,-0.269102,0.0802592,2.73288,-0.0570142,2.54321,-0.0583484,-0.0345637,-0.0440078,0.037,0.0367912,-0.018177,3.75505,29.1271
4.6913e+07,0.43901,-0.0476759,9.81145,-0.278132,0.150313,-0.27026,0.139164,2.56194,0.0193217,2.53902,0.0121399,-0.126167,-0.105998,0.037,0.0368325,-0.0180211,3.755,29.1359
4.7014e+07,0.393649,-0.0765769,9.82094,-0.446386,0.0281755,-0.26687,0.0228563,2.29527,-0.0264797,2.54503,-0.0358226,-0.0192965,-0.0181602,0.037,0.0369681,-0.0183242,3.75458,29.1271
4.7034e+07,0.422288,-0.018775,9.78539,-0.10983,-0.00235891,-0.260673,0.00794266,2.47106,-0.102816,2.54759,-0.099361,-0.0803652,-0.0693403,0.037,0.0368479,-0.0185805,3.75456,29.13
4.7054e+07,0.458115,-0.0524928,9.75919,-0.307841,-0.017626,-0.25789,-0.0158241,2.68756,-0.0570142,2.56189,-0.05581,0.026505,0.0170112,0.038,0.0374336,-0.0171174,3.75454,29.1212
4.7074e+07,0.429458,-0.0428591,9.7806,-0.25083,0.073977,-0.2589,0.0739708,2.51417,-0.0264797,2.55974,-0.0268333,-0.0345637,-0.0341241,0.038,0.037805,-0.0161376,3.75443,29.1447
4.7094e+07,0.450944,-0.0284086,9.79485,-0.166002,0.104511,-0.254286,0.100088,2.63596,-0.0570142,2.56,-0.0610795,0.026505,0.0190828,0.038,0.0378456,-0.0158595,3.75433,29.1329
4.7114e+07,0.403196,-0.0573096,9.7711,-0.335762,0.0281755,-0.257984,0.0260373,2.36288,-0.102816,2.54944,-0.103115,-0.065098,-0.0579238,0.04,0.0390515,-0.0123229,3.75432,29.1624
4.7134e+07,0.415129,-0.0380423,9.80674,-0.222062,0.150313,-0.254486,0.141306,2.42392,0.00405455,2.54691,-0.00356309,-0.126167,-0.121924,0.04,0.0398006,-0.0100575,3.75423,29.1035
4.7154e+07,0.448555,-0.0235918,9.764,-0.138292,0.073977,-0.250379,0.0651873,2.63029,-0.102816,2.55094,-0.101166,0.0570394,0.0511201,0.04,0.0398798,-0.0103487,3.75439,29.1329
4.7174e+07,0.474827,-0.0452675,9.78768,-0.264677,0.0434426,-0.257075,0.0474646,2.77737,-0.148617,2.55082,-0.146078,-0.00402927,-0.00340698,0.038,0.038685,-0.0142383,3.75437,29.1065
4.71943e+07,0.453339,-0.0524928,9.78531,-0.307028,0.135046,-0.255559,0.129154,2.65249,-0.0112126,2.55039,-0.0180997,-0.0498308,-0.0464693,0.038,0.0379363,-0.0165704,3.75335,29.0918
4.7215e+07,0.453344,-0.0693517,9.74967,-0.407111,0.0129082,-0.253441,0.016943,2.66217,-0.0264797,2.55296,-0.0308963,-0.0345637,-0.0377541,0.038,0.0378537,-0.0170613,3.7533,29.1124
4.7235e+07,0.441391,-0.0211834,9.764,-0.124178,0.0434426,-0.243004,0.0441233,2.58834,-0.0264797,2.5496,-0.0282973,0.0723065,0.0677376,0.038,0.0378436,-0.0171833,3.75368,29.1418
4.7256e+07,0.434235,-0.0476759,9.79958,-0.278474,0.0587097,-0.247919,0.059521,2.53718,-0.0570142,2.53697,-0.0557978,-0.0192965,-0.0235736,0.038,0.0378469,-0.0162629,3.75395,29.1506
4.7276e+07,0.446172,-0.0404507,9.79958,-0.236259,-0.0634276,-0.249628,-0.0583373,2.60684,-0.102816,2.53947,-0.1037,-0.065098,-0.0530573,0.038,0.0378461,-0.0167365,3.75396,29.0653
4.72961e+07,0.436631,-0.0789853,9.75442,-0.463472,0.0587097,-0.255578,0.0578068,2.5629,-0.0722814,2.53944,-0.0712056,-0.0192965,-0.0242741,0.037,0.0370942,-0.0191743,3.75389,29.1065
4.7316e+07,0.439013,-0.0573096,9.81381,-0.334252,0.0281755,-0.25661,0.0271247,2.56133,-0.0722814,2.54158,-0.0764623,-0.0192965,-0.0295425,0.037,0.0368553,-0.0194052,3.75415,29.1124
4.7336e+07,0.453339,-0.0549012,9.77581,-0.321426,0.0129082,-0.257598,0.00931748,2.65507,-0.0875485,2.54678,-0.0865789,-0.0498308,-0.0461885,0.037,0.0368324,-0.0190734,3.75415,29.1212
4.7356e+07,0.403197,-0.0645349,9.76634,-0.378276,0.0587097,-0.274482,0.0570613,2.36403,0.0193217,2.53516,0.00726844,0.0112379,0.00720413,0.038,0.0375817,-0.0168097,3.75448,29.1241
4.7376e+07,0.417528,-0.0765769,9.76394,-0.448942,0.104511,-0.277303,0.0964746,2.44853,-0.0264797,2.5331,-0.0274339,0.0112379,0.0161093,0.038,0.0378204,-0.0163978,3.75438,29.13
4.73961e+07,0.427069,-0.0404507,9.80435,-0.236165,0.0892441,-0.272794,0.0856376,2.49416,-0.0112126,2.52669,-0.0199969,-0.00402927,-0.0108397,0.038,0.0378468,-0.0160456,3.75437,29.1124
4.7417e+07,0.427077,-0.0669433,9.80431,-0.390836,0.0587097,-0.26795,0.062869,2.49418,-0.0417471,2.52561,-0.0500932,0.026505,0.0112236,0.037,0.0370978,-0.0186079,3.75435,29.1241
4.7437e+07,0.453346,-0.0789853,9.847,-0.459088,0.073977,-0.266549,0.0707157,2.6359,-0.102816,2.53957,-0.0974741,0.0112379,0.0100993,0.037,0.0368563,-0.0193583,3.7546,29.1124
4.7457e+07,0.424687,-0.059718,9.78295,-0.349417,0.0129082,-0.259959,0.0136412,2.48565,-0.118083,2.53899,-0.115692,-0.0498308,-0.047978,0.037,0.036832,-0.0192078,3.75482,29.1124
4.7477e+07,0.441407,-0.0789853,9.72355,-0.46493,0.0434426,-0.266729,0.0453387,2.59911,-0.0570142,2.54493,-0.0599739,0.0570394,0.0504369,0.037,0.036832,-0.0188911,3.7547,29.1271
4.7497e+07,0.453337,-0.0452675,9.80194,-0.26432,0.073977,-0.265102,0.0703002,2.648,-0.102816,2.5561,-0.095261,-0.0345637,-0.0247396,0.037,0.0368313,-0.0187251,3.75467,29.13
4.7517e+07,0.405587,-0.0717601,9.79245,-0.419502,0.0587097,-0.275086,0.0582112,2.37168,-0.148617,2.5441,-0.139808,-0.0803652,-0.0755346,0.037,0.0368357,-0.0179869,3.75456,29.1124
4.7557e+07,0.441388,-0.0115497,9.78539,-0.0675578,-0.017626,-0.266774,-0.0129309,2.58268,-0.0417471,2.55307,-0.0416144,-0.0956324,-0.0912775,0.036,0.035848,-0.0205359,3.75476,29.1476
4.7577e+07,0.448571,-0.0813937,9.80189,-0.475269,-0.017626,-0.275111,-0.0109148,2.62015,-0.0570142,2.54405,-0.059726,-0.0498308,-0.0469748,0.036,0.035824,-0.0204848,3.75464,29.1153
4.7597e+07,0.450963,-0.0958442,9.80424,-0.559502,0.0892441,-0.28065,0.0892291,2.63344,-0.102816,2.55008,-0.100923,-0.0345637,-0.0315398,0.038,0.0373258,-0.0155844,3.75487,29.1212
4.7617e+07,0.47722,-0.0621264,9.80902,-0.362455,-0.00235891,-0.276129,0.00217535,2.78525,0.00405455,2.56344,-0.00690477,0.0723065,0.0640123,0.038,0.0378052,-0.0142021,3.75508,29.0653
4.7637e+07,0.44856,-0.0428591,9.76871,-0.251113,0.119779,-0.289224,0.115905,2.62904,-0.0722814,2.56577,-0.0753008,-0.065098,-0.0589806,0.038,0.0378559,-0.0144251,3.75504,29.0947
4.7657e+07,0.431849,-0.0549012,9.76633,-0.321769,0.0434426,-0.282929,0.0347986,2.53182,-0.0570142,2.56753,-0.0568493,-0.0498308,-0.0540377,0.039,0.0386097,-0.0125572,3.75524,29.08
4.7677e+07,0.439018,-0.0765769,9.78766,-0.447813,0.0892441,-0.281274,0.0832981,2.56816,-0.0417471,2.55934,-0.0452122,0.0417722,0.032014,0.039,0.0388491,-0.0119459,3.75519,29.08
4.7717e+07,0.400801,-0.0332255,9.77589,-0.194568,-0.0634276,-0.271091,-0.0578242,2.34774,-0.0112126,2.55103,-0.0138857,-0.0192965,-0.0217196,0.038,0.0381239,-0.0145992,3.75525,29.1182
4.7757e+07,0.407954,0.00530915,9.74746,0.03118,-0.00235891,-0.261832,0.00279908,2.39656,0.00405455,2.54336,-0.00259875,-0.00402927,-0.00236494,0.038,0.0378584,-0.0154736,3.75523,29.1153
4.7777e+07,0.453342,-0.0621264,9.83278,-0.361623,0.073977,-0.264797,0.0693227,2.63971,-0.0722814,2.53431,-0.0721892,0.0417722,0.029311,0.037,0.0371042,-0.0175225,3.75518,29.1094
4.7797e+07,0.422302,-0.0693517,9.78531,-0.405689,-0.017626,-0.263619,-0.0172964,2.4711,-0.0570142,2.5362,-0.0584807,-0.0803652,-0.0601266,0.037,0.0368635,-0.0184594,3.75504,29.0712
4.7817e+07,0.439018,-0.0765769,9.77816,-0.448247,-0.0481604,-0.262192,-0.0397642,2.57065,0.00405455,2.54064,-0.0049642,-0.0192965,-0.0119197,0.037,0.0368403,-0.0179275,3.75491,29.0976
4.7837e+07,0.422294,-0.0428591,9.79723,-0.250413,0.119779,-0.256401,0.113868,2.46809,-0.0722814,2.54188,-0.0703957,0.0112379,0.00601638,0.038,0.0375897,-0.0156233,3.75478,29.1035
4.7917e+07,0.443787,-0.0500844,9.78532,-0.292954,-0.017626,-0.262488,-0.0106292,2.59668,-0.0722814,2.54286,-0.0710719,-0.0192965,-0.0192901,0.038,0.0378551,-0.0155636,3.75494,29.1212
4.7937e+07,0.431843,-0.0332255,9.79486,-0.194166,0.0892441,-0.263909,0.0859864,2.52445,-0.0875485,2.5409,-0.0927614,-0.0498308,-0.0500874,0.038,0.0378526,-0.0158842,3.75515,29.0976
4.7957e+07,0.424679,-0.0332255,9.73551,-0.195353,0.0587097,-0.267638,0.0582804,2.49774,-0.0875485,2.53771,-0.0873645,-0.0498308,-0.0416643,0.039,0.0386031,-0.0137068,3.75536,29.0829
4.7977e+07,0.436627,-0.0621264,9.79006,-0.363226,0.0434426,-0.276425,0.0411505,2.55359,-0.0875485,2.5404,-0.0832695,0.026505,0.012774,0.039,0.0388425,-0.0129857,3.75555,29.0947
4.7997e+07,0.458118,-0.0645349,9.79716,-0.376996,-0.00235891,-0.277175,0.000865996,2.67716,-0.102816,2.55188,-0.0957809,-0.00402927,-0.00841003,0.039,0.0388661,-0.013232,3.75539,29.1271
4.8017e+07,0.427065,-0.0235918,9.802,-0.137771,-0.00235891,-0.273788,-0.00119062,2.49474,-0.0570142,2.55394,-0.0635984,-0.065098,-0.0505342,0.039,0.0388695,-0.0129792,3.75558,29.1212
4.8037e+07,0.453343,-0.0669433,9.79716,-0.391073,-0.017626,-0.277063,-0.00765035,2.64929,-0.0417471,2.55489,-0.0432399,0.0112379,0.00759114,0.039,0.0388679,-0.0135264,3.75576,29.1241
4.8057e+07,0.443789,-0.0573096,9.77819,-0.335459,0.0434426,-0.281349,0.0420417,2.59857,-0.0875485,2.55144,-0.0884939,0.0112379,0.00677553,0.039,0.038865,-0.0139418,3.75568,29.1153
4.8077e+07,0.415127,-0.0284086,9.77351,-0.166391,-0.00235891,-0.272662,0.00451685,2.43215,-0.0112126,2.54776,-0.0127073,-0.065098,-0.0566873,0.037,0.0376627,-0.0176742,3.75585,29.0829
4.8097e+07,0.462885,-0.0332255,9.74735,-0.195082,-0.0481604,-0.275093,-0.0390738,2.71882,-0.0264797,2.54606,-0.0330314,-0.0498308,-0.0461455,0.037,0.0369151,-0.0196723,3.75568,29.0859
4.8117e+07,0.441389,-0.0139582,9.78776,-0.0816255,0.135046,-0.272563,0.129139,2.58206,-0.0722814,2.55394,-0.0735328,-0.00402927,-0.00425472,0.037,0.0368356,-0.0195645,3.75459,29.0624
4.8137e+07,0.424686,-0.0573096,9.81382,-0.334273,0.0281755,-0.268512,0.0259709,2.47785,-0.102816,2.5673,-0.0953724,0.0112379,0.00722949,0.038,0.0374286,-0.0173855,3.75482,29.0947
4.8157e+07,0.419912,-0.0621264,9.82569,-0.361938,-0.0328933,-0.267964,-0.0307549,2.44706,-0.118083,2.56382,-0.117099,-0.0498308,-0.0481446,0.038,0.0378038,-0.0161244,3.75478,29.1006
4.8177e+07,0.427074,-0.0573096,9.7972,-0.334835,-0.017626,-0.266483,-0.0131961,2.49598,0.00405455,2.55202,-0.00383863,-0.00402927,-0.0023999,0.038,0.0378464,-0.0157475,3.755,29.0829
4.8197e+07,0.439006,-0.0308171,9.76874,-0.180566,0.0587097,-0.2604,0.0630398,2.57312,-0.0417471,2.55359,-0.0451146,0.026505,0.0245409,0.039,0.0384503,-0.0143355,3.75521,29.0859
4.8217e+07,0.417517,-0.0380423,9.764,-0.22303,-0.0634276,-0.250577,-0.0604589,2.44851,-0.102816,2.5521,-0.102701,0.0570394,0.0511211,0.039,0.0388228,-0.0135974,3.75533,29.0535
4.8237e+07,0.407973,-0.0645349,9.77584,-0.377902,0.0129082,-0.256086,0.0130056,2.38968,-0.0570142,2.55165,-0.0583004,0.102841,0.0829931,0.039,0.038861,-0.013716,3.75518,29.0741
4.8257e+07,0.450946,-0.0332255,9.78297,-0.194384,-0.0328933,-0.257713,-0.0293606,2.63916,0.00405455,2.55221,-0.000704634,0.026505,0.0176952,0.037,0.0376623,-0.0176332,3.75504,29.0653
4.8297e+07,0.415127,-0.0284086,9.82812,-0.165468,0.0129082,-0.251846,0.017074,2.41865,-0.0112126,2.54212,-0.00731515,-0.1109,-0.101016,0.037,0.0368345,-0.0194531,3.75511,29.0624
4.8317e+07,0.448564,-0.0549012,9.75445,-0.322135,0.0281755,-0.256919,0.0286672,2.63288,-0.0875485,2.54793,-0.0883598,-0.00402927,-0.00437815,0.038,0.0374295,-0.0175455,3.75497,29.08
4.8357e+07,0.424683,-0.0452675,9.75211,-0.265703,0.0434426,-0.264411,0.0435352,2.4935,-0.0264797,2.54501,-0.023374,0.0112379,0.00455757,0.038,0.0378452,-0.016124,3.75513,29.0918
4.83775e+07,0.455726,-0.0500844,9.8138,-0.292089,-0.0481604,-0.254583,-0.0460939,2.65871,-0.0722814,2.55476,-0.0699909,0.0417722,0.0374075,0.039,0.0384503,-0.0140211,3.75803,29.0506
4.8398e+07,0.486763,-0.0332255,9.77819,-0.194445,0.425122,-0.246176,0.405947,2.84984,0.0193217,2.56471,-0.0811231,0.423452,0.354156,0.039,0.0388277,-0.0126497,3.75758,29.0682
3.86104e+06,0.44856,-0.0404507,9.74497,-0.237578,-0.186696,-0.250449,-0.182372,2.63543,0.160414,2.57183,0.154839,-0.00752211,0.00519961,0.038,0.0378608,-0.0132723,3.7544,28.8859
3.88104e+06,0.379317,-0.0573096,9.79961,-0.33482,-0.0950931,-0.242906,-0.0830939,2.21662,0.0688105,2.5709,0.0653214,0.0230123,0.0255957,0.038,0.0378671,-0.0133746,3.75388,28.9153
3.90103e+06,0.405584,-0.059718,9.77822,-0.349615,0.0423114,-0.237577,0.0481378,2.37513,0.0382762,2.55993,0.03516,0.00774503,0.00297232,0.038,0.0378668,-0.0136952,3.7538,28.93
3.94103e+06,0.412737,-0.0235918,9.78302,-0.138046,-0.0187572,-0.244015,-0.00675232,2.41582,-0.0533268,2.57033,-0.0518756,-0.0685909,-0.0625449,0.037,0.0372632,-0.0158985,3.75352,28.9241
3.96103e+06,0.462894,-0.0669433,9.77104,-0.392099,0.088113,-0.256205,0.0884875,2.71225,-0.129663,2.57504,-0.124358,0.0840809,0.075382,0.037,0.0368874,-0.0172815,3.75355,28.9035
4.00203e+06,0.427074,-0.0573096,9.80195,-0.334673,0.0728458,-0.253083,0.0712458,2.49478,-0.0533268,2.57378,-0.0479273,-0.0227892,-0.0245985,0.036,0.0362419,-0.0190848,3.75386,28.9124
4.02204e+06,0.431848,-0.0524928,9.78058,-0.307207,-0.0340245,-0.262502,-0.0318171,2.52814,0.0230088,2.57944,0.0220373,0.0230123,0.0209842,0.036,0.0358676,-0.0201711,3.75379,28.9182
4.06403e+06,0.4199,-0.0211834,9.76877,-0.12413,-0.00349009,-0.276208,-0.006942,2.46128,0.0535433,2.57041,0.0535609,0.0535465,0.0453022,0.037,0.036578,-0.0172996,3.75407,28.9271
4.08404e+06,0.436627,-0.0621264,9.8138,-0.362349,-0.079826,-0.278799,-0.0758773,2.54742,0.0230088,2.5761,0.0278558,-0.0227892,-0.0142687,0.037,0.0368177,-0.0165839,3.75399,28.8976
4.12404e+06,0.455724,-0.0428591,9.78533,-0.250679,0.408724,-0.279575,0.399794,2.66644,-0.373938,2.58472,-0.358417,0.0993481,0.0980298,0.037,0.0368433,-0.017137,3.75426,28.9094
4.14403e+06,0.443779,-0.0235918,9.70702,-0.139105,0.133914,-0.270889,0.10514,2.61758,-0.236533,2.58276,-0.200649,-0.0533236,-0.0618017,0.037,0.0368422,-0.017537,3.75416,28.9065
4.16403e+06,0.424685,-0.0549012,9.74972,-0.322327,0.0423114,-0.277511,0.0183976,2.49412,0.0230088,2.57869,0.0482242,0.114615,0.10263,0.037,0.0368414,-0.0175443,3.75416,28.8976
4.18403e+06,0.458117,-0.0621264,9.73543,-0.365223,-0.171429,-0.272659,-0.181905,2.69411,0.206215,2.57693,0.217634,-0.0533236,-0.0480433,0.039,0.038345,-0.0124904,3.75416,28.9447
4.24403e+06,0.43423,-0.0308171,9.77587,-0.180438,-0.0950931,-0.295701,-0.0847404,2.54331,0.0688105,2.55943,0.0588382,0.0688138,0.0577687,0.039,0.0388767,-0.0121056,3.75425,28.9065
4.26403e+06,0.436633,-0.0862106,9.77815,-0.504641,-0.00349009,-0.29988,-0.00587027,2.55669,-0.00752544,2.56602,-0.000724479,-0.0685909,-0.0567228,0.039,0.0388731,-0.0128102,3.75416,28.93
4.28403e+06,0.436623,-0.0476759,9.76871,-0.279349,0.011777,-0.296926,0.0112433,2.55916,0.0230088,2.56831,0.0241938,0.00774503,0.0111262,0.039,0.0388692,-0.0133911,3.75407,28.9035
4.30404e+06,0.448563,-0.0524928,9.79956,-0.306589,0.0728458,-0.294658,0.0688915,2.62078,-0.0380597,2.56913,-0.0385253,0.00774503,0.00293077,0.037,0.0373658,-0.0177358,3.75433,28.9035
4.32404e+06,0.448565,-0.059718,9.77106,-0.349803,0.21025,-0.302535,0.207673,2.62841,-0.160197,2.56323,-0.152567,0.0382794,0.0416297,0.037,0.0368868,-0.0191201,3.75423,28.8888
4.34403e+06,0.429456,-0.0380423,9.77349,-0.222802,0.118647,-0.303458,0.117729,2.51599,-0.0991285,2.56463,-0.0980144,0.0382794,0.0337594,0.037,0.0368348,-0.0192449,3.75423,28.9124
4.36403e+06,0.417521,-0.0524928,9.79247,-0.306854,0.133914,-0.300805,0.134744,2.44141,-0.0227926,2.56721,-0.0260887,0.0382794,0.0304499,0.038,0.0375829,-0.0163601,3.75447,28.9094
4.40503e+06,0.467656,-0.018775,9.80672,-0.109568,0.10338,-0.282363,0.099871,2.73021,-0.0685942,2.5778,-0.0639095,0.0688138,0.0603398,0.038,0.0378475,-0.0158221,3.75468,28.8859
4.42504e+06,0.434236,-0.0524928,9.7236,-0.309,0.10338,-0.284774,0.0934926,2.55698,-0.0533268,2.57473,-0.0578212,0.0535465,0.0560818,0.039,0.0386002,-0.0139461,3.7549,28.8741
4.44513e+06,0.467653,-0.00673292,9.77113,-0.0394352,0.0575786,-0.282166,0.0547472,2.74013,0.0382762,2.58228,0.035645,0.114615,0.0996728,0.039,0.0388364,-0.0138725,3.75512,28.8888
4.48706e+06,0.427063,-0.0163666,9.79964,-0.0956,0.0728458,-0.284403,0.0714497,2.49533,-0.0227926,2.583,-0.0738208,0.0840809,0.11065,0.038,0.0381133,-0.0157723,3.75526,28.9006
4.50804e+06,0.434235,-0.0500844,9.78058,-0.293109,0.10338,-0.279797,0.104979,2.5421,-0.0685942,2.58442,-0.0659821,-0.0533236,-0.040469,0.038,0.037865,-0.0162991,3.75545,28.9094
4.52861e+06,0.434239,-0.0621264,9.80193,-0.36279,0.0270443,-0.277111,0.0317629,2.53657,-0.0838614,2.58088,-0.0791073,0.00774503,0.0014007,0.038,0.0378478,-0.0165663,3.75497,28.9124
4.54903e+06,0.453345,-0.0741685,9.77341,-0.434331,0.0423114,-0.27386,0.0394532,2.65572,-0.0227926,2.58247,-0.0284687,0.0382794,0.0340867,0.037,0.0369982,-0.0191523,3.75518,28.88
4.60906e+06,0.42945,-0.0139582,9.75216,-0.0819274,0.0575786,-0.266905,0.0562368,2.52147,0.00774169,2.57801,0.00633918,-0.0380565,-0.0284474,0.039,0.0385234,-0.0141884,3.75543,28.8976
4.62903e+06,0.465269,-0.0211834,9.80435,-0.123655,0.088113,-0.26,0.0903039,2.71695,-0.0685942,2.5789,-0.070308,0.0535465,0.0539512,0.039,0.0388318,-0.0130214,3.75553,28.8918
4.64903e+06,0.448571,-0.0813937,9.7829,-0.47619,0.011777,-0.269733,0.015076,2.62523,-0.00752544,2.56836,-0.00866333,0.0993481,0.0942125,0.039,0.0388657,-0.0130816,3.75571,28.9006
4.66904e+06,0.45095,-0.0500844,9.78294,-0.293015,-0.0340245,-0.267868,-0.0298406,2.63918,-0.0685942,2.56982,-0.0649862,-0.083858,-0.0724257,0.038,0.0380204,-0.0158667,3.75588,28.8712
4.68903e+06,0.44856,-0.0428591,9.78058,-0.250808,0.0423114,-0.26882,0.0443631,2.62585,-0.0227926,2.57162,-0.0299433,-0.00752211,-0.00665536,0.038,0.0378637,-0.0167789,3.75571,28.9124
4.70904e+06,0.419913,-0.0669433,9.78294,-0.3917,0.0423114,-0.267113,0.0355027,2.45774,-0.0838614,2.57807,-0.0822705,0.00774503,0.00846028,0.038,0.037847,-0.0166565,3.75588,28.9035
4.72903e+06,0.450939,-0.00914133,9.72365,-0.0538066,0.0423114,-0.255659,0.0456823,2.65521,-0.0685942,2.5742,-0.0585168,0.0688138,0.0557015,0.038,0.0378467,-0.0166242,3.75571,28.9094
4.74904e+06,0.481996,-0.0645349,9.78289,-0.3775,-0.0340245,-0.258181,-0.0295655,2.82058,0.0382762,2.58268,0.0361256,0.00774503,0.0042136,0.038,0.037846,-0.0165482,3.75555,28.9035
4.76903e+06,0.434236,-0.0524928,9.76633,-0.30765,-0.0492916,-0.257411,-0.0477845,2.5458,0.00774169,2.58725,0.00684478,0.00774503,0.0148003,0.038,0.0378437,-0.0169607,3.75539,28.8888
4.78903e+06,0.446167,-0.0235918,9.79486,-0.137859,0.0423114,-0.260798,0.0392136,2.60808,0.0535433,2.58604,0.0491751,0.0382794,0.0386415,0.038,0.0378417,-0.0171942,3.75558,28.9006
4.80903e+06,0.410352,-0.0332255,9.75689,-0.194938,-0.0492916,-0.257504,-0.0470061,2.4083,0.0993447,2.57976,0.0881913,0.0840809,0.0737919,0.038,0.0378411,-0.017293,3.75576,28.8565
4.82903e+06,0.436627,-0.0621264,9.77819,-0.363666,-0.0187572,-0.268525,-0.0179347,2.55669,0.0230088,2.57022,0.0220695,0.0688138,0.0537322,0.038,0.0378395,-0.0176446,3.75568,28.8859
4.84903e+06,0.460505,-0.0621264,9.81616,-0.362222,0.0423114,-0.272625,0.0442314,2.68589,-0.0685942,2.58149,-0.064962,-0.00752211,-0.00362769,0.038,0.0378377,-0.0175658,3.75585,28.88
4.86903e+06,0.415123,-0.0163666,9.81627,-0.0954433,-0.125628,-0.279503,-0.122387,2.42155,0.0230088,2.57997,0.0251469,0.0382794,0.0411594,0.038,0.0378377,-0.0176607,3.75593,28.8947
4.88903e+06,0.438998,-0.00191609,9.79965,-0.0111916,-0.0492916,-0.268817,-0.0517739,2.56498,-0.0380597,2.58205,-0.0303455,0.0382794,0.0352525,0.038,0.0378387,-0.0174323,3.75576,28.8859
4.96903e+06,0.443783,-0.0380423,9.79721,-0.222249,0.011777,-0.263909,0.00864944,2.59353,0.0382762,2.58337,0.0327972,-0.00752211,0.00204655,0.038,0.0373306,-0.0175571,3.75609,28.8976
4.98903e+06,0.429456,-0.0356339,9.79011,-0.208343,0.011777,-0.262618,0.0145613,2.51173,-0.114396,2.58191,-0.109782,-0.00752211,-0.00539212,0.038,0.037793,-0.0162113,3.7559,28.9006
5.00904e+06,0.446171,-0.0356339,9.8352,-0.207374,0.133914,-0.26793,0.125859,2.59741,0.0535433,2.58624,0.0505182,0.0535465,0.0497266,0.038,0.037844,-0.0157893,3.75573,28.8271
5.02903e+06,0.42946,-0.0500844,9.77347,-0.293328,0.0728458,-0.271724,0.0684367,2.516,-0.0227926,2.59267,-0.0218611,0.0688138,0.0665208,0.038,0.0378476,-0.016309,3.7559,28.8918
5.04904e+06,0.429466,-0.0741685,9.81854,-0.432386,0.0575786,-0.281163,0.0481695,2.50447,0.00774169,2.58424,0.00153011,-0.00752211,-0.00764542,0.038,0.0378471,-0.0162537,3.75573,28.8947
5.06903e+06,0.436627,-0.0621264,9.77581,-0.363754,0.0728458,-0.287471,0.0690775,2.55731,-0.00752544,2.58414,-0.0107858,-0.0533236,-0.0389365,0.038,0.0378461,-0.0165554,3.75556,28.8918
5.08903e+06,0.396027,-0.0404507,9.77826,-0.236826,0.0270443,-0.290525,0.0301578,2.31924,-0.00752544,2.57375,-0.00989579,0.0535465,0.0512237,0.036,0.0361485,-0.0220761,3.75574,28.8624
5.10904e+06,0.4605,-0.0452675,9.80906,-0.26412,-0.00349009,-0.290243,-0.00130922,2.68783,-0.0227926,2.58171,-0.0281219,0.0382794,0.0383138,0.036,0.0358428,-0.0222848,3.75524,28.8947
5.12903e+06,0.453328,-0.0139582,9.82099,-0.0813454,-0.00349009,-0.281477,-0.00468008,2.64284,-0.00752544,2.57691,-0.00862494,0.0382794,0.041035,0.036,0.0358128,-0.0218313,3.7551,28.9006
5.14904e+06,0.417519,-0.0452675,9.76873,-0.26526,0.0270443,-0.277688,0.0231433,2.44733,-0.0227926,2.56965,-0.0234784,0.0535465,0.0437571,0.037,0.0366619,-0.0187469,3.7553,28.8653
5.16903e+06,0.429462,-0.059718,9.81381,-0.348313,-0.0950931,-0.283208,-0.0964081,2.50568,0.0230088,2.5654,0.0290275,-0.0227892,-0.0126869,0.037,0.036818,-0.0178444,3.75516,28.8859
5.18903e+06,0.424681,-0.0404507,9.75212,-0.23743,-0.00349009,-0.284075,-0.00607734,2.4935,0.114612,2.56685,0.10904,-0.0227892,-0.0152891,0.037,0.0368367,-0.017807,3.75502,28.8565
5.20904e+06,0.448571,-0.0813937,9.77577,-0.476536,-0.079826,-0.291338,-0.0784061,2.62714,0.00774169,2.56989,0.0142359,0.0230123,0.026987,0.038,0.0376862,-0.0151383,3.75489,28.8947
5.23003e+06,0.470054,-0.0524928,9.77343,-0.307376,-0.11036,-0.281681,-0.106531,2.75348,0.00774169,2.57822,0.0167391,0.0382794,0.0340235,0.038,0.0378402,-0.0148185,3.75477,28.8653
5.25004e+06,0.429469,-0.0838022,9.76629,-0.491155,-0.0187572,-0.283718,-0.0239943,2.51785,0.0688105,2.57175,0.0678214,-0.00752211,-0.00551373,0.038,0.0378559,-0.0150576,3.75465,28.9035
5.27204e+06,0.431843,-0.0332255,9.79011,-0.19426,-0.0492916,-0.290213,-0.0502865,2.52567,0.0230088,2.576,0.0187037,0.0230123,0.0180185,0.036,0.0360365,-0.020649,3.75488,28.8535
5.37304e+06,0.441403,-0.0645349,9.77106,-0.37803,0.0270443,-0.289812,0.0309135,2.5865,-0.0533268,2.5841,-0.0536425,0.0230123,0.021011,0.037,0.0368346,-0.0180797,3.75464,28.8712
5.39303e+06,0.448565,-0.059718,9.81617,-0.348199,-0.00349009,-0.290781,0.00692379,2.61635,-0.0533268,2.58343,-0.0498992,0.0840809,0.0773,0.035,0.0351381,-0.0235094,3.75487,28.8918
5.43304e+06,0.460494,-0.0235918,9.72362,-0.138857,0.149182,-0.277041,0.14656,2.7114,-0.0380597,2.57214,-0.0358676,0.00774503,0.00550603,0.035,0.0348037,-0.0235865,3.75472,28.8829
5.45303e+06,0.448562,-0.0500844,9.71172,-0.295163,0.0423114,-0.276185,0.044352,2.64445,-0.0380597,2.57572,-0.0391841,0.0382794,0.0225025,0.039,0.0381928,-0.01328,3.7546,28.8829
5.47303e+06,0.455725,-0.0452675,9.81144,-0.264062,0.088113,-0.277679,0.08573,2.65935,-0.0380597,2.57506,-0.0389451,-0.00752211,0.0106184,0.039,0.0388086,-0.0111743,3.75449,28.9124
5.49303e+06,0.419906,-0.0428591,9.77823,-0.250901,0.0423114,-0.274032,0.0387941,2.45892,-0.0380597,2.57477,-0.0348844,0.0840809,0.0778433,0.039,0.0388743,-0.0113438,3.75447,28.9124
5.51304e+06,0.429461,-0.0549012,9.77346,-0.321538,0.0270443,-0.278461,0.0267111,2.51601,-0.0227926,2.56606,-0.0208891,-0.0380565,-0.0448066,0.037,0.0371831,-0.0169224,3.75445,28.8859
5.53403e+06,0.448562,-0.0476759,9.82331,-0.277785,0.0728458,-0.278837,0.0739941,2.61445,-0.00752544,2.5698,-0.00759986,0.0382794,0.0444639,0.037,0.0368757,-0.0174609,3.75444,28.8594
5.57505e+06,0.419908,-0.0476759,9.76635,-0.279438,-0.0340245,-0.273709,-0.0307377,2.46191,0.00774169,2.5571,0.0098717,0.0840809,0.0759557,0.037,0.0368437,-0.0170245,3.75424,28.8624
5.59603e+06,0.439012,-0.0549012,9.80906,-0.32036,0.0423114,-0.274659,0.0394978,2.56257,-0.0533268,2.5523,-0.0502765,0.00774503,0.0182815,0.037,0.0368459,-0.0165793,3.75424,28.8888
5.61603e+06,0.422288,-0.018775,9.73316,-0.110418,0.011777,-0.26999,0.0114504,2.4843,-0.14493,2.54933,-0.133411,0.0382794,0.0354875,0.037,0.036848,-0.0166424,3.75414,28.8682
5.65603e+06,0.431834,-0.00191609,9.76879,-0.0112272,0.0575786,-0.271862,0.056418,2.53114,-0.0227926,2.54792,-0.0162574,-0.0380565,-0.0336315,0.035,0.0348309,-0.0225441,3.7543,28.8565
5.67604e+06,0.470051,-0.0428591,9.7592,-0.251331,-0.00349009,-0.270421,-0.000358931,2.75749,0.0535433,2.5481,0.0478787,-0.00752211,-0.0121842,0.035,0.0348093,-0.0227107,3.75454,28.8329
5.69603e+06,0.465267,-0.0139582,9.79249,-0.081577,-0.0340245,-0.26899,-0.0335941,2.72023,0.00774169,2.55598,0.00322808,-0.00752211,0.00428995,0.037,0.0366269,-0.0170176,3.75477,28.9006
5.71603e+06,0.460508,-0.0741685,9.77815,-0.434106,0.011777,-0.269423,0.00416046,2.69631,0.0230088,2.55493,0.0239122,0.00774503,-0.00160834,0.037,0.0368245,-0.0164954,3.75466,28.8976
5.75603e+06,0.415131,-0.0428591,9.77586,-0.250967,-0.125628,-0.266026,-0.117511,2.43157,-0.0685942,2.54229,-0.0639729,0.0382794,0.04185,0.038,0.0377567,-0.0139371,3.7546,28.8741
5.79703e+06,0.412736,-0.018775,9.84713,-0.109147,-0.156162,-0.280192,-0.136627,2.40011,0.129879,2.56407,0.0157174,0.0535465,0.08995,0.038,0.037861,-0.0142222,3.75238,28.8771
5.83704e+06,0.448545,0.0125344,9.88039,0.0726114,0.500327,-0.299758,0.473305,2.5993,0.190948,2.58561,0.0762414,0.00774503,-0.0350233,0.037,0.0368647,-0.0149945,3.75171,28.8624
5.85703e+06,0.479594,-0.0115497,9.83521,-0.067204,-0.171429,-0.299132,-0.146955,2.7917,0.160414,2.58541,0.0489293,-0.297598,-0.299983,0.037,0.0368579,-0.0147664,3.7504,28.8594
5.87704e+06,0.407971,-0.0573096,9.81383,-0.334296,-0.339368,-0.31479,-0.30492,2.38043,0.0230088,2.56918,-0.0746587,-0.190728,-0.139247,0.038,0.0377661,-0.0123958,3.75024,28.8741
5.89703e+06,0.295721,0.0197596,9.75945,0.115952,0.668266,-0.29019,0.633405,1.73559,-0.587678,2.49246,-0.646506,-0.419736,-0.351395,0.038,0.0378567,-0.0145607,3.74352,28.8271
5.91703e+06,0.391281,-0.146421,9.74011,-0.860556,0.683533,-0.304286,0.636357,2.3002,-2.08386,2.52013,-2.03271,-0.0685909,0.045031,0.038,0.037861,-0.0148595,3.68235,28.8565
5.93704e+06,0.212203,-0.182547,9.61674,-1.08721,2.57666,-0.314001,2.37977,1.26386,-2.22127,2.48224,-2.15659,-0.526606,-0.226272,0.036,0.0360418,-0.0214414,3.62593,28.8447
5.95704e+06,0.567962,-0.0765769,9.49314,-0.461344,-0.0340245,-0.302304,-0.0232522,3.42374,0.969574,2.48181,0.824613,0.419959,0.36839,0.036,0.0358379,-0.0231847,3.57376,28.8682
5.97703e+06,0.489256,-0.408938,10.2263,-2.28736,-2.55311,-0.326687,-2.34291,2.73692,2.46576,2.47369,2.18314,-0.770881,-0.46299,0.036,0.03582,-0.019058,3.52649,28.8947
5.99704e+06,0.145328,-0.127154,11.8392,-0.615291,-2.65998,-0.267217,-2.43304,0.703241,3.91614,2.62878,3.52085,-2.80142,-2.50625,0.038,0.037655,-0.00978881,3.48326,28.8565
6.01703e+06,0.0738744,-0.779834,14.673,-3.04223,3.84384,-0.105213,3.57,0.288059,3.8398,2.89406,3.39039,-1.74798,-1.16188,0.038,0.0378282,-0.00508379,3.44372,28.8212
6.03704e+06,4.76571,0.197982,0.453641,2.36818,9.34002,-0.0225363,8.69446,84.0706,-0.450274,4.32506,-0.56583,6.12988,5.42499,0.038,0.0378965,-0.0204996,3.40784,28.8329
6.05718e+06,9.77816,-1.16036,-6.082,-5.75408,-6.67525,-0.205912,-6.19251,57.6573,-38.7403,4.52394,-36.5256,5.90087,4.87168,0.038,0.038105,0.0113072,3.39637,28.8506
6.07803e+06,-1.43626,2.90263,23.5171,7.02327,13.4927,-0.613541,12.7208,-3.46864,-18.6487,4.77097,-17.5553,-4.2518,-4.20506,0.038,0.0379098,0.0779682,3.3659,28.8329
6.12003e+06,1.26064,-0.818368,9.39164,-4.93601,-0.11036,-0.438456,-0.0559783,7.61661,3.76347,3.71356,3.44339,-4.55714,-4.5628,0.037,0.037804,0.111628,3.31424,28.8418
6.14004e+06,0.623,-0.500458,10.3281,-2.76911,3.88964,-0.350236,3.6504,3.4479,-0.648747,3.4587,-0.769196,-7.13729,-6.90181,0.037,0.0376529,0.100513,3.29193,28.8065
6.16005e+06,0.931291,-1.43492,9.61886,-8.44578,2.89727,-0.488371,2.76445,5.46994,4.26728,3.26122,3.83778,-6.28233,-6.03265,0.038,0.0379603,0.0943163,3.27242,28.8212
6.18004e+06,-1.26111,-0.124745,11.0759,-0.64114,-11.2707,-0.497632,-10.4474,-6.49537,6.46576,2.91438,5.805,-3.80905,-3.52679,0.038,0.0385604,0.101724,3.25405,28.7741
6.20003e+06,-0.656581,-1.58424,12.2815,-7.33987,-36.7974,-0.761469,-34.3862,-3.03508,3.12225,2.93887,2.87699,-6.51134,-6.28861,0.038,0.0386654,0.111623,3.23812,28.8124
6.22007e+06,-0.331957,-1.14591,10.658,-6.13375,-34.0951,-1.19277,-31.8766,-1.77376,10.7711,2.7409,9.99794,-6.06859,-5.70936,0.041,0.0398582,0.125072,3.22315,28.7947
6.24104e+06,-0.0767109,-0.235532,9.38898,-1.43697,-11.3165,-1.51241,-10.6302,-0.467967,16.0535,2.74563,15.0127,-4.08386,-4.02821,0.041,0.0416767,0.135742,3.21096,28.7741
6.26103e+06,-0.523421,0.426782,10.7105,2.27914,21.6148,-1.46714,20.2954,-2.7956,16.4047,2.81285,15.3295,-3.28996,-3.15505,0.041,0.0418965,0.143475,3.19955,28.78
6.30103e+06,1.07677,-0.789467,10.7,-4.1986,39.111,-0.585667,36.7465,5.73099,-1.41211,2.68471,-1.44103,-9.21363,-8.7338,0.029,0.0307074,0.137236,3.17932,28.7682
6.44146e+06,-0.606857,-0.0717601,12.1581,-0.337751,29.0041,-0.798539,27.2579,-2.85744,-16.832,1.45611,-15.8552,-6.99989,-6.70297,0.041,0.042525,0.239961,3.12307,28.7094
6.46203e+06,0.154758,0.308769,9.21159,1.91955,11.4316,-0.529569,10.7627,0.961961,-2.77088,1.14137,-2.66721,-6.2976,-6.13523,0.053,0.047039,0.250005,3.11723,28.6918
6.48204e+06,-0.508868,-0.384854,10.1014,-2.1791,-24.9043,-0.794177,-23.2131,-2.88181,19.9467,1.1009,18.6574,-7.2289,-7.03529,0.053,0.0540242,0.265238,3.11152,28.7153
6.50305e+06,0.0144864,-1.8877,9.42187,-11.3294,-39.1333,-1.24104,-38.4269,0.0863772,28.252,1.30927,26.5473,-5.65638,-5.57204,0.053,0.0547061,0.257257,3.10508,28.7212
6.52403e+06,-0.804983,-0.305376,10.8758,-1.60398,-14.7363,-1.80037,-13.7672,-4.23143,15.6871,1.53563,14.7037,-6.93882,-6.70945,0.076,0.0684726,0.282504,3.0993,28.6594
6.54404e+06,0.233372,0.973491,9.69693,5.73117,18.9125,-1.62657,17.6958,1.37176,-1.3663,1.65,-1.29141,-7.38157,-7.05815,0.076,0.0769439,0.282532,3.09456,28.6506
6.56404e+06,-0.649663,-0.700356,9.82796,-4.06725,31.4774,-1.26485,29.6069,-3.77241,-22.206,1.29211,-20.7984,-5.44264,-5.29736,0.076,0.0777476,0.264625,3.08872,28.6594
6.58403e+06,-1.5617,-1.11219,10.5665,-5.94455,17.7217,-0.974253,16.8322,-8.3618,-21.7022,0.832056,-20.389,-6.14493,-6.01743,0.093,0.0879443,0.277394,3.08375,28.6594
6.60403e+06,-0.599481,-0.835227,10.2266,-4.66115,-4.49204,-0.905026,-4.0028,-3.34373,-6.19073,0.586385,-5.88154,-5.47317,-5.30009,0.093,0.0942055,0.276804,3.07887,28.6241
6.62403e+06,0.439167,-0.611245,8.62343,-4.04922,-26.0798,-1.15773,-24.3411,2.90811,12.1146,0.654381,11.2867,-7.59531,-7.24714,0.093,0.0947236,0.249423,3.07398,28.6418
6.64412e+06,-0.604166,-1.16277,9.29773,-7.11354,-27.1943,-1.30737,-17.3246,-3.68919,9.15278,0.790665,9.92417,-6.70981,-5.56813,0.093,0.0946352,0.228468,3.06857,28.6476
6.68504e+06,-0.327146,-1.27115,9.23321,-7.83387,13.8744,-1.62155,13.0718,-2.01028,-21.4732,0.56077,-20.1429,-5.64111,-5.69078,0.11,0.111517,0.232962,3.06094,28.5918
6.72503e+06,0.424626,0.157039,8.99031,0.999605,11.0957,-1.11345,10.4247,2.70375,-15.0457,0.171426,-14.1427,-6.89302,-6.57313,0.123,0.123719,0.228815,3.05287,28.6476
6.74537e+06,1.78111,-0.519725,11.094,-2.64833,-10.0798,-1.12075,-9.39799,9.11101,-0.801419,0.426896,-0.813177,-6.06859,-5.77036,0.123,0.124514,0.238727,3.06498,28.6212
6.78706e+06,0.696461,1.5202,12.2782,7.04684,-14.3088,-1.58813,-15.7597,3.22199,3.6566,1.22494,5.88043,-7.10676,-6.23835,0.132,0.133588,0.343983,3.05736,28.5624
6.80804e+06,0.379232,0.248559,9.64578,1.47497,1.46216,-1.57638,1.33208,2.25073,-3.94646,1.50296,-3.68952,-4.69454,-4.61848,0.132,0.134275,0.342537,3.0538,28.6006
6.82803e+06,0.417359,0.530343,10.0308,3.02388,17.6301,-1.42765,16.4866,2.37925,-8.3892,1.57813,-7.90928,-5.50371,-5.30878,0.154,0.147411,0.360232,3.05041,28.5388
6.86803e+06,-0.205944,0.807311,9.86798,4.676,8.6072,-1.13583,8.1395,-1.19161,-6.1144,1.48376,-5.80716,-5.73271,-5.50994,0.154,0.1561,0.31485,3.04297,28.5771
6.90803e+06,-0.0815461,-0.0211834,9.28724,-0.130682,-9.66761,-1.16366,-9.04776,-0.503069,6.8169,1.47755,6.32511,-4.86248,-4.75351,0.174,0.175171,0.29243,3.03758,28.5447
6.98804e+06,0.797271,-0.351136,7.76644,-2.57518,13.0041,-1.39398,12.1983,5.85528,-11.748,1.44936,-11.0696,-6.52661,-6.2466,0.191,0.192239,0.190661,3.02724,28.58
7.02803e+06,-0.055004,-1.01345,8.87251,-6.51617,-10.9043,-1.36315,-10.0534,-0.352899,1.33599,1.34042,1.20068,-6.05332,-5.95108,0.209,0.209491,0.188868,3.02364,28.5153
7.06804e+06,1.08387,-0.57271,8.51135,-3.81876,-4.78212,-1.55979,-4.49309,7.24104,0.893238,1.55235,0.774533,-6.35867,-6.08496,0.222,0.217753,0.171135,3.0204,28.5212
7.10803e+06,0.692399,-1.04476,12.9294,-4.61317,-8.61418,-1.45186,-7.88923,3.05546,-10.7098,2.11861,-10.109,-6.45027,-6.491,0.222,0.223138,0.217273,3.01754,28.4829
7.12803e+06,1.44642,0.901239,10.6858,4.77754,-0.904253,-1.39221,-0.795932,7.68167,-10.832,2.39534,-10.2871,-7.15256,-7.00232,0.237,0.232355,0.266681,3.0163,28.5006
7.14803e+06,0.453098,0.812128,12.0873,3.84114,-7.22486,-1.33166,-6.71078,2.14193,-6.3892,2.67042,-6.0884,-6.63348,-6.47751,0.237,0.23806,0.301319,3.01378,28.5006
7.16804e+06,1.35858,-0.96769,10.2769,-5.33308,-9.13326,-1.3345,-8.39284,7.49793,-0.236533,3.04278,-0.373192,-7.96172,-7.60854,0.237,0.23868,0.305367,3.01223,28.5094
7.18803e+06,1.45825,1.26009,10.798,6.5968,4.62246,-1.11683,4.23157,7.63998,-0.587678,3.233,-0.662254,-7.70218,-7.43948,0.247,0.244717,0.32474,3.01092,28.4976
7.20804e+06,1.22451,0.32322,9.25342,1.98324,3.43162,-1.13051,3.17733,7.53362,-2.22127,3.43054,-2.18651,-8.55714,-8.23504,0.247,0.248351,0.318436,3.00976,28.4859
7.22803e+06,-0.124618,0.303952,9.66055,1.80197,1.55376,-1.0594,1.46469,-0.738689,-6.81669,3.42593,-6.44762,-6.40447,-6.40867,0.247,0.248598,0.296174,3.00874,28.4594
7.24804e+06,1.47554,-0.796693,8.28985,-5.40509,-2.09509,-1.1491,-1.87949,10.0473,1.03064,3.46821,0.744019,-8.51134,-8.0941,0.271,0.26283,0.304078,3.00795,28.4771
7.26804e+06,0.735457,-1.32173,7.76257,-9.62077,-4.3241,-1.19609,-3.94403,5.33593,-2.61821,3.33257,-2.61303,-7.67164,-7.37851,0.271,0.271593,0.293899,3.00643,28.4771
7.28803e+06,-0.21506,-0.760566,8.61901,-5.04132,-4.98059,-1.10785,-4.57375,-1.4238,-4.2976,3.16713,-4.15096,-5.96172,-5.84226,0.271,0.272353,0.263182,3.00499,28.4329
7.30804e+06,0.801859,0.32322,9.01874,2.04447,-4.84318,-1.25004,-4.52507,5.07759,-4.96936,3.18114,-4.75956,-8.70981,-8.22991,0.293,0.285348,0.259843,3.00371,28.4888
7.32803e+06,-0.114976,-0.0211834,9.22791,-0.131517,-3.88135,-1.32759,-3.58529,-0.713843,-8.03806,2.96938,-7.56843,-7.50371,-7.26242,0.293,0.293393,0.254421,3.00249,28.4388
7.34804e+06,-0.707292,0.453274,11.1879,2.31543,-1.53021,-1.33276,-1.36023,-3.61443,-9.73272,2.9049,-9.16777,-6.72508,-6.4886,0.293,0.294099,0.232576,3.00158,28.4565
7.46804e+06,0.269603,-0.5125,11.2378,-2.61042,-9.24013,-1.18504,-8.61745,1.37288,-9.62585,3.64297,-9.13735,-8.08386,-7.83753,0.325,0.326093,0.277117,2.99693,28.43
7.48804e+06,0.592058,-0.859311,11.0138,-4.45487,-2.58364,-1.1923,-2.32139,3.06774,-7.16783,3.7304,-6.90851,-8.17546,-7.98077,0.341,0.335683,0.290827,2.99672,28.4682
7.50803e+06,1.53534,-1.18204,9.25311,-7.18266,1.35529,-1.21748,1.34294,9.34651,-1.76325,3.81359,-1.84817,-7.42737,-7.14766,0.341,0.341499,0.277722,2.99602,28.4212
7.52804e+06,0.618324,-0.859311,8.53741,-5.73269,1.99651,-1.22084,1.9299,4.12168,-1.50371,3.7574,-1.51568,-6.61821,-6.5538,0.341,0.341956,0.249022,2.99569,28.4241
7.54803e+06,0.682511,0.164264,10.0324,0.935882,-0.980589,-1.23084,-0.880229,3.89136,3.97721,3.80061,3.53021,-8.22126,-7.78286,0.36,0.35316,0.25449,2.99479,28.4035
7.58803e+06,-0.540091,0.265418,8.98419,1.68914,5.17208,-1.05708,4.90418,-3.43874,-5.42737,3.43323,-5.19767,-6.80142,-6.58637,0.36,0.360674,0.206963,2.99386,28.3859
7.60804e+06,-0.361204,0.987942,9.76394,5.77376,4.91254,-0.972461,4.60153,-2.10786,-6.14493,3.21234,-5.86958,-7.38157,-7.11161,0.377,0.370828,0.205657,2.99372,28.3771
7.64804e+06,-0.133854,-0.828002,8.67819,-5.44956,-0.278299,-1.05926,-0.229178,-0.879679,-1.73272,2.76705,-1.72322,-5.68691,-5.67022,0.377,0.377682,0.171787,2.99249,28.3976
7.66804e+06,0.0472346,0.564061,8.84646,3.64826,3.04994,-1.07071,2.81383,0.305301,-2.03806,2.56863,-2.0169,-6.86248,-6.54994,0.392,0.386633,0.173793,2.992,28.3712
7.68803e+06,0.801657,1.04815,8.67564,6.85989,3.20262,-1.11812,2.94019,5.24143,-1.12203,2.52467,-1.15315,-6.52661,-6.22478,0.392,0.392074,0.160881,2.99171,28.3447
7.70804e+06,-0.245972,-1.22539,9.79353,-7.1297,-2.2783,-1.32178,-2.01148,-1.4276,-4.35867,2.38188,-4.18768,-5.76325,-5.78162,0.392,0.392484,0.131687,2.99142,28.3624
7.72804e+06,1.27985,-1.18926,8.41759,-7.95151,-0.70578,-1.40965,-0.577844,8.56154,-6.40447,2.28273,-6.16079,-7.39684,-7.13763,0.404,0.399606,0.128827,2.99082,28.3741
7.74903e+06,0.453411,-0.312601,8.29625,-2.15466,-1.89662,-1.46688,-1.74592,3.12603,-12.7403,2.11654,-12.0055,-7.42737,-7.13804,0.404,0.403952,0.11768,2.99058,28.3859
7.79004e+06,0.687502,-0.608836,9.72961,-3.57177,-3.63708,-1.68839,-3.34002,4.03398,-3.62585,2.00031,-3.52431,-6.3892,-6.30178,0.413,0.40969,0.113968,2.98996,28.3506
7.81003e+06,1.28653,0.556836,9.93515,3.1814,2.72933,-1.71198,2.48361,7.36687,1.00011,2.20903,0.8391,-9.19836,-8.75382,0.413,0.412987,0.124664,2.99002,28.3476
7.83004e+06,2.37594,-1.4566,10.7691,-7.52413,2.71407,-1.72195,2.64497,12.3328,6.38942,2.74176,5.83866,-9.47317,-9.04103,0.413,0.413267,0.130912,2.99016,28.3565
7.87204e+06,1.94116,-0.760566,9.93247,-4.29781,4.7904,-1.7085,4.5383,11.0268,-2.17546,3.60882,-2.16939,-9.16783,-8.70368,0.423,0.422846,0.18089,2.98982,28.3271
7.89204e+06,0.63251,-0.351136,10.5587,-1.9013,-5.80502,-1.72102,-5.30512,3.42628,-7.24417,3.72953,-6.97504,-9.50371,-9.06048,0.423,0.423134,0.178837,2.99056,28.3124
7.91203e+06,1.15323,-0.970098,8.23049,-6.65779,-8.88899,-1.80141,-8.23431,7.92205,-7.3663,3.68082,-7.10131,-8.3434,-8.01716,0.437,0.431482,0.181964,2.9905,28.3212
7.93204e+06,0.145347,-0.194589,10.5593,-1.05564,-11.4691,-1.87943,-10.6777,0.788479,-3.67165,3.32266,-3.5868,-7.99226,-7.70474,0.437,0.436714,0.189159,2.99028,28.2976
7.97204e+06,0.0520611,0.381022,9.44446,2.31022,11.6454,-1.86442,10.8819,0.315574,4.6337,2.90955,4.24068,-6.89302,-6.76948,0.45,0.445039,0.170629,2.99012,28.3212
7.99203e+06,-0.0117564,-1.972,8.54329,-12.9976,3.5843,-1.90399,3.59032,-0.0768247,6.78637,2.87004,6.22368,-8.31287,-7.8566,0.45,0.449802,0.160134,2.99025,28.3359
8.01203e+06,0.0165073,-0.567893,9.38362,-3.46329,7.14155,-1.677,6.81302,0.100608,1.56499,2.72582,1.37885,-7.47317,-7.28148,0.45,0.450257,0.140657,2.98988,28.3271
8.05203e+06,-0.3917,-0.977324,9.24086,-6.03185,-9.4386,-1.36533,-8.68873,-2.41374,-1.04569,2.44286,-1.05611,-8.28233,-8.02887,0.46,0.459896,0.120439,2.99115,28.2741
8.07204e+06,0.171533,0.092012,9.79528,0.53811,-4.59891,-1.35087,-4.31817,1.00321,-2.23653,2.24513,-2.18514,-7.77851,-7.56683,0.46,0.460215,0.102625,2.9914,28.3212
8.09204e+06,0.50816,0.303952,8.75067,1.98601,-3.3012,-1.42442,-3.14898,3.32149,-1.47317,2.027,-1.46685,-8.45027,-8.1433,0.467,0.464407,0.100091,2.99164,28.2682
8.15204e+06,-0.318124,0.631497,10.0625,3.58924,6.7904,-1.14479,6.39833,-1.80724,3.27492,1.9036,2.99527,-8.32813,-7.89865,0.476,0.472515,0.0804889,2.99288,28.3006
8.17203e+06,-0.394359,-0.00191609,9.22581,-0.0118888,4.7904,-1.04638,4.49283,-2.44763,2.48102,1.6952,2.28962,-6.74035,-6.70455,0.476,0.475884,0.0802592,2.99338,28.2712
8.19204e+06,-0.0460432,1.11077,10.4785,6.05097,-3.69815,-1.04602,-3.46297,-0.250357,2.45049,1.64131,2.24077,-10.1907,-9.62733,0.476,0.476197,0.0741757,2.99352,28.2506
8.21204e+06,0.52294,-1.32414,9.3606,-8.03917,-11.1485,-1.29088,-10.3098,3.16611,1.56499,1.69648,1.39776,-7.76325,-7.54898,0.48,0.478549,0.0680174,2.99349,28.2594
8.23203e+06,0.0877421,0.872338,10.2026,4.88681,-2.33937,-1.47908,-2.22971,0.490939,-4.3892,1.60537,-4.15627,-10.206,-9.65231,0.48,0.479941,0.0664037,2.99396,28.2624
8.25203e+06,0.281774,-1.34822,10.1087,-7.59395,-3.62181,-1.73864,-3.25601,1.58268,-5.03043,1.53689,-4.76744,-7.48844,-7.27028,0.48,0.480056,0.064026,2.99407,28.2624
8.27203e+06,1.00998,-1.03272,11.5521,-5.08917,6.82094,-1.87861,6.4548,4.97683,-1.51898,1.67714,-1.52923,-7.73271,-7.50353,0.485,0.483067,0.0883285,2.99468,28.2359
8.31204e+06,1.20345,-1.25188,10.9366,-6.49122,12.9278,-2.24035,12.1976,6.23909,5.6566,2.46999,5.15771,-7.39684,-7.09305,0.485,0.485161,0.145361,2.99424,28.2241
8.33204e+06,-0.427592,-0.707581,11.295,-3.58207,-3.08746,-2.23402,-2.7239,-2.16375,3.03064,2.45156,2.74999,-7.68691,-7.4806,0.492,0.489412,0.168698,2.99417,28.2594
8.35203e+06,0.367622,-0.933972,10.349,-5.15358,-7.3012,-2.29471,-6.71459,2.02619,5.42759,2.50045,4.95152,-7.50371,-7.36113,0.492,0.492021,0.167452,2.9941,28.2653
8.37203e+06,1.06951,-0.454698,8.55666,-3.01837,-4.33937,-2.3947,-4.0455,7.11463,4.8169,2.46544,4.37504,-8.26706,-7.76909,0.492,0.492215,0.153233,2.99361,28.23
8.49204e+06,-0.212858,-0.0910274,8.62008,-0.604832,1.53849,-2.05134,1.51136,-1.41445,1.93141,1.57607,1.76685,-5.79378,-5.75424,0.512,0.512061,0.0827572,2.9924,28.2182
8.51204e+06,0.84268,-0.495641,8.78709,-3.21367,3.93544,-1.81234,3.76418,5.46926,5.50393,1.54901,5.06686,-7.65638,-7.15508,0.519,0.516244,0.0741926,2.99225,28.2565
8.53203e+06,0.348554,-1.06162,8.1337,-7.42952,3.59956,-1.78374,3.43898,2.43319,2.51156,1.47605,2.31012,-6.66401,-6.46911,0.519,0.51877,0.0616112,2.99085,28.2241
8.55204e+06,-0.444411,-0.334277,8.99027,-2.1268,2.40872,-1.76483,2.31757,-2.82801,-0.14493,1.29591,-0.175908,-4.90829,-4.96164,0.519,0.518954,0.0463891,2.99018,28.1888
8.59225e+06,-0.637741,-0.640146,9.80431,-3.72781,-15.4997,-1.74425,-14.3652,-3.71379,-4.86249,1.03463,-4.60388,-7.67164,-7.34054,0.523,0.522677,0.0187193,2.98875,28.2006
8.61304e+06,0.513456,-1.56738,8.84026,-10.0375,-12.202,-1.85221,-11.2799,3.27316,-0.694548,0.974988,-0.759949,-5.87012,-5.63513,0.523,0.522716,0.00106958,2.98862,28.1888
8.65304e+06,-0.43505,0.349712,9.18367,2.17832,10.2866,-1.83906,9.66508,-2.71023,12.3284,0.880383,11.5142,-2.32813,-2.3096,0.526,0.525472,-0.0111973,2.98911,28.1829
8.67303e+06,0.677715,0.236517,8.91424,1.51547,15.8744,-1.71833,14.8899,4.34609,18.8474,1.12516,17.6359,-5.79378,-5.4354,0.526,0.525516,-0.0229724,2.98896,28.1741
8.6932e+06,0.312739,-1.06884,9.90489,-6.15595,8.22552,-1.5843,7.8908,1.79803,18.1909,1.35717,16.9798,-4.40447,-4.03463,0.526,0.525478,-0.0281138,2.98856,28.1947
8.71304e+06,0.391881,-2.30436,10.7789,-12.0595,2.01178,-1.66112,2.07942,2.03617,5.36652,1.59909,4.98848,-3.71745,-3.75802,0.526,0.525461,-0.0164769,2.98928,28.1829
8.75304e+06,0.427219,-0.577527,12.4508,-2.6542,11.6912,-2.35955,10.9683,1.96309,-23.1984,1.81832,-21.7653,-2.17546,-2.22855,0.526,0.525791,0.0909979,2.98962,28.1624
8.77303e+06,0.75668,-0.358361,10.6868,-1.9158,6.08811,-2.67432,5.75848,4.04782,-11.9159,1.78005,-11.2725,-2.90829,-2.78072,0.526,0.525965,0.123513,2.98927,28.1712
8.79304e+06,0.518266,-1.69262,9.83011,-9.75653,-9.53021,-3.05915,-8.81555,2.97428,9.59553,1.7494,8.8643,-1.65638,-1.72609,0.526,0.52598,0.128751,2.98877,28.1859
8.81403e+06,-0.75235,-0.666638,10.4573,-3.63822,-13.3928,-3.08682,-12.3364,-4.10675,22.7711,1.77325,21.2581,-2.435,-2.30135,0.533,0.530065,0.13275,2.98889,28.1153
8.83404e+06,0.345861,0.0390269,8.85248,0.252399,-2.4157,-3.00256,-2.21152,2.23735,22.3894,2.04193,20.956,-3.07622,-2.90428,0.533,0.532511,0.116852,2.98858,28.18
8.85505e+06,-0.145819,-0.736482,8.16313,-5.15448,8.14918,-2.7727,7.76534,-1.01923,9.47339,2.22741,8.81943,-1.21363,-1.31605,0.533,0.532628,0.0855906,2.98871,28.1682
8.89603e+06,0.703901,0.527935,8.32825,3.61432,13.2637,-2.29432,12.4888,4.8215,-10.4197,2.05259,-9.83385,-2.35867,-2.15414,0.542,0.541483,0.0738486,2.98648,28.1653
8.91704e+06,-0.291782,0.361754,9.85072,2.10224,2.50033,-2.04938,2.46446,-1.69549,-4.1602,1.83263,-3.99558,-2.84722,-2.61114,0.542,0.541731,0.0554275,2.98561,28.1506
8.93703e+06,0.493853,0.2317,8.45616,1.56685,-0.659979,-2.01909,-0.604212,3.34111,3.47339,1.76251,3.19438,-1.64111,-1.65964,0.547,0.54544,0.0458546,2.98547,28.1476
8.97703e+06,-0.0697234,0.397881,8.91277,2.556,5.70643,-1.88089,5.36048,-0.447762,13.2138,1.68126,12.3537,-2.31287,-2.26264,0.547,0.546645,0.0240866,2.98431,28.18
8.99704e+06,1.19865,-1.14591,9.60722,-6.75004,11.5996,-2.02835,10.8996,7.06223,12.1757,1.8525,11.3137,-3.4121,-3.16845,0.553,0.551057,0.0311565,2.98398,28.1418
9.01704e+06,0.0622733,-1.99608,9.82052,-11.489,5.50796,-2.11968,5.38122,0.356036,4.75583,1.90033,4.39117,-4.206,-4.0203,0.553,0.552435,0.0355767,2.98391,28.1447
9.03703e+06,0.969517,-1.50958,9.68044,-8.81998,5.52323,-2.26029,5.32041,5.65138,-0.00752544,1.97719,-0.152216,-5.4121,-5.00909,0.553,0.552505,0.0341179,2.98351,28.13
9.05704e+06,0.238919,-1.801,9.6806,-10.5358,0.958342,-2.35441,1.06211,1.38994,-4.1144,1.79908,-3.9349,-4.14493,-4.03181,0.555,0.554009,0.0368217,2.9833,28.1476
9.07703e+06,-0.912361,-0.57271,10.6356,-3.07104,-3.13326,-2.35179,-2.73759,-4.89597,-0.221266,1.67046,-0.278072,-4.45027,-4.34163,0.555,0.554489,0.0369351,2.98277,28.1271
9.09704e+06,0.372648,-1.83472,8.46483,-12.218,-0.950055,-2.44396,-0.734265,2.46358,8.64896,1.61202,7.99457,-4.55714,-4.39697,0.555,0.554527,0.0262162,2.98302,28.1241
9.11704e+06,-0.429827,-1.25911,9.90523,-7.23759,-0.766849,-2.41451,-0.517448,-2.46492,15.9161,1.67831,14.8306,-5.25943,-5.09388,0.557,0.555927,0.0195958,2.98317,28.1329
9.21704e+06,-0.0195299,0.222066,9.09526,1.39863,3.00414,-1.96867,2.83209,-0.122992,-3.42737,1.5248,-3.25501,-4.11439,-4.13963,0.56,0.559208,-0.0377628,2.98358,28.1153
9.23703e+06,0.797161,0.0438438,8.57194,0.291795,4.01178,-2.00304,3.76222,5.31296,2.69476,1.45859,2.42216,-6.41974,-6.14845,0.558,0.557939,-0.0568103,2.98353,28.1241
9.25704e+06,-0.762198,0.400289,10.7866,2.11997,0.683533,-1.95137,0.709896,-4.0391,5.04591,1.20612,4.69105,-4.4808,-4.37186,0.558,0.557192,-0.054936,2.98315,28.1035
9.27803e+06,0.111966,-0.370403,9.32212,-2.27522,0.286586,-2.03518,0.386544,0.687592,9.53446,1.31247,8.88187,-6.72508,-6.28485,0.558,0.557092,-0.0629649,2.98364,28.1124
9.32004e+06,-0.855155,-0.206631,10.5293,-1.12056,-0.629444,-1.80052,-0.45133,-4.64228,5.93141,1.34395,5.53368,-5.28996,-5.23503,0.556,0.555106,-0.0724602,2.98386,28.0771
9.34004e+06,0.486798,-0.158463,9.98217,-0.908392,-1.66761,-1.75873,-1.47149,2.79156,4.05354,1.43973,3.7419,-7.76325,-7.283,0.556,0.555029,-0.0782303,2.98389,28.1065
9.38004e+06,1.05985,-0.0669433,9.14135,-0.416785,5.32475,-2.17309,4.96599,6.61321,1.58026,1.46579,1.39849,-5.06096,-4.96856,0.552,0.550862,-0.102273,2.98393,28.0682
9.40003e+06,-0.191517,0.448457,8.95569,2.86604,6.71407,-2.10265,6.31168,-1.22355,0.374154,1.30536,0.340853,-6.35867,-6.20189,0.552,0.550762,-0.102284,2.98421,28.1035
9.42004e+06,0.147336,1.24083,9.73779,7.26088,11.7522,-1.99063,10.9451,0.859885,3.56499,1.3481,3.31981,-7.30523,-6.97498,0.547,0.547006,-0.115862,2.98464,28.0918
9.44004e+06,-0.0861223,-0.738891,9.94138,-4.25052,4.75987,-1.73418,4.587,-0.494976,6.34362,1.32079,5.88633,-6.2976,-6.04487,0.547,0.545923,-0.114215,2.9837,28.0535
9.52004e+06,0.176624,-1.03994,10.8286,-5.48493,-2.15616,-1.77751,-1.90322,0.930179,1.87034,1.35203,1.68035,-6.16019,-5.95951,0.54,0.538836,-0.10455,2.98547,28.0565
9.54003e+06,1.37754,-0.430614,10.311,-2.3704,8.19498,-1.89915,7.63439,7.60305,0.587894,1.5097,0.500885,-7.62584,-7.27563,0.532,0.532924,-0.093942,2.98609,28.0359
9.56004e+06,1.38511,-1.89011,10.8476,-9.80608,-0.843185,-1.96838,-0.619896,7.16973,5.56499,1.74011,5.10341,-8.11439,-7.74242,0.532,0.531155,-0.0675776,2.98659,28.0624
9.58003e+06,-0.121857,-1.03753,10.3992,-5.69721,-0.690513,-2.0603,-0.534443,-0.668042,6.43522,1.77114,5.95686,-7.12203,-6.84643,0.532,0.531062,-0.0460422,2.98691,28.0329
9.62004e+06,-0.396616,-0.471557,10.6971,-2.52239,-6.70578,-2.08195,-6.12607,-2.12133,4.29782,1.80529,3.96743,-6.95409,-6.70143,0.528,0.527206,-0.0379984,2.98739,28.0476
9.64003e+06,0.97674,-1.72152,8.4265,-11.4718,-6.17143,-2.15043,-5.63735,6.47915,4.20621,1.83412,3.8227,-7.70218,-7.42856,0.528,0.527111,-0.0469517,2.98716,28.0624
9.66004e+06,0.541493,0.650764,9.5893,3.87619,-3.56074,-1.94611,-3.24927,3.22457,0.725299,1.81078,0.605793,-7.83958,-7.53746,0.528,0.52708,-0.0489538,2.98795,28.03
9.72004e+06,-0.650184,1.17098,10.18,6.54855,4.50033,-1.6125,4.33282,-3.63058,2.29782,1.55959,2.10739,-4.87775,-4.8276,0.525,0.524872,-0.0606482,2.98868,28.0418
9.74004e+06,0.398358,0.166673,9.64801,0.988865,-4.4157,-1.70119,-4.10694,2.364,2.84744,1.62009,2.6239,-6.72508,-6.42265,0.525,0.52419,-0.0632708,2.98898,28.03
9.76003e+06,-0.528081,0.010126,10.1281,0.0572058,-12.7058,-1.69077,-11.7747,-2.98469,0.755833,1.52788,0.658019,-6.58768,-6.32411,0.525,0.524124,-0.0665274,2.98942,28.0535
9.78004e+06,0.0664772,0.0607027,8.94773,0.388686,0.958342,-1.64332,0.927864,0.425662,-1.80905,1.3777,-1.74974,-5.3205,-5.2134,0.524,0.523412,-0.0683069,2.98934,28.0271
9.84003e+06,-0.203264,-0.245166,10.4432,-1.34458,-0.827918,-1.41472,-0.707367,-1.11474,4.98484,1.19935,4.60745,-4.28233,-4.3931,0.521,0.521057,-0.0607341,2.98966,28.0212
9.86004e+06,1.12917,-0.317418,8.96757,-2.01134,-4.90425,-1.4653,-4.56957,7.17231,5.21385,1.39283,4.83184,-5.68691,-5.42136,0.521,0.520381,-0.0555705,2.98973,28.0124
9.92004e+06,0.274642,-1.46141,10.2272,-8.12934,-4.24777,-1.5515,-3.83285,1.5228,-3.2747,1.52526,-3.14711,-4.28233,-4.32684,0.517,0.516614,-0.0139336,2.98851,28.0094
9.94003e+06,0.964484,-0.582344,9.92173,-3.34333,0.851472,-1.45849,0.8451,5.54276,-3.77852,1.55238,-3.62651,-5.21363,-5.1201,0.517,0.516623,-0.00176813,2.98889,28.0124
9.96004e+06,-0.0817189,0.600187,10.6225,3.23375,-1.98822,-1.47761,-1.8127,-0.440064,-0.450274,1.46146,-0.474573,-6.40447,-6.05621,0.516,0.515895,0.000113127,2.98892,28.0182
9.98003e+06,-0.465808,-0.671455,10.0463,-3.81965,-4.30883,-1.46985,-3.90979,-2.64878,1.80927,1.36479,1.64857,-4.40447,-4.47003,0.516,0.515685,-0.00341029,2.98962,28.0094
1e+07,0.611228,-1.10256,9.368,-6.6984,-3.71341,-1.38898,-3.32944,3.70753,5.53446,1.42045,5.07665,-7.10676,-6.61053,0.516,0.515647,-0.0112717,2.98928,28.0006
1.002e+07,0.503252,0.77841,8.9485,4.96371,3.93544,-1.30976,3.63964,3.20677,1.06118,1.42319,0.944518,-5.87012,-5.58968,0.515,0.514834,-0.0228367,2.98996,28.0212
1.004e+07,-0.246406,0.332853,9.07664,2.0994,0.362922,-1.29089,0.370786,-1.55399,-2.55714,1.37768,-2.39007,-5.4121,-5.28256,0.515,0.514533,-0.0342299,2.98994,27.9947
1.006e+07,0.648994,0.477358,9.45123,2.88463,1.38582,-1.35887,1.25066,3.92322,-2.37394,1.40312,-2.27068,-5.71745,-5.40873,0.515,0.514418,-0.044113,2.98915,27.9918
1.008e+07,1.11997,-1.56016,9.6826,-9.0938,-3.80502,-1.37259,-3.49543,6.51467,-0.831953,1.42303,-0.876829,-5.44264,-5.23457,0.513,0.512881,-0.0538098,2.98917,27.9888
1.01e+07,-0.179339,-0.411346,9.41965,-2.50001,-2.62944,-1.30213,-2.39139,-1.08967,-1.67165,1.21878,-1.6328,-5.56477,-5.43238,0.513,0.512412,-0.0560983,2.98918,28.0006
1.012e+07,0.799481,0.289502,8.70291,1.89726,-0.324101,-1.28394,-0.351996,5.24578,-2.06859,1.169,-1.97421,-5.88539,-5.71428,0.513,0.512376,-0.0576505,2.98919,28.0006
1.014e+07,0.186274,-1.39398,9.17559,-8.63671,-9.75921,-1.42137,-8.98668,1.14981,-0.969357,1.18341,-0.970377,-5.10676,-4.90536,0.51,0.510077,-0.0688873,2.98929,27.9653
1.018e+07,-0.248553,-0.531767,9.41715,-3.23082,-3.01112,-1.28623,-2.70294,-1.50949,-2.37394,1.12008,-2.28405,-5.48844,-5.36765,0.51,0.509251,-0.0771284,2.98882,27.9859
1.022e+07,-0.028626,-1.41566,9.99722,-8.05974,-8.4157,-1.51612,-7.71414,-0.162439,-2.23653,1.12629,-2.1465,-5.65638,-5.59822,0.506,0.505222,-0.0888438,2.9889,27.9859
1.024e+07,0.981361,-1.16518,9.19189,-7.18399,-3.72868,-1.45505,-3.3909,6.04601,-1.21363,1.14299,-1.23717,-6.69455,-6.38565,0.506,0.505176,-0.0819013,2.98842,27.9565
1.028e+07,1.41354,-1.08089,11.0293,-5.55206,-9.83555,-1.60272,-9.05892,7.26888,-3.2747,1.56473,-3.16561,-7.82432,-7.36757,0.5,0.499253,-0.0731576,2.9895,27.9359
1.03e+07,1.54928,0.2317,11.2806,1.16573,-6.79738,-1.52214,-6.31061,7.81846,-7.24417,1.94349,-6.87694,-8.206,-7.82079,0.5,0.499184,-0.0452601,2.98984,27.9712
1.032e+07,1.57328,-0.216265,12.7685,-0.963067,-9.1638,-1.60688,-8.49654,7.02335,-8.58768,2.36575,-8.13112,-7.70218,-7.34987,0.496,0.496272,-0.0121297,2.99083,27.9565
1.034e+07,1.15088,-1.0857,11.5875,-5.32672,-6.73631,-1.67236,-6.18986,5.64748,-6.2518,2.78379,-5.99762,-5.99226,-5.8263,0.496,0.495405,0.0185013,2.9911,27.9653
1.036e+07,0.617894,0.68689,12.0799,3.25023,-2.76685,-1.55018,-2.51146,2.92346,-5.41211,3.00487,-5.19172,-8.3434,-7.94894,0.496,0.495382,0.0481746,2.99102,27.9476
1.0541e+07,1.33459,-0.546218,8.79608,-3.51328,0.347655,-1.3397,0.350825,8.61109,-1.94646,2.66759,-1.95016,-6.69455,-6.36195,0.509,0.508549,0.0330006,2.98852,27.9594
1.0562e+07,0.694184,1.12281,10.4328,6.12928,5.50796,-1.24642,5.09005,3.78498,-3.96172,2.67686,-3.78326,-5.74798,-5.68196,0.513,0.510952,0.0417224,2.98856,27.9359
1.0582e+07,0.971333,0.549611,9.52704,3.28472,3.32475,-1.36035,3.0541,5.8119,-4.95409,2.85668,-4.72074,-7.68691,-7.34248,0.513,0.512386,0.046371,2.98836,27.9212
1.0602e+07,1.95574,-1.66372,9.42055,-9.81049,-3.60654,-1.39607,-3.24469,11.5543,-3.87012,3.19329,-3.77652,-6.02279,-5.86184,0.513,0.512421,0.0422509,2.98773,27.9418
1.0622e+07,1.02648,-0.262025,10.3472,-1.44353,0.0728458,-1.31502,0.0908814,5.66362,-6.83195,3.37701,-6.53528,-7.56477,-7.39743,0.519,0.515907,0.0542731,2.98799,27.9124
1.0642e+07,1.62578,-0.107886,9.37584,-0.649572,0.393456,-1.4461,0.324674,9.83671,-5.71745,3.55576,-5.52158,-7.33577,-6.94472,0.519,0.518045,0.0608989,2.98688,27.9624
1.06631e+07,0.505753,0.371388,9.82393,2.16214,-2.95006,-1.58049,-6.7508,2.94499,-4.66401,3.82068,-2.81205,-7.03042,-7.63222,0.519,0.518107,0.0591919,2.9865,27.9565
1.06831e+07,1.22217,0.157039,9.74225,0.916313,-4.46151,-1.5966,-4.15092,7.14948,-0.923556,3.95168,-1.04529,-8.09912,-7.63695,0.521,0.519503,0.062056,2.98606,27.9271
1.0703e+07,0.0355103,-0.20904,9.81629,-1.21993,-4.82792,-1.72505,-4.40634,0.207219,-1.70218,3.87004,-1.72581,-6.87775,-6.59207,0.521,0.519919,0.0563096,2.98623,27.9329
1.0824e+07,1.28883,0.872338,10.3701,4.77187,-1.08746,-1.73506,-0.922936,7.05985,-6.89302,4.41652,-6.63848,-8.98462,-8.46828,0.539,0.537483,0.0800719,2.99654,27.9153
1.0984e+07,0.974045,-0.61847,9.17378,-3.83539,-1.80502,-2.36919,-1.58802,6.04717,-0.450274,4.68315,-0.6407,-6.35867,-6.16334,0.562,0.558235,0.0567735,2.98694,27.9124
1.1004e+07,0.190901,-0.859311,9.65129,-5.08698,1.08048,-2.30701,1.13948,1.12869,-3.79379,4.4648,-3.73889,-5.38157,-5.23692,0.562,0.55997,0.0496659,2.98597,27.9006
1.1024e+07,1.08146,-0.483599,9.32585,-2.94873,3.18735,-2.2765,3.09041,6.60589,-4.41974,4.40617,-4.34584,-6.81668,-6.4667,0.562,0.560126,0.030937,2.9858,27.8976
1.1044e+07,1.66914,-1.44215,8.59967,-9.34851,1.85911,-2.33354,1.87045,10.8365,-4.70982,4.38763,-4.61398,-5.65638,-5.39172,0.571,0.566815,0.0335336,2.98497,27.8859
1.1064e+07,0.426757,1.08187,9.62571,6.40654,3.59956,-2.28877,3.37227,2.52269,-6.41974,4.33863,-6.18971,-6.46554,-6.28653,0.571,0.568809,0.024402,2.98452,27.9065
1.1084e+07,1.20303,0.284685,8.69543,1.85749,1.93544,-2.41163,1.8155,7.87279,-2.77088,4.32464,-2.80203,-7.03042,-6.63165,0.571,0.568967,0.0133841,2.98418,27.8712
1.1104e+07,0.596611,-0.059718,8.10185,-0.421174,2.62246,-2.48168,2.50583,4.21148,1.39705,4.26891,1.15669,-5.96172,-5.8255,0.573,0.570415,0.0033227,2.98393,27.8565
1.1124e+07,1.09583,-0.644963,9.85741,-3.72063,4.59193,-2.45178,4.4047,6.33001,3.85507,4.3986,3.41736,-5.51897,-5.21851,0.573,0.5707,-0.0127279,2.98336,27.8888
1.1144e+07,1.09112,-0.878579,8.62956,-5.76766,2.88201,-2.45295,2.81339,7.16957,-2.87775,4.40566,-2.85691,-7.01516,-6.69513,0.573,0.570648,-0.0296441,2.98249,27.8741
1.1164e+07,0.0283849,-0.346319,9.38396,-2.11356,-1.2554,-2.36307,-1.03807,0.173192,-9.41211,4.217,-8.95955,-5.74798,-5.5943,0.575,0.572178,-0.0324639,2.98148,27.9065
1.1184e+07,1.36351,-1.50477,8.74229,-9.65188,-2.88899,-2.59234,-2.58678,8.73837,-6.54188,4.11865,-6.33532,-5.2747,-5.14604,0.575,0.572667,-0.0382906,2.98155,27.8682
1.1204e+07,0.188639,-1.3145,9.65294,-7.75317,-1.24013,-2.67771,-1.0317,1.10931,-3.28997,3.98407,-3.26373,-5.88539,-5.84589,0.575,0.572699,-0.0428432,2.98093,27.8624
1.1224e+07,0.783054,-0.748524,9.37317,-4.55006,4.19498,-2.60594,4.05456,4.76044,4.31309,3.98646,3.80682,-7.13729,-6.88567,0.578,0.574918,-0.0450832,2.98118,27.8682
1.1244e+07,-0.244081,0.559244,10.2427,3.12431,10.5003,-2.5582,9.87063,-1.36305,1.04591,3.83144,0.89658,-6.40447,-6.30462,0.578,0.575656,-0.0476807,2.98109,27.8741
1.1264e+07,0.696564,1.14931,9.93898,6.58017,9.8133,-2.45023,9.19018,3.98252,3.99247,3.86652,3.60028,-8.80142,-8.30948,0.578,0.575728,-0.0545975,2.97999,27.8682
1.1285e+07,0.794679,0.38343,8.96186,2.44032,1.55376,-2.44941,1.51444,5.06275,0.66423,3.92022,0.477994,-9.53424,-8.94768,0.577,0.574916,-0.0691584,2.97903,27.8329
1.1305e+07,0.276903,-1.00382,9.93114,-5.76949,-3.2554,-2.40306,-2.92137,1.58903,-4.2518,3.69387,-4.14304,-6.96935,-6.72459,0.577,0.574789,-0.0716138,2.97904,27.8712
1.1325e+07,1.11966,-0.459515,8.82964,-2.95549,-0.278299,-2.49011,-0.216044,7.21726,-5.21363,3.50634,-5.08669,-7.88539,-7.53467,0.577,0.57481,-0.0820192,2.97838,27.8535
1.1345e+07,0.785351,-0.42098,7.68087,-3.12094,1.24842,-2.62064,1.22403,5.82938,-5.41211,3.24196,-5.21101,-7.56477,-7.29324,0.578,0.575576,-0.0962137,2.97868,27.8271
1.1385e+07,0.549273,-1.56498,8.72627,-10.1477,0.317121,-2.5909,0.472379,3.5453,3.16805,2.79004,2.8184,-7.70218,-7.35937,0.578,0.576001,-0.106569,2.97819,27.8476
1.1425e+07,0.162066,-0.20904,9.36033,-1.27915,-5.24013,-2.34484,-4.83848,0.99168,2.74057,2.72918,2.50378,-7.70218,-7.39138,0.575,0.57304,-0.127178,2.97865,27.8153
1.14451e+07,-0.72624,-0.105478,10.4463,-0.577113,-9.2554,-2.44056,-8.55237,-3.97668,0.313085,2.53973,0.219607,-7.4579,-7.2333,0.575,0.573013,-0.125498,2.97902,27.8359
1.1466e+07,0.348307,-0.172913,8.92336,-1.10927,1.7675,-2.3697,1.67983,2.23488,-7.41211,2.48926,-6.99287,-8.84722,-8.64831,0.569,0.568526,-0.144502,2.97929,27.8418
1.1486e+07,-0.0961925,1.12763,10.1557,6.33557,10.1186,-2.24455,9.42884,-0.539363,-9.3205,2.16054,-8.79064,-8.83195,-8.55705,0.569,0.567243,-0.141728,2.97963,27.8476
1.1506e+07,0.520343,-0.57271,9.22648,-3.54631,7.26369,-2.35099,6.87174,3.22169,-2.75562,2.00464,-2.68758,-8.14493,-7.84278,0.569,0.567205,-0.137638,2.97995,27.8388
1.15271e+07,-0.0429671,-1.36508,8.9764,-8.64686,-1.91189,-2.1603,6.54322,-0.271137,3.09171,1.71971,0.017256,-9.3663,-8.17816,0.562,0.562082,-0.148672,2.98059,27.8182
1.1548e+07,-0.236901,0.501442,9.75593,2.94147,-3.17906,-2.07726,-2.94481,-1.38919,5.91614,1.56056,5.48278,-9.21363,-8.84186,0.562,0.560463,-0.147951,2.98053,27.8006
1.1568e+07,0.496319,-0.0500844,9.35554,-0.306296,-9.04166,-2.25843,-8.43774,3.0367,7.04591,1.63281,6.56566,-9.94645,-9.5802,0.562,0.560352,-0.142801,2.98081,27.7829
1.1588e+07,0.713699,-0.36077,9.25514,-2.22569,-1.48441,-2.32903,-1.35318,4.40624,5.53446,1.83741,5.08132,-7.80905,-7.54063,0.554,0.553502,-0.162412,2.98124,27.8094
1.1608e+07,0.216817,0.400289,8.60862,2.66141,4.94307,-2.25997,4.63036,1.44119,0.358887,1.79181,0.302338,-9.71745,-9.21122,0.554,0.552278,-0.164731,2.9814,27.8241
1.1628e+07,-0.64036,0.193165,11.1067,0.994722,0.927808,-2.26503,0.961172,-3.29925,-0.496075,1.67209,-0.495707,-10.3892,-10.0671,0.554,0.552217,-0.15263,2.98121,27.8124
1.1669e+07,0.157221,0.0414354,11.7017,0.202863,-0.721047,-2.64351,-0.591987,0.769756,4.64896,1.58844,4.32657,-10.0839,-9.72603,0.547,0.545368,-0.131045,2.98089,27.8153
1.1689e+07,1.61926,-2.40792,9.36504,-14.2172,-1.02639,-2.97714,-0.783904,9.50643,8.51156,1.92858,7.85814,-9.59531,-9.31779,0.547,0.545229,-0.115125,2.9803,27.8065
1.1709e+07,0.305491,-0.765383,11.5246,-3.79827,-3.77448,-3.15918,-3.34273,1.51509,5.22912,2.10119,4.81952,-11.1678,-10.5734,0.536,0.535808,-0.121596,2.98025,27.8094
1.1729e+07,1.03633,-1.35304,9.19154,-8.32207,0.622464,-3.19389,0.706364,6.36483,0.710032,2.10607,0.569897,-10.0686,-9.74675,0.536,0.534208,-0.114357,2.98004,27.7918
1.1749e+07,-0.492351,0.325628,9.95293,1.87158,0.133914,-3.0626,0.171689,-2.83048,-4.64875,1.83521,-4.38641,-9.44264,-9.19834,0.536,0.534168,-0.104131,2.98,27.8035
1.1769e+07,1.06005,-0.7702,8.55379,-5.1063,4.40872,-3.00253,4.1956,7.03633,-6.46554,1.7865,-6.11896,-10.3281,-10.0729,0.533,0.531736,-0.111877,2.9803,27.7918
1.1789e+07,-0.750243,0.342487,10.6108,1.8441,5.7217,-2.89253,5.40978,-4.04229,-8.206,1.53469,-7.70456,-9.67164,-9.50504,0.533,0.531381,-0.103947,2.98051,27.7741
1.1809e+07,0.587293,-0.897846,9.6865,-5.28599,8.72933,-2.78063,8.33645,3.45483,-1.19837,1.39589,-1.2578,-10.0839,-9.69662,0.533,0.5315,-0.0970044,2.98163,27.8006
1.1829e+07,-0.255587,-0.996591,9.95061,-5.71744,0.546128,-2.72862,0.751909,-1.46403,5.10698,1.3852,4.73254,-8.83195,-8.60455,0.528,0.527341,-0.105812,2.98219,27.7976
1.1869e+07,-0.298691,-0.555851,9.64982,-3.29515,-9.75921,-2.61887,-9.02851,-1.76998,12.4047,1.44704,11.575,-7.42737,-7.26665,0.528,0.526572,-0.100883,2.98232,27.7447
1.19093e+07,-0.0717591,-0.868945,9.62538,-5.15833,-11.9577,-3.05092,-11.0647,-0.425413,7.32072,1.54679,6.80488,-8.57241,-8.1948,0.526,0.524485,-0.0945412,2.98276,27.7918
1.19511e+07,1.03392,-1.24466,10.1936,-6.92625,14.5919,-3.18316,12.7809,5.74915,-1.91592,1.39413,-3.53444,-8.64874,-8.25887,0.522,0.521074,-0.082959,2.98234,27.8094
1.19711e+07,0.343745,-0.938789,9.76974,-5.48541,19.8438,-3.23438,14.3981,2.00587,-0.816686,1.4263,-0.918524,-8.75561,-8.65017,0.522,0.520568,-0.0706128,2.98092,27.7506
1.1992e+07,1.23476,-2.19357,9.52004,-12.8712,8.16445,-3.5858,7.79662,7.20337,13.8093,1.6274,12.8385,-8.02279,-7.74877,0.522,0.520478,-0.0560662,2.98118,27.7918
1.2012e+07,-0.415805,-0.160871,10.2465,-0.898739,9.15681,-3.58044,8.64911,-2.32351,18.8016,1.66186,17.5987,-8.16019,-7.92267,0.516,0.515382,-0.0512486,2.98168,27.7829
1.2072e+07,-0.607008,0.470133,10.2049,2.63306,14.5767,-3.47414,13.7182,-3.40045,-11.351,1.58248,-10.6311,-8.16019,-8.05112,0.515,0.513836,-0.0125543,2.98171,27.7712
1.2092e+07,-0.597219,-0.384854,10.752,-2.0468,-0.415704,-3.46567,-0.149124,-3.17719,-11.4121,1.38385,-10.7543,-9.74798,-9.43956,0.515,0.513778,-0.0142462,2.98243,27.7712
1.2112e+07,-0.341906,0.287094,8.9342,1.83918,-2.78212,-3.21955,-2.51061,-2.19048,-8.81669,1.34973,-8.29747,-9.39683,-9.12574,0.515,0.513883,-0.0187153,2.9827,27.7712
1.2132e+07,-0.41794,-1.06884,10.0717,-6.05257,-15.0111,-3.2788,-13.7942,-2.36295,-0.0685942,1.23142,-0.150273,-8.3892,-8.17626,0.516,0.51474,-0.0208918,2.98253,27.7624
1.2152e+07,0.754218,-0.0934358,9.14394,-0.583465,-3.27067,-3.19281,-3.03579,4.715,5.13751,1.17613,4.75457,-9.24416,-8.90928,0.516,0.514908,-0.0228049,2.9822,27.7712
1.2172e+07,-0.191217,-0.632921,9.78494,-3.70021,0.515594,-3.02186,0.648094,-1.11719,9.93141,1.17437,9.22777,-9.76325,-9.18736,0.516,0.514981,-0.0284267,2.98231,27.7712
1.2192e+07,0.771161,-0.912296,8.41848,-6.15932,11.966,-2.82321,11.3421,5.20358,7.16805,1.25321,6.64953,-9.19836,-8.8263,0.518,0.516693,-0.0342321,2.98241,27.7741
1.2212e+07,-0.105482,0.18594,9.28521,1.14714,17.0041,-2.53514,15.9673,-0.650734,-2.84722,1.10219,-2.63843,-7.28997,-7.22746,0.518,0.517084,-0.03391,2.98243,27.7476
1.2252e+07,0.0139682,-0.0235918,9.18506,-0.147164,4.63773,-2.34954,4.36824,0.0871321,-7.54951,0.924554,-7.06699,-6.35867,-6.32106,0.515,0.514681,-0.0446968,2.98254,27.7829
1.2272e+07,-0.740666,0.253376,11.0381,1.31203,-4.55311,-2.60681,-4.23474,-3.83785,-1.90066,0.804872,-1.80726,-7.35103,-7.12093,0.515,0.514171,-0.042004,2.98246,27.7594
1.2293e+07,0.102364,-0.189772,10.2033,-1.06548,3.75224,-2.6192,3.53433,0.574703,-1.50371,0.769372,-1.39293,-6.14493,-6.1144,0.515,0.514165,-0.0331603,2.98213,27.7624
1.2313e+07,0.2908,0.542385,10.3135,3.00921,9.46216,-2.74883,8.82487,1.61286,1.99247,0.788019,1.85783,-6.96935,-6.72626,0.515,0.514134,-0.0278966,2.9825,27.7212
1.2333e+07,-0.84549,-0.613653,9.71668,-3.60013,2.11865,-2.83246,2.18506,-4.96319,1.01538,0.688675,0.930496,-6.54187,-6.26527,0.515,0.514131,-0.0294069,2.98259,27.7388
1.2353e+07,0.2982,-0.307785,8.62641,-2.04219,10.3171,-2.80363,9.7034,1.97857,-5.3205,0.592889,-4.98117,-6.16019,-5.95379,0.515,0.514129,-0.0331782,2.98251,27.7624
1.2373e+07,-0.170196,1.05779,9.69266,6.22724,5.6301,-2.63397,5.316,-1.00003,-9.87012,0.488581,-9.24407,-5.94645,-5.76763,0.516,0.514987,-0.0356912,2.98269,27.6947
1.23932e+07,-0.2582,-0.187364,9.23014,-1.16244,-3.83555,-2.66706,-3.48888,-1.60202,-12.0228,0.398583,-11.2497,-5.70218,-5.57035,0.516,0.515117,-0.0441408,2.98236,27.7094
1.2434e+07,0.663523,-0.247574,10.6538,-1.32864,12.7446,-2.9582,11.8714,3.56285,-0.0380597,0.134425,-0.0327394,-5.76325,-5.53905,0.516,0.515089,-0.0269639,2.98354,27.7359
1.2454e+07,-0.75719,-0.435431,12.0911,-2.05844,20.8515,-3.39099,19.6019,-3.58107,6.11461,0.124284,5.75011,-4.67928,-4.6325,0.516,0.515097,0.0107401,2.9835,27.7241
1.2474e+07,-0.00215953,-2.13577,11.3185,-10.6859,26.9431,-3.55674,25.4376,-0.0107423,8.28255,0.159853,7.74507,-4.206,-4.07863,0.516,0.515257,0.0453937,2.98253,27.7271
1.2494e+07,1.19861,-1.00622,8.78596,-6.47396,16.1492,-3.55459,15.2812,7.71868,3.82454,0.390796,3.56811,-4.19073,-4.03185,0.516,0.515348,0.0508535,2.98288,27.6947
1.2514e+07,-0.339574,0.486992,9.20755,3.02553,-10.4615,-3.45487,-9.67698,-2.10916,-2.95409,0.306816,-2.74941,-4.14493,-4.07105,0.516,0.515356,0.0447277,2.98295,27.7124
1.2694e+07,-0.549796,0.816945,9.54065,4.8861,-16.3546,-2.57555,-15.2478,-3.28612,-0.618212,0.476495,-0.565947,-5.91592,-5.64753,0.519,0.518143,-0.0564203,2.98139,27.68
1.2714e+07,-0.155746,0.614638,8.93219,3.93581,-4.20196,-2.60409,-3.92559,-0.99658,-3.90066,0.493771,-3.62902,-4.51134,-4.5365,0.519,0.517996,-0.0667501,2.98146,27.6976
1.2734e+07,0.978699,-0.17773,8.47171,-1.19391,8.66827,-2.5496,8.11821,6.58847,-1.64111,0.597853,-1.576,-5.67164,-5.44856,0.519,0.517958,-0.0753387,2.98118,27.6976
1.2754e+07,0.0976932,-0.565485,9.61623,-3.36525,7.21788,-2.52091,6.86371,0.581056,-1.68691,0.488799,-1.59692,-5.12203,-4.87804,0.519,0.517942,-0.0777477,2.98143,27.6918
1.2774e+07,-0.270012,-0.644963,10.0438,-3.67289,1.37056,-2.37264,1.47863,-1.53678,-1.90066,0.4311,-1.81622,-6.81668,-6.47062,0.519,0.51796,-0.0828486,2.98166,27.7594
1.27941e+07,-0.305719,-1.04476,10.3874,-5.74098,-5.56074,-2.24546,-5.01311,-1.67736,-2.96936,0.343486,-2.80913,-5.39684,-5.31382,0.515,0.514617,-0.0909923,2.98222,27.7035
1.2956e+07,0.245443,0.499034,9.78638,2.91822,-1.91189,-1.88354,-1.78941,1.43482,-2.78615,0.619165,-2.62125,-7.64111,-7.19327,0.503,0.501828,-0.121622,2.9816,27.7035
1.2976e+07,-0.0887217,0.022168,10.2418,0.124011,-1.45387,-1.84965,-1.271,-0.496325,-5.96172,0.56809,-5.5882,-5.64111,-5.54319,0.495,0.494583,-0.141417,2.98233,27.7359
1.3136e+07,0.680494,-1.17,9.27999,-7.16675,-1.74395,-1.81389,-1.50545,4.16112,0.45049,0.662903,0.3553,-6.17546,-5.84969,0.475,0.473767,-0.137862,2.98335,27.68
1.3156e+07,0.0973364,0.7182,9.96255,4.12312,3.98124,-1.70203,3.66555,0.558326,2.16041,0.631053,2.00274,-7.18309,-6.76074,0.468,0.467472,-0.14435,2.98332,27.6712
1.3236e+07,0.46734,1.1204,10.2644,6.22303,5.73697,-1.47655,5.29928,2.59151,-1.50371,0.765063,-1.40324,-7.51897,-7.17188,0.462,0.461018,-0.114398,2.98472,27.7035
1.3256e+07,-0.821716,-0.237941,10.5981,-1.2823,-7.16379,-1.61687,-6.55893,-4.4324,-0.328136,0.761465,-0.335792,-6.57241,-6.4474,0.462,0.461022,-0.104542,2.98513,27.6535
1.3317e+07,0.400931,-0.500458,8.97028,-3.19008,-0.59891,-1.56179,-0.499847,2.55519,2.25202,0.82473,2.07697,-6.77088,-6.53186,0.459,0.45811,-0.0949296,2.98768,27.6859
1.3357e+07,0.639662,-0.310193,9.0701,-1.95388,0.347655,-1.494,0.341647,4.03172,1.35125,0.846577,1.22131,-7.50371,-7.22938,0.448,0.447157,-0.107306,2.98884,27.6624
1.3377e+07,0.140287,0.826578,10.6061,4.45591,-1.51494,-1.5461,-1.48012,0.755519,-1.87012,0.789348,-1.75423,-7.2747,-7.03818,0.448,0.447088,-0.0973673,2.98921,27.7035
1.3397e+07,0.224467,-1.35063,9.89264,-7.77246,-8.24776,-1.67771,-7.52155,1.28789,0.755833,0.808758,0.637212,-6.75561,-6.62189,0.447,0.446276,-0.0939077,2.99007,27.6712
1.3417e+07,0.224182,-0.327052,10.5947,-1.76773,-5.13326,-1.82551,-4.6991,1.21162,0.374154,0.797603,0.310103,-7.77851,-7.34709,0.447,0.446125,-0.087221,2.99004,27.6624
1.3437e+07,-0.0407667,-0.690722,9.97228,-3.96219,4.7446,-1.7927,4.53683,-0.233664,0.129879,0.7551,0.0769332,-5.53424,-5.51933,0.447,0.446173,-0.0781077,2.99034,27.6741
1.3457e+07,-0.234474,0.359346,9.70109,2.12075,9.04994,-1.65961,8.4928,-1.38361,-1.12203,0.708698,-1.04994,-6.37393,-6.16584,0.443,0.442843,-0.0825943,2.99047,27.6859
1.3497e+07,-0.382584,0.590554,10.2975,3.28001,2.92781,-1.45345,2.74609,-2.12424,3.32072,0.724209,3.11425,-8.69454,-8.24541,0.443,0.44231,-0.0689706,2.99045,27.6624
1.3517e+07,0.816584,-1.10979,9.94475,-6.3464,-0.568376,-1.51548,-0.420428,4.66531,3.50392,0.886339,3.2249,-7.48844,-7.18004,0.436,0.436405,-0.0828138,2.99057,27.6859
1.3537e+07,0.104791,-0.32946,10.4927,-1.79835,0.179716,-1.64184,0.203873,0.571916,-0.63348,0.891877,-0.63474,-9.53424,-9.08309,0.436,0.435337,-0.0769968,2.99052,27.6771
1.3717e+07,0.279093,-0.290926,10.4261,-1.59777,-0.873719,-1.49228,-0.751788,1.53277,-3.80905,1.06594,-3.63249,-6.70981,-6.4807,0.425,0.424468,-0.0534033,2.99019,27.6329
1.3738e+07,0.135795,-0.192181,10.0228,-1.09838,0.729334,-1.40279,0.769678,0.776088,-3.47317,0.979943,-3.2925,-6.31287,-6.24002,0.425,0.424465,-0.046419,2.99041,27.6182
1.3758e+07,-0.0884559,-0.933972,9.63479,-5.53658,-3.11799,-1.40383,-2.88802,-0.523557,-0.862487,0.805555,-0.846684,-6.80142,-6.49937,0.425,0.424539,-0.0412721,2.99095,27.63
1.3778e+07,-0.325279,0.600187,10.1669,3.37672,2.7904,-1.3732,2.59215,-1.82931,-0.205999,0.768385,-0.197874,-6.99989,-6.74885,0.425,0.424568,-0.0341434,2.99121,27.6182
1.3798e+07,0.668654,-1.52403,9.17734,-9.40429,3.20262,-1.47902,3.11669,4.11106,1.67186,0.887012,1.5152,-5.68691,-5.48865,0.425,0.424587,-0.0351427,2.99095,27.6506
1.38181e+07,0.551454,-0.820777,10.1069,-4.63591,5.52323,-1.40745,5.2569,3.11286,1.794,0.918495,1.62074,-6.83195,-6.60013,0.423,0.42292,-0.0320905,2.99046,27.6388
1.414e+07,0.315197,-1.32173,9.21121,-8.16099,-5.40807,-1.31861,-4.89824,1.93998,7.36652,0.891479,6.86069,-7.79378,-7.51472,0.422,0.421756,-0.0134965,2.98683,27.5947
1.416e+07,0.429338,0.388247,10.0235,2.21615,0.378189,-1.24706,0.347196,2.45083,3.91614,0.958298,3.63304,-9.07622,-8.64703,0.422,0.421765,-0.00879598,2.9868,27.6182
1.418e+07,0.804481,-0.517317,9.69404,-3.04421,-4.4157,-0.939533,-4.0626,4.73723,0.603162,0.937323,0.500891,-8.31287,-7.91264,0.426,0.425513,0.0110835,2.98668,27.5888
1.42e+07,-0.568884,0.766368,9.84924,4.44184,-0.232498,-0.991316,-0.274785,-3.29575,-7.94646,0.82269,-7.41423,-6.60294,-6.53688,0.426,0.425904,0.00903421,2.98597,27.6182
1.422e+07,0.367736,-1.34581,9.63611,-7.94498,-5.71341,-1.21609,-5.21362,2.16449,-4.12966,0.828776,-3.94355,-7.50371,-7.18732,0.426,0.425932,0.00895862,2.98572,27.5653
1.424e+07,-0.0314236,0.0582943,9.71706,0.343721,1.49269,-1.27536,1.41914,-0.185282,-4.22127,0.794851,-3.98725,-8.17546,-7.70745,0.425,0.424998,0.00477294,2.98557,27.6035
1.426e+07,0.909671,-0.96769,9.50329,-5.78793,5.41636,-1.16085,5.18499,5.43983,-0.725083,0.811369,-0.74207,-7.96172,-7.64153,0.425,0.42491,0.00219402,2.9856,27.5976
1.428e+07,-0.709819,0.954224,10.5762,5.14398,6.95834,-1.11333,6.47408,-3.82416,0.0230088,0.742144,0.0245569,-7.09149,-6.88337,0.425,0.424867,-0.000667533,2.98528,27.6124
1.434e+07,0.692419,-1.11701,9.7834,-6.49738,-4.70578,-1.24521,-4.31,4.02231,0.297818,0.835143,0.201074,-7.54951,-7.22844,0.423,0.422813,-0.00922435,2.985,27.6094
1.436e+07,0.19559,-0.548626,10.3403,-3.03655,-2.40044,-1.42881,-2.17262,1.08212,-2.40447,0.826331,-2.31018,-7.51897,-7.09468,0.424,0.423687,-0.003361,2.98556,27.6065
1.438e+07,0.517948,-0.546218,9.61115,-3.24801,3.49269,-1.31779,3.3502,3.07974,-3.65638,0.810572,-3.47939,-7.18309,-6.91821,0.424,0.423817,-0.00247477,2.98609,27.5476
1.44e+07,-0.733606,0.624271,10.2148,3.48829,3.01941,-1.34002,2.81284,-4.10019,-2.37394,0.740709,-2.23221,-6.40447,-6.27163,0.424,0.423822,-7.6556e-05,2.98592,27.5859
1.442e+07,-0.282264,0.479767,9.98149,2.75074,4.86674,-1.27595,4.53268,-1.61795,1.35125,0.663317,1.26107,-7.21363,-6.9095,0.424,0.423848,-0.000189053,2.98576,27.6153
1.444e+07,0.0833863,-0.637737,10.1076,-3.61016,-4.56838,-1.46187,-4.21273,0.471734,5.44286,0.807297,5.08602,-7.33577,-7.05784,0.424,0.423851,0.00474479,2.9862,27.5624
1.446e+07,0.873952,-1.32414,10.4334,-7.20791,-0.232498,-1.64545,-0.116663,4.75025,2.45049,0.979675,2.22835,-7.61058,-7.27071,0.424,0.423838,0.00944873,2.98594,27.5712
1.448e+07,0.70425,-0.726849,11.1136,-3.73445,-0.293566,-1.90245,-0.192496,3.61818,0.847436,1.08262,0.732387,-6.14493,-5.97847,0.425,0.424742,0.0256139,2.98637,27.5682
1.45e+07,0.155177,-1.1989,10.052,-6.8007,3.98124,-2.02852,3.87367,0.878207,-3.53424,1.13672,-3.35673,-5.68691,-5.58725,0.425,0.424871,0.0342808,2.98669,27.5653
1.452e+07,0.448627,-0.281292,10.3429,-1.55641,9.14155,-2.1769,8.5481,2.48275,-3.1373,1.20897,-2.98035,-7.64111,-7.36137,0.425,0.424861,0.0392919,2.987,27.5388
1.454e+07,0.993225,-0.895438,9.28491,-5.47752,9.61483,-2.29114,9.0277,6.07784,-0.755617,1.33569,-0.772951,-8.31287,-7.8911,0.426,0.425783,0.0483531,2.98729,27.5241
1.456e+07,-0.0410191,0.21725,10.9353,1.13813,2.7446,-2.30432,2.65553,-0.214877,0.969574,1.35241,0.88037,-8.06859,-7.77377,0.426,0.425877,0.0537101,2.98748,27.5359
1.474e+07,0.219465,-0.536584,9.39299,-3.26864,0.652998,-2.13563,0.728268,1.33628,-1.62585,1.20699,-1.58602,-8.11439,-7.90102,0.438,0.437629,0.002019,2.98431,27.5329
1.4761e+07,0.00670488,0.335262,9.59401,2.00138,3.47743,-2.11891,3.24174,0.0400174,0.404688,1.20419,0.362362,-8.84722,-8.49486,0.438,0.437576,-0.00535619,2.98491,27.5006
1.4801e+07,-0.186668,0.183532,10.2967,1.02098,-1.19433,-1.83992,-1.03437,-1.03843,7.85507,1.33675,7.30109,-9.68691,-9.21081,0.443,0.442554,-0.00692535,2.98502,27.5535
1.4821e+07,-0.280015,0.978308,10.4191,5.36215,3.12628,-1.56068,3.02652,-1.53272,5.73293,1.26507,5.33239,-9.47317,-9.18769,0.443,0.442611,-0.00839604,2.98507,27.5271
1.4841e+07,0.181552,-1.58665,8.5936,-10.4585,-8.15616,-1.80906,-7.45784,1.19016,4.8169,1.32548,4.43966,-9.50371,-9.18339,0.442,0.441678,-0.0206211,2.98571,27.5476
1.4861e+07,0.102206,0.381022,10.0332,2.17471,6.31712,-1.5878,5.90543,0.583216,-3.85485,1.1999,-3.63231,-10.6793,-10.3141,0.442,0.441591,-0.0184441,2.98472,27.5447
1.4882e+07,-0.124347,-0.669047,9.621,-3.97763,2.75987,-1.66776,2.63562,-0.738697,-5.1831,1.15028,-4.89068,-10.7403,-10.3576,0.442,0.441585,-0.0208379,2.98453,27.53
1.49232e+07,0.811535,-0.124745,9.51185,-0.748655,-6.79738,-1.56077,-5.09484,4.87615,4.84744,0.983408,0.928935,-11.061,-10.5935,0.446,0.445621,-0.0174485,2.98476,27.5241
1.4944e+07,-0.0911296,0.0944205,10.5244,0.514,-14.3699,-1.75423,-13.3947,-0.496085,7.15278,1.0358,6.65978,-10.9236,-10.4018,0.446,0.445569,-0.0245764,2.98533,27.5153
1.4964e+07,0.341204,-0.389671,9.05123,-2.46341,-2.76685,-1.74705,-2.58345,2.15686,3.94667,1.06635,3.67974,-10.5724,-10.2597,0.444,0.44372,-0.0322922,2.98571,27.5094
1.4984e+07,0.0138624,0.356938,10.0523,2.03361,-4.69051,-1.78415,-4.34802,0.0789628,4.38942,1.09762,4.07012,-10.3892,-9.90026,0.444,0.443506,-0.0313226,2.98539,27.5153
1.5004e+07,0.142628,0.997576,10.35,5.5049,6.34765,-1.81014,5.88361,0.785874,-4.41974,1.0323,-4.14395,-10.3739,-9.96981,0.444,0.443482,-0.0302586,2.98517,27.5065
1.5024e+07,0.0526209,-1.63241,9.22281,-10.0371,1.04995,-1.90042,1.19165,0.321895,-8.26707,0.951735,-7.80867,-10.0686,-9.69754,0.447,0.446197,-0.0275454,2.98521,27.5241
1.5084e+07,0.403507,-1.17722,9.56038,-7.01363,3.37056,-1.52611,3.31041,2.39871,0.725299,0.736542,0.643057,-11.7785,-11.4494,0.441,0.441248,-0.030503,2.98577,27.4888
1.5104e+07,0.828283,-0.245166,10.5895,-1.32222,3.78277,-1.62573,3.57111,4.47121,7.76347,1.00464,7.22293,-12.1144,-11.6228,0.441,0.440655,-0.0236794,2.98544,27.5212
1.5125e+07,0.13834,-0.758158,11.52,-3.76506,0.80567,-2.02943,0.872325,0.686528,5.80927,1.39282,5.41467,-12.0228,-11.8101,0.441,0.440524,-0.0120081,2.98598,27.4976
1.5145e+07,1.07899,-0.168097,10.4209,-0.91923,12.0576,-2.08997,11.2699,5.91062,1.24438,1.65171,1.12346,-12.9694,-12.466,0.443,0.442334,0.00763578,2.98464,27.4859
1.5165e+07,0.317606,-1.39639,9.67881,-8.20521,6.5614,-2.19654,6.33885,1.86021,-3.53424,1.76414,-3.39034,-11.9007,-11.5392,0.443,0.442551,0.0161183,2.98462,27.5065
1.5185e+07,1.22247,-0.926747,9.28228,-5.65305,11.5385,-2.27054,10.8991,7.46592,-0.938823,1.81225,-1.00134,-14.0228,-13.3834,0.443,0.442585,0.022815,2.98436,27.48
1.5205e+07,0.0238101,-1.06884,9.20237,-6.62512,-0.751582,-2.30473,-0.506546,0.147256,1.76347,1.70833,1.57642,-12.1449,-11.8015,0.441,0.440817,0.0206046,2.98436,27.4741
1.5266e+07,-0.0909194,-0.661821,9.1865,-4.12043,-4.15616,-2.1142,-3.7507,-0.565576,4.80163,1.60003,4.46357,-12.2823,-11.9364,0.447,0.446095,0.0290587,2.98421,27.4859
1.53081e+07,-0.227465,0.91569,10.4261,5.01802,3.09575,-1.86996,2.89241,-1.24502,0.160414,1.57761,0.134316,-10.6793,-10.3885,0.449,0.447427,0.0204972,2.98414,27.4712
1.5328e+07,0.99319,-0.7702,9.27561,-4.71981,-3.92715,-1.93187,-3.57364,6.09088,5.39705,1.69233,4.94019,-12.1144,-11.5913,0.449,0.448535,0.0117448,2.98424,27.4624
1.5348e+07,0.00674304,0.197982,8.96699,1.26483,-0.369902,-1.84034,-0.361397,0.0430751,2.83217,1.534,2.61883,-13.0304,-12.5287,0.449,0.448635,0.00459052,2.9829,27.4976
1.5408e+07,-0.478039,0.381022,9.73695,2.23823,10.2103,-1.60098,9.56101,-2.80856,-10.9694,1.44791,-10.2889,-12.7556,-12.3448,0.455,0.454654,0.00660869,2.98326,27.4624
1.54281e+07,0.663333,0.434007,9.54374,2.59751,2.88201,-1.49079,2.69884,3.97183,-11.9159,1.40444,-11.2118,-13.9312,-13.3358,0.454,0.454341,-0.000478551,2.98256,27.4594
1.5449e+07,0.415401,-1.01345,9.5535,-6.0497,-5.89662,-1.59742,-5.41245,2.47586,-11.1373,1.34201,-10.4684,-12.0686,-11.7129,0.454,0.453765,-0.00146476,2.98282,27.4741
1.547e+07,0.453452,-0.459515,11.1831,-2.35104,-12.6447,-1.62178,-11.7313,2.32,-4.70982,1.28052,-4.51877,-12.893,-12.3928,0.454,0.453746,0.0148529,2.98265,27.4682
1.549e+07,0.780865,-1.46382,10.3929,-7.995,-6.4157,-2.02475,-5.85215,4.25496,-1.70218,1.58049,-1.67585,-12.1602,-11.8586,0.456,0.454496,0.0315973,2.98231,27.4624
1.551e+07,1.10759,0.0149428,11.0361,0.0771905,14.6377,-2.1218,13.668,5.73105,-2.3434,1.89966,-2.28031,-11.748,-11.344,0.456,0.45564,0.0520902,2.98157,27.4682
1.5531e+07,1.80029,-0.818368,9.51226,-4.83186,18.5614,-2.26857,13.1819,10.6785,-3.73272,2.2969,-2.64825,-10.8472,-10.4493,0.456,0.45569,0.0576432,2.98129,27.4947
1.5552e+07,0.367664,-1.0857,9.59854,-6.44868,-2.00349,-2.37031,-1.64982,2.17971,-2.96936,2.56636,-2.90475,-10.0228,-9.80469,0.455,0.455013,0.0595904,2.98144,27.4594
1.5593e+07,-0.15572,0.52071,10.0171,2.97533,-4.93479,-2.30419,-4.64093,-0.889417,-6.67928,2.53132,-6.29236,-9.99225,-9.80917,0.455,0.454512,0.0487761,2.98044,27.4624
1.5773e+07,1.18156,0.197982,9.76847,1.15268,12.1034,-1.78896,11.3354,6.8954,-10.2671,2.33364,-9.72978,-8.77088,-8.25003,0.467,0.46656,0.0277659,2.97896,27.4565
1.5793e+07,0.171723,-0.589569,10.3403,-3.26284,8.31712,-1.78754,7.99232,0.949893,-4.31287,2.40305,-4.13808,-8.14493,-7.92946,0.471,0.468964,0.0360093,2.97915,27.4476
1.5813e+07,1.71416,-0.187364,9.62256,-1.0982,7.85911,-1.56174,7.39656,10.0988,0.0688105,2.68157,-0.0606694,-10.0839,-9.55831,0.471,0.470438,0.0400553,2.97899,27.4153
1.5873e+07,-0.0099464,0.106463,11.0016,0.554435,-9.14853,-1.72881,-8.49096,-0.051798,4.06881,2.9189,3.70829,-8.84722,-8.51915,0.475,0.474292,0.0433339,2.97888,27.43
1.5893e+07,-0.141325,0.27746,9.58217,1.6584,1.21788,-1.81736,1.15246,-0.844626,-4.78615,2.76696,-4.51463,-9.10676,-8.79585,0.475,0.474474,0.0436692,2.97856,27.4741
1.5913e+07,0.441058,1.1758,10.794,6.21164,2.30185,-1.7816,2.12582,2.32615,-8.60295,2.71548,-8.14101,-8.37393,-8.13679,0.48,0.477492,0.050264,2.97809,27.4418
1.5933e+07,0.699647,-1.34822,9.32955,-8.20022,-5.347,-1.87807,-4.84071,4.2448,-4.09913,2.67414,-3.98731,-7.07622,-6.88159,0.48,0.479366,0.0487292,2.97697,27.4565
1.5973e+07,-0.298588,-0.926747,9.56613,-5.53075,-8.78212,-2.17617,-8.04865,-1.77947,0.771101,2.73202,0.632174,-8.67928,-8.49469,0.483,0.481091,0.0301578,2.97539,27.4271
1.6073e+07,0.149969,0.356938,9.18793,2.22444,-4.72105,-2.14314,-4.38006,0.934419,-4.72508,2.32545,-4.4989,-9.09149,-8.66334,0.483,0.482081,-0.0313082,2.97465,27.4653
1.6093e+07,-0.599541,-0.620878,10.5759,-3.35442,-8.69051,-2.18211,-7.97931,-3.23901,-3.44264,2.07275,-3.30977,-7.90065,-7.73773,0.484,0.482674,-0.0333037,2.97505,27.4476
1.6273e+07,-0.530601,0.486992,9.495,2.93152,-3.07219,-1.2866,-2.85637,-3.1943,-2.19073,1.406,-2.08376,-8.09912,-7.77674,0.479,0.47978,-0.0823757,2.97363,27.3976
1.6294e+07,0.358072,-0.938789,9.68426,-5.53318,-7.57601,-1.39517,-6.97368,2.10765,2.32835,1.38086,2.10012,-9.24416,-8.8163,0.479,0.478316,-0.084316,2.97366,27.4153
1.6415e+07,-0.236928,0.597779,10.6251,3.21934,-10.5073,-1.05949,-9.83765,-1.27541,0.923772,1.3131,0.841395,-9.13729,-8.83837,0.471,0.470106,-0.112044,2.97288,27.4124
1.6435e+07,-0.528431,1.26973,10.6311,6.80253,-2.95006,-1.01397,-2.80737,-2.82555,-0.938823,1.1968,-0.88234,-9.2289,-8.91229,0.471,0.470074,-0.102268,2.97329,27.3947
1.64551e+07,0.300842,-1.22057,9.27311,-7.49455,-4.84318,-1.13993,-4.41232,1.84228,1.53446,1.22257,1.37383,-8.52661,-8.2623,0.467,0.467087,-0.1117,2.97367,27.3741
1.6496e+07,0.818783,-0.428205,9.40689,-2.59652,1.44689,-0.891871,1.394,4.96941,1.76347,1.14667,1.57116,-10.0991,-9.65007,0.467,0.466125,-0.104726,2.97465,27.3829
1.6536e+07,0.704425,-1.35785,8.94253,-8.6077,-6.46151,-1.08167,-5.97125,4.45319,4.02301,1.21097,3.69195,-9.33577,-8.96826,0.461,0.460288,-0.117179,2.97575,27.4476
1.6556e+07,0.334149,-0.779834,9.47085,-4.70423,-8.87372,-1.28972,-8.22545,2.01385,2.37415,1.3082,2.18144,-9.62584,-9.22469,0.461,0.460004,-0.11463,2.97627,27.4094
1.6597e+07,0.634982,-0.654596,9.88628,-3.78041,-0.11036,-1.40416,-0.107178,3.66697,0.511559,1.21256,0.446461,-7.62584,-7.49417,0.456,0.455206,-0.110137,2.97682,27.3976
1.6617e+07,-0.72401,0.462908,10.0507,2.63022,0.775136,-1.31905,0.749876,-4.11588,-2.58768,1.08025,-2.42869,-8.55714,-8.38369,0.456,0.455077,-0.0998043,2.97737,27.4535
1.6637e+07,0.72818,-0.914705,9.43468,-5.52128,-2.50731,-1.35666,-2.24282,4.39289,2.58789,1.12681,2.35032,-9.19836,-8.76492,0.452,0.452727,-0.100507,2.97747,27.4212
1.6657e+07,0.157066,0.597779,10.119,3.38041,3.18735,-1.16277,2.98581,0.887719,2.37415,1.12049,2.18477,-8.96935,-8.59039,0.452,0.451282,-0.0981303,2.97773,27.4418
1.6717e+07,-0.427978,0.682073,10.1363,3.84624,-1.37754,-1.0141,-1.22265,-2.41229,-0.373938,1.01541,-0.385406,-8.84722,-8.4739,0.444,0.443476,-0.0988619,2.97877,27.4035
1.6937e+07,0.599343,-1.29764,9.1469,-8.05745,-3.37754,-1.41188,-3.01046,3.71184,4.71003,0.985158,4.34515,-7.42737,-7.18596,0.431,0.431183,-0.0647585,2.98219,27.4094
1.6957e+07,0.00461632,-0.741299,9.70862,-4.36633,-6.53784,-1.4317,-6.04927,0.0271643,5.15278,0.944601,4.77303,-7.07622,-6.83579,0.431,0.430453,-0.0632622,2.98137,27.3976
1.6977e+07,0.854665,-0.659413,9.67003,-3.88594,0.729334,-1.35602,0.729949,5.0392,4.37415,1.01437,4.03521,-7.71745,-7.36067,0.431,0.430417,-0.0565752,2.98169,27.4153
1.6997e+07,-0.487802,1.14208,10.6618,6.10783,-0.537841,-1.25361,-0.545491,-2.60472,-0.221266,0.935559,-0.182776,-6.435,-6.26917,0.43,0.429847,-0.0526417,2.98182,27.4035
1.7017e+07,0.166797,-0.0500844,9.99687,-0.28701,0.668266,-1.29792,0.675541,0.955877,1.09171,1.00553,0.9932,-7.28997,-7.05049,0.43,0.429504,-0.0491647,2.98153,27.3829
1.7077e+07,-0.205857,0.494217,9.67992,2.92209,1.69117,-1.11024,1.67087,-1.21671,3.21385,0.899154,2.96617,-5.97699,-5.7995,0.427,0.42665,-0.0464105,2.98186,27.3476
1.7097e+07,0.54201,-1.20853,9.70978,-7.08394,-4.81265,-1.14821,-4.33885,3.17058,4.25202,0.936759,3.90483,-7.10676,-6.72458,0.427,0.426549,-0.0472388,2.98165,27.38
1.7117e+07,-0.150865,0.236517,9.74119,1.39071,1.88964,-1.01273,1.74286,-0.887027,0.160414,0.900152,0.130231,-6.95409,-6.86535,0.425,0.425367,-0.0467489,2.98212,27.3888
1.7137e+07,-0.0455471,-0.673864,10.2928,-3.74573,-5.02639,-1.20269,-4.6151,-0.252998,2.25202,0.922767,2.04666,-6.87775,-6.64276,0.425,0.424606,-0.0484292,2.98232,27.4035
1.7157e+07,0.17874,-0.0621264,9.25371,-0.384588,1.17208,-1.15924,1.09856,1.10653,0.0535433,0.895828,0.0373439,-6.99989,-6.84494,0.425,0.424544,-0.0459584,2.98335,27.3712
1.7177e+07,-0.287007,0.361754,9.97655,2.0758,-2.07983,-1.24999,-1.94026,-1.64676,1.7482,0.89423,1.62732,-7.99226,-7.57298,0.423,0.423342,-0.0449757,2.98349,27.3829
1.7197e+07,-0.291817,0.484583,9.26211,2.99344,5.12628,-1.10891,4.74818,-1.80213,1.68713,0.810716,1.5615,-7.80905,-7.48248,0.423,0.422652,-0.040184,2.98328,27.3771
1.7217e+07,0.634917,-0.42098,9.94364,-2.41934,0.622464,-1.24565,0.611243,3.65021,4.16041,0.937894,3.85256,-6.87775,-6.6667,0.423,0.422586,-0.0386517,2.98333,27.3741
1.7237e+07,-0.217444,-0.772608,9.79186,-4.51036,1.92017,-1.19146,1.9203,-1.2682,2.57263,0.867115,2.35228,-6.46554,-6.29363,0.423,0.422595,-0.0374066,2.9833,27.3565
1.72774e+07,-0.0383862,-0.66423,9.16746,-4.1441,-2.95006,-1.31248,-2.67904,-0.239282,1.96194,0.835482,1.79273,-6.3892,-6.32144,0.423,0.422575,-0.03929,2.99631,27.3624
1.73391e+07,-0.16749,-0.088619,9.84277,-0.515772,6.77514,-1.09027,3.0596,-0.974841,1.87034,0.795671,2.55865,-6.11439,-7.66922,0.421,0.420626,-0.0368143,2.99502,27.4006
1.736e+07,-0.0696899,0.27746,9.4539,1.68103,5.30949,-1.02935,4.98448,-0.42217,2.34362,0.8023,2.19758,-6.45027,-6.25181,0.42,0.419886,-0.0377539,2.9944,27.3859
1.74e+07,-0.0626804,0.831395,9.77293,4.86242,2.68353,-0.956575,2.4519,-0.366149,2.32835,0.762513,2.18824,-6.99989,-6.65438,0.42,0.419633,-0.037973,2.99324,27.3653
1.742e+07,0.436759,-0.536584,10.3449,-2.96661,-4.26303,-1.05158,-3.90751,2.41434,4.74057,0.827277,4.39281,-6.41974,-6.16016,0.417,0.41738,-0.0422623,2.99305,27.3624
1.744e+07,-0.0841127,0.621863,9.86996,3.60506,3.03468,-1.12107,2.7544,-0.487302,1.09171,0.814781,1.01976,-7.51897,-7.07962,0.417,0.416664,-0.0422589,2.99253,27.3829
1.7481e+07,-0.152972,-0.772608,9.12465,-4.83917,1.55376,-1.168,1.54475,-0.957036,2.08408,0.774689,1.90121,-6.37393,-6.12094,0.416,0.415852,-0.0420299,2.99157,27.3712
1.75012e+07,-0.554049,-1.06162,9.81068,-6.16622,-2.78212,-1.24436,-2.41358,-3.21357,4.84744,0.77016,4.48254,-6.81668,-6.68602,0.416,0.415589,-0.0444224,2.98978,27.3741
1.7522e+07,0.622969,-0.387262,8.94178,-2.4739,8.24078,-1.12641,7.71008,3.9816,2.96957,0.834591,2.75033,-6.46554,-6.29669,0.416,0.41558,-0.0434185,2.99018,27.3447
1.7542e+07,0.214297,0.874747,10.2856,4.86002,3.7675,-1.15007,3.46212,1.18927,2.03828,0.83504,1.91266,-6.61821,-6.37136,0.414,0.414086,-0.0423298,2.99015,27.3535
1.75631e+07,-0.0596732,-1.39639,9.42509,-8.42726,-4.67525,-0.949362,7.16561,-0.358836,2.31309,0.806838,0.188188,-6.87775,-5.60329,0.414,0.413677,-0.0389289,2.98952,27.3888
1.7584e+07,0.128473,0.376205,9.31381,2.31282,6.16445,-1.05337,5.687,0.789636,-0.999892,0.766112,-0.940221,-6.69455,-6.50345,0.414,0.41363,-0.0374975,2.98943,27.3594
1.7604e+07,-0.0598775,-0.661821,8.82322,-4.28957,4.45452,-1.254,4.16858,-0.387734,1.27492,0.692307,1.16704,-7.50371,-7.22443,0.411,0.411062,-0.0499115,2.98926,27.3712
1.7624e+07,0.52962,0.414739,9.98543,2.37505,6.62246,-1.18227,6.15244,3.03347,1.58026,0.768044,1.47217,-8.63348,-8.26837,0.411,0.410591,-0.0476641,2.98877,27.3653
1.7644e+07,-0.114815,-0.599203,10.1221,-3.3876,-4.38517,-1.25921,-3.93847,-0.648746,3.09171,0.74466,2.83953,-6.3434,-6.14311,0.411,0.410539,-0.0473311,2.98855,27.3506
1.7664e+07,-0.11026,0.193165,10.7335,1.03096,-3.2096,-1.23179,-2.91924,-0.588454,1.06118,0.733589,0.964244,-7.76325,-7.43221,0.409,0.408857,-0.0455278,2.98834,27.3447
1.7684e+07,-0.198254,-1.08811,9.36635,-6.62501,-2.11036,-1.27204,-1.83861,-1.20448,2.55736,0.735795,2.33741,-8.14493,-7.89672,0.409,0.408586,-0.0457085,2.98814,27.3565
1.7704e+07,0.106925,0.583328,9.8721,3.3814,8.46979,-1.22744,7.84404,0.619469,1.7482,0.748926,1.63514,-6.78615,-6.54211,0.409,0.408566,-0.0414473,2.98703,27.3212
1.7724e+07,0.522952,-1.36749,9.51486,-8.16646,1.82857,-1.37621,1.85698,3.11397,8.22148,0.848043,7.64767,-7.88539,-7.49705,0.408,0.407715,-0.0446971,2.98732,27.3359
1.77441e+07,0.453404,-0.288517,9.98674,-1.65311,5.66063,-1.40371,5.34395,2.5984,5.19858,0.933129,4.85552,-8.84722,-8.39006,0.408,0.407542,-0.042821,2.98675,27.3476
1.7924e+07,-0.635778,0.889197,9.62869,5.26483,3.15682,-1.39654,2.93774,-3.76177,-0.0380597,0.847999,-0.0286612,-7.56477,-7.24449,0.408,0.40767,-0.0206296,2.98515,27.3447
1.7944e+07,0.601586,-0.777425,9.81726,-4.51934,-4.59891,-1.57628,-4.21911,3.49569,0.419955,0.924192,0.33507,-7.03042,-6.71593,0.408,0.407662,-0.0199241,2.98536,27.3271
1.7964e+07,0.0807781,0.154631,9.61977,0.920876,2.02704,-1.42671,1.95136,0.481045,-1.25943,0.812398,-1.22458,-5.83958,-5.58714,0.402,0.4026,-0.0343917,2.98523,27.2976
1.7984e+07,0.582523,-0.919522,9.87641,-5.30989,2.01178,-1.45651,1.99992,3.36097,2.32835,0.791529,2.12963,-7.3205,-6.99796,0.402,0.401703,-0.0345643,2.98612,27.3065
1.8004e+07,-0.169922,0.0727447,9.95462,0.418628,8.10338,-1.28706,7.64771,-0.9779,1.24438,0.724838,1.12876,-6.70981,-6.57551,0.402,0.401635,-0.0315666,2.98662,27.3124
1.8024e+07,0.243418,-0.806326,9.81752,-4.6938,3.46216,-1.16762,3.38713,1.41555,4.05354,0.782437,3.73202,-6.99989,-6.80539,0.404,0.403374,-0.0219747,2.98668,27.3359
1.8044e+07,-0.688238,0.62668,9.91085,3.60942,5.04994,-1.08161,4.7207,-3.96451,2.93904,0.724617,2.75956,-7.53424,-7.1755,0.404,0.403717,-0.0168207,2.98555,27.2947
1.8124e+07,-0.662135,1.21433,10.4388,6.62211,2.98888,-1.36983,2.76075,-3.60516,-2.60295,0.695116,-2.44051,-7.15256,-6.9487,0.404,0.403778,-0.00633738,2.98518,27.2918
1.8424e+07,0.924207,-1.72152,8.72095,-11.106,7.18735,-2.26595,6.88271,5.93567,-2.00753,1.48372,-1.99541,-7.93119,-7.61358,0.425,0.425074,0.0715571,2.97814,27.2682
1.8544e+07,0.0948729,0.99035,9.88939,5.71843,2.71407,-1.58173,2.44736,0.546909,-3.1831,1.50882,-3.0194,-8.64874,-8.3256,0.439,0.43888,0.0313203,2.97393,27.23
1.8584e+07,0.10473,-0.107886,8.58891,-0.719607,7.73697,-1.44249,7.24131,0.69855,-4.77088,1.29408,-4.5248,-8.31287,-7.98423,0.443,0.442869,0.0298488,2.97349,27.2565
1.8604e+07,-0.0863626,0.12573,10.4627,0.688463,0.576663,-1.47449,0.635935,-0.472893,-2.00753,1.20117,-1.93345,-7.79378,-7.57181,0.443,0.442929,0.0260839,2.97327,27.2447
1.8665e+07,0.1837,-0.72444,9.69662,-4.2719,-3.75922,-1.75652,-3.42925,1.08231,1.21385,1.25547,1.08024,-8.28233,-8.05894,0.449,0.448836,0.0189025,2.9737,27.2653
1.8685e+07,-0.260706,0.238925,10.7765,1.26973,-2.93479,-1.70291,-2.68104,-1.3855,-3.10676,1.2341,-2.90449,-10.0991,-9.69492,0.45,0.449565,0.0201557,2.97381,27.2506
1.8705e+07,1.3373,-1.70707,9.42576,-10.1658,-0.430971,-1.83878,-0.270419,7.94747,-1.42737,1.4738,-1.43505,-9.54951,-9.12201,0.45,0.449766,0.0188261,2.97392,27.2712
1.8745e+07,0.747706,-2.43682,11.4384,-12.0015,4.24078,-2.26502,4.16516,3.65812,-3.87012,2.05135,-3.72365,-5.68691,-5.76646,0.45,0.449777,0.0618191,2.97252,27.2447
1.8765e+07,1.84093,-0.962873,10.4142,-5.20222,12.8667,-2.40637,12.1043,9.98295,-3.53424,2.44891,-3.44003,-7.28997,-7.01204,0.45,0.449795,0.0863319,2.97218,27.2535
1.8785e+07,0.283838,-0.182547,10.3669,-1.00842,6.37819,-2.57359,6.04872,1.56808,-3.21363,2.55211,-3.06284,-6.51134,-6.37031,0.45,0.449777,0.098792,2.97178,27.2565
1.8805e+07,0.986033,-0.791876,8.56331,-5.24881,1.93544,-2.85314,1.92685,6.5408,1.77873,2.61198,1.55389,-8.80142,-8.36704,0.459,0.45641,0.108364,2.97131,27.2594
1.8825e+07,-0.327695,0.701341,10.1694,3.94314,-1.66761,-2.79953,-1.52353,-1.84126,0.282551,2.50119,0.215932,-7.76325,-7.51382,0.459,0.4585,0.107696,2.97155,27.2594
1.8945e+07,0.0616573,0.219658,8.88388,1.41634,2.68353,-2.09579,2.5356,0.397526,0.435223,1.85781,0.322893,-7.25943,-7.15477,0.468,0.467585,0.0366491,2.96761,27.2506
1.8965e+07,0.593946,0.937365,8.92256,5.9841,-0.0492916,-2.11679,-0.0743012,3.7876,1.94667,1.91984,1.76485,-8.74035,-8.35738,0.468,0.467575,0.0190578,2.96676,27.2124
1.8985e+07,0.439211,-0.767792,10.0335,-4.37175,-0.736315,-1.96153,-0.600726,2.4992,1.35125,1.85612,1.15986,-6.99989,-6.81441,0.474,0.472102,0.0294208,2.96722,27.2153
1.9005e+07,0.790198,-0.676272,8.20991,-4.68741,5.66063,-2.00949,5.33722,5.4793,-1.76325,1.82845,-1.7354,-7.94645,-7.59429,0.474,0.473508,0.0237773,2.96698,27.2212
1.9025e+07,-0.23689,0.462908,10.2141,2.5942,6.62246,-2.01302,6.23961,-1.32723,-7.42737,1.81245,-6.9757,-8.31287,-8.00227,0.474,0.473608,0.0231724,2.96709,27.2359
1.90451e+07,0.814322,-1.56016,9.75409,-9.05646,2.88201,-2.02694,2.86128,4.71265,-5.70218,1.81013,-5.43871,-8.00752,-7.8228,0.479,0.477407,0.0339333,2.96661,27.1565
1.92452e+07,0.661357,-1.04476,8.34238,-7.11618,2.88201,-1.96292,2.78532,4.49775,-4.49608,2.06603,-4.29583,-8.49607,-8.26789,0.487,0.486219,-0.00507528,2.96303,27.18
1.92651e+07,-0.22762,1.47444,10.135,8.27528,3.93544,-1.82543,3.61589,-1.27318,0.0688105,1.91308,0.0210864,-7.70218,-7.56923,0.487,0.486365,-0.0106932,2.96148,27.2065
1.9285e+07,0.107526,-1.57702,8.8311,-10.1242,-3.83555,-1.77264,-3.42626,0.686725,7.29018,1.87446,6.74304,-7.10676,-7.01835,0.487,0.486404,-0.02037,2.96161,27.2035
1.9305e+07,0.493711,0.742284,9.75569,4.34556,6.7904,-1.65962,6.31108,2.88879,3.67186,1.90712,3.40308,-8.23653,-7.98399,0.487,0.486348,-0.0265232,2.96233,27.1859
1.9325e+07,0.577392,0.359346,9.38699,2.18815,5.92017,-1.8345,5.50986,3.51725,0.496291,1.95728,0.415252,-9.56477,-9.21422,0.487,0.486264,-0.0314658,2.96216,27.2006
1.93655e+07,0.938071,-0.0549012,9.07974,-0.344604,1.90491,-1.71926,1.74891,5.89846,-3.79379,2.14187,-3.61971,-7.82432,-7.54797,0.487,0.486165,-0.0432787,2.97737,27.1741
1.94071e+07,0.632673,-0.936381,10.166,-5.25251,-1.68288,-1.94466,3.14419,3.54619,-2.37394,2.00659,-6.82787,-8.89302,-7.85645,0.482,0.482432,-0.0460981,2.97656,27.1653
1.9448e+07,0.654339,-1.56979,9.59039,-9.27478,0.607197,-2.14803,0.638958,3.85206,4.35889,2.17647,3.98452,-8.54187,-8.30101,0.482,0.481055,-0.0453583,2.97606,27.2094
1.9468e+07,-0.171987,-1.09052,9.83405,-6.32684,3.50796,-2.15109,3.44967,-0.995835,3.94667,2.15645,3.59608,-9.53424,-9.1601,0.48,0.479345,-0.0440716,2.97521,27.1653
1.9508e+07,-0.365582,-0.442656,9.71654,-2.60657,-0.232498,-2.22447,-0.116878,-2.15249,1.54973,2.10913,1.39277,-8.435,-8.25398,0.48,0.479005,-0.0451216,2.97297,27.1741
1.95483e+07,-0.640304,-0.00914133,9.79107,-0.0533795,-2.26303,-2.189,-2.03304,-3.74163,-0.908289,2.10263,-0.891896,-9.3205,-9.07102,0.477,0.475953,-0.06135,2.97165,27.1888
1.9569e+07,0.491805,-0.989366,9.77903,-5.76984,-4.90425,-2.19381,-4.40244,2.86448,-0.648747,2.08631,-0.73641,-8.89302,-8.50918,0.477,0.475896,-0.0658885,2.97135,27.18
1.9709e+07,0.644089,0.944591,10.036,5.36586,2.85147,-1.86722,2.57442,3.65596,-6.23653,1.67991,-5.86343,-10.7861,-10.2744,0.467,0.467148,-0.0805081,2.96949,27.1418
1.9729e+07,-0.339255,-0.659413,9.67818,-3.89538,-10.2783,-2.10967,-9.47166,-2.00296,-7.10676,1.532,-6.72902,-9.25943,-9.00846,0.467,0.466068,-0.0819657,2.96905,27.1418
1.9749e+07,0.611127,-0.738891,9.63925,-4.37465,-2.30883,-2.12704,-2.03608,3.61711,-5.07623,1.43522,-4.8527,-8.74035,-8.35309,0.467,0.465985,-0.0791699,2.96881,27.1829
1.9829e+07,0.713597,0.00771757,9.62611,0.0458102,6.33239,-1.57496,5.95131,4.23966,5.54973,1.69729,5.15185,-8.17546,-7.98165,0.46,0.459998,-0.0963474,2.97024,27.1476
1.9849e+07,-0.253647,0.614638,9.79649,3.58887,-1.19433,-1.59055,-1.11303,-1.48024,-1.38157,1.64363,-1.31319,-9.77851,-9.37346,0.46,0.459061,-0.0928811,2.9696,27.1535
1.9969e+07,-0.368303,0.756734,9.86804,4.38212,2.86674,-1.52322,2.70797,-2.1312,2.71003,1.58206,2.53451,-8.19073,-8.01946,0.451,0.450243,-0.0724859,2.96865,27.1359
2.0009e+07,0.317081,0.491809,10.463,2.68996,0.515594,-1.62531,0.494927,1.73391,-0.00752544,1.80535,-0.0628118,-9.38157,-8.94454,0.449,0.448605,-0.0723073,2.96856,27.1624
2.0029e+07,-0.241157,-1.36749,9.84079,-7.90888,-7.85082,-1.71103,-7.14781,-1.39045,-2.206,1.63331,-2.15649,-6.77088,-6.67266,0.449,0.448176,-0.0682831,2.96859,27.1418
2.0069e+07,1.00761,-1.11942,9.37713,-6.76902,-2.4157,-1.55052,-2.15953,6.09024,2.75583,1.6213,2.47783,-7.85485,-7.55676,0.446,0.446005,-0.0645245,2.96827,27.1241
2.0089e+07,-0.0794007,0.850662,9.84895,4.93628,5.98124,-1.39269,5.54414,-0.460186,1.6108,1.56059,1.47001,-7.18309,-6.99846,0.446,0.445317,-0.063548,2.96908,27.1741
2.0169e+07,0.300376,0.455683,9.59157,2.71867,5.53849,-1.37004,5.13654,1.79171,-1.90066,1.52996,-1.8148,-8.19073,-7.95275,0.444,0.443243,-0.0666673,2.96875,27.1065
2.02691e+07,-0.0745353,0.527935,9.67511,3.12323,5.93544,-1.35691,5.51828,-0.440732,-1.83959,1.32447,-1.72461,-7.96172,-7.69029,0.437,0.436319,-0.0712865,2.96993,27.1418
2.0289e+07,0.634973,-0.623287,9.72488,-3.65941,-4.84318,-1.43107,-4.40938,3.72812,4.57263,1.4298,4.19288,-9.4121,-8.91547,0.437,0.436277,-0.0662007,2.97023,27.1388
2.039e+07,0.293289,0.178715,10.8186,0.946048,0.927808,-1.31247,0.902138,1.55268,-0.175464,1.44153,-0.214783,-10.2213,-9.73706,0.431,0.430395,-0.0552417,2.97052,27.1006
2.041e+07,-0.0359455,-0.854495,9.76546,-5.00071,1.66063,-1.36828,1.64271,-0.210095,1.7024,1.42144,1.53129,-8.99989,-8.72681,0.431,0.430385,-0.0500973,2.97113,27.0829
2.043e+07,0.362924,-1.21335,9.70281,-7.12298,-0.919521,-1.46023,-0.756034,2.12555,3.41232,1.44203,3.12435,-8.08386,-7.92766,0.432,0.431157,-0.0423843,2.97163,27.1182
2.047e+07,0.026206,-1.09774,9.51572,-6.58059,-0.934788,-1.46483,-0.746848,0.156751,-3.83959,1.48113,-3.65078,-8.41974,-8.24451,0.432,0.43146,-0.0376587,2.97072,27.1065
2.04911e+07,0.560533,0.877155,10.2711,4.87404,5.66063,-1.5753,-0.8827,3.11246,-4.99989,1.46328,-4.75076,-10.1602,-9.68618,0.428,0.428057,-0.0463194,2.9709,27.1418
2.0511e+07,-0.0525767,-1.15555,9.72225,-6.77804,-0.629444,-1.52594,-0.430959,-0.30768,-4.46554,1.35811,-4.2415,-8.37393,-8.22647,0.428,0.427486,-0.0434606,2.97039,27.1359
2.0531e+07,-0.0955839,-1.06162,9.33544,-6.48742,-6.70578,-1.60643,-6.21547,-0.582864,-2.67928,1.23869,-2.57013,-8.4808,-8.25575,0.428,0.427465,-0.0395909,2.97025,27.0918
2.0693e+07,0.319337,0.966266,10.2809,5.36669,2.22552,-1.23389,2.01413,1.7713,-3.94646,1.07214,-3.70629,-9.48844,-9.08595,0.425,0.424624,-0.0311152,2.96979,27.0859
2.0713e+07,0.18343,0.246151,9.92136,1.42098,2.6072,-1.22418,2.46906,1.05886,-3.58004,1.07664,-3.39571,-8.26706,-8.07224,0.425,0.424605,-0.0312648,2.96951,27.1094
2.0793e+07,-0.170048,0.525527,9.61821,3.12697,3.7217,-1.15767,3.46773,-1.01137,-3.59531,1.20401,-3.3598,-9.35103,-9.09101,0.425,0.425202,-0.0417942,2.96912,27.0771
2.0813e+07,0.7688,-1.01104,9.57932,-6.00576,-1.78975,-1.3035,-1.56728,4.56327,0.496291,1.29212,0.360095,-11.0915,-10.601,0.425,0.424562,-0.0449652,2.96895,27.08
2.0833e+07,0.477322,-0.430614,10.3474,-2.3805,-2.58364,-1.33063,-2.35789,2.63889,-0.84722,1.27596,-0.847603,-9.58004,-9.33004,0.425,0.424508,-0.0378629,2.9688,27.0829
2.0853e+07,0.111877,-0.0500844,9.56243,-0.30007,3.7217,-1.28533,3.51228,0.6703,-2.09913,1.25772,-2.00071,-10.0533,-9.74473,0.424,0.423686,-0.0371812,2.96882,27.0859
2.0873e+07,0.529927,-0.690722,10.703,-3.68796,-3.82028,-1.36552,-3.47636,2.82863,2.35889,1.28013,2.1333,-10.0228,-9.57523,0.424,0.423583,-0.0262331,2.96917,27.1035
2.0913e+07,0.424766,-0.343911,9.5522,-2.05991,2.05758,-1.24715,1.91099,2.5445,-3.88539,1.27579,-3.67021,-9.77851,-9.47901,0.424,0.423676,-0.015031,2.96968,27.1065
2.0933e+07,0.0306295,0.169081,10.3511,0.935818,-5.71341,-1.33711,-5.28754,0.169518,-0.786151,1.25309,-0.801154,-10.1144,-9.64018,0.424,0.423703,-0.00946173,2.96999,27.1006
2.0953e+07,0.157011,0.795269,10.6773,4.25921,1.98124,-0.98671,1.93054,0.840156,-2.2976,1.24664,-2.22365,-9.47317,-9.27207,0.424,0.423759,-0.00333486,2.97029,27.0888
2.0973e+07,0.0477555,-1.30968,9.48212,-7.86392,-1.80502,-1.08446,-1.53698,0.285847,-1.28997,1.18609,-1.28379,-9.04569,-8.77798,0.425,0.424655,-0.0010134,2.97007,27.1035
2.1033e+07,0.238749,-1.18926,9.50352,-7.13065,-7.85082,-1.16667,-7.23492,1.42796,2.83217,1.21159,2.5894,-9.51897,-9.2603,0.424,0.423999,-0.00123554,2.97101,27.0918
2.1053e+07,0.5082,0.159448,9.53394,0.95678,3.96598,-1.09223,3.68042,3.0508,2.16041,1.21487,1.9582,-9.70218,-9.20872,0.424,0.423842,-0.000862711,2.97058,27.0829
2.1073e+07,0.587213,-0.608836,9.95288,-3.49447,1.96598,-1.23637,1.85483,3.37021,2.14515,1.30295,1.98176,-9.15256,-8.80105,0.424,0.423802,-0.00130072,2.97076,27.0888
2.1093e+07,-0.148423,0.0414354,9.34438,0.25403,1.09575,-1.20999,1.04813,-0.909982,-0.0838614,1.2544,-0.0980873,-9.67164,-9.27027,0.423,0.422951,-0.00231965,2.97018,27.0741
2.1113e+07,0.422269,0.0486606,10.6189,0.262347,-5.53021,-1.25995,-5.12009,2.2772,0.740566,1.2635,0.630339,-8.2518,-7.91731,0.423,0.422811,0.00200334,2.96979,27.0653
2.1133e+07,0.0255472,1.27213,10.7494,6.74926,-1.78975,-0.925185,-1.59801,0.135226,-1.70218,1.22944,-1.65436,-9.01516,-8.77952,0.423,0.422842,0.00654814,2.96942,27.0447
2.11533e+07,0.358171,-1.29764,9.91873,-7.44873,-8.3699,-1.06883,-7.69123,2.05063,1.64133,1.28426,1.45777,-7.88539,-7.76228,0.423,0.422879,0.00869157,2.96933,27.0682
2.1174e+07,0.754091,0.364163,9.53643,2.18006,1.87437,-0.932863,1.73182,4.51796,2.35889,1.3703,2.13921,-9.39683,-8.94267,0.423,0.422904,0.0118573,2.96966,27.0682
2.11951e+07,-0.00749897,-0.107886,10.0777,-0.613356,-5.59128,-0.685522,-5.17935,-0.0426324,1.8856,1.36934,1.73293,-10.1297,-9.70171,0.423,0.422941,0.0150536,2.96947,27.0712
2.1256e+07,0.456206,-1.77692,8.73314,-11.4856,-2.91952,-0.590391,-2.59751,2.93039,3.09171,1.76788,2.78922,-9.06096,-8.6024,0.427,0.426942,0.0179503,2.96832,27.0682
2.1316e+07,0.79943,0.472541,9.06172,2.97357,6.16445,-0.570038,5.65028,5.03481,-2.3434,1.64696,-2.24492,-7.38157,-7.1527,0.429,0.428894,0.0130249,2.96789,27.0741
2.1336e+07,-0.664268,0.299136,10.6962,1.59887,-0.81265,-0.695728,-0.714265,-3.55231,0.618429,1.53236,0.522294,-8.16019,-7.87664,0.431,0.430709,0.0187702,2.96694,27.0388
2.13561e+07,1.01246,-1.37712,9.30074,-8.37359,2.25605,-0.796965,2.21537,6.14617,3.48866,1.61942,3.17894,-8.89302,-8.50549,0.431,0.430888,0.0138205,2.9668,27.0594
2.1397e+07,-0.13147,-0.81596,10.0196,-4.65527,-3.57601,-0.925741,-3.22152,-0.749267,1.06118,1.66667,0.929396,-9.06096,-8.82007,0.431,0.430814,0.00757524,2.96714,27.0565
2.1417e+07,1.02159,0.161856,9.17499,1.00444,-3.65235,-0.824053,-3.42741,6.35243,-0.160197,1.76342,-0.239692,-10.1602,-9.7414,0.431,0.430803,0.00424578,2.96699,27.0565
2.1437e+07,0.427152,-0.339094,9.97244,-1.9457,-11.6676,-0.761684,-10.831,2.45125,-1.93119,1.7533,-1.92577,-9.53424,-9.08738,0.431,0.430795,0.00541843,2.96743,27.0418
2.1457e+07,0.508098,0.527935,9.79094,3.0823,-6.46151,-0.672247,-6.09719,2.96638,-8.206,1.81757,-7.72293,-8.46554,-8.23553,0.432,0.431723,0.0133949,2.96702,27.0241
2.1497e+07,0.703758,1.04093,10.6344,5.57832,4.6072,-0.671284,4.21521,3.7682,-2.95409,2.04928,-2.84537,-9.82432,-9.45579,0.432,0.431885,0.0323903,2.96657,27.0329
2.1517e+07,0.0952686,-0.433022,10.4023,-2.3836,-4.49204,-0.755098,-4.10829,0.524269,1.44286,2.08133,1.29201,-9.03042,-8.83479,0.433,0.432847,0.043021,2.96687,27.0447
2.1537e+07,1.10294,-0.440247,9.54196,-2.6242,-0.629444,-0.676308,-0.558252,6.58652,3.97721,2.16154,3.5844,-9.76325,-9.37078,0.433,0.432961,0.0424498,2.96547,27.0418
2.1558e+07,0.0999338,-0.0356339,11.2553,-0.181389,-4.79738,-0.778696,-4.42388,0.508703,5.47339,2.14501,5.049,-9.64111,-9.25689,0.433,0.432931,0.040485,2.96464,27.0535
2.1578e+07,0.795107,-1.15555,8.93328,-7.34175,-1.91189,-0.80353,-1.73514,5.0444,4.41996,2.21461,4.04467,-8.35867,-8.19199,0.44,0.439275,0.0529984,2.96487,27.03
2.1598e+07,-0.0437297,1.37811,10.1798,7.70957,2.43926,-0.606148,2.21653,-0.243901,-0.114396,2.12549,-0.166933,-8.46554,-8.2251,0.44,0.439958,0.054427,2.9639,27.0476
2.1618e+07,0.448882,-1.1989,9.48195,-7.19826,-4.26303,-0.57146,-3.99839,2.68902,-0.755617,1.90346,-0.772943,-8.28233,-8.01881,0.44,0.440117,0.0550406,2.96383,27.0565
2.1638e+07,0.713335,0.949407,9.56114,5.65518,1.8133,-0.465384,1.59984,4.246,-1.97699,1.9222,-1.93975,-9.30523,-8.849,0.443,0.44264,0.0564919,2.96325,27.0565
2.16591e+07,0.680105,0.2317,9.79032,1.35246,0.256052,-0.514756,0.184043,3.97268,-2.23653,1.93366,-2.17528,-9.28996,-8.97711,0.443,0.443055,0.0472841,2.96304,27.0212
2.168e+07,-0.482603,-0.382445,10.4433,-2.09507,-5.24013,-0.307241,-4.80545,-2.6441,-1.19837,1.76962,-1.18374,-7.58004,-7.47006,0.443,0.443112,0.0497722,2.96284,27.0447
2.174e+07,0.375016,-1.76487,8.9018,-11.2044,-7.74395,-0.44631,-7.09211,2.36633,3.73293,1.77649,3.40819,-10.0839,-9.63518,0.445,0.444998,0.0262901,2.96241,27.0506
2.176e+07,0.195492,-0.196998,9.89214,-1.14065,-1.33173,-0.359736,-1.24178,1.13193,-0.755617,1.69671,-0.768526,-8.90829,-8.63261,0.45,0.449524,0.0385556,2.96182,27.0241
2.178e+07,0.660863,0.73265,9.46824,4.41402,2.71407,-0.404012,2.40642,3.98078,-1.91592,1.64703,-1.85872,-9.18309,-8.82889,0.45,0.45,0.0352035,2.96151,27.0124
2.18e+07,0.677864,-0.298151,9.98416,-1.70655,-1.78975,-0.111591,-1.62912,3.88235,-0.63348,1.77246,-0.677586,-8.67928,-8.4156,0.45,0.450026,0.0330606,2.96012,27.0388
2.182e+07,0.818688,-0.088619,8.37227,-0.603564,3.64536,-0.0259736,3.33281,5.58464,-0.35867,1.74228,-0.414738,-8.63348,-8.36492,0.455,0.454546,0.0367919,2.9599,27.0447
2.184e+07,-0.576088,0.908464,10.2032,5.07997,1.26369,-0.0518134,1.12033,-3.21885,-0.129663,1.63058,-0.163358,-8.16019,-7.83951,0.455,0.455002,0.0360731,2.95885,27.0476
2.188e+07,0.465028,0.848254,9.42824,5.13482,4.43926,-0.00278589,4.06016,2.81236,4.35889,1.61637,4.0276,-8.72508,-8.44355,0.455,0.454998,0.0191461,2.95846,27.0653
2.19e+07,0.467415,0.850662,9.47572,5.12366,-0.430971,-0.094612,-0.484255,2.81268,3.8398,1.71253,3.53468,-9.90065,-9.41659,0.455,0.45491,0.0135527,2.95765,27.0624
2.1921e+07,0.990662,-0.264433,9.92221,-1.51906,0.637731,-0.0835603,0.554972,5.69967,0.374154,1.74298,0.266766,-9.28996,-8.98044,0.455,0.454882,0.0109561,2.95789,26.9888
2.1941e+07,0.789832,0.64113,9.16883,3.98518,2.01178,-0.133052,1.78272,4.91155,-2.72508,1.75724,-2.62018,-9.93119,-9.51779,0.459,0.458512,0.0220682,2.9582,27.0329
2.1981e+07,0.503522,-0.192181,9.70432,-1.13299,-1.45387,-0.0943763,-1.41593,2.96963,-2.3434,1.80582,-2.26975,-9.53424,-9.32492,0.459,0.458991,0.0350496,2.95763,27.0094
2.2001e+07,0.187864,1.47444,10.8801,7.71639,-1.53021,0.0138638,-1.52532,0.980253,1.99247,1.86084,1.79308,-10.3281,-9.9989,0.459,0.459039,0.0444888,2.95737,27.0329
2.2121e+07,0.94531,-0.327052,9.09117,-2.04927,-2.20196,-0.458867,-2.02671,5.93254,0.252017,2.3418,0.137403,-9.62584,-9.2611,0.463,0.462486,0.00879235,2.95514,27.0153
2.2181e+07,-0.312749,-1.52403,9.748,-8.88137,-1.28593,-1.05043,-1.06985,-1.81557,0.404688,1.82896,0.29417,-8.05332,-7.96415,0.467,0.466143,-0.0172529,2.95564,27.0565
2.2221e+07,-0.296181,-0.994183,9.84381,-5.76448,1.7217,-0.419309,1.78588,-1.71468,4.05354,1.61408,3.74154,-9.21363,-8.93689,0.467,0.466619,-0.02606,2.95678,26.9859
2.2241e+07,0.830607,-0.0139582,9.54762,-0.0834484,2.89727,-0.27008,2.69305,4.97199,3.96194,1.63487,3.62584,-9.85485,-9.43335,0.466,0.465676,-0.0378028,2.95563,27.0035
2.2261e+07,0.211957,0.703749,9.05784,4.44146,-5.60654,-0.348916,-5.32186,1.33647,1.94667,1.54339,1.78274,-10.4961,-10.1051,0.466,0.465544,-0.0423741,2.95546,27.0124
2.2281e+07,0.830664,-0.221082,9.63989,-1.30895,-2.70578,-0.278978,-2.60486,4.9237,1.99247,1.46226,1.78041,-9.28996,-8.99181,0.466,0.465571,-0.0370584,2.95539,27.0094
2.2301e+07,0.400712,0.287094,9.10687,1.8039,-0.125628,-0.406089,-0.174258,2.5182,-1.25943,1.47216,-1.21842,-9.82432,-9.54722,0.464,0.463786,-0.0374318,2.95642,26.9976
2.2321e+07,-0.284736,0.780818,11.1548,4.00277,-3.45387,-0.469294,-3.18652,-1.45863,-2.00753,1.51802,-1.91653,-10.9236,-10.5325,0.464,0.463605,-0.0294658,2.95655,26.9859
2.2341e+07,-0.143895,0.932548,10.3833,5.13159,5.37056,-0.309375,4.93693,-0.790787,-4.22127,1.62924,-3.97176,-9.82432,-9.58618,0.464,0.463617,-0.0212982,2.95684,27.0182
2.2421e+07,0.57547,-1.31691,8.40375,-8.88563,-0.079826,-0.787286,0.0031994,3.87029,7.93141,1.76979,7.33616,-10.2671,-9.87654,0.461,0.460684,-0.0289753,2.9541,27.03
2.2521e+07,-0.96761,0.607413,9.91818,3.48803,1.69117,-0.789409,1.57706,-5.56174,-6.22127,1.43823,-5.8299,-9.39683,-9.16892,0.462,0.461459,-0.0463209,2.95452,26.9976
2.26214e+07,0.828038,0.638722,10.1351,3.59411,4.6072,-1.26764,4.29917,4.66148,2.45049,1.74892,2.23544,-10.7251,-10.2112,0.456,0.455315,-0.0526487,2.95614,27.0094
2.29631e+07,0.780596,-0.495641,9.76533,-2.89634,-3.37754,-1.60541,-3.05879,4.5644,-5.79379,2.39998,-5.53352,-8.90829,-8.51877,0.452,0.451339,-0.0135104,2.95252,26.9918
2.29831e+07,0.286539,-1.30728,9.72171,-7.65532,-1.02639,-1.51324,5.06436,1.6732,-5.07623,2.38946,-5.55379,-7.62584,-9.8211,0.452,0.451361,-0.0105688,2.95285,26.9653
2.30041e+07,-0.243502,-1.52163,9.2636,-9.32485,-4.78212,-1.78922,-4.297,-1.48582,0.297818,2.16314,0.169367,-8.60294,-8.33662,0.451,0.45101,-0.0139157,2.95299,26.9506
2.3024e+07,0.494069,-0.543809,9.90558,-3.13845,4.36292,-1.74567,4.14197,2.85114,6.8169,2.12222,6.28546,-8.11439,-7.85111,0.451,0.450456,-0.0136642,2.95312,26.9918
2.3065e+07,1.26302,-0.801509,9.30144,-4.88047,6.27132,-1.54673,5.88656,7.70458,12.5116,2.16038,11.6191,-9.06096,-8.71846,0.455,0.451907,-0.00611626,2.95297,26.98
2.3085e+07,0.0544771,0.279868,8.71541,1.83921,3.21788,-1.5659,3.01471,0.357947,2.14515,2.11746,1.99639,-9.44264,-9.17894,0.455,0.454234,-0.00217521,2.95277,26.9829
2.3145e+07,0.118768,0.93014,11.1761,4.75726,10.8209,-1.6502,10.1078,0.60676,-12.8625,1.61085,-12.0996,-7.93119,-7.71254,0.456,0.455609,0.0146108,2.95258,26.9888
2.3165e+07,1.12004,-1.81786,9.46376,-10.7997,2.34765,-1.92833,2.35673,6.62948,-0.2518,1.73693,-0.36191,-7.3205,-7.10662,0.456,0.455666,0.0147726,2.95223,26.9476
2.3185e+07,0.878336,0.0871952,10.7681,0.46241,-0.0187572,-2.0623,0.0640604,4.66304,7.50393,1.81049,6.9539,-9.70218,-9.24035,0.454,0.454897,0.0190768,2.95038,26.9859
2.3205e+07,0.905136,-1.83472,9.37132,-11.0272,-1.83555,-2.18932,-1.5548,5.41467,10.5116,2.01445,9.75106,-8.17546,-7.97247,0.454,0.453691,0.0164344,2.95031,26.9329
2.3225e+07,0.138128,0.00530915,9.8759,0.0307984,1.00414,-2.11091,1.00251,0.801307,8.06881,2.16157,7.49153,-8.26706,-8.04547,0.454,0.453527,0.0198055,2.94973,26.9859
2.3266e+07,0.119348,-1.15795,10.2207,-6.46334,1.20262,-2.36699,1.31098,0.664768,-2.84722,2.24141,-2.77767,-8.12966,-7.86574,0.458,0.457194,0.031988,2.94974,27.0006
2.32871e+07,-0.281613,-1.86121,9.95874,-10.5819,-1.80502,-2.34405,8.5886,-1.59222,-5.62585,2.24931,-5.91474,-7.97699,-8.98778,0.458,0.457449,0.028258,2.94928,26.9859
2.33081e+07,0.369733,0.0607027,9.22525,0.376702,4.08811,-2.72176,3.87773,2.29504,-4.98462,2.07731,-4.73187,-8.49607,-8.18577,0.461,0.458418,0.0198813,2.94901,26.9359
2.3328e+07,-0.336799,-0.90748,10.2452,-5.05909,-3.77448,-2.69654,-3.32626,-1.87551,3.64133,2.04108,3.2989,-7.06096,-6.9022,0.461,0.460121,0.0158465,2.94942,26.9535
2.3348e+07,1.18674,-1.25188,8.78795,-8.03552,-1.46914,-2.57757,-1.20962,7.61483,10.1757,2.18877,9.38363,-8.3434,-7.9136,0.461,0.460263,0.00363068,2.9494,26.9682
2.3388e+07,0.778448,-1.35785,9.39357,-8.19749,-2.43097,-2.51443,-2.08292,4.68878,5.97721,2.32302,5.48333,-8.51134,-8.02934,0.462,0.461161,0.00334413,2.94833,26.9712
2.3408e+07,-0.0429242,-1.51922,9.88311,-8.73894,1.40109,-2.53737,1.48313,-0.245956,-1.3663,2.21832,-1.34975,-7.19836,-7.04508,0.462,0.461229,0.00369037,2.94803,26.9594
2.3448e+07,-0.589969,-0.695539,11.1456,-3.56592,2.10338,-2.86595,2.12226,-3.02413,-5.91592,2.04668,-5.59895,-6.87775,-6.75223,0.465,0.464004,0.0173315,2.94762,26.9653
2.3468e+07,0.747421,-1.41325,10.1651,-7.89399,-2.93479,-2.99233,-2.56611,4.16536,4.26728,2.07002,3.8477,-9.3205,-8.96051,0.465,0.4642,0.0202573,2.94693,26.9271
2.34881e+07,-0.251282,0.696524,10.9054,3.65353,-2.46151,-3.47578,-7.4037,-1.3173,6.69477,2.12615,8.62238,-7.28997,-7.62359,0.465,0.464074,0.0154523,2.94669,26.9418
2.3509e+07,0.680427,-0.929155,9.27325,-5.70655,-2.47677,-3.4357,-2.15608,4.17574,13.3665,2.33397,12.408,-9.70218,-9.11588,0.464,0.462972,0.00816343,2.94697,26.9535
2.3529e+07,-0.0188938,-2.06593,9.10584,-12.7828,-3.2554,-3.43451,-2.7524,-0.115937,7.12225,2.43947,6.57622,-8.81668,-8.51726,0.464,0.462809,-0.00315067,2.94716,26.9712
2.3549e+07,0.653743,0.573695,8.77235,3.73139,7.82857,-2.89017,7.34754,4.25293,-0.557144,2.30736,-0.599377,-10.0991,-9.55391,0.467,0.464093,0.00713452,2.94556,26.9565
2.3569e+07,-0.322703,-0.0765769,9.21375,-0.475891,1.78277,-2.77642,1.81206,-2.00584,-5.97699,2.19151,-5.63575,-7.39684,-7.19548,0.467,0.465912,0.00307471,2.94598,26.9506
2.3589e+07,0.192975,0.267826,10.845,1.41446,1.14155,-2.66728,1.19063,1.0191,-4.90829,2.09617,-4.68422,-8.14493,-7.79503,0.467,0.466107,-0.00360382,2.94545,26.9624
2.361e+07,-0.492338,0.279868,9.85314,1.62496,4.05758,-2.4718,3.86522,-2.85941,-2.81669,1.96445,-2.68987,-6.54187,-6.42754,0.469,0.46689,-0.0107865,2.94504,26.9682
2.36311e+07,-0.057355,-1.14591,8.83193,-7.39248,3.7217,-2.43936,6.0743,-0.368984,6.78637,1.97681,5.60141,-7.65638,-7.70347,0.469,0.468057,-0.0126079,2.94523,26.9653
2.3652e+07,0.484214,0.547202,10.0593,3.1101,8.42399,-2.43221,7.8895,2.7518,4.32835,1.96039,4.00471,-9.06096,-8.62869,0.469,0.468162,-0.0166435,2.94449,26.9653
2.3672e+07,-0.238639,-1.83713,10.0917,-10.3145,-5.1638,-2.24436,-4.59682,-1.33273,0.694765,1.83917,0.574235,-7.90065,-7.66646,0.468,0.467732,-0.0101109,2.94437,26.9712
2.3713e+07,0.417567,-0.216265,9.48593,-1.30477,8.62246,-2.50071,8.06679,2.51986,-9.80905,1.93809,-9.24223,-7.16783,-6.99365,0.468,0.46726,-0.00444847,2.94377,26.9359
2.3733e+07,1.51419,-2.4007,9.30816,-14.2822,0.622464,-2.5899,0.801295,8.95162,-4.98462,2.15091,-4.78961,-7.09149,-6.84663,0.471,0.469014,-0.00266462,2.94437,26.9476
2.3774e+07,0.787447,0.629088,9.33976,3.83981,7.32475,-2.43809,6.85244,4.80844,2.23675,2.30624,2.00097,-8.57241,-8.11693,0.471,0.470189,0.00296832,2.94241,26.9594
2.37951e+07,-0.592492,-0.206631,9.36573,-1.26136,-5.57601,-2.44333,-0.459453,-3.61893,9.10698,2.44332,9.46468,-6.81668,-6.93523,0.467,0.467791,-0.00701198,2.94274,26.9182
2.3816e+07,0.374793,-0.962873,10.5033,-5.23454,-4.35464,-2.44013,-3.91482,2.03511,11.3818,2.44027,10.5543,-8.23653,-7.83823,0.467,0.466174,-0.0163168,2.9433,26.9094
2.3836e+07,0.472987,-2.01535,9.0224,-12.5748,-1.60654,-2.47604,-1.30534,2.92886,6.49629,2.43931,5.97904,-7.48844,-7.34559,0.467,0.466029,-0.0262018,2.94156,26.9124
2.3856e+07,0.828185,0.106463,9.16557,0.662788,10.5003,-2.55441,9.82133,5.16278,-1.47317,2.48203,-1.45859,-9.77851,-9.31158,0.469,0.467383,-0.0291002,2.94209,26.9212
2.3876e+07,-0.51374,-0.0404507,9.55349,-0.242246,3.69117,-2.4808,3.5839,-3.07809,-8.22127,2.18923,-7.74935,-8.51134,-8.31642,0.469,0.467913,-0.030035,2.9421,26.9329
2.3896e+07,0.123941,-0.498049,10.6966,-2.66567,-2.91952,-2.48388,-2.56771,0.663135,-6.64875,2.04212,-6.33421,-8.90829,-8.53576,0.469,0.468012,-0.031649,2.94185,26.9359
2.3936e+07,0.613514,-0.736482,9.19527,-4.56914,-2.35464,-2.48526,-2.0486,3.805,1.71767,1.96854,1.5217,-9.96172,-9.57142,0.467,0.466048,-0.0477606,2.94248,26.9418
2.3956e+07,0.434685,-1.66854,9.34588,-10.1118,2.45453,-2.47736,2.48503,2.62157,1.50392,2.05659,1.32772,-8.74035,-8.61471,0.467,0.465945,-0.052331,2.94221,26.93
2.3976e+07,0.171905,-1.24466,9.62457,-7.36748,-3.4386,-2.71954,-3.01121,1.01481,3.794,2.13893,3.46184,-10.5724,-10.086,0.468,0.466595,-0.0449893,2.94272,26.8976
2.3996e+07,0.491932,-1.44696,10.2223,-8.04751,2.30185,-2.74851,2.33941,2.728,3.16805,2.23913,2.87484,-8.61821,-8.3846,0.468,0.46685,-0.0324687,2.94252,26.9241
2.4016e+07,0.942734,0.349712,9.76654,2.04125,9.82857,-2.67762,9.16954,5.51,-0.0533268,2.30914,-0.136115,-9.01516,-8.61003,0.468,0.4669,-0.0257179,2.94251,26.9271
2.4076e+07,-0.415982,0.477358,10.3259,2.64472,0.6988,-2.40672,0.754212,-2.30448,-3.42737,2.46632,-3.27914,-8.81668,-8.45703,0.462,0.460836,-0.044894,2.94356,26.9035
2.4117e+07,0.29555,0.636314,10.1189,3.59669,2.10338,-2.33566,2.01731,1.6697,0.710032,2.0403,0.573451,-9.21363,-8.78911,0.466,0.464967,-0.0278374,2.94361,26.9094
2.4257e+07,-0.201222,0.999984,10.139,5.63165,3.17208,-2.13057,2.98042,-1.13148,-2.92356,2.22793,-2.80697,-9.54951,-9.28788,0.46,0.458998,-0.0398864,2.94461,26.9182
2.4277e+07,0.408328,-1.34099,9.62896,-7.92137,-2.35464,-2.16802,-2.08327,2.40506,0.755833,2.17966,0.599417,-8.08386,-7.92178,0.462,0.460601,-0.0286192,2.94525,26.9094
2.4297e+07,0.195151,1.03129,10.1458,5.80297,3.53849,-2.15497,3.27087,1.09628,3.45812,2.16103,3.16508,-9.93119,-9.53712,0.462,0.461098,-0.0222092,2.9456,26.9271
2.4317e+07,0.219557,-0.866537,9.19303,-5.38328,-2.81265,-2.34231,-2.46508,1.3621,5.44286,2.17634,5.02413,-9.85485,-9.42523,0.462,0.461125,-0.0248778,2.94594,26.9006
2.43791e+07,0.372127,0.0366185,9.26794,0.226198,3.20262,-2.02852,2.75349,2.29929,-4.32814,2.2968,-4.14643,-11.3358,-10.7315,0.458,0.457082,-0.0391797,2.94497,26.93
2.44191e+07,0.150283,-0.772608,9.40692,-4.69468,-11.3623,-2.23988,-6.25603,0.912199,-4.14493,2.27579,-5.65977,-9.94645,-9.47322,0.464,0.462981,-0.017095,2.94533,26.9153
2.44617e+07,-0.0334458,-1.2567,10.3061,-6.95212,-4.56838,-2.49697,-4.10848,-0.184571,4.06881,2.29473,3.71876,-7.62584,-7.55942,0.458,0.458033,-0.0265816,2.97896,26.9035
2.4482e+07,1.19859,-0.926747,9.82363,-5.34981,9.90491,-2.39929,9.3842,6.92587,6.51156,2.47692,5.9595,-9.3663,-8.95365,0.458,0.457118,-0.0249955,2.97712,26.9271
2.4502e+07,0.856776,0.335262,8.77179,2.17845,12.7904,-2.17896,12.0056,5.57457,0.572627,2.5799,0.479603,-10.206,-9.72453,0.458,0.45704,-0.0244201,2.97529,26.9094
2.45231e+07,-0.0455243,-0.75575,9.76562,-4.42518,-4.1867,-1.97672,6.05127,-0.266297,-2.03806,2.67655,-0.189467,-9.74798,-10.1499,0.461,0.459632,-0.0101941,2.97338,26.9006
2.4585e+07,0.749578,-0.579935,10.157,-3.25904,-7.49967,-1.98493,-6.91383,4.2139,-1.73272,2.57364,-1.7494,-9.21363,-8.91806,0.462,0.461119,-0.0057834,2.96647,26.9153
2.4605e+07,0.902338,-0.358361,9.07691,-2.24981,3.14155,-1.96759,2.9307,5.67274,-0.969357,2.51967,-0.9914,-8.63348,-8.37445,0.462,0.461239,-0.00574116,2.96526,26.9182
2.4665e+07,0.450561,1.3492,10.7278,7.16207,8.45452,-1.55785,7.85903,2.38621,-2.87775,2.58049,-2.74407,-8.206,-7.97133,0.462,0.461328,0.000395358,2.96129,26.9329
2.4705e+07,1.05957,0.954224,9.89087,5.47941,-1.46914,-1.60078,-1.43671,6.08651,-5.61058,2.83204,-5.34043,-8.96935,-8.62572,0.462,0.461248,-0.00151426,2.95974,26.9153
2.4725e+07,0.646694,0.164264,9.81873,0.95638,-3.94242,-1.76127,-3.72435,3.76772,-5.62585,2.88814,-5.35839,-8.51134,-8.20906,0.462,0.461191,-0.000983767,2.95903,26.9182
2.4765e+07,-0.21299,0.385839,9.6109,2.29839,4.85147,-1.81513,4.58023,-1.26852,-5.41211,2.59668,-5.12947,-8.206,-8.01734,0.464,0.463129,0.0132822,2.95754,26.9124
2.4805e+07,-0.0457071,-0.0982526,9.49601,-0.592796,-1.10273,-1.72203,-0.949361,-0.275764,0.00774169,2.41179,-0.0625831,-7.71745,-7.51435,0.464,0.463411,0.00445566,2.95588,26.9124
2.4825e+07,1.46346,-0.288517,8.30017,-1.96061,2.13391,-1.62207,2.0207,9.99353,1.36652,2.52191,1.182,-7.96172,-7.74551,0.467,0.466107,0.00431524,2.95486,26.9094
2.4845e+07,0.085294,1.0891,10.5733,5.88076,3.08048,-1.57785,2.82305,0.459757,-2.92356,2.5041,-2.77459,-6.81668,-6.75974,0.467,0.466374,0.00797366,2.95372,26.8859
2.4886e+07,0.904647,-0.0765769,10.2407,-0.426769,-4.55311,-1.74602,-4.19331,5.04816,-6.81669,2.80498,-6.49564,-8.02279,-7.78498,0.467,0.466338,0.0165154,2.95269,26.8712
2.49281e+07,1.17721,-1.3145,8.74038,-8.47743,-5.68288,-1.8883,-5.18059,7.58646,1.51919,3.00555,1.25327,-9.21363,-8.7727,0.469,0.466965,0.0109781,2.9506,26.8976
2.4949e+07,0.949684,1.118,10.3637,6.13155,3.69117,-1.85038,3.39939,5.20568,1.56499,3.27898,1.34961,-8.435,-8.12386,0.469,0.467904,0.00515781,2.94942,26.8888
2.4989e+07,-0.0814537,-0.353544,10.4928,-1.92973,-6.79738,-1.77241,-6.18926,-0.444515,4.32835,3.47621,3.90379,-10.1297,-9.70124,0.474,0.469709,0.000128691,2.94608,26.9006
2.5009e+07,0.173883,0.229292,9.39901,1.39723,1.59956,-1.84121,1.49253,1.05955,-2.2518,3.3422,-2.18775,-7.67164,-7.56566,0.474,0.472665,0.0103477,2.94554,26.9035
2.5029e+07,0.75147,1.20229,9.75857,7.00312,2.16445,-1.73494,1.98224,4.37052,-1.68691,3.36356,-1.7214,-9.2289,-8.85832,0.474,0.472954,0.00503989,2.9447,26.8771
2.5049e+07,0.522374,0.710974,8.93175,4.54346,-1.11799,-1.68409,-1.03622,3.3366,-1.77852,3.40177,-1.79065,-9.30523,-8.83211,0.477,0.474044,0.00152722,2.94398,26.9182
2.5069e+07,1.56388,-0.765383,9.82832,-4.39783,-0.0340245,-1.59512,0.010989,9.01427,0.160414,3.42407,-0.0328613,-9.64111,-9.26878,0.477,0.475812,0.00530865,2.94373,26.9153
2.511e+07,0.388621,0.831395,9.76304,4.86358,0.179716,-1.34998,0.159632,2.27126,0.496291,3.48676,0.324862,-8.70981,-8.35022,0.477,0.475962,-0.00265557,2.94195,26.8976
2.51311e+07,0.854098,1.37811,9.83,7.95093,0.423991,-1.41254,-9.07079,4.91793,-0.938823,3.47644,-0.643791,-9.70218,-8.96434,0.477,0.475948,-0.00820129,2.94146,26.8918
2.5152e+07,0.410326,0.0631111,9.13025,0.39564,-6.1867,-1.29907,-5.7204,2.57316,-1.06096,3.53732,-1.12011,-8.84722,-8.51478,0.477,0.475879,-0.0154818,2.93998,26.8506
2.5233e+07,0.615552,0.523118,9.31837,3.20615,-2.65998,-1.1357,-2.50665,3.77342,-0.373938,3.32952,-0.453436,-9.18309,-8.79087,0.478,0.477552,-0.0258602,2.93773,26.8947
2.5253e+07,1.15072,-0.541401,9.60111,-3.20457,-4.75158,-1.2101,-4.38365,6.82375,2.84744,3.45621,2.47052,-8.03806,-7.66697,0.478,0.476892,-0.0345875,2.93762,26.8829
2.5273e+07,0.752059,-0.917113,8.88858,-5.87004,-6.88899,-1.17566,-6.35495,4.81083,-1.3663,3.46634,-1.41367,-8.95409,-8.59004,0.478,0.476797,-0.0377323,2.93633,26.8918
2.5293e+07,1.18858,0.727833,10.237,4.03973,0.6988,-1.079,0.592121,6.60618,-3.41211,3.57398,-3.32252,-8.16019,-7.94908,0.478,0.476753,-0.0333794,2.93653,26.8888
2.5313e+07,0.176478,-0.514908,10.6941,-2.75621,-9.36227,-0.7869,-8.63709,0.944332,-3.93119,3.46287,-3.83166,-9.4579,-9.06445,0.478,0.476894,-0.020943,2.93682,26.8771
2.5333e+07,1.47319,-0.943606,9.51709,-5.59607,-8.85845,-0.834413,-8.18531,8.75698,-1.28997,3.64293,-1.39475,-10.4503,-9.87582,0.478,0.476867,-0.0222843,2.93666,26.8976
2.5353e+07,0.188573,-1.07607,9.35179,-6.56258,-8.98059,-0.839145,-8.29553,1.14761,-0.175464,3.54824,-0.306238,-8.22126,-8.02408,0.48,0.477615,-0.018626,2.93652,26.8771
2.5373e+07,0.0735122,0.523118,9.44705,3.16935,-4.44624,-0.969532,-4.14766,0.445156,2.74057,3.45225,2.43855,-7.87012,-7.65047,0.48,0.478739,-0.0259162,2.93528,26.8741
2.5393e+07,-0.186611,-0.0211834,10.199,-0.118983,-5.63708,-0.944981,-5.16146,-1.04822,6.22148,3.40664,5.69506,-9.64111,-9.15275,0.48,0.478843,-0.0320336,2.93394,26.8888
2.5414e+07,0.768807,-1.03513,9.55316,-6.16434,-1.71341,-0.94571,-1.51088,4.5744,5.13751,3.35352,4.67978,-7.96172,-7.60748,0.48,0.478854,-0.0382576,2.93469,26.8712
2.54351e+07,0.410819,-1.71189,8.814,-10.9797,0.0423114,-0.871674,8.57273,2.61973,0.816902,3.40331,1.12057,-7.64111,-9.17638,0.48,0.478801,-0.0470427,2.93439,26.8859
2.5456e+07,0.460602,-0.411346,9.61141,-2.44783,4.8362,-0.863881,4.58543,2.74115,-2.89302,3.27058,-2.86249,-7.83958,-7.57692,0.48,0.478762,-0.0578088,2.93326,26.8565
2.5476e+07,1.20547,0.092012,8.30338,0.628299,2.19498,-0.798072,2.03542,8.25988,-2.41974,3.24068,-2.42467,-9.09149,-8.66237,0.479,0.478142,-0.0711763,2.93219,26.9065
2.5496e+07,0.39608,-0.230715,10.1816,-1.29712,-10.0493,-0.798748,-9.33814,2.22721,0.771101,3.04369,0.550454,-7.90065,-7.55953,0.479,0.477791,-0.0721291,2.93235,26.9506
2.5516e+07,0.327159,-1.40361,9.07811,-8.78358,-13.4844,-0.929989,-12.4963,2.03973,2.78637,2.91218,2.4602,-8.87775,-8.51138,0.479,0.477802,-0.0753395,2.93124,26.8859
2.5696e+07,0.20986,-0.343911,9.4123,-2.09205,-0.369902,-1.21278,-0.240769,1.27642,3.19858,3.23966,2.87265,-8.55714,-8.20457,0.473,0.471545,-0.0839037,2.9296,26.9035
2.5717e+07,0.181319,-0.750933,11.0713,-3.87975,-3.56074,-1.18816,-3.19671,0.936125,2.98484,3.26199,2.66861,-8.80142,-8.58465,0.471,0.470372,-0.0797905,2.92964,26.88
2.5737e+07,-0.511667,1.0915,10.4077,5.97984,-1.68288,-1.25766,-1.59548,-2.79921,-1.42737,3.16541,-1.39074,-7.79378,-7.63664,0.471,0.469677,-0.0744222,2.92959,26.9065
2.5817e+07,-0.182063,0.797677,10.9411,4.16928,-0.782116,-1.57368,-0.675482,-0.950807,1.68713,3.22652,1.49498,-7.25943,-7.09878,0.468,0.466473,-0.0839493,2.92686,26.8741
2.5897e+07,0.794674,0.400289,10.1443,2.25281,-3.37754,-1.41106,-3.12863,4.47578,4.34362,3.03676,3.94759,-8.93882,-8.5104,0.466,0.465533,-0.0679467,2.92571,26.8918
2.5917e+07,0.59885,0.47495,9.8715,2.74951,1.40109,-1.29919,1.29828,3.46757,3.76347,2.9489,3.40899,-8.00752,-7.80928,0.466,0.464878,-0.0637626,2.92569,26.9094
2.6017e+07,0.047341,0.181123,9.43703,1.09952,-1.71341,-1.21096,-1.58934,0.28737,1.97721,2.99684,1.75861,-8.57241,-8.26656,0.464,0.462749,-0.0692071,2.92373,26.9065
2.6057e+07,0.164417,-0.0765769,10.0419,-0.436854,0.271319,-1.19408,0.296109,0.937994,1.91614,2.97378,1.69005,-8.75561,-8.46965,0.464,0.46289,-0.0498649,2.92157,26.88
2.6117e+07,1.2727,-1.25188,8.96357,-7.87274,-2.2325,-1.20537,-2.03199,8.00451,2.46576,3.23765,2.16159,-7.70218,-7.54663,0.463,0.461937,-0.0377644,2.91859,26.8624
2.6137e+07,0.472314,0.405106,9.79078,2.36659,-0.827918,-1.11719,-0.762206,2.75949,1.76347,3.30044,1.52865,-7.30523,-7.01311,0.462,0.461313,-0.0353053,2.91758,26.8535
2.6157e+07,-0.241204,-1.1989,9.7912,-6.97882,-9.08746,-1.20227,-8.4882,-1.40073,5.53446,2.9491,5.05692,-7.38157,-7.03434,0.462,0.461041,-0.0320921,2.91661,26.8918
2.6197e+07,0.556398,-1.4277,8.64576,-9.35776,4.17972,-1.15076,4.01246,3.63313,5.99247,3.0503,5.49136,-6.89302,-6.67261,0.461,0.460396,-0.0468248,2.9145,26.8359
2.6217e+07,1.28887,0.696524,8.89783,4.42995,9.93544,-0.994225,9.35179,8.21733,3.32072,3.47466,2.98385,-7.56477,-7.26083,0.461,0.459774,-0.0689051,2.91369,26.8271
2.6337e+07,1.14399,-2.08519,8.82939,-13.1815,0.0575786,-1.3719,0.206435,7.18691,4.55736,3.49319,4.08353,-9.82432,-9.33658,0.46,0.458765,-0.0493029,2.90666,26.8535
2.6357e+07,0.236214,-0.659413,9.46875,-3.98247,3.82857,-1.28971,3.66531,1.42559,2.12988,3.37524,1.86208,-8.69454,-8.41724,0.46,0.458759,-0.0454293,2.90522,26.8388
2.6377e+07,0.739564,1.08428,9.62781,6.40682,8.48506,-1.21601,7.84202,4.36508,0.984841,3.31188,0.818465,-9.28996,-8.94882,0.46,0.458789,-0.0465286,2.9037,26.8535
2.6397e+07,0.133749,-1.42288,10.1466,-7.98194,-4.69051,-1.55546,-4.32816,0.74789,1.21385,3.23502,1.02062,-8.23653,-7.9157,0.46,0.458773,-0.0448702,2.90224,26.8476
2.6417e+07,0.921453,-0.401713,10.3803,-2.20755,2.80567,-1.55935,2.65104,5.06905,0.496291,3.18135,0.306777,-8.87775,-8.52445,0.46,0.458812,-0.0417612,2.9007,26.7918
2.6437e+07,1.11015,-0.613653,8.77717,-3.9678,2.11865,-1.65138,2.02176,7.19122,0.0535433,3.17037,-0.0938533,-9.33577,-8.94709,0.458,0.457653,-0.0417397,2.90066,26.8506
2.6457e+07,-0.277482,0.458091,10.4064,2.51964,1.96598,-1.67285,1.85155,-1.52592,-3.04569,3.07087,-2.90748,-8.19073,-7.99124,0.458,0.456955,-0.0328802,2.89987,26.8535
2.6477e+07,1.00074,-2.17431,9.01931,-13.4742,-0.247765,-1.8713,-0.0595044,6.15644,1.53446,3.12757,1.27087,-7.96172,-7.72682,0.458,0.456897,-0.0332773,2.89911,26.83
2.6498e+07,0.496418,-0.404121,9.87968,-2.33939,7.04994,-1.84797,6.66148,2.87408,-2.40447,3.17886,-2.35885,-8.11439,-7.83468,0.459,0.457488,-0.0209866,2.89789,26.8359
2.6518e+07,0.382101,-1.48068,9.36047,-8.98147,-3.62181,-2.10664,-3.30869,2.30888,2.35889,3.20485,2.06051,-8.66401,-8.37423,0.459,0.457827,-0.019047,2.89741,26.8565
2.65391e+07,0.861653,-0.0284086,9.98918,-0.162342,0.668266,-2.05645,0.665974,4.93003,2.08408,3.32791,1.82146,-8.72508,-8.26812,0.459,0.45782,-0.017656,2.89644,26.8418
2.656e+07,-0.0764022,-1.34581,9.33497,-8.20347,-8.65998,-2.15073,-7.88316,-0.464129,2.69476,3.30218,2.37998,-7.77851,-7.58665,0.459,0.457786,-0.0222602,2.89569,26.8418
2.662e+07,0.228714,0.549611,10.6317,2.95862,1.64536,-2.40632,1.59183,1.23074,3.29018,3.16855,2.99177,-7.96172,-7.71418,0.46,0.458442,-0.023861,2.89209,26.8506
2.664e+07,1.3417,-0.348728,9.33059,-2.11864,4.5614,-2.5354,4.31397,8.17716,2.92377,3.31102,2.61896,-7.53424,-7.19681,0.46,0.458609,-0.0267301,2.8919,26.8535
2.666e+07,1.38009,-1.01104,10.1272,-5.6493,3.69117,-2.43773,3.59182,7.72225,0.710032,3.48187,0.512099,-8.46554,-8.11373,0.46,0.458562,-0.029816,2.89104,26.8447
2.67203e+07,0.847799,-1.73116,9.81315,-9.96834,-5.42334,-2.58699,-4.90278,4.86304,0.618429,3.77143,0.403762,-7.35103,-7.05414,0.459,0.457389,-0.0248813,2.88876,26.8359
2.6741e+07,-0.105151,-1.00622,10.9571,-5.24668,-4.2783,-2.64397,-3.80621,-0.547521,2.52683,3.73046,2.20082,-6.70981,-6.61879,0.46,0.458159,-0.0123163,2.88915,26.8359
2.69211e+07,0.104868,-0.606428,9.26952,-3.74282,5.12628,-2.78023,4.89271,0.64679,0.847436,3.40818,0.683746,-8.05332,-7.8645,0.463,0.461555,-0.0119934,2.88452,26.83
2.6941e+07,0.26684,0.83862,10.5728,4.5337,10.3935,-2.77264,9.76238,1.44122,-0.190732,3.37155,-0.278755,-9.54951,-9.15357,0.463,0.461553,-0.00823558,2.88437,26.8271
2.7042e+07,0.453559,-0.844861,9.96686,-4.84022,0.225518,-2.68758,0.375635,2.59625,-1.54951,3.63635,-1.59219,-8.51134,-8.16187,0.465,0.463935,-0.00415485,2.88285,26.7859
2.7062e+07,1.18394,0.212433,9.80173,1.23262,7.84384,-2.6294,7.34322,6.88575,-3.87012,3.56168,-3.76414,-8.86248,-8.5066,0.465,0.46358,-0.00807736,2.88278,26.8329
2.7162e+07,1.19166,-1.75765,9.49941,-10.403,-0.751582,-2.88632,-0.471063,7.032,0.572627,3.1133,0.350315,-9.25943,-8.71482,0.468,0.466319,-0.00485049,2.88524,26.83
2.7282e+07,-0.53979,-0.818368,9.79681,-4.76787,-0.858452,-3.08849,-0.59839,-3.1428,-0.205999,2.99289,-0.3031,-6.96935,-6.89379,0.471,0.469183,-0.0134381,2.88533,26.8006
2.7342e+07,-0.160641,1.04574,11.0578,5.40186,1.43162,-3.01,1.37899,-0.828604,-0.0838614,3.12513,-0.16038,-8.05332,-7.8164,0.472,0.470041,-0.0225953,2.88622,26.8182
2.7362e+07,0.845196,-0.958056,10.0922,-5.40407,-0.59891,-3.18745,-0.411912,4.76589,-0.419739,3.2312,-0.545433,-8.99989,-8.63519,0.472,0.470356,-0.0203029,2.88615,26.8182
2.7382e+07,0.274164,0.258193,10.3724,1.42543,8.72933,-2.97686,8.31618,1.51363,-7.30524,3.16435,-6.95636,-8.45027,-8.22215,0.472,0.470443,-0.0174087,2.88659,26.7976
2.74031e+07,0.48726,-1.82027,9.234,-11.1364,3.49269,-3.1756,3.4942,2.96365,-2.26707,3.18589,-2.27696,-8.06859,-7.89806,0.473,0.471192,-0.0169229,2.88642,26.7829
2.7484e+07,0.716196,-0.753341,9.07644,-4.73002,1.04995,-2.84896,1.10354,4.4963,5.56499,3.07163,5.03598,-9.51897,-8.9627,0.474,0.472473,-0.0376809,2.88627,26.7947
2.7524e+07,0.555903,0.354529,10.6833,1.89811,6.31712,-2.91904,5.98982,2.97704,1.64133,3.13322,1.40276,-8.69454,-8.32779,0.475,0.473079,-0.0442398,2.88664,26.7888
2.7586e+07,0.579805,0.267826,9.46994,1.61696,1.24842,-3.06312,1.22026,3.50221,-2.35867,2.96401,-2.32769,-10.4045,-9.92681,0.473,0.471866,-0.0490873,2.8879,26.8094
2.76071e+07,1.04528,0.82417,9.82657,4.7675,5.40109,-2.94161,5.02176,6.05079,-0.328136,2.95114,-0.405653,-8.06859,-7.84321,0.473,0.471402,-0.0505478,2.88842,26.8153
2.7667e+07,0.43676,-0.541401,9.25509,-3.34414,10.6377,-2.93089,10.0217,2.69725,-1.93119,3.02536,-1.86477,-9.13729,-8.91873,0.476,0.474365,-0.0407895,2.88991,26.7653
2.78483e+07,0.722967,0.657989,10.0379,3.74074,16.5614,-2.74266,15.5405,4.11076,0.618429,2.80421,0.47502,-10.0991,-9.67,0.475,0.473632,-0.033717,2.89072,26.7712
2.7869e+07,1.30345,-0.194589,9.85083,-1.12187,15.2026,-2.68396,14.3091,7.53607,1.12225,2.91689,0.947636,-11.351,-10.7912,0.475,0.473672,-0.0230589,2.89059,26.7771
2.7949e+07,0.434308,-0.310193,9.4454,-1.87897,-7.36227,-2.75929,-6.84095,2.63124,-2.86249,3.00615,-2.82677,-7.80905,-7.59689,0.476,0.474211,-0.0110879,2.89015,26.7653
2.797e+07,1.21015,0.424373,9.09927,2.64696,6.33239,-2.84286,5.88744,7.56743,-1.58004,2.97198,-1.62888,-8.03806,-7.64854,0.476,0.474623,-0.0150033,2.88988,26.7388
2.805e+07,0.155092,-0.893029,9.81984,-5.19562,-5.57601,-2.39853,-5.07579,0.901124,-2.19073,2.96806,-2.18906,-8.2518,-7.98563,0.475,0.473637,-0.0453777,2.88941,26.7741
2.81512e+07,0.491714,-0.66423,9.71782,-3.9052,9.70643,-2.43494,10.7555,2.88992,3.45812,3.07539,-0.587176,-7.42737,-7.346,0.471,0.469563,-0.0452081,2.89065,26.7359
2.8432e+07,-0.128939,-1.32895,10.5008,-7.21232,-2.43097,-2.28636,-2.20854,-0.697934,-2.3892,2.96209,-2.34492,-6.206,-6.20918,0.467,0.465522,-0.0634487,2.89487,26.8035
2.8452e+07,0.842772,-0.828002,10.0924,-4.67398,1.18735,-2.24276,1.23299,4.75754,0.0535433,2.91604,-0.128764,-8.75561,-8.29064,0.467,0.465625,-0.0546347,2.89537,26.7535
2.8492e+07,1.25791,0.426782,9.68329,2.50262,6.82094,-2.07258,6.36064,7.39446,2.22148,2.96383,1.97177,-8.70981,-8.43126,0.465,0.463922,-0.0517306,2.89598,26.7947
2.8532e+07,1.43275,-1.46382,9.79882,-8.40834,-2.99586,-2.01507,-2.6747,8.22858,5.33599,3.09599,4.83314,-8.84722,-8.55407,0.465,0.46373,-0.0482034,2.89652,26.7506
2.8572e+07,1.04315,-0.122337,9.55914,-0.728898,-1.45387,-2.04091,-1.30068,6.22733,0.0688105,3.06819,-0.0460182,-8.64874,-8.23918,0.464,0.462732,-0.0465844,2.89563,26.7976
2.8592e+07,-0.334623,-0.144012,10.0874,-0.817479,-5.17906,-2.0119,-4.74778,-1.89975,-1.97699,2.95657,-1.9332,-8.435,-8.16937,0.464,0.462749,-0.0472214,2.89534,26.7771
2.8612e+07,0.348439,-0.647371,10.1406,-3.65064,-6.2325,-1.79548,-5.71826,1.96396,2.32835,2.87287,2.02508,-9.21363,-8.86372,0.463,0.461919,-0.0451967,2.89481,26.7712
2.8632e+07,-0.0579784,1.09632,10.3099,6.06972,6.05758,-1.73292,5.59759,-0.320396,-3.39684,2.7066,-3.24296,-6.81668,-6.75681,0.463,0.461955,-0.0376381,2.89499,26.7418
2.8652e+07,1.12648,0.759143,9.78366,4.40785,5.26369,-1.73174,4.89266,6.54857,0.175681,2.73055,0.0522693,-7.38157,-7.08688,0.463,0.462003,-0.0345647,2.89448,26.7829
2.8672e+07,0.147656,0.0871952,9.29671,0.537302,-0.079826,-1.6813,-0.00529736,0.909892,1.09171,2.68949,0.941781,-8.26706,-7.95065,0.462,0.461123,-0.0390688,2.89517,26.78
2.8692e+07,1.22982,-1.59388,8.89184,-10.0686,-2.47677,-1.72051,-2.21041,7.7525,3.64133,2.85156,3.26276,-7.58004,-7.26558,0.462,0.46099,-0.0427605,2.89592,26.7565
2.8712e+07,0.193331,-1.01345,9.81961,-5.89131,-3.42334,-1.70657,-3.07618,1.12195,1.59553,2.85344,1.3631,-7.96172,-7.63561,0.462,0.460977,-0.0346641,2.89604,26.7624
2.8973e+07,0.887712,0.715791,9.97136,4.0898,4.43926,-1.6824,4.08556,5.07442,-3.44264,3.16295,-3.34944,-7.2747,-7.08097,0.466,0.464342,-0.00572288,2.89502,26.8006
2.8994e+07,0.0354413,0.0390269,10.8447,0.206188,-3.78975,-1.53322,-3.43342,0.187245,-3.64111,3.14644,-3.5201,-7.2289,-7.01687,0.466,0.464998,-0.00461051,2.89603,26.7535
2.9014e+07,0.635117,-1.1411,9.80478,-6.62455,-4.87372,-1.55302,-4.44454,3.68145,-0.831953,3.13798,-0.917471,-7.74798,-7.54059,0.466,0.465076,-0.00706321,2.89665,26.8182
2.9034e+07,0.0978285,-1.05198,10.4678,-5.73855,-5.37754,-1.55172,-4.89425,0.532768,2.74057,3.11414,2.42936,-6.75561,-6.69437,0.466,0.465096,-0.00663928,2.89698,26.7653
2.9054e+07,-0.0459816,0.889197,9.26255,5.48348,-0.461505,-1.52506,-0.439655,-0.283127,0.816902,3.07923,0.706627,-7.04569,-6.85218,0.466,0.465076,-0.0113205,2.89789,26.7565
2.9074e+07,0.746727,1.08428,10.1074,6.10651,-0.11036,-1.56729,-0.172199,4.20127,1.71767,3.09873,1.5216,-5.67164,-5.52064,0.466,0.465054,-0.0110521,2.89698,26.7447
2.90951e+07,0.515523,-0.413755,10.0862,-2.346,-5.11799,-1.75039,-4.69523,2.92348,1.62606,3.11516,1.38285,-6.63348,-6.347,0.468,0.466832,-0.00724711,2.89587,26.7859
2.9115e+07,0.352758,0.995167,9.7942,5.79805,1.26369,-1.65248,1.15241,2.05218,-3.1831,3.14626,-3.0903,-6.70981,-6.49584,0.468,0.46701,-0.00761917,2.89616,26.8153
2.9135e+07,1.37257,0.265418,9.12974,1.64673,2.97361,-1.67333,2.76484,8.54628,-5.01516,3.24321,-4.83789,-7.65638,-7.25601,0.468,0.467011,-0.00730752,2.8966,26.7653
2.91551e+07,0.33138,0.590554,10.3064,3.27775,2.53086,-1.62309,2.36685,1.83857,-7.42737,3.20502,-7.05001,-5.44264,-5.35522,0.468,0.467033,-0.00175045,2.89669,26.8124
2.91751e+07,0.0785356,-0.367995,9.96557,-2.11471,-3.75922,-1.35284,1.13964,0.451213,-3.33577,3.0665,-3.15343,-5.97699,-6.22232,0.468,0.467154,-0.0053922,2.89542,26.7447
2.9236e+07,0.659106,-1.53848,8.84968,-9.83539,-5.72868,-1.47478,-5.21915,4.19669,1.7482,2.98846,1.48969,-7.2289,-6.9279,0.469,0.46818,-0.0092188,2.89462,26.7829
2.9256e+07,0.615946,-0.895438,10.1589,-5.028,-2.58364,-1.40001,-2.27558,3.45628,-0.831953,3.12953,-0.925656,-6.12966,-5.93101,0.469,0.468112,-0.0107016,2.89472,26.8035
2.9276e+07,0.807223,-1.79137,9.55904,-10.5773,-1.14853,-1.3104,-0.923122,4.74474,-4.70982,3.10355,-4.54496,-6.98462,-6.76726,0.472,0.470842,-0.00338769,2.89389,26.7535
2.93371e+07,1.0954,0.906056,9.67945,5.31393,0.0575786,-1.2819,-0.01349,6.42869,-1.48844,3.14866,-1.49687,-7.2289,-6.92223,0.473,0.472002,-0.00937537,2.895,26.7918
2.9358e+07,0.723366,-0.777425,10.1116,-4.38536,-6.07983,-1.13975,-5.57451,4.07989,4.7253,3.18737,4.25818,-7.07622,-6.71043,0.473,0.472131,-0.00491951,2.89567,26.7888
2.93791e+07,0.753927,0.954224,9.99085,5.44038,4.01178,-1.19058,-4.36811,4.29598,0.66423,3.31951,1.26103,-7.4121,-6.11125,0.473,0.472056,-0.0126171,2.89563,26.8153
2.94e+07,0.770879,0.101646,9.09913,0.637736,3.84384,-1.04068,3.60705,4.84224,-3.2289,3.39893,-3.14871,-7.44264,-7.17761,0.474,0.472951,-0.0110317,2.89627,26.7624
2.9521e+07,-0.189225,0.79286,10.4211,4.35008,-2.26303,-1.2144,-2.08654,-1.03726,-0.205999,3.18002,-0.303784,-7.3205,-6.9696,0.478,0.476762,-0.0241289,2.89986,26.7771
2.95411e+07,0.455968,-0.919522,9.72219,-5.39705,3.03468,-1.22147,2.9049,2.67327,0.00774169,3.06182,-0.127084,-5.96172,-5.86877,0.478,0.477025,-0.0229307,2.89927,26.7859
2.9562e+07,1.62117,-0.693131,8.4822,-4.5889,7.92017,-1.23139,7.44099,10.7851,0.465757,3.12017,0.261953,-6.37393,-6.17681,0.477,0.476648,-0.0342129,2.89922,26.8153
2.96235e+07,0.532028,0.340079,8.45393,2.29907,1.59956,-0.99637,1.44225,3.59812,-2.43501,2.58174,-2.35343,-6.16019,-6.04384,0.478,0.476645,-0.0574429,2.93351,26.7888
2.9644e+07,-0.289667,1.33957,10.2084,7.47278,0.59193,-1.01987,0.479116,-1.61154,-0.770884,2.35346,-0.796508,-7.35103,-7.06571,0.478,0.477048,-0.0555536,2.93175,26.7976
2.9664e+07,-0.00485268,-1.03753,9.8791,-5.9954,-6.50731,-1.03454,-5.96011,-0.0279902,1.64133,2.28818,1.45225,-7.21363,-7.06378,0.478,0.477129,-0.0591073,2.92991,26.7712
2.9684e+07,1.26309,-1.03513,9.17286,-6.37871,-1.4386,-1.10471,-1.29797,7.7914,3.64133,2.38792,3.26177,-7.85485,-7.51662,0.476,0.475874,-0.0715272,2.92816,26.8153
2.9705e+07,-0.188698,-1.10256,9.2571,-6.79078,-1.71341,-1.13554,-1.50127,-1.15957,-0.175464,2.33961,-0.262548,-6.63348,-6.56991,0.476,0.475072,-0.0782616,2.9265,26.7976
2.9725e+07,0.77096,-0.189772,9.78482,-1.10766,1.50796,-1.28656,1.41568,4.50426,-4.26707,2.35753,-4.06701,-8.17546,-7.88551,0.476,0.47499,-0.0693912,2.92509,26.7565
2.9745e+07,0.534436,0.267826,10.9396,1.40078,-0.736315,-1.40234,-0.662614,2.79602,-3.80905,2.43585,-3.66739,-8.08386,-7.7376,0.475,0.474394,-0.0603388,2.92324,26.7859
2.9806e+07,-0.258459,0.742284,9.75159,4.3514,4.02704,-1.93114,3.77748,-1.51385,-1.91592,2.74835,-1.8704,-8.11439,-7.91586,0.471,0.471374,-0.059402,2.93397,26.83
2.9826e+07,0.257305,0.77841,9.94351,4.47468,2.66827,-1.96124,2.53109,1.47777,1.8856,2.80532,1.67032,-9.62584,-9.11952,0.471,0.469874,-0.0636958,2.93202,26.7859
2.9926e+07,0.197758,0.241334,9.78363,1.41275,1.14155,-1.44502,1.1103,1.15762,-0.526609,2.39859,-0.578393,-7.91592,-7.77406,0.466,0.46579,-0.0662598,2.92244,26.7565
2.9966e+07,0.369919,-0.608836,10.1121,-3.44323,0.0575786,-1.2869,0.178352,2.09126,0.694765,2.32197,0.521999,-8.49607,-8.07698,0.466,0.465015,-0.0674801,2.9199,26.7741
3.0028e+07,0.699061,0.756734,10.0476,4.29676,4.27132,-1.53223,3.95917,3.96875,-0.816686,2.56844,-0.868845,-8.435,-8.07858,0.463,0.46186,-0.0748556,2.91591,26.7741
3.0048e+07,0.207471,-0.339094,9.54052,-2.0351,-4.78212,-1.65859,-4.37413,1.24499,-1.1373,2.49998,-1.16454,-9.21363,-8.76209,0.463,0.461866,-0.0694473,2.91562,26.7653
3.0088e+07,0.00425143,0.571286,9.81756,3.3303,4.43926,-1.96665,4.17331,0.0247696,0.175681,2.4247,0.10041,-8.14493,-7.89927,0.463,0.461937,-0.0501969,2.91587,26.7976
3.0109e+07,0.584492,0.588145,10.3157,3.25795,2.50033,-1.96277,2.39192,3.2377,2.14515,2.51851,1.9274,-9.28996,-8.84082,0.46,0.459676,-0.0544324,2.91558,26.7712
3.0129e+07,-0.0740853,-1.09052,10.107,-6.15808,-2.29357,-1.96762,-1.96714,-0.417553,1.93141,2.49281,1.72647,-6.90829,-6.78085,0.46,0.458993,-0.0532014,2.91632,26.8035
3.0149e+07,0.665742,0.359346,9.07827,2.2607,5.38582,-1.77193,5.02079,4.19093,-0.0838614,2.39812,-0.147243,-9.35103,-8.84079,0.46,0.459024,-0.0458291,2.91694,26.7506
3.0169e+07,-0.68109,0.684482,10.9841,3.559,1.99651,-1.87206,1.87269,-3.54135,-1.09149,2.26452,-1.05363,-7.39684,-7.24432,0.456,0.456073,-0.0469681,2.91854,26.7682
3.0189e+07,0.62551,-0.941197,9.69114,-5.53568,-1.13326,-1.95701,-0.927227,3.67576,2.51156,2.29145,2.23358,-9.07622,-8.59423,0.456,0.455141,-0.0498267,2.91955,26.7829
3.021e+07,0.58916,0.9759,9.51143,5.84708,6.80567,-1.84362,6.31651,3.52604,-1.16783,2.26157,-1.15474,-8.77088,-8.45759,0.456,0.455053,-0.0517034,2.92001,26.7653
3.023e+07,0.1835,-0.00673292,9.04961,-0.0426193,0.21025,-1.88422,0.249197,1.16163,1.32072,2.18716,1.15405,-8.92355,-8.61147,0.457,0.455784,-0.0540334,2.92095,26.7829
3.02511e+07,0.868785,0.0847868,8.50072,0.568493,4.80567,-1.81286,4.48524,5.83516,1.96194,2.25689,1.75437,-7.99226,-7.76408,0.457,0.456004,-0.0609452,2.92159,26.7712
3.0272e+07,1.00047,-1.20131,9.04224,-7.52234,-0.461505,-1.8116,-0.307503,6.25922,2.9085,2.27786,2.60794,-9.09149,-8.61217,0.457,0.456002,-0.0628797,2.92295,26.8035
3.02923e+07,0.085748,-0.543809,9.06545,-3.43273,5.34002,-1.66161,5.05933,0.540959,-0.450274,2.13616,-0.509552,-7.25943,-7.137,0.452,0.451796,-0.0778187,2.92358,26.7918
3.0313e+07,0.646448,1.04815,9.55423,6.24646,8.6988,-1.51805,8.09691,3.84777,-0.129663,2.11079,-0.195575,-8.58768,-8.20094,0.452,0.451039,-0.0810474,2.92485,26.78
3.0333e+07,0.639825,-0.897846,9.86215,-5.19099,1.90491,-1.63926,1.83274,3.69673,3.73293,2.1429,3.42248,-8.206,-8.00589,0.452,0.450965,-0.0803435,2.92622,26.7888
3.0353e+07,0.419883,0.0414354,8.87141,0.267308,2.13391,-1.56421,1.99163,2.70975,1.7482,2.1323,1.58619,-7.79378,-7.62464,0.45,0.449267,-0.0848879,2.92769,26.7947
3.03732e+07,0.0494651,1.13004,10.6613,6.05039,-0.201963,-1.60028,-0.23238,0.264352,0.694765,2.09532,0.602722,-8.16019,-7.88057,0.45,0.448979,-0.0779468,2.928,26.7594
3.05151e+07,0.715875,0.402697,9.15664,2.51052,8.97361,-1.39734,0.510131,4.46604,1.35125,1.98767,0.163616,-8.3434,-7.67474,0.444,0.443113,-0.0658373,2.93317,26.8035
3.05351e+07,-0.852939,0.412331,10.7274,2.19429,-1.1638,-1.45773,-2.63516,-4.54271,-0.160197,2.02848,4.58504,-7.99226,-8.29161,0.443,0.442285,-0.0699495,2.93328,26.7682
3.0576e+07,0.639474,0.366571,9.9259,2.11064,1.29422,-1.69658,1.17431,3.68367,2.29782,2.14139,2.0729,-8.435,-7.98981,0.443,0.442025,-0.0689952,2.93467,26.7829
3.0596e+07,-0.785754,-0.758158,10.1628,-4.25381,-5.2096,-1.80459,-4.696,-4.40894,1.67186,1.92943,1.49426,-8.22126,-7.93031,0.442,0.441197,-0.068101,2.93555,26.7741
3.0636e+07,0.326849,-0.288517,10.6801,-1.54671,-3.10273,-1.68755,-2.79947,1.75226,2.52683,1.77223,2.28996,-9.21363,-8.8627,0.442,0.441153,-0.0585336,2.93693,26.7594
3.0656e+07,0.0860205,-1.52403,9.57197,-9.04625,-0.888986,-1.65461,-0.65519,0.508482,4.69477,1.73407,4.30716,-6.95409,-6.82884,0.439,0.438495,-0.0636396,2.93821,26.7976
3.0697e+07,-0.337177,0.453274,9.76306,2.65661,3.96598,-1.46771,3.69924,-1.97585,1.01538,1.71509,0.954974,-8.09912,-7.91684,0.439,0.438213,-0.0636679,2.93984,26.7741
3.0718e+07,0.190972,-1.11701,8.67507,-7.33534,1.14155,-1.45167,1.15095,1.25078,-0.831953,1.68243,-0.821368,-7.68691,-7.66189,0.438,0.437363,-0.0725345,2.94097,26.7888
3.0738e+07,0.312159,1.01684,10.2003,5.69024,5.06521,-1.37406,4.67813,1.74424,-1.91592,1.54491,-1.85678,-10.3587,-9.87603,0.438,0.437217,-0.0696983,2.94103,26.7535
3.0758e+07,0.615926,-0.823185,9.86703,-4.7598,-0.400437,-1.52404,-0.310302,3.55958,-0.328136,1.44285,-0.397951,-8.3434,-8.11432,0.438,0.437242,-0.0649468,2.94193,26.7741
3.07791e+07,0.680486,-1.13869,9.95669,-6.50918,0.194983,-1.68532,0.271963,3.88453,4.51156,1.39563,4.13635,-8.60294,-8.31321,0.438,0.437255,-0.0610378,2.94178,26.7859
3.082e+07,0.640043,-1.68058,9.09164,-10.4476,3.66063,-1.88102,3.53899,3.96006,5.32072,1.3664,4.91195,-8.46554,-8.12965,0.438,0.437298,-0.0514437,2.94274,26.7741
3.086e+07,0.465186,0.279868,10.1064,1.58457,6.30185,-1.81495,5.88832,2.6344,-1.35104,1.45568,-1.2795,-8.08386,-7.85716,0.436,0.435421,-0.0293931,2.94337,26.78
3.088e+07,1.35131,-0.579935,9.10466,-3.60523,6.92781,-1.91475,6.54992,8.42538,-2.95409,1.74432,-2.83233,-9.07622,-8.69692,0.436,0.435411,-0.0279139,2.94381,26.7682
3.09e+07,-0.750456,1.11077,10.6952,5.91488,-0.629444,-1.88823,-0.594408,-3.99233,-3.12203,1.60372,-2.95161,-8.3434,-8.10551,0.435,0.434501,-0.0226639,2.94466,26.7565
3.092e+07,0.835808,-1.54571,9.27925,-9.41987,-10.3852,-2.12384,-9.51959,5.07732,4.71003,1.73038,4.29981,-9.39683,-8.89042,0.435,0.434361,-0.0289552,2.94479,26.7653
3.094e+07,0.405753,-0.669047,9.76775,-3.91502,1.23315,-2.03547,1.23379,2.37315,4.37415,1.77594,4.0357,-7.24416,-7.11909,0.435,0.434327,-0.0290598,2.94533,26.7682
3.0982e+07,0.833368,-1.35785,9.12998,-8.42477,0.714067,-2.13028,0.796448,5.15897,5.794,1.88005,5.31395,-7.82432,-7.55218,0.437,0.436267,-0.0322386,2.94551,26.7624
3.10231e+07,0.164021,1.3468,9.95875,7.70078,8.71407,-2.08781,-2.52521,0.935069,-2.60295,1.73514,0.872781,-8.45027,-8.30926,0.436,0.435306,-0.0496553,2.94542,26.7976
3.10431e+07,-0.222144,-1.04476,9.40205,-6.33896,-4.82792,-2.05068,-4.34989,-1.34521,-1.19837,1.62884,-1.19754,-8.4808,-8.1432,0.436,0.435188,-0.0550186,2.94509,26.7624
3.11231e+07,0.219404,-0.317418,9.94416,-1.82782,1.78277,-2.39618,2.08021,1.2633,2.51156,1.53415,3.50485,-7.76325,-6.13032,0.436,0.435231,-0.0316066,2.94597,26.7976
3.1224e+07,0.305553,-0.989366,8.65855,-6.51459,-1.80502,-2.13725,-1.59399,2.00803,3.22912,1.47831,2.95026,-6.78615,-6.53491,0.434,0.433313,-0.0382806,2.94707,26.7771
3.1245e+07,0.400614,0.638722,9.80071,3.72565,4.71407,-2.04328,4.37399,2.33577,2.8627,1.44833,2.6563,-7.07622,-6.79378,0.435,0.43369,-0.0345453,2.94784,26.7153
3.1285e+07,0.530212,-1.71671,8.38416,-11.5493,2.43926,-2.00302,2.41632,3.54519,3.47339,1.51794,3.1667,-7.24416,-7.0343,0.435,0.434344,-0.0409302,2.94779,26.7182
3.1305e+07,0.579723,0.564061,9.94289,3.24142,7.64536,-1.90854,7.12225,3.33152,-1.10676,1.42426,-1.07776,-7.91592,-7.57129,0.435,0.434353,-0.0348716,2.94734,26.7418
3.1325e+07,0.34147,-1.34581,10.1371,-7.55818,-5.28593,-1.99834,-4.75226,1.91252,0.0840776,1.37755,-0.0152911,-6.435,-6.24599,0.435,0.434391,-0.0315225,2.94742,26.7241
3.1365e+07,0.854504,-0.0813937,9.40979,-0.49356,5.38582,-2.02714,5.04621,5.18861,0.435223,1.40117,0.355196,-8.17546,-7.76812,0.435,0.434421,-0.0267864,2.94798,26.7388
3.1385e+07,0.298377,-0.943606,9.59645,-5.61307,3.55376,-2.07881,3.47334,1.77235,4.28255,1.47669,3.91007,-7.70218,-7.25827,0.435,0.434387,-0.0300821,2.94837,26.7271
3.1405e+07,-0.169546,-1.28078,9.88123,-7.38431,6.82094,-2.13804,6.50335,-0.974854,1.10698,1.43439,1.0007,-5.73271,-5.68993,0.435,0.434369,-0.0276808,2.94772,26.7594
3.1465e+07,0.126614,-1.52403,8.91664,-9.69832,-4.35464,-2.13372,-3.94169,0.801902,5.03064,1.57543,4.65612,-6.00752,-5.94419,0.435,0.434328,-0.0378524,2.94717,26.7859
3.1565e+07,0.675679,-1.0279,9.37282,-6.24245,-3.48441,-1.89002,-3.14449,4.09879,6.64896,1.36345,6.14348,-7.09149,-6.73822,0.432,0.431548,-0.055998,2.94961,26.78
3.1585e+07,0.238675,-0.92193,9.63215,-5.46568,-1.86609,-1.90623,-1.61615,1.41299,6.46576,1.42737,5.99505,-6.22126,-6.0946,0.432,0.43127,-0.0593615,2.95009,26.7594
3.1606e+07,0.350808,-0.579935,8.48348,-3.90736,5.79804,-1.97767,5.46218,2.36244,3.54973,1.44231,3.25965,-7.59531,-7.32668,0.434,0.431923,-0.0613609,2.95045,26.7506
3.16271e+07,-0.277638,1.01925,10.7112,5.43393,8.53086,-2.01397,0.565633,-1.47812,-2.87775,1.54465,1.14448,-8.12966,-6.68863,0.434,0.433049,-0.0602012,2.95071,26.7594
3.16671e+07,1.04358,-1.64205,10.1906,-9.10674,8.25605,-2.01327,12.1093,5.77308,-3.83959,1.46781,-6.71625,-7.30523,-6.97298,0.427,0.43069,-0.0490268,2.95015,26.7447
3.1709e+07,0.429888,-1.58906,9.34839,-9.63707,-1.82028,-2.50428,-1.55688,2.59572,4.7711,1.65997,4.38332,-6.31287,-6.22398,0.427,0.426242,-0.0310684,2.95035,26.7359
3.1729e+07,0.878271,0.318403,10.2461,1.77342,5.14155,-2.59609,4.77802,4.89691,1.80927,1.78039,1.66645,-6.93882,-6.68661,0.43,0.427985,-0.0176799,2.95045,26.7682
3.1749e+07,0.897857,-1.41806,9.51445,-8.44018,3.56903,-2.78649,3.49048,5.33235,4.89324,1.83436,4.47066,-8.77088,-8.3215,0.43,0.429097,-0.00697316,2.94987,26.7624
3.1769e+07,-0.0936614,0.612229,9.82721,3.56472,14.0423,-2.55472,13.1545,-0.545003,0.236749,1.79031,0.185261,-5.83958,-5.80638,0.43,0.429293,-0.00103012,2.94965,26.7771
3.1789e+07,0.434118,0.371388,9.56995,2.22012,8.8362,-2.52036,8.31822,2.59536,-0.557144,1.88028,-0.55777,-7.12203,-6.83594,0.426,0.426894,-0.015119,2.94911,26.7329
3.1809e+07,0.904762,-0.488416,9.21203,-3.02044,9.15681,-2.50503,8.68001,5.60151,-1.62585,1.98434,-1.57985,-6.99989,-6.77822,0.426,0.425382,-0.0251144,2.94741,26.7565
3.1849e+07,0.102451,-0.502866,9.57121,-3.00735,-5.53021,-2.49296,-5.03418,0.612433,2.75583,1.74513,2.49806,-7.62584,-7.33601,0.432,0.428818,-0.0177981,2.94772,26.7535
3.191e+07,0.862019,-1.34581,9.68792,-7.87798,0.271319,-2.24982,0.463546,5.03661,0.679497,1.77152,0.526329,-8.09912,-7.69419,0.427,0.428361,-0.0264546,2.94752,26.7094
3.1952e+07,0.393397,0.831395,10.3946,4.56972,6.07285,-2.06167,5.65815,2.16051,-3.2289,1.73475,-3.08103,-7.91592,-7.52429,0.427,0.426341,-0.02316,2.94539,26.7447
3.2032e+07,0.0645032,-1.4277,9.2896,-8.73708,-7.04166,-2.28931,-6.37687,0.393215,3.24438,1.97411,2.9601,-5.2289,-5.10032,0.427,0.427614,-0.0227599,2.94522,26.73
3.2052e+07,0.577831,-1.21817,10.0896,-6.87311,-2.69051,-2.34185,-2.37028,3.25416,6.20621,2.00042,5.68989,-6.86248,-6.5533,0.427,0.426351,-0.0290106,2.94456,26.7418
3.2093e+07,-0.0193397,-0.461923,9.1464,-2.89116,2.46979,-2.42984,2.45271,-0.120996,-1.50371,1.93856,-1.47456,-6.64874,-6.41373,0.435,0.432136,-0.0165514,2.94197,26.7476
3.2113e+07,0.658932,-0.912296,8.44232,-6.14902,6.04231,-2.4347,5.74674,4.43722,-3.53424,1.93027,-3.40081,-7.13729,-6.93022,0.435,0.434045,-0.0212906,2.94181,26.7065
3.2133e+07,0.603581,0.636314,9.71506,3.7402,6.94307,-2.27359,6.4855,3.54755,-6.93882,1.86397,-6.55365,-5.82432,-5.74812,0.435,0.434239,-0.0219657,2.94132,26.7418
3.2153e+07,-0.0314042,-0.0115497,9.89501,-0.0668769,-1.3928,-2.32287,-1.21818,-0.181841,-4.63348,1.73082,-4.41136,-6.96935,-6.66148,0.43,0.430534,-0.0281446,2.9412,26.7271
3.2196e+07,0.336677,-1.2856,10.1657,-7.20372,0.454525,-2.39232,0.558266,1.88191,-1.30524,1.74069,-1.31154,-7.18309,-7.02166,0.43,0.429367,-0.00679167,2.9403,26.7065
3.2256e+07,0.114604,-1.27115,9.71717,-7.4523,2.30185,-2.32024,2.34799,0.670007,-5.30524,2.05057,-5.06076,-7.3205,-7.18419,0.437,0.436547,0.0289381,2.93845,26.6918
3.2276e+07,1.15533,0.0727447,9.7303,0.425354,6.68353,-2.23951,6.2511,6.77114,-4.80142,2.07466,-4.58371,-8.12966,-7.84181,0.435,0.435087,0.0262767,2.93737,26.7271
3.23562e+07,0.224074,0.0631111,8.76003,0.412642,2.07285,-2.2176,1.9841,1.46522,-0.496075,2.02603,-0.531097,-6.32813,-6.17612,0.437,0.436448,0.0117287,2.93204,26.7153
3.26572e+07,1.14383,-1.50236,8.41009,-10.0378,-0.858452,-2.00716,-0.70715,7.62582,-2.37394,3.03339,-2.38251,-8.08386,-7.901,0.452,0.45114,0.00731858,2.9034,26.7153
3.2677e+07,0.754194,-0.00673292,9.86585,-0.0389876,-1.22486,-1.87915,-1.06011,4.37147,-2.31287,3.06915,-2.30684,-10.4655,-10.0423,0.452,0.451147,0.00514786,2.90239,26.7182
3.2697e+07,0.343789,-1.09774,10.0853,-6.20841,-3.51494,-1.87403,-3.09519,1.9409,-2.45027,3.19732,-2.40217,-8.02279,-7.89868,0.457,0.454864,0.0161196,2.90117,26.7006
3.2777e+07,2.063,-0.974915,9.74208,-5.59153,-10.3241,-1.75281,-9.51208,11.8987,-0.831953,4.52406,-1.00311,-10.6487,-10.1905,0.46,0.458695,0.0476206,2.89717,26.7653
3.2837e+07,0.55347,0.515893,9.4395,3.1229,5.70643,-1.80058,5.3545,3.35062,-3.41211,4.65225,-3.32718,-10.0228,-9.71466,0.462,0.460491,0.0458647,2.89477,26.7241
3.2937e+07,0.909667,-0.955648,8.96199,-6.05577,-4.07983,-1.44821,-3.72,5.76338,-1.76325,3.49424,-1.81667,-9.59531,-9.10167,0.472,0.46968,0.00167116,2.88911,26.7418
3.2957e+07,0.358123,-1.12424,8.9527,-7.1518,-2.88899,-1.41621,-2.59953,2.27288,-2.2976,3.22589,-2.28492,-9.39683,-9.06812,0.472,0.470903,-0.0119387,2.88839,26.7241
3.2977e+07,-0.38933,-0.909888,9.70157,-5.35368,-3.347,-1.33745,-3.01339,-2.28805,-1.76325,3.01601,-1.7666,-8.22126,-8.09085,0.472,0.471051,-0.0213517,2.88787,26.7506
3.2997e+07,1.09069,0.682073,8.52522,4.53746,3.69117,-1.33664,3.42307,7.26765,-0.343403,2.98558,-0.437687,-10.3587,-9.78629,0.474,0.472526,-0.0300243,2.88755,26.7359
3.3017e+07,0.324156,0.809719,9.01518,5.12908,-0.140895,-1.2487,-0.0972439,2.05103,-4.37394,3.02037,-4.14844,-10.1907,-9.89436,0.474,0.472967,-0.0314575,2.88673,26.7329
3.3037e+07,-0.0315521,0.52071,11.5103,2.5902,-8.00349,-1.2353,-7.38796,-0.156898,-8.19073,3.21083,-7.74072,-10.3281,-9.95622,0.474,0.472967,-0.0210459,2.8868,26.7653
3.3077e+07,0.629799,0.809719,10.7054,4.31799,-3.11799,-1.20802,-2.99001,3.35728,-8.41974,3.80185,-7.9981,-10.4808,-10.2742,0.474,0.472866,0.00269799,2.88645,26.7624
3.3117e+07,0.907261,-0.890621,8.41127,-6.0096,3.53849,-1.1431,3.37918,6.12231,3.06118,3.95188,2.69716,-10.3281,-9.98476,0.477,0.475117,0.0124059,2.88538,26.7506
3.3137e+07,0.226384,0.344895,9.13086,2.16251,8.24078,-1.00067,7.70234,1.41925,2.78637,3.92184,2.45749,-8.84722,-8.71492,0.477,0.475802,0.00963885,2.88552,26.7476
3.3157e+07,0.0183107,1.53465,10.1871,8.56698,9.50796,-0.875422,8.8175,0.101836,1.22912,3.82378,1.00691,-9.13729,-8.86407,0.477,0.475846,0.00110528,2.88549,26.7006
3.3177e+07,0.709389,-2.03703,8.12945,-14.016,-5.07219,-0.732918,-4.56999,4.83826,1.87034,3.37223,1.59114,-12.4503,-11.8067,0.479,0.477617,0.00164907,2.88596,26.7212
3.32972e+07,1.27454,0.739875,9.53183,4.39949,0.91254,-0.704298,0.797611,7.59348,-4.09913,3.00211,-3.90993,-10.7556,-10.3379,0.478,0.477586,-0.0362623,2.88349,26.7447
3.342e+07,0.804505,-0.606428,9.5277,-3.62902,-5.88135,-0.829208,-5.43964,4.81682,5.06118,3.58632,4.58376,-9.80905,-9.42586,0.475,0.473862,-0.0513029,2.88482,26.7712
3.344e+07,0.74511,-1.68781,8.79001,-10.8314,-6.70578,-0.889685,-6.14761,4.75873,3.93141,3.51945,3.52161,-9.65638,-9.36806,0.475,0.47367,-0.0631977,2.88465,26.7241
3.346e+07,-0.291473,-0.753341,9.21502,-4.6713,-0.995857,-0.802376,-0.869798,-1.80565,-1.09149,3.20028,-1.15009,-8.86248,-8.66219,0.475,0.47371,-0.0687854,2.88483,26.7653
3.35004e+07,-0.72866,0.0125344,9.5324,0.0751205,-4.46151,-1.00895,-4.09556,-4.37121,-4.05333,2.62875,-3.84148,-8.54187,-8.41726,0.474,0.472834,-0.0834918,2.90136,26.7418
3.3521e+07,0.00220103,-0.642554,10.6656,-3.44765,-7.94242,-1.08451,-7.30671,0.0118026,1.67186,2.59681,1.43771,-9.88538,-9.49091,0.474,0.472809,-0.0879401,2.89994,26.7535
3.3541e+07,-0.418489,0.903647,9.26527,5.56484,-3.13326,-0.976146,-2.96232,-2.57395,0.939039,2.47921,0.833761,-10.0839,-9.69417,0.472,0.471127,-0.0977186,2.8991,26.7124
3.3561e+07,0.259616,1.05538,10.8153,5.57179,-7.3928,-0.970149,-6.89497,1.36859,3.56499,2.60788,3.26238,-9.71745,-9.28499,0.472,0.470812,-0.0922436,2.89956,26.7388
3.3601e+07,1.34861,0.571286,9.88763,3.27648,-1.83555,-0.926163,-1.72119,7.75406,-0.831953,2.98778,-0.876916,-11.0762,-10.6462,0.469,0.468258,-0.0811319,2.90035,26.7506
3.3721e+07,-0.669207,0.886789,10.7731,4.69669,2.27132,-0.815071,2.13217,-3.5426,2.14515,2.80812,1.95075,-8.87775,-8.60341,0.462,0.461592,-0.0622807,2.89784,26.78
3.3761e+07,0.204852,0.491809,9.43264,2.98394,3.08048,-0.629555,2.8959,1.24243,-0.786151,2.59229,-0.839852,-8.54187,-8.26951,0.462,0.460997,-0.0717041,2.89632,26.7506
3.3821e+07,1.02183,-0.707581,8.41859,-4.76957,-7.80502,-0.669072,-7.27274,6.89648,0.267284,2.69549,0.123482,-9.01516,-8.70122,0.462,0.460962,-0.0751651,2.8958,26.7506
3.3841e+07,0.104491,0.749509,10.5561,4.06111,-3.63708,-0.605608,-3.44917,0.565706,-0.373938,2.65785,-0.416338,-9.19836,-9.00412,0.459,0.458454,-0.0701563,2.89609,26.7447
3.3861e+07,-0.0716781,-1.16036,10.1354,-6.53099,-8.59891,-0.702109,-7.91459,-0.402563,3.36652,2.65683,3.03401,-9.12203,-8.86024,0.459,0.458065,-0.0627317,2.89646,26.7476
3.3942e+07,0.0573825,-1.58184,9.77608,-9.19103,-14.1104,-0.6404,-13.0278,0.331986,5.6566,2.95058,5.14771,-9.94645,-9.61558,0.46,0.459166,-0.0266381,2.89654,26.7447
3.39631e+07,0.487044,-1.04476,9.62462,-6.18738,-9.51494,-0.782711,-8.84001,2.88004,6.12988,2.89194,5.62808,-9.12203,-8.76294,0.456,0.455574,-0.0346502,2.89654,26.7565
3.39831e+07,0.574988,0.417148,8.90512,2.67641,2.71407,-0.777725,2.49869,3.69032,5.33599,2.86753,4.87482,-9.76325,-9.34784,0.456,0.455146,-0.0443101,2.89705,26.7741
3.4024e+07,-0.666965,1.40941,10.0664,7.95305,9.79804,-0.725866,9.08576,-3.75416,1.56499,2.43967,1.42756,-7.4121,-7.28136,0.459,0.457858,-0.0481638,2.89733,26.7418
3.4125e+07,0.391353,-0.40653,9.19836,-2.52831,-3.05693,-0.933771,-2.80825,2.43386,5.06118,1.97146,4.64884,-8.80142,-8.36363,0.457,0.456069,-0.087688,2.89636,26.7535
3.4145e+07,-0.94351,-0.189772,9.85515,-1.09814,-1.36227,-1.0032,-1.17519,-5.46769,1.67186,1.76008,1.53406,-7.09149,-6.90757,0.455,0.454374,-0.0950691,2.89595,26.73
3.4205e+07,0.703984,0.229292,9.35106,1.40067,-0.995857,-0.996945,-0.946833,4.30403,7.29018,1.59109,6.7674,-9.42737,-9.03039,0.449,0.449058,-0.0998071,2.89613,26.7682
3.4225e+07,1.02675,-1.24466,10.6305,-6.64734,-14.5378,-1.13444,-13.5154,5.47962,10.0077,1.84423,9.26485,-9.3205,-8.86864,0.449,0.448172,-0.0853943,2.89633,26.7418
3.4245e+07,0.0716412,-1.33618,10.7879,-7.06049,-18.7821,-1.21342,-17.4211,0.377604,3.8856,1.93289,3.5579,-7.90065,-7.72131,0.449,0.448164,-0.0642294,2.89693,26.7594
3.4265e+07,1.15319,-0.837636,11.0228,-4.32212,-7.27067,-1.2763,-6.77627,5.95545,-0.908289,2.10262,-0.944515,-9.65638,-9.2083,0.443,0.443159,-0.0578789,2.89717,26.7594
3.4305e+07,0.0330508,0.0486606,10.1918,0.273554,6.17972,-1.27483,5.82976,0.1858,-1.1831,2.07175,-1.16176,-6.75561,-6.56579,0.443,0.442451,-0.0145135,2.89793,26.7476
3.4325e+07,0.245427,0.556836,10.4299,3.05519,8.31712,-1.1845,7.79707,1.34607,6.31309,1.99185,5.81511,-7.59531,-7.20126,0.442,0.441696,-0.00976556,2.89828,26.7388
3.4345e+07,0.737644,-0.601611,9.69397,-3.54103,6.94307,-1.08273,6.5465,4.34311,10.4963,2.00451,9.73465,-6.66401,-6.38719,0.442,0.441643,-0.00399421,2.89786,26.7506
3.4365e+07,0.759203,-0.847269,8.28089,-5.81773,3.11101,-1.17032,2.95726,5.21126,9.794,2.0363,9.08052,-6.40447,-6.18885,0.442,0.441588,-0.0135441,2.89814,26.7565
3.43851e+07,-0.141296,0.17149,9.7482,1.00773,2.54613,-1.16833,2.38548,-0.83029,4.74057,1.96361,4.39688,-5.61058,-5.45748,0.438,0.438145,-0.0278381,2.89722,26.7565
3.4405e+07,-0.463662,0.197982,9.16446,1.236,-2.00349,-1.19577,-1.80864,-2.89565,1.93141,1.75881,1.7779,-6.49607,-6.26776,0.438,0.437528,-0.0346518,2.89752,26.7153
3.4425e+07,0.38851,1.2336,9.89902,7.09808,4.46979,-1.15263,4.10663,2.23032,2.05354,1.68612,1.88293,-6.66401,-6.36419,0.438,0.437448,-0.0397217,2.89798,26.7476
3.44451e+07,-0.626119,0.501442,8.86831,3.22822,1.47743,-1.21831,1.41056,-4.03207,1.51919,1.52984,1.40543,-4.35867,-4.23912,0.436,0.435698,-0.0577867,2.89851,26.6829
3.44661e+07,-0.107403,-1.49272,8.92877,-9.49034,-1.86609,-1.20366,-1.5854,-0.679739,3.80927,1.41926,3.48819,-4.63348,-4.46857,0.436,0.435358,-0.069039,2.89934,26.7418
3.44874e+07,-0.368141,0.173898,9.00764,1.10507,0.683533,-1.13225,0.69164,-2.33993,2.71003,1.27418,2.51055,-4.78615,-4.66451,0.436,0.4353,-0.0730713,2.8992,26.7418
3.4528e+07,0.778443,-1.34099,9.73548,-7.8181,-2.24776,-1.02573,-2.00636,4.52903,7.42759,1.39653,6.87418,-6.72508,-6.37522,0.431,0.430234,-0.0929107,2.90098,26.7388
3.4609e+07,0.438929,0.246151,11.1795,1.26037,-0.0340245,-1.14493,0.00207015,2.24785,0.328352,1.45094,0.255155,-6.2976,-6.05779,0.425,0.424089,-0.0922865,2.9066,26.7565
3.4709e+07,0.938184,-0.461923,9.44947,-2.78492,10.1034,-1.4147,9.49856,5.66327,4.08408,1.59971,3.75002,-6.81668,-6.4964,0.413,0.412232,-0.075951,2.91006,26.73
3.4729e+07,-0.146155,0.472541,10.2758,2.63268,11.7217,-1.31179,10.9841,-0.814019,-1.64111,1.53489,-1.56645,-5.97699,-5.83281,0.413,0.41225,-0.0651331,2.91116,26.73
3.4749e+07,0.467494,0.564061,10.1733,3.17019,8.42399,-1.36591,7.82909,2.62704,-4.22127,1.62011,-3.9799,-5.58004,-5.37876,0.408,0.407747,-0.0690742,2.91136,26.7506
3.4809e+07,-0.602352,0.903647,10.2745,5.0177,-6.61418,-1.65435,-6.1669,-3.34232,7.54973,1.72596,7.04269,-5.06096,-4.97633,0.405,0.404594,-0.048556,2.9122,26.7182
3.4849e+07,0.735464,-1.34581,9.46722,-8.06668,6.25605,-2.028,5.93173,4.39808,3.15278,1.98191,2.86412,-5.30523,-5.20629,0.405,0.404268,-0.03672,2.91313,26.6976
3.4869e+07,1.17229,-0.806326,9.44872,-4.8407,12.8209,-1.94556,12.0621,7.04711,-1.15256,2.08275,-1.17496,-6.2976,-5.98571,0.401,0.400649,-0.0421685,2.91273,26.7329
3.49092e+07,-0.472851,-1.10497,10.6605,-5.91184,-7.49967,-1.75568,-6.78506,-2.52619,0.160414,1.91447,0.0497526,-6.2518,-5.9661,0.401,0.400366,-0.0289043,2.91114,26.7124
3.493e+07,1.12489,-2.10928,9.99986,-11.8383,-9.54548,-1.85713,-8.76849,6.2812,4.6795,2.137,4.25603,-5.54951,-5.31293,0.399,0.398571,-0.024965,2.91008,26.7212
3.49511e+07,1.01947,-0.820777,10.3012,-4.53353,-6.81265,-2.14599,-6.28236,5.63421,3.00011,2.41183,2.70138,-5.59531,-5.44989,0.399,0.398277,-0.0141144,2.91033,26.7241
3.4971e+07,0.0213044,-0.644963,9.46422,-3.89853,-2.55311,-2.15924,-3.34427,0.128677,0.832169,2.54743,1.19378,-5.3205,-6.46541,0.399,0.39827,-0.00774819,2.90998,26.6947
3.49911e+07,1.23449,-1.22539,9.09186,-7.60703,5.85911,-2.26039,3.47754,7.66385,-0.831953,2.51573,-1.55162,-6.31287,-5.97659,0.397,0.396417,-0.0120628,2.90898,26.7418
3.5033e+07,0.859554,-1.06643,10.5122,-5.77354,3.47743,-2.25513,3.43347,4.65074,-4.63348,2.64639,-4.47807,-8.08386,-7.62331,0.4,0.397404,0.0108498,2.90842,26.7329
3.5053e+07,0.687815,-1.73597,10.8651,-9.05992,-0.0950931,-2.28436,0.130278,3.57704,-5.87012,2.71469,-5.63876,-6.22126,-6.12469,0.4,0.39919,0.0259914,2.90792,26.7594
3.5073e+07,-0.0865133,0.667623,10.9812,3.47903,-3.3928,-2.05546,-3.03148,-0.450554,-4.63348,2.67232,-4.46604,-5.96172,-5.76914,0.4,0.399487,0.0436074,2.90811,26.7418
3.5113e+07,0.713951,-1.26874,10.1701,-7.09373,-6.49204,-2.25793,-5.89286,3.98483,5.33599,2.93551,4.85133,-7.76325,-7.33785,0.403,0.402337,0.0500992,2.90764,26.7065
3.5133e+07,0.491315,0.773593,8.92951,4.94392,5.66063,-1.97128,5.37103,3.13759,1.62606,2.85395,1.41466,-7.99226,-7.56711,0.403,0.40251,0.0376987,2.90718,26.7241
3.5153e+07,-0.0171106,0.108871,8.97874,0.6947,7.21788,-1.96464,6.79492,-0.109179,-3.45791,2.70104,-3.29637,-5.4121,-5.33195,0.408,0.404302,0.0265734,2.90665,26.7124
3.5173e+07,0.520088,0.344895,9.55084,2.06508,7.29422,-1.95252,6.85631,3.11492,-2.86249,2.57929,-2.77968,-8.78615,-8.31967,0.408,0.407182,0.0253098,2.90657,26.7565
3.5193e+07,1.01956,-1.16036,9.25122,-7.10658,3.23315,-2.09781,3.08832,6.24061,-2.12966,2.60159,-2.08969,-6.74035,-6.57153,0.408,0.407445,0.0142773,2.90632,26.7271
3.52134e+07,0.140597,-0.288517,9.18215,-1.79952,3.87437,-2.03468,3.70106,0.876813,-6.81669,2.42565,-6.47488,-6.75561,-6.57972,0.409,0.407821,0.0128346,2.92272,26.7182
3.5234e+07,1.19348,0.253376,9.3768,1.53546,8.85147,-2.06617,8.2384,7.25102,-7.41211,2.48912,-7.01671,-7.73271,-7.34182,0.409,0.408353,0.00707361,2.92217,26.7359
3.5296e+07,1.82202,-1.65168,9.98812,-9.23992,4.01178,-2.45812,3.87719,10.2025,-4.2518,3.22417,-4.15313,-5.33577,-5.27288,0.41,0.409103,0.0133911,2.91778,26.7035
3.5336e+07,-0.0238577,-1.38916,9.67912,-8.16738,-4.46151,-2.60913,-3.95936,-0.139793,0.297818,3.53428,0.120066,-5.42737,-5.30166,0.413,0.410731,0.0201652,2.91575,26.6741
3.5376e+07,0.515489,-0.290926,9.49759,-1.75193,2.86674,-2.53546,2.76047,3.10527,0.206215,3.51855,0.0525155,-5.65638,-5.5954,0.413,0.411829,0.00184814,2.91422,26.73
3.5416e+07,0.0430595,-1.59629,9.24662,-9.79459,-9.11799,-2.65549,-8.35092,0.262923,1.00011,3.24801,0.79351,-7.58004,-7.25212,0.419,0.417613,-0.00409046,2.91316,26.7241
3.5456e+07,0.954661,0.393064,9.37485,2.38852,11.3248,-2.67827,10.6023,5.80944,-6.67928,3.10718,-6.37596,-8.206,-7.82241,0.422,0.419602,-0.0144352,2.91247,26.6976
3.58362e+07,0.281446,-0.168097,10.1295,-0.950352,6.21025,-2.93749,5.97256,1.59132,1.10698,2.99591,0.926716,-8.37393,-8.00787,0.44,0.438067,-0.0733915,2.91595,26.7241
3.5856e+07,0.298629,-1.84917,9.32197,-11.2143,2.08811,-2.85952,2.19416,1.79979,1.15278,2.89684,0.940108,-6.55714,-6.38175,0.44,0.438331,-0.0787609,2.91717,26.7271
3.58761e+07,0.307769,-0.370403,9.66622,-2.19335,-1.45387,-2.99714,-1.26488,1.82232,-2.06859,2.89679,-2.01938,-7.51897,-7.25945,0.441,0.438624,-0.0818099,2.91809,26.73
3.5896e+07,0.833261,-0.970098,10.6715,-5.17856,-7.71341,-3.08818,-7.02392,4.44651,-2.83195,2.93372,-2.79576,-8.16019,-7.69661,0.441,0.439219,-0.0691618,2.91929,26.68
3.59361e+07,0.0545762,-0.0765769,10.7638,-0.407607,-2.11036,-3.25827,-1.03964,0.2905,-2.93882,2.97035,-0.59971,-6.206,-5.96174,0.441,0.439324,-0.0530436,2.92037,26.7271
3.5997e+07,0.197575,0.901239,9.93664,5.18145,8.72933,-3.08485,8.24812,1.13443,6.02301,2.97346,5.55317,-6.60294,-6.22425,0.445,0.44213,-0.0463512,2.92318,26.6771
3.6037e+07,0.859487,-0.828002,9.5368,-4.94215,-4.96532,-2.84242,-4.45401,5.13057,-1.64111,2.96535,-1.67078,-7.21363,-6.79478,0.445,0.443541,-0.0442419,2.92476,26.7124
3.6057e+07,0.854557,-0.271658,8.73046,-1.77378,-2.69051,-2.81316,-2.40521,5.58775,-5.07623,2.90839,-4.87132,-6.32813,-6.09625,0.446,0.44392,-0.0533539,2.92597,26.6771
3.62374e+07,0.472681,-0.912296,8.67278,-5.99607,-2.55311,-2.54533,-2.29457,3.10254,-0.0991285,2.38585,-0.18988,-5.4121,-5.39362,0.448,0.447474,-0.0508826,2.94992,26.7006
3.6258e+07,-0.162659,-0.286109,9.5528,-1.71526,-1.66761,-2.5895,-1.4336,-0.975065,1.22912,2.24782,1.07457,-6.32813,-6.03149,0.448,0.446854,-0.0579912,2.9492,26.68
3.6278e+07,0.243281,-0.312601,10.2314,-1.74952,3.87437,-2.52541,3.73668,1.36148,3.13751,2.19008,2.85239,-6.32813,-6.1229,0.448,0.44681,-0.0611755,2.94826,26.68
3.6298e+07,-0.434493,-1.65168,9.65056,-9.70235,1.14155,-2.44967,1.34084,-2.54097,2.8169,2.12905,2.53097,-7.47317,-7.13275,0.449,0.44718,-0.0678254,2.94795,26.7418
3.6318e+07,-0.435113,0.576103,9.19828,3.57985,8.02704,-2.34865,7.56137,-2.70299,-2.77088,2.01963,-2.64035,-7.39684,-7.18404,0.449,0.447756,-0.070621,2.94741,26.7006
3.6458e+07,0.322153,-0.575119,9.39284,-3.50176,6.07285,-2.53056,5.78037,1.96068,0.816902,2.28155,0.681192,-6.35867,-6.22922,0.448,0.446852,-0.0491755,2.94416,26.6918
3.6558e+07,0.739757,0.388247,9.49849,2.33358,2.30185,-2.31012,2.18344,4.44959,1.44286,2.64402,1.23563,-6.4808,-6.14821,0.445,0.444201,-0.0565287,2.94146,26.6976
3.6578e+07,-0.382551,0.472541,10.3543,2.61122,-1.98822,-2.30087,-1.77441,-2.11369,-1.91592,2.4971,-1.83835,-5.88539,-5.72428,0.445,0.443818,-0.0594169,2.94099,26.7006
3.696e+07,-0.0219519,0.344895,10.4179,1.89614,-6.3241,-1.79839,-5.8638,-0.120663,-3.41211,1.71332,-3.21605,-7.54951,-7.23503,0.438,0.437696,-0.0367424,2.9196,26.7124
3.6981e+07,0.716481,-1.77933,9.54727,-10.5282,-9.28593,-2.14734,-8.65008,4.21937,0.801635,1.84567,0.668155,-7.44264,-7.1397,0.438,0.437346,-0.0287952,2.91854,26.6918
3.7001e+07,1.01941,-0.60402,10.0973,-3.40606,-1.83555,-2.13332,-1.66172,5.75473,1.19858,1.92806,1.01908,-7.71745,-7.3029,0.438,0.437323,-0.0177373,2.91702,26.6741
3.7021e+07,0.0547282,-0.623287,10.4448,-3.415,0.91254,-2.1507,0.925382,0.299681,-1.25943,1.94804,-1.22703,-5.64111,-5.6975,0.435,0.435566,-0.0108435,2.91591,26.6947
3.7082e+07,-0.478039,0.381022,10.2403,2.12857,-2.14089,-2.15238,-1.92878,-2.67091,0.282551,2.1275,0.221432,-6.54187,-6.46408,0.438,0.436219,0.0129805,2.91082,26.7124
3.7122e+07,0.42719,-0.473965,10.0197,-2.70581,-3.85082,-1.92768,-3.53814,2.4386,2.48102,2.03647,2.21984,-7.19836,-6.90331,0.438,0.437468,0.000639357,2.90836,26.7153
3.71624e+07,1.03825,0.335262,8.22081,2.31696,4.40872,-1.78399,4.19906,7.19218,1.794,1.8942,1.61351,-6.3434,-6.10363,0.44,0.439392,-0.0170404,2.92055,26.6918
3.71831e+07,0.398768,-1.30968,8.74581,-8.50805,-2.81265,-1.59414,5.31952,2.58186,3.39705,1.77848,2.30186,-7.28997,-7.23517,0.44,0.439419,-0.0276421,2.91927,26.6888
3.7203e+07,-0.236714,-0.170505,10.5312,-0.927328,-1.91189,-1.53341,-1.68596,-1.28747,1.39705,1.75465,1.256,-7.77851,-7.4954,0.439,0.438625,-0.0392784,2.91831,26.7006
3.7223e+07,0.279384,-1.33859,9.11149,-8.35377,-8.03403,-1.52782,-7.37341,1.73766,3.22912,1.7039,2.91651,-7.90065,-7.52463,0.439,0.438367,-0.0489619,2.91756,26.7124
3.7243e+07,1.01914,0.371388,8.74322,2.41597,0.958342,-1.56946,0.807805,6.64265,-0.480808,1.68043,-0.503053,-7.73271,-7.3927,0.439,0.438286,-0.0563711,2.91677,26.6771
3.72637e+07,-0.451882,0.773593,9.12976,4.83739,0.378189,-1.60018,0.324361,-2.82347,-0.297602,1.44585,-0.314505,-6.74035,-6.56695,0.439,0.438263,-0.0606677,2.91593,26.7094
3.7284e+07,0.458125,-0.088619,8.30611,-0.610346,1.15682,-1.67466,1.14209,3.15678,-0.0685942,1.60718,-0.108574,-7.28997,-7.05585,0.439,0.438188,-0.0737361,2.91496,26.6976
3.7324e+07,-0.329669,-0.787059,9.94863,-4.52091,-8.20196,-1.59576,-7.4627,-1.89201,0.832169,1.51264,0.709642,-6.86248,-6.71285,0.435,0.435101,-0.0916284,2.9135,26.7506
3.7405e+07,-0.148309,-0.367995,10.4477,-2.01706,-3.98822,-1.943,-3.64577,-0.812775,-3.68691,1.97514,-3.53388,-7.19836,-7.00102,0.43,0.429178,-0.0574326,2.90904,26.6918
3.7425e+07,0.911954,-0.589569,10.0239,-3.35225,8.48506,-1.92943,7.9504,5.18945,-3.21363,2.05156,-3.09046,-6.78615,-6.66891,0.43,0.429201,-0.0343244,2.908,26.7241
3.74451e+07,0.694244,0.906056,10.0146,5.15738,9.11101,-1.86347,8.48214,3.94952,-0.435006,2.07357,-0.493034,-8.08386,-7.70836,0.426,0.426303,-0.0286237,2.90701,26.7035
3.74871e+07,0.773325,-0.110295,10.4497,-0.603074,-3.71341,-1.8806,-2.42134,4.23219,5.30545,2.14564,4.88873,-8.26706,-7.92463,0.426,0.425343,-0.0190427,2.91944,26.6888
3.75071e+07,-0.506396,-0.690722,10.127,-3.89702,-6.33937,-1.83945,-0.100542,-2.85604,1.68713,2.16389,2.42819,-6.75561,-7.45371,0.43,0.427745,-0.013322,2.91838,26.7065
3.7548e+07,0.591447,1.33957,9.41942,8.07827,3.00414,-1.76001,2.72664,3.55719,-1.70218,2.12237,-1.66742,-7.09149,-6.76768,0.43,0.429326,-0.0251583,2.91586,26.7241
3.7589e+07,0.758758,0.754326,9.31387,4.61503,1.7675,-1.63855,1.64122,4.64221,0.45049,1.99886,0.355637,-7.77851,-7.43774,0.428,0.427321,-0.0440714,2.91366,26.7124
3.7609e+07,0.630281,-0.924339,9.41576,-5.59428,-2.2783,-1.54912,-2.01575,3.81134,2.06881,2.04208,1.82719,-7.39684,-7.12406,0.428,0.427293,-0.0430237,2.91222,26.73
3.7629e+07,0.32225,-0.924339,9.1145,-5.78721,-0.324101,-1.53447,-0.22889,2.01457,-2.00753,1.97916,-1.9534,-7.06096,-6.90967,0.43,0.428797,-0.0403126,2.9122,26.7241
3.7669e+07,0.964635,-1.12424,9.98971,-6.39154,-8.52257,-1.2649,-7.88501,5.48115,0.175681,1.97175,0.0477006,-8.78615,-8.34174,0.43,0.42936,-0.0411692,2.91173,26.6976
3.7689e+07,-0.0812107,-1.2278,10.1946,-6.86717,-10.2936,-1.4301,-9.50346,-0.453136,0.465757,1.92611,0.328738,-7.79378,-7.53387,0.425,0.425578,-0.0535704,2.9119,26.6976
3.7709e+07,0.97895,-1.08089,9.12317,-6.71852,-6.85845,-1.56314,-6.34396,6.08239,1.73293,2.0366,1.52561,-7.93119,-7.63294,0.425,0.424363,-0.0541024,2.91257,26.7035
3.7729e+07,0.606174,-0.100661,10.0344,-0.573703,-4.67525,-1.58087,-4.33922,3.45684,1.01538,2.21996,0.863871,-8.49607,-8.13629,0.425,0.424196,-0.050396,2.91338,26.7212
3.7769e+07,1.00537,-1.63241,9.79655,-9.41181,-3.2554,-1.72224,-2.90618,5.78031,-2.93882,2.53562,-2.86724,-8.19073,-7.95214,0.424,0.423152,-0.0414112,2.91419,26.7006
3.7789e+07,0.436775,-0.594386,10.321,-3.29307,-5.31647,-1.71356,-4.88744,2.41924,-4.64875,2.56973,-4.43901,-9.33577,-8.89498,0.424,0.423139,-0.032695,2.91499,26.7388
3.7829e+07,0.195891,-1.63,10.4146,-8.89377,-6.56838,-1.99033,-5.95911,1.06461,-3.1831,2.62162,-3.11573,-7.85485,-7.62362,0.426,0.425203,-0.00320998,2.91683,26.7388
3.7849e+07,-0.160465,0.409923,10.7102,2.19163,-4.2325,-1.92148,-3.85655,-0.85774,-5.06096,2.51464,-4.85152,-7.19836,-6.98914,0.426,0.425319,0.00765918,2.91759,26.7241
3.789e+07,0.484627,-0.938789,9.73875,-5.49938,-0.278299,-1.91648,-0.110214,2.83572,2.6337,2.7353,2.31786,-7.70218,-7.50166,0.426,0.425295,-0.00101805,2.91941,26.7359
3.79111e+07,0.804448,-0.401713,8.74454,-2.6192,3.08048,-1.90052,3.65298,5.25059,1.27492,2.72628,0.222992,-7.82432,-6.97689,0.426,0.425282,-0.00235888,2.91996,26.7094
3.7932e+07,0.546237,0.766368,10.278,4.25832,4.19498,-1.89285,3.89784,3.03378,-1.61058,2.76355,-1.58285,-7.82432,-7.59353,0.427,0.426079,-0.00192343,2.92031,26.7329
3.7952e+07,0.398459,-0.199406,9.97981,-1.14376,-0.965322,-2.09519,-0.863162,2.28595,-2.58768,2.78917,-2.52012,-8.78615,-8.41184,0.427,0.426188,0.000172217,2.92106,26.7094
3.79722e+07,1.76688,-0.87617,8.7382,-5.613,3.6301,-2.00363,3.42437,11.3756,-3.94646,2.831,-3.81483,-7.96172,-7.64951,0.427,0.426247,0.00114182,2.92077,26.7359
3.8013e+07,0.465293,-0.105478,10.0036,-0.603449,-3.31647,-2.1273,-3.02874,2.66289,-5.74798,2.82328,-5.50143,-8.57241,-8.20975,0.429,0.428229,0.0137417,2.92107,26.7388
3.8053e+07,0.13082,0.525527,10.2661,2.9302,5.7675,-2.34006,5.38911,0.729118,0.893238,2.87199,0.737449,-7.64111,-7.52042,0.429,0.428252,0.023286,2.92207,26.7035
3.8093e+07,-0.272526,-0.192181,11.0702,-0.994267,1.12628,-2.39702,1.20457,-1.41001,1.13751,3.10815,0.992102,-6.69455,-6.59211,0.429,0.428185,0.030487,2.9219,26.7359
3.8113e+07,0.565684,-0.471557,9.10314,-2.95966,7.49269,-2.42456,7.09024,3.55113,-0.129663,3.13956,-0.230323,-6.78615,-6.68391,0.432,0.43073,0.0368341,2.92072,26.7153
3.8133e+07,0.784943,1.04574,10.01,5.94595,5.88964,-2.36109,5.49918,4.45957,-2.2976,3.18698,-2.24812,-6.66401,-6.41728,0.432,0.431154,0.0358078,2.92028,26.7065
3.8153e+07,0.703972,0.272643,9.15645,1.70052,2.31712,-2.48821,2.1605,4.39446,-2.69455,3.26543,-2.6084,-7.06096,-6.8842,0.432,0.431118,0.0298791,2.9196,26.7359
3.8173e+07,1.24178,-1.67095,9.34518,-10.051,-3.42334,-2.51899,-3.02879,7.45222,1.13751,3.33633,0.892863,-8.22126,-7.75795,0.436,0.434461,0.0351592,2.91879,26.7447
3.8213e+07,1.15334,-1.37712,9.62114,-8.08856,0.0728458,-2.63256,0.187829,6.76745,2.46576,3.25486,2.12671,-7.59531,-7.20332,0.436,0.435106,0.0347155,2.91678,26.7359
3.8233e+07,0.725154,1.38051,9.74939,8.03759,5.03468,-2.57084,4.69566,4.21194,-2.26707,3.4358,-2.22062,-7.59531,-7.27141,0.439,0.437505,0.0340652,2.91586,26.6976
3.8253e+07,0.811383,0.421965,8.8242,2.72626,4.53086,-2.5692,4.22971,5.2476,-1.56478,3.41364,-1.56724,-7.4579,-7.22017,0.439,0.437914,0.0254502,2.9138,26.7447
3.8273e+07,-0.256124,0.932548,10.1009,5.2731,5.46216,-2.51399,5.12465,-1.44636,-1.58004,3.21262,-1.58898,-6.17546,-6.13595,0.439,0.437994,0.0237472,2.91176,26.7094
3.8293e+07,-0.141035,-0.767792,10.0957,-4.34863,-2.29357,-2.43475,-1.96735,-0.798052,-1.1831,3.11104,-1.20351,-8.16019,-7.98023,0.442,0.440604,0.0242386,2.91032,26.7212
3.8435e+07,1.0268,-1.4277,8.26311,-9.72938,4.86674,-2.64964,4.66242,6.98107,1.13751,3.10378,0.916835,-7.06096,-6.96253,0.446,0.44487,-0.0110091,2.89978,26.7418
3.84551e+07,0.408006,-0.182547,9.64032,-1.08384,4.92781,-2.49398,4.69717,2.42304,1.68713,3.11111,1.44035,-8.32813,-8.01975,0.446,0.444832,-0.0129507,2.89929,26.7212
3.84751e+07,-0.0408276,-0.471557,9.55952,-2.824,-1.68288,-2.71177,-1.43869,-0.244405,0.603162,3.16914,0.488101,-6.12966,-6.07175,0.448,0.446563,-0.0106992,2.89848,26.7182
3.84951e+07,-0.315543,-0.0621264,10.7024,-0.332448,-1.3012,-2.69597,1.48976,-1.68875,0.710032,3.21715,0.824567,-6.90829,-7.27729,0.448,0.4467,-0.0181252,2.89712,26.7153
3.8596e+07,-0.13165,-0.168097,9.56008,-1.00724,2.01178,-2.48015,1.98531,-0.788837,1.50392,2.76503,1.28557,-7.38157,-7.10831,0.452,0.450945,-0.023822,2.89394,26.7359
3.8616e+07,-0.587855,0.29191,10.5679,1.5798,-0.721047,-2.48111,-0.562972,-3.18268,3.47339,2.65637,3.16403,-8.23653,-7.85442,0.452,0.450884,-0.0275509,2.89306,26.7476
3.8716e+07,1.49011,-1.6589,8.57336,-10.7932,6.85147,-2.9573,6.50643,9.68378,0.55736,2.74852,0.369418,-6.37393,-6.182,0.448,0.446661,-0.0583283,2.89045,26.7212
3.8736e+07,0.582184,0.299136,9.89498,1.7286,2.07285,-2.95408,2.0339,3.36566,1.42759,2.84649,1.242,-7.06096,-6.71761,0.448,0.446431,-0.0633381,2.89118,26.7447
3.8896e+07,0.77124,-1.19649,9.6265,-7.06262,-2.12563,-2.88727,-1.82627,4.54571,1.54973,2.61805,1.32778,-7.67164,-7.28063,0.445,0.443441,-0.0751473,2.89458,26.7535
3.8916e+07,0.76845,0.248559,9.46738,1.49899,1.52323,-2.95002,1.48019,4.63883,-0.221266,2.63541,-0.313699,-7.38157,-6.95939,0.445,0.443397,-0.0784272,2.89494,26.6918
3.8936e+07,-0.217802,0.513484,10.454,2.81142,3.21788,-2.9782,3.05877,-1.19211,-3.07623,2.53139,-2.92511,-6.67928,-6.54067,0.445,0.443401,-0.0735855,2.89494,26.7506
3.8976e+07,1.3539,-1.30487,9.34329,-7.86926,6.95834,-3.2172,6.60486,8.16696,3.47339,2.54353,3.11971,-6.74035,-6.48332,0.44,0.438411,-0.0781026,2.89617,26.7182
3.9036e+07,0.783273,-1.53367,9.56422,-9.08019,-2.59891,-2.97504,-2.24482,4.62305,-0.526609,2.51603,-0.596977,-6.2976,-6.1328,0.437,0.435548,-0.0703731,2.89735,26.7624
3.9056e+07,0.276939,-1.13387,10.1494,-6.37221,-3.97296,-3.01477,-3.54948,1.55335,0.0230088,2.5882,-0.107483,-6.67928,-6.43313,0.437,0.435498,-0.0678075,2.89808,26.7359
3.9076e+07,0.458603,-1.80823,9.09872,-11.2263,-3.33173,-3.1646,-2.89842,2.83018,-2.2518,2.61027,-2.22527,-5.88539,-5.73484,0.436,0.434535,-0.0712312,2.89842,26.7329
3.9116e+07,0.434405,-0.661821,10.0645,-3.75875,3.99651,-3.28411,3.86326,2.46615,0.419955,2.47176,0.300889,-4.87775,-4.74526,0.436,0.43443,-0.0622448,2.89884,26.7271
3.9136e+07,-0.212626,-0.924339,10.5727,-4.99547,-0.675246,-3.18988,-0.377708,-1.14773,2.49629,2.39164,2.22614,-7.06096,-6.64981,0.433,0.431801,-0.0623864,2.9005,26.7447
3.9156e+07,0.149874,0.701341,10.1002,3.97172,8.45452,-3.032,8.04587,0.84809,0.816902,2.27048,0.686667,-5.87012,-5.7689,0.433,0.431615,-0.0564161,2.90107,26.7506
3.9176e+07,0.0999445,-0.0741685,9.31074,-0.456377,4.50033,-3.03469,4.28501,0.614988,-1.3663,2.25017,-1.32142,-4.69454,-4.74051,0.433,0.431651,-0.0557229,2.90253,26.7624
3.9216e+07,0.618473,-1.39398,9.53135,-8.30342,-0.843185,-3.04582,-0.61943,3.67365,2.7711,2.16652,2.46501,-5.24416,-4.97667,0.428,0.426746,-0.0561328,2.90455,26.7476
3.9236e+07,0.608793,-0.931564,9.64132,-5.508,-0.217231,-2.91431,-0.0598652,3.59639,1.42759,2.12631,1.23711,-6.49607,-6.37277,0.428,0.426782,-0.0533381,2.90584,26.73
3.9256e+07,0.0547663,-0.760566,9.30968,-4.6704,5.21788,-2.87564,4.99061,0.335933,1.51919,2.00602,1.33156,-5.2289,-5.16388,0.429,0.427668,-0.0494583,2.90723,26.7271
3.9296e+07,0.601848,-1.71912,9.17234,-10.5932,-3.75922,-2.64718,-3.28835,3.69005,4.05354,2.03001,3.6938,-5.71745,-5.41788,0.429,0.427962,-0.0481981,2.90983,26.7065
3.9316e+07,0.248253,-1.01827,10.3965,-5.59231,-1.31647,-2.57458,-1.06999,1.36137,4.38942,1.99652,3.99515,-5.93119,-5.66614,0.428,0.427109,-0.0533732,2.91001,26.7182
3.9336e+07,0.00231017,-1.03513,9.44936,-6.25151,-2.12563,-2.53073,-1.83217,0.0139243,1.45812,1.92902,1.29486,-4.99989,-5.00873,0.428,0.426962,-0.0572741,2.91145,26.7712
3.9356e+07,-0.320441,0.376205,9.91963,2.17079,-2.03402,-2.48602,-1.80829,-1.84889,-0.328136,1.7663,-0.342885,-7.28997,-7.01618,0.428,0.426975,-0.0541811,2.91333,26.7241
3.9376e+07,0.176385,-0.180139,9.49569,-1.08662,1.00414,-2.47173,1.01829,1.06397,1.36652,1.78862,1.21865,-6.31287,-6.08728,0.426,0.425298,-0.0621023,2.91443,26.7418
3.9396e+07,0.0214062,-1.01104,10.4181,-5.54301,-2.55311,-2.48754,-2.18309,0.117176,1.68713,1.73247,1.50066,-6.3892,-6.07868,0.426,0.424994,-0.0640145,2.91379,26.73
3.9436e+07,-0.576035,0.720608,10.0795,4.08263,5.35529,-2.32685,5.05633,-3.26255,0.984841,1.52888,0.913717,-5.74798,-5.65172,0.421,0.420815,-0.0696782,2.91453,26.7241
3.9456e+07,0.303098,-0.746116,9.34985,-4.56014,-1.89662,-2.32439,-1.62162,1.85085,4.51156,1.57111,4.16385,-7.67164,-7.25109,0.421,0.420069,-0.075623,2.91439,26.7565
3.9476e+07,0.467815,-0.587161,8.32429,-4.02839,1.24842,-2.34715,1.25208,3.20861,4.40469,1.61376,4.06255,-6.06859,-5.9032,0.421,0.419957,-0.0807997,2.91409,26.7182
3.9496e+07,0.605956,0.684482,9.71276,4.02331,2.51559,-2.24867,2.32778,3.56111,0.862704,1.6181,0.770158,-7.44264,-7.15929,0.419,0.418257,-0.0827269,2.91398,26.7212
3.9536e+07,0.164796,-1.43974,9.79521,-8.36052,-0.354635,-2.39574,-0.155273,0.953616,-0.63348,1.45031,-0.678712,-6.35867,-6.23638,0.419,0.417954,-0.078683,2.91288,26.7241
3.9556e+07,0.505882,-0.0910274,9.31273,-0.559196,12.2103,-2.33574,11.4147,3.10919,-1.82432,1.44848,-1.75297,-6.77088,-6.5166,0.415,0.414614,-0.0797154,2.91283,26.7535
3.9576e+07,0.539148,0.496626,9.72439,2.91909,9.61483,-2.21389,9.02615,3.16927,2.03828,1.52688,1.86095,-7.2289,-6.80664,0.415,0.414064,-0.0746412,2.91227,26.6976
3.9596e+07,0.938398,-1.23262,9.75926,-7.16576,6.57666,-2.21147,6.28937,5.44934,5.16805,1.74836,4.73127,-7.4579,-7.09212,0.415,0.41404,-0.067232,2.91157,26.7447
3.9736e+07,0.386803,-1.21817,9.09735,-7.61992,1.8133,-2.18992,1.84581,2.41314,1.6566,1.78362,1.47415,-5.83958,-5.81816,0.406,0.405396,-0.0663875,2.9085,26.7682
3.9936e+07,0.756456,0.446049,9.50094,2.67947,6.63773,-2.16448,6.16817,4.54725,1.19858,1.65938,1.08988,-7.19836,-6.9537,0.397,0.396143,-0.0638776,2.90938,26.7271
3.9956e+07,-0.544956,0.585737,10.4852,3.1931,0.469792,-2.1541,0.517689,-2.97057,2.7711,1.56222,2.54228,-8.14493,-7.80011,0.397,0.396136,-0.0574342,2.91051,26.73
3.9976e+07,0.462652,0.802494,9.69408,4.72691,9.38582,-1.90642,8.74702,2.72308,0.129879,1.5571,0.082177,-8.45027,-8.12491,0.397,0.396237,-0.0523719,2.91074,26.7535
3.9996e+07,-0.442214,0.352121,10.3114,1.95401,-1.37754,-1.99262,-1.22762,-2.45424,-2.14493,1.55392,-2.01988,-7.59531,-7.42966,0.397,0.396253,-0.0479242,2.91071,26.73
4.0016e+07,0.293721,-1.37471,10.0445,-7.78992,-7.82028,-2.16739,-7.14853,1.6595,-0.389205,1.58827,-0.451163,-7.73271,-7.42942,0.397,0.396271,-0.0412848,2.91153,26.7535
4.0237e+07,1.11283,-1.66613,9.45689,-9.92482,5.29422,-2.35057,5.09927,6.61048,0.939039,1.79731,0.779778,-8.23653,-7.91492,0.392,0.391368,-0.0127799,2.90825,26.7182
4.0257e+07,0.360008,0.684482,9.80557,3.9904,7.8133,-2.07702,7.32206,2.09755,0.771101,1.80625,0.656006,-8.72508,-8.34707,0.392,0.391448,-0.0101677,2.90784,26.7594
4.0277e+07,0.415313,-0.700356,9.98137,-4.0102,-2.52257,-1.94845,-2.21514,2.3768,4.09934,1.79002,3.73448,-8.78615,-8.40809,0.392,0.391521,-0.00786453,2.90753,26.7506
4.0317e+07,0.859108,0.53516,9.64108,3.16462,3.03468,-1.88196,2.77076,5.08434,0.0230088,1.91227,-0.0359397,-9.06096,-8.67978,0.392,0.39148,-0.0141509,2.90752,26.7506
4.0337e+07,1.3253,-1.48068,9.43563,-8.83306,-1.95769,-1.73498,-1.72283,7.89984,-0.404472,2.1345,-0.479418,-7.3663,-7.16528,0.394,0.393178,-0.00985864,2.90664,26.7594
4.0357e+07,0.166724,0.212433,9.55331,1.27366,4.33239,-1.64623,4.05969,0.999577,-2.69455,2.04105,-2.60171,-7.79378,-7.5582,0.394,0.393477,-0.00930624,2.90791,26.7535
4.0377e+07,0.391106,0.482175,9.8432,2.80222,1.87437,-1.7642,1.73088,2.27265,-3.65638,2.10013,-3.47133,-7.71745,-7.45623,0.394,0.393481,-0.00809424,2.90743,26.7682
4.0397e+07,1.13895,-1.13628,8.71221,-7.36879,1.38582,-1.90911,1.38816,7.38621,0.328352,2.20358,0.178001,-8.23653,-7.81019,0.396,0.395151,-0.0066589,2.90857,26.7359
4.0437e+07,-0.0815983,0.166673,9.82649,0.971701,0.622464,-1.92256,0.618973,-0.4757,0.0535433,2.07502,-0.0133654,-8.35867,-8.0156,0.396,0.395508,0.00316176,2.90863,26.7271
4.0457e+07,0.766487,-1.27838,9.03519,-8.02479,-0.782116,-1.99693,-0.649877,4.80139,1.18331,2.18048,1.02351,-7.03042,-6.85447,0.396,0.3955,-0.00131125,2.90904,26.78
4.0477e+07,0.866221,0.7182,10.083,4.05934,1.50796,-1.92677,1.37399,4.89784,0.114612,2.20485,0.0222201,-9.59531,-9.07723,0.396,0.395502,0.00537734,2.90901,26.7829
4.0497e+07,-0.416069,0.788044,10.4759,4.29855,-3.62181,-2.04732,-3.38647,-2.268,-2.98462,2.17863,-2.81145,-7.2289,-7.13595,0.396,0.395505,0.0109044,2.90864,26.7624
4.0517e+07,0.243493,-1.07366,9.69126,-6.31984,-2.81265,-1.83913,-2.49537,1.4305,-1.64111,2.08211,-1.62683,-7.16783,-7.01339,0.399,0.398159,0.0219831,2.90897,26.7418
4.0537e+07,1.03603,-0.274067,9.34997,-1.66877,3.73697,-1.86497,3.47067,6.32024,-2.02279,2.18172,-1.972,-8.14493,-7.8524,0.399,0.398624,0.0236245,2.90911,26.7653
4.0557e+07,0.0853168,1.00721,10.5376,5.45971,4.89727,-1.78987,4.56174,0.461777,-0.282335,2.13096,-0.339663,-7.3205,-7.09008,0.399,0.398694,0.0302021,2.90891,26.7829
4.0657e+07,1.14607,-0.972507,8.86204,-6.21118,-5.59128,-1.83455,-5.12535,7.32529,-3.96172,2.69707,-3.83418,-8.66401,-8.333,0.404,0.403418,0.0163491,2.90918,26.7682
4.0757e+07,0.0999378,-0.0500844,11.1627,-0.257061,-2.58364,-1.59608,-2.29177,0.512942,1.06118,2.83142,0.887747,-9.10676,-8.71884,0.408,0.407189,0.0301633,2.90757,26.7682
4.0777e+07,0.742679,-1.53126,9.46455,-9.1625,-3.31647,-1.59468,-2.96098,4.42942,1.8856,2.87511,1.64359,-8.05332,-7.80321,0.408,0.407501,0.0260363,2.90694,26.7712
4.0957e+07,0.644068,1.01925,9.84385,5.89893,1.09575,-1.71953,1.00383,3.72359,-0.526609,3.22687,-0.610799,-9.62584,-9.13172,0.418,0.417093,0.00229266,2.9048,26.7182
4.0977e+07,-0.437287,-0.189772,9.95206,-1.09137,-4.20196,-1.83819,-3.83942,-2.51547,-1.79378,3.11048,-1.75616,-8.69454,-8.48357,0.418,0.41714,-0.00193691,2.90524,26.7918
4.0997e+07,0.96227,-1.20853,9.97533,-6.87622,-4.17143,-1.94031,-3.75631,5.47023,2.11461,3.12095,1.80992,-9.77851,-9.31036,0.42,0.41862,-0.00237036,2.90548,26.7741
4.1017e+07,0.35503,1.41423,9.8661,8.15215,4.14918,-1.78456,3.84428,2.04005,-1.47317,3.10434,-1.46408,-9.13729,-8.86538,0.42,0.419068,-0.00655632,2.90563,26.7653
4.1077e+07,0.53911,0.633905,10.0997,3.58634,2.08811,-1.89825,1.93499,3.04948,-4.66401,3.40059,-4.45289,-9.16783,-8.88897,0.424,0.422908,0.000866268,2.90469,26.7741
4.1097e+07,0.949758,0.850662,9.99526,4.84281,0.652998,-1.94585,0.56381,5.40856,-2.77088,3.52735,-2.71516,-9.73271,-9.33702,0.424,0.422942,-9.51131e-05,2.90369,26.7653
4.1117e+07,-0.296365,-0.334277,9.86861,-1.93915,-6.76685,-1.96341,-6.17433,-1.71915,1.06118,3.51979,0.842966,-8.77088,-8.47192,0.424,0.422919,-0.004732,2.90351,26.7447
4.1257e+07,0.384179,-0.367995,9.69227,-2.17265,1.7675,-2.07302,1.70591,2.26825,1.68713,3.05106,1.42134,-8.06859,-7.81964,0.431,0.429861,-0.0158832,2.90247,26.7388
4.1278e+07,0.544192,-0.46674,8.26269,-3.22609,3.34002,-2.05119,3.18658,3.76216,2.22148,2.97644,1.95854,-7.91592,-7.70844,0.431,0.42998,-0.0250148,2.90226,26.7712
4.12991e+07,0.909884,-1.73357,8.3933,-11.6037,2.16445,-1.88305,5.66734,6.06011,4.32835,2.84982,3.90486,-8.45027,-8.21266,0.43,0.42918,-0.0314401,2.9024,26.7624
4.132e+07,0.711272,-0.221082,9.47617,-1.33274,-2.50731,-2.03144,-2.24906,4.29136,2.23675,3.14777,1.99527,-9.53424,-9.0912,0.43,0.42882,-0.0474131,2.9027,26.7888
4.138e+07,0.808871,0.867521,10.6792,4.631,-1.10273,-1.99178,-1.05927,4.3173,-4.35867,3.28778,-4.19804,-10.2518,-9.8109,0.432,0.430661,-0.0458014,2.9036,26.8035
4.142e+07,1.23682,-1.03272,9.25361,-6.31227,-0.125628,-2.10971,0.0221673,7.56652,1.12225,3.21664,0.860046,-9.61057,-9.15824,0.43,0.429042,-0.0507394,2.90588,26.7741
4.144e+07,0.353055,-0.0717601,11.0247,-0.372743,-1.45387,-2.21093,-1.26887,1.83417,2.9085,3.25437,2.57945,-8.81668,-8.48393,0.43,0.428675,-0.0496836,2.90617,26.7771
4.146e+07,0.437125,-1.85639,9.62811,-10.9023,-3.07219,-2.27695,-2.66886,2.55255,4.80163,3.2121,4.33799,-8.84722,-8.50779,0.43,0.428662,-0.0480488,2.90477,26.7829
4.15e+07,-0.449094,-0.666638,10.3668,-3.67591,-6.73631,-2.28613,-6.1078,-2.47542,3.25965,3.28326,2.92216,-9.68691,-9.33186,0.43,0.428678,-0.0427894,2.906,26.7947
4.152e+07,1.49492,-1.77451,8.91981,-11.1006,-1.42334,-2.32714,-1.15681,9.33446,2.69476,3.43817,2.34605,-9.74798,-9.36308,0.43,0.428612,-0.0463793,2.90646,26.7594
4.154e+07,0.14524,0.190757,9.64826,1.13253,6.04231,-2.14968,5.6671,0.862266,-4.43501,3.30752,-4.2396,-8.3892,-8.27759,0.431,0.429489,-0.0415074,2.90656,26.7829
4.156e+07,0.172013,-1.63241,9.36278,-9.88853,-4.50731,-2.2229,-3.99335,1.03688,-2.05333,3.2449,-2.07269,-8.61821,-8.35893,0.431,0.429673,-0.0419939,2.9064,26.7271
4.158e+07,0.587194,-0.541401,9.99572,-3.09497,1.95071,-2.1416,1.89607,3.35704,-1.94646,3.12509,-1.95117,-8.02279,-7.77596,0.431,0.429763,-0.0394389,2.906,26.7682
4.16e+07,0.861706,-0.218673,8.88011,-1.40404,4.66827,-2.19176,4.35613,5.54083,0.633696,3.0188,0.465536,-8.51134,-8.2084,0.429,0.428118,-0.0440606,2.90553,26.7682
4.162e+07,1.19648,-1.92142,9.03379,-11.9065,-3.27067,-2.54434,-2.98638,7.38137,3.44286,3.08941,3.10414,-9.13729,-8.73559,0.429,0.427757,-0.0494641,2.90449,26.7771
4.164e+07,0.176536,-0.72444,9.63252,-4.30027,4.95834,-2.37359,4.73339,1.04699,0.694765,2.93518,0.535023,-8.09912,-7.86963,0.429,0.427715,-0.0492254,2.90283,26.8006
4.166e+07,0.820948,0.371388,9.28946,2.28056,8.7446,-2.26401,8.17343,5.04634,0.419955,2.91216,0.279257,-8.206,-7.82377,0.43,0.42859,-0.048062,2.90243,26.8182
4.168e+07,0.620718,-0.880987,10.5104,-4.78309,0.943075,-2.27911,1.01413,3.36805,3.36652,2.83764,3.00513,-7.96172,-7.63982,0.43,0.428793,-0.0431506,2.90155,26.7682
4.17e+07,0.365463,-1.76006,9.0229,-11.029,-0.38517,-2.34396,-0.182498,2.27658,3.67186,2.77281,3.30807,-7.53424,-7.33623,0.43,0.428839,-0.0460836,2.90156,26.7741
4.172e+07,0.560879,-0.365587,9.57816,-2.18211,3.70643,-2.30234,3.56433,3.34887,0.679497,2.78971,0.534153,-7.96172,-7.72749,0.429,0.427995,-0.0462601,2.90123,26.7859
4.176e+07,1.17973,-1.81786,9.37586,-10.889,-4.47677,-2.30108,-3.97703,7.04186,1.6108,2.78185,1.3528,-8.80142,-8.40337,0.429,0.427869,-0.0466305,2.90103,26.7829
4.178e+07,0.499079,-1.38675,9.69054,-8.13332,1.70643,-2.26158,1.7316,2.91854,-1.1831,2.73537,-1.2325,-6.77088,-6.70166,0.428,0.427014,-0.0499246,2.90148,26.8124
4.18e+07,-0.119584,-0.625695,9.87274,-3.62607,-3.2096,-2.28349,-2.88306,-0.692572,-1.35104,2.6658,-1.39108,-7.38157,-7.10873,0.428,0.426845,-0.0497737,2.90158,26.7624
4.18205e+07,0.768783,-0.950831,10.4887,-5.16606,-0.81265,-2.37248,-0.631247,4.175,2.43522,2.65319,2.1459,-8.06859,-7.67667,0.428,0.426862,-0.0434436,2.9253,26.8271
4.1841e+07,-0.0619841,-1.67336,9.66207,-9.82528,-2.72105,-2.43215,-2.33222,-0.362167,2.52683,2.58394,2.24845,-7.12203,-6.95197,0.429,0.427742,-0.0392037,2.9242,26.7888
4.1861e+07,1.27499,-0.890621,9.41051,-5.35777,4.11865,-2.508,3.89788,7.68186,3.19858,2.69318,2.89748,-7.71745,-7.42805,0.429,0.427867,-0.0395254,2.92434,26.7859
4.1901e+07,0.0287773,-1.75765,10.1818,-9.79419,-3.42334,-2.7181,-2.9799,0.159577,0.572627,2.60931,0.429766,-6.67928,-6.55337,0.431,0.429567,-0.0227715,2.92396,26.8035
4.1921e+07,0.914578,-1.43974,9.58563,-8.50379,1.29422,-2.62731,1.3913,5.39007,0.267284,2.59339,0.0908219,-7.76325,-7.42641,0.431,0.429936,-0.0204122,2.9242,26.7976
4.1981e+07,0.448597,-0.172913,9.34827,-1.05845,7.09575,-2.76272,6.6485,2.74688,0.145146,2.36864,0.0503896,-6.86248,-6.65758,0.429,0.42805,-0.0128469,2.92463,26.8035
4.2001e+07,0.157095,0.491809,10.1829,2.76476,4.7904,-2.75422,4.56121,0.882821,1.82454,2.31938,1.63232,-7.19836,-6.91689,0.429,0.428061,-0.00922866,2.92492,26.7859
4.2021e+07,0.20751,-0.48119,9.88218,-2.78707,4.54613,-2.8234,4.36839,1.20152,1.06118,2.30212,0.936313,-5.71745,-5.63138,0.43,0.42891,-0.00633887,2.92536,26.7565
4.2041e+07,0.267133,-0.218673,10.4025,-1.20385,2.40872,-2.78843,2.40636,1.47069,1.6566,2.29055,1.44419,-6.74035,-6.41275,0.43,0.429083,-0.00433447,2.92553,26.7947
4.2082e+07,0.386431,0.120913,9.02827,0.766598,5.96598,-2.78027,5.62761,2.45068,-2.28233,2.16027,-2.19974,-7.04569,-6.89252,0.428,0.427463,-0.00951253,2.92479,26.7653
4.21031e+07,0.549245,-1.46382,8.77155,-9.45621,5.37056,-2.88174,5.19058,3.53424,0.145146,2.18792,0.0200608,-5.65638,-5.50522,0.428,0.427093,-0.0170595,2.92431,26.78
4.2124e+07,-0.105232,-0.712398,9.8251,-4.14691,0.561395,-2.98766,0.670514,-0.61204,0.725299,2.17467,0.611986,-6.58768,-6.3442,0.428,0.426997,-0.0178147,2.9247,26.7682
4.2184e+07,0.360236,-0.134379,8.87118,-0.867124,3.88964,-3.15821,3.71228,2.32509,-1.83959,2.37869,-1.75884,-4.69454,-4.64567,0.43,0.428833,-0.0237125,2.92446,26.8065
4.2204e+07,0.789979,0.108871,9.44339,0.658223,6.77514,-3.18401,6.37217,4.78158,-1.01516,2.46073,-1.05124,-6.03806,-5.74434,0.429,0.427865,-0.0283521,2.92475,26.7712
4.2224e+07,-0.215333,0.224475,10.1282,1.26937,6.46979,-3.195,6.16317,-1.21767,-3.74798,2.31791,-3.55085,-4.98462,-4.90774,0.429,0.427757,-0.0281865,2.92393,26.7918
4.2244e+07,-0.370067,-1.48791,9.90244,-8.53928,-0.171429,-3.20197,0.104778,-2.11649,-0.435006,2.24531,-0.517641,-5.04569,-4.95319,0.429,0.427786,-0.0306023,2.924,26.7682
4.2285e+07,0.367648,-1.03031,9.51791,-6.17362,2.02704,-3.02736,2.06819,2.19923,4.64896,2.22503,4.2329,-5.91592,-5.52698,0.432,0.430898,-0.0213474,2.92215,26.7829
4.2305e+07,-0.311055,0.973491,10.1841,5.45774,4.10338,-2.76398,3.89939,-1.74152,3.50392,2.18978,3.22303,-6.12966,-5.84926,0.432,0.430967,-0.0244236,2.92129,26.7624
4.2325e+07,0.0283273,-0.139196,9.41991,-0.84658,1.56903,-2.85908,1.55659,0.172279,0.358887,2.21744,0.303922,-4.60294,-4.50007,0.431,0.430019,-0.0341953,2.92065,26.8241
4.2345e+07,0.152347,0.393064,9.77204,2.3031,0.439258,-2.80879,0.498484,0.892453,-1.15256,2.15986,-1.15462,-6.19073,-5.89845,0.431,0.429917,-0.0361068,2.9197,26.78
4.2365e+07,0.594456,-0.895438,9.93104,-5.14302,1.43162,-2.74878,1.45828,3.41174,-1.48844,2.04908,-1.50717,-5.39684,-5.17352,0.431,0.429965,-0.0375132,2.91804,26.78
4.2405e+07,0.649558,-1.54812,8.99688,-9.73857,3.8133,-2.89279,3.67983,4.06987,1.97721,2.09435,1.76286,-6.09913,-5.96101,0.432,0.430932,-0.0408934,2.91518,26.8006
4.2425e+07,1.19593,0.0607027,8.65472,0.398074,7.11101,-3.00007,6.67466,7.86723,0.984841,2.37763,0.847805,-6.96935,-6.62341,0.432,0.430724,-0.0534604,2.91417,26.7653
4.24451e+07,-0.11047,0.949407,9.77791,5.54552,5.18735,-2.87749,4.91053,-0.644266,1.93141,2.19152,1.73259,-5.87012,-5.63741,0.433,0.431612,-0.0540434,2.9122,26.7771
4.2466e+07,0.629908,0.417148,8.99529,2.64866,6.13391,-2.83661,5.75222,4.00139,1.96194,2.19129,1.78578,-5.71745,-5.53287,0.433,0.431734,-0.0554005,2.911,26.7653
4.2508e+07,0.357733,0.27746,9.00005,1.7644,1.6759,-2.5317,1.61971,2.27511,-1.39684,2.19621,-1.35466,-5.97699,-5.83121,0.429,0.428041,-0.0727572,2.90844,26.7829
4.2528e+07,0.477069,0.482175,9.72917,2.83384,6.08811,-2.608,5.68916,2.80381,-1.67165,2.19565,-1.64168,-6.31287,-6.13862,0.429,0.427743,-0.0754608,2.90776,26.7741
4.2548e+07,0.704304,-0.924339,10.2514,-5.1402,4.82094,-2.44281,4.62656,3.91439,0.465757,2.143,0.328844,-6.52661,-6.18989,0.429,0.427792,-0.0735903,2.90746,26.7624
4.2588e+07,0.962252,-1.1435,9.33202,-6.94946,3.15682,-2.45928,3.06154,5.84373,3.71767,2.14513,3.38202,-6.93882,-6.62483,0.429,0.42786,-0.0649024,2.90604,26.7859
4.2608e+07,0.844734,0.706158,9.75295,4.12585,0.286586,-2.4868,0.274789,4.93735,1.71767,2.0357,1.55828,-7.48844,-7.07148,0.429,0.427869,-0.0636261,2.9065,26.7859
4.2628e+07,-0.903101,0.47495,10.4165,2.6009,-4.06456,-2.54142,-3.711,-4.94998,1.13751,1.92533,1.02062,-7.15256,-6.92537,0.424,0.423311,-0.0779038,2.90592,26.78
4.2648e+07,0.131194,-0.820777,9.86033,-4.75793,-4.87372,-2.65882,-4.42937,0.759661,0.511559,1.93966,0.417958,-6.26706,-6.06014,0.424,0.422809,-0.0780954,2.90588,26.7712
4.2668e+07,0.783055,-0.750933,8.725,-4.89954,2.54613,-2.44905,2.45641,5.10967,-0.0533268,1.80226,-0.132444,-5.64111,-5.45007,0.424,0.422866,-0.0753311,2.906,26.7712
4.2708e+07,-0.0480789,-0.156055,9.04957,-0.987921,1.5843,-2.38087,1.56559,-0.304355,0.801635,1.71267,0.707212,-5.96172,-5.83399,0.421,0.419908,-0.0830158,2.90593,26.7771
4.2728e+07,-0.690148,-1.09293,9.83924,-6.32293,-9.48441,-2.57428,-8.77526,-3.98784,5.21385,1.5345,4.81161,-6.51134,-6.17577,0.421,0.419861,-0.0799377,2.90639,26.7741
4.2748e+07,0.738017,-1.9431,9.48526,-11.5432,-6.03402,-2.61237,-5.47698,4.35888,5.59553,1.63776,5.14576,-7.25943,-6.8746,0.418,0.41715,-0.0850556,2.90767,26.7624
4.2768e+07,0.661366,-1.07848,9.91882,-6.19177,-0.0187572,-2.52534,0.135322,3.79243,6.16041,1.67758,5.6681,-6.00752,-5.7706,0.418,0.41689,-0.080233,2.90754,26.7653
4.2788e+07,0.866311,0.395472,9.69783,2.32595,5.78277,-2.32718,5.51012,5.10049,3.13751,1.80225,2.87202,-8.22126,-7.8223,0.418,0.416889,-0.077861,2.90894,26.7771
4.2808e+07,-0.248886,0.667623,10.8484,3.5207,5.49269,-2.34798,5.17003,-1.31179,-0.0227926,1.83512,-0.0335076,-6.22126,-6.0672,0.414,0.413268,-0.0802385,2.90992,26.7918
4.2908e+07,-0.241091,-1.60592,9.59586,-9.49778,-6.06456,-2.73693,-5.5912,-1.41949,4.11461,1.97599,3.77686,-6.45027,-6.1746,0.413,0.411938,-0.0537555,2.91213,26.7712
4.3048e+07,0.567806,0.484583,9.88104,2.80302,-0.0492916,-2.50179,-0.0164931,3.2849,-0.908289,1.97862,-0.919222,-6.78615,-6.51876,0.408,0.407001,-0.0480953,2.90708,26.7682
4.3068e+07,0.379098,0.73265,9.37352,4.46561,2.10338,-2.4913,1.94894,2.30894,-3.1831,1.98025,-3.02133,-5.3663,-5.33235,0.408,0.407031,-0.0452635,2.90648,26.7535
4.3088e+07,0.584529,0.453274,9.4275,2.74739,2.25605,-2.47567,2.13666,3.54386,-0.496075,2.0773,-0.527583,-7.88539,-7.47468,0.408,0.407033,-0.0441928,2.90607,26.7506
4.3108e+07,0.831025,-1.51922,9.20332,-9.33613,-1.05693,-2.4322,-0.818893,5.09107,2.32835,2.17811,2.04411,-7.96172,-7.53104,0.407,0.406135,-0.0492312,2.90492,26.7771
4.3128e+07,0.487014,-0.936381,10.0996,-5.29088,-0.675246,-2.40415,-0.496971,2.74895,1.42759,2.13409,1.23804,-7.38157,-7.12585,0.407,0.406048,-0.0455127,2.90459,26.7565
4.3148e+07,0.210044,-1.00382,9.22368,-6.20948,-0.950055,-2.36514,-0.775034,1.29687,1.71767,2.02661,1.51013,-6.86248,-6.73411,0.407,0.406109,-0.0398972,2.90309,26.7476
4.3168e+07,-0.260471,-0.606428,10.4688,-3.31425,-8.00349,-2.52571,-7.35759,-1.42288,2.22148,2.03537,2.01473,-5.80905,-5.74779,0.404,0.403359,-0.0435774,2.90336,26.7947
4.3188e+07,0.749762,-1.24225,9.48637,-7.43755,-12.1256,-2.54507,-11.1499,4.48092,1.33599,2.09364,1.14166,-9.04569,-8.55105,0.404,0.403099,-0.0402874,2.90344,26.7682
4.3309e+07,1.1361,0.537569,9.30845,3.2809,1.04995,-2.47369,0.970791,6.94708,-0.526609,2.19324,-0.567057,-8.63348,-8.19817,0.401,0.400076,-0.0430721,2.90463,26.7682
4.333e+07,0.259541,1.32512,10.3979,7.26047,-2.07983,-2.41105,-1.98043,1.41839,-3.25943,2.21739,-3.09074,-8.3434,-8.04509,0.401,0.400035,-0.040529,2.90473,26.7594
4.341e+07,0.790441,-1.55053,9.42174,-9.3132,0.240785,-1.76783,0.327293,4.73227,-0.770884,2.0777,-0.831599,-7.91592,-7.69879,0.401,0.400415,-0.0164563,2.90607,26.7594
4.34311e+07,0.355818,-1.42047,10.4005,-7.77269,-2.01876,-1.83513,-1.71945,1.94141,1.18331,2.10948,1.00258,-8.52661,-8.28528,0.401,0.400466,-0.0068735,2.90619,26.7653
4.35111e+07,0.298022,0.332853,9.21862,2.06678,1.20262,-1.89535,-3.72178,1.85042,-5.35104,2.4673,-2.51475,-9.06096,-8.65621,0.402,0.401424,0.000531092,2.90391,26.7506
4.3532e+07,0.609101,-2.03943,9.65853,-11.9001,-3.89662,-2.11189,-3.46417,3.53084,-2.89302,2.55071,-2.84444,-8.64874,-8.41806,0.402,0.401357,0.00049951,2.90312,26.7859
4.3552e+07,0.770874,0.118505,9.70934,0.69708,6.21025,-1.93055,5.8315,4.53915,-5.01516,2.46662,-4.81194,-9.28996,-8.87888,0.402,0.4014,0.00282553,2.90288,26.7771
4.35721e+07,-0.191502,0.393064,9.75572,2.30679,1.20262,-1.95414,1.16133,-1.12364,-6.45027,2.39325,-6.08632,-8.72508,-8.49043,0.403,0.401786,0.00435058,2.90282,26.7918
4.3592e+07,0.446446,-1.0279,9.29466,-6.30351,0.59193,-1.84405,0.666678,2.73331,-1.73272,2.54501,-1.75228,-8.86248,-8.62053,0.403,0.402353,0.0023438,2.90184,26.8094
4.3612e+07,0.923613,0.417148,9.89725,2.40304,2.43926,-1.75629,2.27296,5.32671,0.633696,2.61659,0.484526,-9.39683,-8.96074,0.403,0.402425,0.00662574,2.90031,26.7771
4.36321e+07,-0.0528773,-0.0741685,9.94716,-0.427198,-5.49967,-1.88437,-5.05668,-0.304563,-1.07623,2.58865,-1.06281,-8.81668,-8.54129,0.405,0.40315,0.0103711,2.90038,26.7918
4.3652e+07,0.962066,-0.473965,8.57334,-3.1446,2.88201,-2.00191,2.73856,6.39304,0.0382762,2.72881,-0.0788227,-8.81668,-8.51586,0.405,0.40426,0.00666293,2.90036,26.7976
4.3672e+07,0.168765,1.4624,10.4338,7.97758,5.49269,-1.84318,5.1187,0.917701,-1.79378,2.7409,-1.75137,-9.88538,-9.41107,0.405,0.404336,0.00699721,2.89975,26.7918
4.36921e+07,0.0834137,-0.736482,9.86526,-4.26929,-0.797383,-1.95822,-0.614366,0.483097,-0.938823,2.73436,-0.968148,-8.93882,-8.6839,0.408,0.405431,0.00847211,2.89908,26.7771
4.3732e+07,-0.394457,0.352121,10.9952,1.83309,-1.63708,-1.78294,-1.44139,-2.05358,-3.94646,2.80555,-3.75526,-8.2976,-8.18368,0.408,0.407355,0.0115903,2.90068,26.8035
4.3772e+07,0.572569,0.527935,10.5008,2.8739,-4.53784,-1.70123,-4.14067,3.11711,-1.85485,3.03451,-1.86251,-10.1449,-9.72864,0.411,0.410137,0.0163563,2.90236,26.7947
4.3792e+07,0.503881,-1.48068,9.80435,-8.57693,-7.62181,-1.7996,-6.98676,2.90912,-2.28233,2.95957,-2.27348,-9.35103,-9.06716,0.411,0.410343,0.0155161,2.90309,26.78
4.3812e+07,0.782948,-0.367995,9.58746,-2.19082,4.11865,-1.7556,3.88253,4.66521,-0.770884,2.89941,-0.872468,-8.57241,-8.23376,0.413,0.411111,0.0150612,2.9047,26.7624
4.3832e+07,-0.0386105,0.142589,9.22811,0.885232,6.28659,-1.77704,5.91602,-0.239696,-1.04569,2.75949,-1.06331,-9.71745,-9.31755,0.413,0.412269,0.0134655,2.9059,26.78
4.3852e+07,1.06504,-1.54571,8.18691,-10.6044,6.46979,-1.74994,6.17865,7.28474,4.98484,2.88749,4.51644,-8.12966,-7.89059,0.413,0.412343,-0.000385984,2.90687,26.7594
4.39321e+07,0.159405,0.771185,9.53997,4.62094,2.42399,-1.38678,-5.85023,0.954167,-6.17546,2.53704,-2.1309,-8.57241,-8.61385,0.419,0.415388,-0.0101048,2.91078,26.8006
4.3952e+07,-0.179285,-0.606428,10.2717,-3.37824,-6.3699,-1.40986,-5.81072,-0.998217,-2.51134,2.4252,-2.48185,-8.26706,-7.94936,0.419,0.418242,-0.007789,2.91185,26.7829
4.4152e+07,0.783114,-0.965282,8.82675,-6.21676,4.07285,-1.79212,3.88309,5.04015,-2.60295,2.1925,-2.53438,-8.81668,-8.47838,0.421,0.420478,-0.00210685,2.92214,26.7859
4.42323e+07,-0.750182,0.123321,10.1285,0.695674,-2.91952,-2.2993,-2.59406,-4.23564,-0.816686,2.32216,-0.830766,-6.98462,-6.79463,0.422,0.421279,-0.00183338,2.92357,26.7976
4.4253e+07,1.06503,-1.49995,9.43345,-8.97848,-1.46914,-2.3363,-1.19968,6.36211,1.03064,2.41006,0.832456,-8.96935,-8.54178,0.423,0.422174,-0.0038717,2.9245,26.8124
4.4273e+07,0.505694,0.585737,9.84327,3.40097,1.41636,-2.40329,1.38127,2.93578,-2.54188,2.57646,-2.46927,-8.55714,-8.18534,0.423,0.42213,-0.00944984,2.9248,26.7653
4.4333e+07,0.844938,-0.0284086,10.4498,-0.155256,2.10338,-2.13786,2.03001,4.62268,2.28255,2.53476,2.01771,-9.12203,-8.7331,0.422,0.421202,-0.0145554,2.92621,26.7859
4.4353e+07,0.200594,-1.3699,9.81428,-7.94447,-6.1867,-2.1723,-5.55231,1.15967,2.89324,2.50477,2.58192,-7.73271,-7.56703,0.422,0.421207,-0.0132444,2.92734,26.7565
4.44331e+07,0.801757,0.689299,9.95002,3.95013,10.4545,-1.97114,9.78427,4.59588,-2.93882,2.67348,-2.86497,-8.77088,-8.4141,0.424,0.423031,-0.00134747,2.93133,26.7624
4.4453e+07,0.654186,-1.02068,10.1373,-5.73757,3.93544,-1.60265,3.80761,3.67379,1.04591,2.62504,0.836007,-6.95409,-6.79062,0.424,0.423402,0.00950026,2.93255,26.7741
4.4533e+07,1.0907,0.648356,9.76214,3.77631,6.24078,-1.74636,5.74914,6.36116,-6.57241,2.80658,-6.23558,-8.3892,-8.06486,0.425,0.424374,0.0101371,2.93474,26.7712
4.4554e+07,-0.580759,0.532752,10.5849,2.87702,-0.400437,-1.82675,-0.289896,-3.13652,-2.74035,2.68499,-2.66064,-7.15256,-7.02747,0.424,0.423449,0.00737396,2.93596,26.7388
4.4654e+07,0.455482,0.826578,10.4183,4.532,0.088113,-1.60826,0.034082,2.49552,-0.908289,2.5103,-0.931424,-8.57241,-8.25824,0.426,0.425431,0.00355131,2.94006,26.7418
4.4674e+07,-0.324912,-0.719623,9.51188,-4.32397,-4.88899,-1.64614,-4.40185,-1.95081,-1.19837,2.37729,-1.22391,-8.3434,-8.00049,0.426,0.425445,-0.0024005,2.94084,26.7653
4.4694e+07,0.795004,-0.784651,9.54167,-4.68493,1.53849,-1.52842,1.55203,4.74688,-0.786151,2.31373,-0.856981,-7.71745,-7.40777,0.426,0.42545,-0.00989448,2.94159,26.7447
4.4734e+07,-0.0359696,-0.767792,9.58278,-4.58084,0.454525,-1.54576,0.539905,-0.214375,2.38942,2.09821,2.16219,-6.98462,-6.76977,0.426,0.425427,-0.0197977,2.94294,26.7741
4.4754e+07,0.343688,-0.734074,9.38307,-4.47037,-0.476773,-1.43109,-0.397405,2.09134,4.00774,2.01406,3.66446,-7.61058,-7.28905,0.426,0.425458,-0.0195497,2.94375,26.78
4.4774e+07,0.331177,1.3203,10.2316,7.34911,4.51559,-1.30602,4.17954,1.83867,0.969574,2.00156,0.853639,-8.96935,-8.42548,0.426,0.42546,-0.022878,2.94485,26.7388
4.4834e+07,0.839868,1.03129,10.7198,5.47852,3.09575,-1.6024,2.82907,4.45932,-3.91592,2.4357,-3.73173,-9.38157,-9.00245,0.424,0.423195,-0.0345238,2.94624,26.7682
4.4854e+07,-0.0598426,-0.787059,10.0814,-4.46399,-11.6065,-1.76837,-10.6771,-0.33907,-3.99226,2.48649,-3.84425,-9.16783,-8.85133,0.422,0.421373,-0.034963,2.94722,26.7829
4.4874e+07,1.4686,-1.58424,9.24303,-9.60769,-6.59891,-1.82981,-6.05701,8.90042,-2.63348,2.59282,-2.60745,-10.0228,-9.57862,0.422,0.421177,-0.0330086,2.94772,26.7565
4.48941e+07,0.682743,-0.669047,9.7129,-3.93077,-5.05693,-2.02348,-4.62577,4.01137,3.04591,2.69126,2.72313,-9.39683,-8.95696,0.422,0.421088,-0.0293811,2.94846,26.78
4.49151e+07,0.171592,-0.11752,9.88992,-0.6807,8.75987,-1.92749,8.26649,0.993922,8.06881,2.6419,7.45716,-9.06096,-8.61268,0.422,0.421137,-0.0215919,2.94941,26.7771
4.4935e+07,0.288749,-0.669047,10.5062,-3.64236,9.34002,-1.82936,8.90859,1.57112,9.73293,2.70452,9.01696,-7.85485,-7.63031,0.422,0.421169,-0.0188,2.9499,26.7888
4.49551e+07,-0.537992,1.30344,10.7024,6.93516,6.77514,-1.80989,3.55213,-2.85666,3.59553,2.66744,7.33582,-8.40447,-8.09452,0.422,0.421209,-0.0206362,2.95052,26.78
4.49751e+07,0.623109,-0.890621,9.25912,-5.48197,-7.02639,-1.68026,-6.44014,3.83238,1.87034,2.64173,1.64547,-8.57241,-8.3278,0.419,0.418378,-0.0338655,2.95053,26.7624
4.5156e+07,-0.4825,-0.753341,9.42412,-4.56442,-5.54548,-1.44396,-5.04989,-2.92159,-5.50371,1.85456,-5.233,-7.80905,-7.60732,0.411,0.410299,-0.0790214,2.9529,26.7388
4.5176e+07,0.894989,0.306361,9.34153,1.86982,1.47743,-1.38261,1.29925,5.46975,-5.64111,1.8145,-5.34107,-8.69454,-8.35314,0.411,0.410142,-0.0785912,2.9532,26.7535
4.5196e+07,1.06508,-1.68299,8.77787,-10.7765,-4.03402,-1.45143,-3.67051,6.79568,-0.14493,1.89839,-0.235624,-9.62584,-9.26483,0.408,0.409017,-0.08488,2.95358,26.7771
4.5216e+07,0.38856,1.05297,10.0958,5.94992,5.90491,-1.35454,5.44247,2.19219,1.51919,1.83208,1.35204,-9.04569,-8.63918,0.408,0.407273,-0.0842577,2.95369,26.7476
4.5236e+07,-0.353763,-0.0115497,10.921,-0.0605629,-4.78212,-1.45674,-4.35987,-1.85533,3.8398,1.84698,3.54313,-8.52661,-8.27384,0.408,0.407119,-0.0735965,2.95294,26.7888
4.5257e+07,-0.17494,0.944591,10.8915,4.95608,0.820937,-1.43025,0.763696,-0.916773,-0.526609,1.96007,-0.507374,-8.96935,-8.71804,0.406,0.406464,-0.0553538,2.95342,26.7506
4.5277e+07,1.04809,-0.685906,10.223,-3.81851,-6.55311,-1.53604,-6.03344,5.8406,0.206215,2.25867,0.112805,-10.0075,-9.59108,0.406,0.405343,-0.0465815,2.95421,26.7476
4.5297e+07,1.18657,-0.628104,10.1423,-3.51982,-6.06456,-1.49301,-5.58015,6.66018,-2.84722,2.51105,-2.79854,-10.7861,-10.3676,0.406,0.405226,-0.0377519,2.95538,26.7418
4.5337e+07,0.787778,-0.560668,10.0572,-3.18108,-4.40044,-1.62496,-4.02189,4.47188,-5.07623,2.85196,-4.88989,-9.59531,-9.35235,0.403,0.402343,-0.027326,2.95678,26.7947
4.5377e+07,0.25988,0.106463,9.60292,0.63495,5.21788,-1.29879,4.90329,1.5501,0.603162,3.02975,0.470715,-8.95409,-8.73496,0.404,0.402544,-0.017184,2.95766,26.7653
4.5397e+07,0.918881,0.258193,10.3908,1.41787,-3.59128,-1.31504,-3.36989,5.05208,6.00774,3.09348,5.50966,-11.0457,-10.5593,0.404,0.403155,-0.0105957,2.9579,26.78
4.5417e+07,-0.172046,-0.878579,9.60646,-5.22473,-6.96532,-1.32207,-6.3853,-1.02176,7.62606,3.01309,7.00443,-8.435,-8.20406,0.404,0.403249,-0.0106636,2.95762,26.7712
4.5437e+07,-0.489888,0.0558858,10.8927,0.293661,-1.80502,-1.43028,-1.61972,-2.57505,4.37415,2.93396,4.02252,-9.61057,-9.23763,0.406,0.404017,-0.000373376,2.95845,26.7565
4.54572e+07,1.00303,-1.79378,8.88221,-11.3472,2.05758,-1.4419,2.12005,6.31639,2.45049,2.94881,2.1374,-10.0381,-9.59311,0.406,0.405226,0.000316568,2.95747,26.7976
4.54991e+07,0.675468,-0.26925,9.66131,-1.59247,-0.522574,-0.956684,0.532326,3.99777,-0.709816,2.47836,-2.06267,-10.9541,-9.20779,0.408,0.40627,0.00262586,2.95794,26.7712
4.552e+07,-0.157795,-0.60402,9.38371,-3.68247,-6.95005,-0.992716,-6.37123,-0.961397,1.59553,2.36414,1.37847,-8.75561,-8.58891,0.408,0.407516,0.0017615,2.95817,26.7918
4.554e+07,0.761224,0.472541,9.35378,2.88254,-4.04929,-1.00619,-3.87856,4.64666,2.6337,2.35963,2.40087,-9.04569,-8.78517,0.408,0.407552,-0.00791317,2.95813,26.7712
4.558e+07,-0.253858,1.37088,10.085,7.73851,3.01941,-1.03723,2.71175,-1.4288,2.37415,2.21125,2.19581,-8.52661,-8.2527,0.409,0.408493,-0.0101566,2.95822,26.7682
4.56e+07,-0.0600415,-0.0717601,9.5483,-0.430589,0.668266,-1.14724,0.672636,-0.360272,3.39705,2.15056,3.10867,-9.91592,-9.40754,0.409,0.408524,-0.0147875,2.95834,26.78
4.562e+07,0.517738,0.207616,9.41292,1.26163,12.5003,-1.36047,11.635,3.1475,-1.06096,2.20837,-1.06961,-8.96935,-8.58888,0.412,0.410257,-0.0138841,2.95813,26.7771
4.564e+07,-0.516406,0.961449,10.7327,5.11308,5.93544,-1.24808,5.60376,-2.7437,-3.09149,1.95417,-2.94323,-9.38157,-8.98621,0.412,0.411437,-0.00622392,2.95792,26.7829
4.56602e+07,0.537277,-1.36267,9.58845,-8.07596,-3.95769,-1.35112,-3.54233,3.17531,-0.0533268,1.98823,-0.147136,-9.21363,-8.90621,0.412,0.411571,-0.00932356,2.95713,26.7653
4.568e+07,0.240668,0.499034,9.96445,2.86623,-7.2096,-1.64703,-6.72381,1.38184,-1.03043,2.20889,-1.03245,-9.2289,-8.83713,0.413,0.412019,-0.0156022,2.95681,26.7859
4.572e+07,0.907232,-0.784651,9.18307,-4.86025,-5.28593,-1.70177,-4.88171,5.62182,1.19858,2.37634,1.01968,-8.81668,-8.62283,0.413,0.412445,-0.00355159,2.95744,26.7712
4.57604e+07,1.1604,-0.996591,10.3055,-5.48911,3.64536,-1.69237,3.50966,6.39486,-0.0991285,2.77759,-0.243123,-9.38157,-9.09026,0.413,0.412391,0.00650202,2.95743,26.7918
4.5781e+07,0.345816,0.197982,9.82142,1.15411,10.0423,-1.53875,9.43139,2.01617,-2.92356,2.80596,-2.81988,-9.18309,-8.95158,0.413,0.412411,0.0106909,2.95819,26.7653
4.5801e+07,0.716431,-1.59869,9.12257,-9.91002,0.271319,-1.19161,0.44653,4.42331,2.98484,2.89468,2.63856,-9.82432,-9.51414,0.415,0.413651,0.00862651,2.9573,26.7535
4.5821e+07,0.691816,1.05056,9.72989,6.14709,3.11101,-0.989528,2.85296,4.04359,3.7024,2.94165,3.36515,-9.35103,-8.95313,0.415,0.414367,0.00826277,2.95748,26.7653
4.5841e+07,-0.0481619,0.142589,9.39431,0.869569,-8.88899,-1.12387,-8.28579,-0.293702,4.38942,2.95361,4.03732,-7.65638,-7.51538,0.415,0.414381,-0.000699855,2.95756,26.8212
4.5861e+07,0.376891,0.07997,8.60322,0.532059,-1.27067,-1.04441,-1.22347,2.50831,1.62606,2.87775,1.4434,-8.3892,-8.20407,0.418,0.416164,-0.00194251,2.95738,26.7888
4.5881e+07,0.0875694,1.49371,10.6381,7.99247,4.88201,-0.986478,4.48871,0.467049,-2.41974,2.70415,-2.34237,-9.3663,-8.97607,0.418,0.417308,0.00121664,2.95746,26.7682
4.5941e+07,-0.377712,0.243742,10.8335,1.28809,-2.65998,-0.972702,-2.41368,-1.99631,0.542093,2.2383,0.410527,-9.80905,-9.42795,0.421,0.420366,-0.00287409,2.95773,26.78
4.5981e+07,0.231328,-0.262025,9.36256,-1.6026,-9.28593,-1.23314,-8.6634,1.41481,6.11461,2.10155,5.63296,-9.18309,-8.85679,0.422,0.420919,-0.011465,2.95804,26.7506
4.6021e+07,0.776071,-1.39639,8.38921,-9.41081,4.7446,-1.30625,4.51672,5.21396,4.51156,2.11454,4.12283,-7.77851,-7.56738,0.422,0.421457,-0.0275893,2.95747,26.7771
4.6041e+07,0.474843,-0.103069,9.53354,-0.618648,4.34766,-1.21555,4.14404,2.85125,-0.862487,2.02317,-0.891554,-8.41974,-8.11275,0.427,0.42326,-0.0262439,2.95738,26.78
4.6101e+07,0.128159,1.50575,10.479,8.17639,-1.74395,-1.13846,-1.74826,0.693576,-1.77852,1.90288,-1.70653,-8.4808,-8.25359,0.425,0.425713,-0.0330899,2.95808,26.8094
4.6121e+07,0.494102,-0.66423,9.55637,-3.97075,-5.72868,-1.16043,-5.27253,2.95267,3.24438,1.93599,2.94985,-7.94645,-7.79418,0.425,0.424551,-0.0398283,2.95805,26.7829
4.6141e+07,1.05749,-0.160871,9.15782,-0.999744,1.93544,-1.20017,1.7576,6.58601,0.358887,2.13451,0.270366,-8.90829,-8.63935,0.425,0.424365,-0.0418089,2.95675,26.7947
4.6182e+07,1.47775,-0.165688,10.4656,-0.898102,11.5538,-1.33517,10.8266,8.03606,-5.41211,2.61688,-5.18502,-9.73271,-9.42725,0.424,0.423293,-0.0304412,2.95523,26.78
4.6202e+07,0.899642,0.749509,10.3869,4.11192,9.75224,-1.21191,9.09403,4.93744,-7.1831,2.85047,-6.81467,-9.90065,-9.51439,0.424,0.42325,-0.0151352,2.95559,26.8388
4.6222e+07,0.837987,-0.791876,11.1988,-4.03345,-3.86609,-1.33115,-3.44133,4.26874,-1.47317,3.19343,-1.52434,-10.6945,-10.2331,0.424,0.423224,0.000177603,2.95492,26.7859
4.6262e+07,1.76715,-1.83472,9.44181,-10.8134,-7.28593,-1.47939,-6.63939,10.4106,8.05354,3.772,7.34188,-10.4197,-9.92037,0.424,0.423058,0.00521485,2.95474,26.7918
4.62831e+07,-0.0600716,0.0366185,9.3158,0.225212,5.66063,-1.29472,5.28381,-0.369456,2.51156,3.76221,3.40595,-8.86248,-8.12576,0.427,0.424107,0.00802452,2.95529,26.8035
4.6304e+07,0.433907,1.13245,10.4758,6.16457,8.28659,-1.17383,7.71628,2.35812,1.30545,3.57843,1.1079,-9.38157,-9.12809,0.427,0.425981,0.00966944,2.95463,26.8065
4.6344e+07,1.14319,0.780818,9.7077,4.56714,7.21788,-1.00336,6.82805,6.69488,-3.48844,3.33668,-3.38818,-10.3739,-9.97396,0.432,0.429236,0.0131013,2.955,26.7976
4.6384e+07,0.413007,-0.991774,9.53217,-5.93443,-4.82792,-1.19833,-4.37846,2.46764,2.03828,3.13171,1.74324,-8.67928,-8.39824,0.432,0.431269,0.00144451,2.95522,26.7859
4.6404e+07,-0.797973,0.246151,10.5324,1.33498,-4.40044,-1.10799,-4.05727,-4.33149,1.68713,2.87702,1.47673,-7.51897,-7.35524,0.433,0.43188,-0.00272399,2.95541,26.8035
4.6424e+07,1.00775,-1.59388,9.04873,-9.92967,-2.67525,-1.14533,-2.32178,6.2592,4.57263,2.86532,4.11133,-9.12203,-8.78445,0.433,0.432295,-0.00878188,2.95526,26.8241
4.6444e+07,0.589659,-0.818368,9.10019,-5.12802,5.7675,-1.05795,5.47365,3.69251,0.0840776,2.76745,-0.0279782,-8.02279,-7.90514,0.433,0.432341,-0.0131374,2.95545,26.8006
4.6485e+07,0.537194,-1.06403,10.3511,-5.86121,-4.43097,-0.984518,-4.03071,2.9553,3.62606,2.88358,3.2939,-8.72508,-8.55051,0.435,0.434296,-0.00164744,2.95588,26.8006
4.6505e+07,1.48026,-0.579935,9.12592,-3.58937,2.53086,-1.06989,2.35187,9.19511,-0.328136,3.13303,-0.457038,-10.206,-9.74105,0.435,0.43429,-0.00436086,2.95587,26.8124
4.6525e+07,0.510599,0.118505,11.0296,0.614915,0.011777,-1.05465,0.0589101,2.65037,-5.19837,3.1088,-4.97841,-10.0991,-9.75795,0.436,0.434879,0.0056222,2.95586,26.8388
4.6585e+07,0.453834,-1.83472,9.00371,-11.5035,5.14155,-1.29022,4.82697,2.82756,4.60316,3.0693,4.17765,-7.09149,-6.9453,0.438,0.436466,-0.00150147,2.95595,26.7829
4.6605e+07,0.598879,0.371388,9.88321,2.14809,10.9431,-1.10058,10.253,3.46519,5.7024,3.12941,5.21547,-9.30523,-8.87401,0.438,0.437163,-0.00305536,2.9561,26.7829
4.6625e+07,1.08607,0.120913,9.66633,0.712176,4.28659,-1.25789,3.99286,6.41013,5.16805,3.26919,4.745,-9.10676,-8.76525,0.438,0.437176,-0.00307148,2.956,26.7976
4.6645e+07,-0.420312,-1.12665,10.3708,-6.19505,-7.08746,-1.41774,-6.47277,-2.30728,1.00011,3.23788,0.827405,-8.00752,-7.82294,0.439,0.437748,0.000303733,2.95598,26.8006
4.6665e+07,0.718244,0.470133,9.28971,2.88854,2.30185,-1.54366,2.09206,4.41546,-4.09913,3.15715,-3.92983,-7.85485,-7.61917,0.439,0.438109,-0.00377736,2.95597,26.8153
4.66852e+07,-0.826578,0.0727447,10.6888,0.38877,-3.97296,-1.7191,-3.59765,-4.42184,-4.12966,2.94315,-3.97453,-7.94645,-7.66783,0.439,0.438147,-0.00557476,2.9546,26.7859
4.6705e+07,1.13442,-2.02017,9.2996,-12.1685,0.194983,-1.8243,0.374391,6.79791,1.35125,2.95415,1.10079,-9.50371,-9.02522,0.442,0.439958,-0.0044771,2.95432,26.7741
4.6745e+07,0.752272,-1.68299,9.40969,-10.1089,2.6072,-1.84764,2.6559,4.49977,3.21385,3.09276,2.88323,-8.60294,-8.30643,0.442,0.441098,-0.00816766,2.95479,26.8006
4.6765e+07,0.587387,-1.23502,10.1917,-6.89806,5.29422,-1.73949,5.10167,3.27463,1.29018,3.1952,1.05647,-7.4579,-7.24836,0.442,0.441077,-0.0061213,2.955,26.7653
4.6785e+07,0.322164,-0.613653,9.97209,-3.51954,-2.15616,-1.92892,-1.90803,1.84689,-2.99989,3.35046,-2.89558,-6.206,-6.13889,0.442,0.440977,-0.00655977,2.95504,26.8124
4.6825e+07,1.72167,-1.45178,8.71595,-9.2806,3.20262,-1.99723,3.11027,11.0257,-2.3892,3.63587,-2.4041,-7.93119,-7.69791,0.44,0.439675,-0.00833384,2.95544,26.7594
4.6845e+07,1.07451,-1.23502,9.9562,-7.03076,-2.87372,-2.1657,-2.49857,6.11321,0.939039,3.84871,0.696857,-9.07622,-8.56648,0.44,0.438763,-0.00987673,2.95461,26.7829
4.6865e+07,0.656825,-1.92383,9.58033,-11.3287,1.99651,-2.24032,2.06491,3.84552,1.03064,3.93051,0.78881,-7.70218,-7.61293,0.44,0.43862,-0.00816959,2.95483,26.7918
4.6885e+07,1.14811,0.27746,9.64754,1.63582,13.9202,-2.039,13.0227,6.78381,1.58026,3.92771,1.31088,-8.52661,-8.08183,0.444,0.441019,-0.000982739,2.95513,26.7859
4.6925e+07,1.04582,-1.10497,8.36807,-7.46475,4.653,-1.85148,4.46607,7.06303,2.48102,3.67211,2.14218,-8.2976,-7.90318,0.444,0.44283,-0.0035323,2.95469,26.7888
4.6945e+07,-0.0101921,0.99035,9.63306,5.86981,6.50033,-1.66914,6.04726,-0.0603031,-2.08386,3.40516,-2.03557,-7.96172,-7.77432,0.445,0.443544,-0.00269685,2.95483,26.8065
4.6965e+07,0.590005,-2.06352,8.64709,-13.3919,-4.75158,-1.68283,-4.24901,3.79704,0.0230088,3.24167,-0.139255,-6.61821,-6.39644,0.445,0.444007,-0.0107413,2.95386,26.78
4.6985e+07,0.544021,0.147406,9.52439,0.885233,10.2255,-1.4502,9.56173,3.26872,-1.47317,3.072,-1.5019,-6.67928,-6.51309,0.445,0.444108,-0.0127051,2.95378,26.7859
4.7005e+07,0.744487,0.554428,8.68677,3.63861,12.9125,-1.35435,12.0608,4.88858,-0.496075,2.97591,-0.579341,-7.09149,-6.84333,0.448,0.445932,-0.0159012,2.95387,26.7947
4.7045e+07,0.72335,-0.717215,8.85806,-4.61371,4.02704,-1.23708,3.8132,4.65325,0.496291,3.00466,0.378442,-6.09913,-5.95628,0.448,0.447157,-0.0208465,2.95414,26.8006
4.7105e+07,1.5879,-1.25911,8.68076,-8.12007,2.39346,-1.3414,2.31535,10.261,-3.33577,3.74903,-3.29692,-8.55714,-8.07332,0.444,0.442842,-0.0258525,2.95335,26.7741
4.7125e+07,0.772993,1.08428,10.378,5.94816,10.6377,-1.22359,9.88393,4.23675,-4.51134,3.80554,-4.34816,-7.28997,-7.15462,0.448,0.445166,-0.0134328,2.95347,26.8006
4.7225e+07,0.264564,0.434007,9.58682,2.59109,3.24842,-1.42076,3.02259,1.57915,-1.73272,4.03709,-1.74149,-7.90065,-7.75547,0.445,0.443435,-0.0475749,2.95241,26.8065
4.7245e+07,0.47228,0.530343,10.1068,3.00053,-0.125628,-1.57849,-0.13205,2.67176,-1.38157,3.892,-1.44192,-9.97699,-9.40753,0.448,0.44523,-0.0424822,2.95266,26.8065
4.7265e+07,0.921343,-0.00673292,9.45734,-0.0405981,7.8133,-1.56977,7.34543,5.56425,-1.01516,3.76718,-1.08523,-9.18309,-8.90379,0.448,0.446444,-0.0411223,2.95281,26.8124
4.73051e+07,-0.210564,0.248559,10.8571,1.31123,1.26369,-1.56636,1.26748,-1.11077,4.32835,3.32437,3.93214,-8.86248,-8.5191,0.444,0.444331,-0.0496146,2.95184,26.7829
4.7325e+07,-0.408986,1.07946,10.277,5.99148,5.01941,-1.14032,4.81064,-2.26651,-2.12966,3.13569,-2.09652,-8.03806,-7.83744,0.444,0.442952,-0.0543247,2.95169,26.8006
4.7345e+07,0.713514,0.306361,10.1608,1.72278,-1.80502,-1.28937,-1.68853,4.01503,2.06881,3.23122,1.81449,-8.66401,-8.35217,0.444,0.442814,-0.0547413,2.95173,26.8271
4.7385e+07,1.43478,-0.199406,9.66552,-1.16908,1.37056,-1.32615,1.27772,8.44175,0.877971,3.41228,0.685703,-9.2289,-8.89021,0.447,0.445647,-0.049018,2.9526,26.7947
4.7405e+07,0.374596,-0.2548,10.965,-1.33039,-4.47677,-1.35526,-4.06243,1.95609,2.80163,3.53594,2.48838,-9.44264,-9.11279,0.447,0.445696,-0.0444396,2.95157,26.7741
4.7506e+07,-0.0288262,-0.695539,10.8887,-3.65491,-13.6371,-1.27427,-12.7229,-0.151373,1.39705,3.95428,1.15582,-9.13729,-8.90709,0.443,0.441479,-0.0569975,2.95044,26.7947
4.76075e+07,0.809475,-1.30246,9.82099,-7.52924,1.40109,-1.17617,10.7772,4.67112,-4.63348,3.76957,-4.00473,-7.80905,-7.79205,0.444,0.442632,-0.040106,2.96356,26.7888
4.7728e+07,0.728218,-1.05198,9.70275,-6.17069,2.28659,-1.18841,2.26933,4.26725,4.02301,3.86082,3.60867,-8.80142,-8.4608,0.445,0.443247,-0.0193792,2.96002,26.7976
4.7849e+07,0.916688,-0.442656,9.76767,-2.58345,-4.90425,-0.678952,-4.53938,5.356,3.41232,4.01176,2.9983,-9.99225,-9.51369,0.445,0.444267,-0.00323289,2.95893,26.8094
4.7869e+07,0.303205,-1.13146,9.81458,-6.57314,-3.85082,-0.605202,-3.43054,1.75786,2.8627,4.06009,2.49134,-9.73271,-9.41406,0.445,0.443864,-0.00746662,2.95784,26.7771
4.7889e+07,0.114051,0.7182,9.68475,4.24087,1.61483,-0.497908,1.48277,0.672858,-1.42737,4.10159,-1.44462,-8.67928,-8.53569,0.445,0.443787,-0.00835551,2.95756,26.78
4.7909e+07,0.498581,0.405106,10.6051,2.18517,-2.26303,-0.422718,-2.086,2.68972,0.694765,4.04627,0.47098,-10.5266,-10.0917,0.451,0.447388,0.00190392,2.95679,26.78
4.7929e+07,0.690145,-1.52644,8.98738,-9.61153,-7.54547,-0.456038,-6.94431,4.32939,2.60316,4.04944,2.24131,-10.206,-9.74921,0.451,0.449622,7.11096e-05,2.95573,26.8124
4.7949e+07,0.973514,1.2914,9.75615,7.50346,-1.27067,-0.45231,-1.29235,5.64942,1.06118,3.86916,0.866781,-9.39683,-9.02314,0.451,0.449919,0.00137659,2.95454,26.78
4.7969e+07,-0.0480461,-0.274067,9.80438,-1.60118,-10.4157,-0.538194,-9.68237,-0.280664,1.10698,3.80358,0.910652,-9.2747,-9.00252,0.451,0.44994,-0.00578957,2.95443,26.7682
4.8029e+07,0.906842,0.617046,10.0139,3.51171,3.82857,-0.25601,3.52985,5.16474,0.114612,3.61949,-0.0191953,-10.1755,-9.68612,0.458,0.454208,-8.36952e-05,2.9542,26.7947
4.8049e+07,-0.109965,-0.868945,9.78449,-5.07472,-1.22486,-0.297087,-1.03015,-0.641376,2.17568,3.48559,1.89937,-8.4808,-8.36933,0.458,0.456841,0.00176162,2.95411,26.8241
4.8129e+07,-0.451933,0.954224,10.1557,5.36244,-3.11799,-0.202632,-2.99238,-2.53684,-0.862487,3.12616,-0.876775,-6.90829,-6.8397,0.457,0.456096,-0.029217,2.9527,26.8329
4.83291e+07,1.97952,-1.33136,9.03881,-8.18774,1.11101,-0.104755,1.08851,12.225,-0.00752544,3.40304,-0.175816,-10.1755,-9.8022,0.461,0.459211,-0.0310649,2.94999,26.7829
4.8349e+07,0.438769,0.821761,9.70125,4.83686,7.8133,0.118784,7.21412,2.58038,-5.07623,3.45602,-4.84939,-9.3205,-9.15877,0.461,0.459898,-0.0268209,2.95044,26.8035
4.8369e+07,0.622492,1.32753,10.4996,7.19349,3.41636,0.167263,3.08485,3.36618,-3.82432,3.45432,-3.71095,-10.2823,-9.82112,0.461,0.459964,-0.023996,2.95036,26.8153
4.8389e+07,0.152354,0.36898,9.78625,2.15899,-1.45387,0.300015,-1.37461,0.891284,-3.1831,3.40815,-3.10328,-9.82432,-9.5275,0.459,0.458785,-0.029629,2.94962,26.8359
4.8409e+07,0.703798,0.898831,9.73201,5.26309,-0.522574,0.203511,-0.618699,4.11883,-1.15256,3.35256,-1.19096,-10.6793,-10.236,0.459,0.458053,-0.0338791,2.94992,26.8418
4.8449e+07,1.02164,-0.0308171,8.44817,-0.20749,5.06521,-0.0935665,4.68465,6.89527,2.61843,3.2623,2.3158,-10.0075,-9.5512,0.461,0.459168,-0.0419646,2.9487,26.7771
4.8469e+07,-0.430473,1.06501,10.0918,6.01884,7.55376,-0.0218509,7.04213,-2.42905,-0.419739,3.1044,-0.461314,-9.18309,-8.84697,0.461,0.459925,-0.0414611,2.9488,26.8094
4.8489e+07,0.448444,0.376205,10.097,2.1317,4.8362,0.0123554,4.54703,2.54127,1.67186,3.11588,1.44655,-9.54951,-9.13294,0.461,0.459966,-0.0493494,2.94897,26.8359
4.8509e+07,-0.24661,1.06983,9.97291,6.12104,11.7522,-0.122426,10.9292,-1.40845,0.114612,2.97558,0.0207991,-8.77088,-8.41615,0.458,0.458236,-0.0491182,2.94965,26.8241
4.8749e+07,1.29896,-1.23021,9.35296,-7.42274,-5.4386,-0.55234,-4.99315,7.84012,8.90851,3.26429,8.19746,-7.58004,-7.26702,0.448,0.449148,-0.0869102,2.94569,26.7594
4.8849e+07,1.38234,-0.510091,8.87445,-3.25055,2.72933,-0.837647,2.57199,8.83922,-1.07623,3.23999,-1.17348,-8.4808,-8.02302,0.449,0.447804,-0.0626558,2.9486,26.78
4.8869e+07,0.773509,-0.7702,10.1614,-4.32209,-4.47677,-1.01854,-4.16909,4.34069,2.7711,3.28663,2.45481,-7.82432,-7.49282,0.44,0.442413,-0.0714801,2.94896,26.7976
4.8889e+07,0.527725,-1.36026,10.1417,-7.62907,-3.66761,-1.00605,-3.2819,2.95233,2.98484,3.37609,2.65244,-5.97699,-5.99441,0.44,0.439048,-0.0750873,2.94904,26.7918
4.8949e+07,0.575463,-1.29283,10.1655,-7.2364,-1.22486,-0.923304,-0.950407,3.2142,1.96194,3.39527,1.66318,-6.95409,-6.77098,0.442,0.440766,-0.0430112,2.94935,26.7976
4.8969e+07,1.49943,-0.840044,8.70999,-5.42953,5.26369,-0.831208,4.93265,9.72352,-0.404472,3.562,-0.527459,-6.67928,-6.52618,0.442,0.440837,-0.042919,2.94933,26.7918
4.8989e+07,0.503169,1.07705,10.1575,6.04542,6.31712,-0.784929,5.84595,2.82016,-2.87775,3.54298,-2.81425,-7.15256,-6.90474,0.439,0.439011,-0.0472966,2.94914,26.8241
4.9009e+07,0.190984,-1.15795,10.1945,-6.4791,-4.30883,-0.865445,-3.86964,1.0664,1.56499,3.51412,1.28358,-6.80142,-6.53569,0.439,0.437901,-0.0502609,2.94879,26.8153
4.9029e+07,1.15567,-1.15555,9.01369,-7.24674,1.73697,-0.95752,1.64297,7.24752,1.36652,3.47322,1.1328,-7.03042,-6.71239,0.439,0.437811,-0.0502073,2.94795,26.8006
4.9089e+07,0.296138,-1.48068,9.67394,-8.69807,-0.293566,-1.20023,-0.123709,1.73322,1.64133,3.24961,1.4193,-6.09913,-5.94222,0.44,0.438859,-0.0490653,2.94809,26.7859
4.9109e+07,0.806923,-0.712398,9.80532,-4.14153,6.40872,-1.16508,6.07928,4.69221,0.328352,3.19268,0.146392,-7.3205,-7.02959,0.436,0.436494,-0.0537826,2.94813,26.8153
4.9169e+07,1.06973,-1.22057,9.92774,-6.96916,-5.94242,-1.34481,-5.47483,6.10435,2.14515,3.19811,1.82319,-7.35103,-7.01194,0.438,0.436123,-0.0386678,2.94833,26.8153
4.9349e+07,1.06935,0.116096,9.05141,0.729778,2.07285,-2.02481,1.96273,6.73727,-0.877754,3.77326,-0.966208,-8.87775,-8.36917,0.434,0.434985,-0.0414421,2.94778,26.78
4.937e+07,1.10078,-1.25429,8.98983,-7.88468,-0.171429,-2.06158,-0.00885887,6.91462,2.61843,3.75328,2.24401,-8.96935,-8.47177,0.434,0.432742,-0.0501374,2.94725,26.8212
4.941e+07,1.3297,-0.124745,9.34995,-0.75677,6.85147,-1.97765,6.38178,8.09329,0.710032,3.78678,0.50245,-7.03042,-6.71836,0.44,0.436045,-0.0417972,2.94766,26.8182
4.943e+07,1.23465,-1.80823,9.34734,-10.8565,-1.66761,-2.10949,-1.51954,7.38897,3.44286,3.93336,3.08265,-8.32813,-7.98074,0.44,0.438224,-0.0370702,2.94722,26.8241
4.95311e+07,0.486965,-0.760566,10.6721,-4.07217,-2.35464,-1.97523,3.23786,2.60598,-0.84722,3.79872,-0.72853,-8.17546,-8.80266,0.441,0.435728,-0.0281596,2.95902,26.7712
4.95511e+07,0.118906,0.434007,10.3776,2.39465,-0.766849,-2.10758,-1.94947,0.655892,-2.19073,3.86015,1.54102,-7.3205,-7.55996,0.441,0.439233,-0.0146017,2.95818,26.7888
4.9572e+07,1.15782,-0.288517,9.88167,-1.66105,3.18735,-2.06779,3.03601,6.67995,-2.43501,3.86573,-2.42739,-8.3892,-8.04702,0.441,0.439602,-0.0129487,2.95688,26.7918
4.9672e+07,0.797412,-0.856903,9.45846,-5.15846,-6.46151,-1.47473,-5.90508,4.79946,3.10698,3.59237,2.76934,-9.2289,-8.71403,0.439,0.437709,-0.0198473,2.95325,26.7741
4.9872e+07,1.32985,-0.676272,9.12589,-4.19401,4.82094,-1.17408,4.55721,8.26858,0.55736,3.66451,0.340721,-8.57241,-8.24829,0.439,0.43789,-0.0219119,2.95082,26.7859
4.9972e+07,1.27989,-1.32654,9.46678,-7.90569,-5.78975,-1.20258,-5.40758,7.62595,3.54973,3.70583,3.17919,-7.93119,-7.54975,0.436,0.434848,-0.057854,2.95049,26.78
4.9992e+07,0.608558,-0.0862106,9.19869,-0.535792,2.39346,-1.18528,2.19551,3.78484,2.45049,3.68285,2.17186,-6.81668,-6.66548,0.436,0.434638,-0.0572908,2.95041,26.8006
5.0012e+07,0.837482,1.02166,9.68698,5.99836,5.40109,-1.17238,4.98619,4.91407,4.05354,3.71665,3.67579,-8.63348,-8.2051,0.435,0.434004,-0.0575446,2.95,26.8065
5.0032e+07,0.159542,0.279868,10.0425,1.59612,3.37056,-1.24412,3.17165,0.909809,0.419955,3.77512,0.305762,-8.19073,-7.92374,0.435,0.433582,-0.0598,2.95062,26.7829
5.0072e+07,0.899609,0.867521,10.1876,4.84846,8.8362,-1.05868,8.25139,5.02825,-4.54188,3.8874,-4.4108,-9.93119,-9.42547,0.435,0.43348,-0.0613182,2.95078,26.8065
5.0092e+07,0.212259,-0.384854,10.115,-2.17845,-5.40807,-1.07295,-4.96213,1.20128,-2.72508,3.77619,-2.69267,-8.00752,-7.77501,0.435,0.433559,-0.0542687,2.95128,26.8153
5.0112e+07,0.878271,0.318403,9.31544,1.94898,-4.91952,-1.435,-4.61963,5.38287,0.877971,3.8856,0.696666,-8.00752,-7.81155,0.435,0.433502,-0.0568036,2.95166,26.8035
5.0132e+07,0.534481,0.108871,10.2912,0.605295,-4.73631,-1.55773,-4.39413,2.97286,4.60316,3.94407,4.14283,-8.37393,-7.97598,0.434,0.432824,-0.0586593,2.95195,26.7918
5.0152e+07,0.327222,-1.63241,9.31991,-9.92876,-3.54548,-1.62659,-3.11092,1.9807,2.87797,3.92454,2.52612,-6.60294,-6.4545,0.434,0.432432,-0.0625005,2.95146,26.7682
5.01721e+07,-0.303716,0.342487,9.88157,1.98409,-0.0645587,-1.70171,0.0369294,-1.75941,-0.297602,3.7819,-0.400741,-7.01516,-6.78938,0.434,0.432367,-0.0659006,2.94973,26.8035
5.0192e+07,1.22727,-1.0279,9.84244,-5.91661,0.378189,-1.63725,0.48622,7.06957,-0.969357,3.76296,-1.0962,-7.35103,-7.08654,0.43,0.430042,-0.0708645,2.95011,26.8065
5.0212e+07,0.553889,-0.989366,9.30175,-6.06069,2.75987,-1.45994,2.73638,3.38868,-2.75562,3.65122,-2.7604,-7.19836,-7.01768,0.43,0.428622,-0.0772238,2.95031,26.7712
5.0232e+07,-0.341603,-0.803918,9.98898,-4.5986,-10.1409,-1.59601,-9.27295,-1.95233,-3.21363,3.61759,-3.166,-7.70218,-7.5067,0.43,0.42844,-0.0808955,2.94973,26.7888
5.0252e+07,1.41122,-1.3434,8.96805,-8.41741,-8.43097,-1.60839,-7.81323,8.84567,-5.54951,3.54672,-5.36487,-7.88539,-7.57468,0.429,0.427867,-0.0829605,2.94952,26.8035
5.03723e+07,0.699164,0.388247,10.6643,2.08055,-2.56838,-0.80264,-2.36332,3.74854,2.83217,3.40628,2.51936,-10.3892,-9.93342,0.426,0.425288,-0.0463837,2.94955,26.8065
5.0393e+07,0.68285,-1.05439,8.90979,-6.72949,-5.60654,-0.785645,-5.13626,4.35235,0.236749,3.44995,0.067886,-10.8472,-10.4158,0.426,0.424904,-0.0496016,2.94986,26.8094
5.0413e+07,0.842875,-1.19649,9.22282,-7.36144,-7.40807,-0.959227,-6.94547,5.1786,-0.2518,3.51396,-0.361747,-10.3587,-10.0118,0.426,0.424828,-0.051464,2.9499,26.7859
5.0433e+07,0.465136,0.458091,9.60805,2.72648,4.66827,-0.706439,4.36492,2.76845,-5.87012,3.45737,-5.63237,-9.65638,-9.40063,0.428,0.426031,-0.046127,2.94985,26.7624
5.0453e+07,0.806627,0.349712,9.65269,2.06769,4.05758,-0.634676,3.77061,4.77371,-6.3434,3.42298,-6.05723,-10.2365,-9.85224,0.428,0.426824,-0.0397606,2.9498,26.7859
5.0473e+07,0.782768,0.279868,9.33208,1.71177,4.51559,-0.528841,4.26776,4.79256,-5.94646,3.40709,-5.71777,-11.29,-10.7987,0.428,0.426937,-0.0422797,2.94934,26.7859
5.0493e+07,0.11184,0.0823784,10.7877,0.437495,-4.20196,-0.588061,-3.87939,0.593966,-1.96172,3.2499,-1.96909,-9.82432,-9.51203,0.429,0.427599,-0.0338779,2.94949,26.8035
5.0594e+07,1.15503,1.15894,9.94572,6.60252,5.50796,-0.463428,5.17347,6.58013,-2.08386,3.22646,-2.09622,-9.79378,-9.50823,0.427,0.426096,-0.0314081,2.94925,26.7712
5.06951e+07,1.04568,-0.599203,8.49472,-4.00473,-5.51494,0.0648653,-6.0755,7.00042,-4.63348,3.29631,-5.69632,-9.97699,-10.3115,0.43,0.429181,-0.0115188,2.94888,26.7565
5.07151e+07,1.3609,-0.702764,9.65053,-4.12434,-10.6905,-0.233742,-10.0302,8.00589,-4.78615,3.39058,-4.63316,-10.7556,-10.3467,0.43,0.42922,-0.00667262,2.94888,26.7682
5.08951e+07,-0.581058,1.60931,10.9594,8.34226,-0.201963,0.105132,3.24571,-3.0028,-6.22127,3.17797,-5.37006,-10.0839,-10.483,0.441,0.440373,0.0133963,2.94553,26.8065
5.0936e+07,0.708929,-0.380037,9.10791,-2.38214,2.14918,0.416776,2.01233,4.44688,1.33599,3.1302,1.13343,-10.3739,-10.1128,0.437,0.436437,-0.00633387,2.94553,26.7712
5.0976e+07,0.549045,-0.743708,8.83918,-4.8002,-5.69815,0.6105,-5.28841,3.54187,3.87034,3.20002,3.5184,-10.5113,-10.2636,0.447,0.443784,0.0163405,2.94469,26.8065
5.1017e+07,0.983065,1.29381,10.1242,7.24888,-3.75922,0.542044,-3.64188,5.50162,-1.15256,3.35397,-1.19081,-11.6716,-11.2578,0.447,0.446321,0.0156888,2.9437,26.8035
5.1037e+07,-0.00772393,0.701341,9.72519,4.12479,4.77514,0.680541,4.36468,-0.0453875,-4.81669,3.18583,-4.63043,-10.7403,-10.4107,0.445,0.444869,0.0113032,2.94328,26.7565
5.1057e+07,0.462475,1.44072,10.348,7.91837,2.6072,0.695538,2.34925,2.53455,-1.65638,3.1914,-1.67746,-11.9617,-11.4552,0.445,0.444377,0.00706635,2.94298,26.7918
5.1117e+07,1.04553,-0.088619,8.9965,-0.560595,-1.85082,0.50727,-1.72333,6.62861,7.7024,3.44477,7.0422,-10.3129,-9.86307,0.447,0.446124,-0.00581031,2.94097,26.7918
5.11591e+07,-0.148603,0.689299,9.07713,4.34201,6.33239,0.13019,5.84859,-0.935223,-0.435006,3.20898,-0.493454,-9.67164,-9.40512,0.45,0.448673,-0.0134627,2.94011,26.7888
5.118e+07,-0.366118,1.48648,10.4082,8.12301,7.12628,0.106403,6.60026,-1.99439,-2.80142,3.12621,-2.70099,-9.28996,-8.8818,0.45,0.449119,-0.0199855,2.93836,26.8006
5.12e+07,0.81167,-0.611245,9.66302,-3.60682,3.55376,0.0572636,3.39756,4.7919,-1.44264,3.06636,-1.49875,-9.71745,-9.24618,0.45,0.449149,-0.0295187,2.9383,26.8182
5.1221e+07,-0.356487,1.19747,9.89486,6.89594,7.59956,-0.0750846,7.04948,-2.0484,-3.25943,3.02149,-3.14808,-7.64111,-7.38029,0.451,0.449962,-0.0327544,2.93849,26.7947
5.1241e+07,0.759089,-0.435431,9.23836,-2.68947,-2.00349,-0.326457,-1.82496,4.69209,-0.175464,2.98851,-0.290992,-9.04569,-8.53237,0.451,0.450091,-0.0419061,2.93834,26.8035
5.1261e+07,0.300858,-1.28078,9.19467,-7.92588,-4.12563,-0.43797,-3.75851,1.8562,1.794,2.85874,1.55545,-6.81668,-6.72335,0.451,0.450091,-0.050864,2.93718,26.7594
5.1281e+07,0.422215,0.241334,9.10441,1.51677,-1.89662,-0.612006,-1.77616,2.65425,1.51919,2.84381,1.32914,-9.83958,-9.38146,0.449,0.448303,-0.068662,2.9376,26.83
5.1301e+07,-0.193794,0.0486606,10.4793,0.266005,-2.52257,-0.561841,-2.29609,-1.05944,2.92377,2.78073,2.64466,-8.35867,-8.14814,0.449,0.447985,-0.0698198,2.93757,26.7888
5.1321e+07,1.05291,-0.864128,8.95964,-5.47153,-3.11799,-0.494804,-2.81944,6.67183,3.6108,2.88247,3.21982,-10.0381,-9.53797,0.449,0.447928,-0.075405,2.93721,26.8006
5.1341e+07,0.388509,1.23601,10.8321,6.5055,1.53849,-0.498025,1.39808,2.04088,-0.35867,2.80991,-0.444155,-10.7251,-10.2007,0.447,0.446225,-0.0751835,2.93696,26.7712
5.1361e+07,0.312642,-0.719623,9.45435,-4.35034,-4.49204,-0.487741,-4.08123,1.88854,1.13751,2.76956,0.92875,-10.3434,-9.91595,0.447,0.445987,-0.0701144,2.93696,26.7947
5.1381e+07,0.816374,-0.353544,10.0148,-2.01515,2.17972,-0.285123,2.10468,4.65737,1.30545,2.79368,1.10481,-8.41974,-8.25417,0.447,0.446027,-0.0614283,2.9368,26.8124
5.1401e+07,-0.422946,-0.240349,9.99708,-1.37601,-3.63708,-0.443176,-3.27558,-2.42187,2.09934,2.88044,1.8636,-8.90829,-8.68411,0.444,0.443748,-0.0677439,2.9369,26.7947
5.1421e+07,1.29894,-1.15555,9.8208,-6.65333,1.78277,-0.462922,1.74976,7.48342,3.09171,2.97436,2.7401,-8.83195,-8.59107,0.444,0.443018,-0.0674606,2.93742,26.8153
5.14411e+07,0.532061,0.222066,9.07104,1.39996,6.94307,-0.397686,6.43999,3.35583,-0.465541,2.90264,-0.527628,-9.21363,-8.97599,0.444,0.442968,-0.0649784,2.93749,26.78
5.1461e+07,1.75035,-1.5433,8.88909,-9.66733,-1.57601,-0.714651,-1.48691,10.9794,1.8398,3.09579,1.60506,-8.90829,-8.6416,0.442,0.441436,-0.070938,2.93831,26.7947
5.1501e+07,0.577217,0.99035,10.1786,5.54836,-0.247765,-0.600572,-0.267564,3.23047,0.923772,3.03706,0.761933,-10.7556,-10.1417,0.442,0.440903,-0.0621633,2.93661,26.7535
5.1602e+07,0.252788,-0.151238,10.0061,-0.865655,-0.476773,-0.530737,-0.393281,1.44701,0.0993447,3.19308,-0.0613277,-9.54951,-9.09494,0.439,0.437791,-0.0796625,2.93651,26.7918
5.17033e+07,0.0115857,-0.0428591,10.8161,-0.227034,-4.01876,-0.260623,-2.10867,0.0613718,5.33599,3.1398,4.14287,-9.28996,-9.28334,0.438,0.437893,-0.0687763,2.93464,26.8065
5.18044e+07,-0.306344,1.2047,10.9514,6.27512,4.95834,-0.0497016,4.58148,-1.59272,-5.2289,3.16524,-4.98133,-8.00752,-7.85481,0.435,0.433876,-0.0571375,2.95063,26.7771
5.1825e+07,1.00289,-1.32173,9.46703,-7.90423,-4.81265,-0.185564,-4.39768,5.98944,2.37415,3.1974,2.05454,-8.45027,-8.13251,0.442,0.439868,-0.0366892,2.95038,26.7859
5.2025e+07,0.491917,-1.39398,9.42699,-8.40017,-4.15616,0.0913654,-3.72184,2.95501,2.69476,2.85211,2.37224,-7.59531,-7.42383,0.436,0.435382,-0.0303132,2.94704,26.78
5.2045e+07,1.52785,-0.00673292,9.54703,-0.0398994,2.24078,0.175781,2.02193,9.0922,1.8856,2.9526,1.63087,-8.28233,-8.01732,0.436,0.435251,-0.0303509,2.94629,26.7535
5.2125e+07,0.878162,0.710974,9.0098,4.49074,7.61483,0.31263,6.98885,5.54975,-7.93119,3.07142,-7.51278,-7.48844,-7.34699,0.437,0.436938,-0.0422731,2.94389,26.7771
5.2145e+07,1.84816,-1.2278,8.94887,-7.65277,1.43162,0.349041,1.3976,11.5636,-4.1602,3.24492,-4.07818,-8.90829,-8.53316,0.437,0.436108,-0.0460137,2.94346,26.7624
5.2165e+07,0.56526,1.05297,10.3354,5.80857,4.88201,0.472988,4.43292,3.11438,-5.44264,3.16897,-5.19862,-8.00752,-7.83301,0.437,0.436047,-0.0374921,2.94289,26.7565
5.2185e+07,0.560564,0.766368,9.74854,4.4876,-2.90425,0.325307,-2.79716,3.28092,-1.16783,3.24833,-1.21624,-9.04569,-8.67407,0.442,0.44028,-0.02169,2.94227,26.7506
5.2205e+07,1.44666,0.0342101,9.38097,0.206502,6.6072,0.123799,6.07487,8.76657,0.00774169,3.36676,-0.144987,-8.57241,-8.1164,0.442,0.44103,-0.0200211,2.94142,26.7947
5.2225e+07,-0.456866,1.5202,10.1163,8.53749,6.82094,0.201004,6.29252,-2.55713,-2.84722,3.2077,-2.74234,-8.74035,-8.45938,0.442,0.441138,-0.0179268,2.94129,26.7565
5.2245e+07,0.754133,0.212433,9.9588,1.21851,3.23315,0.170422,3.02815,4.32949,-1.03043,3.28787,-1.09058,-9.88538,-9.48634,0.437,0.436897,-0.0323937,2.94116,26.7653
5.2325e+07,-0.4401,1.33716,10.7356,7.09394,-2.12563,-0.274797,-2.04649,-2.32951,-2.84722,3.33848,-2.74221,-9.3663,-9.04224,0.441,0.43999,-0.0199229,2.93844,26.7918
5.2345e+07,1.17711,-0.979732,9.30361,-5.96427,-8.11036,-0.382345,-7.49964,7.17163,4.75583,3.44394,4.26808,-8.83195,-8.48209,0.441,0.440035,-0.0268969,2.93812,26.7388
5.2385e+07,0.13112,-0.555851,9.74917,-3.26291,0.164449,-0.32831,0.226295,0.769297,4.95431,3.62665,4.51401,-8.95409,-8.62612,0.437,0.435883,-0.0492711,2.93713,26.7476
5.2546e+07,-0.363386,0.248559,10.4798,1.35787,2.13391,-0.434079,2.05863,-1.98538,2.12988,3.16982,1.91401,-9.15256,-8.9136,0.435,0.434417,-0.0566484,2.9335,26.7594
5.2566e+07,-0.143811,0.631497,9.172,3.93814,10.1644,-0.327162,9.54043,-0.896168,-0.0685942,2.918,-0.17332,-9.09149,-8.70678,0.435,0.43404,-0.0583203,2.93343,26.7565
5.2606e+07,0.924077,-1.25429,9.35799,-7.59758,-0.659979,-0.22733,-0.496522,5.58986,0.587894,3.09236,0.412626,-8.74035,-8.4946,0.438,0.436488,-0.0572613,2.93274,26.7829
5.2626e+07,1.03348,0.332853,9.5765,1.97916,0.133914,-0.118093,0.170261,6.15572,1.24438,3.21891,1.02111,-10.2671,-9.81091,0.438,0.436891,-0.0566414,2.93135,26.7859
5.26471e+07,0.921173,0.605004,9.92842,3.47222,-3.92715,-0.0993643,-3.73075,5.29105,0.648963,3.29724,0.495649,-10.3587,-9.89276,0.438,0.436886,-0.0566426,2.93021,26.7712
5.26671e+07,0.432137,-1.09052,9.82403,-6.32813,-10.3241,-0.208696,-9.55824,2.50333,2.58789,3.35402,2.27435,-8.06859,-7.92792,0.431,0.430496,-0.0759262,2.93005,26.7565
5.2687e+07,0.329078,0.282277,9.53666,1.6944,-2.4157,-0.159541,-2.25094,1.97544,-0.175464,3.34995,-0.305472,-9.04569,-8.67092,0.431,0.429794,-0.0769947,2.93057,26.7594
5.2707e+07,0.689768,-0.170505,10.2835,-0.947773,2.48506,-0.0848697,2.38511,3.83685,2.7253,3.3296,2.38588,-8.2976,-7.99532,0.431,0.429745,-0.0762292,2.93048,26.7712
5.27272e+07,0.635042,-0.871353,8.82228,-5.6262,4.80567,0.104309,9.10035,4.09728,2.60316,3.35214,1.87241,-8.31287,-8.64163,0.431,0.429731,-0.0746123,2.9292,26.7976
5.2748e+07,0.780711,-0.909888,9.36817,-5.52844,-5.17906,-0.0967925,-4.85223,4.74162,3.47339,3.44709,3.11843,-9.48844,-9.11712,0.431,0.429715,-0.0752343,2.93002,26.7741
5.2768e+07,0.388947,-0.341502,9.65432,-2.02424,-3.71341,-0.116319,-3.44347,2.30561,-0.297602,3.41744,-0.411844,-8.78615,-8.6051,0.431,0.429708,-0.0748477,2.93046,26.7712
5.2788e+07,0.758866,0.366571,9.20878,2.27186,2.80567,-0.186026,2.50781,4.7072,-0.679281,3.35546,-0.763928,-8.87775,-8.54787,0.436,0.434274,-0.061711,2.93054,26.7741
5.2808e+07,-0.518741,0.771185,10.4618,4.21076,-2.56838,-0.272607,-2.38029,-2.83099,-1.51898,3.15866,-1.5177,-8.45027,-8.1195,0.436,0.43482,-0.0589437,2.93079,26.7565
5.2828e+07,0.118834,0.694115,9.61823,4.12738,8.94308,-0.176729,8.30072,0.70602,-2.23653,3.0076,-2.19938,-8.57241,-8.34836,0.436,0.434958,-0.0585401,2.9295,26.7329
5.2988e+07,0.357827,-0.0573096,9.25593,-0.354487,6.02704,-0.331348,5.589,2.21386,-1.97699,2.97917,-1.94651,-8.61821,-8.43653,0.431,0.430008,-0.0521507,2.92825,26.7712
5.3008e+07,1.08651,-1.4855,9.08682,-9.21996,-3.33173,-0.316971,-2.98689,6.73001,2.28255,2.99631,1.99451,-10.3281,-9.88315,0.431,0.430049,-0.0527602,2.92759,26.7712
5.3028e+07,0.133129,0.809719,9.68488,4.77874,7.03468,-0.110539,6.4791,0.784801,-0.709816,2.93961,-0.752499,-8.3892,-8.22422,0.426,0.425534,-0.061899,2.92748,26.7624
5.3048e+07,0.426985,0.263009,9.51993,1.58093,-0.522574,-0.233945,-0.50709,2.56711,4.35889,3.04035,3.95107,-9.54951,-9.12746,0.426,0.425022,-0.0622611,2.92762,26.7859
5.3068e+07,0.947382,0.809719,9.95009,4.63152,5.84384,-0.0855458,5.34424,5.42112,3.39705,3.04659,3.06401,-9.51897,-9.19125,0.426,0.425011,-0.0540672,2.92785,26.7682
5.3168e+07,0.554017,-1.45178,9.27015,-8.88509,-2.30883,-0.230328,-2.07417,3.37904,-0.908289,2.86754,-0.986902,-9.58004,-9.39707,0.427,0.426306,-0.0400809,2.92532,26.7682
5.3248e+07,0.532312,-0.67868,9.87209,-3.92706,-1.14853,0.140247,-1.02844,3.0792,2.87797,2.95892,2.57279,-10.3434,-10.1318,0.433,0.43224,-0.0209268,2.92223,26.7506
5.3288e+07,0.0546103,-0.199406,9.41979,-1.21268,-9.2096,0.0422394,-8.56658,0.332089,2.80163,3.01606,2.49858,-11.122,-10.68,0.43,0.429195,-0.0387891,2.92197,26.7565
5.3308e+07,1.05474,1.13486,9.95289,6.46901,4.59193,-0.252467,4.13633,6.01061,-2.2976,3.04132,-2.24219,-12.1144,-11.5553,0.43,0.429119,-0.0374785,2.92214,26.7829
5.3348e+07,0.302946,-0.201814,9.98226,-1.15768,3.82857,-0.195157,3.62307,1.73795,-3.73272,2.86621,-3.64211,-10.4503,-10.1381,0.435,0.434165,-0.0250621,2.92114,26.7565
5.3368e+07,0.28157,-0.613653,9.85579,-3.56137,-3.46914,-0.308941,-3.12351,1.63328,1.21385,2.94127,1.03076,-10.5419,-10.2254,0.435,0.434236,-0.028153,2.92093,26.7682
5.3388e+07,0.529603,0.47495,10.3939,2.61293,4.17972,-0.0815137,3.87698,2.91385,5.44286,2.97572,4.97858,-10.2976,-10.029,0.431,0.430832,-0.0362646,2.92013,26.7888
5.3408e+07,0.954584,0.67244,9.7528,3.92551,2.16445,-0.0748794,1.9227,5.57703,7.91614,3.09603,7.29599,-11.8548,-11.3702,0.431,0.430204,-0.0353653,2.91946,26.7712
5.3428e+07,0.405375,0.691707,9.76993,4.04629,2.63773,0.0689931,2.4163,2.37004,2.16041,3.0867,1.95086,-11.1526,-10.786,0.431,0.430133,-0.0364269,2.91908,26.7476
5.35491e+07,0.398731,-1.17722,8.96445,-7.47403,-5.74395,0.0104826,-5.38074,2.52514,7.29018,3.15659,6.69158,-10.664,-10.3024,0.433,0.432103,-0.040099,2.91267,26.73
5.3569e+07,0.453385,-0.218673,9.65684,-1.29578,3.08048,0.178925,2.92041,2.68735,-0.0991285,3.20391,-0.192255,-10.4045,-10.1644,0.441,0.438834,-0.0189485,2.91212,26.7829
5.3589e+07,0.710747,1.66711,10.1345,9.31896,11.0957,0.345241,10.2185,3.95865,-5.19837,3.26593,-4.95463,-10.6335,-10.2747,0.441,0.440002,-0.0210081,2.91075,26.7476
5.3609e+07,0.171725,-0.596794,9.45941,-3.60941,2.82094,0.241013,2.62892,1.03796,-5.83959,3.1849,-5.60156,-10.0839,-9.83837,0.441,0.440119,-0.0237028,2.91038,26.7506
5.3629e+07,0.144775,1.8622,10.3893,10.1609,6.7904,0.420575,6.23922,0.785842,-5.41211,3.18425,-5.15957,-11.9617,-11.4654,0.435,0.435042,-0.0395544,2.90961,26.7359
5.3649e+07,1.22468,-0.293334,9.69166,-1.71995,-7.27067,0.32726,-6.75634,7.19869,3.29018,3.3492,2.91266,-11.6106,-11.0169,0.435,0.434053,-0.0479933,2.90786,26.7535
5.3769e+07,0.22396,0.47495,9.05747,3.00078,1.69117,0.47317,1.53134,1.41449,-5.70218,3.22458,-5.42903,-10.9541,-10.5791,0.435,0.433993,-0.0625262,2.89756,26.7565
5.3789e+07,-0.191286,-0.382445,10.7801,-2.0315,-12.5531,0.355139,-11.6741,-1.01593,-0.221266,3.22128,-0.31205,-8.80142,-8.76021,0.435,0.433872,-0.060571,2.8954,26.7329
5.387e+07,-0.0578264,0.549611,9.59441,3.27852,5.56903,0.177183,5.1941,-0.344758,-1.74798,3.37439,-1.73469,-9.87012,-9.67922,0.438,0.437672,-0.0590887,2.9042,26.7888
5.389e+07,-0.0601151,0.193165,10.5198,1.05194,1.92017,0.287408,1.87708,-0.327357,1.71767,3.37669,1.44777,-11.0304,-10.5787,0.438,0.436859,-0.0643626,2.90247,26.7212
5.397e+07,1.50401,-0.136787,8.70637,-0.886975,-4.47677,0.234734,-4.24523,9.79984,-0.557144,3.54567,-0.683956,-10.4503,-10.0543,0.443,0.44182,-0.0500297,2.89549,26.7947
5.399e+07,0.369746,0.0125344,10.7019,0.0670663,-6.00349,0.19205,-5.6035,1.97875,3.27492,3.58208,2.8823,-10.2671,-9.92649,0.435,0.434991,-0.0712375,2.89419,26.7476
5.401e+07,1.32283,-1.19408,8.68584,-7.7395,2.71407,0.150815,2.57243,8.57997,6.46576,3.65773,5.8583,-10.7709,-10.354,0.435,0.433751,-0.0778179,2.89338,26.7712
5.403e+07,0.391219,0.0775616,9.11367,0.487153,14.3477,0.306491,13.4028,2.45792,0.374154,3.57785,0.246633,-10.7403,-10.4286,0.435,0.433637,-0.0755429,2.89245,26.7359
5.405e+07,1.6858,-1.24707,9.07244,-7.69651,8.7446,0.389564,8.27315,10.4305,6.12988,3.75512,5.53293,-11.4732,-11.0335,0.438,0.436098,-0.0708483,2.89173,26.7124
5.407e+07,0.828208,0.0245765,8.90427,0.157461,4.53086,0.543282,4.22018,5.31391,2.11461,3.71376,1.85433,-11.7632,-11.2373,0.438,0.436562,-0.0654495,2.89121,26.7712
5.409e+07,-0.681033,0.479767,10.3617,2.64531,-11.4844,0.458372,-10.7579,-3.7564,-0.236533,3.61773,-0.296393,-10.7251,-10.4498,0.438,0.436645,-0.0593676,2.89089,26.7506
5.417e+07,-0.389715,0.472541,9.97207,2.71095,6.48506,-0.108545,6.12297,-2.23551,-1.16783,3.55764,-1.20261,-10.7403,-10.3572,0.438,0.436024,-0.0598456,2.88952,26.7653
5.419e+07,1.05766,-0.753341,10.3796,-4.12988,2.95834,-0.0263656,2.90748,5.80307,3.64133,3.68557,3.22401,-10.5266,-10.0808,0.438,0.436633,-0.0563221,2.8892,26.7476
5.427e+07,-0.131949,0.908464,10.2527,5.06318,-4.43097,0.243204,-4.26024,-0.734461,-2.87775,3.91114,-2.80013,-9.73271,-9.51921,0.432,0.430557,-0.0563271,2.88748,26.7771
5.429e+07,1.571,-0.606428,8.70319,-3.92267,7.59956,0.0565169,7.06039,10.208,-1.58004,3.99674,-1.63675,-10.2365,-9.83611,0.437,0.434819,-0.0481059,2.88701,26.7947
5.431e+07,-0.0507566,0.886789,10.2289,4.95479,14.5614,0.206776,13.5415,-0.283243,-3.2289,3.86811,-3.13061,-9.01516,-8.85039,0.437,0.435592,-0.041215,2.88648,26.7712
5.435e+07,0.0830227,0.670031,9.92924,3.86037,6.43926,0.546376,6.05878,0.477977,-1.1831,3.69276,-1.24317,-8.90829,-8.56234,0.433,0.432384,-0.0459136,2.88533,26.7918
5.437e+07,0.312225,0.780818,10.9335,4.08319,-7.92715,0.421643,-7.4385,1.63158,5.01538,3.8139,4.53514,-10.5877,-10.0574,0.433,0.431774,-0.0440085,2.88462,26.7888
5.441e+07,0.414725,1.41664,10.6448,7.57486,-2.93479,0.337542,-2.76326,2.21166,1.73293,4.04425,1.48861,-10.5266,-10.2207,0.439,0.436693,-0.0250604,2.88357,26.7682
5.443e+07,0.945275,-0.199406,9.64695,-1.17851,-2.98059,0.12744,-2.77754,5.59519,-0.526609,4.12603,-0.661733,-10.9999,-10.4509,0.439,0.437595,-0.0234884,2.88355,26.73
5.445e+07,0.186227,-1.2278,9.8169,-7.12769,-1.78975,0.0186909,-1.5396,1.07838,-2.96936,4.02658,-2.94735,-9.33577,-9.17236,0.439,0.43773,-0.0220321,2.88251,26.7682
5.45712e+07,0.338812,-0.37522,9.79439,-2.1926,-5.94242,0.0274104,-2.50926,1.97976,-3.58004,4.52709,-2.10763,-9.3205,-10.3459,0.44,0.438485,-0.0240243,2.87991,26.7271
5.4592e+07,1.17442,0.123321,8.50051,0.823342,8.11865,0.0972956,7.59448,7.86528,-4.58768,4.49727,-4.4929,-10.6335,-10.1867,0.438,0.436656,-0.0386463,2.88074,26.7506
5.4612e+07,-0.117547,0.636314,9.74417,3.73595,9.69117,0.135167,9.03465,-0.689672,-3.90066,4.3098,-3.77381,-8.22126,-8.10394,0.438,0.436468,-0.0428565,2.88052,26.7741
5.4632e+07,0.837688,0.282277,10.1227,1.59188,6.33239,0.121409,5.94238,4.72883,4.6795,4.28335,4.19037,-9.18309,-8.84622,0.438,0.436421,-0.0524887,2.88141,26.78
5.4652e+07,-0.454257,0.725425,10.1411,4.08749,0.836205,0.313847,0.845644,-2.55824,1.85507,4.04639,1.58734,-8.35867,-8.1381,0.443,0.440982,-0.0428412,2.88175,26.7594
5.4672e+07,0.832843,0.530343,10.6668,2.83774,-8.69051,0.116001,-8.17528,4.45902,4.45049,4.01044,4.01485,-8.80142,-8.41091,0.443,0.441547,-0.0394343,2.88139,26.7682
5.4712e+07,-0.0502819,-0.820777,9.70617,-4.83351,-8.85845,-0.308601,-8.19124,-0.295757,2.16041,3.76684,1.86109,-8.37393,-8.08717,0.441,0.439904,-0.0492641,2.88378,26.78
5.4732e+07,-0.158282,1.1469,9.82338,6.65838,5.01941,-0.35338,4.62073,-0.916887,-4.2976,3.65769,-4.10859,-7.61058,-7.42149,0.441,0.439718,-0.054036,2.88451,26.7888
5.4752e+07,0.543866,0.706158,10.0215,4.02474,2.04231,-0.315515,1.91975,3.09872,-3.30524,3.65427,-3.24823,-9.65638,-9.19078,0.441,0.439697,-0.0549048,2.88511,26.7859
5.4792e+07,1.00003,0.393064,8.70291,2.5691,4.36292,-0.337911,4.03015,6.54836,-2.28233,3.68801,-2.28655,-8.63348,-8.29016,0.445,0.443731,-0.0459515,2.88527,26.7535
5.4812e+07,0.159278,1.22878,10.5094,6.66813,-1.33173,-0.299726,-1.2686,0.862423,-1.65638,3.7688,-1.65764,-9.4579,-9.1653,0.445,0.443714,-0.0440189,2.88499,26.7682
5.4832e+07,1.58039,-0.018775,9.51848,-0.111488,-5.77448,-0.357149,-5.38018,9.42703,1.24438,4.06199,1.01518,-9.53424,-9.23623,0.44,0.439041,-0.0650134,2.88506,26.7535
5.4852e+07,1.12905,0.120913,9.54758,0.720549,-2.12563,-0.319941,-2.0199,6.74366,0.419955,4.17668,0.207415,-10.5266,-9.99816,0.44,0.438463,-0.0634289,2.88488,26.7653
5.4872e+07,0.942742,0.32322,9.19668,2.00236,0.622464,-0.301868,0.536954,5.8493,-2.43501,4.20064,-2.39897,-9.28996,-9.05541,0.44,0.438417,-0.0585574,2.88479,26.8035
5.4892e+07,0.968551,1.96817,10.4315,10.64,7.53849,-0.170012,6.90088,5.21316,-2.83195,4.29313,-2.78215,-10.5113,-10.1625,0.443,0.440925,-0.0458751,2.88479,26.7976
5.4912e+07,0.377206,-1.05439,9.99033,-6.02051,3.44689,-0.114139,3.34118,2.15037,-1.94646,4.26139,-2.01639,-9.91592,-9.56223,0.443,0.441412,-0.0410342,2.88471,26.7976
5.4932e+07,1.28663,0.197982,9.11546,1.23203,12.5767,-0.017358,11.7123,8.03222,-3.01516,4.22272,-2.99939,-10.0228,-9.55291,0.443,0.441519,-0.0394898,2.88497,26.7535
5.4952e+07,0.434029,0.694115,9.02915,4.39092,6.28659,0.00299013,5.81173,2.74399,-2.19073,4.10862,-2.16655,-8.14493,-8.03003,0.439,0.438181,-0.0520907,2.88428,26.7947
5.5072e+07,0.637385,-0.70999,9.96454,-4.06725,-2.52257,0.0122759,-2.26886,3.65073,-8.2976,4.58512,-7.98997,-9.90065,-9.60486,0.438,0.436962,-0.069791,2.88371,26.7388
5.5172e+07,-0.241433,-0.37522,10.6069,-2.02548,1.21788,-0.224716,1.23234,-1.30312,4.40469,4.39664,3.95106,-9.33577,-9.05097,0.441,0.439173,-0.0678938,2.88328,26.7712
5.53921e+07,0.095286,-0.495641,10.4639,-2.71177,8.21025,-0.872702,7.80628,0.521144,1.56499,4.02693,1.28271,-7.82432,-7.55017,0.438,0.43623,-0.0805036,2.88359,26.7712
5.5432e+07,0.0686468,0.845846,9.92479,4.87118,0.897273,-0.760071,0.770349,0.39486,-0.0533268,3.8013,-0.152397,-6.06859,-6.0762,0.434,0.433017,-0.091192,2.88331,26.7741
5.5452e+07,1.18873,0.159448,9.49774,0.954345,-5.04166,-0.956049,-4.7403,7.13304,-0.893022,3.98024,-0.987584,-8.3434,-7.97327,0.434,0.432363,-0.0896345,2.88321,26.8035
5.5472e+07,1.74777,-0.842453,9.35319,-5.05969,-2.90425,-1.01658,-2.69433,10.5427,-2.43501,4.19211,-2.49588,-8.45027,-8.0478,0.434,0.432224,-0.0874324,2.88346,26.7565
5.5513e+07,1.8621,0.190757,9.36425,1.14459,12.1797,-1.12586,11.3199,11.2444,-5.90066,4.51401,-5.68819,-9.19836,-8.79187,0.437,0.435036,-0.0734475,2.88082,26.8094
5.5533e+07,1.5665,-1.57702,9.44477,-9.3539,1.70643,-1.08952,1.75088,9.29094,0.633696,4.65694,0.359023,-8.84722,-8.3821,0.437,0.435012,-0.0722506,2.88153,26.7653
5.5553e+07,0.708986,-0.584752,9.35213,-3.56761,4.05758,-1.03907,3.84368,4.32689,1.8856,4.65598,1.57817,-7.09149,-6.98942,0.43,0.429084,-0.0888126,2.88245,26.78
5.5593e+07,1.20354,-1.56738,9.29077,-9.49793,-4.46151,-1.09627,-4.04646,7.27935,5.59553,4.81115,4.99909,-8.52661,-8.14032,0.43,0.427799,-0.0938368,2.88259,26.7947
5.5613e+07,0.455974,-0.943606,9.19745,-5.85059,0.118647,-1.08253,0.200157,2.82339,-0.114396,4.62796,-0.294254,-7.91592,-7.68816,0.435,0.43207,-0.0818179,2.88338,26.8153
5.5633e+07,1.08841,0.303952,9.20365,1.87844,10.0881,-1.07512,9.33641,6.74072,-3.53424,4.45977,-3.48097,-8.206,-7.86109,0.435,0.43293,-0.0805513,2.88404,26.7859
5.5653e+07,1.28234,-1.57702,9.3999,-9.43798,-0.263032,-1.18039,-0.127998,7.6626,-1.73272,4.326,-1.84131,-7.51897,-7.20805,0.435,0.433081,-0.0826771,2.88475,26.7682
5.5673e+07,-0.0121682,-0.490824,9.64493,-2.91323,0.317121,-1.12527,0.382891,-0.0721918,-2.77088,3.97499,-2.77412,-6.60294,-6.391,0.431,0.429864,-0.0895844,2.88543,26.7565
5.56938e+07,-0.231888,-0.351136,10.4027,-1.93276,-3.63708,-1.16918,-3.36583,-1.27625,-1.1831,3.67583,-1.26622,-6.74035,-6.565,0.431,0.429411,-0.0839412,2.92118,26.7388
5.5714e+07,0.745039,-1.43251,8.98273,-9.0304,-3.68288,-1.24092,-3.27732,4.68243,3.64133,3.53826,3.23786,-7.94645,-7.39836,0.431,0.429478,-0.0868305,2.91886,26.7624
5.57351e+07,0.713577,0.0775616,9.13476,0.484999,-1.92715,-1.17879,-1.05493,4.46653,4.54209,3.53556,4.55743,-7.88539,-7.53183,0.434,0.432221,-0.0773863,2.91698,26.8006
5.5776e+07,0.0477461,-1.27597,10.4271,-6.97653,-6.88899,-1.26078,-6.27517,0.260415,0.374154,3.82575,0.20793,-6.61821,-6.38552,0.434,0.43247,-0.0660039,2.91173,26.8182
5.5796e+07,1.32033,-0.799101,10.2606,-4.41697,-3.51494,-1.31775,-3.15494,7.31063,-4.22127,4.17291,-4.1267,-8.66401,-8.254,0.428,0.426888,-0.0808715,2.90979,26.78
5.5816e+07,1.00046,-1.16036,9.91127,-6.64405,-1.11799,-1.3262,-0.911709,5.72518,-7.68691,4.34408,-7.36529,-7.83958,-7.55186,0.428,0.426182,-0.0832393,2.90829,26.7771
5.5836e+07,1.88629,-0.95324,8.62163,-6.16455,5.82857,-1.42884,5.5227,12.2686,-2.41974,4.45604,-2.5243,-8.19073,-7.75566,0.428,0.426045,-0.0867358,2.90576,26.7565
5.5896e+07,1.10517,0.135363,8.03049,0.956681,3.35529,-1.29726,3.12966,7.8348,6.09935,4.65969,5.55396,-6.4808,-6.31755,0.429,0.426854,-0.0989038,2.90019,26.7771
5.5936e+07,0.981106,-0.249983,9.7513,-1.46113,-2.72105,-1.30932,-2.48212,5.74348,1.27492,5.03233,0.974349,-7.07622,-6.7548,0.422,0.419516,-0.125909,2.8981,26.7653
5.5956e+07,0.940486,-0.153646,8.82554,-0.991762,2.71407,-1.36302,2.52016,6.08181,-7.28997,5.08197,-6.97929,-6.206,-6.15892,0.422,0.419376,-0.12702,2.89761,26.7947
5.5996e+07,1.69531,-1.12665,8.54317,-7.37053,4.34766,-1.41193,4.13713,11.1301,-1.42737,4.92755,-1.62338,-8.09912,-7.6862,0.424,0.421366,-0.138608,2.89562,26.78
5.6036e+07,1.70921,0.426782,9.0751,2.64605,8.92781,-1.27564,8.33372,10.6547,2.02301,4.86014,1.69736,-7.28997,-7.04733,0.41,0.408635,-0.19054,2.89325,26.7565
5.6056e+07,2.25634,-0.693131,8.20149,-4.65847,3.75224,-1.34413,3.53291,15.3302,3.32072,5.0518,2.90187,-8.02279,-7.67578,0.41,0.407184,-0.197471,2.89232,26.8035
5.6096e+07,1.72833,0.359346,9.01325,2.24229,2.30185,-1.32706,2.146,10.8465,-2.89302,5.50234,-2.94281,-8.67928,-8.30631,0.408,0.404928,-0.193428,2.89054,26.7918
5.6116e+07,1.15793,-0.70999,8.00298,-5.01778,2.24078,-1.38301,2.15188,8.20111,-6.1602,5.46249,-5.96232,-7.4121,-7.26433,0.408,0.404735,-0.192903,2.89008,26.7712
5.6136e+07,1.09063,0.896422,9.70556,5.24415,5.69117,-1.239,5.30108,6.38457,-2.45027,5.45461,-2.5426,-8.3892,-7.96328,0.408,0.404651,-0.19779,2.88872,26.7388
5.6156e+07,1.3439,0.325628,8.47932,2.17214,7.11101,-1.26182,6.62383,8.99944,2.40469,5.35127,2.02056,-7.87012,-7.49091,0.397,0.394759,-0.230106,2.88853,26.7741
5.6216e+07,0.785275,-0.146421,8.96814,-0.931808,6.01178,-1.11368,5.68921,5.00355,0.725299,5.0977,0.510575,-6.75561,-6.54644,0.391,0.388227,-0.257772,2.88551,26.7624
5.6256e+07,1.42797,-1.47587,8.80163,-9.3982,-5.46914,-1.26291,-4.99933,9.0906,0.877971,4.78239,0.591863,-8.90829,-8.51564,0.391,0.3878,-0.252569,2.88449,26.7859
5.6276e+07,0.358373,-2.02258,9.35962,-12.1852,-7.68288,-1.32987,-7.05311,2.14332,-1.65638,4.58226,-1.74099,-7.25943,-7.13664,0.38,0.377907,-0.278166,2.88442,26.7476
5.6296e+07,-0.0813078,-0.878579,10.5679,-4.75228,-1.82028,-1.30745,-1.59036,-0.439299,-1.51898,4.41539,-1.60545,-6.60294,-6.51613,0.38,0.376948,-0.270489,2.88427,26.7682
5.6356e+07,0.379322,-0.0765769,9.68562,-0.452638,7.50796,-1.12578,7.07003,2.24269,3.10698,3.9771,2.7524,-7.73271,-7.50365,0.364,0.361107,-0.299657,2.8829,26.7976
5.6376e+07,-0.100674,0.0679279,8.15964,0.476933,3.93544,-1.1256,3.73241,-0.706855,1.90087,3.78051,1.67006,-7.58004,-7.36667,0.364,0.361072,-0.296808,2.88173,26.7682
5.6436e+07,-0.558869,-0.902663,9.81806,-5.24451,-6.53784,-1.22693,-5.97111,-3.24425,1.96194,3.5356,1.7082,-8.12966,-7.85908,0.351,0.348003,-0.32055,2.88111,26.7712
5.6456e+07,0.0594449,-0.411346,10.8962,-2.16193,-6.56838,-1.18525,-6.00803,0.312355,0.786368,3.58067,0.591919,-8.93882,-8.58809,0.331,0.329889,-0.358182,2.88214,26.7388
5.6476e+07,1.56164,-1.29764,10.0863,-7.24569,-8.12563,-1.19788,-7.46054,8.73032,3.68713,3.74328,3.26816,-8.81668,-8.54616,0.331,0.328018,-0.344658,2.88312,26.7447
5.6496e+07,0.634386,1.48889,10.4714,8.07783,1.75224,-0.865448,1.67429,3.43246,2.8627,3.79965,2.52937,-9.04569,-8.74693,0.331,0.327959,-0.316723,2.8832,26.7741
5.6516e+07,1.00473,0.650764,9.25414,3.99907,3.61483,-0.91194,3.32659,6.18127,5.21385,3.92571,4.72577,-8.95409,-8.59588,0.312,0.310791,-0.352158,2.88345,26.7771
5.6536e+07,0.706362,0.263009,9.13031,1.6451,6.95834,-0.928255,6.51923,4.42202,3.80927,3.87537,3.47475,-9.24416,-8.9125,0.312,0.309081,-0.334592,2.88402,26.73
5.6556e+07,0.950188,-0.695539,9.75299,-4.06001,5.49269,-1.04493,5.16142,5.55049,8.6795,3.98006,7.9693,-9.96172,-9.63726,0.312,0.308989,-0.316862,2.88423,26.7947
5.6576e+07,1.09859,-1.96236,8.80351,-12.4725,0.164449,-0.967504,0.334703,6.94444,6.64896,3.99989,6.04131,-9.59531,-9.16956,0.296,0.295537,-0.342168,2.88426,26.7594
5.6616e+07,0.431798,0.128138,10.0349,0.730908,2.16445,-0.677113,2.01206,2.46369,0.00774169,3.71756,-0.139284,-7.2289,-7.05425,0.296,0.293159,-0.309348,2.88248,26.7682
5.6756e+07,-0.0169566,-0.445064,10.9247,-2.33289,-3.78975,-0.0920362,-3.4037,-0.0888568,1.29018,3.55148,1.07846,-6.61821,-6.504,0.245,0.245125,-0.342482,2.88125,26.7682
5.6776e+07,1.35617,-0.871353,10.2913,-4.79834,-8.21723,-0.060829,-7.61985,7.48062,2.58789,3.63956,2.22016,-9.09149,-8.64007,0.245,0.242473,-0.330521,2.88134,26.7359
5.6796e+07,1.44473,-1.63241,8.61143,-10.5892,-11.4233,-0.17242,-10.6092,9.36011,0.633696,3.711,0.401081,-9.70218,-9.31187,0.245,0.242286,-0.318151,2.88101,26.7506
5.6816e+07,0.782445,1.44313,10.381,7.89226,-3.83555,-0.307845,-3.71439,4.2695,-2.31287,3.74588,-2.28808,-7.50371,-7.22552,0.225,0.225404,-0.348172,2.88103,26.7712
5.6876e+07,0.802346,-1.4277,10.0297,-8.07597,-0.415704,-0.255184,-0.276457,4.52828,2.17568,4.00328,1.87537,-7.50371,-7.47543,0.206,0.206298,-0.335741,2.87951,26.7447
5.6916e+07,1.98645,-0.476374,9.26098,-2.87925,-2.2783,-0.00305322,-2.11346,12.0908,5.50393,4.41107,4.92664,-10.0381,-9.49706,0.206,0.203329,-0.297338,2.8807,26.7418
5.6936e+07,-0.0913687,0.954224,11.6583,4.67905,-7.04166,-0.0733409,-6.63941,-0.447534,0.160414,4.42735,0.00961372,-8.57241,-8.3066,0.19,0.189873,-0.30982,2.88082,26.7565
5.6956e+07,1.16016,-0.13197,10.2214,-0.734994,-7.28593,-0.173986,-6.80645,6.47499,1.35125,4.49944,1.06173,-10.3281,-9.87116,0.19,0.187581,-0.294201,2.88127,26.7712
5.6976e+07,0.627777,-0.505275,9.62536,-2.99857,-7.19433,-0.215101,-6.63643,3.72649,-2.3892,4.40901,-2.41304,-10.3434,-9.92987,0.19,0.18749,-0.274637,2.88161,26.7535
5.6996e+07,1.56363,0.152222,9.60424,0.896235,1.73697,-0.476227,1.54627,9.24582,-4.63348,4.46374,-4.54464,-9.48844,-9.04285,0.171,0.171477,-0.31081,2.88194,26.7476
5.7016e+07,0.703902,0.523118,9.05476,3.29654,7.12628,-0.440959,6.57585,4.43777,-3.91592,4.25639,-3.83075,-7.67164,-7.58153,0.171,0.168706,-0.302899,2.88217,26.7682
5.7036e+07,0.0325112,1.98984,10.4988,10.7319,10.5003,-0.233426,9.72766,0.174321,0.801635,4.1163,0.60221,-9.03042,-8.72041,0.171,0.168532,-0.284411,2.88095,26.7535
5.7056e+07,0.594642,-1.56498,9.47412,-9.36158,1.73697,-0.16833,1.75329,3.54356,5.82454,4.19726,5.28189,-7.25943,-7.26359,0.157,0.156767,-0.307402,2.88114,26.7388
5.7136e+07,0.833111,-0.430614,9.31665,-2.63581,-8.81265,-0.501998,-8.23913,5.10447,-4.72508,3.6292,-4.6097,-8.66401,-8.17735,0.144,0.141755,-0.307984,2.88072,26.7535
5.7176e+07,0.276756,-0.473965,8.72113,-3.10922,5.06521,-0.455143,4.76599,1.81493,2.98484,3.23486,2.66321,-4.92355,-4.79495,0.131,0.130744,-0.316707,2.88178,26.7329
5.7196e+07,1.01419,0.983125,9.59892,5.81572,3.29422,-0.340622,2.98054,6.00016,5.41232,3.188,4.94261,-7.3205,-7.01,0.131,0.128848,-0.307156,2.88252,26.7506
5.7216e+07,0.376744,0.607413,8.50198,4.08248,-8.58364,-0.397369,-8.076,2.53082,2.92377,3.06086,2.64748,-6.51134,-6.33469,0.131,0.128764,-0.2916,2.88264,26.7359
5.72361e+07,0.451157,-0.791876,9.72477,-4.65027,-13.2401,-0.553365,-12.369,2.64744,0.404688,2.96999,0.2597,-5.59531,-5.40061,0.115,0.115298,-0.316041,2.88224,26.7388
5.7336e+07,1.19143,-0.962873,9.24901,-5.89503,6.51559,-0.57303,6.15319,7.30124,4.84744,2.2231,4.40911,-7.62584,-7.34105,0.108,0.10619,-0.240794,2.88303,26.78
5.7456e+07,1.2986,0.0775616,10.7036,0.412153,11.8744,-0.314681,11.1784,6.91733,-9.03043,3.87431,-8.64088,-12.1144,-11.4071,0.082,0.0809554,-0.114557,2.88283,26.7359
5.7557e+07,1.92452,-1.03513,10.6419,-5.46746,-18.2325,0.0678312,-17.0309,10.2036,7.73293,5.28988,6.97058,-12.9083,-12.3345,0.075,0.0744721,-0.021361,2.87994,26.7447
5.7577e+07,1.89081,-0.00914133,10.7979,-0.0477785,-8.56837,0.0283087,-8.01289,9.93226,-0.435006,5.5234,-0.632719,-13.1831,-12.4764,0.075,0.0745277,-0.014604,2.8785,26.7535
5.7597e+07,2.45411,0.804902,10.1553,4.40545,5.50796,0.103085,5.13251,13.5446,-4.41974,5.96606,-4.3939,-13.4884,-12.8557,0.079,0.0779013,6.92694e-05,2.87805,26.7182
5.7637e+07,2.39482,-0.654596,8.40087,-4.28544,17.9354,0.456978,16.8053,15.8655,-2.72508,6.24333,-2.91842,-12.1144,-11.4796,0.079,0.0786037,0.00847757,2.87731,26.7653
5.7757e+07,1.90295,-0.760566,7.91678,-5.33649,4.50033,0.107538,4.2314,13.4561,-12.7251,5.12062,-12.0869,-8.89302,-8.51774,0.089,0.0881591,-0.0788721,2.87096,26.7624
5.7777e+07,2.02677,0.513484,9.20555,3.11812,2.98888,0.190335,2.82585,12.3979,-10.9541,5.22357,-10.5731,-10.1602,-9.57045,0.093,0.0914436,-0.0775623,2.8698,26.7065
5.7797e+07,2.79341,-0.0115497,8.23536,-0.0760964,-0.415704,0.0587139,-0.376723,18.7368,-6.95409,5.09255,-6.85751,-10.8778,-10.2959,0.093,0.0921395,-0.0638122,2.86903,26.7741
5.7817e+07,-0.23215,0.590554,11.1497,3.03122,-1.13326,-0.0279558,-1.03204,-1.19112,-5.64111,5.22678,-5.53855,-10.0228,-9.51928,0.093,0.0920913,-0.0748429,2.86923,26.7624
5.7837e+07,-0.103155,0.405106,9.50637,2.43999,2.71407,-0.0826642,2.49532,-0.621138,1.35125,5.47894,1.0872,-6.55714,-6.50616,0.091,0.0902645,-0.0992016,2.86832,26.7241
5.7857e+07,-0.501821,0.0342101,10.5199,0.18611,2.82094,0.00348805,2.63588,-2.73104,2.31309,6.14438,2.05041,-8.35867,-8.24887,0.091,0.0897066,-0.125338,2.86703,26.78
5.7957e+07,3.62675,0.0438438,6.29023,0.345968,0.820937,-0.306927,0.734002,29.9658,-7.93119,8.24594,-7.71118,-9.85485,-9.3733,0.082,0.0806307,-0.238543,2.8601,26.7271
5.8157e+07,-0.157565,-1.43011,10.9019,-7.47259,-10.9501,-1.01381,-10.2191,-0.821007,-10.0839,7.25194,-9.65507,-5.70218,-5.81666,0.037,0.0340398,-0.414551,2.84399,26.78
5.8177e+07,-0.405855,-10.1823,61.2431,-9.43945,215.386,-1.44541,199.139,-0.37455,-206.404,7.11314,-191.221,-28.4808,-25.3284,0.037,0.0342466,-0.170147,2.87152,26.7418
5.8197e+07,-6.31844,-0.546218,21.2555,-1.41105,69.4469,1.85187,68.3797,-16.55,-68.5113,3.97456,-67.2342,-6.87775,-8.64258,0.033,0.032883,0.03463,2.87725,26.7535
5.8217e+07,0.209914,-0.538992,9.26954,-3.32696,-111.469,1.47191,-104.576,1.29509,84.8627,4.28479,79.3355,8.55736,7.88224,0.033,0.0330035,0.00269384,2.881,26.7241
5.8257e+07,-1.55483,-0.0789853,7.39853,-0.598582,-142.11,-3.30995,-142.403,-11.8675,135.046,7.08247,134.686,4.40469,4.25526,0.034,0.0331541,-0.0617787,2.95527,26.7153
5.8377e+07,10.5679,-7.61491,11.4691,-26.025,-104.217,-1.75888,-111.113,37.511,-28.9388,-2.9933,-40.3114,-73.29,-74.8611,0.041,0.038698,0.192789,3.14191,26.7153
5.8477e+07,4.9134,1.46481,31.7431,2.61103,-51.3928,0.254194,-53.9752,8.78957,-132.313,4.69225,-132.008,-0.267064,0.470141,0.035,0.0359053,0.210163,3.25956,26.7506
5.8577e+07,-0.79535,-0.599203,9.89473,-3.45436,-2.78212,-0.553864,-2.92271,-4.58725,32.1604,-2.62473,31.683,-0.740347,-0.49736,0.039,0.0397419,0.121423,3.35137,26.7976
5.8617e+07,-0.848074,0.0896036,10.233,0.499974,-0.430971,-0.492995,-0.663748,-4.73745,94.0993,-0.627721,93.582,1.42759,1.10868,0.036,0.0374574,0.0948001,3.382,26.7829
5.8637e+07,3.3116,-0.110295,19.3818,-0.321389,5.38582,-0.365943,5.76218,9.69587,82.0077,1.64821,84.7186,0.0535465,0.0758473,0.036,0.0367343,0.12195,3.39621,26.78
5.8797e+07,0.732636,0.234108,8.04047,1.66089,-2.24776,0.57435,-2.04628,5.20414,-10.832,2.39169,-9.2631,0.0993481,0.0729623,0.037,0.0374801,0.0264708,3.48714,26.8094
5.8837e+07,0.0187425,-0.018775,9.68602,-0.111059,1.01941,0.524252,0.928327,0.110867,-4.98462,2.20566,-5.22049,-1.3663,-1.23055,0.037,0.0371159,0.0178444,3.5046,26.83
5.8877e+07,0.362549,0.135363,9.83555,0.787958,2.17972,0.45974,1.97734,2.11083,4.98484,2.16559,4.6817,0.740569,0.567006,0.039,0.0390531,0.0184086,3.52003,26.8182
5.8977e+07,0.24316,0.123321,9.98284,0.707549,0.607197,0.402466,0.625311,1.39522,-0.129663,2.1793,-0.2601,-1.3205,-1.22087,0.04,0.0395215,0.0108559,3.55279,26.8712
5.9197e+07,0.388837,0.0558858,9.77367,0.327355,0.088113,0.425549,0.0556769,2.27822,0.0840776,2.0911,0.111131,0.00774503,0.00874165,0.039,0.0389499,-0.00267985,3.6027,26.8741
5.9217e+07,0.42705,0.0293933,9.65251,0.174303,-0.263032,0.430078,-0.265779,2.53324,0.572627,2.09994,0.571162,0.0688138,0.075453,0.038,0.038198,-0.00633708,3.60614,26.8741
5.9237e+07,0.384039,0.135363,9.78092,0.792286,-0.00349009,0.445056,-0.0031791,2.2483,0.297818,2.11175,0.261434,0.0840809,0.0696015,0.038,0.0379522,-0.00721193,3.60932,26.9094
5.9257e+07,0.333913,0.0703363,9.83547,0.409496,-0.446238,0.424402,-0.405812,1.94439,-0.0533268,2.1096,-0.0732642,0.0535465,0.0473417,0.038,0.0379205,-0.00824927,3.61242,26.9006
5.92771e+07,0.374511,0.051069,9.58849,0.304926,0.164449,0.413541,0.137155,2.23672,0.374154,2.11415,0.349933,-0.0380565,-0.0282159,0.037,0.0371622,-0.0118585,3.61529,26.8976
5.9357e+07,0.350633,0.051069,9.69297,0.301672,0.301853,0.377248,0.252532,2.07168,0.206215,2.09893,0.167542,0.0688138,0.0580787,0.039,0.0388617,-0.00841322,3.62661,26.9388
5.9377e+07,0.386443,0.0775616,9.76658,0.45465,0.0423114,0.374433,0.0450418,2.26582,0.0840776,2.11095,0.0867709,0.114615,0.0994474,0.039,0.0389073,-0.00888409,3.62885,26.9241
5.9437e+07,0.403165,0.051069,9.76415,0.299414,-0.201963,0.362525,-0.211139,2.36439,-0.236533,2.1054,-0.23292,-0.0227892,-0.0133117,0.038,0.0378853,-0.0131075,3.63484,26.93
5.9457e+07,0.310056,-0.00914133,9.76889,-0.0535881,0.179716,0.359346,0.153111,1.81791,0.236749,2.10482,0.198743,0.175684,0.140515,0.038,0.0378844,-0.0128682,3.63667,26.8976
5.9477e+07,0.393594,0.123321,9.85212,0.716576,0.0423114,0.364067,0.056407,2.28758,-0.0227926,2.10182,-0.0166421,-0.0227892,-0.0107901,0.038,0.037885,-0.0125469,3.63823,26.9418
5.9577e+07,0.36974,0.0342101,9.78315,0.20021,-0.00349009,0.360451,-0.00307754,2.16437,-0.0685942,2.0992,-0.0703513,-0.00752211,0.00492773,0.037,0.0368601,-0.0165001,3.64582,26.9624
5.9597e+07,0.379281,0.0727447,9.74047,0.42757,-0.0340245,0.371195,-0.0345507,2.22983,-0.00752544,2.10472,-0.00517979,0.0535465,0.0462319,0.037,0.0368578,-0.0169564,3.64676,26.98
5.9618e+07,0.32674,0.101646,9.7643,0.59609,-0.0187572,0.36781,-0.0149886,1.91646,-0.00752544,2.10223,-0.0124274,0.0688138,0.0698464,0.037,0.0368579,-0.016705,3.6485,26.9506
5.9638e+07,0.350623,0.0871952,9.79987,0.509455,0.118647,0.373657,0.115498,2.04899,-0.0380597,2.1003,-0.0366769,0.0382794,0.0465391,0.038,0.0376088,-0.014449,3.65015,26.9476
5.9658e+07,0.369741,0.0318017,9.74278,0.186886,-0.0340245,0.36822,-0.0303557,2.17333,-0.0991285,2.10301,-0.0924117,0.00774503,0.00881866,0.038,0.0378468,-0.0143386,3.6513,26.9535
5.9698e+07,0.364965,0.0342101,9.81164,0.199633,0.011777,0.366525,0.0139429,2.13024,-0.0533268,2.11315,-0.0443324,0.0230123,0.028574,0.038,0.0378734,-0.0142928,3.65425,27.0006
5.9718e+07,0.36017,0.101646,9.78564,0.59472,0.0575786,0.379949,0.0565738,2.10776,-0.00752544,2.10841,-0.00908711,0.0230123,0.0233177,0.038,0.0378739,-0.0142612,3.65561,27.0153
5.9738e+07,0.350636,0.0390269,9.84015,0.227095,-0.00349009,0.379255,0.000198792,2.04075,0.00774169,2.11675,0.00532785,0.0535465,0.0386745,0.038,0.0378724,-0.0144482,3.65648,26.9682
5.97981e+07,0.37929,0.0414354,9.7879,0.242368,0.149182,0.374193,0.140555,2.21913,-0.129663,2.10659,-0.126982,-0.00752211,-0.00547924,0.038,0.0378731,-0.0144845,3.66006,27.0006
5.98191e+07,0.355414,0.0318017,9.73805,0.186987,0.0423114,0.370896,0.131276,2.09021,-0.0991285,2.10559,-0.0716171,-0.0380565,0.0258211,0.038,0.0378746,-0.0141231,3.66062,26.9888
5.98391e+07,0.393606,0.07997,9.75708,0.469209,-0.00349009,0.368654,-0.0088004,2.31001,-0.0380597,2.11402,-0.0359483,0.0535465,0.0538423,0.038,0.0378724,-0.0146459,3.66167,26.9947
5.98991e+07,0.391229,0.0414354,9.79976,0.242064,0.0423114,0.371624,0.04469,2.28614,-0.0838614,2.11557,-0.0898309,0.0993481,0.0866036,0.039,0.0388722,-0.0118434,3.66349,26.9976
5.994e+07,0.324354,0.0968289,9.77617,0.56716,0.088113,0.380308,0.0837246,1.90017,-0.160197,2.10255,-0.161068,0.0230123,0.0223496,0.038,0.0380413,-0.0146094,3.66533,27.0359
5.996e+07,0.364949,0.092012,9.80936,0.537048,0.0270443,0.376349,0.0332755,2.13056,-0.175464,2.0974,-0.171777,0.114615,0.101827,0.038,0.0378865,-0.0150724,3.66614,27.0212
5.998e+07,0.355409,0.051069,9.79506,0.298527,0.0270443,0.379241,0.0278479,2.07801,-0.205999,2.09353,-0.204277,0.00774503,-0.00225717,0.038,0.0378742,-0.0142712,3.66708,27.0241
6e+07,0.350629,0.0655195,9.73098,0.385521,-0.0187572,0.384256,-0.0164881,2.06355,-0.129663,2.08671,-0.126041,0.0535465,0.0611075,0.039,0.0387225,-0.0119611,3.66704,27.0212
6.0101e+07,0.372116,0.0775616,9.79984,0.453136,-0.00349009,0.367758,0.00174695,2.1745,-0.0227926,2.06551,-0.025927,-0.0380565,-0.0308652,0.038,0.0378693,-0.0154235,3.66978,27.0594
6.0424e+07,0.331532,0.0462522,9.77845,0.270852,-0.0492916,0.354292,-0.0459314,1.94181,-0.00752544,2.0686,-0.0087049,0.0230123,0.0317635,0.037,0.0369541,-0.0186602,3.6764,27.1006
6.0444e+07,0.36018,0.0655195,9.79033,0.383174,0.0423114,0.358719,0.0357318,2.10688,0.0688105,2.06606,0.0632193,0.0230123,0.0122813,0.037,0.0368545,-0.0189995,3.67682,27.1065
6.0464e+07,0.33869,0.0631111,9.75473,0.370463,-0.0492916,0.361976,-0.046337,1.9885,-0.00752544,2.07465,-0.00229989,0.0230123,0.0169573,0.037,0.0368445,-0.0189546,3.67723,27.0888
6.0484e+07,0.36973,0.0727447,9.79508,0.425206,0.0575786,0.367168,0.057546,2.16163,-0.00752544,2.07586,-0.00858878,-0.00752211,-0.00247531,0.039,0.0386633,-0.013399,3.67761,27.1006
6.0504e+07,0.355409,0.0486606,9.76419,0.285347,0.0728458,0.366992,0.0727422,2.08458,0.0230088,2.0778,0.028137,0.00774503,0.0169979,0.039,0.0388583,-0.0133854,3.67798,27.0918
6.0624e+07,0.333909,0.0823784,9.74764,0.483918,0.0575786,0.364406,0.05501,1.96185,0.00774169,2.07713,0.00223215,0.0382794,0.032551,0.039,0.0388539,-0.0141083,3.67975,27.1241
6.0724e+07,0.353018,0.0607027,9.78795,0.3551,0.0270443,0.353308,0.0290163,2.06553,-0.0838614,2.07762,-0.0825958,0.0382794,0.0350514,0.038,0.0380718,-0.0171641,3.68115,27.1065
6.0744e+07,0.376894,0.0679279,9.79032,0.397233,0.0575786,0.353196,0.0519936,2.20455,-0.129663,2.07631,-0.122792,0.129882,0.118001,0.038,0.0378754,-0.0175451,3.68134,27.1447
6.0764e+07,0.355403,0.0727447,9.76186,0.426674,0.0728458,0.361166,0.0682558,2.085,0.00774169,2.07623,0.00134545,0.0993481,0.0877427,0.038,0.0378517,-0.0181388,3.6816,27.1212
6.0784e+07,0.3363,0.0703363,9.75949,0.412677,-0.0950931,0.368567,-0.0897583,1.97351,-0.0533268,2.06541,-0.053031,-0.0533236,-0.0352172,0.039,0.0387603,-0.0150551,3.68177,27.1388
6.0944e+07,0.398388,0.0558858,9.75704,0.327899,0.088113,0.383508,0.0848923,2.3381,-0.0533268,2.08162,-0.0502669,0.00774503,0.0114237,0.039,0.0388682,-0.0148747,3.68166,27.1535
6.0964e+07,0.362565,0.0775616,9.74524,0.455688,0.0575786,0.382726,0.0547209,2.1306,0.00774169,2.07988,0.00356524,0.160417,0.138869,0.04,0.0397793,-0.0124027,3.68199,27.1741
6.0984e+07,0.391234,0.022168,9.79736,0.129537,0.0270443,0.37504,0.0291855,2.28675,-0.0533268,2.08598,-0.0468707,0.0382794,0.0361229,0.04,0.0398774,-0.0119279,3.68214,27.1594
6.1024e+07,0.343464,0.0703363,9.79985,0.410969,0.0270443,0.363365,0.0235438,2.00722,-0.0991285,2.0882,-0.0990793,0.0382794,0.0369083,0.038,0.0380669,-0.017798,3.68165,27.1859
6.1045e+07,0.364955,0.0679279,9.76184,0.398409,0.0728458,0.357572,0.0673412,2.14101,-0.0533268,2.0889,-0.0531791,-0.0227892,-0.00906193,0.038,0.0378699,-0.0183747,3.68189,27.1506
6.1065e+07,0.355401,0.0775616,9.71913,0.456922,0.149182,0.355566,0.137525,2.09415,-0.114396,2.08691,-0.106205,0.0840809,0.0784245,0.038,0.0378492,-0.0184089,3.68221,27.1682
6.1085e+07,0.372126,0.0414354,9.78316,0.242492,0.0728458,0.356201,0.0682565,2.17831,-0.0380597,2.07808,-0.0378939,0.0993481,0.0983634,0.037,0.0369385,-0.0207172,3.68243,27.1741
6.1245e+07,0.364958,0.0582943,9.78557,0.341079,0.0423114,0.35582,0.0384602,2.13585,0.00774169,2.07681,0.00624819,0.0535465,0.0626073,0.039,0.0388746,-0.0142054,3.68265,27.2035
6.1346e+07,0.348244,0.0534774,9.78795,0.31284,0.0270443,0.361495,0.0236159,2.03763,-0.0838614,2.0815,-0.0805189,0.0535465,0.0558515,0.038,0.0378494,-0.0178059,3.68385,27.1859
6.1366e+07,0.345857,0.051069,9.79032,0.298682,-0.00349009,0.354976,-0.00133368,2.02319,-0.00752544,2.07577,-0.00648905,-0.00752211,-0.0015353,0.038,0.0378506,-0.0176735,3.68407,27.1771
6.1386e+07,0.341076,0.0703363,9.72388,0.414179,-0.00349009,0.35684,0.00462134,2.00884,-0.14493,2.08827,-0.138847,-0.0227892,-0.0198989,0.039,0.0387614,-0.0150183,3.68428,27.1888
6.1406e+07,0.36734,0.07997,9.76186,0.46903,0.0728458,0.365318,0.0715063,2.15496,-0.00752544,2.09049,-0.0129619,0.0382794,0.0404206,0.039,0.0388581,-0.0149661,3.68448,27.1682
6.1426e+07,0.357798,0.0462522,9.80692,0.270041,0.133914,0.357829,0.12507,2.08944,-0.0685942,2.08265,-0.0702046,0.114615,0.106288,0.039,0.0388694,-0.0146644,3.68467,27.1859
6.1446e+07,0.35063,0.0631111,9.77372,0.369729,-0.0492916,0.35956,-0.0448667,2.05455,-0.0227926,2.09059,-0.0241191,0.00774503,0.00329259,0.039,0.0388699,-0.0148779,3.68493,27.2153
6.1546e+07,0.36973,0.0703363,9.73335,0.413732,0.0728458,0.357842,0.0706963,2.17533,-0.0685942,2.08899,-0.0630803,0.0382794,0.0295816,0.038,0.0378492,-0.0181878,3.68554,27.2065
6.1646e+07,0.348238,0.0775616,9.8141,0.452518,0.0575786,0.364543,0.0573076,2.03213,-0.0685942,2.10156,-0.0673343,-0.0380565,-0.0254705,0.039,0.0388627,-0.0157003,3.68607,27.2388
6.17461e+07,0.32914,0.0607027,9.77848,0.355474,0.011777,0.364733,0.0119587,1.92779,-0.0380597,2.10522,-0.0335947,0.0535465,0.0534735,0.039,0.0388649,-0.0156385,3.68686,27.2388
6.1948e+07,0.386448,0.0582943,9.78555,0.341051,0.011777,0.378415,0.0132097,2.2615,-0.0838614,2.09124,-0.077479,-0.00752211,-0.00547524,0.038,0.0378617,-0.0178539,3.68636,27.2418
6.1968e+07,0.343463,0.0727447,9.77611,0.426071,-0.11036,0.371913,-0.101072,2.01208,-0.114396,2.09276,-0.106528,-0.0380565,-0.0392621,0.038,0.0378516,-0.0177439,3.68663,27.2741
6.1988e+07,0.343458,0.092012,9.73578,0.541145,-0.0187572,0.376812,-0.0170313,2.02035,-0.0227926,2.09263,-0.0225793,-0.12966,-0.11014,0.039,0.0387614,-0.0148967,3.68688,27.2418
6.2008e+07,0.345848,0.0847868,9.73102,0.498893,0.0575786,0.375023,0.056735,2.0354,-0.0380597,2.09185,-0.0419032,0.0535465,0.0496505,0.039,0.0388581,-0.0151019,3.68703,27.2594
6.2028e+07,0.372111,0.0944205,9.769,0.553363,0.0423114,0.380066,0.0422809,2.1813,-0.0227926,2.09022,-0.0282722,0.0230123,0.0258575,0.039,0.0388677,-0.0149385,3.68727,27.2947
6.2048e+07,0.324367,0.051069,9.74048,0.300231,-0.0645587,0.370554,-0.0586598,1.90727,-0.0227926,2.07652,-0.0261176,0.0230123,0.0202465,0.038,0.0379591,-0.0178145,3.68639,27.28
6.2149e+07,0.362575,0.0390269,9.8259,0.227414,0.0575786,0.362808,0.0540417,2.11324,-0.0533268,2.08902,-0.0564573,0.00774503,0.0211891,0.04,0.0398878,-0.0117122,3.68649,27.3065
6.2269e+07,0.398376,0.0992373,9.78798,0.580404,-0.0187572,0.36436,-0.0156462,2.33056,-0.0380597,2.08876,-0.0341599,0.0840809,0.0846585,0.039,0.0388694,-0.0147559,3.68667,27.2741
6.237e+07,0.374507,0.0679279,9.75471,0.398685,-0.00349009,0.35344,-0.00106891,2.19859,-0.0838614,2.09127,-0.0809936,-0.00752211,0.00358828,0.038,0.037849,-0.0179695,3.68779,27.2947
6.243e+07,0.37928,0.0751532,9.77846,0.440012,0.0270443,0.367193,0.0260304,2.22117,-0.0380597,2.10288,-0.0361002,0.14515,0.140232,0.038,0.0378479,-0.0179805,3.68826,27.3153
6.245e+07,0.355413,0.0366185,9.75705,0.214889,0.011777,0.362995,0.00616021,2.08613,-0.0380597,2.09737,-0.0326809,0.0230123,0.0304316,0.038,0.0378495,-0.0177244,3.68843,27.3006
6.247e+07,0.353016,0.0679279,9.79509,0.397076,0.118647,0.362565,0.110834,2.064,-0.0685942,2.10055,-0.0683839,0.0230123,0.0239355,0.038,0.0378506,-0.0174596,3.68859,27.3271
6.249e+07,0.36496,0.051069,9.74044,0.300188,-0.0187572,0.367209,-0.0160275,2.14575,-0.0227926,2.10082,-0.0269824,0.00774503,0.0105975,0.038,0.0378501,-0.0178796,3.68866,27.2976
6.251e+07,0.343474,0.0342101,9.77842,0.200327,0.0270443,0.361099,0.0256078,2.01172,-0.0838614,2.09668,-0.0783696,0.0382794,0.0385297,0.038,0.0378495,-0.0177848,3.68881,27.3153
6.253e+07,0.357788,0.0823784,9.81885,0.480371,0.0423114,0.364958,0.0369848,2.0868,-0.00752544,2.09282,-0.0140861,0.114615,0.110585,0.038,0.0378539,-0.0168919,3.68895,27.3241
6.255e+07,0.35302,0.0534774,9.78794,0.312835,0.0728458,0.363954,0.0692017,2.06555,-0.0380597,2.08767,-0.0329129,0.0688138,0.0729265,0.038,0.037855,-0.0170744,3.689,27.3329
6.259e+07,0.310036,0.0655195,9.77375,0.38389,0.0270443,0.367002,0.0303354,1.81684,-0.0380597,2.09572,-0.0359374,0.0688138,0.0648767,0.036,0.0360402,-0.0216334,3.68926,27.3653
6.261e+07,0.348234,0.092012,9.77376,0.539035,0.0575786,0.37211,0.0586183,2.04046,0.0382762,2.10429,0.0324637,0.129882,0.127401,0.036,0.0358449,-0.021867,3.68946,27.3594
6.263e+07,0.348244,0.0534774,9.73097,0.31467,-0.00349009,0.362758,-3.2195e-05,2.04955,-0.0685942,2.09781,-0.0706371,0.129882,0.11611,0.036,0.0358272,-0.0214793,3.68957,27.3124
6.265e+07,0.34586,0.0414354,9.79743,0.242163,0.0728458,0.357147,0.0760214,2.02175,-0.00752544,2.09918,-0.0111442,0.0382794,0.0489855,0.038,0.0376485,-0.015327,3.68968,27.3535
6.27701e+07,0.336305,0.0534774,9.8117,0.312097,-0.079826,0.381629,-0.0799644,1.96307,-0.0838614,2.09084,-0.0812497,0.00774503,0.0164926,0.038,0.0378663,-0.0153305,3.69044,27.3653
6.27911e+07,0.37928,0.0751532,9.74284,0.441618,0.0270443,0.382381,0.0272614,2.22928,-0.0227926,2.0937,-0.0226998,-0.0685909,-0.0442321,0.038,0.0378659,-0.0156317,3.69067,27.3741
6.28111e+07,0.367348,0.051069,9.77843,0.29902,-0.0187572,0.377878,0.0328182,2.1514,-0.0533268,2.08576,-0.0120216,0.114615,0.104582,0.038,0.0378652,-0.0155637,3.69089,27.3418
6.28311e+07,0.415105,0.0486606,9.75702,0.285487,0.0270443,0.378791,0.0276995,2.43611,-0.0991285,2.09131,-0.0947754,0.0230123,0.0209702,0.036,0.0359698,-0.0205707,3.69101,27.33
