timestamp_us,AccX,AccY,AccZ,Roll_Acc,Roll_Gyr,Roll_Kalman,RollRate_Kalman,Pitch_Acc,Pitch_Gyr,Pitch_Kalman,PitchRate_Kalman,YawRate_Gyr,YawRate_Kalman,Alt_ToF,Alt_Kalman,Vz_Kalman,VBat,temp
1.62591e+07,0.450939,-0.00914133,9.8851,-0.0529297,0.060154,-0.0930487,0.0586801,2.61191,-0.0267875,2.66626,-0.0259066,-0.0360739,-0.0380036,0.038,0.0380093,0.00469367,3.76825,37.3888
1.62791e+07,0.481987,-0.0308171,9.84468,-0.179139,0.060154,-0.182864,0.0598604,2.8029,0.0648155,2.76331,0.063657,-0.0208067,-0.0229105,0.041,0.0397945,0.0105112,3.76839,37.3829
1.6299e+07,0.424677,-0.0260002,9.83999,-0.151252,0.060154,-0.131816,0.0589961,2.47125,-0.0267875,2.6098,-0.0279186,-0.00553954,-0.00294372,0.041,0.0409182,0.0136445,3.76852,37.4065
1.6319e+07,0.467654,-0.0115497,9.82335,-0.0672889,-0.0772506,-0.0839872,-0.0771952,2.72559,-0.0725892,2.6796,-0.0708156,-0.204013,-0.19582,0.041,0.0410382,0.0137476,3.76856,37.3888
1.6339e+07,0.455722,-0.0356339,9.85894,-0.206867,0.0448868,-0.123201,0.0431306,2.64655,0.0190139,2.69419,0.0181441,0.0097276,0.0075516,0.038,0.0392449,0.00762784,3.7686,37.3682
1.6359e+07,0.448552,-0.0139582,9.80675,-0.0814651,0.0448868,-0.116554,0.0445935,2.61883,0.0495481,2.63736,0.0495487,0.0097276,0.00616529,0.038,0.0381203,0.00379133,3.76863,37.38
1.63791e+07,0.458107,-0.0260002,9.84233,-0.151193,-0.0925179,-0.111455,-0.0941905,2.66488,0.0648155,2.62155,0.0636359,-0.0513411,-0.05071,0.038,0.0379991,0.003283,3.7685,37.3653
1.6399e+07,0.486757,-0.00914133,9.84233,-0.05315,0.0143524,-0.0299199,0.0149173,2.83128,0.0495481,2.7438,0.0507055,-0.142944,-0.137265,0.04,0.0391814,0.00661638,3.76854,37.3829
1.6419e+07,0.446163,-0.00673292,9.9136,-0.0388736,0.0296196,-0.0771643,0.0293028,2.57686,0.0800827,2.55663,0.0797886,0.0097276,0.00679863,0.04,0.0399327,0.00918216,3.76858,37.3682
1.6439e+07,0.448563,-0.0524928,9.87079,-0.304382,-0.0619835,-0.226051,-0.0608262,2.60189,0.125884,2.60582,0.123856,-0.0818754,-0.0851348,0.04,0.0400132,0.00919496,3.76861,37.3388
1.6459e+07,0.460486,0.00530915,9.83288,0.0309023,-0.0161819,-0.0157549,-0.0153571,2.68127,0.0495481,2.62934,0.048967,-0.127677,-0.124869,0.038,0.0388195,0.00518196,3.76865,37.3565
1.64791e+07,0.448554,-0.018775,9.8376,-0.109235,0.0143524,-0.103453,0.0146405,2.61064,-0.057322,2.64596,-0.0576037,-0.0666083,-0.0624431,0.038,0.0380696,0.00308065,3.7675,37.3624
1.6599e+07,0.455722,-0.0356339,9.87081,-0.206618,-0.0161819,-0.141507,-0.017018,2.64337,-0.0267875,2.64643,-0.0262557,-0.0666083,-0.0624663,0.038,0.0380589,0.00453881,3.76615,37.3506
1.6619e+07,0.472432,-0.018775,9.85895,-0.108987,0.0906883,-0.127419,0.0883335,2.74346,-0.057322,2.7356,-0.0558585,-0.0666083,-0.0700506,0.038,0.037998,0.00478579,3.76631,37.3388
1.66991e+07,0.496302,0.0125344,9.83286,0.0729446,0.0143524,-0.0452385,0.0158099,2.88948,0.00374675,2.71675,0.00459974,-0.0818754,-0.0799059,0.037,0.0389342,0.0073131,3.76679,37.3006
1.6719e+07,0.472428,-0.0043245,9.88746,-0.025031,-0.0925179,-0.0478352,-0.0931042,2.73554,0.110617,2.68921,0.112628,0.0249949,0.0215374,0.037,0.0371854,0.00264749,3.76684,37.2976
1.6739e+07,0.458101,-0.0043245,9.90885,-0.0249788,-0.214655,-0.0184913,-0.211142,2.64699,0.263289,2.62667,0.25917,0.0097276,0.00881901,0.037,0.0369998,0.00275376,3.76687,37.2976
1.67791e+07,0.455715,-0.00914133,9.83049,-0.0532219,0.197559,-0.113607,0.194876,2.65417,-0.194726,2.66942,-0.190846,0.040262,0.0368094,0.041,0.0407804,0.0146831,3.76593,37.2859
1.67991e+07,0.47721,-0.0260002,9.8898,-0.150455,-0.0467162,-0.0603282,-0.048749,2.76253,0.034281,2.70775,0.0354667,-0.00553954,-0.00689046,0.041,0.0410317,0.0152689,3.7661,37.3124
1.68191e+07,0.458107,-0.0260002,9.85658,-0.150975,-0.138319,-0.159176,-0.134501,2.66103,0.20222,2.61831,0.201304,-0.0818754,-0.081871,0.037,0.0395966,0.0106051,3.76643,37.2947
1.6839e+07,0.460498,-0.0356339,9.86131,-0.206812,0.0754211,-0.186583,0.0745504,2.67361,-0.0878563,2.66003,-0.0863868,-0.127677,-0.125438,0.037,0.0372611,0.00326109,3.76657,37.2976
1.68591e+07,0.474823,-0.0284086,9.8708,-0.164709,0.0448868,-0.168075,0.0434411,2.75401,0.0190139,2.68217,0.0201834,-0.0666083,-0.0691727,0.037,0.0370096,0.00285631,3.76662,37.2918
1.6879e+07,0.438999,-0.00673292,9.80439,-0.039307,0.13649,-0.0565109,0.134755,2.56375,0.0495481,2.63706,0.0483787,-0.127677,-0.126092,0.04,0.0380819,0.00629145,3.76667,37.2976
1.69e+07,0.412735,-0.0163666,9.83289,-0.0952832,-0.0161819,-0.0508142,-0.017339,2.40358,0.339625,2.5813,0.335986,-0.0971426,-0.0969909,0.04,0.0398289,0.0112962,3.76672,37.2771
1.692e+07,0.441391,-0.0211834,9.87322,-0.122808,0.13649,-0.0906708,0.136167,2.55975,-0.0725892,2.66725,-0.0742889,-0.0208067,-0.0272999,0.04,0.0400149,0.011658,3.76693,37.2771
1.694e+07,0.47004,-0.0043245,9.9492,-0.0248763,0.0754211,-0.0705601,0.0770981,2.70487,-0.0725892,2.71608,-0.0716457,0.0097276,0.00969848,0.037,0.0389364,0.00826311,3.76705,37.28
1.696e+07,0.510649,-0.059718,9.84936,-0.346922,-0.0161819,-0.243056,-0.0167421,2.96784,0.00374675,2.80502,0.00519852,0.0707964,0.0640212,0.037,0.0371876,0.00285564,3.76725,37.2506
1.69801e+07,0.458104,-0.0163666,9.82335,-0.0953561,-0.0161819,-0.086488,-0.014719,2.67001,0.110617,2.6535,0.109092,-0.0818754,-0.0844338,0.037,0.0369995,0.00227285,3.76634,37.2653
1.70011e+07,0.427054,0.0125344,9.88041,0.0726182,-0.0925179,0.03728,0.10621,2.47492,0.171686,2.70127,-0.025935,-0.0360739,0.0100806,0.039,0.0377116,0.00531644,3.76657,37.2506
1.70211e+07,0.448552,-0.0139582,9.88747,-0.0808014,-0.0619835,-0.0657775,-0.0605206,2.59748,-0.148925,2.64183,-0.14714,-0.11241,-0.106316,0.039,0.0389303,0.00899625,3.76662,37.2594
1.70411e+07,0.465263,0.000492326,9.82337,0.00286832,0.0143524,-0.0408153,0.0120084,2.71167,0.034281,2.69875,0.035473,-0.0971426,-0.0971405,0.039,0.0390095,0.00863777,3.76676,37.2476
1.7062e+07,0.496309,-0.0115497,9.8257,-0.0672632,-0.0161819,-0.129982,-0.0168016,2.89162,0.156419,2.79093,0.155205,-0.158211,-0.153245,0.038,0.0384131,0.00638653,3.76689,37.2271
1.7082e+07,0.43184,-0.0235918,9.91121,-0.136253,0.0448868,-0.109765,0.046875,2.49484,0.0953498,2.57426,0.0933209,-0.0513411,-0.048656,0.038,0.0380425,0.00583517,3.76701,37.2447
1.71021e+07,0.46288,-0.0163666,9.84947,-0.0951017,0.0448868,-0.123076,0.045729,2.69066,-0.0420549,2.73044,-0.0408413,-0.0971426,-0.0977749,0.038,0.0380017,0.00573613,3.76712,37.2271
1.7122e+07,0.470048,-0.0308171,9.87555,-0.178591,0.0296196,-0.158116,0.0292929,2.72504,0.034281,2.66002,0.033733,0.0707964,0.0673755,0.042,0.0404046,0.0134886,3.76723,37.2388
1.71421e+07,0.462872,0.0125344,9.86376,0.0727287,0.0448868,-0.0530257,0.0454581,2.68672,0.00374675,2.71843,0.00399025,-0.0666083,-0.0645911,0.042,0.0418973,0.017349,3.76733,37.2153
1.7162e+07,0.436613,-0.0115497,9.87561,-0.0669432,0.151757,-0.0655444,0.151469,2.53146,-0.057322,2.52906,-0.0564575,0.040262,0.0415824,0.042,0.0420619,0.0175976,3.76752,37.2447
1.71821e+07,0.419911,-0.059718,9.8803,-0.345988,0.060154,-0.238713,0.0578268,2.43355,-0.057322,2.48607,-0.0552886,0.040262,0.035518,0.037,0.0390751,0.00800381,3.76744,37.2329
1.72021e+07,0.465269,-0.018775,9.83759,-0.109226,0.0754211,-0.0518695,0.0748329,2.70778,-0.148925,2.65906,-0.146248,-0.00553954,-0.00758316,0.037,0.0372005,0.00232435,3.76753,37.2035
1.7222e+07,0.472424,0.010126,9.8495,0.0588364,-0.0314491,0.016766,-0.0282519,2.74604,0.0648155,2.72797,0.0633752,-0.0971426,-0.0955236,0.037,0.0369968,0.00197278,3.76753,37.2006
1.7242e+07,0.441396,-0.0404507,9.89218,-0.234057,0.060154,-0.201014,0.0601538,2.55486,0.0190139,2.60273,0.018725,0.0249949,0.0215755,0.039,0.0381773,0.00568669,3.76762,37.1829
1.72621e+07,0.481983,-0.0163666,9.86844,-0.0949104,0.060154,-0.0807038,0.0587246,2.79615,0.034281,2.69751,0.0330787,-0.0818754,-0.0805463,0.039,0.0389293,0.00852252,3.76771,37.2035
1.7282e+07,0.472432,-0.018775,9.8732,-0.10883,-0.0314491,-0.123862,-0.0285463,2.73951,0.0648155,2.74224,0.0621667,-0.00553954,-0.00434172,0.039,0.0390099,0.00909023,3.7677,37.2035
1.73021e+07,0.48436,0.022168,9.80677,0.129358,0.105955,0.0311512,0.104465,2.82755,0.00374675,2.74662,0.00343033,-0.0666083,-0.0693537,0.037,0.0378175,0.00510369,3.76778,37.1682
1.7322e+07,0.441384,0.00290074,9.84952,0.016857,-0.0161819,-0.0887066,-0.0144197,2.56587,0.0800827,2.64787,0.077654,-0.0971426,-0.0963815,0.037,0.0370678,0.00261277,3.76777,37.1976
1.7463e+07,0.431844,-0.0356339,9.85421,-0.206988,0.0296196,-0.187997,0.0296134,2.50927,0.0648155,2.57706,0.0648267,-0.0360739,-0.0300687,0.038,0.0380193,0.00710369,3.76699,37.1829
1.75032e+07,0.438997,0.000492326,9.89225,0.00284874,0.0296196,-0.000863442,0.0289991,2.541,0.0800827,2.5782,0.0794785,-0.0513411,-0.0535369,0.04,0.039957,0.0127518,3.76595,37.1682
1.7523e+07,0.415121,-0.00673292,9.90176,-0.0389253,-0.000914693,-0.0241465,-0.000327548,2.40066,-0.0725892,2.49246,-0.0717023,-0.00553954,-0.00557272,0.04,0.0400395,0.0128608,3.7662,37.1153
1.75431e+07,0.448543,0.0197596,9.84004,0.114935,-0.0314491,-0.0153236,-0.0314267,2.60993,-0.057322,2.59771,-0.0561527,-0.00553954,-0.00222966,0.037,0.0382463,0.00738206,3.76636,37.1682
1.7563e+07,0.448553,-0.0163666,9.87559,-0.094857,-0.000914693,-0.0617733,-0.00145171,2.6006,-0.0420549,2.55271,-0.0396717,-0.11241,-0.112942,0.037,0.0371231,0.00380874,3.76659,37.1271
1.75831e+07,0.453329,-0.0163666,9.9207,-0.0944245,-0.0467162,-0.0570262,-0.0449939,2.61632,0.00374675,2.63018,0.00371855,-0.11241,-0.10555,0.037,0.0370012,0.00407512,3.76529,37.1271
1.76031e+07,0.419898,-0.0139582,9.82576,-0.0813182,0.0143524,-0.103667,0.0129348,2.44701,0.0495481,2.5596,0.0452375,-0.0513411,-0.0513109,0.039,0.038193,0.00781016,3.76448,37.1535
1.7624e+07,0.429442,0.0149428,9.84955,0.0868412,0.0906883,-0.0411683,0.09209,2.49652,-0.0267875,2.57937,-0.0270588,-0.0360739,-0.0414179,0.039,0.0389398,0.00988045,3.76463,37.13
1.76451e+07,0.472429,-0.00914133,9.84709,-0.0531281,-0.000914693,0.00488109,0.000221252,2.74675,-0.0267875,2.66087,-0.0247436,-0.00553954,-0.00635607,0.039,0.039023,0.00995924,3.76487,37.1329
1.7666e+07,0.470048,-0.0308171,9.84944,-0.179063,0.0754211,-0.170563,0.0751051,2.73226,-0.0267875,2.71438,-0.0261828,-0.00553954,-0.00503561,0.036,0.0367705,0.00278314,3.76517,37.1153
1.7686e+07,0.438998,-0.00191609,9.90649,-0.0110711,0.105955,-0.0246394,0.104199,2.53735,0.0495481,2.59442,0.0481073,-0.142944,-0.138198,0.036,0.0360539,0.00124236,3.76538,37.1124
1.77061e+07,0.472432,-0.018775,9.84233,-0.10917,0.0143524,-0.108319,0.0152333,2.74808,0.0648155,2.68979,0.0630537,-0.0208067,-0.0234329,0.036,0.035979,0.00135814,3.76431,37.1212
1.77271e+07,0.443773,0.000492326,9.85426,0.00285964,0.0754211,-0.0186378,0.0736593,2.57849,0.125884,2.59258,0.121518,-0.00553954,-0.00832383,0.041,0.0389757,0.0107098,3.76346,37.1271
1.7748e+07,0.431829,0.0173512,9.8543,0.100788,0.121223,0.0685801,0.117433,2.50917,-0.0115204,2.59779,-0.0109386,-0.0360739,-0.0360682,0.041,0.0408463,0.0159948,3.76376,37.1182
1.779e+07,0.453329,-0.0163666,9.89696,-0.0946505,0.060154,-0.0572545,0.0610233,2.62259,0.0800827,2.63003,0.0789189,-0.0513411,-0.0531841,0.037,0.0380632,0.0068727,3.76463,37.1535
1.78101e+07,0.441384,0.00290074,9.85664,0.0168449,-0.000914693,0.00406833,-0.00147455,2.56402,0.0800827,2.63814,0.0780264,-0.0513411,-0.0501156,0.037,0.0371058,0.00467274,3.76477,37.1212
1.783e+07,0.439001,-0.0139582,9.84712,-0.0811354,0.0296196,-0.0448122,0.0310882,2.55265,0.0190139,2.57457,0.0190026,-0.0360739,-0.033397,0.037,0.0370046,0.00443969,3.765,37.1006
1.78701e+07,0.489145,-0.0115497,9.87557,-0.0669269,-0.0314491,-0.053798,-0.0296762,2.83559,0.156419,2.80297,0.154097,-0.00553954,-0.00539288,0.04,0.0399628,0.0135104,3.76526,37.1035
1.789e+07,0.427064,-0.0211834,9.84474,-0.12317,-0.153587,-0.139551,-0.152383,2.48392,0.00374675,2.59656,0.00493789,-0.0666083,-0.0673904,0.04,0.0400403,0.013258,3.76529,37.0594
1.80301e+07,0.434226,-0.0163666,9.82812,-0.0953204,0.0143524,-0.0765516,0.0137319,2.52979,0.0495481,2.5666,0.0504235,0.0097276,0.00815096,0.037,0.0377907,0.00536178,3.7655,37.0418
1.8051e+07,0.450945,-0.0308171,9.8542,-0.178993,-0.0772506,-0.126012,-0.0754895,2.62011,-0.0420549,2.6665,-0.0400002,-0.0818754,-0.0783999,0.037,0.0370667,0.0030896,3.76569,37.0476
1.8071e+07,0.474814,0.00290074,9.85898,0.0168382,-0.0467162,-0.0577429,-0.0432476,2.75727,-0.057322,2.74475,-0.0576372,-0.0360739,-0.0273531,0.037,0.0369889,0.00306827,3.76587,37.0418
1.8091e+07,0.46049,-0.00673292,9.84236,-0.0391518,0.0143524,-0.0967057,0.0140134,2.67871,-0.0115204,2.70562,-0.00914228,-0.0971426,-0.0943131,0.041,0.0399844,0.0119561,3.76613,37.0418
1.8111e+07,0.472432,-0.018775,9.8637,-0.108934,-0.0467162,-0.0818844,-0.04584,2.74214,0.232754,2.73348,0.229523,-0.11241,-0.109484,0.041,0.0409417,0.0144313,3.76629,37.0506
1.81311e+07,0.458104,-0.0139582,9.90646,-0.0806433,0.0448868,-0.0814522,0.0454849,2.64764,0.110617,2.56509,0.107967,0.0097276,0.00777476,0.041,0.0410472,0.0146337,3.76627,37.0624
1.8151e+07,0.460485,0.010126,9.84239,0.0588822,-0.0467162,0.0363375,-0.0432756,2.67868,-0.0420549,2.65561,-0.0437774,-0.11241,-0.108274,0.038,0.0388033,0.00743959,3.76625,37.0682
1.81711e+07,0.446163,-0.00673292,9.87324,-0.0390322,0.0754211,-0.068725,0.0725125,2.58738,0.0190139,2.62559,0.0201432,-0.0513411,-0.0506484,0.038,0.0380804,0.00507848,3.7664,37.0329
1.8191e+07,0.486753,0.00290074,9.83998,0.0168697,0.0906883,-0.0810024,0.0909548,2.83194,-0.118391,2.79764,-0.115144,-0.0513411,-0.0526353,0.038,0.0379983,0.00463285,3.76655,37.0535
1.82111e+07,0.455714,-0.00673292,9.86136,-0.0390774,0.121223,-0.10769,0.120314,2.64587,-0.057322,2.66688,-0.0561978,-0.0208067,-0.0201706,0.038,0.0379954,0.00537785,3.76669,37.0271
1.82311e+07,0.431831,0.010126,9.8804,0.0586639,0.105955,-0.10901,0.108831,2.50256,-0.118391,2.57008,-0.117559,0.0249949,0.0242981,0.038,0.0379971,0.00541791,3.76673,37.0182
1.8251e+07,0.455715,-0.00914133,9.84948,-0.0531195,0.060154,-0.0588205,0.0604427,2.64906,-0.0725892,2.62704,-0.072583,-0.142944,-0.137594,0.038,0.0379989,0.00565485,3.76703,37.0153
1.82711e+07,0.527354,-0.0260002,9.84939,-0.151032,0.060154,-0.105708,0.0607631,3.06478,-0.0725892,2.88433,-0.0711529,-0.0208067,-0.021509,0.036,0.0364957,0.00141874,3.76714,37.0035
1.8291e+07,0.439012,-0.0549012,9.85655,-0.318819,0.060154,-0.174053,0.0604804,2.55024,-0.118391,2.55841,-0.117774,0.040262,0.0334057,0.036,0.0360229,0.000586221,3.76725,37.0624
1.83111e+07,0.439,-0.00914133,9.88511,-0.0529325,0.105955,-0.068197,0.105119,2.54284,-0.148925,2.5906,-0.145717,0.0555291,0.0539803,0.036,0.0359727,0.000773398,3.76735,37.0182
1.8331e+07,0.448542,0.0245765,9.86379,0.14261,0.0906883,0.0990996,0.0932972,2.60364,-0.057322,2.65641,-0.0561589,-0.0360739,-0.0360782,0.04,0.0389726,0.0103683,3.76762,37.0065
1.8351e+07,0.493929,-0.0404507,9.86365,-0.234674,-0.0467162,-0.220913,-0.0426331,2.86671,-0.057322,2.79874,-0.0576312,-0.0360739,-0.0381021,0.04,0.0399279,0.0126374,3.76771,37.0153
1.83911e+07,0.455713,-0.00191609,9.84237,-0.0111423,0.121223,-0.0565176,0.119461,2.65096,0.0190139,2.66895,0.0199002,-0.0818754,-0.0871863,0.036,0.0370389,0.00316397,3.76786,37.0065
1.8411e+07,0.453323,0.00530915,9.84713,0.0308587,-0.0161819,0.0153373,-0.0141102,2.63581,-0.0878563,2.65374,-0.087845,-0.0666083,-0.0637707,0.036,0.0360811,0.00112107,3.76793,37.0006
1.84311e+07,0.419903,-0.0308171,9.90646,-0.178075,0.0754211,-0.119591,0.0730776,2.42712,-0.179459,2.50276,-0.177404,-0.00553954,-0.0075639,0.036,0.0359841,0.00154174,3.76792,36.9653
1.8451e+07,0.45095,-0.0500844,9.83993,-0.291322,0.0906883,-0.125101,0.0906762,2.62392,0.0648155,2.61499,0.0642666,-0.0666083,-0.0605479,0.04,0.0389794,0.010805,3.76799,37.0182
1.8471e+07,0.429456,-0.0380423,9.83521,-0.221406,0.0448868,-0.101156,0.0431744,2.50022,0.034281,2.55615,0.0331335,-0.0208067,-0.0222858,0.04,0.0399387,0.0134024,3.76797,36.9976
1.8491e+07,0.455716,-0.0139582,9.90646,-0.0806442,0.0906883,-0.0569686,0.0886605,2.63386,-0.057322,2.64309,-0.0561584,-0.0818754,-0.0760478,0.04,0.0400407,0.0136254,3.76803,36.9594
1.85311e+07,0.412746,-0.0549012,9.86369,-0.318625,-0.0467162,-0.194596,-0.0458081,2.39611,-0.103123,2.52202,-0.101921,-0.11241,-0.108864,0.036,0.0360906,0.00209213,3.76664,36.9859
1.8551e+07,0.486753,0.00290074,9.86372,0.0168292,0.0296196,-0.00452037,0.0287454,2.82513,-0.0115204,2.74119,-0.0112535,-0.0666083,-0.0606538,0.036,0.0359866,0.00188243,3.76678,36.9594
1.86311e+07,0.462877,-0.00673292,9.87085,-0.0390386,0.0296196,-0.11995,0.0275812,2.68483,0.0495481,2.66148,0.0483729,-0.0971426,-0.0950549,0.038,0.0382784,0.00819559,3.76599,36.9418
1.8652e+07,0.455708,0.0149428,9.90888,0.086312,0.060154,0.0218393,0.060752,2.63317,-0.118391,2.58776,-0.11804,0.0249949,0.0175422,0.038,0.0380405,0.00744014,3.76624,36.9241
1.87322e+07,0.448558,-0.0332255,9.88981,-0.19229,0.0296196,-0.144686,0.0282007,2.59689,-0.0420549,2.62738,-0.042343,-0.0666083,-0.0639807,0.04,0.0400415,0.0128244,3.76673,36.9447
1.87531e+07,0.479598,-0.0260002,9.84231,-0.151177,-0.0161819,-0.216755,-0.0167297,2.7897,-0.0878563,2.75972,-0.0866925,-0.127677,-0.124181,0.037,0.0374987,0.00453144,3.76686,36.9418
1.88331e+07,0.44139,-0.018775,9.86373,-0.10895,-0.0314491,-0.130829,-0.0305959,2.56221,0.0800827,2.71584,0.122986,-0.0971426,0.0353656,0.041,0.0409451,0.0146311,3.76582,36.9476
1.88531e+07,0.462868,0.0269849,9.88752,0.156199,-0.0772506,0.0914045,-0.0757929,2.68024,-0.0267875,2.6376,-0.025008,-0.0208067,-0.0209356,0.041,0.041052,0.0146392,3.76616,36.88
1.90541e+07,0.43184,-0.0211834,9.85423,-0.123049,-0.000914693,-0.0949824,0.000237086,2.50925,0.0800827,2.62522,0.0792409,0.0249949,0.0242375,0.042,0.0407281,0.0132482,3.76649,36.8888
1.9074e+07,0.431823,0.0390269,9.86858,0.226368,-0.153587,0.011073,-0.153564,2.50549,0.141151,2.58194,0.143793,-0.0818754,-0.0873007,0.042,0.0419315,0.0169033,3.76663,36.8947
1.9094e+07,0.477215,-0.0428591,9.85891,-0.248786,-0.35206,-0.0981678,-0.350519,2.77118,0.248022,2.72503,0.247128,-0.0971426,-0.0964511,0.042,0.0420578,0.0168372,3.76677,36.8859
1.91541e+07,0.434234,-0.0452675,9.87556,-0.262377,-0.138319,-0.131643,-0.136885,2.51768,0.370159,2.55212,0.3686,0.101331,0.0928902,0.038,0.038007,0.00511557,3.76705,36.8476
1.9174e+07,0.470051,-0.0428591,9.94439,-0.246661,-0.168854,-0.247469,-0.168893,2.70622,0.171686,2.72679,0.170501,-0.0360739,-0.0359891,0.039,0.0387452,0.00751052,3.76708,36.8535
1.9194e+07,0.484375,-0.0308171,9.85655,-0.178922,-0.275724,-0.087299,-0.276854,2.81338,0.217487,2.78268,0.218351,-0.0818754,-0.0863358,0.039,0.0389831,0.00831066,3.76736,36.8682
1.9214e+07,0.453331,-0.0235918,9.92306,-0.136077,-0.0619835,-0.0903079,-0.0622886,2.61571,0.156419,2.67713,0.155543,-0.0208067,-0.020936,0.039,0.0390122,0.00882463,3.76737,36.8212
1.9234e+07,0.479616,-0.0910274,9.7876,-0.532213,0.197559,-0.378337,0.196614,2.80526,-0.179459,2.80009,-0.176533,-0.0818754,-0.0784894,0.038,0.0382638,0.00615369,3.76747,36.8329
1.92541e+07,0.396009,0.0245765,9.91369,0.141925,0.151757,0.0956488,0.158101,2.2875,-0.530604,2.44875,-0.543886,-0.11241,-0.108013,0.038,0.038027,0.00591754,3.76773,36.8506
1.9274e+07,0.472446,-0.0669433,9.7924,-0.391227,0.930383,-0.297707,0.916432,2.7621,-0.71381,2.81982,-0.708763,0.0097276,0.00893585,0.038,0.0379964,0.00513276,3.76781,36.8065
1.92941e+07,0.410352,-0.0308171,9.90172,-0.178168,-0.0314491,-0.134124,-0.0269558,2.37311,0.553365,2.4485,0.539886,-0.0666083,-0.071695,0.039,0.0387528,0.00826679,3.76788,36.7976
1.9314e+07,0.412729,0.00530915,9.87091,0.0307901,0.457101,-0.0695829,0.46107,2.3943,-0.454268,2.4821,-0.4618,0.0249949,0.0227559,0.039,0.0389945,0.0091244,3.76795,36.8359
1.9334e+07,0.503473,-0.0163666,9.83281,-0.0952431,0.365497,-0.0721631,0.363062,2.93117,-0.530604,2.79974,-0.522465,-0.00553954,-0.00319295,0.039,0.0390168,0.00854166,3.7681,36.8565
1.9354e+07,0.460491,-0.0115497,9.86135,-0.0670325,-0.000914693,-0.059401,-0.00200882,2.67357,0.0495481,2.64974,0.0564817,-0.0818754,-0.079789,0.037,0.0375173,0.00439623,3.76816,36.8153
1.9374e+07,0.422295,-0.0452675,9.83046,-0.263592,0.0143524,-0.202542,0.0173177,2.45976,0.20222,2.48047,0.19538,-0.0208067,-0.0221052,0.037,0.0370414,0.00318188,3.76822,36.8447
1.93941e+07,0.455707,0.0197596,9.93263,0.113862,0.197559,0.00515111,0.199286,2.62687,-0.194726,2.647,-0.197617,0.0097276,0.00776357,0.037,0.0369892,0.00367479,3.76819,36.8476
1.94151e+07,0.474823,-0.0284086,9.84231,-0.165185,0.167024,-0.199474,0.165239,2.76197,-0.133658,2.74806,-0.135284,-0.0360739,-0.0366429,0.039,0.0384869,0.00834163,3.76833,36.8124
1.9435e+07,0.489156,-0.0524928,9.79715,-0.306604,0.197559,-0.138319,0.195768,2.85827,-0.0420549,2.82013,-0.0396493,-0.0818754,-0.0817118,0.039,0.0389648,0.00931715,3.76821,36.7859
1.9455e+07,0.446165,-0.0139582,9.85898,-0.0810353,-0.107785,-0.189012,-0.106292,2.59113,0.0648155,2.61675,0.0659278,-0.0818754,-0.0831917,0.039,0.0390187,0.00958971,3.76827,36.7947
1.9475e+07,0.405577,-0.0332255,9.82812,-0.193532,-0.0619835,-0.145066,-0.0590354,2.36307,0.0648155,2.46675,0.0638549,-0.0666083,-0.0664531,0.037,0.0375252,0.00514621,3.76849,36.7829
1.9495e+07,0.462872,0.0125344,9.88275,0.0725892,0.13649,-0.0155299,0.135332,2.68156,0.00374675,2.63986,0.000511476,-0.11241,-0.106245,0.037,0.0370461,0.00407113,3.76853,36.7859
1.9515e+07,0.44617,-0.0332255,9.89931,-0.192108,-0.000914693,-0.144309,-0.00119708,2.58061,-0.0267875,2.61318,-0.0259121,0.0249949,0.0254649,0.037,0.0369969,0.00443817,3.76848,36.7594
1.9535e+07,0.434231,-0.0356339,9.83759,-0.207335,-0.0161819,-0.125497,-0.0161485,2.52738,0.0190139,2.56595,0.019595,0.040262,0.036736,0.041,0.0399982,0.0136102,3.76844,36.8006
1.95551e+07,0.465274,-0.0380423,9.8613,-0.220785,0.13649,-0.131314,0.133564,2.7013,0.00374675,2.67633,0.00489342,0.0555291,0.0526912,0.041,0.0409552,0.0161623,3.76747,36.7771
1.9576e+07,0.450943,-0.0235918,9.85421,-0.137027,0.0906883,-0.089783,0.090112,2.6201,0.125884,2.62742,0.125246,0.0707964,0.0672149,0.041,0.0410584,0.0162987,3.76756,36.7624
1.9596e+07,0.458112,-0.0452675,9.93727,-0.260722,0.121223,-0.14414,0.120047,2.63946,-0.0878563,2.6334,-0.0858223,-0.0971426,-0.0917375,0.037,0.038062,0.00689286,3.76756,36.7594
1.9616e+07,0.474808,0.0245765,9.90175,0.142046,-0.000914693,0.0577007,0.000238166,2.74533,-0.0115204,2.68333,-0.013264,-0.0513411,-0.0520309,0.037,0.0371041,0.00435225,3.76765,36.7535
1.9636e+07,0.450938,-0.0043245,9.84712,-0.0251359,0.0448868,0.00747148,0.0425487,2.62196,-0.0420549,2.65618,-0.0414675,-0.0666083,-0.0658881,0.037,0.0370022,0.00430341,3.76773,36.7712
1.96561e+07,0.438997,0.000492326,9.85426,0.0028597,0.0143524,-0.0685381,0.0126301,2.55078,-0.0267875,2.64551,-0.0259243,-0.0818754,-0.0799169,0.04,0.0392425,0.0108845,3.76781,36.7624
1.9676e+07,0.477209,-0.0211834,9.89456,-0.122523,0.0143524,-0.134381,0.0169617,2.7612,-0.0420549,2.69014,-0.0408966,-0.127677,-0.126254,0.04,0.0399596,0.012561,3.76789,36.7682
1.97561e+07,0.470043,-0.0139582,9.84946,-0.0811043,0.0754211,-0.0147387,0.0727944,2.73223,0.034281,2.65269,0.0348632,-0.0513411,-0.053243,0.037,0.0369895,0.00283047,3.76681,36.7594
1.97771e+07,0.477202,0.000492326,9.83049,0.00286609,-0.0467162,0.0207704,-0.0435309,2.77913,-0.0115204,2.71907,-0.0117978,0.0249949,0.0176029,0.041,0.0403745,0.013681,3.76685,36.7535
1.98574e+07,0.400787,0.0173512,9.88994,0.100439,-0.0619835,-0.0108161,-0.0584872,2.32062,0.034281,2.48531,0.0351388,-0.0513411,-0.0532788,0.036,0.036058,0.00074976,3.76628,36.7065
1.9878e+07,0.45094,-0.0115497,9.83999,-0.0671807,0.060154,-0.099152,0.0587022,2.62387,0.0800827,2.66076,0.0809186,-0.0360739,-0.0386149,0.036,0.0359744,0.00051899,3.76626,36.7124
1.9898e+07,0.462877,-0.0043245,9.86611,-0.0250862,0.0143524,-0.0932441,0.0152113,2.68611,-0.0267875,2.66063,-0.0267535,-0.0818754,-0.0785636,0.04,0.0393588,0.0110948,3.76658,36.7212
1.99391e+07,0.477199,0.0125344,9.81389,0.0730923,0.167024,0.223319,0.135182,2.78381,0.0953498,2.48279,0.0318458,-0.402486,-0.406034,0.04,0.0400389,0.0103333,3.76404,36.7094
1.99591e+07,0.295742,-0.0549012,9.97063,-0.315345,-0.0314491,-0.235423,-0.054515,1.69894,0.263289,1.92352,0.196531,-1.02844,-0.996212,0.037,0.037499,0.00294496,3.76295,36.7271
1.998e+07,0.570336,-0.0260002,9.82324,-0.151396,-0.0619835,-0.0432247,-0.0840612,3.32284,0.0190139,2.78685,-0.04528,-0.524624,-0.55811,0.037,0.0370407,0.00296393,3.76234,36.7124
2.00001e+07,0.381701,-0.0428591,9.71891,-0.252471,-0.0314491,-0.730794,-0.0434776,2.24906,0.0800827,2.85381,0.00938947,-0.188746,-0.181812,0.037,0.0369695,0.00029624,3.76176,36.7271
2.00211e+07,0.46764,0.0390269,9.88279,0.226006,-1.10015,0.0606624,-1.10847,2.70912,-0.408467,2.58352,-0.460963,1.88759,1.85508,0.042,0.0415175,0.0143132,3.76079,36.6653
2.00621e+07,0.181183,-0.262025,9.64038,-1.55664,0.625039,-0.819865,0.570062,1.0763,-1.58404,1.64118,-1.626,0.315071,0.367668,0.042,0.0421229,0.0223657,3.72651,36.7035
2.0082e+07,0.314842,-0.0452675,9.83293,-0.263634,-0.413128,-0.237135,-0.438534,1.83392,0.354892,2.24297,0.310867,-0.524624,-0.483321,0.037,0.0375829,0.0102889,3.67152,36.7094
2.0102e+07,0.116705,-0.237941,9.0208,-1.51081,-1.74137,-0.30409,-1.76161,0.740954,0.858709,1.5925,0.773575,-1.7002,-1.65593,0.037,0.0370965,0.00704302,3.62028,36.6918
2.01227e+07,0.78048,-0.0765769,10.191,-0.429266,-2.85588,-0.402492,-2.82964,4.37934,-2.08786,2.43785,-2.11894,1.2769,1.17804,0.037,0.0369914,0.00481339,3.62596,36.6506
2.01431e+07,0.957149,0.0342101,10.248,0.190437,-4.82534,0.735925,-4.78071,5.33584,-5.26343,1.91191,-5.14514,2.54408,2.32322,0.04,0.0397133,0.0166519,3.58046,36.6888
2.01631e+07,-1.47618,0.450866,10.538,2.42622,-4.44366,2.56167,-4.41566,-7.96695,9.6526,2.79129,9.33797,0.406674,0.380931,0.04,0.0397555,0.0152027,3.53757,36.6829
2.0183e+07,-1.0308,4.60297,3.87273,48.9556,6.15176,23.6667,6.0547,-9.72377,-6.79015,-3.62718,-6.75468,0.284537,0.19267,0.04,0.0385605,-0.00358232,3.49936,36.6653
2.02031e+07,-0.117129,-0.864128,13.8136,-3.57943,-3.10015,4.07912,-3.0764,-0.484869,-1.91992,9.9173,-2.13176,9.35324,9.2105,0.037,0.0363904,0.0112252,3.46442,36.6476
2.0223e+07,3.82972,0.0486606,3.28904,0.552266,-2.88641,15.5286,-2.70109,49.3402,-38.8512,25.9474,-38.6489,0.818888,0.588616,0.037,0.0331069,-0.0374102,3.43527,36.6329
2.02431e+07,2.1719,2.42577,14.5766,9.34695,8.02962,9.01177,7.90957,8.36131,-10.7596,12.3075,-10.8012,-7.7918,-7.96403,0.037,0.0326078,-0.131509,3.40909,36.5888
2.02631e+07,-0.280426,2.45707,16.1197,8.66543,1.17466,8.43477,1.16868,-0.985268,-22.5001,0.256205,-22.3716,-3.8376,-3.8113,0.039,0.0375644,0.00771933,3.38608,36.5506
2.02841e+07,1.9386,-0.13197,9.62483,-0.770096,-11.207,-0.189944,-11.1157,11.3869,-19.6909,12.9961,-19.5834,-3.99027,-3.9721,0.039,0.0383163,0.0333998,3.3644,36.5918
2.03041e+07,-0.0843839,1.59727,11.194,8.12051,-26.978,5.08169,-26.818,-0.427576,-10.1031,-2.74506,-10.1067,-3.33378,-3.20994,0.039,0.038998,0.0558026,3.34548,36.5712
2.03251e+07,-2.73447,0.092012,13.1763,0.391751,-37.6498,-2.01507,-37.3447,-11.7238,-6.89702,-3.40567,-6.90405,-3.8834,-3.89073,0.04,0.0402074,0.08028,3.32844,36.53
2.03461e+07,0.967099,-1.4012,8.76179,-9.03199,-17.207,-5.37002,-17.1413,6.22023,4.12588,2.47081,4.08846,-4.23455,-4.28827,0.04,0.0404287,0.0811849,3.31385,36.5241
2.0366e+07,-0.193795,0.0534774,8.48971,0.360812,22.5182,-1.44766,22.2698,-1.30764,1.89688,0.13981,1.85724,-2.38722,-2.46117,0.04,0.0405239,0.0830579,3.30143,36.5271
2.03871e+07,-0.0745553,0.600187,8.91072,3.85324,46.854,0.321592,46.3974,-0.478295,3.24039,-0.315539,3.19354,-4.55516,-4.63035,0.032,0.033269,0.0584928,3.28963,36.5065
2.04071e+07,-0.20594,0.79286,10.8794,4.16745,40.8235,1.20008,40.4872,-1.08158,-1.21763,-0.663348,-1.28875,-5.65439,-5.60578,0.032,0.0324465,0.0571478,3.27875,36.4859
2.0427e+07,-0.589818,-1.23743,11.4771,-6.14565,-0.382594,-2.09596,-0.204341,-2.92496,12.3549,-0.254726,12.145,-3.9292,-3.98496,0.032,0.0324285,0.0696914,3.26868,36.4653
2.0468e+07,0.463245,-1.32895,11.7824,-6.43036,-44.1689,-3.03838,-43.8486,2.23736,-7.69091,1.45411,-7.68891,-7.80707,-7.79346,0.032,0.0326004,0.0995848,3.25125,36.4094
2.04891e+07,0.968966,0.472541,10.3437,2.60431,0.670841,-2.56315,-12.7326,5.34616,-15.5993,-0.73269,-16.8306,-8.29562,-7.66334,0.032,0.0327389,0.118287,3.24356,36.3947
2.051e+07,-0.184318,0.318403,10.0619,1.81219,24.4876,0.30351,24.1872,-1.04893,0.415961,-0.204803,0.323338,-5.13531,-5.24111,0.032,0.0328583,0.12799,3.23626,36.3682
2.05301e+07,0.61581,-0.40653,10.0505,-2.31194,33.6937,-1.83505,33.3887,3.50336,12.019,1.59491,11.8678,-7.41012,-7.37618,0.032,0.0328776,0.129578,3.22932,36.3271
2.05501e+07,-0.375405,0.53516,10.2523,2.98607,18.8082,0.311953,18.7347,-2.09419,14.7366,-0.323237,14.6103,-8.6773,-8.66384,0.032,0.0328923,0.131798,3.22315,36.3418
2.057e+07,-0.188978,-0.0982526,10.7117,-0.525445,-10.8559,0.14085,-10.7103,-1.01067,0.034281,-0.745504,-0.0238211,-8.02081,-8.04407,0.032,0.0329135,0.133762,3.21669,36.3506
2.05901e+07,0.58235,-0.295743,10.2454,-1.65077,-39.6345,-0.558022,-39.3598,3.25184,-4.20999,1.16336,-4.2417,-8.29562,-8.34627,0.032,0.0329083,0.133623,3.21141,36.3182
2.06101e+07,-1.02493,0.650764,10.9297,3.39256,-49.8177,1.97099,-49.4937,-5.3478,-6.08786,-3.11462,-6.09049,-7.10478,-7.12841,0.059,0.0427782,0.17191,3.20605,36.2859
2.063e+07,0.395858,0.568878,10.3894,3.13186,-10.0773,-0.585263,-10.1856,2.17877,-5.69091,0.440679,-5.67721,-7.34905,-7.3287,0.059,0.0585765,0.21784,3.20071,36.2741
2.065e+07,-0.380168,0.4894,10.0386,2.78908,31.1136,-0.312096,30.7133,-2.16623,-7.98099,-0.623601,-7.90956,-6.08188,-6.17035,0.059,0.0602456,0.211624,3.19521,36.2212
2.06701e+07,-0.21281,-0.262025,9.95887,-1.5068,48.0907,-1.65188,47.74,-1.22374,-10.4695,-0.436711,-10.4363,-7.41012,-7.34006,0.078,0.0673459,0.22411,3.19015,36.2241
2.06901e+07,-0.370323,-0.565485,9.69023,-3.33734,29.3884,-2.69146,29.3095,-2.18485,-9.5535,-0.386359,-9.53384,-6.15821,-6.21121,0.078,0.0783459,0.245036,3.18501,36.2271
2.071e+07,-0.382781,1.29863,10.4577,7.07399,-5.81771,2.14326,-5.75799,-2.08028,-2.22526,-1.10099,-2.28566,-8.00554,-7.96057,0.078,0.079435,0.234479,3.18004,36.2035
2.07901e+07,-0.243578,-1.24707,9.75788,-7.28073,14.7166,-3.49563,14.5449,-1.4184,-22.3169,-0.588195,-22.1802,-4.55516,-4.68931,0.104,0.0963954,0.206855,3.16429,36.1094
2.081e+07,0.928846,-1.23021,9.20608,-7.57334,35.1289,-3.00342,34.8525,5.71093,-23.355,2.14537,-23.2728,-5.65439,-5.57777,0.104,0.104411,0.204505,3.16044,36.0976
2.08901e+07,1.10536,-0.541401,8.03179,-3.82042,-31.1612,-2.38443,-31.0134,7.81845,4.69077,3.20385,4.61713,-5.22691,-5.2496,0.115,0.11573,0.147635,3.14728,36.0271
2.09101e+07,-0.20069,-0.912296,9.34052,-5.57716,-15.436,-3.0194,-15.3668,-1.22504,-4.46954,0.170477,-4.47447,-5.33378,-5.37469,0.125,0.11945,0.139074,3.14512,36.0035
2.09901e+07,-0.0314651,0.207616,9.30418,1.27829,-3.19175,-0.31937,-3.17977,-0.193715,-7.91992,-0.319131,-7.88934,-6.46355,-6.4855,0.134,0.134144,0.114454,3.13459,35.93
2.101e+07,1.15569,-1.24225,8.38438,-8.34995,-19.1002,-2.40648,-18.9471,7.76443,-1.5077,2.05944,-1.58182,-6.05134,-6.03374,0.134,0.134446,0.101808,3.13316,35.9065
2.1111e+07,-0.162689,-0.17773,9.50786,-1.07075,14.167,-0.96828,14.0741,-0.980122,0.217487,0.0601494,0.180703,-6.70783,-6.72256,0.146,0.146019,0.0866888,3.1285,35.8241
2.1131e+07,0.400658,0.479767,9.99989,2.74459,4.13649,0.109839,4.02682,2.29177,-2.66801,1.14244,-2.67881,-7.56279,-7.49812,0.146,0.146417,0.0830496,3.12728,35.8535
2.11911e+07,-0.322517,-0.743708,9.42162,-4.51073,-16.0009,-3.0686,-15.8527,-1.95449,-9.72144,0.206285,-9.6957,-7.02844,-7.02869,0.156,0.156333,0.0854806,3.12432,35.7859
2.1211e+07,0.570603,-0.989366,9.97365,-5.6559,-5.52763,-3.63,-5.46575,3.25843,-4.69854,1.32299,-4.77325,-7.77653,-7.70242,0.156,0.156314,0.0801503,3.12373,35.7506
2.12911e+07,-0.611862,0.754326,10.2006,4.2217,-5.95511,0.0987879,-5.96959,-3.42332,-0.423734,-0.747539,-0.432141,-6.96737,-6.95474,0.158,0.158068,0.0770963,3.1219,35.7065
2.1311e+07,0.525166,-0.743708,10.3112,-4.12005,-12.8864,-2.89141,-12.7871,2.9081,-4.74434,1.57755,-4.75342,-7.63913,-7.62256,0.158,0.158332,0.0773833,3.12194,35.7065
2.1331e+07,0.183556,-0.206631,9.9966,-1.18394,-2.45893,-1.58457,-2.58509,1.05171,-13.7367,0.358485,-13.6487,-7.50172,-7.46614,0.158,0.158325,0.0745155,3.12207,35.6535
2.1351e+07,-0.122212,0.238925,10.5555,1.29659,-4.32153,-0.654623,-4.23886,-0.66317,-8.10312,0.374789,-8.13852,-6.7689,-6.77273,0.165,0.164788,0.0962916,3.12303,35.6418
2.1371e+07,-0.0268313,0.7182,10.6702,3.85071,5.00672,0.497403,4.89787,-0.143751,-2.85122,-0.22741,-2.90478,-7.54752,-7.49679,0.165,0.165534,0.0996957,3.12167,35.6476
2.13913e+07,-0.446904,0.0438438,10.8262,0.231838,-4.5658,-0.742693,-4.51161,-2.36381,2.56863,-0.618109,2.50056,-5.99027,-6.04854,0.165,0.165616,0.101017,3.11903,35.6535
2.14121e+07,-0.516405,0.956633,10.849,5.03345,-5.55817,0.968195,-5.62609,-2.71465,3.34726,-1.3733,3.30196,-6.05134,-6.05853,0.171,0.171046,0.117314,3.11964,35.6388
2.1432e+07,-0.783454,-0.442656,10.5075,-2.40563,-16.5658,-2.43334,-16.3768,-4.26039,5.561,-1.79598,5.46752,-6.53989,-6.56187,0.171,0.171596,0.120332,3.12073,35.6006
2.1452e+07,-1.12027,0.0366185,11.5319,0.181085,-0.413128,-0.373379,-0.45367,-5.5486,0.186953,-4.2558,0.157363,-6.7689,-6.7402,0.171,0.171572,0.137949,3.12074,35.58
2.1472e+07,-1.1084,0.258193,12.895,1.14285,11.5258,-1.6553,11.3346,-4.91182,1.37779,-4.17545,1.35079,-8.11241,-8.05412,0.176,0.176124,0.188877,3.12076,35.5771
2.15121e+07,-0.571169,0.393064,11.1592,2.01467,14.4571,-0.39323,14.2364,-2.92823,2.00375,-3.18633,1.97743,-8.17348,-8.20495,0.176,0.17722,0.247036,3.12046,35.58
2.1532e+07,-0.475417,-0.461923,9.93503,-2.65898,-9.31389,-2.67893,-9.17191,-2.73671,1.45413,-1.77065,1.41367,-7.45592,-7.43987,0.189,0.189257,0.274335,3.12066,35.5712
2.1632e+07,0.200027,0.670031,9.98612,3.83781,15.9991,-1.06919,15.8219,1.14493,2.76711,0.563605,2.68793,-7.746,-7.67153,0.203,0.204244,0.221068,3.11856,35.5035
2.1652e+07,-0.4299,-0.996591,9.30022,-6.10987,2.06015,-3.68724,2.14064,-2.63155,5.6068,-0.261793,5.50695,-6.66203,-6.72316,0.219,0.218699,0.237475,3.11869,35.4741
2.1672e+07,0.518062,-0.955648,9.07391,-6.00242,-5.51237,-2.70516,-5.39161,3.24974,5.57627,2.28374,5.42891,-8.63149,-8.54533,0.219,0.220157,0.219659,3.11889,35.4682
2.1692e+07,-1.12288,0.809719,10.346,4.44905,-14.8559,-0.862658,-14.7131,-6.17546,-3.5077,-1.6914,-3.50843,-6.96737,-6.97864,0.219,0.219922,0.198768,3.11816,35.4829
2.17121e+07,0.749758,-1.2278,9.17062,-7.60057,-11.5887,-4.20427,-11.5031,4.63275,-3.62984,2.11507,-3.68057,-7.36432,-7.32923,0.232,0.231741,0.212763,3.11831,35.4535
2.1732e+07,0.63961,-0.124745,9.04428,-0.788246,3.4342,-1.10487,3.27736,4.04483,-8.14892,1.29058,-8.13292,-5.89867,-5.9206,0.232,0.23296,0.193843,3.11828,35.4124
2.1752e+07,-0.927162,1.13004,9.9356,6.46089,6.48763,0.955191,6.38856,-5.29728,-6.04206,-2.14878,-6.03307,-6.49409,-6.50456,0.232,0.23295,0.180779,3.118,35.3976
2.1772e+07,-0.344114,-0.36077,9.08511,-2.27239,6.65557,-1.08831,6.61224,-2.16743,2.70604,-1.33732,2.6112,-5.8376,-5.87336,0.245,0.244817,0.198169,3.11824,35.3918
2.1792e+07,-0.14829,-0.435431,9.97753,-2.49859,7.25099,-2.0006,7.07548,-0.850683,8.01901,-1.66677,7.92407,-6.55516,-6.55007,0.245,0.245791,0.189281,3.11787,35.3624
2.18121e+07,-0.0260158,-2.21525,10.2737,-12.1679,1.73954,-6.58751,1.73195,-0.141829,16.4007,-2.66673,16.2035,-6.66203,-6.62482,0.245,0.245075,0.189244,3.11804,35.3447
2.1832e+07,-2.06078,-1.05439,11.7945,-5.03266,3.83115,-4.49412,3.80947,-9.87231,17.5915,-7.94723,17.434,-6.98264,-7.00122,0.253,0.251133,0.231577,3.11853,35.3594
2.19121e+07,-0.0889373,0.797677,10.2715,4.44048,-1.11542,-0.233033,-1.1997,-0.494603,-10.1184,-1.30312,-10.0472,-7.42539,-7.38193,0.264,0.265109,0.281355,3.1171,35.2888
2.19331e+07,-0.63289,-0.909888,9.75401,-5.31821,-14.7795,-3.25661,-13.7295,-3.69644,-9.84358,-2.01747,-11.7996,-6.00554,-5.74778,0.264,0.265293,0.256757,3.11722,35.2918
2.20131e+07,0.0808397,-0.0669433,9.94231,-0.385764,10.5182,-3.63565,9.29001,0.465844,6.61443,-0.329472,6.46367,-6.64676,-7.09235,0.306,0.305115,0.274672,3.11386,35.2535
2.2034e+07,0.295737,-0.0380423,9.17292,-0.237494,8.35023,0.230902,8.17938,1.84658,1.63733,-1.34652,1.60311,-6.47882,-6.47107,0.306,0.307167,0.254149,3.11346,35.2418
2.21741e+07,-1.13907,-1.05921,9.86105,-6.09064,-4.91695,-3.2642,-4.73139,-6.5518,3.14878,-4.08834,3.09876,-5.66966,-5.69229,0.342,0.342588,0.273113,3.11452,35.1447
2.2194e+07,0.248357,-1.39157,8.55349,-9.23669,-15.3139,-4.9609,-15.129,1.64159,-4.14892,-0.520913,-4.20592,-6.9521,-6.89696,0.358,0.357475,0.289388,3.11485,35.1212
2.22141e+07,-0.499866,1.59005,10.0452,8.98375,-14.3215,0.559877,-14.3311,-2.81381,-12.0115,-2.33697,-11.9547,-6.00554,-5.98538,0.358,0.358458,0.268718,3.1128,35.0976
2.2234e+07,-0.721564,0.255784,9.07693,1.60907,-9.13069,-0.985983,-9.13025,-4.54334,-10.5001,-2.71758,-10.4329,-3.99027,-4.06546,0.358,0.359111,0.244385,3.11245,35.0918
2.23141e+07,-0.258102,-0.538992,8.60278,-3.58347,7.48,-2.6198,7.42996,-1.71512,8.30909,-1.50807,8.22004,-4.28035,-4.29875,0.396,0.394913,0.245339,3.11109,35.0565
2.2335e+07,-0.0576912,0.0631111,9.14015,0.395603,5.70901,-0.882441,5.58582,-0.361628,5.89688,-1.42338,5.80306,-4.46355,-4.48097,0.396,0.396987,0.221184,3.1105,35.0241
2.2355e+07,-1.04167,0.730242,9.49583,4.37135,-4.50473,0.43542,-4.50197,-6.24188,-3.73671,-3.27005,-3.69982,-5.30325,-5.33769,0.396,0.396645,0.195155,3.11111,35.0035
2.23952e+07,-1.39704,-0.750933,10.4292,-4.08202,-8.50473,-3.50652,-8.41695,-7.61016,-7.4161,-5.52797,-7.39318,-5.62386,-5.54595,0.41,0.409614,0.199567,3.11036,35.0094
2.24161e+07,-2.04656,-0.669047,10.1759,-3.68805,-2.30626,-4.28807,-2.24712,-11.3477,2.98085,-8.31991,2.90678,-2.93684,-2.95254,0.41,0.407375,0.175465,3.10845,34.9947
2.24371e+07,-1.51185,-0.059718,10.8364,-0.312718,7.89222,-1.68987,7.82004,-7.94229,18.019,-7.42819,17.8407,-4.14294,-4.16566,0.425,0.421362,0.210072,3.10891,34.9447
2.24571e+07,-0.769252,0.00530915,9.23089,0.0328399,14.0296,-1.79722,13.858,-4.76371,18.8129,-4.91306,18.6784,-4.89104,-4.88858,0.425,0.423849,0.199934,3.10834,34.9888
2.24771e+07,-0.869718,0.643539,9.86355,3.71854,6.97618,-4.81814,2.14554,-5.02839,6.88924,-3.47432,13.7479,-5.08951,-5.14233,0.425,0.42431,0.185039,3.10839,34.9594
2.2498e+07,-0.917071,-0.811143,9.22734,-4.99926,-11.0085,-3.95571,-10.8609,-5.65411,-7.12602,-3.59296,-7.04534,-5.66966,-5.67308,0.437,0.436266,0.195687,3.10818,34.9476
2.25181e+07,-1.48105,0.797677,9.96641,4.5265,-15.9856,-0.552293,-15.8456,-8.42596,-18.9581,-4.28084,-18.8099,-5.68493,-5.68854,0.437,0.436694,0.175716,3.10646,34.93
2.25381e+07,-0.90274,-0.825594,9.52645,-4.93108,-12.2299,-2.73127,-12.1202,-5.39317,-19.9963,-3.98103,-19.887,-4.40249,-4.42598,0.453,0.442302,0.174919,3.10677,34.9418
2.25581e+07,-0.0240391,-0.736482,9.01063,-4.67266,-3.02382,-3.47141,-2.97311,-0.152349,-5.81305,-1.72942,-5.88913,-5.89867,-5.81007,0.453,0.452159,0.181251,3.10648,34.9153
2.2578e+07,0.0906583,-1.0279,9.05043,-6.47927,9.37313,-3.23387,9.22735,0.570248,10.3549,-1.99915,10.1781,-3.8376,-3.84065,0.453,0.452928,0.164751,3.10637,34.9094
2.25981e+07,-1.41603,-1.18445,9.33876,-7.14747,5.69374,-3.71541,5.71916,-8.55451,18.7213,-5.28576,18.5203,-2.82997,-2.92836,0.462,0.455524,0.153652,3.10533,34.8976
2.26194e+07,-0.258189,-0.228307,8.30413,-1.57409,8.68611,-1.43206,8.60287,-1.78017,16.645,-3.1894,16.4996,-5.48646,-5.42864,0.462,0.461106,0.14427,3.10511,34.8976
2.26401e+07,-1.01975,-0.791876,9.42927,-4.77277,1.31206,-3.25125,1.27455,-6.15093,5.92741,-5.26997,5.89533,-4.96737,-4.99768,0.462,0.460808,0.127148,3.10506,34.8947
2.26611e+07,-0.931511,-0.404121,9.40844,-2.44756,-9.52763,-2.7241,-9.43558,-5.64914,-7.4161,-4.84699,-7.33574,-5.63913,-5.68703,0.472,0.466593,0.130653,3.10485,34.8535
2.26821e+07,0.143226,-1.15555,8.93146,-7.371,-10.3826,-4.36707,-10.262,0.911132,-10.8817,-2.03978,-10.8555,-7.59333,-7.49208,0.472,0.470677,0.126273,3.10491,34.8329
2.2702e+07,-1.05086,-0.560668,9.95437,-3.20593,-7.25282,-3.40765,-7.17663,-6.0168,-11.5077,-3.42079,-11.4448,-4.50936,-4.56398,0.472,0.471311,0.109924,3.10462,34.8771
2.27221e+07,0.0741811,-1.88289,8.00678,-13.2328,1.37313,-6.19575,1.40693,0.516723,-3.00389,-0.853001,-3.06525,-3.95974,-3.96487,0.482,0.476844,0.106038,3.10291,34.8271
2.27421e+07,-0.157601,-1.30246,9.65088,-7.68505,7.83115,-3.46237,7.79545,-0.927165,3.19459,-1.86443,3.09907,-3.73073,-3.7822,0.482,0.481281,0.10534,3.10222,34.8271
2.2762e+07,-0.731231,0.67244,9.17732,4.17749,10.2586,0.152046,10.1167,-4.54347,4.76711,-3.19284,4.7288,-3.8376,-3.84758,0.482,0.481669,0.0872463,3.1024,34.8182
2.27821e+07,0.646716,0.0823784,8.69084,0.541579,9.23573,-0.918085,9.03396,4.25555,7.36253,-0.251886,7.27394,-4.43302,-4.43339,0.489,0.485727,0.0775401,3.10258,34.8065
2.2802e+07,-1.40225,0.809719,10.3795,4.4207,-1.89404,2.04007,-1.87021,-7.67097,-1.03442,-5.54875,-1.01393,-3.8834,-3.90817,0.489,0.487282,0.0722456,3.10232,34.8094
2.28221e+07,-0.232129,0.513484,9.24549,3.17788,-7.05435,-0.543281,-7.05251,-1.43603,-3.35503,-2.39991,-3.36052,-5.51699,-5.41752,0.489,0.488291,0.0624214,3.10234,34.8065
2.28421e+07,-0.793024,-0.37522,8.90741,-2.40264,-6.4742,-2.29073,-6.48862,-5.08313,-7.90465,-3.7942,-7.82915,-3.39485,-3.50971,0.498,0.493548,0.0676782,3.10235,34.78
2.2862e+07,-0.635575,0.159448,9.11231,1.00003,-2.7032,-1.15288,-2.7263,-3.98926,-3.24816,-3.68304,-3.24954,-4.58569,-4.57074,0.498,0.496822,0.0649184,3.10219,34.7565
2.2962e+07,-0.0837331,-0.743708,9.22435,-4.60928,-3.83298,-3.44603,-3.75733,-0.5184,-5.18709,-1.48427,-5.20879,-7.02844,-6.97776,0.503,0.50152,0.0356842,3.10194,34.7506
2.30421e+07,-0.64779,1.15171,9.81668,6.67708,5.12886,0.592758,5.01073,-3.74976,-1.01915,-2.64429,-1.04948,-5.80707,-5.78255,0.505,0.503798,0.0102048,3.1012,34.6712
2.3062e+07,0.281281,0.426782,9.10483,2.68245,5.86168,-0.404477,5.70651,1.76757,0.20222,-0.564985,0.179815,-6.49409,-6.47464,0.505,0.504015,0.00397412,3.10101,34.6771
2.33431e+07,-0.178891,-2.02498,9.49542,-12.0364,-4.32153,-6.60448,-4.17101,-1.05558,-0.347398,-2.03319,-0.414923,-6.11241,-6.09154,0.494,0.492123,-0.0537766,3.09913,34.5741
2.3363e+07,-0.182076,0.843437,10.4972,4.59309,2.07542,-0.364364,1.9605,-0.990515,-7.23289,-2.52547,-7.1973,-7.31852,-7.253,0.494,0.491805,-0.0446897,3.09922,34.5476
2.3383e+07,-1.08222,0.600187,10.6519,3.20847,-1.6803,-0.833373,-1.73573,-5.79217,-7.87412,-3.51905,-7.80741,-6.96737,-7.03543,0.492,0.49161,-0.0346277,3.09921,34.5682
2.3403e+07,-0.052491,-1.46382,9.10208,-9.13609,0.060154,-2.50425,0.0874683,-0.326225,-1.64511,-1.23026,-1.6913,-6.53989,-6.52975,0.492,0.490946,-0.0319909,3.09913,34.5741
2.3423e+07,0.541612,0.224475,9.46278,1.35669,10.4113,-0.0424714,10.2027,3.27489,-0.744345,0.627283,-0.771173,-5.89867,-5.91559,0.492,0.491456,-0.0345058,3.09989,34.5153
2.34431e+07,-0.410925,-0.536584,10.253,-2.9934,-0.871144,-2.86376,-0.847364,-2.29197,-0.652742,-1.05716,-0.675948,-5.97501,-5.96462,0.489,0.489995,-0.0378905,3.09867,34.4918
2.3464e+07,0.405971,-1.45178,9.58842,-8.60216,-4.6574,-4.70761,-4.53832,2.39715,-2.10312,0.426005,-2.17099,-7.51699,-7.42648,0.489,0.487953,-0.0457978,3.09954,34.5124
2.3484e+07,-0.150539,-0.936381,9.73456,-5.4938,-4.26046,-2.862,-4.19999,-0.881904,-5.70618,-0.676431,-5.71573,-6.05134,-6.13279,0.489,0.488228,-0.0373979,3.09927,34.5094
2.3504e+07,-0.688187,0.446049,10.0839,2.52689,-5.20702,-0.466654,-5.1575,-3.90037,-7.11076,-1.58826,-7.06583,-6.87577,-6.87396,0.487,0.487467,-0.0393694,3.10019,34.48
2.3524e+07,0.0308538,-0.637737,10.5611,-3.45562,-0.581067,-3.6205,-0.594804,0.167082,-3.43137,-0.430317,-3.47818,-6.8605,-6.83648,0.487,0.486001,-0.0437394,3.10115,34.4829
2.35441e+07,0.293343,-0.0163666,9.89947,-0.0946842,9.98382,-2.00287,9.77818,1.6973,-3.78251,-0.466173,-3.78718,-7.19638,-7.15741,0.487,0.485296,-0.0382545,3.09979,34.4888
2.35651e+07,0.219683,-1.31932,10.0399,-7.48443,5.58687,-3.80187,5.52091,1.24281,3.80527,-2.14638,3.70833,-6.17348,-6.16063,0.485,0.483839,-0.0206886,3.10001,34.4859
2.35851e+07,-1.26348,-0.192181,11.7026,-0.935397,-0.611602,-2.45715,-0.558049,-6.1613,5.561,-4.73415,5.49279,-7.13531,-7.085,0.485,0.483091,0.00160196,3.10056,34.4388
2.36051e+07,-0.620697,-1.82268,10.1585,-10.1534,-1.20702,-5.89521,-1.12597,-3.44166,4.12588,-3.52693,4.05525,-6.61623,-6.61893,0.485,0.482696,0.0140169,3.1004,34.4653
2.36251e+07,-0.0815167,-0.127154,9.67407,-0.753012,6.70138,-1.15692,6.633,-0.482739,-2.77488,-1.96664,-2.77743,-5.68493,-5.70261,0.483,0.482619,0.022261,3.10068,34.4212
2.36451e+07,-1.16581,0.648356,9.85906,3.73653,-0.519999,-3.28964,-0.505857,-6.72938,-5.33976,-0.522918,-0.844951,-5.42539,-6.89864,0.483,0.482295,0.0254668,3.09934,34.4506
2.36661e+07,0.247749,0.795269,9.99103,4.54966,3.81588,0.556371,3.69387,1.416,-6.33213,-0.363257,-6.31605,-7.31852,-7.28764,0.483,0.482686,0.0175797,3.10009,34.4153
2.36861e+07,-0.133848,-0.849678,9.12451,-5.3195,-3.20702,-2.54667,-3.15057,-0.836797,-9.64511,-0.359146,-9.62219,-6.26508,-6.32141,0.483,0.48279,0.00623103,3.09996,34.3888
2.3706e+07,0.436805,-0.702764,8.79423,-4.56331,1.28153,-2.46884,1.18903,2.83449,-5.43137,0.365832,-5.48224,-6.73836,-6.71643,0.483,0.482471,-0.00214915,3.09967,34.3888
2.37261e+07,0.36509,-0.418572,9.67084,-2.47656,0.35023,-3.02644,0.317911,2.15997,-0.622207,0.912487,-0.692658,-7.02844,-7.01689,0.483,0.482162,-0.01209,3.10032,34.4006
2.37461e+07,-0.926538,-1.11219,9.95338,-6.34859,-1.00855,-4.31058,-0.907202,-5.28551,2.04955,-1.92598,1.96476,-5.48646,-5.5409,0.486,0.483663,-0.0121097,3.09899,34.4065
2.37661e+07,0.0997724,0.544794,9.36159,3.33036,9.66321,-0.105444,9.48739,0.609583,2.33962,-0.364929,2.29449,-6.49409,-6.47079,0.486,0.485011,-0.0130392,3.09934,34.3741
2.3786e+07,-1.07042,1.09391,10.6717,5.8237,2.21283,0.470808,2.14341,-5.69823,-2.3016,-2.48637,-2.26962,-6.84523,-6.80086,0.486,0.485137,-0.0129936,3.09908,34.3771
2.38661e+07,-0.945737,-0.765383,10.4027,-4.19077,-3.86351,-3.7183,-3.79536,-5.18072,3.92741,-4.81736,3.84218,-6.82997,-6.72068,0.484,0.48128,-0.00131482,3.10021,34.3565
2.3886e+07,-1.26104,-0.384854,11.7331,-1.86791,-1.78717,-2.56569,-1.72056,-6.13114,7.10298,-4.88638,7.0183,-5.9292,-5.89382,0.484,0.481856,0.0191975,3.10007,34.3418
2.39661e+07,-0.301132,-0.363178,9.29638,-2.23604,-7.80244,-1.9609,-7.66556,-1.85389,-10.7443,-0.875593,-10.7106,-4.60096,-4.58032,0.484,0.48377,0.0126397,3.10098,34.2771
2.3986e+07,-0.136444,-0.100661,10.4766,-0.550442,-4.13832,-2.13961,-4.11916,-0.746125,-6.92755,-0.519112,-6.94343,-5.56279,-5.55512,0.485,0.48407,0.00623657,3.10165,34.2771
2.40661e+07,-1.32091,0.243742,10.2194,1.35503,1.69374,-1.74287,1.71194,-7.36284,0.629701,-3.84975,0.621821,-4.8605,-4.91653,0.487,0.485637,-0.00190533,3.10206,34.2329
2.4086e+07,-0.771193,-1.6011,9.43963,-9.59524,-2.24519,-7.13397,-2.21476,-4.60506,-1.90465,-3.98845,-1.91451,-5.36432,-5.34744,0.487,0.484092,-0.00685157,3.10158,34.2624
2.43671e+07,-1.39244,-0.136787,10.2972,-0.754202,-7.92458,-2.5264,-7.76751,-7.70041,-3.2787,-3.2567,-3.29023,-6.11241,-6.14456,0.491,0.489628,-0.00533326,3.09942,34.1447
2.4387e+07,-0.0670329,-0.690722,9.38824,-4.20774,-6.32153,-2.42772,-6.24904,-0.407988,-0.805413,-1.16815,-0.871598,-6.57043,-6.49069,0.491,0.490392,-0.00805547,3.10025,34.1241
2.4407e+07,-0.960119,-0.570302,10.555,-3.08009,-11.436,-2.8199,-11.2308,-5.19001,-0.866482,-2.85637,-0.9154,-5.25745,-5.25094,0.493,0.490712,-0.010253,3.10053,34.1271
2.44671e+07,-0.511635,0.978308,10.2864,5.42623,4.07542,0.905919,3.99397,-2.83472,-0.454268,-2.10677,-0.481139,-6.14294,-6.09408,0.496,0.493377,-0.00468984,3.09857,34.0947
2.4487e+07,-0.81955,0.556836,9.64493,3.29238,-3.83298,0.341323,-3.82913,-4.84884,-6.63747,-2.87735,-6.56831,-5.89867,-5.95842,0.496,0.495157,-0.00368829,3.09852,34.0829
2.4507e+07,0.169614,-1.59388,9.01146,-10.0286,-12.7032,-6.47908,-12.5888,1.06182,-5.96572,-0.688757,-5.98078,-5.65439,-5.68051,0.496,0.49429,-0.0156066,3.0988,34.0682
2.45271e+07,-0.520658,-0.924339,10.0103,-5.26857,-9.19176,-3.19414,-9.12145,-2.9648,-1.12602,-1.93608,-1.19482,-6.09714,-6.09421,0.496,0.49505,-0.0174933,3.09941,34.0859
2.4547e+07,-0.267194,-2.19357,9.33615,-13.2169,-3.4971,-6.1266,-3.38215,-1.59588,3.17932,-2.03184,3.07433,-5.24218,-5.21768,0.496,0.494136,-0.022347,3.0994,34.0653
2.45671e+07,-0.564051,0.559244,9.45003,3.38076,9.81588,0.372663,9.60453,-3.40985,5.561,-3.84809,5.48819,-4.34142,-4.33364,0.496,0.494106,-0.0226411,3.09829,34.0653
2.45881e+07,-1.15621,0.467725,10.431,2.55182,4.48763,-0.00984728,4.41128,-6.31878,8.38543,-5.2472,8.30311,-4.98264,-4.96686,0.495,0.493582,-0.0167917,3.0991,34.0653
2.4608e+07,-1.7985,0.340079,11.1198,1.72928,-4.73374,-0.331622,-4.64641,-9.18315,8.37016,-6.15994,8.3052,-4.52462,-4.53252,0.495,0.49239,-0.0096275,3.09935,34.0418
2.4628e+07,-0.258392,0.503851,10.4682,2.75476,-4.67267,-0.473815,-4.70621,-1.41234,6.52283,-2.76637,6.46052,-6.18875,-6.13058,0.495,0.493557,-0.000486616,3.09934,34.03
2.4648e+07,-0.126686,-0.844861,10.276,-4.69975,-4.24519,-4.30075,-4.23074,-0.703951,2.64497,-0.987874,2.60127,-4.96737,-4.97455,0.497,0.494485,0.00107539,3.09959,34.0506
2.46681e+07,-1.14876,-0.560668,9.96158,-3.20022,-5.19175,-2.31128,-5.09626,-6.56794,-3.61457,-4.09174,-3.62401,-6.18875,-6.14685,0.497,0.495755,0.00246396,3.09813,34.0476
2.46881e+07,-0.649952,0.33767,10.6464,1.81327,-0.24519,-0.644617,-0.236461,-3.49177,-6.17946,-2.5398,-6.15482,-4.98264,-4.98512,0.497,0.496139,0.00369857,3.09827,34.0241
2.4708e+07,-0.468156,-0.813551,9.83712,-4.72241,-1.16122,-2.30788,-1.09207,-2.71544,-3.38557,-2.17884,-3.43278,-3.8376,-3.90769,0.498,0.496707,0.00397659,3.09924,33.9829
2.4728e+07,0.0310091,-1.19649,8.91013,-7.64812,-2.4742,-3.3478,-2.44797,0.197627,0.721304,-1.4961,0.642155,-4.98264,-5.00394,0.498,0.497146,-0.00468225,3.09915,33.9976
2.4748e+07,0.41275,-0.0669433,8.83326,-0.433737,0.228093,-0.847607,0.132697,2.67522,6.47703,-1.02885,6.37733,-5.47119,-5.5186,0.498,0.497022,-0.010057,3.09924,34.0124
2.4768e+07,-1.0654,0.222066,9.85829,1.28295,-1.60397,-0.199635,-1.66165,-6.16657,8.84344,-4.93929,8.73697,-4.66203,-4.71756,0.502,0.497762,-0.00637555,3.09932,33.9918
2.47881e+07,-1.44027,0.137772,10.2692,0.761185,-2.6574,-0.707209,-2.6982,-7.98302,7.86634,-6.13576,7.81823,-3.37959,-3.45473,0.502,0.499228,0.00507794,3.09889,33.98
2.4808e+07,-0.779,0.715791,9.86358,4.13779,-2.58107,0.435335,-2.6072,-4.5039,8.4465,-4.94803,8.35491,-6.24981,-6.17673,0.502,0.499678,0.0111253,3.0989,33.9947
2.4828e+07,0.0308685,-0.690722,8.65927,-4.56062,1.54107,-2.75101,1.45169,0.2036,5.49993,-2.48896,5.43134,-3.99027,-4.0063,0.502,0.500311,0.0108053,3.099,33.9976
2.4848e+07,-0.193836,0.197982,9.49187,1.19466,2.62504,-0.977087,2.5214,-1.16963,0.30909,-2.82978,0.304961,-4.87577,-4.87599,0.502,0.500803,0.0069303,3.0996,33.9976
2.4868e+07,-0.821745,-0.134379,9.35655,-0.819671,-0.581067,-1.37139,-0.598165,-5.01865,-1.66038,-3.34227,-1.68974,-4.7689,-4.84444,0.502,0.501069,0.00860362,3.09949,33.98
2.48881e+07,-0.607111,0.843437,9.30332,5.16933,-0.5658,0.950294,-0.642947,-3.71848,-4.59167,-2.81099,-4.56625,-4.43302,-4.46081,0.504,0.501973,0.0123443,3.09889,33.9653
2.4908e+07,0.114069,0.655581,9.15282,4.09656,0.334963,0.721694,0.246181,0.712198,-3.64511,-0.55951,-3.6756,-5.36432,-5.35232,0.504,0.503503,0.00511887,3.09899,33.9624
2.49881e+07,-1.47843,-0.0404507,9.89147,-0.231733,-3.4513,-2.02931,-3.41012,-8.50071,1.7442,-4.42612,1.73456,-4.53989,-4.63599,0.508,0.506658,-0.0196201,3.09752,33.9035
2.5008e+07,-0.356389,0.845846,9.93228,4.86452,1.08305,0.174419,0.98156,-2.04759,6.78237,-2.76341,6.68008,-5.60859,-5.59312,0.508,0.506651,-0.0205071,3.09836,33.9271
2.50881e+07,-0.928907,-1.18204,9.96751,-6.73416,-1.46656,-4.07115,-1.38893,-5.28738,-2.95809,-4.32098,-2.94696,-3.80707,-3.84036,0.509,0.506731,-0.0161959,3.09679,33.9094
2.51091e+07,0.188381,-0.384854,8.13255,-2.70864,1.66321,-1.46714,1.59843,1.32547,-1.95045,-1.33877,-1.9703,-4.53989,-4.5782,0.509,0.507762,-0.0168247,3.09682,33.8947
2.53901e+07,0.200631,-1.50477,9.02582,-9.46288,6.22809,-6.51193,6.19991,1.25606,0.263289,-0.351724,0.209548,-2.61623,-2.61178,0.507,0.504995,-0.0323672,3.09752,33.78
2.541e+07,-0.733207,-0.811143,10.4452,-4.42967,-3.77191,-2.82189,-3.6525,-4.00333,-0.973352,-2.68026,-1.02753,-2.98264,-3.0088,0.507,0.505708,-0.0287639,3.09777,33.7535
2.54901e+07,-0.279403,-1.22298,10.0072,-6.96486,2.13649,-2.55398,3.12405,-1.58748,2.37016,-1.74114,1.82843,-2.9063,-3.53049,0.506,0.504695,-0.0252322,3.09712,33.7624
2.55111e+07,-0.775932,-1.73357,9.10228,-10.745,3.64794,-4.71433,3.68513,-4.78682,2.47703,-2.6837,2.39786,-2.28035,-2.33536,0.509,0.507396,-0.0177379,3.09723,33.7271
2.5531e+07,-0.410871,-0.731665,10.5566,-3.96177,3.17466,-3.01667,3.20341,-2.22354,-1.14129,-2.14167,-1.17328,-4.6773,-4.66784,0.509,0.507879,-0.0152295,3.09724,33.73
2.55511e+07,0.0715743,-1.09534,9.52755,-6.55804,1.11359,-2.91209,1.13591,0.427601,-2.45427,-0.986323,-2.50495,-4.53989,-4.5069,0.508,0.507759,-0.0146691,3.09708,33.7006
2.5571e+07,0.0287625,-1.70466,8.98292,-10.7451,-5.4513,-5.26177,-5.34884,0.180239,-1.30923,-1.28407,-1.38663,-3.59333,-3.58026,0.508,0.506536,-0.0233478,3.0971,33.7712
2.55911e+07,0.374481,0.161856,8.85028,1.04679,1.75481,-1.26496,1.62666,2.4225,-4.3016,0.198999,-4.30765,-3.71546,-3.69347,0.508,0.506111,-0.0344779,3.09518,33.6741
2.56121e+07,-0.320228,-0.389671,9.51953,-2.3427,-0.138319,-1.94728,-0.140852,-1.92504,-4.2558,-1.59166,-4.27022,-3.07424,-3.11739,0.507,0.506769,-0.0357031,3.09538,33.6976
2.5632e+07,-0.848168,0.42919,10.084,2.42856,2.97618,1.06867,2.93749,-4.80353,-4.24053,-3.87634,-4.2493,-2.66203,-2.70798,0.507,0.505778,-0.0368827,3.09548,33.7035
2.5652e+07,0.128615,-0.134379,8.84527,-0.870289,6.60977,-0.903801,6.46382,0.832959,-0.057322,-1.03695,-0.104565,-2.70783,-2.74644,0.507,0.506165,-0.0375707,3.09558,33.7006
2.5672e+07,-0.332069,-0.741299,9.73028,-4.35413,1.92275,-2.58926,1.9065,-1.94895,1.37779,-2.06657,1.3073,-2.93684,-2.93456,0.504,0.50492,-0.0414166,3.09576,33.6888
2.56921e+07,-0.650146,1.03611,9.99694,5.90478,2.60977,0.794868,2.54825,-3.70119,-1.47717,-3.23149,-1.47551,-2.96737,-2.93355,0.504,0.50263,-0.0457167,3.09441,33.6918
2.57121e+07,-0.0170677,-0.0452675,8.72682,-0.2972,3.90748,-1.45986,3.77099,-0.112056,-1.62984,-1.88364,-1.64979,-1.8376,-1.84208,0.504,0.502727,-0.0464249,3.09431,33.6888
2.5732e+07,-0.800475,0.660398,10.2149,3.68777,0.94565,-0.927718,0.865415,-4.47145,-1.75198,-3.59044,-1.75356,-2.64676,-2.62459,0.501,0.501234,-0.048403,3.09473,33.6712
2.5752e+07,-0.609478,0.768776,10.2885,4.26585,2.02962,0.0496353,1.93297,-3.38077,-2.69854,-3.635,-2.68678,-3.59333,-3.53541,0.501,0.499494,-0.0479248,3.09562,33.6447
2.5772e+07,-0.80744,-0.0573096,10.7171,-0.30552,-1.84824,-1.11672,-1.83845,-4.30854,0.20222,-3.81783,0.165534,-4.31088,-4.28752,0.501,0.499334,-0.0393135,3.0958,33.6535
2.5792e+07,-1.38061,0.248559,10.0106,1.40901,1.17466,-1.1082,1.13276,-7.85002,-0.423734,-5.22232,-0.42564,-1.86813,-1.89583,0.5,0.498615,-0.0385126,3.09656,33.6388
2.58121e+07,0.214505,0.12573,9.52464,0.756096,9.12886,-0.62829,8.93435,1.29003,-0.759612,-1.65593,-0.773463,-3.16584,-3.14388,0.5,0.498742,-0.0349202,3.0966,33.6506
2.5832e+07,-0.222405,-0.105478,10.0422,-0.601633,1.37313,-2.0862,1.33031,-1.26865,-1.52297,-2.54258,-1.5329,-2.49409,-2.47,0.5,0.498733,-0.0331982,3.09732,33.63
2.5852e+07,-0.881718,0.860296,10.2723,4.76985,-3.6345,0.45801,-3.62024,-4.88891,-3.06496,-3.4349,-3.0452,-3.53226,-3.54547,0.498,0.498021,-0.0318272,3.0975,33.6447
2.5872e+07,-1.26334,-0.685906,10.8257,-3.60099,-12.2299,-3.22452,-12.0347,-6.64302,-2.05732,-3.12587,-2.09275,-2.87577,-2.85613,0.498,0.496792,-0.037031,3.09741,33.6182
2.5892e+07,-1.25159,-0.0235918,9.87943,-0.135736,-5.17649,-1.50563,-5.14324,-7.2201,-3.24816,-4.15022,-3.24117,-3.50172,-3.50516,0.498,0.496716,-0.036926,3.09809,33.6447
2.59121e+07,-0.670989,-1.29523,9.95524,-7.39628,1.22046,-5.42667,1.17745,-3.8238,0.156419,-3.66334,0.121767,-2.57043,-2.5681,0.498,0.495747,-0.0356306,3.09874,33.6124
2.5932e+07,0.0069727,-0.628104,10.0175,-3.5878,8.38076,-2.50244,8.3226,0.0398028,0.400693,-1.84227,0.353259,-3.05897,-3.03211,0.498,0.496691,-0.0304115,3.09935,33.5888
2.5952e+07,-1.1586,0.47495,10.8963,2.48186,8.12122,-0.755578,8.07543,-6.06371,1.79001,-3.86449,1.74119,-2.6773,-2.69378,0.498,0.496587,-0.0251027,3.09909,33.6124
2.60121e+07,0.0668997,-1.45901,9.28006,-8.93465,-8.10778,-5.16872,-8.08876,0.408025,2.26329,-1.96045,2.18046,-3.85287,-3.79879,0.495,0.492807,-0.0264263,3.09932,33.5918
2.6032e+07,-0.802262,-1.50236,10.3206,-8.2577,-9.93985,-4.14003,-9.7763,-4.3987,0.400693,-3.31962,0.330953,-2.37195,-2.38972,0.496,0.493644,-0.0162918,3.09939,33.5682
2.61121e+07,-0.336753,-1.07125,10.0075,-6.1065,1.87695,-2.08913,1.86871,-1.91633,4.35489,-3.34638,4.26445,-3.53226,-3.57743,0.496,0.494341,0.00299833,3.09912,33.5271
2.6132e+07,-1.0529,-1.81304,9.64371,-10.586,-10.6421,-5.12415,-10.4546,-6.12441,3.71367,-4.2266,3.62825,-3.8376,-3.80422,0.496,0.49403,0.00225889,3.09912,33.5388
2.62121e+07,-0.198208,-1.25188,9.08356,-7.84515,6.56397,-4.08509,6.4945,-1.23833,0.782373,-2.59199,0.698211,-4.28035,-4.30749,0.501,0.496918,0.013492,3.09807,33.4888
2.62331e+07,-0.270265,0.265418,9.62263,1.57935,9.31206,-0.822452,9.16328,-1.6082,1.6526,-2.77214,1.62816,-4.32615,-4.32513,0.501,0.499965,0.0167684,3.09804,33.4888
2.63331e+07,-0.442059,-0.204223,9.89268,-1.18146,2.28916,-2.02475,2.23192,-2.55804,-6.57641,-3.41699,-6.57106,-5.25745,-5.18294,0.502,0.499797,0.00440299,3.09729,33.4506
2.63531e+07,-0.217314,-1.24225,9.9027,-7.14845,2.70138,-4.06028,2.68618,-1.24737,-3.93518,-2.83602,-3.98414,-4.24981,-4.19262,0.502,0.50034,0.00787063,3.0973,33.4741
2.63931e+07,-0.534893,-1.25429,8.99837,-7.92158,-1.51237,-2.57575,-1.49297,-3.36935,7.01138,-2.22122,6.87542,-2.92157,-3.00392,0.502,0.501033,0.000299816,3.0973,33.4359
2.65143e+07,0.372529,-1.40843,9.18965,-8.70646,2.65557,-0.0582906,4.13469,2.29462,-1.85885,-4.57015,-5.77538,-5.28798,-5.38197,0.505,0.50108,-0.0112813,3.09324,33.43
2.65351e+07,-0.0818414,1.04093,10.0155,5.93337,2.13649,3.10639,2.1006,-0.465675,3.95795,-1.19366,3.8695,-4.9521,-4.94724,0.505,0.50371,-0.00130415,3.09278,33.3624
2.6555e+07,-0.370635,0.556836,9.44036,3.37306,1.4342,0.0752175,1.31652,-2.24442,5.6984,-2.75217,5.6506,-4.32615,-4.34539,0.505,0.504022,-0.00125783,3.09301,33.43
2.65751e+07,0.104514,0.667623,9.24782,4.1289,1.98382,0.440763,1.87176,0.645818,5.31672,-1.31485,5.23167,-5.48646,-5.45754,0.505,0.504191,-0.0076399,3.09357,33.4241
2.66151e+07,-0.0289902,-0.105478,9.61233,-0.628689,3.72428,-1.96316,3.61893,-0.17279,-7.01915,-2.34668,-6.98197,-4.09714,-4.08435,0.505,0.503584,-0.0108755,3.09242,33.3594
2.66361e+07,-0.446813,-0.2837,10.3935,-1.56211,-2.26046,-2.25877,-2.21701,-2.46069,-4.54587,-2.77213,-4.56132,-5.08951,-5.04351,0.504,0.503533,-0.00516509,3.09233,33.3476
2.6656e+07,-1.31137,0.294319,10.2314,1.63437,-1.69557,-0.920156,-1.7096,-7.30088,-3.58404,-5.01853,-3.55231,-3.16584,-3.24724,0.504,0.502398,-0.0115398,3.09234,33.3888
2.6676e+07,-0.358757,0.773593,10.0746,4.38815,-0.000914693,-0.130388,-0.0567561,-2.03346,2.75184,-2.93222,2.68673,-4.7689,-4.68004,0.504,0.502555,-0.0134984,3.09234,33.3771
2.6696e+07,-0.979179,-0.722032,10.6331,-3.86835,-3.75664,-2.97408,-3.67634,-5.2494,6.35489,-3.74032,6.22966,-3.95974,-3.89519,0.505,0.502925,-0.0120553,3.09167,33.3476
2.67161e+07,-0.940887,-1.03513,9.84905,-5.97271,-1.95511,-4.08563,-1.88126,-5.42724,2.6755,-4.21557,2.64719,-5.8376,-5.77504,0.505,0.50308,-0.0111371,3.09044,33.3535
2.67361e+07,0.372571,-1.56016,8.81191,-10.0315,0.976184,-4.78716,1.01316,2.38402,2.14115,-0.818928,2.06336,-3.18111,-3.20031,0.505,0.503092,-0.0138949,3.09046,33.3447
2.6756e+07,-1.101,-0.570302,10.5361,-3.08156,-0.733739,-2.80963,-0.68196,-5.957,-2.88175,-3.05988,-2.89511,-4.61623,-4.55512,0.506,0.504158,-0.0138122,3.09064,33.3271
2.6776e+07,-0.747454,-1.10015,9.63272,-6.49616,0.670841,-4.52283,0.66503,-4.40845,-4.56114,-3.7127,-4.56034,-3.51699,-3.52747,0.506,0.50423,-0.0146364,3.09081,33.3447
2.6796e+07,-0.0381927,-1.36026,9.40851,-8.22662,-3.39023,-4.06599,-3.32971,-0.230191,-0.301597,-1.81909,-0.394797,-4.73836,-4.69869,0.506,0.504595,-0.0141725,3.09081,33.3506
2.6816e+07,-1.16996,-1.60351,10.0264,-9.02608,-7.39023,-4.73154,-7.25926,-6.57285,0.629701,-3.64413,0.5775,-2.46355,-2.56899,0.503,0.50326,-0.0195462,3.09148,33.3594
2.68361e+07,-0.351132,-0.883395,8.99881,-5.60242,1.02199,-3.26882,0.953053,-2.22386,2.50756,-3.1458,2.46304,-3.41012,-3.47149,0.503,0.5011,-0.0284814,3.09169,33.3006
2.6856e+07,-0.484951,-0.52695,9.61442,-3.13317,1.73954,-2.10403,1.71225,-2.88323,7.34726,-4.04703,7.20717,-4.09714,-4.03086,0.503,0.500943,-0.0236977,3.09198,33.2624
2.6876e+07,-0.63809,0.614638,9.83718,3.56778,6.91512,-0.636606,6.77341,-3.70409,2.70604,-4.17473,2.66098,-3.34905,-3.39084,0.504,0.501071,-0.0221964,3.09167,33.3124
2.69361e+07,-0.559181,0.219658,9.58481,1.31061,2.16702,-0.565701,2.05135,-3.338,-3.96572,-2.86747,-3.96711,-3.27272,-3.34386,0.502,0.502163,-0.0171612,3.09162,33.2947
2.6956e+07,0.70684,-1.4566,8.59573,-9.586,-0.718472,-4.72892,-0.721331,4.63516,-2.72908,0.630003,-2.78583,-4.64676,-4.57756,0.502,0.500469,-0.0252337,3.09183,33.2859
2.70361e+07,-0.131851,0.554428,9.86989,3.21485,6.38076,-0.278297,6.24444,-0.764158,1.92741,-2.65034,1.86309,-4.44829,-4.39874,0.504,0.502569,-0.0201816,3.09228,33.2506
2.7056e+07,-0.759832,0.479767,9.84657,2.78123,3.35786,-0.173931,3.24132,-4.4074,0.125884,-3.77961,0.136968,-3.99027,-4.05206,0.501,0.501371,-0.0187762,3.09221,33.2624
2.71361e+07,-0.874063,-0.905071,9.67588,-5.32229,-4.68794,-2.86751,-4.56479,-5.13945,-1.18709,-3.79163,-1.21796,-3.80707,-3.78202,0.5,0.498596,-0.0239334,3.09182,33.2182
2.7156e+07,-0.540117,0.356938,10.3804,1.96673,2.02962,-1.18422,1.95744,-2.9768,1.77474,-3.28176,1.71181,-4.9063,-4.84786,0.5,0.498442,-0.0243462,3.09202,33.2124
2.72361e+07,-0.756967,-1.23743,10.8125,-6.51298,-2.59633,-3.5724,-2.51805,-3.97877,-1.56877,-3.19383,-1.60725,-4.43302,-4.43867,0.502,0.499859,-0.0142743,3.09123,33.2006
2.72571e+07,-0.248459,-0.871353,9.44747,-5.26775,-3.81771,-4.58584,-3.81173,-1.50011,-0.897017,-2.02975,-0.93678,-4.8605,-4.84391,0.502,0.500453,-0.016877,3.09112,33.2006
2.7518e+07,-0.0673383,0.407514,9.60131,2.43032,1.48,0.245493,1.41508,-0.401473,3.6526,-1.92328,3.56351,-4.02081,-3.98969,0.499,0.497967,-0.0193582,3.09005,33.1035
2.75381e+07,-1.49068,1.07224,10.3966,5.82909,-3.93985,2.85506,-3.93309,-8.11705,1.22512,-5.90956,1.20125,-3.99027,-4.00667,0.5,0.497436,-0.0175548,3.08873,33.0535
2.75591e+07,-0.232051,0.234108,9.21417,1.45496,-0.0772506,-0.660415,-0.176065,-1.44217,-2.83595,-2.63116,-2.80786,-2.96737,-3.02801,0.5,0.498794,-0.0194666,3.08917,33.0624
2.7579e+07,-0.948529,0.68689,10.0987,3.87412,-0.382594,0.456577,-0.436478,-5.3535,-4.01152,-4.39029,-4.02179,-4.47882,-4.43368,0.5,0.498462,-0.0157424,3.08942,33.0329
2.76391e+07,-0.609521,0.920506,10.17,5.16262,5.29679,0.844611,5.15279,-3.41587,2.03428,-3.724,1.97791,-3.60859,-3.59628,0.499,0.497449,-0.0165632,3.08887,33.0624
2.76591e+07,-1.35686,0.708566,11.177,3.60104,-3.05435,-0.345947,-3.06084,-6.90793,1.85107,-4.68836,1.84156,-3.73073,-3.73115,0.499,0.497115,-0.0129394,3.08939,33.0359
2.7679e+07,-0.683486,0.713383,9.45988,4.30142,-2.88641,0.603781,-2.90613,-4.12084,-0.316864,-3.4051,-0.317698,-3.76126,-3.71838,0.499,0.497948,-0.0133116,3.08962,33.0329
2.76991e+07,-0.616082,-1.24466,9.63712,-7.34432,-6.16885,-3.66457,-6.05028,-3.62778,-4.08786,-3.4561,-4.1073,-2.96737,-2.93514,0.499,0.49759,-0.0189408,3.08951,33.0565
2.7719e+07,-0.99142,0.364163,10.8841,1.9084,0.808246,-0.988054,0.773911,-5.20174,-7.76725,-3.81747,-7.7066,-2.79943,-2.79447,0.5,0.497829,-0.0125904,3.0894,33.0153
2.7739e+07,-0.821792,0.0342101,9.08853,0.21479,1.51054,-0.946435,1.47905,-5.16664,-4.36267,-3.98628,-4.36222,-2.8605,-2.84699,0.5,0.498808,-0.0137527,3.08938,32.9947
2.77601e+07,-0.728485,-0.61847,9.94687,-3.54844,-2.19939,-2.43192,-2.12953,-4.18068,2.11062,-3.80104,2.02516,-4.17348,-4.11042,0.5,0.498554,-0.0180008,3.08886,33.0035
2.778e+07,-0.186709,0.330445,10.3777,1.8235,1.44947,-0.609525,1.39258,-1.0302,6.26329,-2.40437,6.18035,-4.63149,-4.56897,0.5,0.498766,-0.0126102,3.08929,33.0006
2.78e+07,-0.37993,-0.365587,10.2461,-2.04207,-3.48183,-1.25287,-3.41114,-2.12223,5.66787,-2.22503,5.58871,-3.59333,-3.54779,0.5,0.499231,-0.0100462,3.08945,33.0035
2.782e+07,-1.17514,-0.156055,10.0311,-0.88523,-4.16885,-1.93248,-4.09416,-6.68092,-1.3703,-4.29442,-1.37814,-2.9521,-2.98322,0.5,0.498535,-0.016091,3.08951,33.0035
2.784e+07,-0.350982,-1.42288,9.39206,-8.60878,-2.6574,-6.05978,-2.65611,-2.11603,-4.3932,-2.86685,-4.39217,-3.95974,-3.93423,0.501,0.498051,-0.0197281,3.08957,32.98
2.78601e+07,-0.878889,-0.72444,10.6235,-3.88785,-4.36733,-2.60834,-4.27531,-4.71844,-6.10312,-3.77777,-6.09649,-4.02081,-3.99704,0.501,0.499461,-0.0123694,3.08938,32.9624
2.788e+07,-1.19426,-0.0862106,10.2971,-0.476491,-3.64977,-1.2881,-3.61823,-6.61537,-2.77488,-4.95413,-2.79169,-3.30325,-3.33949,0.501,0.499238,-0.0129219,3.08978,32.9771
2.79e+07,-0.685358,-1.1435,10.1573,-6.40884,-3.4513,-3.25813,-3.40867,-3.83599,5.27092,-3.98783,5.18107,-2.18875,-2.20524,0.501,0.499141,-0.00925559,3.08949,32.9506
2.792e+07,-0.616508,0.287094,10.1975,1.6097,-1.6345,-0.259886,-1.60982,-3.45833,8.87398,-3.37197,8.75432,-3.66966,-3.58192,0.501,0.499815,-0.00655662,3.08955,32.98
2.794e+07,-0.940951,-0.803918,10.3409,-4.42711,-3.52763,-3.97439,-3.50058,-5.18366,6.69077,-3.68821,6.61209,-3.66966,-3.67487,0.501,0.499434,-0.00779366,3.09012,32.9241
2.79601e+07,-0.840711,-0.625695,9.77364,-3.64956,-0.993281,-2.35351,-0.96566,-4.90639,-2.45427,-3.87949,-2.43204,-4.21928,-4.20174,0.502,0.500031,-0.00825449,3.09032,32.9565
2.798e+07,-0.559343,0.802494,9.77806,4.68418,3.05252,0.759788,2.98211,-3.26303,-6.439,-2.92514,-6.4314,-4.50936,-4.47845,0.502,0.500867,-0.00766086,3.09051,32.8976
2.80601e+07,-1.72461,0.790452,11.13,4.01458,-3.28336,-0.117472,-3.27985,-8.78623,3.66787,-5.03005,3.64069,-3.33378,-3.36005,0.502,0.500261,-0.00883198,3.09108,32.8682
2.808e+07,-0.56159,0.296727,9.01512,1.88153,0.716642,-0.383367,0.675602,-3.56267,0.996113,-3.5666,0.986708,-3.80707,-3.79816,0.501,0.500405,-0.0138891,3.09157,32.93
2.81601e+07,-0.513999,0.891605,9.88738,5.14586,-4.12305,0.544141,-4.14503,-2.96386,-0.3932,-3.37169,-0.411448,-4.09714,-4.04219,0.502,0.500481,-0.0144569,3.09148,32.88
2.81811e+07,-0.853025,0.723016,9.53839,4.3176,-2.85588,2.88329,-2.84544,-5.09587,-2.01152,-4.44032,-2.02329,-2.89104,-2.90943,0.502,0.500319,-0.0188065,3.09153,32.8594
2.82611e+07,0.370069,-1.14832,8.77695,-7.44734,4.30443,1.18783,2.3639,2.39399,-2.98862,-4.61806,-5.98045,-3.82233,-3.21116,0.501,0.499312,-0.0201893,3.09134,32.8476
2.8282e+07,0.116528,0.397881,9.11917,2.4981,5.67847,-0.486813,5.51539,0.731411,-3.3245,-3.24227,-3.30882,-3.27272,-3.24993,0.501,0.498761,-0.0247105,3.09114,32.8476
2.8523e+07,-1.63855,0.458091,10.7068,2.42175,-5.98565,0.831375,-5.95419,-8.69314,0.507563,-6.79233,0.476138,-3.66966,-3.65971,0.5,0.497273,-0.0250491,3.09005,32.7888
2.85431e+07,-0.103006,-0.13197,9.11851,-0.82912,-1.66504,-0.665488,-1.75445,-0.647138,1.97321,-2.52043,1.91647,-2.96737,-3.0249,0.5,0.498528,-0.0212308,3.08924,32.7535
2.86632e+07,-1.16295,-1.03994,9.82549,-6.00019,-6.30626,-3.1021,-6.24441,-6.71303,-0.377933,-4.70776,-0.415753,-2.15821,-2.20494,0.501,0.499305,-0.0273641,3.08638,32.7859
2.86831e+07,-0.539955,-0.22349,9.4725,-1.34937,-1.83298,-1.6414,-1.90081,-3.26156,1.94268,-3.54911,1.89658,-2.38722,-2.45252,0.499,0.497967,-0.0294513,3.08643,32.7124
2.87231e+07,-0.0363311,0.532752,9.78905,3.11513,6.85405,-0.712878,6.70417,-0.212333,2.27856,-3.57754,2.23922,-3.51699,-3.50077,0.499,0.496376,-0.0274806,3.08683,32.7153
2.8743e+07,-0.836184,0.267826,9.65636,1.58281,6.35023,0.0509732,6.22586,-4.94724,1.92741,-4.47678,1.88946,-3.10478,-3.16777,0.501,0.498307,-0.0203525,3.0877,32.7182
2.87634e+07,0.200547,-1.20131,8.96221,-7.63261,-1.13069,-3.90368,-1.12395,1.27053,2.47703,-1.96783,2.39798,-3.22691,-3.22854,0.501,0.499043,-0.0165807,3.10769,32.7447
2.87841e+07,0.778137,-0.237941,8.97037,-1.51374,-1.51237,-1.65561,-1.56691,4.95599,-0.377933,0.203092,-0.42713,-3.53226,-3.49847,0.501,0.499799,-0.014556,3.10684,32.68
2.8804e+07,-0.752356,-0.644963,9.77353,-3.76441,-1.02382,-2.40688,-1.02946,-4.39237,-4.27106,-3.47672,-4.29706,-2.61623,-2.67141,0.5,0.49911,-0.0172846,3.10654,32.7124
2.8824e+07,-0.487711,0.812128,9.81838,4.72266,3.99909,0.0298166,3.8722,-2.83407,-7.75198,-2.81437,-7.70496,-2.9521,-3.0036,0.5,0.498658,-0.0176426,3.10541,32.6976
2.8844e+07,0.565704,-0.543809,8.73264,-3.55595,3.51054,-2.27478,3.4226,3.69932,-3.44664,-0.465339,-3.49043,-2.9063,-2.89666,0.5,0.498825,-0.0217483,3.10442,32.6918
2.8864e+07,-0.475421,-0.449881,10.2579,-2.50851,1.09832,-1.58538,1.05142,-2.65102,1.22512,-2.95769,1.1467,-3.746,-3.77933,0.499,0.498266,-0.0199063,3.10391,32.6976
2.88841e+07,-0.850717,1.00721,10.2321,5.60265,2.38076,1.10492,2.2497,-4.72999,2.50756,-4.37273,2.48217,-3.21165,-3.2661,0.499,0.497314,-0.0201419,3.10249,32.6712
2.8904e+07,-0.0885315,-0.661821,8.51222,-4.44554,0.762444,-2.5374,0.726581,-0.594092,5.59153,-2.31827,5.48346,-4.21928,-4.20528,0.499,0.497671,-0.0229032,3.10182,32.68
2.8924e+07,-0.100724,0.248559,9.21171,1.54554,1.58687,-0.678786,1.51077,-0.626238,3.20985,-2.43209,3.13901,-5.33378,-5.24137,0.5,0.498495,-0.0203262,3.10143,32.6535
2.8944e+07,-0.716827,0.393064,10.0268,2.2392,1.98382,0.347081,1.87618,-4.08604,-1.35503,-4.21674,-1.3521,-3.37959,-3.42616,0.5,0.498305,-0.0160093,3.1009,32.6712
2.8964e+07,-1.25659,0.785635,10.0113,4.45228,1.03725,2.11781,0.996617,-7.13247,-5.98099,-6.17849,-5.95242,-2.6773,-2.68394,0.5,0.49742,-0.0136294,3.10005,32.6594
2.89841e+07,-0.0435837,0.853071,9.21263,5.29033,6.60977,0.744639,6.44933,-0.269902,-4.01152,-2.60496,-4.01817,-4.35668,-4.32447,0.497,0.49653,-0.0202457,3.09992,32.6476
2.9004e+07,-0.640377,0.253376,9.69415,1.49394,5.99909,-0.0974255,5.88064,-3.77807,-4.69854,-3.51433,-4.67455,-3.21165,-3.2777,0.497,0.495818,-0.0202842,3.09946,32.6388
2.9024e+07,-1.12509,0.173898,9.68495,1.02179,0.182291,-0.713775,0.188667,-6.62521,-3.01915,-4.24482,-3.00217,-3.47119,-3.51093,0.497,0.495651,-0.0234647,3.09928,32.6829
2.9044e+07,-0.267976,0.619455,9.66355,3.66636,2.82351,-0.42885,2.71388,-1.58519,0.248022,-2.37595,0.200842,-4.38722,-4.35417,0.5,0.496844,-0.0245505,3.09885,32.63
2.9064e+07,-0.384652,-0.560668,10.6922,-2.99975,-2.4742,-3.12418,-2.47278,-2.05751,3.6984,-2.13451,3.63815,-5.16584,-5.17238,0.5,0.498514,-0.013652,3.09878,32.6418
2.90841e+07,-1.08909,-0.476374,9.65776,-2.8061,-4.58107,-2.28349,-4.48158,-6.42622,2.43123,-4.03672,2.3872,-4.06661,-4.06174,0.5,0.498694,-0.0172408,3.09838,32.6329
2.9104e+07,-0.406469,0.614638,10.4543,3.36218,2.39603,-0.455321,2.29152,-2.22274,1.39306,-3.61506,1.35003,-4.70783,-4.64837,0.5,0.498232,-0.0188276,3.0985,32.6447
2.91841e+07,-1.06267,-1.00622,10.6849,-5.35355,1.40367,-3.49362,1.43604,-5.65485,-2.28633,-4.27768,-2.29574,-3.59333,-3.62272,0.5,0.497815,-0.0114981,3.09486,32.5918
2.92051e+07,-0.984282,0.453274,9.78974,2.63768,6.89985,-0.119834,6.76927,-5.73524,-6.28633,-4.2412,-6.22686,-3.22691,-3.31091,0.5,0.498592,-0.00838478,3.09347,32.63
2.92851e+07,-0.933735,-0.994183,9.50959,-5.93996,-9.4513,-0.423917,0.216691,-5.57762,3.28619,-2.51495,2.73317,-4.29562,-4.2667,0.502,0.499136,-0.00726794,3.0912,32.5741
2.9306e+07,0.00956943,-1.37953,8.39227,-9.33484,0.197559,-6.82229,0.165427,0.0644673,3.53046,-1.49886,3.45707,-4.46355,-4.41138,0.502,0.499434,-0.017547,3.09152,32.5653
2.9507e+07,-1.91993,-0.92193,9.7836,-5.28304,-6.22992,-4.50459,-6.17864,-11.0549,0.721304,-8.1016,0.690343,-4.06661,-4.08838,0.501,0.497231,-0.0352029,3.08735,32.5535
2.95271e+07,-0.866928,-0.803918,10.3313,-4.43391,-2.39786,-3.67654,-2.35985,-4.78221,-0.820681,-4.82035,-0.844122,-4.84523,-4.83595,0.503,0.499434,-0.0244667,3.08777,32.53
2.9547e+07,-1.8509,-0.151238,10.4496,-0.816484,-6.32153,-2.08871,-6.19067,-10.0434,-0.209994,-5.64673,-0.242937,-3.50172,-3.51731,0.503,0.500516,-0.016959,3.08826,32.5182
2.95671e+07,-0.718743,-1.30246,9.40682,-7.86038,-3.89404,-3.35942,-3.84353,-4.32816,2.99611,-4.44462,2.91674,-3.28798,-3.37863,0.503,0.500519,-0.016015,3.08829,32.5065
2.9667e+07,-0.766951,0.320811,8.96073,2.04296,3.28153,-0.691715,3.19987,-4.88892,-5.84358,-3.77206,-5.82839,-4.49409,-4.53529,0.505,0.503302,-0.0134902,3.08785,32.5153
2.96873e+07,0.3602,-0.00673292,9.40796,-0.0409743,-0.000914693,-1.12471,-0.0821961,2.1926,-3.84358,-1.77693,-3.86174,-5.08951,-5.04085,0.505,0.503353,-0.0175074,3.0874,32.48
2.97081e+07,-1.3472,0.344895,10.7681,1.82035,-8.67267,-0.914991,-8.58044,-7.12766,-0.118391,-4.99089,-0.151536,-4.43302,-4.41729,0.506,0.50364,-0.0107397,3.08816,32.5035
2.98081e+07,-1.05069,-1.18445,10.668,-6.30523,-3.00855,-3.58426,-2.90913,-5.59075,-1.93518,-5.03859,-1.97161,-3.60859,-3.56982,0.506,0.503552,-0.00666783,3.08608,32.4447
2.9828e+07,-0.632745,-1.43251,9.62734,-8.44536,-1.97038,-4.40481,-1.90858,-3.71945,-4.439,-3.58888,-4.44601,-4.03607,-4.05411,0.506,0.503952,-0.00561648,3.08547,32.4388
2.9848e+07,-1.37332,-0.182547,10.5441,-0.983545,-4.67267,-2.11263,-4.57786,-7.41968,-2.63747,-4.41793,-2.67203,-4.99791,-4.97174,0.506,0.504249,-0.00857358,3.0848,32.4594
2.9868e+07,-0.718854,-0.902663,9.51193,-5.4057,-1.40549,-3.0224,-1.38231,-4.3026,-0.0267875,-2.90454,-0.0922535,-4.57043,-4.6111,0.506,0.504681,-0.0150858,3.08518,32.4565
2.9888e+07,0.236412,-1.3723,9.25393,-8.43244,-1.57343,-4.58954,-1.52208,1.44761,3.20985,-1.28368,3.11722,-4.99791,-4.97563,0.505,0.503888,-0.0246249,3.0858,32.4329
2.99081e+07,-0.334698,0.12573,9.35654,0.769382,6.25863,-1.13025,6.14707,-2.0485,2.66024,-2.80825,2.58177,-5.02844,-5.05639,0.505,0.503731,-0.0273296,3.08621,32.4094
2.9928e+07,-0.35826,-1.01345,8.67808,-6.65537,4.21283,-3.69967,4.13944,-2.34808,0.599167,-3.29451,0.584168,-4.64676,-4.67823,0.505,0.502936,-0.0315305,3.0861,32.4447
2.9948e+07,-0.87654,-0.584752,9.8972,-3.3681,0.869314,-2.26338,0.856322,-5.0524,1.36253,-4.49381,1.29564,-3.85287,-3.88713,0.509,0.505421,-0.0208727,3.08549,32.4006
2.9968e+07,-1.59095,1.01443,10.3254,5.54609,-0.0161819,0.349037,-0.0878196,-8.71802,-1.62984,-6.08543,-1.61093,-4.08188,-4.1519,0.509,0.506092,-0.0160664,3.08508,32.4359
2.9988e+07,-0.210705,0.754326,9.80142,4.39984,-0.657403,-0.0241976,-0.741076,-1.22789,1.20985,-3.56687,1.18767,-6.63149,-6.51426,0.509,0.506669,-0.0186222,3.08536,32.4035
3.00081e+07,-1.3804,-0.478782,10.9258,-2.48939,-4.87114,-2.59579,-4.77727,-7.19394,3.14878,-5.41127,3.08027,-6.34142,-6.33177,0.507,0.505266,-0.0178281,3.08613,32.4271
3.0028e+07,-0.745093,-1.00382,9.76346,-5.85326,-0.703205,-4.2403,-0.680077,-4.34124,2.37016,-4.49338,2.34344,-4.96737,-4.9588,0.507,0.504497,-0.0183218,3.08645,32.3976
3.0048e+07,-1.56694,0.547202,10.6024,2.92279,3.48,-0.847491,3.43872,-8.39595,1.89688,-5.50773,1.86439,-5.71546,-5.75476,0.507,0.504526,-0.0163702,3.08599,32.4006
3.0068e+07,-1.00292,-1.23021,9.72058,-7.17515,-1.35969,-3.86752,-1.30433,-5.84433,1.19459,-4.62161,1.16296,-3.95974,-4.07004,0.507,0.504697,-0.0168137,3.08631,32.3976
3.0088e+07,-1.09374,-0.933972,10.4144,-5.09674,-7.52763,-3.3439,-7.38078,-5.97152,-0.3932,-4.02196,-0.450474,-4.79943,-4.7686,0.507,0.505338,-0.0167188,3.08653,32.4271
3.01081e+07,-0.805079,0.0390269,9.24997,0.240827,0.319696,-1.06172,0.257146,-4.97421,-4.36267,-3.91474,-4.36584,-4.7231,-4.77497,0.507,0.50534,-0.0228994,3.08665,32.3682
3.0128e+07,0.611106,-0.66423,8.86299,-4.27586,0.594505,-2.93585,0.535462,3.93332,-3.08022,-0.557464,-3.11936,-5.7002,-5.6727,0.508,0.505886,-0.0268316,3.08703,32.3888
3.02081e+07,-1.6813,-0.387262,10.912,-2.00886,-0.94748,-3.95987,-0.928678,-8.7537,3.561,-5.48747,3.55731,-4.28035,-4.29128,0.509,0.505543,-0.0204135,3.08536,32.3653
3.02291e+07,-0.513628,-0.442656,9.27981,-2.72683,5.3884,-1.67332,5.2776,-3.16444,-2.74434,-3.57081,-2.71769,-4.17348,-4.26438,0.509,0.507169,-0.0165613,3.08495,32.33
3.03091e+07,-0.0788469,-1.1411,9.93835,-6.54967,-3.02382,-0.902166,1.72254,-0.451586,3.88161,-4.21601,-3.8763,-6.17348,-4.52158,0.508,0.506167,-0.0316011,3.08233,32.3447
3.033e+07,-0.876191,-1.83954,9.51768,-10.894,-2.33679,-5.73076,-2.21944,-5.16474,4.37016,-4.16311,4.30605,-5.7918,-5.77809,0.508,0.505334,-0.0353321,3.08242,32.3241
3.04101e+07,-0.788471,0.426782,10.6015,2.29895,-3.52763,-1.14006,-3.5244,-4.25003,-0.851215,-3.86793,-0.880883,-6.35668,-6.27808,0.505,0.503084,-0.0298165,3.08203,32.3065
3.0431e+07,-1.28964,-0.575119,9.57705,-3.40592,-6.39786,-3.37307,-6.30103,-7.65565,-3.04969,-5.14342,-3.03824,-4.60096,-4.63202,0.508,0.504577,-0.0295368,3.08255,32.2976
3.05111e+07,-0.0722063,0.739875,9.9105,4.26943,8.38076,0.129408,8.19251,-0.416282,0.568632,-1.48703,0.524503,-5.12004,-5.14192,0.508,0.506934,-0.0327519,3.08404,32.3124
3.0531e+07,-0.580621,0.0366185,8.66334,0.241636,-1.19175,-0.583767,-1.21104,-3.83422,-1.26343,-3.78571,-1.27079,-5.33378,-5.32372,0.508,0.50656,-0.0372556,3.08446,32.3035
3.0551e+07,-0.480011,-1.1146,9.56599,-6.63771,-6.82534,-5.62939,-6.80059,-2.85336,1.6984,-3.50596,1.63386,-5.27272,-5.28243,0.505,0.503504,-0.0484642,3.08494,32.2829
3.0571e+07,-1.67642,-0.762975,10.6265,-4.05675,-7.35969,-3.85491,-7.21086,-8.94235,0.873976,-6.06894,0.848128,-3.21165,-3.3287,0.505,0.501718,-0.0516754,3.0854,32.2888
3.0591e+07,-0.441941,-0.630512,10.2671,-3.51092,-1.11542,-3.13879,-1.08412,-2.4601,4.95031,-3.89575,4.85014,-6.03607,-5.98945,0.505,0.502184,-0.0406773,3.0855,32.2771
3.06111e+07,0.0523229,-0.560668,9.87032,-3.25106,10.0296,-2.85012,9.86085,0.303235,3.71367,-2.74969,3.65324,-4.52462,-4.54068,0.507,0.503422,-0.0267232,3.08399,32.2565
3.06321e+07,-0.410786,-1.03513,8.59025,-6.86325,6.56397,-3.29341,6.53557,-2.71817,2.6755,-3.24255,2.61316,-5.28798,-5.25864,0.507,0.504884,-0.0216502,3.08331,32.2359
3.07121e+07,-0.544582,-0.758158,10.616,-4.07958,-5.46656,-3.30425,-5.41061,-2.92915,-4.56114,-2.95359,-4.58921,-3.86813,-3.93531,0.507,0.505171,-0.0339693,3.08216,32.2447
3.07331e+07,-0.719341,0.845846,10.3884,4.64378,5.37313,-0.293494,5.23055,-3.94806,1.05718,-3.75583,1.03223,-4.8605,-4.89913,0.507,0.505154,-0.0315328,3.08267,32.1976
3.08341e+07,-0.334653,-0.0356339,10.2205,-0.199654,2.51817,-1.38267,2.40473,-1.87537,-6.4848,-3.28672,-6.44187,-5.59333,-5.62709,0.505,0.502936,-0.0263428,3.08301,32.18
3.0854e+07,-1.20145,0.00771757,9.90555,0.0443152,-2.21466,-2.8277,-2.16413,-6.91566,-8.66801,-3.61115,-8.6069,-5.53226,-5.52738,0.506,0.503632,-0.0294905,3.0839,32.2094
3.09351e+07,-0.308246,-0.543809,9.55488,-3.25574,-1.69557,-2.71261,-1.70524,-1.84477,3.97321,-2.308,3.90521,-5.7002,-5.72145,0.507,0.505543,-0.0381958,3.09494,32.1771
3.0955e+07,-1.59562,0.645947,10.4364,3.50116,-4.96275,-2.31544,-4.89364,-8.67632,0.675503,-4.48891,0.666253,-6.03607,-6.04518,0.507,0.504113,-0.0441163,3.09439,32.1918
3.09751e+07,-0.320483,0.530343,10.181,2.98044,-0.0314491,-1.00997,-0.107029,-1.80055,-2.02679,-3.00018,-2.02034,-7.02844,-7.00221,0.506,0.50425,-0.0417676,3.09404,32.1918
3.0995e+07,-1.68153,0.441232,10.0681,2.47513,-1.48183,-0.622829,-1.47361,-9.47283,-4.439,-5.8086,-4.41747,-5.50172,-5.4982,0.506,0.503695,-0.0404898,3.09362,32.1535
3.10151e+07,-0.00230482,-1.61314,9.42707,-9.71031,2.3197,-4.68596,2.2939,-0.0138075,-0.530604,-2.62284,-0.586841,-5.34905,-5.34159,0.506,0.503421,-0.0394425,3.0928,32.1771
3.10351e+07,-1.16789,-0.478782,9.98547,-2.72655,3.58687,-1.8246,3.58723,-6.66334,1.37779,-5.0186,1.30446,-5.89867,-5.87234,0.508,0.505482,-0.0293985,3.0927,32.1624
3.1055e+07,-1.41648,0.453274,10.2365,2.51152,0.792978,-1.43873,0.75087,-7.87071,1.07245,-4.69146,1.06117,-4.66203,-4.7473,0.508,0.505783,-0.0276901,3.09235,32.1506
3.10751e+07,-0.272767,0.674848,9.98654,3.86449,-0.290991,0.177393,-0.345794,-1.561,2.66024,-2.56141,2.6044,-6.58569,-6.46184,0.508,0.506638,-0.0237893,3.09193,32.1329
3.1095e+07,-0.153211,0.0847868,8.8696,0.547607,1.48,-1.26843,1.38214,-0.989566,-2.51534,-2.07482,-2.48613,-5.04371,-5.06089,0.506,0.505341,-0.0342616,3.09187,32.1065
3.1115e+07,-0.0763714,-1.4566,9.18047,-9.01525,-2.67267,-4.81446,-2.592,-0.470739,-3.40083,-1.69961,-3.4208,-5.94447,-5.89588,0.506,0.504612,-0.0448512,3.09206,32.1271
3.11351e+07,-1.22978,-1.16036,10.115,-6.49676,-2.22992,-4.25485,-2.13962,-6.88726,-4.5306,-3.45736,-4.54848,-3.97501,-4.05747,0.506,0.504083,-0.0494619,3.092,32.1065
3.11553e+07,-0.153123,-0.230715,8.95694,-1.4753,5.49527,-0.513445,5.36208,-0.979078,-4.63747,-2.32626,-4.61124,-4.52462,-4.54411,0.504,0.503297,-0.0502296,3.09075,32.0859
3.12361e+07,-1.28734,-0.26925,10.8121,-1.41652,-1.25282,-2.0966,-1.22342,-6.78782,1.97321,-4.61392,1.96445,-4.84523,-4.91481,0.504,0.501928,-0.0385199,3.09017,32.0771
3.1256e+07,-0.532446,-1.46623,9.11674,-9.12127,1.31206,-6.46683,1.31122,-3.30014,-0.28633,-3.7622,-0.320044,-4.78417,-4.76081,0.504,0.501051,-0.0429723,3.09028,32.0565
3.13361e+07,-1.21115,0.544794,10.1486,3.05118,3.05252,-0.644705,2.98364,-6.79591,-4.83595,-4.88072,-4.77691,-5.65439,-5.67115,0.502,0.500381,-0.0453379,3.08967,32.0329
3.1356e+07,-0.565703,-2.09001,9.58349,-12.282,-4.06198,-8.38286,-4.02052,-3.30078,3.86634,-3.73958,3.78473,-5.15058,-5.11072,0.502,0.497965,-0.0521742,3.08972,32.0329
3.14361e+07,-1.19673,0.200391,9.43338,1.20726,3.61741,-0.890772,3.54512,-7.22837,-7.30923,-5.13812,-7.21823,-4.03607,-4.10655,0.502,0.500028,-0.037485,3.08761,32.0506
3.1456e+07,-0.546863,-1.1435,9.64435,-6.75109,-2.27572,-3.94298,-2.18163,-3.22284,-7.18709,-3.17047,-7.18145,-4.7689,-4.73254,0.504,0.501748,-0.0285799,3.0881,32.0182
3.16571e+07,-0.13613,-1.23021,9.94063,-7.05414,-3.25282,-2.41322,-3.19394,-0.778639,4.90451,-2.07497,4.79896,-5.39485,-5.34961,0.501,0.499781,-0.0274322,3.08706,31.9918
3.16771e+07,-0.670849,-1.79859,9.20655,-11.0256,-3.80244,-5.34409,-3.69439,-4.09052,1.36253,-2.8683,1.30954,-3.18111,-3.25442,0.501,0.499159,-0.0355622,3.0864,31.9888
3.16971e+07,-0.694933,-1.05921,10.44,-5.78053,-3.86351,-3.47618,-3.75058,-3.78886,-2.77488,-3.33513,-2.80938,-5.48646,-5.46879,0.5,0.498632,-0.0390398,3.08535,32.0035
3.17171e+07,-0.93409,0.282277,9.7728,1.64696,1.55634,-0.473171,1.49584,-5.45751,-5.84358,-4.48061,-5.83913,-3.82233,-3.87834,0.5,0.498167,-0.0399364,3.08554,31.9771
3.18381e+07,-0.938325,-1.66131,9.85754,-9.52404,-2.97801,-4.78142,-2.87874,-5.36235,-3.21763,-4.0088,-3.21967,-4.84523,-4.86808,0.5,0.497906,-0.0358793,3.08161,31.9771
3.18581e+07,0.326904,-0.486007,8.51451,-3.26449,6.13649,-3.60653,6.08488,2.19515,-4.24053,0.583535,-4.27415,-5.62386,-5.61605,0.5,0.49797,-0.046958,3.0819,31.9712
3.18781e+07,-0.537883,0.913281,9.72361,5.35757,6.30443,1.42479,6.13452,-3.15237,-3.72144,-3.19351,-3.7167,-5.68493,-5.69938,0.497,0.496329,-0.0496055,3.08226,31.9682
3.1898e+07,-0.0505932,0.299136,9.33283,1.83579,-0.489464,-0.189516,-0.574176,-0.310438,-0.316864,-2.55602,-0.355106,-4.93684,-4.91159,0.497,0.495463,-0.0502942,3.082,31.9418
3.1918e+07,-0.842938,-1.20371,10.2618,-6.66799,-11.0849,-4.40646,-10.9376,-4.66408,4.41596,-4.45118,4.30608,-4.84523,-4.81199,0.497,0.494659,-0.0484052,3.08219,31.9388
3.19381e+07,-1.41603,-1.17722,10.3763,-6.41375,-10.1841,-3.92211,-10.0246,-7.72207,1.6984,-5.5072,1.66348,-4.46355,-4.48176,0.496,0.493394,-0.0454707,3.0811,31.93
3.19581e+07,-0.84298,-1.05439,9.50467,-6.30563,-0.443663,-2.01007,-0.448476,-5.03762,0.858709,-4.74491,0.835945,-3.65439,-3.70442,0.496,0.493786,-0.0359169,3.08166,31.9094
3.1978e+07,-0.234255,-0.428205,9.85416,-2.48748,8.56397,-1.50921,8.41798,-1.36051,0.79764,-3.23694,0.75616,-4.21928,-4.23088,0.496,0.494284,-0.0299368,3.08178,31.9124
3.19981e+07,-0.869162,-1.35785,9.07922,-8.46775,2.82351,-3.66802,2.87772,-5.40852,-1.78251,-4.05577,-1.8127,-5.37959,-5.38991,0.495,0.493396,-0.0361621,3.08256,31.9241
3.2018e+07,-0.370569,0.315995,9.40674,1.92249,3.26626,-0.965347,3.19551,-2.25467,-3.58404,-2.92194,-3.58925,-6.64676,-6.55585,0.495,0.492984,-0.0457731,3.0828,31.8918
3.20381e+07,-0.552303,1.24805,10.5623,6.72979,2.88458,1.1618,2.74898,-2.97264,-4.66801,-2.75108,-4.64107,-5.47119,-5.49651,0.495,0.493596,-0.0375261,3.08252,31.9035
3.20581e+07,-0.332476,0.723016,9.35275,4.41769,-0.0161819,0.674981,-0.0853761,-2.02987,-2.89702,-2.29375,-2.89843,-5.95974,-5.90102,0.495,0.493991,-0.0408499,3.08327,31.9006
3.2078e+07,0.49432,-1.44937,8.82148,-9.31601,-3.20702,-4.06978,-3.15855,3.16493,0.339625,0.339017,0.236793,-5.27272,-5.27517,0.495,0.493866,-0.0486678,3.08364,31.8888
3.20981e+07,-0.546755,-1.53126,9.27097,-9.36272,-5.95511,-4.49022,-5.80911,-3.33009,-1.33976,-1.5751,-1.40557,-5.44065,-5.48864,0.495,0.493653,-0.053308,3.08315,31.8565
3.2118e+07,-0.829203,0.925323,9.32501,5.64479,1.26626,1.18502,1.19473,-5.05681,-1.62984,-2.44511,-1.6517,-6.47882,-6.46409,0.495,0.494088,-0.0560482,3.08387,31.8918
3.2138e+07,-0.368343,0.898831,10.4595,4.9086,3.40367,-0.277521,3.2921,-2.00951,-0.973352,-1.90948,-0.980403,-6.32615,-6.25718,0.495,0.493676,-0.0588591,3.08413,31.8947
3.21581e+07,-0.568356,-1.13628,9.82007,-6.5894,-0.336793,-5.1327,-0.334217,-3.2905,-0.515337,-1.85789,-0.552303,-6.79943,-6.75726,0.495,0.493196,-0.0614518,3.08446,31.8653
3.2178e+07,0.0597161,-1.38675,9.28018,-8.49875,3.96855,-3.86126,3.90697,0.364633,-0.50007,-1.84825,-0.56906,-6.87577,-6.78245,0.491,0.490236,-0.0664634,3.0846,31.8918
3.2198e+07,-1.33518,0.0414354,10.1669,0.231521,2.74718,-0.391419,2.71714,-7.48157,0.996113,-5.43201,0.947895,-5.66966,-5.61847,0.491,0.489092,-0.0634698,3.08508,31.8388
3.2218e+07,-2.22106,0.0269849,10.8657,0.139411,-9.64977,-2.33904,-9.50473,-11.5527,6.46176,-7.38271,6.37939,-2.87577,-2.96995,0.491,0.487425,-0.0568506,3.08469,31.8388
3.22381e+07,-1.11539,-0.336686,11.3152,-1.69612,-13.9856,-1.42117,-13.8584,-5.62725,10.8892,-7.48134,10.783,-4.20401,-4.14129,0.49,0.485268,-0.0466843,3.08499,31.8535
3.22581e+07,-0.831114,-0.791876,10.3289,-4.36998,-10.8711,-3.27905,-10.8037,-4.58697,13.0419,-5.01733,12.9254,-4.09714,-4.04388,0.49,0.486136,-0.0303025,3.08536,31.8741
3.2278e+07,-1.30137,-1.3145,9.93676,-7.47264,-2.53527,-2.93447,-2.50871,-7.39758,6.98085,-6.49163,6.90738,-3.59333,-3.60316,0.49,0.486249,-0.01869,3.08613,31.8741
3.23581e+07,-0.0598005,-0.938789,9.55166,-5.6132,-7.81771,-2.24457,-7.74593,-0.356989,-2.77488,-2.38434,-2.83748,-5.28798,-5.2246,0.492,0.489966,-0.00535519,3.08517,31.8947
3.2378e+07,-0.865108,1.23842,10.6599,6.60515,-9.43603,0.869917,-9.42663,-4.60884,6.18695,-4.55212,6.09429,-5.27272,-5.20922,0.492,0.489965,-0.0016761,3.08545,31.8476
3.24581e+07,-0.258301,0.173898,8.73688,1.13976,5.35786,-0.364215,5.23218,-1.69309,-3.47717,-4.44626,-3.44706,-3.39485,-3.35192,0.496,0.493367,0.0174707,3.08368,31.8359
3.2478e+07,-0.532964,0.397881,9.54946,2.38216,2.10596,-0.118669,2.08074,-3.19165,-7.09549,-3.98847,-7.06198,-3.65439,-3.60809,0.499,0.496769,0.0260949,3.0842,31.8271
3.26591e+07,-1.37816,0.0318017,9.63983,0.187115,-4.41313,-0.303836,-4.41806,-8.13612,-1.20236,-6.26511,-1.17932,-2.70783,-2.78652,0.507,0.503686,-0.0125805,3.08217,31.7771
3.2679e+07,-1.02481,0.236517,9.23861,1.45757,-1.90931,-0.100843,-1.91147,-6.32774,1.91214,-5.29933,1.88074,-3.94447,-3.93351,0.507,0.504618,-0.0141034,3.08252,31.7712
3.2699e+07,0.185802,0.303952,9.10709,1.91116,4.06015,0.559886,3.89963,1.16813,3.4694,-2.29841,3.4111,-3.746,-3.75932,0.507,0.505463,-0.0163311,3.08208,31.7682
3.27191e+07,-0.661434,-1.30728,8.68737,-8.53333,-2.44366,-3.52935,-2.39209,-4.30566,4.46176,-3.34367,4.36561,-3.48646,-3.50514,0.508,0.506032,-0.0214623,3.08218,31.7771
3.2739e+07,-0.360984,0.197982,8.756,1.2942,3.96855,-0.149121,3.83785,-2.3602,-0.377933,-3.06639,-0.409925,-3.7002,-3.66636,0.508,0.50658,-0.0296152,3.08201,31.7594
3.27593e+07,-0.535197,-0.160871,9.80261,-0.938803,2.77771,-0.189581,2.71067,-3.12468,-3.62984,-4.16834,-3.63283,-2.9521,-3.01307,0.508,0.506246,-0.0304682,3.07992,31.73
3.27801e+07,-1.3306,0.754326,10.0161,4.26953,0.899849,0.991003,0.858871,-7.54612,-5.5535,-5.51333,-5.50712,-3.53226,-3.53134,0.51,0.50733,-0.026916,3.07978,31.7359
3.28801e+07,0.350656,-0.0332255,8.5912,-0.221399,6.73191,-0.581923,6.58832,2.33726,-1.61457,-0.941918,-1.64715,-3.65439,-3.66796,0.508,0.506954,-0.0419546,3.08023,31.7065
3.29e+07,-1.19647,-0.743708,10.0444,-4.20494,1.73954,-2.25539,1.75143,-6.77455,-5.72144,-4.17376,-5.72791,-3.47119,-3.49692,0.51,0.508083,-0.040379,3.08084,31.7447
3.29801e+07,-0.812409,0.638722,9.53822,3.81728,0.701375,0.71744,0.58644,-4.85754,2.5839,-4.85442,2.57247,-1.80707,-1.88025,0.509,0.507068,-0.0458544,3.08223,31.7124
3.3e+07,-0.282255,0.448457,9.64667,2.66053,-3.5887,0.879254,-3.63421,-1.67415,5.48466,-4.22217,5.39513,-3.13531,-3.09907,0.509,0.506511,-0.0406203,3.08198,31.6859
3.302e+07,-1.04128,-0.654596,9.79751,-3.80105,-4.87114,-1.48828,-4.87192,-6.05324,2.40069,-5.24149,2.36406,-2.89104,-2.92616,0.506,0.504792,-0.0428933,3.08216,31.7006
3.304e+07,-0.561355,-0.551034,9.03039,-3.48515,2.67084,-1.59542,2.57299,-3.55051,-2.05732,-4.03569,-2.04955,-2.06661,-2.17883,0.506,0.504138,-0.0456719,3.082,31.7006
3.306e+07,-0.0861022,-0.811143,9.36907,-4.94793,3.75481,-2.27608,3.7311,-0.524574,-1.90465,-2.39631,-1.96828,-4.64676,-4.54849,0.506,0.504355,-0.0417474,3.08218,31.6682
3.30801e+07,-0.342088,0.939774,9.4457,5.67809,11.3731,1.55604,11.165,-2.06395,-5.38557,-2.81276,-5.38999,-3.63913,-3.60675,0.507,0.505546,-0.0422635,3.08185,31.7241
3.31e+07,-0.0479657,-0.563076,8.64292,-3.72743,5.73954,-2.2389,5.63493,-0.317299,-5.98099,-2.09944,-5.95816,-3.05897,-3.09454,0.507,0.505432,-0.0452629,3.08229,31.7006
3.312e+07,0.314949,-0.430614,9.00608,-2.73577,2.59451,-1.1988,2.54824,2.00058,-0.835948,-1.04249,-0.921237,-4.34142,-4.30965,0.507,0.505871,-0.0448747,3.08255,31.6976
3.314e+07,-0.576239,1.45277,9.92157,8.31652,1.28153,2.04465,1.16487,-3.28898,-0.240528,-3.11595,-0.27218,-4.37195,-4.36687,0.509,0.506558,-0.0435818,3.08287,31.6624
3.316e+07,-0.451808,0.506259,8.99162,3.21849,-1.40549,0.334431,-1.48661,-2.87202,-0.469536,-3.0311,-0.458969,-3.15058,-3.19201,0.509,0.507667,-0.0440819,3.0831,31.6976
3.31801e+07,-0.757128,-0.657005,9.82812,-3.81324,-7.14595,-3.42234,-7.11111,-4.39542,1.6068,-4.08382,1.56026,-2.63149,-2.60664,0.509,0.50713,-0.0442736,3.0828,31.6535
3.32001e+07,-0.721756,0.944591,10.023,5.36998,3.63267,0.756831,3.51237,-4.10066,0.278556,-3.01273,0.254288,-3.37959,-3.39401,0.505,0.505217,-0.0509257,3.08303,31.6418
3.322e+07,-0.812203,-0.100661,8.99096,-0.638844,3.89222,-1.75725,3.83432,-5.16151,-4.24053,-4.38638,-4.20198,-4.06661,-4.10046,0.505,0.503364,-0.0605799,3.08333,31.6624
3.324e+07,-0.838426,-0.257208,9.69113,-1.51465,1.46473,-1.28547,1.48468,-4.94289,-3.43137,-4.2027,-3.42711,-4.55516,-4.50632,0.505,0.503326,-0.0584875,3.08286,31.6447
3.326e+07,-0.738485,0.997576,10.2914,5.52246,5.51054,0.760431,5.38212,-4.0853,-1.3703,-3.799,-1.38755,-3.57806,-3.53076,0.503,0.502041,-0.059465,3.08308,31.6829
3.32801e+07,-1.0604,-0.616062,10.6001,-3.30973,-1.93985,-2.75514,-1.93442,-5.70311,2.27856,-4.76781,2.23533,-3.66966,-3.68188,0.503,0.500994,-0.0577567,3.08346,31.6418
3.33e+07,-0.749846,-1.08329,9.75621,-6.31748,-6.52,-2.9195,-6.37852,-4.36828,4.23275,-4.06629,4.1503,-3.91394,-3.92355,0.503,0.501046,-0.054728,3.0834,31.6506
3.33801e+07,-0.25604,0.631497,9.4024,3.84099,5.37313,1.88801,5.29907,-1.55635,-3.04969,-2.6394,-3.07299,-3.68493,-3.66726,0.499,0.498181,-0.0577616,3.08358,31.6271
3.34801e+07,-1.00069,-0.661821,9.85444,-3.8226,3.89222,-2.72166,3.83959,-5.78538,1.19459,-4.98173,1.16555,-3.37959,-3.38536,0.5,0.497958,-0.0447709,3.08282,31.5741
3.35001e+07,0.324741,-1.29523,9.46291,-7.78939,1.48,-3.83774,1.49328,1.94732,2.46176,-1.53929,2.36909,-4.93684,-4.84961,0.499,0.497536,-0.0443322,3.08355,31.58
3.36811e+07,-0.131961,0.951816,9.84204,5.52336,6.71664,0.389313,5.62307,-0.764605,0.660235,-2.43822,0.350321,-2.8605,-3.82299,0.494,0.492526,-0.0407229,3.08261,31.5976
3.37021e+07,-0.919818,0.482175,9.71375,2.8291,3.28153,-0.0546653,3.16346,-5.40273,-0.408467,-3.93701,-0.399289,-2.50936,-2.572,0.494,0.49268,-0.0388481,3.08302,31.5829
3.3722e+07,0.212235,-0.298151,8.80694,-1.93839,0.0448868,-1.57514,-0.0150403,1.37969,3.48466,-1.31015,3.39855,-3.39485,-3.37266,0.494,0.49282,-0.0363501,3.08366,31.5859
3.37421e+07,-0.172328,0.135363,9.47276,0.818552,-0.275724,-1.56615,-0.313011,-1.0421,0.141151,-2.60396,0.100434,-3.97501,-3.87205,0.492,0.491071,-0.0391957,3.08418,31.6035
3.3762e+07,-0.886444,0.684482,10.1438,3.84574,8.38076,0.132853,8.20817,-4.983,-3.91992,-3.53452,-3.89602,-3.01317,-3.08265,0.492,0.490658,-0.0380558,3.08366,31.5712
3.37821e+07,0.0642039,-0.351136,8.7785,-2.29052,7.5258,-2.02834,7.41133,0.418706,-2.07259,-1.66081,-2.10278,-3.31852,-3.29806,0.492,0.490738,-0.0392089,3.08233,31.5271
3.38021e+07,-0.105375,-0.199406,9.64785,-1.18397,1.66321,-1.95073,1.65271,-0.625633,-0.271062,-2.00315,-0.30614,-4.15821,-4.12318,0.488,0.487844,-0.0464218,3.08241,31.5271
3.3822e+07,-1.36885,0.920506,10.9399,4.7726,-0.687938,-0.104571,-0.704644,-7.10718,-0.835948,-4.55523,-0.844056,-3.73073,-3.74371,0.488,0.486273,-0.047371,3.08266,31.5712
3.38421e+07,-1.24174,-1.09774,10.1935,-6.10179,-4.19939,-3.07276,-4.092,-6.90584,1.7442,-3.30049,1.66345,-2.87577,-2.92555,0.488,0.486695,-0.0476265,3.08298,31.5829
3.3902e+07,-0.742848,-0.488416,10.0753,-2.76783,2.91512,-2.15134,2.89754,-4.21184,-1.81305,-3.78902,-1.84053,-2.84523,-2.87973,0.49,0.48822,-0.0336109,3.08349,31.5506
3.3922e+07,-0.124217,-1.13628,9.26649,-6.99022,5.99909,-3.19373,5.91716,-0.762294,-0.194726,-2.68469,-0.256656,-3.62386,-3.59743,0.489,0.487631,-0.0331104,3.08385,31.5506
3.40021e+07,-0.236831,0.250967,9.71754,1.47897,-3.32916,-0.487801,-3.35077,-1.39564,3.33199,-2.81437,3.26731,-4.60096,-4.47885,0.486,0.48493,-0.0257426,3.08417,31.5035
3.4022e+07,-0.471028,0.927732,10.2673,5.15772,1.06779,0.685944,0.942665,-2.61605,-2.31686,-2.57485,-2.29447,-4.15821,-4.14066,0.486,0.484895,-0.0222009,3.08349,31.5653
3.41021e+07,-1.08659,-0.871353,10.6567,-4.65044,-1.80244,-2.72837,-1.73211,-5.80272,2.01901,-3.97569,1.96023,-3.31852,-3.31735,0.487,0.48544,-0.0194047,3.08362,31.5329
3.4122e+07,-0.401175,-1.24947,9.7319,-7.31002,-4.26046,-3.59059,-4.13838,-2.34135,5.71367,-2.82668,5.61295,-4.18875,-4.12233,0.487,0.485743,-0.0181786,3.08389,31.4829
3.41421e+07,-1.5287,0.409923,11.2645,2.06519,-2.96275,-0.912474,-2.93424,-7.72328,3.45413,-4.86087,3.41009,-3.7918,-3.78991,0.487,0.48522,-0.0155809,3.08423,31.4976
3.4162e+07,-1.12483,-0.731665,10.6546,-3.90678,-3.6803,-2.15312,-3.61942,-6.01252,2.03428,-4.32116,1.98267,-2.17348,-2.24397,0.486,0.484614,-0.0113718,3.08489,31.4653
3.4182e+07,-0.250802,-1.03272,9.99328,-5.89822,-4.50473,-3.3324,-4.43149,-1.43004,-0.668009,-2.87161,-0.686316,-3.08951,-3.05767,0.486,0.484596,-0.0131188,3.08502,31.4682
3.42021e+07,0.324791,-1.47587,9.18958,-9.1183,-1.19175,-4.54787,-1.17315,1.9986,-0.668009,-0.5992,-0.740926,-3.80707,-3.79456,0.486,0.484526,-0.0131613,3.0853,31.4918
3.4222e+07,-1.22739,-1.16518,10.1245,-6.51771,-2.39786,-3.45228,-2.2986,-6.86734,-4.37793,-3.06897,-4.40908,-3.07424,-3.10786,0.486,0.484834,-0.0167271,3.0854,31.4947
3.4242e+07,-0.157585,-1.35785,9.78612,-7.89851,-0.290991,-4.16117,-0.239347,-0.913798,-5.38557,-1.401,-5.39158,-3.51699,-3.5121,0.486,0.485001,-0.0170254,3.08575,31.48
3.4262e+07,0.65186,-1.23984,8.60325,-8.17749,5.17466,-3.82188,5.10945,4.28883,-2.3474,0.28275,-2.40629,-4.03607,-3.98687,0.486,0.484624,-0.0219611,3.08575,31.4888
3.42821e+07,-0.570842,-0.782242,9.87287,-4.52264,0.121223,-2.53343,0.157671,-3.2988,1.08772,-2.32744,0.992293,-4.46355,-4.47117,0.487,0.485732,-0.0195872,3.08566,31.4594
3.43021e+07,-0.853151,1.17339,10.0211,6.65462,2.59451,0.206343,2.4845,-4.83331,0.0495481,-3.01782,0.0305466,-3.44065,-3.49761,0.487,0.48549,-0.0201518,3.08406,31.4653
3.4322e+07,0.474841,-0.0958442,8.70495,-0.629883,3.5258,-1.29353,3.40502,3.12211,1.01138,-0.317099,0.971005,-3.18111,-3.21293,0.487,0.485997,-0.0262841,3.08355,31.4976
3.44023e+07,0.192969,0.289502,9.80508,1.69088,1.09832,-1.04704,1.0605,1.12697,-2.69854,-1.40095,-2.70142,-4.8605,-4.7546,0.484,0.483391,-0.0295435,3.08308,31.4506
3.4423e+07,-1.0728,1.06501,10.1327,5.96702,2.88458,0.431143,2.81848,-6.01083,-4.3016,-3.31659,-4.28424,-4.50936,-4.46763,0.484,0.48277,-0.0350836,3.08321,31.43
3.45031e+07,-0.659355,-0.194589,9.66971,-1.15017,-5.13069,-0.931782,-5.10216,-3.90004,1.14878,-3.17062,1.09885,-4.09714,-4.11978,0.482,0.481021,-0.0496339,3.08207,31.4153
3.45241e+07,0.0667986,-1.09534,9.17617,-6.80686,-2.81008,-3.49259,-2.81449,0.414141,-0.118391,-2.1799,-0.164454,-3.8834,-3.86012,0.48,0.4792,-0.0537231,3.08284,31.4182
3.46041e+07,-0.110248,0.152222,9.56532,0.911666,2.62504,-0.425169,2.53928,-0.660269,8.93504,-3.17742,8.81924,-4.06661,-4.03105,0.479,0.476954,-0.0146236,3.08246,31.4535
3.46251e+07,-0.086129,-0.714807,9.16504,-4.45943,0.0906883,-2.57002,0.0392936,-0.536794,-0.927551,-1.98184,-0.946025,-2.02081,-2.0422,0.479,0.477759,-0.0109027,3.08253,31.3976
3.47053e+07,-0.934057,0.166673,10.3709,0.91702,0.655574,-1.08307,0.668815,-5.1458,-2.50007,-2.76629,-4.15861,-3.39485,-4.47959,0.479,0.477242,-0.0223727,3.08057,31.3712
3.47261e+07,-0.0862569,-0.2548,9.40795,-1.55132,-2.30626,-2.29866,-2.26232,-0.525109,6.41596,-1.69641,6.31263,-4.24981,-4.19914,0.479,0.478038,-0.019374,3.0804,31.3682
3.4746e+07,-0.862591,0.776002,11.1506,3.96914,-4.22992,-0.143803,-4.22412,-4.41287,8.76711,-3.32739,8.67083,-3.60859,-3.59795,0.479,0.477829,-0.0157679,3.08075,31.38
3.47661e+07,-1.28236,-0.998999,10.9985,-5.15522,-5.98565,-2.55271,-5.92183,-6.62327,9.13352,-4.60071,9.01943,-2.9521,-2.97699,0.479,0.477581,-0.0117015,3.08108,31.3976
3.4786e+07,-1.1103,-1.46864,10.0171,-8.29086,-7.80244,-3.64505,-7.64483,-6.25854,5.07245,-5.79514,4.99871,-3.36432,-3.36393,0.479,0.476337,-0.00796511,3.08173,31.3506
3.48061e+07,-1.52156,0.496626,11.6398,2.42252,0.105955,-0.270992,0.0664967,-7.4408,-0.71381,-6.67153,-0.722808,-3.15058,-3.14581,0.479,0.475739,0.00191,3.08024,31.3771
3.48261e+07,-1.20139,-0.228307,11.0638,-1.17525,-0.382594,-0.889674,-0.373528,-6.19599,-2.79015,-5.20441,-2.8029,-3.12004,-3.07325,0.477,0.475208,0.0107946,3.0811,31.3329
3.4846e+07,-0.988732,-0.717215,9.63592,-4.2346,-6.22992,-2.58402,-6.11189,-5.84251,-2.88175,-4.55014,-2.88396,-3.22691,-3.24133,0.477,0.475517,0.00920899,3.08048,31.3594
3.49261e+07,-0.959838,-1.57943,9.90517,-9.01827,-0.504732,-4.32312,-0.406104,-5.46621,0.614434,-3.67504,0.556668,-2.87577,-2.91897,0.48,0.478564,0.000838017,3.08123,31.3712
3.4946e+07,-0.117223,-0.52695,10.1246,-2.97917,0.640307,-1.97099,0.636978,-0.66245,2.61443,-1.99948,2.52587,-4.08188,-4.04103,0.48,0.479286,-0.000570002,3.08187,31.3829
3.4966e+07,-0.277176,-0.644963,9.74226,-3.78607,-1.08488,-2.97292,-1.07222,-1.62612,2.46176,-1.98601,2.40941,-4.06661,-4.06017,0.48,0.479007,-0.00507763,3.08206,31.3388
3.50261e+07,-0.145903,-0.433022,10.0986,-2.45505,0.502902,-1.41042,0.418553,-0.826983,3.10298,-3.76105,3.03257,-3.76126,-3.70923,0.481,0.478774,0.00374064,3.08242,31.3182
3.5046e+07,-0.981368,-1.43974,9.58727,-8.49666,-7.46656,-3.7559,-7.32685,-5.78016,3.82054,-4.54559,3.74584,-2.46355,-2.45445,0.481,0.479006,0.00694767,3.08267,31.3447
3.51261e+07,-0.422573,-1.58424,9.00724,-9.96473,-2.35206,-5.23084,-2.25242,-2.6455,-2.14893,-2.45336,-2.1952,-3.54752,-3.5755,0.484,0.481119,-0.00827106,3.08225,31.28
3.5146e+07,0.255478,-1.23984,9.39658,-7.51378,-1.71084,-3.5712,-1.69041,1.54402,0.522831,-0.954036,0.443054,-4.55516,-4.54753,0.484,0.482934,-0.00965667,3.0825,31.3329
3.51661e+07,-0.971773,-1.59629,9.40419,-9.5836,-7.72611,-4.67524,-7.54316,-5.81704,-2.50007,-2.73421,-2.53732,-3.746,-3.76537,0.484,0.482716,-0.0227285,3.08173,31.3271
3.5186e+07,-0.15067,-0.46674,8.70252,-3.06953,2.21283,-2.29293,2.17789,-0.990458,-5.30923,-1.20415,-5.31834,-2.96737,-3.00199,0.484,0.482836,-0.0296617,3.08193,31.3094
3.5206e+07,0.747124,-0.341502,8.89663,-2.19055,8.35023,-1.01683,8.19934,4.79682,-5.38557,1.27735,-5.40264,-3.82233,-3.82133,0.484,0.483408,-0.031742,3.08271,31.3212
3.5227e+07,-0.0913372,0.841029,9.84182,4.88411,6.51817,1.08001,6.36948,-0.529788,-5.43137,-0.693245,-5.41468,-4.61623,-4.60376,0.484,0.483401,-0.0409159,3.11155,31.3065
3.5247e+07,0.770912,-0.018775,6.44693,-0.165678,3.11359,-1.12293,3.01172,6.81892,-1.52297,2.28432,-1.54521,-5.97501,-5.96699,0.486,0.484663,-0.0608367,3.14191,31.3241
3.5267e+07,0.390697,1.95372,6.32458,17.1356,-0.779541,6.26667,-0.862543,3.37782,3.5152,-1.62104,3.45662,-7.12004,-7.10143,0.486,0.48269,-0.111808,3.17074,31.2741
3.5287e+07,0.236485,-1.63482,5.15797,-17.5687,-8.6116,-6.75948,-8.54347,2.50256,13.9274,-3.05527,13.8671,-8.15821,-8.21986,0.486,0.478807,-0.183824,3.19814,31.2859
3.53071e+07,-6.83224,0.934957,8.88386,4.76882,-13.3139,2.70302,-13.2921,-37.4101,17.5457,-32.1916,17.4503,-3.85287,-3.84929,0.48,0.434908,-0.392765,3.22417,31.2947
3.53271e+07,-1.60026,0.166673,13.5245,0.701175,-25.4055,1.12763,-25.3833,-6.74756,47.0266,-11.7867,46.9709,-8.61623,-8.6278,0.48,0.443413,-0.371357,3.24889,31.28
3.53471e+07,-6.50733,0.364163,17.3492,1.1259,-36.978,1.61793,-36.9257,-20.5559,74.7671,-15.2632,74.6832,12.0097,11.6901,0.48,0.465264,-0.143278,3.27238,31.3094
3.5367e+07,-2.05149,8.47088,7.99672,45.7371,-18.8253,19.8227,-19.0826,-9.9877,72.5381,-34.3012,72.2803,-19.4712,-19.1518,0.464,0.329581,-0.71752,3.29486,31.3065
3.53871e+07,-10.1716,-3.48689,5.96885,-16.4708,-60.4589,-21.7046,-60.8599,-55.7996,111.485,-33.7376,111.381,20.6662,20.732,0.464,0.374377,-0.567602,3.31639,31.28
3.5407e+07,-12.1062,-1.87085,18.3642,-4.86163,-53.2528,-17.4155,-53.6995,-33.2582,100.202,-19.552,100.939,-4.43302,-3.94711,0.464,0.408626,-0.433849,3.3365,31.3182
3.54271e+07,-7.64885,0.853071,9.43288,4.01811,-53.0849,-4.85724,-53.2686,-38.9235,103.454,-25.5132,104.161,11.5059,10.8697,0.458,0.41832,-0.420869,3.35578,31.2976
3.54471e+07,-2.6647,-1.78896,11.5968,-8.55014,-50.5505,-8.67502,-50.5073,-12.7945,121.698,-14.8362,121.694,1.3227,1.3683,0.458,0.433936,-0.37937,3.37409,31.2859
3.54681e+07,-2.17977,-2.49944,12.222,-11.383,-34.1689,-8.66043,-34.2864,-9.91133,132.675,-10.3222,132.61,0.528812,0.683097,0.458,0.441037,-0.326834,3.39149,31.2947
3.5488e+07,-1.13154,-2.3718,13.2327,-10.1255,-11.2528,-6.81303,-11.6458,-4.81122,137.866,-6.1227,137.779,-0.829967,-0.651561,0.454,0.444871,-0.248846,3.40802,31.2741
3.55281e+07,1.00069,-1.98886,14.2572,-7.92221,27.8464,-7.28758,27.809,3.97656,131.027,3.25219,131.09,1.84179,1.6692,0.454,0.449023,-0.0501328,3.43779,31.2859
3.55491e+07,2.66749,-2.30436,13.1251,-9.76227,58.0144,-7.70866,57.9651,11.3196,120.279,10.7051,120.343,2.37614,2.16617,0.457,0.447463,0.0461074,3.45184,31.2653
3.56291e+07,7.37838,-1.15073,13.2487,-4.33941,135.816,-3.18344,134.697,29.0226,42.5686,29.2978,50.7344,8.75782,6.27607,0.47,0.415829,0.0174792,3.50096,31.2771
3.56491e+07,8.78939,-0.418572,12.94,-1.53276,142.915,-1.08042,142.934,34.1721,16.7366,33.0275,16.8565,9.67385,9.63242,0.47,0.398215,-0.106898,3.51201,31.2947
3.58501e+07,4.40738,0.730242,9.24895,4.07687,43.8464,4.7318,43.912,25.41,-195.905,25.5612,-195.886,-19.1353,-19.1085,0.603,0.524109,-0.655611,3.5952,31.3624
3.587e+07,4.35,0.999984,10.598,4.98865,25.8769,5.05878,25.9574,22.2269,-207.019,21.8897,-206.997,-20.891,-20.9455,0.603,0.546665,-0.591195,3.6018,31.3653
3.589e+07,3.02242,0.785635,9.25736,4.61235,7.37313,4.76645,7.46049,18.0207,-218.271,17.5287,-218.212,-23.1964,-23.2379,0.603,0.564227,-0.529593,3.60781,31.3594
3.591e+07,1.40359,0.354529,6.43511,3.08111,-5.89404,3.81965,-5.85928,12.2862,-223.202,12.4485,-223.163,-25.0742,-25.0684,0.64,0.609606,-0.422649,3.61369,31.3624
3.593e+07,0.985662,0.542385,7.81045,3.94129,-18.8711,4.12541,-18.8373,7.17548,-222.012,7.13601,-222.045,-27.3185,-27.2655,0.64,0.626656,-0.403737,3.61928,31.3271
3.59501e+07,0.317064,0.552019,10.6245,2.97293,-33.9246,3.12151,-33.8932,1.70705,-220.393,1.42797,-220.421,-28.83,-28.7836,0.64,0.634417,-0.35327,3.62458,31.3859
3.603e+07,-3.32195,0.364163,9.49009,2.07424,-78.3979,1.77229,-78.3787,-19.2792,-187.523,-19.296,-187.564,-28.2345,-28.1887,0.73,0.67833,-0.290154,3.64328,31.3535
3.60501e+07,-4.11467,0.212433,9.2911,1.19764,-87.7108,1.15811,-87.6911,-23.8812,-168.271,-23.9948,-168.342,-26.0055,-26.0056,0.73,0.669506,-0.346808,3.64747,31.3653
3.607e+07,-3.99288,0.176307,7.26809,1.21796,-95.5734,1.07061,-95.5607,-28.776,-150.149,-28.7069,-150.234,-25.3643,-25.3994,0.73,0.646076,-0.482878,3.6512,31.33
3.61501e+07,-7.19736,0.164264,8.46033,0.847254,-116.993,0.492756,-116.98,-40.3831,-61.4466,-40.2293,-61.5618,-17.9292,-17.9644,0.811,0.619988,-0.967147,3.66527,31.4212
3.617e+07,-6.32343,0.226883,7.14672,1.362,-122.077,0.784099,-122.045,-41.4881,-32.7749,-41.4287,-32.8885,-16.2651,-16.2745,0.811,0.605175,-1.11486,3.66828,31.4359
3.619e+07,-5.39694,0.202799,6.1867,1.41502,-126.566,0.974349,-126.554,-41.0845,-8.68328,-41.4192,-8.77133,-13.517,-13.5487,0.811,0.599074,-1.2362,3.67122,31.3888
3.621e+07,-5.7384,0.18594,6.44813,1.23404,-130.963,0.582694,-130.957,-41.6551,15.8511,-41.6046,15.756,-11.0284,-11.0591,0.426,0.380638,-1.99462,3.67427,31.3771
3.623e+07,-5.92463,0.118505,6.80432,0.752525,-135.238,0.396469,-135.219,-41.0423,38.9961,-40.9346,38.903,-9.02844,-9.03053,0.426,0.313301,-2.24269,3.67674,31.3918
3.62501e+07,-5.64284,0.0318017,6.91552,0.204143,-138.413,-0.244251,-138.406,-39.213,63.1641,-39.4593,63.0719,-6.9063,-6.93594,0.426,0.311046,-2.2755,3.67841,31.4565
3.627e+07,-5.20106,-0.0765769,6.89123,-0.508176,-139.818,-0.760121,-139.817,-37.0415,84.0801,-37.4352,83.993,-5.05897,-5.06483,0.389,0.296764,-2.33344,3.68119,31.4153
3.629e+07,-4.58496,-0.221082,6.43698,-1.60241,-139.696,-2.05585,-139.711,-35.4457,102.813,-35.4453,102.744,-4.15821,-4.17687,0.389,0.298146,-2.33221,3.6834,31.4212
3.631e+07,-3.88767,-0.355953,6.12039,-2.81051,-137.772,-3.05266,-137.789,-32.3799,120.034,-32.497,119.972,-3.33378,-3.32973,0.389,0.307913,-2.29717,3.6855,31.3771
3.63301e+07,-3.70612,-0.620878,6.65401,-4.6603,-133.497,-4.79791,-133.521,-29.0113,134.614,-29.3113,134.556,-3.82233,-3.81977,0.366,0.303631,-2.29291,3.68749,31.4212
3.63501e+07,-3.85168,-0.974915,7.98314,-6.27668,-124.413,-6.38747,-124.449,-25.5906,149.317,-25.729,149.26,-4.28035,-4.26525,0.366,0.309054,-2.23335,3.68871,31.4094
3.637e+07,-3.78231,-1.40361,9.21462,-8.02105,-109.619,-8.11122,-109.69,-22.0867,162.782,-22.1518,162.73,-5.80707,-5.79278,0.366,0.317624,-2.13825,3.69055,31.43
3.63901e+07,-3.30703,-1.77933,10.0778,-9.5231,-88.0772,-9.65371,-88.195,-17.9083,176.538,-18.0978,176.493,-7.99027,-7.97312,0.375,0.332299,-1.99616,3.69263,31.4476
3.641e+07,-2.06302,-1.59147,8.39372,-10.4326,-62.1536,-10.7085,-62.2508,-13.5758,186.34,-13.9482,186.308,-9.62386,-9.60075,0.375,0.341594,-1.88145,3.69461,31.4388
3.643e+07,-1.24879,-1.51199,7.09444,-11.8541,-41.0849,-11.793,-41.1668,-9.7681,191.912,-9.80785,191.904,-10.5399,-10.5333,0.375,0.347471,-1.80263,3.69615,31.4388
3.645e+07,-0.818893,-1.80341,8.31871,-12.1748,-17.6345,-12.236,-17.7255,-5.49524,195.485,-5.48036,195.468,-11.3032,-11.2994,0.457,0.41136,-1.5435,3.69677,31.4594
3.6471e+07,-0.164563,-2.02739,9.23186,-12.3841,10.0296,-12.2745,9.92364,-0.997455,197.439,-1.11985,197.431,-11.4101,-11.4148,0.457,0.433577,-1.39587,3.69854,31.4624
3.6491e+07,0.427565,-1.82268,8.78532,-11.7073,37.3273,-11.7929,37.2196,2.72827,196.492,2.77995,196.5,-11.0284,-11.0353,0.457,0.437041,-1.31359,3.70022,31.4682
3.65511e+07,2.32572,-1.18204,8.4998,-7.63983,96.0754,-7.67551,96.0024,15.1636,180.935,15.1802,180.979,-8.06661,-8.08513,0.457,0.430148,-1.23151,3.70337,31.4241
3.6571e+07,3.04439,-0.926747,8.80349,-5.68163,108.335,-5.58036,108.295,18.9789,171.714,18.9984,171.752,-7.60859,-7.61312,0.842,0.7325,-0.293736,3.7049,31.4447
3.66511e+07,4.2403,0.484583,6.81986,3.45316,104.045,3.43864,104.092,31.807,117.149,31.5639,117.222,-12.1582,-12.1293,0.85,0.727073,-0.601422,3.70864,31.4653
3.6672e+07,5.29802,0.833803,7.83568,5.03772,91.9686,5.09905,92.0229,33.9147,99.6526,33.9394,99.7247,-15.5933,-15.5526,0.85,0.704489,-0.752776,3.70948,31.4947
3.68721e+07,4.95923,-0.192181,7.82483,-1.18842,-61.4208,-1.00155,-61.4135,32.358,-99.4772,32.4407,-99.4077,-60.2956,-60.2865,0.146,0.262492,-2.77802,3.71795,31.4947
3.6892e+07,4.44833,-0.531767,7.79861,-3.38964,-61.0391,-3.14091,-61.0468,29.6433,-110.821,29.7797,-110.773,-60.0513,-60.0555,0.146,0.120629,-3.13871,3.71866,31.4476
3.6912e+07,3.85621,-0.777425,7.62541,-5.19846,-56.1994,-5.05989,-56.2248,26.7069,-121.996,26.9243,-121.956,-58.7231,-58.7409,0.146,0.108611,-3.08178,3.71933,31.4947
3.6932e+07,3.60798,-1.15795,8.06662,-7.46543,-47.5124,-7.14476,-47.5545,23.8806,-131.294,24.01,-131.256,-57.059,-57.0784,0.121,0.0935516,-3.02503,3.72014,31.5035
3.6952e+07,3.47911,-1.4277,8.94951,-8.45722,-33.6956,-8.37833,-33.759,21.0015,-139.721,20.9945,-139.686,-54.6773,-54.6946,0.121,0.0910181,-2.91037,3.72083,31.4859
3.69721e+07,2.87504,-1.62037,8.96397,-9.7665,-14.4742,-9.64617,-14.554,17.5166,-146.744,17.5855,-146.722,-51.6391,-51.6655,0.121,0.0933999,-2.77031,3.72156,31.5035
3.6992e+07,2.10376,-1.57702,8.19783,-10.555,5.00672,-10.4662,4.93002,14.1442,-151.752,14.2351,-151.733,-49.1811,-49.2023,0.091,0.0745388,-2.70239,3.72209,31.5065
3.70721e+07,-0.0118749,-1.54571,9.56727,-9.17753,89.6327,-9.08458,89.5565,-0.0702054,-155.706,-0.0386813,-155.714,-43.1964,-43.2026,0.061,0.0448391,-2.25126,3.72404,31.5212
3.7092e+07,-0.554035,-1.11219,8.43355,-7.49669,105.388,-7.52036,105.34,-3.72643,-152.393,-3.65354,-152.409,-42.891,-42.8993,0.061,0.0451793,-2.13243,3.72462,31.5329
3.71721e+07,0.53438,0.470133,2.12682,12.1003,-142.444,16.1823,-142.439,13.7844,-59.5077,14.0248,-59.5718,-30.4483,-30.5756,0.034,0.021451,-1.39177,3.72626,31.5153
3.7192e+07,0.683458,-3.24123,11.8503,-15.2729,-1.98565,-12.7406,-2.86209,3.18413,-68.0268,4.06995,-68.0875,-26.433,-26.6521,0.034,0.0234873,-1.34481,3.72681,31.5094
3.72721e+07,-0.188531,-1.70466,11.5496,-8.39483,-2.04672,-7.68601,-2.31423,-0.925165,6.30909,-1.06287,6.27794,0.528812,0.537029,0.033,0.025694,-0.977186,3.72734,31.5506
3.72931e+07,-0.0218756,0.0703363,8.85285,0.455207,7.92275,-0.532156,8.04443,-0.141574,-0.98862,-0.307063,-0.930541,0.299804,0.256089,0.035,0.0281912,-0.898167,3.72775,31.5476
3.73131e+07,-0.434788,-0.589569,10.2197,-3.29873,-8.45893,-2.4506,-8.48861,-2.43209,-3.23289,-2.11023,-3.279,0.559346,0.553566,0.035,0.0288332,-0.851637,3.72797,31.5359
3.73331e+07,-0.133977,-0.387262,10.0583,-2.2047,5.46473,-2.59929,5.44766,-0.76257,3.79001,-1.11348,3.79938,-0.524624,-0.526161,0.035,0.0292631,-0.787592,3.72835,31.5271
3.73531e+07,-0.258147,-0.377629,9.49812,-2.27594,-2.84061,-1.9936,-2.81835,-1.55562,-3.15656,-1.31795,-3.14099,0.391407,0.382632,0.031,0.0262647,-0.753451,3.72871,31.5329
3.73731e+07,-0.346452,-0.538992,9.92055,-3.10798,2.09069,-3.1734,0.992586,-1.99717,1.36253,-2.26832,0.054078,-0.142944,-0.0461461,0.031,0.0259074,-0.718158,3.72821,31.5359
3.73941e+07,-0.0671126,-0.404121,9.94427,-2.32709,-1.42076,-2.33051,-1.40426,-0.386357,0.90451,-0.599766,0.919745,-0.11241,-0.114663,0.031,0.026209,-0.663492,3.72874,31.5476
3.7414e+07,-0.239034,-0.413755,9.75447,-2.42813,1.51054,-2.60022,1.49671,-1.4025,-1.70618,-1.23409,-1.70667,0.116598,0.11379,0.036,0.0307454,-0.608297,3.72908,31.5329
3.7434e+07,-0.305887,-0.440247,9.79247,-2.5729,-1.17649,-2.30843,-1.16742,-1.78736,0.461762,-1.89896,0.455421,-0.127677,-0.124198,0.036,0.0317736,-0.570882,3.7294,31.5653
3.7454e+07,-0.217537,-0.440247,9.88736,-2.54887,0.73191,-2.63413,0.725191,-1.25914,0.156419,-1.22662,0.167637,0.0860635,0.0786214,0.036,0.0321148,-0.533117,3.72971,31.4829
3.74741e+07,-0.19605,-0.425797,9.73304,-2.50445,-0.24519,-2.52761,-0.240612,-1.15283,-0.469536,-1.17879,-0.476539,-0.0208067,-0.0233943,0.032,0.028981,-0.510275,3.73,31.5476
3.7494e+07,-0.186511,-0.380037,9.83282,-2.21297,0.212826,-2.3613,0.209228,-1.08586,0.186953,-1.16672,0.189381,-0.0818754,-0.0800096,0.032,0.0285862,-0.481238,3.73028,31.5447
3.75742e+07,-0.186505,-0.404121,9.80429,-2.3599,-0.0925179,-2.31658,-0.0891748,-1.08887,0.431228,-1.28088,0.432305,0.0097276,0.00866403,0.036,0.0333705,-0.359533,3.73024,31.5771
3.7594e+07,-0.219912,-0.486007,9.82319,-2.83172,0.151757,-2.71406,0.144961,-1.2809,-0.377933,-1.18239,-0.374932,0.040262,0.0327287,0.031,0.0292976,-0.350165,3.73067,31.5741
3.76741e+07,-0.305834,-0.628104,9.78979,-3.66922,2.28916,-3.11512,2.28469,-1.78568,-1.62984,-1.54401,-1.61262,0.101331,0.110126,0.035,0.0329849,-0.264474,3.73063,31.5418
3.7695e+07,-0.188916,-0.319827,9.95876,-1.8391,0.182291,-2.15392,0.199192,-1.0862,-0.60694,-1.32213,-0.62079,0.0707964,0.0763152,0.035,0.0331952,-0.24326,3.73104,31.5565
3.78951e+07,0.725275,0.944591,8.27667,6.48618,-4.15359,10.1887,-4.15886,4.97584,45.9579,4.73943,46.0171,-171.853,-171.998,0.034,0.0319222,-0.114131,3.73362,31.6065
3.7915e+07,-0.336453,-2.15022,7.00953,-17.0353,7.41893,-11.9344,7.33389,-2.62739,-13.4772,0.840103,-13.2289,-139.792,-139.549,0.034,0.032434,-0.154888,3.7338,31.5682
3.7935e+07,-0.565458,-2.97149,9.67705,-17.0425,33.6632,-19.4908,33.4451,-3.19715,-30.4237,-4.23959,-30.5163,-113.502,-113.961,0.034,0.0308247,-0.159991,3.73397,31.5653
3.7955e+07,-2.21355,-1.23262,10.5645,-6.51471,76.854,-10.5648,76.8581,-11.7564,4.37016,-11.4656,4.29139,-83.6697,-83.7849,0.034,0.0312244,-0.145287,3.7343,31.5947
3.7975e+07,-1.08652,-1.12183,10.8462,-5.87593,17.7243,-5.27145,18.0207,-5.69038,-0.0115204,-8.69541,0.0447984,-47.288,-47.8928,0.034,0.0321997,-0.123283,3.73436,31.5976
3.79951e+07,0.00495913,-1.97441,9.93694,-11.2379,1.02199,-11.6381,1.0228,0.0280458,-2.37793,-0.486796,-2.41026,0.788354,0.417176,0.034,0.032561,-0.104654,3.73442,31.6006
3.8015e+07,-0.090837,-0.958056,9.75821,-5.60706,8.93038,-6.31228,8.90178,-0.530786,16.3549,-0.874566,16.282,16.1929,16.1525,0.033,0.0321764,-0.0942804,3.73465,31.5859
3.80951e+07,0.288684,-0.435431,9.86082,-2.52732,3.48,-3.04895,3.49943,1.67528,-2.56114,1.79347,-2.54447,0.208201,0.211575,0.031,0.0303555,-0.0852455,3.73528,31.5888
3.8115e+07,0.226651,-0.616062,9.96505,-3.53674,-1.03908,-3.31162,-1.04131,1.30046,0.522831,1.15118,0.497984,0.208201,0.197885,0.031,0.0304003,-0.0747799,3.73546,31.6035
3.81951e+07,0.245735,-0.551034,9.78469,-3.22225,-0.642136,-3.19672,-0.639428,1.43636,-0.255795,1.66109,-0.25086,0.696751,0.682611,0.035,0.0342532,-0.0473992,3.73509,31.6006
3.8215e+07,0.00694123,-0.514908,9.89892,-2.97765,-0.535266,-2.9604,-0.519502,0.0401222,-2.46954,0.875322,-2.44803,-0.0971426,-0.080823,0.035,0.0345917,-0.0422913,3.73528,31.5947
3.82951e+07,0.453507,-0.657005,10.0859,-3.72329,1.3884,-3.68914,1.35153,2.56911,14.9503,1.83291,14.9525,1.21583,1.1408,0.034,0.033681,-0.0292914,3.73431,31.6241
3.8315e+07,0.673123,-0.423389,9.34529,-2.58732,1.00672,-2.79751,1.03674,4.11558,-2.31686,3.93913,-2.25155,0.116598,0.157029,0.034,0.0336648,-0.032156,3.73462,31.6388
3.8335e+07,0.119211,-0.66423,9.91758,-3.83139,-0.657403,-3.69571,-0.680734,0.687134,-10.0421,1.48864,-10.0193,0.131865,0.147607,0.034,0.0336643,-0.0319255,3.73475,31.5859
3.8355e+07,0.288668,-0.37522,10.217,-2.1024,2.02962,-2.61776,2.0327,1.61729,-0.774879,1.08983,-0.81098,0.345605,0.377046,0.034,0.0337393,-0.0260243,3.73496,31.6182
3.8375e+07,0.0189012,-0.589569,9.84418,-3.42735,0.457101,-3.23849,0.442617,0.109813,2.91978,0.218242,2.89264,0.0860635,0.0988192,0.034,0.0337823,-0.0227418,3.73516,31.6124
3.83952e+07,-0.501679,-0.478782,9.75696,-2.8056,-0.5658,-2.72834,-0.54582,-2.93988,4.69077,-1.98923,4.71836,-0.234547,-0.212181,0.034,0.0338025,-0.020283,3.73535,31.6065
3.8416e+07,-0.0169452,-0.486007,9.64969,-2.88326,0.563971,-2.76019,0.5493,-0.100486,-4.51534,-0.809695,-4.5066,-3.95974,-3.91118,0.034,0.0337988,-0.022602,3.73553,31.5859
3.84371e+07,0.589586,-0.55826,9.76539,-3.26594,-0.550533,-3.29016,-0.539923,3.44943,-0.576406,3.38785,-0.569284,-5.7918,-5.7886,0.034,0.0337416,-0.0225427,3.7357,31.6094
3.84581e+07,0.214703,-0.587161,9.87726,-3.40118,-0.413128,-3.48144,-0.419115,1.24306,-3.79778,1.64164,-3.79972,-4.18875,-4.20838,0.034,0.0337575,-0.0210106,3.73594,31.6212
3.8478e+07,0.10962,-0.522133,10.255,-2.91455,2.21283,-3.02187,2.20296,0.611648,1.13352,0.557367,1.11244,-3.66966,-3.68332,0.034,0.0338219,-0.0138813,3.73609,31.5976
3.84981e+07,-0.126799,-0.437839,9.86829,-2.54024,3.22046,-2.69132,3.21097,-0.735439,5.02665,-0.306932,5.0198,-5.68493,-5.63948,0.032,0.0321832,-0.0148605,3.73632,31.5976
3.8519e+07,0.240956,-0.536584,9.34786,-3.28419,10.0449,-2.87209,10.0123,1.47413,13.4389,0.444384,13.3856,-11.4712,-11.3857,0.032,0.0318817,-0.0188894,3.73645,31.6388
3.8539e+07,1.2653,-0.389671,10.3705,-2.13605,5.02199,-3.24649,5.06065,6.95138,14.7518,5.73322,14.8259,-7.10478,-7.24886,0.032,0.0316829,-0.0201775,3.73665,31.6094
3.8559e+07,0.331709,-0.591977,9.63735,-3.51292,0.380765,-3.85668,0.372962,1.96759,-1.99625,2.29871,-2.00205,-1.30325,-1.32746,0.032,0.0317801,-0.0106612,3.73677,31.6653
3.8579e+07,0.415208,-0.322235,9.61159,-1.91837,-4.13832,-2.14993,-4.09561,2.47218,-1.29396,2.5178,-1.2419,0.498277,0.492872,0.032,0.0318285,-0.0159581,3.73688,31.6065
3.85991e+07,0.217056,-0.459515,9.87983,-2.66229,-0.367327,-2.90085,-0.390258,1.2572,-1.30923,1.27439,-1.32573,-0.234547,-0.22067,0.032,0.0318318,-0.0160698,3.73698,31.6182
3.86191e+07,-0.148319,-0.331869,9.99669,-1.90119,0.533436,-2.00139,0.5345,-0.849558,3.17932,-0.520477,3.15705,-3.65439,-3.60153,0.032,0.031879,-0.0113922,3.73606,31.6124
3.864e+07,0.933372,-0.331869,9.16003,-2.06425,-3.66504,-2.40682,-3.65446,5.81436,9.36253,4.2018,9.2646,-7.71546,-7.66915,0.032,0.0318631,-0.0117856,3.73629,31.6124
3.86611e+07,0.570498,-0.608836,9.69647,-3.58667,-0.794808,-3.41502,-0.820685,3.36055,3.6526,3.5097,3.62983,-5.9292,-5.94128,0.032,0.0318282,-0.0118721,3.73642,31.6212
3.8682e+07,0.754383,-0.688314,9.98822,-3.93101,0.823513,-3.86084,0.811903,4.30902,-3.93518,4.1429,-3.90335,-0.92157,-0.947481,0.033,0.0326867,-0.00783056,3.73655,31.6124
3.87021e+07,1.68802,-0.642554,9.43429,-3.83558,6.62504,-3.61813,6.58416,10.1213,-18.5153,6.79808,-18.4627,1.46011,1.50634,0.033,0.0326935,-0.0125246,3.73683,31.6329
3.87221e+07,-0.88619,-0.230715,9.98087,-1.31901,4.57924,-2.04321,4.58864,-5.07257,-19.6604,-2.89369,-19.7599,2.00973,2.0384,0.033,0.0328043,-0.0103937,3.73694,31.6418
3.8742e+07,0.288694,-0.471557,9.69694,-2.78284,-0.413128,-2.50004,-0.391224,1.70328,4.96558,0.41365,4.93964,-0.585692,-0.615264,0.034,0.0338026,-0.00543559,3.73721,31.6241
3.8762e+07,0.25049,-0.476374,9.81092,-2.77893,1.14412,-2.89552,1.13945,1.46082,-1.87412,1.55083,-1.86274,0.040262,0.0299975,0.034,0.0338928,-0.00579859,3.73738,31.6153
3.8782e+07,0.314944,-0.411346,9.97954,-2.35916,-2.19939,-2.34428,-2.18498,1.80606,-3.64511,1.64796,-3.62996,0.559346,0.554571,0.034,0.0339321,-0.00199606,3.73745,31.6241
3.88021e+07,-0.0431974,-0.536584,9.63301,-3.1882,-3.98565,-3.14619,-3.99001,-0.256532,-5.5535,0.359292,-5.5654,1.20057,1.21737,0.037,0.0366551,0.0040491,3.7377,31.6241
3.8822e+07,0.252891,-0.524542,9.91294,-3.02799,-0.413128,-3.16011,-0.420438,1.45933,-2.74434,1.11753,-2.74749,0.315071,0.299583,0.037,0.0369425,0.0064144,3.73776,31.6565
3.8862e+07,0.310228,-0.625695,9.99582,-3.58007,3.86168,-3.70746,3.81419,1.77418,4.55337,2.29065,4.58649,-2.28035,-2.27477,0.034,0.0341569,-0.00883645,3.73803,31.63
3.8882e+07,0.195518,-0.288517,10.298,-1.60454,-0.35206,-1.62503,-0.308096,1.08726,4.88924,1.27985,4.89152,-2.87577,-2.89223,0.034,0.0339697,0.000313827,3.73807,31.6388
3.89021e+07,0.274433,-0.707581,9.55887,-4.23178,-0.703205,-3.87915,-0.732968,1.64001,1.6984,1.67346,1.6861,-1.89867,-1.91759,0.034,0.0339452,0.0013856,3.73702,31.6594
3.8922e+07,0.245717,-0.483599,9.77768,-2.83062,-1.29862,-2.82668,-1.28477,1.4378,-1.67564,1.49601,-1.6702,-1.02844,-1.01389,0.033,0.0330387,-0.00155067,3.7372,31.6653
3.8942e+07,0.310202,-0.534176,9.7538,-3.13314,-0.229922,-3.13266,-0.235382,1.81885,0.171686,1.6678,0.167668,-0.891036,-0.891713,0.033,0.0329358,-0.00245373,3.73729,31.6712
3.8962e+07,0.272008,-0.57271,9.77039,-3.35337,1.00672,-3.30027,0.99686,1.59197,-3.2787,1.72365,-3.26683,-0.11241,-0.11016,0.033,0.0329109,-0.00310541,3.73737,31.6447
3.8982e+07,0.016577,-0.818368,10.1358,-4.61604,-0.535266,-3.69928,-0.529732,0.0934019,-3.24816,0.493931,-3.2534,1.46011,1.41243,0.034,0.0338386,0.00294706,3.73761,31.6506
3.90021e+07,0.133476,-0.440247,9.70899,-2.59601,2.39603,-2.97758,2.40791,0.786825,4.06482,0.700423,4.05691,3.97919,3.93592,0.034,0.0339667,0.00555001,3.73776,31.6447
3.9023e+07,0.39853,-0.454698,9.46894,-2.7468,7.09832,-3.21061,7.04305,2.40728,3.43886,1.51087,3.47339,3.56698,3.54821,0.034,0.0339542,0.00161212,3.73799,31.6535
3.90431e+07,0.255209,-0.271658,10.1128,-1.53827,1.40367,-1.67863,1.43569,1.44511,1.91214,1.32901,1.8918,0.696751,0.741318,0.034,0.0339814,0.00447974,3.73812,31.6506
3.9083e+07,0.326965,-0.705173,9.8556,-4.09032,2.62504,-4.05197,2.59576,1.89528,0.644968,1.76864,0.61785,0.0097276,-0.0035259,0.034,0.0339606,0.00721105,3.73828,31.6388
3.91031e+07,0.427203,-0.522133,9.9484,-3.0016,4.01435,-3.1587,4.01372,2.4555,-0.897017,2.27756,-0.851733,3.53645,3.52981,0.033,0.0330653,0.00604543,3.73831,31.6565
3.91231e+07,0.166841,-0.20904,9.71408,-1.23259,3.40367,-1.85509,3.42288,0.983743,-1.29396,1.08165,-1.31718,3.2769,3.30874,0.033,0.033002,0.00398853,3.73851,31.6535
3.9163e+07,0.374673,-0.529359,9.8321,-3.07959,-2.15359,-2.90614,-2.16378,2.17917,5.94268,2.00342,5.94341,0.147132,0.146469,0.032,0.0320653,0.00101205,3.73872,31.6565
3.9183e+07,0.522764,-0.690722,9.80085,-4.0256,3.69374,-3.87357,3.66642,3.04564,-2.19473,3.02316,-2.16069,2.87996,2.83666,0.032,0.0319132,-0.000255185,3.73873,31.6771
3.92031e+07,0.312604,-0.584752,9.8012,-3.41256,3.63267,-3.73485,3.63514,1.82356,-3.18709,2.06405,-3.18266,7.35324,7.32577,0.032,0.0318993,0.000240439,3.73891,31.6624
3.92231e+07,0.0689407,-0.211448,9.84237,-1.23069,3.35786,-1.49285,3.36707,0.401228,-6.5306,0.812368,-6.52938,5.33797,5.38119,0.031,0.0310491,-0.00385439,3.73891,31.6653
3.9243e+07,0.121489,-0.266842,10.139,-1.50747,0.426566,-1.43496,0.449155,0.686264,-0.103123,0.472683,-0.136362,0.727285,0.762317,0.031,0.0309912,0.00134651,3.73883,31.6712
3.9264e+07,0.178774,-0.184956,9.5954,-1.10407,-3.95511,-1.38889,-3.94784,1.06717,1.59153,1.24915,1.61781,-0.585692,-0.575639,0.031,0.030979,-0.00176516,3.73883,31.6359
3.92851e+07,0.422467,-0.66423,9.82235,-3.86514,-1.5429,-3.75142,-1.5648,2.45721,0.782373,2.28192,0.78939,-1.94447,-1.92626,0.031,0.030905,-0.00396765,3.739,31.6565
3.93061e+07,0.078707,-0.984549,10.0144,-5.6147,-1.08488,-5.37316,-1.08815,0.448138,-2.62221,0.987451,-2.63765,6.34561,6.21341,0.031,0.0308673,-0.000496045,3.73917,31.6594
3.93261e+07,0.090454,-0.293334,9.99892,-1.68031,-0.5658,-2.7594,-0.561276,0.518082,-0.316864,1.06022,-0.32538,6.02499,6.04008,0.032,0.0313074,0.00455554,3.73924,31.6535
3.93461e+07,0.164425,-0.105478,9.64777,-0.626292,-0.626869,-0.405988,-0.615138,0.976327,3.36253,0.883872,3.35021,-4.8147,-4.76665,0.032,0.0319599,0.0051049,3.73931,31.6271
3.9366e+07,0.219476,-0.575119,9.72769,-3.38263,-2.68794,-2.56399,-2.71141,1.29023,-2.19473,1.16438,-2.17588,-10.9368,-10.8983,0.032,0.0319938,0.00244974,3.73929,31.6712
3.93861e+07,0.422473,-0.685906,9.83418,-3.98609,0.915116,-3.60825,0.921685,2.45394,-2.33213,2.70319,-2.33538,-7.15058,-7.20481,0.032,0.0319316,0.00308457,3.73944,31.6359
3.9407e+07,0.570528,-0.719623,9.93372,-4.13662,4.39603,-4.18602,4.37198,3.27851,-1.55351,3.00408,-1.53299,-0.692562,-0.734576,0.032,0.0319166,0.0057439,3.73958,31.7006
3.94281e+07,0.374732,-0.743708,9.61808,-4.4182,7.4342,-4.47568,7.4385,2.22455,-11.2329,2.22994,-11.2067,3.61278,3.59331,0.032,0.0319076,0.00356216,3.73972,31.6359
3.9448e+07,-0.13882,-0.144012,9.77618,-0.843876,5.17466,-1.65383,5.17918,-0.813448,-14.9581,-0.105362,-14.9668,4.48301,4.49559,0.033,0.0323316,0.00255852,3.73976,31.6447
3.94691e+07,0.0116178,-0.158463,9.8615,-0.920598,-3.10015,-0.253734,-3.05274,0.0674913,1.75947,-0.136112,1.69478,-1.71546,-1.71234,0.033,0.0329947,0.00750096,3.73989,31.6565
3.949e+07,0.126344,-0.553443,9.90113,-3.19907,-4.41313,-2.87182,-4.42954,0.729947,7.6068,0.644035,7.59729,-0.356685,-0.372418,0.033,0.0330093,0.00600585,3.73984,31.6506
3.951e+07,-0.0670785,-0.52695,10.172,-2.96543,-3.64977,-3.00417,-3.65278,-0.377321,12.7518,0.033254,12.7292,2.23874,2.22141,0.033,0.0330217,0.0127663,3.73988,31.7212
3.95301e+07,0.078624,-0.685906,9.94369,-3.94583,-2.50473,-3.67663,-2.50411,0.45195,15.8663,0.578355,15.8671,4.62041,4.63797,0.033,0.0330405,0.0161959,3.73983,31.6947
3.955e+07,0.00464712,-0.852086,9.93637,-4.90137,-0.474197,-5.00589,-0.471146,0.0266986,19.6984,-0.121406,19.6755,11.3685,11.2799,0.033,0.0330071,0.0184168,3.73979,31.68
3.95701e+07,9.27276,-4.11308,8.54371,-18.0668,-12.5658,-6.60614,-12.6691,44.3602,-15.8894,25.8936,-15.4593,-24.7842,-25.2019,0.031,0.030253,-0.0285145,3.73983,31.7271
3.959e+07,-1.40465,0.848254,10.4793,4.58693,23.1594,-3.29948,23.1999,-7.60988,-9.04969,-14.4564,-9.19542,51.4143,51.1879,0.031,0.0284729,-0.0777452,3.73987,31.6565
3.961e+07,-0.200995,0.183532,9.95957,1.05549,-6.04672,2.20907,-6.06706,-1.15594,7.75947,-1.51678,7.78014,12.2235,12.3998,0.031,0.030308,-0.0515646,3.7399,31.6976
3.963e+07,0.716062,-0.271658,9.63278,-1.61095,3.09832,-1.86423,3.10563,4.24963,-5.20236,3.99385,-5.15487,4.08606,4.0675,0.031,0.030552,-0.050699,3.74002,31.6771
3.965e+07,-0.339505,0.236517,9.85531,1.37396,-2.58107,0.909054,-2.53507,-1.97243,-2.14893,-0.971345,-2.21175,-4.96737,-4.82517,0.031,0.0306266,-0.0487094,3.74014,31.6829
3.967e+07,0.346026,-0.555851,9.73474,-3.26597,-4.55053,-2.81616,-4.5981,2.03244,1.05718,1.80746,1.08555,-8.28035,-8.29283,0.031,0.0306268,-0.0483977,3.74024,31.7153
3.96901e+07,0.0116968,-0.442656,10.3644,-2.44558,-2.32153,-2.15027,-2.33546,0.0646028,-4.91228,-0.0124088,-4.90999,-17.2422,-17.0914,0.029,0.0294683,-0.0433819,3.74035,31.68
3.971e+07,0.362833,-0.888212,9.88614,-5.13047,-1.03908,-4.27022,-1.03081,2.09346,-5.40083,1.67764,-5.38805,-25.4559,-25.4665,0.029,0.0287513,-0.0361058,3.74044,31.6741
3.97301e+07,6.14163,-1.68781,9.60921,-8.41856,0.777711,-7.06049,0.757735,32.1906,-11.8588,19.581,-11.7345,-18.2345,-18.2869,0.029,0.0279043,-0.050403,3.74045,31.6712
3.975e+07,0.212371,-0.787059,10.2877,-4.37396,6.74718,-4.40082,6.77611,1.17916,3.08772,-0.587225,2.93309,0.0249949,-0.160617,0.033,0.0308459,-0.0405638,3.74054,31.6947
3.98301e+07,-0.021666,-0.683497,9.53304,-4.10095,-7.26809,-3.73793,-7.26825,-0.129884,-20.2405,0.316366,-20.2163,-5.89867,-5.86273,0.031,0.0307505,-0.0415441,3.74121,31.7212
3.985e+07,-0.613862,-0.640146,10.056,-3.63569,-5.35969,-3.65023,-5.34192,-3.48623,-13.2482,-2.85389,-13.3206,-8.8147,-8.82015,0.031,0.0306483,-0.038209,3.74126,31.7094
4.00312e+07,0.030829,-0.548626,10.5256,-2.9837,-2.27572,-2.83532,-2.27561,0.167588,7.85108,-0.415137,7.84362,3.33797,3.28355,0.034,0.0338549,-0.00554492,3.74007,31.7153
4.0051e+07,0.0906991,-1.17481,10.5839,-6.33365,9.60214,-4.4828,9.55135,0.487987,15.4847,0.853429,15.3911,-0.875769,-0.879377,0.033,0.0333125,-0.0004983,3.74035,31.7124
4.0071e+07,0.21927,0.166673,8.25449,1.15634,3.58687,0.714626,3.74293,1.52132,1.6068,3.26077,1.74717,7.73492,7.63961,0.033,0.0328783,-0.0217521,3.74053,31.7065
4.0091e+07,0.296032,-1.09774,9.62232,-6.50529,-13.375,-4.31803,-13.391,1.75081,-10.9886,1.45136,-11.0571,0.147132,0.160842,0.033,0.032787,-0.0245147,3.74062,31.6771
4.0111e+07,0.0690257,-0.517317,10.1268,-2.92429,6.89985,-3.74385,6.8693,0.390022,7.95795,-0.237697,7.90015,0.452476,0.448645,0.034,0.0333501,-0.0176425,3.7407,31.68
4.01311e+07,0.0714035,-0.48119,9.57602,-2.87659,-4.29099,-2.17157,-4.2645,0.426679,-4.68328,1.09098,-4.63445,-0.677295,-0.658273,0.034,0.0338038,-0.0172316,3.73968,31.7065
4.0152e+07,-0.119638,-0.428205,9.7947,-2.50308,7.03725,-2.62587,6.99531,-0.699143,5.19459,-0.788097,5.14062,-1.66966,-1.55607,0.034,0.0338279,-0.0153117,3.73981,31.6888
4.02531e+07,0.100042,-0.423389,9.82064,-2.46849,-0.0161819,-2.49423,-0.00807832,0.583103,0.30909,0.51859,0.311777,-0.158211,-0.150771,0.034,0.0337806,-0.0129069,3.75261,31.7329
4.02731e+07,0.188394,-0.433022,9.78968,-2.53222,0.426566,-2.57321,0.421486,1.1014,0.477029,0.860241,0.475118,0.0707964,0.0661908,0.034,0.0338667,-0.0119026,3.75496,31.6682
4.03531e+07,0.107213,-0.452289,9.82058,-2.63675,0.273894,-2.56492,0.27351,0.624821,-0.0115204,0.653784,-0.0132657,-0.0208067,-0.0187176,0.033,0.0333128,-0.00876041,3.76296,31.6771
4.03731e+07,0.0785711,-0.495641,9.88227,-2.87115,-0.0467162,-2.79276,-0.0464208,0.454961,-0.164192,0.560956,-0.165023,0.116598,0.108286,0.033,0.0329447,-0.00810643,3.7648,31.7153
4.04531e+07,0.114367,-0.416163,9.84438,-2.42053,0.0906883,-2.41584,0.0912814,0.665007,-0.148925,0.632458,-0.14893,-0.00553954,-0.0100932,0.033,0.0329328,-0.00464551,3.77065,31.7153
4.04731e+07,0.159733,-0.40653,9.85385,-2.36214,-0.138319,-2.38461,-0.135326,0.927905,0.0648155,0.779721,0.0650813,-0.0666083,-0.0604144,0.032,0.0323411,-0.00485839,3.7721,31.7182
4.04931e+07,0.123917,-0.411346,9.86337,-2.38792,0.151757,-2.49119,0.150294,0.719162,-0.179459,0.75379,-0.177703,-0.0513411,-0.0508493,0.032,0.0319714,-0.00512519,3.77331,31.6976
4.05131e+07,0.0976477,-0.401713,9.83492,-2.33886,-0.0314491,-2.55234,-0.0328593,0.568378,-0.179459,0.59328,-0.175986,-0.00553954,0.00246174,0.032,0.0319344,-0.00451484,3.77455,31.6976
4.05331e+07,0.107212,-0.447473,9.85146,-2.60055,0.121223,-2.56926,0.123262,0.622874,-0.118391,0.66228,-0.119306,0.0860635,0.079844,0.034,0.0331378,-0.000268642,3.7758,31.6859
4.05531e+07,0.11914,-0.40653,9.82777,-2.36854,0.228093,-2.52012,0.0780579,0.693955,-0.103123,0.767742,0.111436,0.0249949,0.081809,0.034,0.0338375,0.00193562,3.777,31.6829
4.05731e+07,0.123921,-0.425797,9.81349,-2.48425,0.060154,-2.40873,0.06073,0.722789,0.0800827,0.686329,0.0759533,-0.00553954,-0.00432712,0.034,0.0339792,0.00324841,3.77813,31.7094
4.05931e+07,0.0928874,-0.457106,9.86095,-2.65394,-0.0467162,-2.57735,-0.0440897,0.539115,-0.0267875,0.622409,-0.0305716,0.116598,0.114992,0.032,0.0327907,0.000911236,3.77904,31.7271
4.06131e+07,0.126312,-0.437839,9.83721,-2.54825,0.182291,-2.62913,0.181664,0.734922,-0.118391,0.681376,-0.114899,-0.0208067,-0.0171873,0.032,0.0320454,-0.00091844,3.77999,31.6918
4.06331e+07,0.0952639,-0.416163,9.8349,-2.42291,0.151757,-2.5365,0.149979,0.554471,0.20222,0.591297,0.197725,0.131865,0.131032,0.032,0.0319678,-0.000956997,3.78089,31.7006
4.0674e+07,0.15735,-0.425797,9.80159,-2.48714,0.0143524,-2.53909,0.0158429,0.918856,-0.0878563,0.88704,-0.0901601,0.0555291,0.0601712,0.033,0.0329444,0.00384644,3.78257,31.6976
4.07543e+07,0.119142,-0.416163,9.86574,-2.41528,0.0448868,-2.45275,0.0452082,0.691276,-0.057322,0.697352,-0.0584425,0.0860635,0.0817225,0.034,0.0340238,0.00928306,3.78528,31.7094
4.0775e+07,0.0857239,-0.457106,9.8657,-2.65268,-0.0314491,-2.60585,-0.0322633,0.497302,-0.0115204,0.571281,-0.0140919,0.0860635,0.0834548,0.033,0.0334283,0.00764263,3.786,31.7153
4.0795e+07,0.100041,-0.42098,9.85388,-2.44619,0.0143524,-2.49584,0.0144086,0.581142,-0.118391,0.606344,-0.116873,0.0097276,0.015462,0.033,0.033057,0.00691216,3.78651,31.73
4.08552e+07,0.15975,-0.46674,9.86088,-2.70957,0.105955,-2.61844,0.102941,0.927093,-0.194726,0.83094,-0.190205,-0.0818754,-0.0773868,0.032,0.0320439,0.00539138,3.78831,31.7153
4.0875e+07,0.128699,-0.435431,9.83959,-2.53364,0.121223,-2.60052,0.124769,0.748637,-0.0420549,0.815968,-0.0385887,0.0707964,0.0725651,0.032,0.0320052,0.00544427,3.78879,31.73
4.10551e+07,0.114373,-0.440247,9.87995,-2.55122,0.167024,-2.57264,0.164476,0.662586,-0.057322,0.649764,-0.0581416,0.040262,0.0403607,0.034,0.0340539,0.0130416,3.79288,31.73
4.10751e+07,0.126318,-0.459515,9.84905,-2.67102,0.13649,-2.68346,0.137586,0.734002,-0.271062,0.734144,-0.271033,0.040262,0.0342857,0.034,0.0340516,0.0130143,3.79314,31.7182
4.1095e+07,0.11677,-0.471557,9.7422,-2.77096,0.121223,-2.6257,0.121511,0.685911,-0.148925,0.77667,-0.148061,-0.0360739,-0.0372151,0.034,0.0340487,0.011673,3.79346,31.7124
4.1115e+07,0.109596,-0.435431,9.87047,-2.52578,-0.107785,-2.53822,-0.10625,0.635537,-0.347398,0.699112,-0.347896,-0.00553954,-0.0141293,0.034,0.0340435,0.0114274,3.79378,31.7359
4.1135e+07,0.104833,-0.478782,9.89177,-2.77092,-0.0314491,-2.66184,-0.0288457,0.606486,-0.103123,0.640266,-0.10108,-0.142944,-0.131428,0.033,0.0334436,0.0101871,3.79407,31.7065
4.11551e+07,0.119154,-0.457106,9.88467,-2.64751,0.380765,-2.58349,0.376054,0.689895,-0.103123,0.688222,-0.104868,0.0707964,0.0669297,0.033,0.0330728,0.00942073,3.79342,31.7359
4.1176e+07,0.0976571,-0.435431,9.82774,-2.53678,0.0296196,-2.55618,0.0316758,0.568764,0.0953498,0.687072,0.0936313,0.192934,0.189246,0.033,0.0330358,0.00960539,3.79382,31.7006
4.1196e+07,0.0833474,-0.498049,9.79916,-2.90949,-0.153587,-2.84644,-0.155596,0.486693,-0.057322,0.647266,-0.0605305,0.192934,0.182037,0.034,0.033624,0.0105218,3.7942,31.7094
4.12771e+07,0.102439,-0.457106,9.80634,-2.66867,-0.138319,-2.61967,-0.135388,0.597851,-0.225261,0.605717,-0.223427,-0.0208067,-0.0151901,0.032,0.0320667,0.00609576,3.79544,31.7506
4.12971e+07,0.116769,-0.469148,9.83242,-2.73157,0.0906883,-2.74438,0.0869096,0.679636,-0.301597,0.663784,-0.300678,0.208201,0.200997,0.032,0.0320106,0.00611302,3.79565,31.7241
4.13771e+07,0.0952746,-0.454698,9.76598,-2.6656,0.167024,-2.63521,0.154046,0.558341,0.0648155,0.596641,0.0630415,-0.00553954,-0.0040207,0.033,0.0333077,0.011161,3.79648,31.7035
4.13971e+07,0.121537,-0.440247,9.95592,-2.53176,-0.153587,-2.52233,-0.149049,0.69872,-0.377933,0.70581,-0.378524,0.040262,0.0366007,0.033,0.033059,0.00963179,3.79681,31.7241
4.14171e+07,0.154974,-0.46674,9.8134,-2.72268,0.0754211,-2.69282,0.0738854,0.903723,-0.164192,0.882615,-0.155647,0.131865,0.123225,0.033,0.0330364,0.0105309,3.79687,31.7359
4.14771e+07,0.114373,-0.440247,9.87046,-2.55367,-0.24519,-2.51629,-0.244239,0.663222,-0.0267875,0.718106,-0.0259012,-0.0513411,-0.048513,0.033,0.033037,0.0102781,3.79711,31.7418
4.14971e+07,0.121551,-0.490824,9.85612,-2.8507,0.151757,-2.73992,0.154122,0.705691,0.0800827,0.834661,0.0779591,0.101331,0.101272,0.034,0.033783,0.0125164,3.79733,31.7535
4.15171e+07,0.104835,-0.486007,9.82291,-2.83235,0.228093,-2.6777,0.225681,0.610717,-0.148925,0.605366,-0.147972,0.131865,0.127182,0.034,0.034026,0.0132533,3.79761,31.7065
4.15371e+07,0.138242,-0.40653,9.823,-2.36963,0.0754211,-2.40737,0.0771107,0.805599,-0.225261,0.698701,-0.222679,-0.0360739,-0.0324458,0.034,0.0340518,0.0125852,3.79788,31.7476
4.15571e+07,0.128696,-0.423389,9.8491,-2.46128,0.0143524,-2.43828,0.0164032,0.747936,-0.0878563,0.735984,-0.0878333,0.0707964,0.0700486,0.033,0.0333056,0.01092,3.79823,31.7653
4.15771e+07,0.133474,-0.433022,9.80635,-2.52815,0.0448868,-2.53694,-0.119555,0.779045,-0.347398,0.652654,-0.210841,0.101331,0.00682696,0.033,0.033081,0.0101515,3.79864,31.7329
4.15971e+07,0.128714,-0.488416,9.86087,-2.83534,-0.0314491,-2.75189,-0.032076,0.746922,-0.194726,0.717415,-0.192715,0.0097276,0.0117468,0.033,0.0330348,0.0101214,3.79869,31.7388
4.16171e+07,0.12869,-0.401713,9.87763,-2.32868,0.13649,-2.46422,0.135056,0.745813,-0.118391,0.627216,-0.119304,-0.0360739,-0.0340771,0.033,0.0330362,0.0104964,3.79857,31.7359
4.16371e+07,0.100029,-0.377629,9.8492,-2.19559,0.13649,-2.31598,0.135067,0.581451,-0.103123,0.613115,-0.103937,-0.11241,-0.112917,0.033,0.0330419,0.0105242,3.79863,31.7359
4.16571e+07,0.11676,-0.437839,9.81348,-2.55444,-0.107785,-2.48682,-0.105956,0.680994,-0.0267875,0.67535,-0.0276418,-0.0513411,-0.0462717,0.033,0.0330405,0.0103576,3.79885,31.7624
4.16771e+07,0.143037,-0.473965,9.83951,-2.75749,-0.138319,-2.68368,-0.062904,0.831884,-0.0267875,0.934271,-0.0866987,0.0860635,0.0224193,0.034,0.0336362,0.0124166,3.79872,31.7771
4.1698e+07,0.154964,-0.430614,9.82533,-2.50918,0.228093,-2.65238,0.2274,0.902721,-0.271062,0.906269,-0.268724,0.101331,0.0991469,0.034,0.0340183,0.0126053,3.79894,31.7653
4.18791e+07,0.154967,-0.440247,9.84193,-2.56092,0.334963,-2.6391,0.332585,0.901178,-0.179459,0.872647,-0.178578,-0.0666083,-0.0566088,0.032,0.0320233,0.00880142,3.79992,31.7565
4.19e+07,0.0928834,-0.442656,9.89184,-2.56214,-0.0314491,-2.57073,-0.0305213,0.537448,-0.103123,0.579901,-0.103989,-0.0208067,-0.0177128,0.032,0.0320283,0.00952191,3.8,31.7947
