timestamp_us,AccX,AccY,AccZ,Roll_Acc,Roll_Gyr,Roll_Kalman,RollRate_Kalman,Pitch_Acc,Pitch_Gyr,Pitch_Kalman,PitchRate_Kalman,YawRate_Gyr,YawRate_Kalman,Alt_ToF,Alt_Kalman,Vz_Kalman,VBat,temp
3.3937e+07,1.13136,0.405106,9.76172,2.3606,-3.21309,2.36254,-3.2211,6.60531,3.59583,6.34991,3.60086,-0.488297,-0.493121,0.043,0.0418373,-0.0513815,4.17119,36.6712
3.3957e+07,1.13854,0.354529,9.76638,2.06501,0.389964,2.02107,0.373195,6.64502,-0.297304,6.53125,-0.277304,-0.0302813,-0.0326921,0.043,0.0422976,-0.0503744,4.17135,36.6241
3.3977e+07,1.05974,0.347304,9.74507,2.02914,5.42813,2.1076,5.4119,6.2024,-5.47288,6.27897,-5.45553,0.656742,0.652341,0.043,0.0423449,-0.0511953,4.17142,36.6594
3.3997e+07,1.0024,0.460499,9.83314,2.66748,6.06935,2.60363,6.07407,5.81435,-6.2057,5.78959,-6.2134,0.71781,0.726723,0.041,0.0408756,-0.0557898,4.17157,36.6182
3.4017e+07,0.90925,0.547202,9.80012,3.18222,0.878514,3.04512,0.902721,5.2925,-0.75532,5.36921,-0.782226,-0.0150142,3.99049e-05,0.041,0.0404186,-0.0566164,4.17171,36.6329
3.4037e+07,0.952229,0.552019,9.89032,3.17992,-4.87721,3.15886,-4.861,5.49093,4.84773,5.4477,4.8297,-0.564632,-0.561532,0.041,0.0403688,-0.0556783,4.17075,36.6388
3.4058e+07,1.06928,0.373796,9.84957,2.16068,-5.65584,2.32207,-5.6597,6.19142,5.61109,6.19224,5.61618,-0.625701,-0.630571,0.041,0.0403473,-0.0552212,4.17093,36.6565
3.4079e+07,1.11704,0.356938,9.7569,2.08154,-1.45736,2.11094,-1.4738,6.52689,1.55002,6.43451,1.5662,-0.182953,-0.185997,0.041,0.0403315,-0.0561418,4.17111,36.6065
3.4099e+07,1.05974,0.349712,9.76406,2.03928,2.87851,2.13841,2.86407,6.19039,-2.63318,6.32718,-2.61936,0.336131,0.331845,0.041,0.0403192,-0.0572586,4.17127,36.68
3.4119e+07,1.05256,0.393064,9.77601,2.28923,5.3518,2.31309,5.34193,6.14032,-5.64082,6.24409,-5.6309,0.702543,0.698988,0.041,0.0403193,-0.0575012,4.17143,36.6182
3.4139e+07,1.02866,0.4894,9.73345,2.86251,5.91668,2.8242,5.92322,6.02523,-6.41944,5.97232,-6.42321,0.809413,0.810777,0.041,0.0403292,-0.0574958,4.17057,36.6359
3.416e+07,0.887757,0.554428,9.86663,3.20328,1.94722,3.20036,1.97107,5.13333,-3.01486,5.26385,-3.03841,0.290329,0.292111,0.041,0.0403532,-0.0563118,4.17076,36.6329
3.418e+07,0.954604,0.600187,9.83104,3.47727,-4.5566,3.33787,-4.51764,5.53585,5.7485,5.35129,5.71551,-0.427228,-0.418135,0.039,0.0388827,-0.0589075,4.17086,36.6359
3.42e+07,0.976141,0.434007,9.81413,2.5197,-8.77034,2.60255,-8.76997,5.67461,9.58056,5.6448,9.56466,-1.19059,-1.19322,0.039,0.0384069,-0.0594714,4.17104,36.6271
3.422e+07,1.0669,0.349712,9.77356,2.03716,-7.64057,2.18898,-7.65541,6.22591,7.82483,6.27435,7.8321,-1.06845,-1.07615,0.039,0.0383298,-0.0598324,4.17121,36.6359
3.42403e+07,1.19348,0.270235,9.85167,1.55985,-2.31233,1.74836,-2.33621,6.90486,2.43552,6.82062,2.45715,-0.213487,-0.232521,0.041,0.0397893,-0.0556931,4.17002,36.6065
3.4261e+07,1.19108,0.308769,9.76151,1.79841,4.61897,1.80757,4.58999,6.95329,-4.77059,6.94165,-4.74353,0.687276,0.669472,0.041,0.0402438,-0.0559356,4.17015,36.6241
3.4281e+07,1.09793,0.405106,9.69764,2.3769,9.71821,2.2653,9.71032,6.45371,-10.4805,6.54055,-10.4707,1.40483,1.39954,0.041,0.0402916,-0.05778,4.1702,36.6182
3.4361e+07,1.09793,0.385839,9.77596,2.24608,-7.90011,2.30668,-7.91351,6.40307,8.48132,6.26909,8.48823,-1.11425,-1.11517,0.041,0.0403636,-0.0532127,4.17084,36.6153
3.4381e+07,1.19108,0.296727,9.71163,1.73705,-2.57187,1.81028,-2.59965,6.9889,2.61873,6.79291,2.64715,-0.411961,-0.4179,0.041,0.0403248,-0.0552881,4.17102,36.6212
3.4401e+07,1.16003,0.340079,9.74497,1.98469,4.29836,1.89907,4.27981,6.78439,-4.61792,6.75468,-4.59229,0.626207,0.619334,0.041,0.0403035,-0.0573489,4.17111,36.6476
3.4421e+07,1.04777,0.453274,9.77136,2.64082,6.83271,2.49441,6.83292,6.11384,-7.1828,6.15528,-7.18387,0.946818,0.946023,0.041,0.040319,-0.0575261,4.17127,36.6271
3.4441e+07,0.96657,0.503851,9.83324,2.9192,3.30599,2.92521,3.33157,5.60661,-3.53395,5.63376,-3.55927,0.427734,0.437763,0.041,0.0403471,-0.056408,4.17135,36.63
3.4461e+07,0.923591,0.496626,9.80241,2.88757,-2.49553,2.94116,-2.47219,5.37571,2.46605,5.47127,2.44236,-0.320358,-0.312255,0.041,0.0403688,-0.0549065,4.1715,36.6359
3.4481e+07,1.03822,0.467725,9.83313,2.70826,-5.71691,2.71184,-5.71088,6.0204,6.05384,5.93338,6.05034,-0.824174,-0.817965,0.042,0.0411127,-0.0516292,4.17165,36.6124
3.4561e+07,1.00957,0.448457,9.84499,2.59454,4.48157,2.50722,4.48601,5.84898,-4.75532,5.91166,-4.75867,0.595673,0.599058,0.04,0.03938,-0.0597341,4.17209,36.6153
3.4661e+07,1.1075,0.342487,9.75214,1.99852,0.374697,2.05308,0.360649,6.47505,-0.26677,6.51029,-0.252389,0.0918561,0.083282,0.04,0.0398443,-0.05783,4.17239,36.6124
3.4681e+07,1.0645,0.393064,9.776,2.28894,2.78691,2.20401,2.77971,6.20944,-2.92326,6.21521,-2.91927,0.381932,0.380409,0.04,0.039373,-0.059549,4.17232,36.6035
3.4761e+07,1.07166,0.397881,9.72614,2.32849,-0.571868,2.3337,-0.579607,6.28249,0.420253,6.2397,0.425689,-0.19822,-0.195415,0.042,0.041351,-0.0527734,4.17171,36.6006
3.4781e+07,1.03824,0.393064,9.84963,2.27268,1.04645,2.35677,1.04138,6.0125,-1.28967,6.05897,-1.28456,0.198726,0.191791,0.041,0.0406044,-0.0556027,4.17185,36.6065
3.4963e+07,1.01196,0.424373,9.8307,2.45884,-0.678738,2.50948,-0.673928,5.87183,0.603459,5.91616,0.599835,-0.0760828,-0.0778576,0.042,0.0410327,-0.0523847,4.1708,36.5888
3.4984e+07,1.06689,0.393064,9.78075,2.28778,-1.71691,2.33533,-1.71449,6.22026,1.61109,6.11838,1.60958,-0.152419,-0.152473,0.042,0.0413383,-0.0513631,4.17098,36.5829
3.5004e+07,1.07167,0.38343,9.7926,2.22898,-1.16729,2.32019,-1.17002,6.24065,1.25995,6.2116,1.26381,-0.167686,-0.167186,0.042,0.0413575,-0.051903,4.17116,36.6035
3.5024e+07,1.0645,0.405106,9.77602,2.35898,0.283094,2.31848,0.275941,6.2091,-0.205701,6.28756,-0.201158,0.0307873,0.0260706,0.042,0.0413472,-0.0524209,4.17115,36.5947
3.5044e+07,1.05017,0.397881,9.78552,2.31509,1.29073,2.33707,1.28711,6.12047,-1.28967,6.0586,-1.28669,0.12239,0.118948,0.042,0.0413641,-0.0522619,4.17131,36.5976
3.5064e+07,1.08121,0.42919,9.79741,2.49321,1.33653,2.55169,1.33914,6.29149,-1.50341,6.27155,-1.50457,0.152925,0.156885,0.042,0.0413492,-0.0527137,4.17054,36.6182
3.5085e+07,1.02151,0.42919,9.78084,2.49899,0.832712,2.5441,0.836271,5.95666,-0.831656,5.98268,-0.836118,0.107123,0.11126,0.042,0.0413567,-0.0531741,4.17074,36.5947
3.5105e+07,1.01673,0.436415,9.78323,2.54052,-0.709272,2.51414,-0.700091,5.92737,0.649261,5.98406,0.640938,-0.152419,-0.147479,0.042,0.0413586,-0.0532546,4.17092,36.58
3.5125e+07,1.03824,0.38343,9.81637,2.22446,-1.74744,2.38812,-1.74651,6.03293,1.80957,6.0147,1.80864,-0.320358,-0.317513,0.042,0.0413608,-0.0530311,4.17101,36.6006
3.5145e+07,1.07167,0.393064,9.81873,2.27892,-0.923013,2.32519,-0.927516,6.22395,0.878268,6.20795,0.885697,-0.137152,-0.139689,0.042,0.0413525,-0.0531662,4.1711,36.6035
3.5186e+07,1.04538,0.467725,9.79988,2.71712,2.08462,2.58942,2.08251,6.08199,-2.2973,6.159,-2.29454,0.305597,0.300725,0.042,0.0413344,-0.0546155,4.17029,36.6006
3.5207e+07,1.01195,0.453274,9.79514,2.63549,1.74874,2.61845,1.75145,5.89214,-1.90036,5.93939,-1.90252,0.213993,0.213338,0.042,0.0413514,-0.0542114,4.17049,36.58
3.5227e+07,0.95941,0.4894,9.81661,2.84057,-0.281791,2.80922,-0.27283,5.5751,0.252314,5.72108,0.241026,-0.0760828,-0.0737429,0.042,0.0413608,-0.053485,4.17061,36.5888
3.5247e+07,1.04061,0.453274,9.79986,2.63344,-2.15965,2.71619,-2.15509,6.05487,2.17598,5.92746,2.17057,-0.274556,-0.270323,0.042,0.0413656,-0.0526593,4.17071,36.5712
3.5267e+07,1.07644,0.400289,9.795,2.3262,-1.86958,2.44375,-1.87434,6.26627,2.03857,6.13444,2.04216,-0.259289,-0.260839,0.043,0.042203,-0.0503352,4.16997,36.5859
3.5288e+07,1.07167,0.393064,9.75463,2.29371,0.328896,2.22728,0.318426,6.26446,-0.26677,6.29951,-0.256583,0.0765889,0.0735671,0.043,0.042342,-0.0503345,4.17019,36.63
3.5368e+07,1.01195,0.467725,9.76667,2.72722,-1.47263,2.72258,-1.47013,5.90873,1.59583,5.92746,1.58775,-0.30509,-0.300113,0.04,0.0393303,-0.0597108,4.1698,36.5594
3.5389e+07,1.03345,0.446049,9.78798,2.59482,-1.90011,2.55368,-1.90273,6.02093,1.9317,6.0839,1.93522,-0.289823,-0.289967,0.042,0.0410073,-0.05469,4.17012,36.6006
3.5409e+07,1.07644,0.402697,9.77601,2.34466,-0.816143,2.34191,-0.820945,6.27826,0.801932,6.19785,0.809079,-0.0455486,-0.0470142,0.042,0.0413076,-0.0542766,4.17042,36.5947
3.5429e+07,1.05973,0.381022,9.8021,2.21316,0.725842,2.25437,0.721039,6.1658,-0.86219,6.20859,-0.855601,0.0460546,0.0453562,0.042,0.0413348,-0.0549056,4.17062,36.5594
3.5449e+07,1.05494,0.426782,9.79981,2.47935,1.68767,2.45759,1.6864,6.13841,-1.68662,6.1153,-1.68601,0.183459,0.182923,0.041,0.040496,-0.0574118,4.17081,36.5624
3.5469e+07,1.043,0.436415,9.80695,2.53374,0.84798,2.57833,0.853052,6.0648,-0.96906,5.92436,-0.973568,0.12239,0.126651,0.041,0.040356,-0.0576434,4.17099,36.5888
3.5489e+07,0.97852,0.465316,9.78094,2.71021,-0.816143,2.69255,-0.812486,5.70665,0.8172,5.88529,0.810334,-0.19822,-0.190511,0.041,0.0403366,-0.0572088,4.17125,36.5506
3.5509e+07,1.00004,0.376205,9.80927,2.18502,-1.45736,2.37142,-1.4588,5.81683,1.56529,5.89366,1.56265,-0.259289,-0.255809,0.04,0.0394998,-0.0594713,4.17157,36.5859
3.5529e+07,1.02629,0.407514,9.84254,2.35811,-0.907746,2.31248,-0.911061,5.94773,0.92407,5.99633,0.927691,-0.0913501,-0.0921074,0.04,0.0393453,-0.0598262,4.17172,36.5712
3.5549e+07,1.06449,0.42919,9.79743,2.49366,0.420499,2.44803,0.415967,6.19498,-0.434709,6.16018,-0.428138,-0.0455486,-0.0448562,0.04,0.0393243,-0.0594186,4.17194,36.5829
3.5569e+07,1.043,0.424373,9.77607,2.4716,1.22966,2.34667,1.23048,6.08413,-1.2744,6.09409,-1.2723,0.0765889,0.0786161,0.041,0.0401642,-0.0575874,4.17223,36.5594
3.5589e+07,0.978508,0.506259,9.781,2.94826,0.588438,2.75495,0.592043,5.70537,-0.648449,5.778,-0.65236,0.0460546,0.0488378,0.041,0.0403266,-0.056846,4.17242,36.5682
3.5609e+07,1.0239,0.412331,9.79981,2.39629,-0.83141,2.45156,-0.827205,5.9595,0.847734,5.92787,0.844355,-0.137152,-0.135783,0.041,0.0403442,-0.0565397,4.17159,36.5388
3.5629e+07,1.06926,0.472541,9.84498,2.73195,-1.24362,2.65405,-1.24388,6.19148,1.32102,6.08122,1.31984,-0.106617,-0.108735,0.042,0.0411839,-0.053545,4.17182,36.5359
3.565e+07,1.0454,0.393064,9.77839,2.28886,-0.632936,2.36687,-0.636209,6.09738,0.664528,6.1543,0.667274,-0.0608157,-0.0635453,0.042,0.041332,-0.0533608,4.17178,36.5476
3.5671e+07,1.04779,0.388247,9.84249,2.24624,0.756377,2.35403,0.751574,6.07189,-0.801121,6.11016,-0.797471,-0.0302813,-0.0279508,0.042,0.0413475,-0.0537264,4.17191,36.5535
3.5691e+07,1.06686,0.501442,9.80229,2.91129,1.27546,2.72971,1.27746,6.20345,-1.36601,6.19963,-1.36627,0.152925,0.152445,0.04,0.0395351,-0.058879,4.17212,36.53
3.5711e+07,1.00956,0.479767,9.80705,2.78601,0.389964,2.65088,0.393277,5.87047,-0.37364,5.88906,-0.379058,0.0918561,0.0905692,0.04,0.0393555,-0.0589258,4.17215,36.5624
3.5731e+07,1.05732,0.455683,9.79035,2.64947,-1.15202,2.64586,-1.14548,6.15722,1.16834,6.01241,1.16264,-0.137152,-0.13563,0.04,0.0393354,-0.0587901,4.17235,36.5712
3.5751e+07,1.02151,0.426782,9.84494,2.469,-1.38103,2.51384,-1.38108,5.91829,1.39735,6.02693,1.39967,-0.167686,-0.166971,0.042,0.0411349,-0.0532779,4.17246,36.5624
3.5771e+07,1.05973,0.36898,9.79259,2.14534,-0.388662,2.23322,-0.394323,6.17205,0.389719,6.20016,0.393601,-0.152419,-0.150934,0.042,0.0413282,-0.053158,4.17238,36.5506
3.5791e+07,1.0645,0.414739,9.78553,2.41269,0.832712,2.36654,0.828221,6.20285,-0.877457,6.15711,-0.871519,0.152925,0.145999,0.042,0.0413486,-0.0537479,4.1724,36.5565
3.5811e+07,1.02152,0.38343,9.78552,2.23178,1.21439,2.36448,1.21497,5.95506,-1.35074,6.03388,-1.35158,0.275062,0.268776,0.041,0.0404449,-0.057067,4.17267,36.5476
3.5831e+07,1.0024,0.455683,9.76903,2.65673,0.420499,2.67598,0.425561,5.8523,-0.419442,5.86325,-0.423635,0.137658,0.134764,0.041,0.0403512,-0.0570965,4.17276,36.5476
3.5851e+07,1.00956,0.477358,9.80467,2.77271,-0.968814,2.70436,-0.963988,5.87195,1.00041,5.92432,0.994467,-0.0913501,-0.0925765,0.041,0.04034,-0.0567079,4.17284,36.5624
3.5871e+07,1.06212,0.38343,9.85671,2.2149,-1.51843,2.36393,-1.51816,6.1456,1.45842,6.06618,1.46075,-0.213487,-0.211312,0.041,0.0403407,-0.0566478,4.17301,36.5565
3.5891e+07,1.05018,0.371388,9.78785,2.16059,-0.281791,2.25932,-0.289005,6.11971,0.420253,6.19738,0.425649,-0.137152,-0.135165,0.041,0.0403285,-0.0572404,4.17308,36.5447
3.5911e+07,1.07166,0.395472,9.82586,2.29123,1.21439,2.28857,1.20872,6.21941,-1.30494,6.25972,-1.29926,0.168192,0.167392,0.041,0.040324,-0.0571746,4.17306,36.5212
3.5931e+07,1.02867,0.450866,9.85922,2.60421,1.4434,2.58535,1.44517,5.95027,-1.61028,6.03611,-1.6109,0.229261,0.231275,0.041,0.0403305,-0.0569828,4.17321,36.5565
3.5991e+07,1.03584,0.414739,9.78556,2.41344,-1.07568,2.49229,-1.07658,6.03712,1.00041,6.08352,1.00274,0.000252962,-0.00941361,0.041,0.0403355,-0.0566299,4.17323,36.5418
3.6011e+07,1.06211,0.407514,9.83538,2.35891,-0.312326,2.35712,-0.314728,6.15817,0.32865,6.16356,0.333085,0.0155202,0.0120966,0.041,0.0403349,-0.0566222,4.17329,36.5712
3.6031e+07,1.06689,0.388247,9.77362,2.2614,0.695308,2.31089,0.68994,6.22489,-0.587381,6.16504,-0.582978,0.12239,0.114987,0.041,0.0403345,-0.0569594,4.17326,36.5624
3.6051e+07,1.01912,0.42919,9.76185,2.50386,0.603705,2.53014,0.607844,5.95429,-0.709518,6.03073,-0.709558,0.0765889,0.078044,0.04,0.0394917,-0.0597176,4.17332,36.5212
3.6071e+07,1.02151,0.438824,9.83072,2.5422,-0.0527837,2.48068,-0.0486703,5.92645,-0.0224953,5.99331,-0.0249084,0.0918561,0.0891655,0.04,0.0393399,-0.0602282,4.17337,36.5388
3.6091e+07,1.07643,0.438824,9.78319,2.55289,-0.220723,2.46409,-0.223054,6.27265,0.237047,6.13346,0.238199,0.0307873,0.0272542,0.04,0.0393253,-0.0601291,4.17343,36.5418
3.6111e+07,1.07644,0.409923,9.8425,2.37077,0.099888,2.37451,0.0989777,6.23605,-0.220968,6.21579,-0.218269,0.000252962,-0.0029791,0.042,0.0410029,-0.0543489,4.17348,36.5418
3.6131e+07,1.0024,0.446049,9.81175,2.58945,0.512102,2.56403,0.512045,5.82732,-0.419442,5.93459,-0.41916,0.12239,0.11889,0.042,0.041315,-0.0537684,4.17352,36.5447
3.6151e+07,1.03345,0.419556,9.8283,2.43101,0.451033,2.47378,0.449875,5.99721,-0.419442,5.98091,-0.420323,0.12239,0.122183,0.042,0.0413514,-0.053774,4.17348,36.5241
3.6171e+07,1.02629,0.417148,9.79744,2.42477,0.176224,2.44107,0.177377,5.9746,-0.144633,5.97716,-0.147299,-0.0302813,-0.0234539,0.041,0.0405133,-0.0565502,4.17345,36.5212
3.6191e+07,1.01673,0.465316,9.75716,2.71567,-0.312326,2.57242,-0.311703,5.94221,0.237047,5.94717,0.236442,-0.0760828,-0.0719132,0.041,0.040363,-0.0565792,4.17341,36.5271
3.6211e+07,1.08122,0.390655,9.82822,2.26258,-0.587135,2.41231,-0.584492,6.27304,0.404986,6.16157,0.405884,-0.121884,-0.119195,0.041,0.0403406,-0.056396,4.17346,36.5271
3.6231e+07,1.02869,0.390655,9.73804,2.28457,-0.266524,2.35387,-0.265672,6.02531,0.298115,6.03849,0.297528,-0.0608157,-0.0608749,0.041,0.0403405,-0.0566783,4.17359,36.5329
3.6251e+07,1.08121,0.417148,9.79977,2.42276,-0.144387,2.47995,-0.14528,6.29034,0.160711,6.16259,0.160418,-0.106617,-0.103768,0.041,0.0403347,-0.0567195,4.17372,36.5359
3.6271e+07,1.0645,0.402697,9.75702,2.34948,-0.00698221,2.39311,-0.00733781,6.22114,-0.0682967,6.1415,-0.0659354,-0.0150142,-0.0149786,0.041,0.040339,-0.0562661,4.17376,36.5565
3.6291e+07,1.03822,0.446049,9.74524,2.60593,0.328896,2.51213,0.326247,6.07482,-0.388907,6.05206,-0.385959,0.0155202,0.0153732,0.042,0.0411846,-0.0537054,4.17387,36.5388
3.6311e+07,0.997624,0.458091,9.79991,2.66257,0.237293,2.55246,0.238773,5.80635,-0.26677,5.99969,-0.267696,0.000252962,0.00423677,0.042,0.0413342,-0.0534737,4.1739,36.5594
3.63315e+07,1.02628,0.436415,9.74761,2.54943,0.14569,2.49423,0.14451,6.00431,-0.0988309,5.9675,-0.0997066,0.0307873,0.0333744,0.042,0.0413611,-0.0530867,4.17275,36.5829
3.6352e+07,0.988088,0.405106,9.78321,2.35918,0.237293,2.38652,0.214188,5.76232,-0.114098,5.81085,-0.14136,1.11476,1.1006,0.041,0.04053,-0.055527,4.17274,36.5094
3.6372e+07,0.921279,0.224475,9.81622,1.30427,0.160957,2.32472,0.129241,5.36027,0.206512,6.72713,0.171243,0.3972,0.414979,0.041,0.0402951,-0.0582154,4.17258,36.5447
3.6392e+07,1.10506,0.537569,9.4723,3.22631,-0.785608,3.31663,-0.803417,6.64356,0.710329,6.77926,0.678178,0.137658,0.140713,0.041,0.0402633,-0.0606053,4.1714,36.5212
3.6413e+07,1.0239,0.434007,9.9328,2.48874,-1.51843,2.43974,-1.50453,5.87983,1.39735,5.99387,1.35646,-0.0760828,-0.0989754,0.041,0.0403019,-0.0596094,4.17105,36.53
3.6434e+07,1.03109,0.325628,9.66908,1.91797,0.451033,2.08911,0.431019,6.08348,0.267581,6.46521,0.231802,-0.610434,-0.611996,0.041,0.0402971,-0.0593106,4.17012,36.5241
3.6455e+07,1.07164,0.477358,9.7785,2.77819,1.93195,2.66444,1.90282,6.2468,0.22178,6.59508,0.183115,-0.518831,-0.538067,0.041,0.0401968,-0.0607275,4.16898,36.5241
3.6475e+07,1.78563,0.388247,9.9202,2.20583,4.22203,1.97191,4.14241,10.1963,1.99277,7.79942,1.91218,0.198726,0.177679,0.042,0.0411699,-0.0574482,4.15389,36.5359
3.64952e+07,0.295701,0.092012,9.76194,0.539783,0.817445,1.60171,0.816612,1.73495,0.175978,4.34288,0.159196,-1.28219,-1.21551,0.042,0.0413206,-0.0574223,4.15332,36.4947
3.6516e+07,0.997636,0.417148,10.3222,2.3035,-1.83904,2.59949,-1.83919,5.51601,-1.56448,5.90697,-1.57823,-1.6028,-1.41099,0.042,0.0412935,-0.06047,4.10559,36.4976
3.6536e+07,1.20313,-0.0838022,12.0734,-0.395728,-0.23599,1.60187,-0.261514,5.69068,3.47369,6.2987,3.35471,1.89338,1.78615,0.04,0.0394902,-0.0583779,4.06151,36.4859
3.6556e+07,0.160331,-2.55724,12.8134,-11.2857,0.25256,-0.484029,0.177853,0.703025,1.64163,5.78866,1.61469,3.38957,3.06989,0.04,0.039062,-0.0601044,4.02217,36.48
3.6576e+07,4.40204,2.78221,6.28208,19.9356,2.95485,10.0426,2.85601,32.6479,2.57292,18.6184,2.39298,6.12239,5.74182,0.04,0.0382634,-0.0770271,3.98607,36.5124
3.6596e+07,14.5229,-1.58184,6.03842,-5.74309,-6.4192,3.8991,-6.29043,66.7412,8.87827,43.727,8.21708,5.16056,5.01196,0.041,0.0348964,-0.16341,3.95143,36.4682
3.6616e+07,16.943,2.722,-4.57433,8.81649,-0.770341,4.39364,-0.781148,72.5589,10.0844,44.5833,9.20626,-11.9692,-11.9722,0.041,0.0335603,-0.296012,3.92131,36.5035
3.6636e+07,4.60022,2.82074,12.6568,11.8301,0.57317,6.45008,0.468621,19.5324,-5.79349,9.14725,-5.88121,4.80941,5.15127,0.041,0.0376744,-0.192842,3.89379,36.4888
3.6656e+07,0.126233,-0.156055,7.06456,-1.26524,-4.77034,-2.34245,-4.70622,1.02343,-12.4652,-3.31389,-12.349,-2.7173,-2.53236,0.042,0.0398866,-0.211767,3.86866,36.4712
3.6676e+07,2.5448,0.980717,11.5635,4.73498,-7.25889,5.52466,-7.22511,12.3684,0.496589,3.71041,0.461674,-8.68677,-8.66919,0.042,0.0397945,-0.231167,3.84605,36.4624
3.6716e+07,0.501337,-0.92193,9.17607,-5.72883,-2.08332,-1.21408,-2.10588,3.11163,-16.0988,5.02295,-15.9804,-11.2822,-11.3138,0.04,0.0383849,-0.225852,3.80758,36.4565
3.6736e+07,-0.568497,-0.628104,11.1291,-3.22604,0.14569,-0.606498,0.200767,-2.91961,-7.1828,1.02254,-7.12847,-11.7097,-11.8105,0.04,0.0383851,-0.210019,3.79107,36.4212
3.6816e+07,-0.642862,0.602596,12.1497,2.83545,-3.96118,0.096275,-4.05538,-3.02509,-17.9462,-1.18677,-17.7743,-22.1372,-22.2007,0.04,0.0395954,-0.0298712,3.73992,36.3682
3.6836e+07,-0.838692,0.701341,12.0645,3.31901,-2.86194,1.19917,-2.83988,-3.96997,9.65689,-1.55592,9.53597,-24.5799,-24.5707,0.031,0.0323145,-0.00688833,3.72974,36.3329
3.6876e+07,-0.537663,0.120913,11.6668,0.593153,-3.96118,-0.0346444,-4.03263,-2.63845,30.4813,-0.903868,30.3052,-30.3356,-30.3809,0.031,0.0313037,0.0579975,3.71129,36.33
3.6896e+07,-0.239073,-0.276475,12.25,-1.29267,18.6037,-1.27647,18.4496,-1.11777,8.31338,-0.480519,8.37447,-33.0226,-32.918,0.036,0.0357592,0.106672,3.70254,36.2859
3.7016e+07,0.766315,-0.661821,9.85292,-3.83125,15.0007,-2.2137,14.8793,4.43729,7.16834,2.10482,7.1158,-37.9997,-37.9814,0.082,0.0797467,0.288173,3.65796,36.2241
3.7056e+07,0.656161,0.465316,8.90275,2.98385,6.74111,0.496186,6.62691,4.20953,-16.0378,1.34706,-15.9444,-36.412,-36.4021,0.082,0.0837411,0.263293,3.64478,36.1418
3.7076e+07,0.584802,-0.52695,9.79156,-3.07503,-16.5871,-1.74969,-16.4145,3.41301,-12.4042,1.43833,-12.4145,-37.1143,-37.1122,0.104,0.102375,0.304025,3.63877,36.1535
3.7096e+07,0.329445,-1.03753,8.47801,-6.97192,-19.5948,-3.35708,-19.5006,2.20886,-9.35074,0.594425,-9.31669,-37.2364,-37.2918,0.104,0.105544,0.287775,3.63238,36.1535
3.7116e+07,0.0499993,-0.791876,9.19804,-4.92049,-16.2971,-3.17832,-16.1286,0.310302,-8.61792,1.53074,-8.52891,-37.8318,-37.7905,0.104,0.105723,0.260243,3.62572,36.1124
3.7137e+07,-0.477785,-0.534176,9.95866,-3.06684,-0.953547,-2.74432,-0.875215,-2.74283,-12.9843,0.0293448,-12.8738,-37.4807,-37.3741,0.129,0.126714,0.300101,3.62041,36.1006
3.7157e+07,-0.358893,1.26491,10.809,6.67094,12.4358,4.07868,12.3664,-1.88882,-19.2133,-0.135944,-19.0277,-35.557,-35.6173,0.129,0.1304,0.290426,3.61478,36.1006
3.7177e+07,1.06464,-0.112703,10.4613,-0.614069,-8.37339,-1.22625,-8.27998,5.81061,-24.8164,3.43896,-24.6529,-35.2517,-35.2951,0.129,0.130692,0.277932,3.60984,36.1035
3.7197e+07,1.22242,-0.750933,12.1293,-3.5249,-31.8238,-2.13686,-31.4928,5.74405,-42.7706,6.58979,-42.4805,-38.6562,-38.6379,0.15,0.147884,0.337444,3.60524,36.0712
3.7217e+07,0.41243,1.08187,10.7321,5.75214,-26.4192,0.708603,-26.3696,2.18968,-33.8546,2.61463,-33.71,-37.4349,-37.4112,0.15,0.151506,0.339835,3.59876,36.0359
3.7238e+07,0.107269,-0.652188,11.3825,-3.27917,-13.2742,-2.4735,-13.1815,0.539055,-12.2973,3.57711,-12.238,-36.5799,-36.525,0.15,0.151693,0.328442,3.59462,36.0506
3.7259e+07,0.141077,-2.01294,10.1623,-11.203,14.5579,-5.24938,14.5537,0.780192,0.939337,3.37203,0.903866,-37.0837,-37.0637,0.175,0.174161,0.381574,3.59011,36.0388
3.7279e+07,1.40148,-0.669047,10.161,-3.73195,25.9472,-2.25694,25.8435,7.83636,8.84773,5.16323,8.68968,-36.1677,-36.1217,0.175,0.176758,0.374839,3.58514,36.0124
3.7299e+07,-0.332229,-0.168097,9.89265,-0.972933,6.4205,-1.11995,6.42802,-1.92319,-7.19807,1.90634,-7.03963,-37.7402,-37.7086,0.175,0.177078,0.360799,3.58085,36.0006
3.7319e+07,-1.01518,-0.0573096,11.0877,-0.294913,-22.3429,-1.90735,-22.1072,-5.23133,-19.0759,0.999938,-18.8224,-36.7631,-36.7732,0.201,0.200439,0.413748,3.57592,35.9947
3.7339e+07,1.83155,-1.59388,8.97679,-9.86904,-36.0986,-4.34169,-35.7634,11.3589,-26.7553,6.69378,-26.6222,-37.9081,-37.8398,0.201,0.202543,0.39244,3.57301,35.9359
3.7359e+07,0.924072,-1.23502,8.97577,-7.79375,-25.5184,-3.4821,-25.2821,5.82351,-33.4423,5.16699,-33.2327,-36.0914,-36.1975,0.201,0.20258,0.363317,3.56958,35.9741
3.7379e+07,1.06959,-0.717215,9.10231,-4.47464,5.76401,-2.00287,5.6512,6.68141,-30.7859,4.28458,-30.6382,-37.16,-37.1159,0.229,0.228302,0.425681,3.56606,35.9271
3.7399e+07,1.04053,0.735058,8.74853,4.7693,30.222,0.824466,29.9057,6.75916,-16.4958,4.77124,-16.4742,-36.702,-36.7241,0.229,0.230784,0.398424,3.56187,35.9535
3.7419e+07,-1.50708,-0.0356339,9.71106,-0.207754,14.4663,-1.04573,14.4529,-8.82144,2.69506,-3.36062,2.62712,-35.099,-35.103,0.229,0.230704,0.35911,3.55655,35.9065
3.744e+07,-1.69061,-1.23502,9.73778,-7.12269,-6.37339,-3.83884,-6.14636,-9.7724,21.7485,-1.20009,21.5908,-34.8242,-34.7806,0.255,0.254022,0.379508,3.5536,35.9212
3.752e+07,0.938741,-2.46331,7.76293,-17.4856,7.24493,-7.15354,7.30229,6.57503,-33.5492,4.38536,-33.3155,-32.3051,-32.2327,0.282,0.282194,0.27429,3.54179,35.8653
3.7541e+07,-0.926665,-0.657005,8.77886,-4.25644,6.3747,-2.83924,6.44141,-6.00894,-15.2897,-1.60824,-15.2,-28.2593,-28.3543,0.282,0.282972,0.23507,3.53882,35.8506
3.7561e+07,2.02907,0.836212,7.64145,6.0375,6.35943,0.848722,6.21982,14.7865,16.0691,5.74281,15.8601,-27.9997,-27.9377,0.298,0.296365,0.232802,3.53684,35.8153
3.7581e+07,0.496358,-0.189772,8.04,-1.34956,-3.6253,-1.68282,-3.64375,3.53175,16.8783,2.09794,16.8232,-26.6715,-26.7058,0.298,0.298917,0.20296,3.53479,35.8418
3.7601e+07,0.572679,0.132955,9.84011,0.7728,-3.3963,-1.85392,-3.37612,3.33046,-0.740052,1.38827,-0.75223,-28.0761,-27.9842,0.298,0.298854,0.179858,3.53326,35.7976
3.7642e+07,-0.33446,-0.731665,10.7868,-3.87854,6.09989,-3.4266,6.08762,-1.77189,-62.6637,0.697739,-62.1793,-30.5188,-30.4912,0.313,0.313201,0.193052,3.53112,35.7888
3.7744e+07,0.403545,-1.3145,9.03308,-8.27148,6.29836,-5.65896,6.3483,2.53131,-22.679,3.10244,-22.4168,-30.6868,-30.6698,0.338,0.336205,0.20367,3.52551,35.7182
3.7764e+07,-1.11764,-0.832819,10.436,-4.53686,1.47393,-3.90881,1.58691,-6.09359,-46.7248,1.01327,-46.3079,-30.3967,-30.375,0.338,0.337398,0.189697,3.5247,35.7006
3.7784e+07,0.966862,-0.548626,8.09362,-3.85057,1.22966,-2.77998,1.16788,6.79681,-30.221,2.96676,-30.1206,-28.7631,-28.8416,0.338,0.338191,0.170373,3.52435,35.7124
3.7804e+07,0.221566,0.496626,9.63919,2.94858,-7.73217,-0.624812,-7.72195,1.31502,3.30575,1.10578,3.15691,-27.8623,-27.9195,0.35,0.349579,0.183291,3.52352,35.68
3.78243e+07,-0.320478,0.511076,9.29542,3.14517,-2.00698,-0.0218734,-2.07312,-1.97163,28.2676,-0.224425,28.0662,-27.0684,-27.0461,0.35,0.350774,0.170698,3.53446,35.6712
3.7845e+07,0.687307,0.092012,8.34418,0.629648,5.70294,-0.883316,5.60878,4.70851,28.1149,2.40673,27.997,-26.5799,-26.5153,0.35,0.350746,0.14276,3.53396,35.6682
3.7865e+07,0.0043619,0.173898,9.77894,1.01878,10.7258,-0.8999,10.6469,0.0255528,7.39735,-0.52487,7.3364,-25.1601,-25.1682,0.362,0.361596,0.15505,3.53256,35.6771
3.7885e+07,0.952268,0.414739,8.88342,2.65782,5.13806,0.144952,5.10951,6.11191,-20.5416,2.19294,-20.362,-27.8471,-27.7349,0.362,0.362493,0.129947,3.5314,35.63
3.7905e+07,-0.633096,-0.170505,9.69109,-1.00581,-8.09859,-1.2396,-8.00271,-3.73711,-30.9233,-1.28972,-30.6765,-26.412,-26.3742,0.362,0.362628,0.10961,3.52963,35.6418
3.7925e+07,0.491573,-0.156055,8.2941,-1.07601,-10.2818,-0.852271,-10.2633,3.39123,-17.2591,0.85124,-17.1773,-25.1906,-25.2056,0.368,0.367886,0.100738,3.52912,35.6212
3.7945e+07,0.0207768,1.25287,9.85663,7.24395,-1.73217,1.88295,-1.8929,0.11981,5.68743,-0.643492,5.59938,-23.4807,-23.5067,0.368,0.368232,0.0849809,3.52813,35.58
3.7965e+07,0.369957,-0.746116,9.44713,-4.51229,1.32126,-2.79501,1.35957,2.23565,21.8706,1.19265,21.6762,-24.8547,-24.7751,0.368,0.368156,0.0735453,3.52778,35.5918
3.7986e+07,-0.269892,-1.07848,9.08864,-6.76424,12.6953,-3.20012,12.6294,-1.68908,12.7103,-0.385677,12.6706,-23.5723,-23.6065,0.375,0.374416,0.0819023,3.52762,35.6065
3.8007e+07,0.140469,0.173898,9.62212,1.03527,12.9701,0.475309,12.8815,0.836238,-6.2057,0.301968,-6.17326,-25.8623,-25.7723,0.375,0.375442,0.0758938,3.52713,35.6006
3.80271e+07,0.65394,-0.134379,8.8923,-0.863447,-2.72454,-1.45983,-5.93839,4.20549,-15.9004,-0.917468,-15.8109,-26.1524,-26.3793,0.375,0.374959,0.0690651,3.52691,35.5329
3.8088e+07,0.350982,-1.20371,9.84054,-6.9695,-0.648204,-4.16529,-0.641586,2.0276,11.8554,0.807442,11.7063,-25.9845,-25.9433,0.381,0.378963,0.0513771,3.52665,35.5182
3.8108e+07,0.682743,-0.669047,9.777,-3.9052,18.8174,-2.7351,18.6856,3.98528,10.7867,1.9661,10.6932,-26.7631,-26.7318,0.381,0.380761,0.0563996,3.52697,35.5271
3.8128e+07,0.680115,0.195574,10.6189,1.05297,23.8556,-2.1001,23.6307,3.66404,0.0233064,0.80876,0.0545626,-28.4578,-28.3808,0.381,0.380617,0.059702,3.52727,35.4947
3.8148e+07,-0.47048,-1.04476,10.1739,-5.85695,3.29073,-4.46944,3.42283,-2.63386,-12.6332,0.416102,-12.4913,-28.5952,-28.6571,0.381,0.380446,0.059896,3.52747,35.4947
3.8168e+07,-0.733226,-0.743708,10.6471,-3.98626,-13.4726,-2.87376,-13.2892,-3.92999,-15.595,-2.20803,-15.4968,-29.6944,-29.7381,0.381,0.380817,0.0678379,3.52766,35.4653
3.8188e+07,0.527731,-1.38194,9.68103,-8.11203,-17.61,-4.57344,-17.4156,3.08896,-3.70188,1.12648,-3.74884,-33.1906,-33.1059,0.381,0.380682,0.069679,3.52784,35.4918
3.8208e+07,0.164423,-0.0982526,10.8491,-0.518812,-2.14439,-2.77764,-2.28299,0.868237,3.47369,0.156767,3.44642,-32.3662,-32.3608,0.388,0.383171,0.0862495,3.5281,35.4565
3.8228e+07,0.506105,-0.893029,9.61772,-5.29756,6.86325,-2.9789,6.78771,2.99937,7.22941,1.09037,7.18311,-33.6333,-33.6497,0.388,0.387666,0.107143,3.52801,35.4535
3.8248e+07,0.195265,0.619455,10.0169,3.53804,11.1991,-0.330785,11.0269,1.11463,5.65689,0.784781,5.61368,-33.8929,-33.7892,0.388,0.388255,0.107538,3.52817,35.43
3.8268e+07,0.513081,-0.218673,9.88234,-1.26591,6.4663,-1.53671,6.36951,2.97134,0.786665,0.907014,0.749672,-35.0837,-34.9051,0.389,0.388781,0.107706,3.52715,35.4241
3.8288e+07,-0.838673,0.631497,10.7823,3.34179,-3.97645,-0.391056,-4.00243,-4.44006,-3.71715,-1.48359,-3.64937,-33.099,-33.1253,0.389,0.389271,0.107722,3.52693,35.4565
3.8308e+07,-0.24174,0.727833,10.6086,3.92376,-0.632936,0.966394,-0.754815,-1.30231,-1.35074,-0.494799,-1.31999,-31.9081,-31.9647,0.389,0.38953,0.10308,3.5274,35.4035
3.8328e+07,-0.535056,-0.669047,10.0368,-3.80825,-7.51843,-3.05506,-7.4036,-3.04476,-0.449976,-0.512251,-0.40532,-31.2975,-31.3243,0.392,0.390363,0.101528,3.5276,35.4329
3.8368e+07,-0.100417,-0.856903,10.162,-4.81978,2.54264,-3.20908,2.58622,-0.564152,8.48132,-0.213923,8.41213,-30.9158,-30.8967,0.392,0.392247,0.103049,3.52838,35.4065
3.8388e+07,0.806851,-0.454698,9.6704,-2.68273,10.5732,-2.39268,10.465,4.7642,7.65689,1.89899,7.57027,-30.1677,-30.1507,0.399,0.394781,0.108083,3.52844,35.4094
3.8408e+07,0.551388,-0.582344,9.98381,-3.33314,1.50447,-2.58706,1.5008,3.15578,4.55766,1.21817,4.49015,-30.8089,-30.7875,0.399,0.398975,0.120292,3.5285,35.3976
3.8428e+07,-0.270138,-0.192181,10.3555,-1.06283,-3.24362,-0.879732,-3.23099,-1.49404,-3.79349,-0.342211,-3.73123,-29.4196,-29.527,0.399,0.399629,0.122782,3.52872,35.3624
3.8448e+07,-0.0432121,-0.483599,10.2908,-2.69053,-13.32,-2.26506,-13.2111,-0.240325,1.94697,0.23855,1.90922,-28.3967,-28.5247,0.406,0.402133,0.129462,3.52784,35.3624
3.8468e+07,-0.150759,-0.144012,10.0065,-0.824445,-6.73981,-0.435925,-6.72123,-0.863072,3.36682,-0.656056,3.36872,-29.3433,-29.3739,0.406,0.406324,0.138966,3.52868,35.3241
3.8488e+07,0.0166111,-0.941197,10.2947,-5.22375,0.191491,-2.98601,0.225806,0.0920658,8.60346,0.00970064,8.54085,-27.2975,-27.3377,0.406,0.406574,0.139905,3.5289,35.3594
3.8508e+07,-0.721441,-0.187364,10.2776,-1.04184,11.8861,-0.80746,11.8104,-4.01466,6.26758,-2.26804,6.25638,-25.9845,-26.113,0.413,0.409195,0.143652,3.52961,35.3594
3.8528e+07,-0.3105,-1.02549,10.4468,-5.60391,6.34416,-3.18425,6.41966,-1.6943,6.64926,0.18362,6.61286,-25.7707,-25.8525,0.413,0.413133,0.15124,3.52944,35.3506
3.85481e+07,-0.133955,-0.464332,9.63796,-2.75796,-0.617669,-1.8156,-0.558708,-0.795365,0.908803,-0.819493,0.93668,-25.6181,-25.6988,0.413,0.413666,0.148665,3.52818,35.2947
3.8568e+07,-0.336735,-1.13628,9.67029,-6.69762,-12.9993,-4.69095,-12.8871,-1.98071,-1.15227,-1.28749,-1.13962,-26.3509,-26.2912,0.413,0.413309,0.142648,3.52859,35.3682
3.8588e+07,0.41526,-0.507683,9.64691,-3.00971,-7.65584,-2.01405,-7.65016,2.46142,0.664528,0.267827,0.651435,-25.5723,-25.6133,0.42,0.420025,0.160979,3.52839,35.3506
3.8608e+07,0.00188367,0.499034,10.6579,2.68079,3.5808,-0.328133,3.44802,0.0101153,4.74086,-0.593221,4.69823,-24.7631,-24.7214,0.42,0.420754,0.166398,3.52862,35.3065
3.8648e+07,-0.234579,0.737467,10.5161,4.01046,14.7106,0.0749805,14.5416,-1.27474,6.48132,-1.52694,6.45075,-24.5188,-24.4052,0.43,0.429754,0.190703,3.5273,35.2947
3.8669e+07,0.673123,-0.423389,9.68718,-2.49657,6.00828,-2.15006,5.94913,3.97108,8.75613,0.598612,8.67331,-21.2822,-21.305,0.43,0.430686,0.188359,3.52724,35.28
3.8689e+07,-1.05838,0.708566,11.1174,3.63043,-6.54133,-0.592691,-6.4922,-5.42722,4.60346,-2.72587,4.63064,-22.7326,-22.674,0.43,0.430563,0.187007,3.5277,35.2712
3.8709e+07,0.166809,-0.0934358,10.3696,-0.516188,-3.96118,-0.616254,-4.00541,0.921569,6.26758,-0.957399,6.23012,-21.0837,-21.1275,0.439,0.439104,0.206466,3.52771,35.2476
3.8729e+07,-1.11799,0.426782,10.3739,2.34228,-1.06042,-0.469174,-1.1053,-6.14587,4.25231,-2.91736,4.28668,-19.8471,-19.9121,0.439,0.439722,0.20334,3.52797,35.2388
3.8749e+07,-0.678241,-0.974915,10.3902,-5.34905,8.25256,-4.29984,8.16867,-3.7185,9.33628,-2.46091,9.2803,-18.2898,-18.3013,0.439,0.43943,0.197982,3.52679,35.2712
3.877e+07,0.047795,-1.45178,9.33944,-8.83559,9.33653,-4.59717,9.37086,0.289731,11.1989,-0.750086,11.1179,-18.9158,-18.8872,0.452,0.451153,0.225968,3.52693,35.2476
3.88522e+07,-0.379789,-0.873762,10.5326,-4.73921,-3.18255,-3.50446,-3.09777,-2.05804,11.092,-2.14873,10.9534,-18.1372,-18.0995,0.468,0.468549,0.232702,3.5244,35.1947
3.8973e+07,-0.143703,0.241334,9.66759,1.42983,2.13042,-1.87468,2.10281,-0.85134,5.24468,-2.29656,5.20176,-16.4578,-16.4005,0.494,0.494093,0.219411,3.52232,35.2065
3.8993e+07,-0.721474,-0.0693517,9.33757,-0.424273,0.893781,-1.16355,0.887384,-4.4181,9.85537,-3.15468,9.83742,-15.4043,-15.4143,0.506,0.498906,0.215329,3.52218,35.1829
3.9176e+07,-0.0097616,-0.55826,8.84471,-3.6116,-2.22072,-1.4087,-2.18457,-0.0631098,12.9546,-1.08892,12.9118,-11.1143,-11.0938,0.544,0.53974,0.167381,3.51808,35.0947
3.9196e+07,-0.234481,0.385839,10.0929,2.18869,-0.144387,0.476389,-0.160028,-1.3299,9.9317,-0.836664,9.88029,-10.6257,-10.5857,0.544,0.544251,0.166554,3.51755,35.1329
3.9276e+07,-0.313071,-0.365587,9.46495,-2.21076,-8.49553,-1.76721,-8.40632,-1.89306,11.321,-2.10648,11.2137,-6.7173,-6.64653,0.556,0.556328,0.130016,3.51572,35.0859
3.9296e+07,-0.544651,-0.510091,9.68097,-3.01138,-5.25889,-1.94954,-5.19139,-3.21561,14.5577,-2.46303,14.4123,-6.38143,-6.27433,0.563,0.560446,0.125646,3.51591,35.0447
3.9316e+07,-0.346614,0.0414354,8.51594,0.278547,1.09225,-0.454733,1.06684,-2.33072,7.22941,-1.81791,7.25887,-3.72494,-3.79551,0.563,0.563189,0.111724,3.51541,35.0565
3.9336e+07,0.840186,-0.112703,8.28199,-0.775664,2.26783,-0.530691,2.21923,5.79215,6.7256,0.682632,6.70817,-4.18295,-4.24853,0.563,0.563121,0.0947445,3.51511,35.0447
3.9356e+07,-0.878949,-0.510091,10.0683,-2.88934,-5.90011,-0.974694,-5.78799,-4.98285,7.91644,-2.3985,7.81803,-4.6257,-4.56252,0.57,0.567341,0.0958841,3.51457,35.0535
3.9376e+07,-1.20848,-0.478782,10.3226,-2.63759,-10.1597,-1.43725,-10.0454,-6.67016,3.00041,-2.25551,2.97008,-4.25929,-4.24682,0.57,0.56986,0.0832253,3.51423,35.0653
3.9396e+07,0.577458,0.120913,8.63161,0.800767,-8.26652,-0.0657661,-8.27307,3.82704,0.679795,0.528048,0.70763,-4.45776,-4.36381,0.57,0.570175,0.0658872,3.51381,35.0388
3.9416e+07,0.0522205,-0.192181,9.2085,-1.19557,-7.24362,-1.18207,-7.21565,0.324844,4.98514,-0.84424,4.88434,-3.20585,-3.18564,0.574,0.572441,0.0580253,3.51308,35.0329
3.9436e+07,0.25503,0.371388,9.31132,2.28321,0.603705,0.282661,0.532472,1.56765,4.28285,-0.0872778,4.19086,-2.12188,-2.09422,0.574,0.573913,0.0493749,3.51256,35.0094
3.9456e+07,-1.0342,-0.343911,10.2728,-1.90778,-1.88484,-1.12343,-1.82896,-5.74561,-1.15227,-2.06109,-1.07942,-1.34326,-1.41667,0.574,0.573883,0.0372162,3.51223,35.0182
3.9476e+07,-1.51177,-0.346319,10.6246,-1.84834,-6.66347,-1.26304,-6.53348,-8.09397,-0.0072279,-3.01303,0.0609822,-1.05318,-1.06867,0.577,0.575349,0.0336752,3.51242,35.0418
3.94961e+07,-0.124646,0.407514,8.82499,2.64362,-5.90011,0.415166,-5.89125,-0.808346,4.22178,-1.19655,4.23007,-1.34326,-1.34099,0.577,0.576745,0.0262675,3.51227,35.0094
3.9516e+07,-0.840895,0.0366185,9.43519,0.221489,-10.1597,-0.758665,-10.0576,-5.0929,2.31338,-2.35693,2.35146,-1.70967,-1.6802,0.577,0.576747,0.0178108,3.51263,34.9947
3.9536e+07,1.00964,0.176307,8.72392,1.15009,-3.70164,0.046829,-3.76583,6.60029,2.11491,2.22316,2.0791,-1.26692,-1.26203,0.577,0.576621,0.00503065,3.51289,34.9682
3.9556e+07,0.935713,-0.160871,8.28183,-1.10577,-4.00698,-0.790887,-3.98363,6.44495,-0.0682967,3.8421,-0.0868356,-0.137152,-0.174607,0.577,0.576308,-0.00845295,3.5133,34.9624
3.9576e+07,0.231519,-0.948423,9.31397,-5.81249,-9.25889,-2.4598,-9.14475,1.41659,4.61873,0.253227,4.50951,-1.31272,-1.24799,0.577,0.576525,-0.0127695,3.51251,34.98
3.9596e+07,-0.795547,0.108871,10.7268,0.579905,-6.02225,-0.503601,-5.97587,-4.24131,3.18361,-1.63316,3.17701,-1.14479,-1.10927,0.577,0.576488,-0.0136734,3.51278,34.9918
3.9616e+07,0.214721,-0.649779,10.0172,-3.71051,-6.86194,-1.8903,-6.8056,1.22538,9.50422,-0.3257,9.39165,-0.931045,-0.855359,0.577,0.576563,-0.0143297,3.51261,34.9388
3.9636e+07,-0.179641,0.674848,10.0886,3.82635,-4.17492,0.827868,-4.17446,-1.01785,4.02331,-0.891019,4.05263,0.61094,0.577673,0.577,0.576572,-0.0143318,3.51278,34.9329
3.9656e+07,-0.110384,0.638722,10.4185,3.50803,-5.94591,0.537478,-5.95131,-0.605889,0.359184,-1.15775,0.407027,-0.259289,-0.150548,0.574,0.575377,-0.0191864,3.51269,34.9565
3.9676e+07,0.113953,1.06983,9.55236,6.38983,-5.28942,1.70572,-5.35224,0.679223,-3.0454,-0.270248,-3.00183,-0.885243,-0.776885,0.574,0.573628,-0.0255299,3.51084,34.9329
3.9697e+07,-0.091216,0.405106,9.5301,2.43395,-7.25889,0.0552909,-7.22757,-0.547887,-3.65608,-1.42074,-3.61389,-0.656236,-0.561341,0.574,0.573434,-0.0233547,3.51127,34.9094
3.97772e+07,-0.205933,0.766368,9.94389,4.40609,-4.17492,2.79262,-4.15917,-1.18289,-0.86219,-1.47352,-0.851953,1.78651,1.77877,0.57,0.570517,-0.0238934,3.51073,34.9153
3.9798e+07,-0.563925,0.104054,9.32584,0.638092,-10.3276,0.578299,-10.2321,-3.46019,2.23705,-2.40674,2.21889,2.88575,2.80363,0.57,0.569509,-0.0252547,3.51125,34.9153
3.9879e+07,-1.14196,0.735058,10.6688,3.91902,-4.02225,1.49914,-3.96095,-6.09518,-1.86982,-2.71546,-1.80299,-0.0913501,0.000555628,0.569,0.567837,-0.0248795,3.51095,34.88
3.9899e+07,-0.619101,1.02648,10.0254,5.83497,-2.17492,1.53353,-2.2294,-3.51539,-1.76295,-1.73014,-1.69241,2.64147,2.63512,0.566,0.566588,-0.0266088,3.51171,34.8594
3.9979e+07,0.281361,0.137772,9.34891,0.843907,2.5579,-0.384855,2.50184,1.72365,-6.00723,0.821669,-5.94026,0.901016,0.93902,0.564,0.563674,-0.0362661,3.51129,34.8653
3.9999e+07,0.56078,-0.00914133,8.90445,-0.0587037,4.08462,-0.684734,3.99683,3.60358,-3.36601,1.20259,-3.37285,0.763612,0.737719,0.564,0.563488,-0.0397229,3.5112,34.8771
4.03e+07,0.446049,0.402697,9.73382,2.36655,2.16096,0.0224824,2.09521,2.62148,-1.71715,1.67086,-1.72747,-8.18295,-8.02999,0.543,0.542298,-0.0559622,3.52882,34.7947
4.032e+07,0.161874,0.479767,10.2898,2.66919,-2.6482,0.0972058,-2.71202,0.900302,-1.53395,0.82627,-1.53169,-7.96921,-7.88806,0.54,0.540492,-0.0561462,3.52894,34.8006
4.034e+07,-0.212624,-0.931564,9.57792,-5.55385,-12.6329,-2.90946,-12.4791,-1.26575,-0.923259,-0.299028,-0.931768,-7.43486,-7.5163,0.54,0.539321,-0.0534654,3.5283,34.7888
4.036e+07,0.147907,-0.81596,9.06734,-5.14146,-8.86194,-2.80099,-8.80746,0.930772,-0.26677,0.590158,-0.280377,-8.7173,-8.76361,0.54,0.53918,-0.0531507,3.5282,34.7594
4.038e+07,0.0448166,0.67244,10.2189,3.76479,2.40523,0.140753,2.2952,0.250735,-3.12173,0.690562,-3.083,-11.2669,-11.2013,0.534,0.535591,-0.0649307,3.52785,34.7535
4.04e+07,0.0280803,0.749509,10.6393,4.02965,11.3365,0.444619,11.1461,0.150846,-6.54158,0.520151,-6.45825,-10.2898,-10.3904,0.534,0.533463,-0.0659904,3.52743,34.78
4.042e+07,0.73065,-1.21094,9.04483,-7.60106,8.00828,-3.05137,7.98146,4.57771,-3.33547,1.67043,-3.36667,-13.1906,-13.1486,0.534,0.533042,-0.0648613,3.52737,34.7918
4.044e+07,0.942938,-0.382445,8.76819,-2.48321,5.50447,-1.75838,5.42446,6.13226,-2.46524,2.60507,-2.48328,-14.5646,-14.5587,0.532,0.531798,-0.0673676,3.52706,34.7565
4.046e+07,0.734915,0.629088,9.98322,3.596,-3.10622,0.787125,-3.14485,4.20193,-0.312572,2.11525,-0.309284,-15.2975,-15.3061,0.532,0.531306,-0.063567,3.52718,34.7594
4.048e+07,0.742573,-1.15073,9.33695,-7.00408,-10.0833,-3.16245,-9.98457,4.51319,2.20651,2.18409,2.17033,-16.7173,-16.6812,0.532,0.530839,-0.061626,3.52714,34.7565
4.05e+07,0.525069,-0.394488,8.94185,-2.52174,-5.94591,-1.87444,-5.93237,3.35731,-1.93089,1.6218,-1.91929,-16.8242,-16.8674,0.527,0.528012,-0.0646617,3.52692,34.7241
4.052e+07,-0.558966,-0.555851,10.8728,-2.92274,-2.6482,-2.12799,-2.55192,-2.93913,-7.44234,-0.257406,-7.3611,-19.2517,-19.2186,0.527,0.526331,-0.0644544,3.52714,34.7212
4.054e+07,-0.561341,-0.599203,9.83992,-3.47908,4.20676,-1.71702,4.29157,-3.25901,-5.53395,-0.562315,-5.50977,-18.641,-18.6377,0.527,0.526308,-0.0620339,3.52718,34.7094
4.056e+07,-0.0339165,0.436415,10.3706,2.40969,5.33653,-0.610232,5.28954,-0.187217,-3.42708,0.810231,-3.39977,-19.9845,-19.9919,0.522,0.523175,-0.0644634,3.52739,34.7329
4.058e+07,-0.193623,-0.565485,10.5875,-3.05678,-8.15965,-2.2518,-7.98509,-1.04621,1.7943,0.506384,1.74778,-20.9158,-20.8597,0.522,0.521298,-0.0613834,3.52632,34.7006
4.06e+07,0.0758632,0.655581,10.2949,3.6436,-9.30469,-0.83929,-9.2951,0.421354,3.19888,-0.0767312,3.19037,-20.3204,-20.2042,0.522,0.520868,-0.0544766,3.5264,34.7006
4.062e+07,0.408107,-0.546218,9.87478,-3.16336,-9.54897,-3.14313,-9.47902,2.36298,1.76376,1.8908,1.72617,-21.0532,-20.9562,0.518,0.519353,-0.052664,3.52664,34.6859
4.064e+07,0.947954,-1.24707,9.77585,-7.23615,3.64187,-4.25594,3.607,5.49435,-6.44998,3.07459,-6.43901,-19.2669,-19.3221,0.518,0.51674,-0.0555661,3.5262,34.6976
4.066e+07,-0.081524,-0.100661,9.82368,-0.587056,5.59607,-1.41281,5.54529,-0.475446,-14.8775,0.313772,-14.7597,-21.9539,-21.8839,0.518,0.51708,-0.050167,3.52637,34.6918
4.068e+07,0.620802,-1.18445,9.24203,-7.2869,-0.251257,-3.11118,-0.142824,3.8118,-11.5492,2.01197,-11.5049,-21.0226,-20.9788,0.515,0.515975,-0.0507274,3.52628,34.6829
4.07001e+07,-0.40155,0.0992373,10.7526,0.528407,-5.35049,-1.65916,-5.26645,-2.13859,-5.0454,0.46647,-5.00762,-20.473,-20.55,0.515,0.513823,-0.0541288,3.52476,34.6565
4.072e+07,-0.291525,-0.563076,9.76139,-3.29992,-11.8238,-2.21332,-11.6349,-1.7078,2.67979,0.339172,2.64345,-22.4578,-22.4484,0.515,0.51412,-0.050039,3.52441,34.6594
4.074e+07,0.537068,-0.608836,10.1096,-3.44155,-8.08332,-2.94948,-7.99957,3.03546,5.01567,2.31132,4.96086,-23.7402,-23.6422,0.511,0.512494,-0.0530157,3.52467,34.6565
4.076e+07,0.653939,-0.129562,9.82775,-0.753636,7.32126,-1.1598,7.20476,3.80652,-0.907991,1.93812,-0.925892,-25.328,-25.2775,0.511,0.51042,-0.0506923,3.52517,34.6476
4.078e+07,0.391092,0.532752,10.2398,2.97611,16.4816,0.0123651,16.2513,2.18431,-9.32021,1.14402,-9.24392,-24.2898,-24.3149,0.511,0.510361,-0.0451319,3.52531,34.6506
4.08e+07,0.51791,-0.411346,9.59474,-2.45132,7.84035,-1.89775,7.76398,3.08691,-11.9004,1.21759,-11.8485,-22.6715,-22.6875,0.508,0.509291,-0.0376415,3.52459,34.6124
4.0821e+07,0.422425,-0.514908,10.3663,-2.84127,-3.99172,-2.69579,-3.97806,2.33064,-7.21334,1.19975,-7.19411,-24.4578,-24.3235,0.508,0.507482,-0.0325314,3.52476,34.6153
4.0901e+07,-0.195925,-0.87617,10.2404,-4.88943,3.56554,-3.14608,3.64898,-1.09209,-6.60265,0.542427,-6.54686,-23.0532,-23.136,0.506,0.505172,-0.0159815,3.52475,34.5741
4.0921e+07,0.164497,-0.365587,10.3216,-2.02828,3.32126,-2.02914,3.34196,0.91248,-9.39654,1.03455,-9.33564,-24.5188,-24.5073,0.504,0.504661,-0.00857381,3.52431,34.58
4.1001e+07,-0.458658,-0.623287,10.5378,-3.38177,4.48157,-3.85371,4.48419,-2.48788,0.114909,0.00648669,0.149883,-23.3433,-23.4215,0.505,0.503822,0.00222613,3.52358,34.5535
4.1021e+07,0.00428155,0.462908,10.7576,2.46396,15.3823,-0.378932,15.1856,0.0227828,-5.68662,0.443596,-5.61612,-24.0914,-24.1451,0.505,0.50459,0.0129718,3.52354,34.53
4.1261e+07,-1.06766,-0.249983,10.5627,-1.34887,1.67241,-3.94674,1.62676,-5.77017,11.1989,-2.21634,11.1758,-26.702,-26.7572,0.516,0.514825,0.183603,3.51884,34.4888
4.1281e+07,0.298258,-0.514908,8.94185,-3.29386,18.0236,-4.11327,17.9295,1.90725,5.7485,0.564562,5.74222,-26.2593,-26.1772,0.525,0.518922,0.17517,3.51769,34.4476
4.1301e+07,0.336347,-0.0982526,9.10631,-0.617748,25.5503,-0.997124,25.3945,2.11517,-4.75532,0.863685,-4.76964,-23.5723,-23.523,0.525,0.525088,0.170515,3.51761,34.4829
4.1421e+07,-1.41135,-0.828002,10.4267,-4.49955,21.9625,-4.4791,21.8403,-7.68474,-4.75532,-4.47193,-4.66073,-19.9234,-19.9196,0.55,0.547332,0.120564,3.51549,34.43
4.1441e+07,0.565736,-0.659413,10.0288,-3.75594,13.6419,-4.22626,13.6252,3.22176,-8.51105,1.08886,-8.46969,-22.3509,-22.2178,0.55,0.548933,0.114611,3.5146,34.4094
4.1461e+07,-0.422513,-1.79859,9.37015,-10.8549,-5.74744,-6.7816,-5.55128,-2.53557,-11.6714,-0.646433,-11.5841,-22.5952,-22.5449,0.558,0.551376,0.111116,3.51416,34.4212
4.1481e+07,0.656436,-0.524542,9.14334,-3.27498,-1.12149,-5.82439,-1.21715,4.09973,-6.0225,1.82072,-6.02201,-23.7249,-23.658,0.558,0.552324,0.100456,3.51392,34.4006
4.1501e+07,-0.891024,-0.0211834,11.1778,-0.108239,12.4358,-4.97143,12.2448,-4.55761,-5.94616,-2.16751,-5.85799,-24.6715,-24.6802,0.558,0.55421,0.111885,3.51353,34.3888
4.1521e+07,-1.22238,-2.00812,11.5785,-9.7859,31.9472,-9.2144,31.7791,-5.93856,-0.282037,-1.20194,-0.278902,-27.2669,-27.2919,0.563,0.553845,0.118634,3.51256,34.3624
4.1541e+07,0.656718,-1.53848,10.4001,-8.39827,43.3823,-7.80601,43.1702,3.57439,5.01567,0.431177,4.91492,-28.7631,-28.7348,0.563,0.558015,0.140159,3.51206,34.3653
4.1561e+07,1.31834,-2.23211,8.19983,-15.0435,29.8403,-9.26767,29.7471,8.81811,1.56529,3.14099,1.51606,-30.7173,-30.6729,0.563,0.558187,0.138064,3.51176,34.4241
4.1581e+07,-1.70961,-1.60351,10.8982,-8.27046,-10.2513,-7.71947,-9.99944,-8.82193,-4.57211,-2.82706,-4.53578,-30.3814,-30.372,0.575,0.56301,0.147094,3.51104,34.3859
4.1601e+07,-0.778522,-1.00622,10.3096,-5.55875,-27.6406,-5.34958,-27.3621,-4.29812,-3.94616,-1.77411,-3.95154,-29.4807,-29.533,0.575,0.572549,0.164115,3.51045,34.3918
4.1621e+07,-0.568429,-0.871353,8.80907,-5.63741,-16.9383,-5.63264,-16.8395,-3.67416,-5.64082,-1.74009,-5.51642,-28.4425,-28.4761,0.575,0.572927,0.145328,3.50854,34.3447
4.1642e+07,-1.09405,0.178715,10.3901,0.980005,19.2602,-3.47841,19.0247,-6.01005,-1.65608,-3.04949,-1.5967,-26.87,-26.8533,0.583,0.575885,0.141833,3.50833,34.3829
4.1663e+07,0.202532,0.248559,9.29929,1.53072,47.6571,-2.62734,47.2642,1.24722,6.02331,0.304419,5.94475,-25.0074,-24.9848,0.583,0.581079,0.133866,3.50804,34.3418
4.1683e+07,1.57315,0.272643,8.91827,1.72445,36.9243,-2.1048,36.6188,9.99924,6.93934,3.24854,6.84925,-24.6715,-24.6028,0.583,0.580736,0.116567,3.50726,34.3594
4.1703e+07,-0.742383,-2.15985,10.2341,-11.8868,-3.71691,-8.5527,-3.50137,-4.05987,-3.93089,0.227115,-3.78427,-23.4807,-23.4743,0.592,0.584296,0.115624,3.50686,34.3329
4.1723e+07,-0.649017,-3.02448,9.30903,-17.958,-21.7016,-9.56324,-21.3834,-3.79357,-4.69425,-0.919246,-4.6065,-22.0455,-22.1059,0.592,0.587518,0.11521,3.50513,34.3153
4.1744e+07,-1.75248,-2.00812,10.4061,-10.7743,-19.1673,-7.61658,-18.9,-9.38934,-6.69425,-2.7435,-6.5731,-21.6791,-21.7718,0.592,0.587768,0.105855,3.50509,34.3241
4.1764e+07,1.29435,-1.81304,7.77791,-12.9495,9.15332,-7.80504,9.03621,9.20579,5.47369,2.49371,5.33319,-21.4807,-21.4825,0.602,0.591118,0.0978933,3.50344,34.3565
4.1784e+07,-1.56863,-1.97922,9.77685,-11.3035,21.5655,-7.28825,21.52,-8.93675,3.45842,-3.50339,3.46843,-19.0074,-19.041,0.602,0.597789,0.105824,3.50323,34.3212
4.1804e+07,1.35865,-1.21094,8.021,-8.46637,38.6648,-7.95519,38.3516,9.50816,13.092,2.79077,12.9002,-20.6715,-20.5529,0.602,0.593285,0.0722109,3.50295,34.2918
4.1824e+07,0.384473,-1.42529,8.76225,-9.23022,30.3136,-6.71123,30.1639,2.47988,6.45079,-0.288858,6.47393,-21.3433,-21.3225,0.609,0.600262,0.0915871,3.50166,34.2976
4.1844e+07,-2.60061,-0.392079,11.0837,-1.97243,2.89378,-6.57128,3.03675,-13.1967,1.90117,-5.34064,1.96738,-21.1143,-21.1469,0.609,0.602268,0.0929862,3.50171,34.2712
4.1945e+07,-0.21278,-0.370403,8.7051,-2.43575,33.1228,-3.19079,32.8583,-1.39895,6.69506,-0.98941,6.74069,-18.5188,-18.509,0.618,0.613738,0.0554829,3.49971,34.2712
4.2025e+07,0.962145,-0.758158,8.10041,-5.30991,-13.8543,-4.35534,-13.8124,6.7445,6.96987,1.23201,6.90232,-17.1143,-17.0893,0.62,0.617721,0.0193468,3.49997,34.2535
4.2146e+07,0.162316,-1.10738,9.17607,-6.88017,-22.4192,-4.01644,-22.2232,1.0061,9.21415,-0.494866,9.13766,-13.0532,-13.0204,0.62,0.618862,-0.0117826,3.50003,34.2388
4.2248e+07,-0.836251,0.508668,10.3524,2.80386,-15.1673,0.204998,-15.0596,-4.6127,-2.77059,-3.30369,-2.71619,-4.64097,-4.72785,0.615,0.614669,-0.0374636,3.50057,34.23
4.2268e+07,-1.10607,0.482175,10.5164,2.61078,-23.6711,-0.431962,-23.5383,-5.99779,4.51186,-4.47644,4.5304,-1.81654,-1.86789,0.615,0.613029,-0.0327323,3.50084,34.2212
4.2288e+07,-0.551589,-1.32173,10.0548,-7.4776,-22.5566,-3.76902,-22.394,-3.11327,13.947,-3.64974,13.8044,0.412467,0.334341,0.615,0.612472,-0.0194617,3.50076,34.2212
4.2308e+07,-1.3565,-0.579935,11.1132,-2.96526,-6.54133,-1.31003,-6.49708,-6.94982,6.51186,-4.52734,6.5184,1.54224,1.49188,0.612,0.611415,-0.00823111,3.50085,34.2094
4.2328e+07,-0.134225,0.506259,9.51605,3.04499,13.6113,0.645259,13.4178,-0.80697,-1.74769,-1.90739,-1.67828,2.58041,2.4967,0.612,0.611331,-0.00264016,3.50077,34.2124
4.2448e+07,-0.645364,1.01443,10.6712,5.42054,3.36706,1.27501,3.24605,-3.44538,-7.54921,-2.52401,-7.38989,8.80941,8.79175,0.611,0.610346,0.035899,3.50129,34.1888
4.2468e+07,-1.60979,0.0847868,11.8007,0.407881,-0.464998,-0.0130335,-0.411499,-7.76789,-7.57975,-4.4487,-7.52133,8.96209,9.00733,0.611,0.61007,0.045423,3.50119,34.1888
4.2488e+07,-1.07509,0.706158,11.3121,3.55607,-10.4955,2.02231,-10.4168,-5.41854,-3.88509,-4.79514,-3.84136,10.6873,10.6688,0.613,0.610842,0.0574101,3.50076,34.1329
4.2508e+07,-0.129349,0.144997,9.90722,0.838421,-22.7856,0.983295,-22.6363,-0.747934,8.19125,-2.40622,8.07858,13.13,13.0274,0.613,0.612147,0.0608856,3.50043,34.1535
4.2528e+07,-1.4118,0.797677,9.87376,4.57245,-27.4574,2.33447,-27.2799,-8.11122,8.22178,-4.82445,8.25708,15.0079,14.8671,0.613,0.611723,0.0571424,3.50045,34.1241
4.2548e+07,0.348246,0.0462522,9.44605,0.280354,-22.236,0.895833,-22.1356,2.11134,15.4737,-1.3156,15.3109,14.7636,14.7411,0.618,0.615091,0.063111,3.50056,34.1712
4.2568e+07,-0.091297,0.696524,9.30501,4.28067,-14.1291,2.10251,-14.0831,-0.560577,7.7027,-1.84368,7.68806,16.7178,16.6415,0.618,0.617221,0.0652623,3.50032,34.1712
4.2588e+07,-0.955567,0.234108,11.1071,1.20303,-9.74744,2.04618,-9.71658,-4.9161,-2.63318,-3.27648,-2.57549,15.8323,15.9238,0.618,0.617123,0.062286,3.50001,34.1476
4.2608e+07,-1.20625,0.0751532,10.5894,0.404008,-9.64057,0.770065,-9.55537,-6.4984,-3.80875,-3.78197,-3.81822,16.7636,16.878,0.625,0.621499,0.0675389,3.49981,34.1153
4.2628e+07,-0.19609,-0.281292,9.55046,-1.6867,-5.71691,-0.767915,-5.68527,-1.17572,-2.51104,-1.82041,-2.57688,18.6873,18.6378,0.625,0.624704,0.0628812,3.49961,34.1035
4.2668e+07,-1.47136,0.289502,11.0482,1.48787,-10.0222,0.760605,-9.93502,-7.58319,1.47369,-3.38055,1.4934,16.6415,16.6335,0.629,0.627075,0.0459854,3.49891,34.1124
4.2688e+07,0.448168,1.36847,9.31987,8.34376,-19.5795,3.4724,-19.5069,2.72392,7.45842,-0.902277,7.48693,16.8705,16.895,0.629,0.627566,0.0407692,3.49876,34.1359
4.2708e+07,-0.810067,0.804902,10.4502,4.39126,-28.6482,2.46151,-28.4954,-4.41949,5.77903,-2.5421,5.83112,17.8323,17.8763,0.629,0.62814,0.0416814,3.49811,34.1035
4.2728e+07,0.415235,-0.418572,9.06774,-2.64016,-25.6406,-0.0335011,-25.509,2.6191,10.1912,-2.2753,10.0212,18.3667,18.386,0.634,0.630121,0.0427158,3.49808,34.1329
4.2848e+07,-0.697619,0.0149428,10.2209,0.0835711,-31.9917,2.03191,-31.7568,-3.90462,11.9622,-3.69354,11.7921,28.4888,28.4676,0.644,0.639934,0.0612737,3.4943,34.0476
4.2868e+07,0.806542,0.657989,9.20683,4.07229,-17.2436,2.65047,-17.217,4.9938,7.62636,0.415886,7.59242,29.6338,29.6167,0.644,0.642918,0.0666357,3.49421,34.0388
4.2948e+07,1.17189,0.638722,8.54645,4.2346,-13.7169,1.88311,-13.6429,7.78624,3.9775,1.46831,3.91378,27.7254,27.743,0.652,0.651102,0.0500164,3.49232,34.0771
4.2969e+07,-0.554362,0.0631111,9.39462,0.384227,-24.7398,0.761169,-24.5958,-3.37694,1.77903,-2.1057,1.8052,25.3132,25.4146,0.654,0.653004,0.0426072,3.49258,34.0771
4.3049e+07,0.0188624,-0.449881,8.77363,-2.93535,-6.38866,-0.822979,-6.32418,0.123018,1.55002,-0.106655,1.47559,21.359,21.4643,0.659,0.658437,0.0151283,3.49031,34.0153
4.3069e+07,0.4822,-0.799101,8.49963,-5.36236,-6.465,-2.04249,-6.4209,3.23279,-0.770587,0.0963778,-0.866601,20.0003,19.9943,0.659,0.658352,0.00281087,3.49067,34.0182
4.317e+07,1.24113,0.667623,8.01936,4.70324,8.16096,1.27704,8.01949,8.76779,-0.312572,3.48786,-0.229992,12.0919,12.1439,0.659,0.65798,-0.043487,3.49052,34.0241
4.3191e+07,-0.42334,1.1758,9.57911,6.99107,5.4892,3.5986,5.42205,-2.51166,-8.54158,-2.40406,-8.45961,8.85522,8.91101,0.659,0.65731,-0.0526029,3.49088,34.0094
4.3432e+07,-0.621404,0.720608,10.7942,3.81305,1.91668,0.43171,1.88215,-3.2875,-0.297304,-1.66248,-0.268287,-2.32036,-2.31849,0.631,0.629466,-0.130127,3.49502,33.9447
4.3452e+07,-0.437328,-0.0452675,9.94517,-0.26054,1.26019,-1.99853,1.21477,-2.51787,-0.678984,-1.98683,-0.624062,-3.20585,-3.22584,0.623,0.624487,-0.135743,3.49549,33.9535
4.3472e+07,-0.661825,0.0992373,11.0923,0.511671,-0.72454,-1.30603,-0.736516,-3.41437,-3.85456,-1.3467,-3.78736,-3.99975,-3.99122,0.623,0.621735,-0.124125,3.49567,33.9212
4.3492e+07,-0.719068,-0.134379,10.3109,-0.744868,-1.85431,-1.91404,-1.82322,-3.98893,-8.58738,-1.66036,-8.4621,-2.83944,-2.92581,0.623,0.621534,-0.111305,3.49636,33.9506
4.3572e+07,-0.498988,-1.56979,9.99264,-8.91698,-1.76271,-4.66351,-1.66517,-2.82414,1.06147,-1.48244,1.04926,-4.97685,-5.0763,0.601,0.603407,-0.129779,3.4989,33.8888
4.3592e+07,-0.274567,-1.43974,9.95941,-8.22265,-7.39629,-4.52724,-7.2125,-1.56293,-0.877457,-0.603767,-0.865004,-6.74784,-6.73936,0.601,0.599431,-0.130087,3.49933,33.9006
4.3612e+07,-0.341748,-0.2837,9.93758,-1.63428,0.939583,-1.73899,0.927073,-1.96879,-6.83166,-1.28474,-6.76788,-6.19822,-6.25133,0.601,0.599657,-0.115246,3.49941,33.8947
4.3632e+07,-0.408553,-0.478782,9.64529,-2.83923,1.4434,-2.51877,1.44608,-2.42249,-9.38127,-1.0753,-9.29818,-7.17532,-7.22488,0.593,0.594711,-0.114208,3.50025,33.9065
4.3652e+07,0.517851,-0.199406,9.45263,-1.20668,8.61897,-2.02614,8.46502,3.13505,-8.58738,0.997294,-8.52814,-8.28982,-8.29309,0.593,0.591717,-0.111882,3.50104,33.9035
4.3672e+07,-0.835898,-0.760566,10.4026,-4.16825,0.283094,-3.24289,0.362627,-4.58194,-7.99196,-0.942516,-7.90707,-6.97685,-7.06134,0.593,0.591386,-0.105409,3.5012,33.8624
4.3692e+07,-0.549303,-0.955648,9.83222,-5.54287,-3.12149,-3.6498,-2.98359,-3.18269,-5.2286,-0.823607,-5.16032,-6.99211,-7.05024,0.584,0.58602,-0.118438,3.50195,33.9035
4.3712e+07,0.133432,-0.281292,10.1556,-1.58645,4.29836,-2.90275,4.25381,0.752462,-1.96143,0.156538,-1.93335,-6.12188,-6.22154,0.584,0.581378,-0.124748,3.50232,33.9006
4.3732e+07,-0.578184,-0.139196,10.0116,-0.795231,8.05409,-2.04026,7.99543,-3.30492,-3.28967,-0.759093,-3.22801,-6.79364,-6.8238,0.584,0.58222,-0.109593,3.50258,33.8918
4.3752e+07,-0.12907,-0.859311,11.2019,-4.38633,10.4663,-4.16141,10.4051,-0.658205,-4.80112,-0.10445,-4.75638,-7.81654,-7.80539,0.573,0.575333,-0.109212,3.50343,33.8712
4.3772e+07,-0.659061,-1.25429,10.905,-6.54948,7.80981,-4.76331,7.90253,-3.43596,-9.83929,-1.17233,-9.77752,-8.90051,-8.84517,0.573,0.571096,-0.101211,3.50288,33.8712
4.3793e+07,-0.527652,-1.53367,10.5317,-8.27518,3.90141,-5.16572,3.97326,-2.83832,-12.8469,-1.33346,-12.7629,-8.86998,-8.89962,0.573,0.570651,-0.0789953,3.50312,33.8712
4.3813e+07,-0.544707,-0.307785,11.5641,-1.52291,-5.31996,-3.62216,-5.23574,-2.69588,-9.91562,-1.06222,-9.86623,-10.0303,-10.0092,0.565,0.565818,-0.0707494,3.50318,33.8682
4.3833e+07,-0.17193,-1.29523,10.8665,-6.79646,-7.4879,-5.03862,-7.35735,-0.900088,-6.09883,-0.0955131,-6.07541,-10.412,-10.3802,0.565,0.56322,-0.059818,3.50408,33.8741
4.3853e+07,0.720792,-0.107886,10.1886,-0.605165,8.80218,-2.81446,8.59792,4.04642,-1.73242,1.62085,-1.73646,-10.0608,-10.0541,0.565,0.562628,-0.0456764,3.50434,33.8712
4.38731e+07,0.224133,-0.148829,10.5095,-0.811151,12.6342,-3.06116,12.52,1.22162,-1.10646,0.424874,-1.09597,-10.9616,-10.9134,0.564,0.562752,-0.0332623,3.50341,33.8565
4.3893e+07,0.969581,-1.73838,8.87046,-11.0239,13.7945,-8.4989,13.7213,6.12237,-0.114098,4.03147,-0.123143,-11.8318,-11.7721,0.564,0.559764,-0.0402655,3.50337,33.8624
4.3973e+07,-0.1001,-1.99367,10.1269,-11.1368,-3.12149,-6.4156,-2.97852,-0.555661,-6.55685,0.0170805,-6.51507,-14.3204,-14.3947,0.561,0.558891,0.00660144,3.50333,33.8359
4.4075e+07,0.140779,-0.941197,9.70343,-5.53957,19.6724,-5.2167,19.5468,0.827315,-8.2057,0.282671,-8.18149,-22.9005,-22.8461,0.566,0.563916,0.0414568,3.50133,33.8006
4.4095e+07,-0.0745011,0.405106,10.7694,2.15419,14.9701,-2.62436,14.7733,-0.396076,-5.42708,-0.213743,-5.38153,-23.8013,-23.826,0.566,0.564301,0.05374,3.50165,33.8065
4.4195e+07,-0.570649,-1.47587,10.2778,-8.1593,16.4052,-6.26825,16.3612,-3.14575,-5.2286,-1.30052,-5.25108,-26.1372,-26.1477,0.572,0.569656,0.0730862,3.49944,33.7976
4.4416e+07,-0.902447,-1.87807,10.078,-10.5151,7.32126,-6.64444,7.31599,-5.03084,-5.61028,-1.06605,-5.4988,-29.9845,-30.1141,0.596,0.590638,0.0735138,3.5134,33.7859
4.4436e+07,-1.55209,-1.32654,10.5994,-7.05914,11.3671,-6.28723,11.3354,-8.26717,-5.24387,-3.58855,-5.20002,-32.1219,-32.1046,0.596,0.592436,0.0771155,3.51219,33.7624
4.4456e+07,0.911792,-0.00914133,8.99912,-0.0579047,14.2678,-2.86437,14.158,5.78547,4.61873,1.90027,4.50556,-32.702,-32.6823,0.596,0.593924,0.0720454,3.51154,33.7594
4.4476e+07,0.496361,-0.199406,8.60742,-1.32492,5.22966,-3.03302,5.20537,3.29951,8.49659,0.617418,8.47819,-32.8547,-32.7985,0.604,0.599618,0.0780784,3.51067,33.7182
4.4596e+07,-0.174987,1.11318,9.4672,6.70507,1.22966,-0.826024,1.14851,-1.05166,6.67979,-2.79942,6.56247,-29.0684,-29.0372,0.615,0.609722,0.052059,3.50696,33.6918
4.4616e+07,0.78018,0.999984,8.8394,6.42953,0.389964,0.252807,0.270799,5.01215,12.3745,1.50795,12.2078,-29.0837,-29.0003,0.615,0.612908,0.0431045,3.50573,33.6771
4.4636e+07,1.39889,0.0655195,8.17258,0.452745,6.06935,-1.73693,5.92872,9.71281,10.0386,3.26719,9.95619,-27.6486,-27.617,0.615,0.613327,0.0310314,3.50498,33.7006
4.4656e+07,-2.20673,-0.0115497,10.951,-0.0592374,13.1991,-3.11766,13.0815,-11.393,0.557658,-4.21312,0.631913,-25.2517,-25.2823,0.621,0.616181,0.0337376,3.50435,33.6947
4.4676e+07,-1.7318,0.91569,10.5414,4.89925,15.6419,-1.11578,15.4886,-9.29518,-0.144633,-5.19279,-0.0944474,-25.0379,-25.1044,0.621,0.618055,0.033583,3.50376,33.6771
4.4696e+07,0.625348,-0.358361,8.68541,-2.3566,2.11516,-2.2496,2.17811,4.11469,2.57292,0.670976,2.5372,-27.9845,-27.8897,0.621,0.619707,0.0238203,3.50303,33.7035
4.4716e+07,0.486775,-0.0741685,8.74771,-0.485027,-6.87721,-1.44754,-6.8017,3.18488,-0.846923,0.658823,-0.778909,-26.8242,-26.8039,0.624,0.622282,0.0162989,3.5025,33.6535
4.4736e+07,-0.0671307,-0.339094,8.99943,-2.15779,-7.59477,-2.57043,-7.59068,-0.427083,1.29048,-1.00972,1.36041,-26.9158,-26.8756,0.624,0.623047,0.00688475,3.50217,33.6859
4.4756e+07,-0.917217,-0.286109,10.8878,-1.49996,-1.54897,-3.72833,-1.52307,-4.81374,12.3286,-4.21374,12.2061,-27.4043,-27.3418,0.624,0.621268,-0.000407364,3.50193,33.6829
4.4776e+07,0.369803,-0.189772,9.71394,-1.11838,14.5579,-2.95101,14.3817,2.17974,13.0462,-1.63068,12.9693,-26.9005,-26.8051,0.625,0.62202,0.00469367,3.50171,33.6182
4.4796e+07,-2.36167,-0.972507,11.4696,-4.74739,9.09225,-3.69699,9.16339,-11.5945,0.420253,-4.62056,0.520986,-24.9921,-25.0293,0.625,0.622983,0.0166652,3.50015,33.6506
4.4816e+07,-1.61941,0.308769,10.8276,1.6155,4.66477,-2.02302,4.6492,-8.50287,-6.17517,-4.03786,-6.11696,-24.9616,-24.9941,0.625,0.623015,0.0107142,3.49985,33.6712
4.4836e+07,0.675903,-1.83472,8.54529,-12.0811,-9.01462,-9.12737,-8.90798,4.42212,-7.1828,1.14656,-7.16605,-25.4043,-25.3768,0.625,0.62053,-0.0117009,3.49847,33.6476
4.4856e+07,-1.23438,-1.79137,10.133,-9.95339,-16.0986,-5.1384,-15.8972,-6.84039,-2.2973,-3.8383,-2.25309,-24.5646,-24.6199,0.625,0.62219,-0.00206592,3.49817,33.6271
4.4876e+07,-1.85085,-0.346319,11.615,-1.68659,-6.72454,-3.84922,-6.64042,-9.04999,11.4432,-4.84655,11.3638,-24.8547,-24.8103,0.625,0.621651,0.00476569,3.4978,33.6535
4.48962e+07,-0.845192,-1.6854,9.62237,-9.89746,6.90905,-5.69976,6.89685,-4.94486,17.2599,-3.1417,17.175,-20.8547,-20.959,0.627,0.623127,0.0111232,3.50344,33.5976
4.4916e+07,-1.89628,-0.115112,10.7892,-0.602048,15.1991,-2.77204,15.1476,-9.9678,10.7561,-3.86694,10.723,-21.7555,-21.7848,0.627,0.624659,0.00892423,3.50323,33.6153
4.4936e+07,0.623462,-2.16226,8.61841,-14.0489,6.40523,-5.23014,6.49024,4.01364,0.237047,2.52869,0.243079,-22.4425,-22.4168,0.627,0.624772,-0.00564121,3.50286,33.6153
4.4956e+07,-1.08891,-1.10979,10.0437,-6.2689,-13.9764,-3.93242,-13.7163,-6.15052,-14.5721,-3.13954,-14.3422,-22.244,-22.2832,0.626,0.624605,-0.00617126,3.50234,33.6006
4.4976e+07,-0.279397,-1.24466,10.2708,-6.90715,-24.9535,-6.04143,-24.7507,-1.54693,0.832467,-1.29611,0.783702,-20.9616,-20.9988,0.626,0.623258,-0.0039729,3.50168,33.5565
4.4996e+07,-1.36342,-1.44696,10.098,-8.08214,-20.3276,-4.94755,-20.0948,-7.61264,5.25995,-5.08831,5.2656,-19.4349,-19.4851,0.626,0.622818,-0.0018484,3.50029,33.5947
4.5016e+07,-1.26862,1.13726,10.7978,5.97168,6.83271,-0.311396,6.68701,-6.66441,11.8554,-4.28791,11.8554,-18.1677,-18.1539,0.625,0.622668,0.00130517,3.49973,33.5947
4.5117e+07,0.324606,-0.811143,9.30936,-4.97671,-19.0452,-3.24462,-18.925,1.98949,-3.90036,-0.651101,-3.97129,-14.5494,-14.474,0.628,0.627043,0.0037689,3.49741,33.5771
4.5137e+07,-0.649695,-0.584752,10.3885,-3.21543,-5.90011,-2.0369,-5.86207,-3.57298,4.69506,-3.19368,4.62671,-14.0455,-14.0441,0.632,0.629401,0.00822,3.497,33.5212
4.5218e+07,1.21515,-0.363178,8.3335,-2.46932,-13.2894,-1.88931,-13.2266,8.28834,-2.58738,2.59105,-2.51367,-11.3891,-11.435,0.629,0.62815,-0.0298092,3.52367,33.5359
4.544e+07,-0.102834,-0.748524,8.69491,-4.91999,0.924316,-2.63514,0.92709,-0.675108,13.7943,-1.23477,13.6617,-1.92341,-1.9359,0.625,0.623919,-0.0393314,3.51199,33.5006
4.546e+07,0.0379838,-0.517317,8.68091,-3.41033,2.49683,-2.40383,2.46575,0.250255,10.5271,-0.501108,10.4448,-2.41196,-2.45946,0.625,0.623513,-0.0537053,3.51119,33.4947
4.548e+07,-0.284392,-0.454698,10.367,-2.51045,-5.65584,-1.22782,-5.53264,-1.56986,-1.64082,-1.04973,-1.61412,-5.17532,-5.04848,0.625,0.62432,-0.0483458,3.51033,33.4918
4.55e+07,-0.778814,0.0438438,10.8882,0.230126,-11.5795,0.308519,-11.4331,-4.09127,-11.7172,-2.57331,-11.647,-4.01501,-3.91013,0.623,0.622756,-0.0506235,3.50927,33.4447
4.562e+07,0.0953007,-0.548626,9.40258,-3.33916,10.9243,-2.06954,10.9119,0.579721,-8.0225,-0.522808,-8.00506,0.290329,0.432264,0.621,0.620303,-0.0423046,3.50545,33.4624
4.566e+07,-0.965155,0.366571,10.5944,1.9735,-21.32,0.27988,-21.1166,-5.20219,-8.48051,-1.88077,-8.39665,0.229261,0.206543,0.621,0.620231,-0.0439205,3.50468,33.4212
4.568e+07,-0.394564,0.737467,9.28872,4.53534,-25.7169,1.64774,-25.5929,-2.42471,4.61873,-1.89282,4.59645,0.794146,0.717997,0.618,0.617978,-0.0585144,3.50424,33.4212
4.57e+07,0.290638,1.12522,9.21753,6.95647,-10.6482,2.74153,-10.7405,1.7927,11.8554,0.629688,11.8091,0.977352,0.946319,0.618,0.61679,-0.0699299,3.50382,33.4418
4.572e+07,-0.991153,-0.596794,9.88066,-3.43926,1.3518,-1.60766,1.35979,-5.71797,11.0615,-1.65659,10.9988,1.43537,1.39899,0.618,0.616903,-0.0740112,3.50384,33.4447
4.574e+07,-1.51419,-0.245166,10.791,-1.28888,14.0388,-1.3123,13.9112,-7.98553,-2.64845,-4.62736,-2.54811,1.25216,1.20468,0.618,0.616298,-0.0739728,3.50302,33.4506
4.576e+07,0.892572,0.414739,8.51072,2.7747,13.8861,0.606112,13.7381,5.98003,-12.6943,2.14083,-12.5583,1.03842,0.970236,0.618,0.616875,-0.0771924,3.50266,33.38
4.578e+07,0.39128,-0.141604,8.96611,-0.903951,-7.24362,-0.984628,-7.1432,2.49848,-13.1981,0.433063,-13.1916,0.229261,0.267924,0.618,0.61724,-0.0772008,3.50224,33.4035
4.58e+07,0.921273,0.243742,8.82145,1.57416,-22.7398,0.0827847,-22.6402,5.95985,-8.96906,1.99638,-8.99363,0.275062,0.282744,0.614,0.614696,-0.0883304,3.50208,33.4006
4.582e+07,0.147861,-0.647371,9.65404,-3.83589,-26.694,-1.98302,-26.5264,0.875504,1.56529,0.440035,1.49731,2.19873,2.19191,0.614,0.613231,-0.0909786,3.50076,33.3859
4.584e+07,0.374832,-1.10256,9.1664,-6.85308,-13.8696,-2.53897,-13.8068,2.32489,11.0462,-0.95899,10.9126,4.88575,4.86729,0.614,0.612324,-0.086377,3.50018,33.3741
4.586e+07,-0.260471,-0.608836,10.3406,-3.36852,1.84035,-2.10062,1.8057,-1.44043,11.4737,-1.15023,11.4153,6.61094,6.62344,0.611,0.611225,-0.0775321,3.49945,33.3859
4.588e+07,0.799501,0.21725,8.99483,1.37815,11.2144,0.447833,11.0961,5.07789,8.29811,1.50112,8.23577,5.93918,5.99148,0.611,0.610295,-0.0739694,3.49961,33.3829
4.59e+07,0.942963,-0.473965,8.98647,-3.00265,-1.73217,-1.54354,-1.70393,5.98195,-2.95379,2.03193,-2.95811,6.58041,6.61822,0.611,0.61003,-0.070031,3.49951,33.3976
4.59202e+07,-0.654507,-0.457106,10.8113,-2.41663,-21.6711,-1.06193,-21.4183,-3.46133,-13.2133,-1.31093,-13.1367,7.55751,7.59422,0.605,0.606699,-0.0679302,3.50498,33.3771
4.5941e+07,-0.625618,-1.30246,10.3659,-7.14871,-32.6329,-2.86891,-32.3243,-3.42692,-13.8088,-2.2446,-13.7563,9.11476,9.12979,0.605,0.604134,-0.0587025,3.50469,33.3624
4.5961e+07,-0.203495,0.588145,9.98397,3.37064,-21.1062,0.973558,-21.0443,-1.16563,-10.9538,-1.62253,-10.8292,9.19109,9.25651,0.605,0.604174,-0.0476397,3.50433,33.3771
4.5981e+07,-0.17247,0.645947,9.82259,3.76186,-0.739807,1.52158,-0.820587,-1.00375,1.96224,-1.37626,1.91043,11.0995,11.0982,0.604,0.603657,-0.0431229,3.50425,33.3947
4.6001e+07,0.128712,-0.483599,10.5708,-2.61919,14.6342,-1.53599,14.4939,0.696884,10.9546,0.148718,10.8365,11.8323,11.8242,0.604,0.603592,-0.0355845,3.504,33.3888
4.6021e+07,0.190847,-0.666638,10.5894,-3.60162,3.68767,-2.6889,3.72543,1.03046,3.67216,0.162699,3.69893,13.4964,13.4494,0.604,0.603313,-0.0236467,3.50097,33.3771
4.6041e+07,0.398223,0.650764,10.1046,3.68205,-11.4726,0.646589,-11.4168,2.25219,-10.4652,0.227437,-10.3313,12.9926,13.0594,0.599,0.600546,-0.0195788,3.50063,33.3653
4.6121e+07,0.109558,-0.298151,9.39584,-1.81739,8.95485,-0.914496,8.89825,0.667718,5.97751,-0.485367,5.88311,9.66438,9.67111,0.601,0.600414,-0.0316605,3.50018,33.3271
4.6141e+07,0.209625,0.501442,9.77691,2.93536,-4.00698,1.02944,-3.99099,1.22667,3.7485,-0.184605,3.70658,10.3972,10.3586,0.601,0.600567,-0.0210365,3.50005,33.33
4.6263e+07,-0.714521,0.689299,11.3711,3.46212,-16.8772,1.72066,-16.7363,-3.58897,-2.70952,-2.55467,-2.68127,8.06132,8.03814,0.598,0.597369,2.55849e-05,3.51442,33.3065
4.6344e+07,0.264548,0.491809,9.81246,2.86827,18.9854,0.13777,18.778,1.54241,-7.41181,0.12717,-7.35207,7.06895,7.02834,0.599,0.598489,0.0162506,3.51174,33.3065
4.6364e+07,0.7564,0.645947,9.58436,3.84376,7.62661,-0.0445225,7.48815,4.50227,-9.06066,0.399913,-9.01617,5.58804,5.56436,0.599,0.598175,0.0202089,3.51128,33.2918
4.6444e+07,-0.0289032,-0.418572,8.72386,-2.74693,5.22966,-2.43936,5.17796,-0.189609,5.38209,-0.399117,5.35239,5.4201,5.3758,0.6,0.599589,0.0266456,3.50843,33.2594
4.6464e+07,-0.296376,-0.293334,8.56759,-1.95973,11.3365,-1.97314,11.2543,-1.98007,-0.892724,-1.07744,-0.881495,5.20636,5.12647,0.6,0.599443,0.00731567,3.5078,33.2653
4.6484e+07,0.434478,-0.924339,9.38031,-5.62179,9.09225,-3.02889,9.07059,2.63917,-6.52631,0.894189,-6.49298,2.10712,2.18083,0.6,0.599487,-0.00530844,3.5072,33.2859
4.6504e+07,0.088324,-1.22057,9.07861,-7.65686,-1.06042,-6.25844,-0.997138,0.552432,-7.45761,0.695112,-7.39921,2.3972,2.40338,0.6,0.597805,-0.0230612,3.50663,33.2859
4.6524e+07,-0.234608,0.841029,9.8918,4.8584,-2.70927,-0.0991287,-2.72397,-1.35377,-6.32784,-0.408246,-6.25642,1.89338,1.90301,0.599,0.598114,-0.0277109,3.50576,33.2241
4.6544e+07,-0.344066,-0.534176,9.42672,-3.24111,-2.14439,-2.55669,-2.1623,-2.08697,-2.09883,-1.40743,-2.08563,2.79415,2.70372,0.599,0.598032,-0.0294751,3.50509,33.2447
4.6564e+07,-0.193847,0.238925,9.79584,1.39692,6.54264,-0.901813,6.41906,-1.13332,1.01567,-0.883101,1.03446,3.05369,2.91467,0.599,0.598176,-0.0276948,3.50446,33.2594
4.6664e+07,-0.458891,0.21725,10.684,1.16383,0.313628,-1.81737,0.290371,-2.45891,-10.0072,-1.31112,-9.89313,-2.97685,-2.92457,0.596,0.59423,-0.0386954,3.50186,33.2182
4.6764e+07,0.448488,0.21725,9.70028,1.28163,1.45867,-1.31941,1.39146,2.6465,-6.05303,0.402748,-5.97272,-2.77837,-2.7854,0.59,0.589412,-0.0309477,3.50042,33.1653
4.6784e+07,0.415048,0.255784,9.88318,1.48122,2.80218,-1.47042,2.70525,2.40394,-4.17517,0.591781,-4.19356,-4.42723,-4.31481,0.59,0.589021,-0.024198,3.49986,33.1918
4.6804e+07,0.367197,0.592962,10.1141,3.35306,5.90141,-0.866793,5.77316,2.07568,-2.70952,0.269268,-2.70433,-5.35853,-5.26935,0.59,0.588985,-0.0167901,3.49957,33.1888
4.6824e+07,-0.246241,-0.259616,9.78084,-1.51998,9.96248,-2.44495,9.84053,-1.44166,0.664528,-0.969948,0.665085,-2.07608,-2.1645,0.588,0.587499,-0.0183926,3.4993,33.1712
4.6864e+07,0.174149,-0.726849,9.17192,-4.53025,8.25256,-3.85825,8.21156,1.08436,1.29048,-0.289613,1.31444,-4.18295,-4.2336,0.588,0.5865,-0.0130046,3.49785,33.1741
4.6904e+07,0.27883,0.655581,9.9433,3.77068,2.87851,-0.59588,2.7581,1.60279,-1.57975,0.0410989,-1.58895,-6.56463,-6.50669,0.585,0.58408,-0.0139012,3.4979,33.1741
4.6924e+07,-0.112254,-1.22298,9.59161,-7.26582,1.50447,-4.78386,1.49878,-0.665137,-2.2973,-0.716161,-2.29046,-4.54937,-4.60973,0.585,0.583288,-0.0137338,3.49771,33.1565
4.6944e+07,0.128627,-0.17773,9.54322,-1.06684,9.84035,-2.54352,9.69981,0.772075,-3.79349,-0.14937,-3.74602,-4.5341,-4.61553,0.585,0.583732,-0.0040166,3.49559,33.1741
4.6965e+07,0.77855,-1.72634,9.22678,-10.5609,8.63424,-5.89568,8.61939,4.74127,-0.1599,1.25866,-0.241634,-6.13715,-6.11321,0.585,0.582819,-0.00751656,3.49518,33.1535
4.6985e+07,1.19838,-0.172913,8.85853,-1.10815,8.38996,-1.97954,8.37457,7.70273,0.114909,4.66009,0.0858355,-7.31272,-7.24291,0.585,0.583294,-0.0102032,3.49513,33.1506
4.7005e+07,-0.0528304,-0.242757,9.82818,-1.41491,4.95485,-2.64401,4.87708,-0.307891,1.04621,-0.186743,0.998474,-7.19059,-7.16116,0.585,0.583995,-0.00575189,3.49533,33.1476
4.7025e+07,-0.0644683,-1.32654,9.66026,-7.81877,-0.0985852,-4.81064,-0.0663569,-0.378807,-1.50341,-0.503365,-1.47324,-5.95395,-6.01861,0.585,0.5835,-0.00512084,3.4957,33.1506
4.7045e+07,-0.167432,-0.295743,9.44357,-1.79345,7.73348,-3.28238,7.62771,-1.01524,-0.465243,-1.05687,-0.410093,-5.78601,-5.86232,0.585,0.582899,-0.00959486,3.49461,33.1418
4.7065e+07,1.11029,-1.10979,8.9402,-7.02278,10.8327,-4.23368,10.7389,7.02597,7.12254,2.87671,6.9702,-6.88524,-6.86135,0.586,0.584045,-0.00588624,3.49484,33.1476
4.7145e+07,0.372234,-0.346319,9.58073,-2.06864,0.099888,-3.12312,0.0645267,2.22351,-2.26677,0.0617045,-2.25993,-6.70204,-6.77821,0.586,0.58432,0.00120006,3.49485,33.1035
4.7165e+07,0.0784994,-0.237941,9.87081,-1.38083,4.84798,-2.73939,4.77231,0.455513,2.98514,-0.492055,2.91479,-7.80127,-7.78449,0.586,0.584873,0.00791361,3.49422,33.1035
4.7368e+07,-1.61439,-0.567893,10.2967,-3.1188,1.85561,-3.45901,1.91767,-8.89735,-2.66372,-6.23642,-2.59822,-5.95395,-5.98982,0.595,0.591715,0.0386266,3.50617,33.1124
4.7388e+07,0.290725,0.812128,10.1667,4.56529,-1.91538,-0.795084,-2.00078,1.63277,-2.72479,-0.49617,-2.72648,-8.35089,-8.26224,0.595,0.59353,0.0449692,3.50557,33.1212
4.7588e+07,0.713905,-1.10256,8.4847,-7.37814,21.0007,-5.02706,20.8048,4.76964,6.13018,0.535531,6.0065,-3.7402,-3.77834,0.601,0.598589,-0.00232503,3.50018,33.0682
4.7608e+07,-0.417991,-0.888212,10.2358,-4.9553,12.8938,-3.64443,12.8803,-2.32969,12.8935,-1.68703,12.7793,-2.28982,-2.36911,0.604,0.601959,0.0115453,3.50005,33.0565
4.7628e+07,-1.07955,-0.413755,10.2704,-2.29435,1.88615,-3.05062,1.88823,-5.99568,10.0691,-3.4116,10.0523,-3.99975,-4.05606,0.604,0.60219,0.0104872,3.49984,33.0535
4.7648e+07,0.210046,-1.01345,9.46584,-6.10954,-9.33523,-3.74581,-9.20274,1.26396,9.41262,-0.756997,9.28362,-4.76311,-4.69577,0.604,0.602747,0.0084281,3.49913,33.0476
4.77681e+07,0.479821,-0.828002,8.4521,-5.58613,-8.09859,-4.02064,-8.0689,3.23371,5.27521,0.719477,5.22821,-2.07608,-2.17476,0.604,0.601943,-0.040625,3.49675,33.0418
4.7788e+07,-0.594562,-1.35304,10.7481,-7.16418,-13.5032,-4.54843,-13.3366,-3.14152,6.51186,-2.41103,6.421,-3.31272,-3.25159,0.605,0.602907,-0.0330341,3.49654,33.0153
4.7808e+07,-0.181529,-1.12424,10.1711,-6.30642,-3.13675,-5.3282,-3.12795,-1.01629,8.02331,-0.322015,7.97738,-3.49593,-3.5029,0.605,0.60278,-0.0296508,3.49675,33.0624
4.7828e+07,-0.996189,0.340079,10.2098,1.89875,9.33653,-1.47769,9.23243,-5.56974,1.48896,-2.92205,1.57191,-0.961579,-1.04031,0.605,0.603359,-0.0268809,3.49671,33.0065
4.7848e+07,0.754488,-1.06403,8.3304,-7.24951,6.81744,-3.881,6.81064,5.1337,2.29812,1.59076,2.27102,-1.58753,-1.60697,0.603,0.602115,-0.0365308,3.49599,33.0035
4.7868e+07,0.599223,-0.866537,8.27387,-5.96338,-0.44973,-3.63789,-0.413702,4.11988,-1.93089,1.56926,-1.93956,-0.488297,-0.579025,0.603,0.601501,-0.0472976,3.49463,32.9918
4.7889e+07,-0.49219,-0.252391,10.5883,-1.36402,-8.19019,-1.52671,-8.10587,-2.66069,0.252314,-1.5981,0.197118,-0.976846,-0.966949,0.603,0.602162,-0.0422,3.49452,33.0182
4.7909e+07,-0.0670336,-0.688314,10.262,-3.83724,-9.45736,-3.03433,-9.39377,-0.373426,5.51949,-1.17853,5.40431,0.259795,0.267746,0.602,0.601189,-0.0430609,3.49442,32.9741
4.7929e+07,-1.25171,0.431598,10.8109,2.27103,-6.17492,-0.227533,-6.13116,-6.59926,4.25231,-3.54194,4.29747,2.38193,2.30056,0.602,0.600697,-0.0382984,3.49424,32.9976
4.7949e+07,-0.0765575,-0.787059,8.55949,-5.25346,1.80981,-3.0121,1.79005,-0.510297,10.8325,-1.47156,10.734,1.02315,1.07308,0.602,0.600727,-0.0449432,3.49415,33.0241
4.79691e+07,-0.0933762,-0.413755,8.95423,-2.64548,5.93195,-1.83132,5.90025,-0.596832,6.7256,-1.00579,6.66859,1.57277,1.56759,0.6,0.599419,-0.0525011,3.49272,33.0094
4.7989e+07,-0.152835,-1.26874,9.99044,-7.23673,-2.5108,-3.42396,-2.42101,-0.869464,1.41262,-1.12383,1.38733,1.95445,1.98698,0.6,0.599039,-0.0479921,3.49296,33.0271
4.8009e+07,-0.250674,-1.49272,9.87858,-8.59007,-15.4116,-3.28335,-15.2391,-1.43729,-0.923259,-2.51583,-0.948436,1.4659,1.52503,0.6,0.598354,-0.0439539,3.49293,32.9918
4.8029e+07,0.216623,1.09873,10.756,5.83135,-15.4574,0.774336,-15.3979,1.14779,-1.01486,-0.748469,-0.960922,2.56514,2.61622,0.599,0.597958,-0.0347566,3.49308,32.98
4.8049e+07,0.116689,-0.180139,9.41739,-1.09575,-7.74744,-1.97776,-7.75271,0.709773,9.39735,-0.440014,9.26584,4.4888,4.47352,0.599,0.59822,-0.031061,3.49339,33.0153
4.80691e+07,0.377117,-0.731665,9.22397,-4.53156,-1.27416,-2.86863,-1.30653,2.33388,10.1149,0.107548,9.96612,4.83995,4.82837,0.599,0.59818,-0.0339044,3.49098,33.0182
4.809e+07,-0.473423,0.954224,10.0631,5.41085,4.93958,0.643392,4.83802,-2.6815,0.649261,-1.44639,0.730066,6.4888,6.49317,0.597,0.596574,-0.0393813,3.49055,32.9947
4.8111e+07,-0.792875,-0.909888,10.0747,-5.14481,-3.82378,-2.50436,-3.74105,-4.48173,4.02331,-2.76497,3.95226,7.58804,7.62132,0.597,0.595429,-0.044233,3.49014,32.9624
4.8131e+07,-0.37752,-0.447473,9.36278,-2.73402,-6.02225,-1.82551,-5.96065,-2.30636,-1.44234,-1.76796,-1.3686,8.00025,7.98737,0.597,0.596225,-0.044864,3.49025,32.98
4.81516e+07,-0.351454,0.272643,9.23333,1.69012,-3.86958,-0.106922,-3.86719,-2.17888,-1.47288,-1.15477,-1.39761,7.84758,7.77349,0.594,0.593864,-0.0576684,3.51492,32.9682
4.8172e+07,-0.174365,-1.12424,9.06712,-7.06677,-8.49553,-3.62709,-8.36841,-1.09332,2.83247,-0.970536,2.77611,8.47354,8.39868,0.594,0.59284,-0.0644324,3.51405,32.9565
4.8192e+07,-0.80728,-0.632921,9.99678,-3.61098,-8.69401,-2.33168,-8.56097,-4.60766,2.63399,-2.27386,2.6363,6.64147,6.68626,0.594,0.593046,-0.0602327,3.51323,32.9682
4.8212e+07,-1.02928,-0.866537,10.5902,-4.65595,-10.0833,-2.3531,-9.87622,-5.53291,5.53476,-2.15379,5.49708,5.93918,6.02955,0.59,0.589393,-0.0662692,3.51244,32.98
4.8232e+07,-0.957943,0.193165,10.5158,1.04801,-5.80851,-0.810606,-5.731,-5.20415,1.27521,-1.7845,1.3232,5.29796,5.32024,0.59,0.589058,-0.0617359,3.51153,32.98
4.8252e+07,0.0976872,-0.543809,9.94628,-3.12936,-3.76271,-2.04894,-3.69806,0.561872,-0.465243,0.122304,-0.461354,2.88575,3.00411,0.59,0.589254,-0.055365,3.511,32.9624
4.8272e+07,0.200217,-0.0139582,9.58616,-0.0834087,-3.27416,-1.51607,-3.24531,1.19651,-1.0454,0.863352,-1.04903,1.38957,1.52002,0.589,0.58836,-0.0539391,3.51066,32.9241
4.8292e+07,-0.819233,-0.582344,10.2818,-3.23146,-12.9383,-2.72415,-12.832,-4.54834,1.51949,-3.00561,1.50156,2.13766,2.17228,0.589,0.587822,-0.0487842,3.50942,32.9476
4.8312e+07,-0.965116,0.226883,10.4636,1.2369,-13.4116,-0.481597,-13.2565,-5.26855,4.23705,-1.54955,4.25148,2.22926,2.24462,0.589,0.588098,-0.0442764,3.5095,32.9476
4.8332e+07,-0.635755,0.807311,9.93721,4.63514,-2.54133,0.866761,-2.5825,-3.64865,3.01567,-1.12811,3.04891,2.56514,2.5234,0.585,0.584899,-0.0508506,3.50949,32.9182
4.8352e+07,0.0522493,-0.295743,9.95859,-1.701,2.05409,-1.50149,2.05695,0.300476,1.50422,0.0255417,1.49657,0.641474,0.706575,0.585,0.584453,-0.0487573,3.50915,32.8976
4.8372e+07,0.450862,0.267826,9.23026,1.66006,7.03119,-0.268947,6.91091,2.79528,1.15308,1.02128,1.11371,0.0460546,0.143411,0.585,0.584426,-0.0478108,3.50797,32.9124
4.8392e+07,-0.604375,-0.411346,9.66219,-2.43302,-6.69401,-1.67228,-6.55188,-3.57598,0.0691078,-0.784882,0.0730926,-0.259289,-0.230169,0.583,0.582685,-0.0521201,3.50787,32.9124
4.8413e+07,-0.320435,0.354529,9.64655,2.10362,-9.5795,-0.171246,-9.53536,-1.90124,-0.770587,-0.772822,-0.744169,-0.381426,-0.319318,0.583,0.582373,-0.0526488,3.50761,32.9124
4.8434e+07,0.510461,0.617046,9.22839,3.8195,-6.48026,0.718883,-6.5914,3.159,1.01567,0.758137,1.00901,-0.274556,-0.234208,0.583,0.58224,-0.054464,3.50711,32.93
4.8455e+07,1.0456,-0.331869,8.81329,-2.14148,-4.35813,-1.46319,-4.40186,6.76114,6.78667,2.15726,6.68495,-1.80127,-1.68443,0.58,0.579358,-0.0655501,3.50713,32.8918
4.8475e+07,0.479832,-0.868945,9.59879,-5.16627,-2.09859,-2.31846,-2.082,2.85013,8.42025,0.928143,8.29798,-0.778373,-0.748251,0.58,0.579209,-0.0659152,3.50589,32.9006
4.8495e+07,0.157459,-0.81596,8.81328,-5.28869,-0.266524,-2.52366,-0.217076,1.01918,2.61873,0.198389,2.58994,-0.656236,-0.624892,0.58,0.579104,-0.0667365,3.50522,32.9094
4.8515e+07,0.159811,-0.688314,9.44741,-4.16647,-3.70164,-2.00762,-3.61588,0.966555,-2.32784,-0.0714642,-2.33153,-1.61807,-1.52548,0.578,0.577353,-0.0714451,3.50459,32.88
4.8595e+07,-1.27995,-1.05439,10.4429,-5.72295,-9.07568,-2.1857,-8.88923,-6.95274,10.1607,-3.63875,10.0838,0.778879,0.78211,0.572,0.570409,-0.0868642,3.5017,32.8741
4.8615e+07,-1.03192,0.0125344,10.3399,0.0691127,-1.71691,-0.206157,-1.69892,-5.69921,8.31338,-2.97594,8.31639,2.79415,2.75881,0.572,0.570916,-0.076775,3.50124,32.8447
4.8635e+07,-0.91503,0.438824,10.8794,2.30167,-3.35049,0.31611,-3.33376,-4.80374,2.25231,-2.33508,2.29228,3.60331,3.61508,0.569,0.568202,-0.0745203,3.50097,32.8565
4.8655e+07,-0.222619,0.662806,9.86064,3.84451,-4.73981,1.23654,-4.76898,-1.29041,-5.76295,-1.62204,-5.6603,6.07659,5.98169,0.569,0.568155,-0.0661898,3.50072,32.8771
4.8675e+07,-0.229948,1.26009,10.5881,6.78527,-6.12912,4.10416,-6.10993,-1.23541,-9.94616,-1.72447,-9.86253,7.22163,7.19659,0.569,0.567397,-0.0542223,3.5003,32.8476
4.8696e+07,-0.346588,-0.0500844,9.96407,-0.28782,-11.5795,-0.10462,-11.5045,-1.99214,-2.93853,-1.83235,-2.96284,8.83995,8.84277,0.565,0.564524,-0.050985,3.50008,32.8594
4.8736e+07,-0.251136,0.169081,10.774,0.898854,-4.92301,0.0760835,-4.93004,-1.33513,11.9012,-2.29687,11.8331,11.2216,11.2205,0.565,0.563894,-0.032505,3.49884,32.8594
4.8756e+07,0.419837,0.207616,8.67937,1.36869,0.802178,0.175432,0.738596,2.76855,19.1225,-0.120656,18.9398,11.2064,11.2593,0.563,0.562558,-0.0386218,3.49886,32.8506
4.8776e+07,0.773517,-0.799101,8.88401,-5.12056,-0.281791,-2.89736,-0.258163,4.9562,14.7561,3.49426,14.6521,11.6033,11.5872,0.563,0.561723,-0.0462918,3.49888,32.8329
4.8796e+07,-0.396948,0.723016,9.64484,4.2835,1.45867,0.448136,1.39775,-2.35018,-4.77059,-1.04002,-4.6404,11.0079,11.0467,0.563,0.562195,-0.0483227,3.49754,32.8388
4.8816e+07,-0.988763,-0.606428,10.0896,-3.42323,-5.73217,-1.41984,-5.62164,-5.58701,-13.1065,-2.41575,-12.9697,11.6796,11.5816,0.561,0.560296,-0.0595341,3.49721,32.83
4.8836e+07,-1.39486,-0.0235918,10.9005,-0.123002,-8.72454,-0.706727,-8.5922,-7.2921,-10.8775,-2.80225,-10.7541,9.86285,9.87544,0.561,0.559805,-0.0657689,3.49646,32.8565
4.8856e+07,0.23839,0.104054,8.15228,0.73096,-6.11385,-0.000556217,-6.10401,1.67483,5.48896,0.526018,5.40072,10.0919,10.0415,0.561,0.560322,-0.0766807,3.49626,32.7859
4.8876e+07,0.62285,0.0390269,8.53647,0.261248,-1.36576,-1.36591,-1.42612,4.17306,15.6111,1.55018,15.4195,9.3743,9.42232,0.557,0.556212,-0.100921,3.49591,32.8329
4.8896e+07,-1.60501,0.0414354,10.2383,0.229081,-3.6253,-0.572588,-3.52797,-8.90934,5.32102,-3.36381,5.4105,8.64147,8.66201,0.557,0.555543,-0.106136,3.4954,32.8182
4.8916e+07,0.205246,-0.926747,8.43319,-6.26939,-5.73217,-2.60446,-5.6663,1.38585,4.84773,-0.849153,4.77326,9.60331,9.61287,0.557,0.555571,-0.114047,3.49491,32.7947
4.8936e+07,-0.89794,-0.912296,9.90381,-5.24161,-10.8314,-2.24541,-10.6723,-5.1589,-10.1294,-2.29706,-10.0334,10.3514,10.3006,0.552,0.550959,-0.128189,3.49487,32.7976
4.8956e+07,1.16488,0.0727447,8.41259,0.490749,-2.92301,-0.842139,-2.99897,7.88325,-11.7172,2.46396,-11.6679,10.9163,10.8812,0.552,0.550318,-0.135344,3.49475,32.8094
4.8976e+07,-0.155474,-0.363178,8.80478,-2.36162,-4.35813,-1.26022,-4.35883,-1.01076,-7.71715,-2.48976,-7.69509,11.7102,11.5743,0.552,0.550378,-0.123545,3.4943,32.8271
4.8996e+07,-1.33734,-0.7702,10.3033,-4.23964,-10.4955,-1.87196,-10.3183,-7.37515,-1.62555,-3.67064,-1.5979,11.9545,11.9287,0.544,0.543142,-0.133871,3.49404,32.7947
4.9016e+07,0.563146,0.0679279,8.87608,0.437592,-7.15202,-0.450626,-7.1555,3.63018,7.32102,0.288306,7.25634,13.7254,13.6793,0.544,0.542688,-0.129745,3.49388,32.7653
4.9036e+07,-0.272556,-0.0838022,9.74315,-0.492604,-11.2894,-0.764278,-11.2064,-1.60232,10.0844,-1.94588,9.99994,14.1377,14.0689,0.544,0.542714,-0.118995,3.49347,32.8035
4.9056e+07,-1.35417,-0.377629,10.1662,-2.10869,-12.9993,-1.11437,-12.8728,-7.5821,-0.831656,-3.80363,-0.727066,13.4964,13.5252,0.537,0.536559,-0.126668,3.4914,32.7859
4.9077e+07,-0.110279,0.260601,9.41355,1.58564,-7.04515,-0.0701063,-7.04971,-0.670925,-4.40417,-1.53879,-4.33588,14.0003,13.9788,0.537,0.535547,-0.125386,3.49128,32.7771
4.9098e+07,-1.63127,0.0390269,11.5584,0.19156,-4.86194,-0.300083,-4.77282,-8.0332,-11.6866,-3.81315,-11.5045,13.5575,13.583,0.537,0.535381,-0.109424,3.49109,32.8006
4.9119e+07,-0.711584,-1.2856,9.77959,-7.46949,0.939583,-2.43627,0.983422,-4.12626,-0.358373,-2.6286,-0.413291,14.0155,13.9365,0.531,0.529797,-0.119778,3.4909,32.7741
4.9139e+07,0.159501,0.426782,8.86276,2.75647,3.56554,0.346703,3.51092,1.02984,-1.80875,-0.33661,-1.76009,14.2445,14.247,0.531,0.529906,-0.115801,3.48972,32.7976
4.9159e+07,0.152512,-0.199406,8.67895,-1.31598,-2.43446,-0.537624,-2.41388,1.00647,0.114909,-0.255982,0.0859372,13.0995,13.1099,0.531,0.529972,-0.112965,3.48952,32.7329
4.9179e+07,-0.554168,-0.632921,9.82561,-3.6798,-7.61003,-1.83037,-7.52621,-3.22142,-8.70952,-1.27645,-8.57288,10.0613,10.1046,0.521,0.520884,-0.137934,3.48958,32.7918
4.9199e+07,1.27969,-0.620878,8.24519,-4.2556,-3.4421,-3.00636,-3.45461,8.79766,-3.16753,3.54467,-3.2631,8.85522,8.88811,0.521,0.51906,-0.151228,3.48939,32.7712
4.9219e+07,-0.0262247,-1.46382,8.62484,-9.63251,-1.70164,-5.20234,-1.63669,-0.171757,-1.96143,0.0784436,-2.05125,7.34376,7.36124,0.521,0.518058,-0.159128,3.48929,32.7741
4.9239e+07,0.11888,0.527935,9.40428,3.21283,7.41286,0.353504,7.31412,0.723101,-2.32784,-0.202447,-2.24198,6.12239,6.14442,0.513,0.512172,-0.174352,3.48962,32.7535
4.9259e+07,0.654105,-0.726849,8.62543,-4.8031,6.03882,-2.86849,5.98402,4.32143,8.22178,1.64551,8.06734,5.11476,5.15199,0.513,0.511398,-0.180006,3.48875,32.7388
4.9279e+07,0.771178,-0.974915,8.5181,-6.50285,2.14569,-3.70927,2.13549,5.13975,5.65689,2.05241,5.53262,4.42773,4.4686,0.513,0.510804,-0.185438,3.48885,32.7506
4.9299e+07,-0.344348,0.479767,10.3306,2.65752,4.83271,-0.921843,4.77004,-1.90708,-4.58738,-0.0663153,-4.48711,0.794146,0.908954,0.504,0.502814,-0.208649,3.48886,32.7741
4.9319e+07,0.018632,0.378613,9.90509,2.18901,6.57317,-0.0508262,6.48353,0.107698,-5.42708,0.0407703,-5.35711,0.488803,0.540588,0.504,0.502413,-0.19983,3.48803,32.7418
4.9399e+07,-0.318169,0.79286,9.82295,4.61222,8.38996,2.27064,8.301,-1.84917,-4.38891,-1.67785,-4.36043,-1.75547,-1.74006,0.49,0.487756,-0.229498,3.4872,32.7006
4.9419e+07,0.403303,-0.442656,8.71395,-2.90494,2.95485,-2.22323,2.92812,2.64649,-0.297304,0.887053,-0.290188,-1.52646,-1.55684,0.476,0.475112,-0.263638,3.48746,32.7388
4.9439e+07,0.408275,-1.14832,8.50389,-7.68167,-3.12149,-4.22908,-3.05985,2.72399,2.57292,1.09649,2.50641,-2.74784,-2.70358,0.476,0.473615,-0.259021,3.48763,32.7447
4.9459e+07,0.0809134,-0.331869,9.33646,-2.03567,-6.09859,-1.80501,-6.05077,0.496222,-6.17517,-0.176498,-6.11477,-2.4425,-2.47992,0.476,0.473967,-0.238229,3.48804,32.7388
4.9479e+07,0.814092,-0.734074,9.1951,-4.54671,0.680041,-3.38256,0.596239,5.04355,-8.1599,1.88435,-8.14092,-4.64097,-4.65565,0.461,0.460051,-0.266226,3.48843,32.7359
4.94991e+07,0.0115863,-0.0452675,9.38209,-0.276443,5.56554,-0.680408,5.49954,0.0707562,-12.2668,0.202485,-12.1913,-4.68677,-4.70589,0.461,0.459134,-0.251325,3.48745,32.7476
4.9619e+07,0.295891,-0.589569,9.86294,-3.41932,3.04645,-2.64684,3.05674,1.71531,-4.58738,0.671789,-4.58273,-11.5265,-11.4744,0.425,0.422833,-0.280981,3.49014,32.7241
4.9639e+07,0.193143,-0.336686,10.2148,-1.88748,7.50447,-2.14324,7.45841,1.08264,-6.63318,0.823787,-6.6166,-14.1524,-14.1337,0.425,0.422694,-0.266725,3.49077,32.6771
4.9659e+07,1.1816,0.051069,9.35511,0.310306,10.7564,-1.03518,10.586,7.19854,-2.72479,3.07166,-2.76223,-14.7631,-14.7095,0.407,0.406175,-0.306914,3.49119,32.6918
4.9679e+07,0.324246,0.484583,9.59872,2.88843,5.91668,0.348892,5.80229,1.93226,-0.404175,1.01856,-0.402271,-15.4196,-15.4368,0.407,0.404787,-0.292265,3.49125,32.7035
4.9699e+07,-0.432563,-0.00673292,9.68168,-0.0398054,2.02355,-1.48359,1.98034,-2.55818,0.313383,-1.21777,0.331483,-16.6715,-16.6524,0.407,0.404565,-0.278576,3.49157,32.6829
4.9719e+07,-0.807303,-0.548626,10.3887,-3.01392,-0.877211,-2.96532,-0.793751,-4.43737,-1.33547,-0.474216,-1.29852,-17.4959,-17.5081,0.389,0.388064,-0.313516,3.49203,32.6359
4.9739e+07,-0.124207,-1.17481,9.63206,-6.95339,3.4434,-4.14909,3.48196,-0.733361,-5.83929,0.296469,-5.79926,-17.4349,-17.4677,0.389,0.386429,-0.300684,3.49265,32.6624
4.9819e+07,0.520374,-0.685906,9.45422,-4.1433,3.5808,-2.38404,3.55312,3.14222,0.267581,1.29587,0.231459,-17.786,-17.7806,0.369,0.366383,-0.290319,3.49369,32.6624
4.9839e+07,0.703992,0.200391,10.0918,1.13481,6.93958,-1.30746,6.77752,3.98965,-2.08356,1.57915,-2.08479,-19.5875,-19.5099,0.349,0.348407,-0.31829,3.49422,32.6712
4.9859e+07,0.716364,-1.35785,9.63817,-7.99745,4.77164,-4.54911,4.75504,4.20932,-7.36601,1.38106,-7.35503,-19.4654,-19.4769,0.349,0.346459,-0.298794,3.4948,32.6329
4.9879e+07,0.959654,-0.387262,9.85082,-2.2407,9.74874,-2.13271,9.60613,5.55986,-10.5416,2.17092,-10.4917,-20.1524,-20.1457,0.349,0.346535,-0.26833,3.49486,32.6271
4.9899e+07,0.279374,-1.30246,10.5859,-7.01181,-2.80088,-5.9951,-2.74344,1.50043,-10.7401,0.731467,-10.6766,-20.6715,-20.6771,0.332,0.330549,-0.286257,3.49516,32.5859
4.9919e+07,0.525293,-1.20131,10.1134,-6.76501,3.03119,-4.31733,3.06174,2.95256,-8.60265,0.928259,-8.59826,-22.9463,-22.8682,0.332,0.329565,-0.254582,3.49545,32.63
4.9939e+07,-0.112523,-0.2548,10.8183,-1.34915,13.2755,-3.08645,13.0784,-0.595759,-10.6484,-0.463305,-10.5598,-22.244,-22.2543,0.332,0.329617,-0.215803,3.49564,32.6535
5.00193e+07,-0.358056,-1.74561,10.3602,-9.5584,0.756377,-5.33349,0.895608,-1.9519,2.23705,-0.876182,2.24884,-24.6104,-24.6107,0.306,0.30509,-0.162305,3.49514,32.5859
5.004e+07,1.0052,-1.02308,8.61279,-6.72898,5.70294,-3.94465,5.66645,6.61082,3.51949,2.38765,3.41778,-24.0914,-24.0844,0.306,0.304323,-0.154564,3.495,32.5888
5.006e+07,0.350674,-0.0982526,10.0228,-0.561307,0.542636,-2.69698,0.49908,2.00374,0.572925,0.612471,0.517895,-23.8471,-23.8144,0.306,0.304301,-0.148849,3.49505,32.5918
5.008e+07,-0.921821,-0.900254,9.77802,-5.23725,-4.70927,-4.44819,-4.5779,-5.36309,-6.49578,-2.17827,-6.38882,-22.4272,-22.4706,0.298,0.296874,-0.167587,3.49525,32.6065
5.01e+07,0.224527,-1.56738,8.93311,-9.94862,6.4663,-4.30422,6.44534,1.41813,-3.79349,0.530969,-3.79682,-21.6791,-21.7243,0.298,0.296445,-0.158936,3.49503,32.5653
5.012e+07,0.226556,-0.274067,9.77803,-1.60508,13.7182,-2.08773,13.5902,1.32678,-1.56448,0.123249,-1.5919,-21.8013,-21.8236,0.298,0.296628,-0.148731,3.49364,32.5976
5.014e+07,0.604204,-1.60351,8.89236,-10.199,12.848,-5.80273,12.7589,3.82556,1.12254,1.13072,1.07978,-21.5112,-21.5893,0.29,0.288679,-0.164093,3.49324,32.6212
5.018e+07,-1.3898,-1.04958,11.0436,-5.38679,1.04645,-5.54255,1.14577,-7.14088,-6.90799,-2.9086,-6.76899,-24.4578,-24.4094,0.29,0.28752,-0.133202,3.49252,32.5947
5.02e+07,0.912302,-1.84194,9.27871,-11.1755,-0.587135,-7.13078,-0.538168,5.50858,-8.66372,1.34554,-8.64242,-23.786,-23.7984,0.281,0.279054,-0.140651,3.49226,32.5741
5.022e+07,-0.549285,-1.02068,10.3758,-5.61034,-0.999349,-4.44952,-0.947371,-3.01582,-10.9538,-1.37741,-10.8863,-24.931,-24.9543,0.281,0.279144,-0.122532,3.48991,32.5918
5.024e+07,0.766663,-1.9142,8.82524,-12.1934,5.91668,-7.14482,5.90978,4.85264,-3.2744,0.98848,-3.31488,-24.1372,-24.1741,0.281,0.278728,-0.116257,3.48953,32.5771
5.032e+07,0.508455,-0.758158,8.52104,-5.07551,-7.93065,-3.43574,-7.7992,3.40142,3.29048,1.2975,3.32133,-24.6104,-24.5409,0.27,0.269258,-0.155571,3.4881,32.5388
5.034e+07,-0.986301,-0.873762,9.9087,-5.01473,-11.6864,-4.25305,-11.5689,-5.6626,-3.28967,-1.90439,-3.20814,-23.9539,-23.9379,0.27,0.268326,-0.164036,3.48798,32.5506
5.036e+07,0.539546,-0.933972,9.05968,-5.87555,-4.15965,-3.22203,-4.09795,3.39028,-4.58738,1.58988,-4.60943,-22.8852,-22.8792,0.27,0.268487,-0.17206,3.48804,32.5447
5.038e+07,-1.09142,-0.661821,9.73344,-3.86567,6.80218,-3.65601,6.77365,-6.38332,-6.41944,-2.54131,-6.30523,-20.8394,-20.9508,0.262,0.260975,-0.193741,3.48809,32.5565
5.04e+07,0.410923,-2.08519,8.79441,-13.3247,9.38233,-7.20595,9.41516,2.60316,5.97751,0.270133,5.90676,-22.4272,-22.4011,0.262,0.259307,-0.196846,3.4878,32.58
5.042e+07,-1.14861,-1.08811,10.1246,-6.09537,6.22203,-3.84012,6.28018,-6.43569,7.38209,-1.79531,7.35581,-22.2288,-22.3225,0.262,0.259926,-0.190116,3.4877,32.5506
5.04403e+07,1.02201,-1.38194,8.06137,-9.65171,2.5579,-3.80492,2.51603,7.12256,6.42025,3.04368,6.39843,-22.6715,-22.7232,0.253,0.25196,-0.212428,3.49359,32.5682
5.0541e+07,0.0928379,-0.278884,10.234,-1.5609,-2.5108,-2.85718,-2.47325,0.519553,2.09964,-0.874439,2.05423,-26.7784,-26.7598,0.242,0.240026,-0.187906,3.49265,32.5153
5.0561e+07,-1.23227,-0.799101,10.6593,-4.25905,-1.56423,-4.07349,-1.51423,-6.57612,8.58819,-2.68876,8.55611,-26.7326,-26.7413,0.229,0.228256,-0.207935,3.49256,32.5329
5.0581e+07,-0.227178,-0.11752,10.4672,-0.643107,5.90141,-1.76759,5.87648,-1.24326,17.2294,-2.1871,17.0966,-27.557,-27.4573,0.229,0.227318,-0.193172,3.4923,32.5418
5.0601e+07,-0.800103,-0.67868,10.1724,-3.80528,6.25256,-2.81918,6.27355,-4.48737,12.3592,-1.82912,12.2701,-27.3738,-27.3263,0.229,0.227354,-0.176565,3.49129,32.5359
5.0621e+07,0.89064,-1.2278,9.60023,-7.25731,3.79454,-4.35385,3.8226,5.25773,7.9317,1.18895,7.79606,-28.9463,-28.8866,0.22,0.219126,-0.192332,3.49085,32.53
5.0641e+07,-0.852954,0.465316,10.3808,2.55793,3.12279,-0.854029,3.04344,-4.69254,-8.57211,-2.546,-8.42522,-26.6562,-26.7694,0.22,0.218417,-0.177858,3.49084,32.53
5.0661e+07,0.610851,0.253376,9.85214,1.47038,2.71058,-0.879924,2.57462,3.54673,-3.65608,-0.225157,-3.72286,-27.3738,-27.3313,0.22,0.218383,-0.163603,3.49126,32.5006
5.0681e+07,0.169422,-0.902663,9.08617,-5.67244,-1.61004,-3.59345,-1.61453,1.06299,-0.846923,-1.1588,-0.83873,-26.9463,-26.9917,0.208,0.20742,-0.181609,3.49115,32.5271
5.0701e+07,0.0783963,0.132955,10.1587,0.749812,0.496835,-1.83323,0.444773,0.442115,11.9012,-1.27991,11.7669,-28.015,-27.9126,0.208,0.206461,-0.165714,3.49105,32.4859
5.0721e+07,-1.68144,0.116096,10.2979,0.637472,3.06172,-2.03757,3.04078,-9.27283,9.76376,-4.94806,9.83365,-26.1524,-26.1935,0.208,0.206224,-0.149178,3.49104,32.5153
5.0741e+07,0.1625,-1.76969,9.63323,-10.4081,2.89378,-5.74396,2.98043,0.950508,15.4279,-1.48512,15.2923,-26.9158,-26.8473,0.198,0.197018,-0.164997,3.49102,32.48
5.0761e+07,-1.32774,-0.950831,10.4336,-5.16566,1.70294,-3.5602,1.81419,-7.22267,1.77903,-3.55211,1.89719,-25.6791,-25.7502,0.198,0.196406,-0.151176,3.49059,32.4888
5.0781e+07,-1.5955,0.193165,10.9746,0.997879,-1.93065,-2.09824,-1.90049,-8.2705,-0.572114,-4.07643,-0.535331,-26.5799,-26.5481,0.198,0.196423,-0.138229,3.49043,32.4329
5.0801e+07,-0.298443,-1.44696,9.92618,-8.29004,-9.90011,-4.40407,-9.77042,-1.70415,-0.312572,-2.27693,-0.261552,-25.4807,-25.5761,0.19,0.189236,-0.148355,3.4907,32.4535
5.0821e+07,-2.00608,-0.2548,11.5583,-1.24427,-10.6177,-2.64742,-10.5065,-9.84394,2.63399,-4.87011,2.65736,-25.328,-25.3178,0.19,0.188417,-0.132386,3.49045,32.5006
5.0841e+07,-0.670902,-1.60592,9.94524,-9.15228,-7.77797,-4.91524,-7.65425,-3.8101,8.83247,-3.6035,8.80338,-23.2364,-23.3238,0.19,0.188035,-0.116929,3.48954,32.4741
5.0861e+07,-1.13218,-0.0958442,10.6983,-0.510438,2.4205,-2.03223,2.4304,-6.04074,8.42025,-2.92773,8.37028,-23.5875,-23.567,0.178,0.178612,-0.134821,3.48935,32.48
5.0941e+07,-0.396703,-0.158463,10.2987,-0.880869,-15.7627,-0.953271,-15.6202,-2.20566,8.43552,-2.53306,8.3136,-23.3433,-23.2965,0.168,0.16698,-0.143094,3.48796,32.5035
5.0961e+07,-0.902833,-0.490824,9.84039,-2.84354,-13.1978,-2.76647,-13.0676,-5.23561,6.26758,-3.45362,6.32227,-20.9158,-21.0212,0.168,0.166717,-0.141248,3.48819,32.4771
5.0981e+07,0.21737,-1.58906,8.80725,-10.2246,-4.67874,-7.23975,-4.66267,1.39136,11.0004,-0.0683388,10.9181,-22.7936,-22.729,0.163,0.162077,-0.159442,3.48823,32.4741
5.1001e+07,-0.931746,0.441232,10.4758,2.40235,7.79454,-0.540842,7.735,-5.07818,-1.59501,-0.621597,-1.49797,-22.4425,-22.4715,0.163,0.161685,-0.158398,3.48726,32.4506
5.1021e+07,0.85919,0.241334,8.72653,1.5765,9.12279,-0.484597,8.99101,5.62093,-0.0377624,1.88653,-0.0789453,-24.2593,-24.1545,0.163,0.161652,-0.163166,3.48727,32.4447
5.1041e+07,-0.0123316,0.0968289,10.3961,0.533633,-9.47263,-0.97294,-9.36657,-0.0679594,4.67979,-0.554845,4.58799,-23.9997,-23.9204,0.153,0.153273,-0.181377,3.48508,32.4271
5.1061e+07,-1.12492,-0.411346,9.82884,-2.38096,-23.3658,-2.21778,-23.0946,-6.52351,7.9317,-3.43607,7.94849,-20.6868,-20.7819,0.153,0.151651,-0.179328,3.4857,32.4741
5.1081e+07,-0.279383,-1.29523,9.29724,-7.92752,-15.8085,-2.1352,-15.6316,-1.70477,17.55,-0.124524,17.4145,-22.1524,-22.068,0.153,0.151609,-0.1726,3.48621,32.4182
5.1101e+07,-0.0409863,0.0992373,10.5006,0.54146,-3.71691,-2.05388,-3.73957,-0.223627,16.863,0.625623,16.7573,-20.8852,-20.9162,0.146,0.145675,-0.184726,3.48703,32.4418
5.1121e+07,-0.602102,0.00290074,9.31384,0.0178073,2.40523,-1.0137,2.40294,-3.69879,4.57293,-1.81479,4.63943,-21.9845,-22.0169,0.146,0.144728,-0.181729,3.48696,32.4594
5.11412e+07,-0.45155,-0.423389,9.3985,-2.57638,0.634239,-1.7615,0.692469,-2.74787,-7.28967,-1.6012,-7.16483,-21.8623,-21.7985,0.146,0.1447,-0.17502,3.48614,32.4418
5.1162e+07,-0.504421,0.797677,10.5995,4.2989,-3.15202,0.0598695,-3.15903,-2.71694,-8.98433,-1.88355,-8.91348,-20.7173,-20.654,0.136,0.13617,-0.187476,3.48646,32.43
5.1243e+07,-0.631025,0.968675,10.8515,5.09249,1.74874,0.85499,1.68663,-3.31489,17.6111,-1.51402,17.5738,-18.641,-18.6271,0.127,0.125887,-0.150356,3.48784,32.4124
5.1264e+07,0.190685,-0.0838022,9.67865,-0.495984,0.649506,-0.360062,0.625881,1.12863,-3.70188,-0.0833852,-3.61138,-17.7097,-17.7129,0.127,0.125987,-0.132149,3.48833,32.4506
5.1284e+07,-0.425584,0.657989,9.9629,3.77512,-3.18255,1.14068,-3.20674,-2.4407,-21.8851,-2.11127,-21.6709,-15.7097,-15.7773,0.119,0.118786,-0.134962,3.48862,32.4329
5.1324e+07,-0.0860707,-0.924339,10.3827,-5.08728,-11.0146,-3.7768,-10.9282,-0.47309,-4.2973,-0.79117,-4.31214,-13.9539,-13.9265,0.119,0.118122,-0.0971264,3.48948,32.3888
5.1364e+07,-0.0934733,-0.0645349,10.8399,-0.34109,8.40523,-1.25864,8.35136,-0.494044,15.947,-0.0804524,15.8444,-13.5723,-13.5705,0.114,0.113396,-0.077768,3.48865,32.4153
5.1464e+07,-0.122194,0.176307,9.91201,1.01894,-19.2284,-0.406137,-19.1511,-0.706189,18.1149,-0.234107,17.9559,-15.9539,-16.0158,0.106,0.105957,-0.0581457,3.4874,32.3859
5.1484e+07,-0.549767,0.713383,9.83489,4.14229,2.23729,-0.00621183,2.10593,-3.19112,23.3516,-1.20574,23.2258,-16.183,-16.2291,0.106,0.105563,-0.0524116,3.48757,32.4006
5.1564e+07,0.637294,-0.382445,10.3901,-2.10409,-15.1978,-1.50577,-15.0812,3.50758,-10.5721,1.16293,-10.6083,-19.328,-19.3044,0.103,0.102629,-0.0418536,3.48829,32.3565
5.1584e+07,0.307396,0.971083,10.0482,5.51747,-17.7169,1.36854,-17.6947,1.74413,3.68743,0.118023,3.61785,-19.5417,-19.5564,0.104,0.103596,-0.0310779,3.48824,32.3859
5.1764e+07,0.749173,0.874747,9.33781,5.33469,11.6571,0.278692,11.4342,4.56711,23.4279,0.768853,23.2176,-20.3509,-20.3075,0.096,0.0956145,-0.0619064,3.48667,32.3535
5.1784e+07,-0.0190512,-1.49995,9.57684,-8.90148,19.6113,-4.29595,19.5415,-0.112605,25.6416,0.292096,25.508,-20.4425,-20.4011,0.096,0.095433,-0.0585358,3.48662,32.3506
5.1804e+07,-0.84327,-0.00914133,9.7865,-0.053321,17.2602,-1.21161,17.1528,-4.92482,6.9088,-1.01052,7.06629,-19.9081,-19.9877,0.096,0.0954706,-0.0597278,3.48463,32.3271
5.1824e+07,0.0373826,1.64544,9.93797,9.40116,-0.953547,2.25954,-0.972302,0.212628,-3.16753,-0.146085,-3.13514,-21.4501,-21.415,0.096,0.0953269,-0.0655199,3.48401,32.2976
5.1844e+07,1.15764,0.342487,8.95436,2.17233,-16.2665,-0.0971104,-16.2185,7.36116,-11.0454,2.82095,-11.1328,-22.3356,-22.3168,0.096,0.0952808,-0.0723768,3.48308,32.3094
5.18642e+07,-0.539887,-0.469148,9.31066,-2.87977,-23.5337,-2.44319,-23.397,-3.31444,-16.8927,-0.727041,-16.721,-21.6639,-21.7469,0.096,0.0953724,-0.0770029,3.48246,32.3388
5.1884e+07,-1.01998,0.0293933,11.2754,0.148754,-6.09859,-1.29526,-6.08941,-5.16895,-1.01486,-1.46975,-1.02634,-23.5875,-23.4895,0.09,0.089916,-0.0910519,3.48245,32.3094
5.1964e+07,1.04356,-1.56979,8.86354,-9.97582,-14.6177,-2.50168,-14.4335,6.61288,4.09964,4.39804,4.09409,-21.1448,-21.163,0.083,0.0819407,-0.12818,3.4799,32.3035
5.1985e+07,1.10755,0.164264,8.60035,1.08524,-19.7016,0.0418972,-19.6025,7.33679,-7.80875,3.2532,-7.66335,-21.7555,-21.7012,0.083,0.0820239,-0.128303,3.47951,32.2918
5.2065e+07,-1.00092,0.164264,10.0623,0.930661,22.1304,-1.43178,21.9632,-5.67987,7.19888,-2.65809,7.14098,-14.6257,-14.7419,0.067,0.0666723,-0.164577,3.47596,32.2888
5.2086e+07,-1.92016,-0.0982526,11.7532,-0.472697,5.56554,-1.69005,5.60077,-9.27836,8.98514,-2.93594,8.93172,-16.244,-16.2606,0.067,0.0658432,-0.157213,3.47467,32.2918
5.2107e+07,0.933257,0.0823784,9.55007,0.491875,-14.4803,-0.417811,-8.40806,5.58117,4.03857,-1.43755,1.59105,-18.5646,-15.9634,0.067,0.0658164,-0.156479,3.47429,32.3006
5.2148e+07,-0.0262703,-1.30005,9.21866,-8.02711,-12.3734,-3.47127,-12.3,-0.161675,-8.58738,-0.331421,-8.52562,-16.9616,-17.069,0.041,0.0396059,-0.216817,3.47304,32.3124
5.2188e+07,2.06508,0.120913,8.3003,0.809899,23.1533,-0.410789,22.8751,13.9699,-4.1599,5.70972,-4.27088,-17.0684,-17.0756,0.03,0.0290287,-0.230619,3.47062,32.2712
5.2208e+07,-0.811921,-1.11701,11.1285,-5.71671,4.64951,-2.16406,4.74138,-4.15204,-1.24387,-0.713003,-1.16479,-16.0455,-16.0463,0.03,0.0285313,-0.205089,3.4696,32.2388
5.2228e+07,-0.46605,0.200391,11.1232,1.0312,-11.0451,-0.671107,-10.9168,-2.39884,20.0233,-0.981542,19.7566,-14.5952,-14.5891,0.018,0.0242591,-0.193474,3.46889,32.2388
5.2248e+07,0.641703,0.937365,9.55881,5.58819,-23.6558,1.43969,-23.5495,3.82234,35.3363,1.92506,34.9374,-11.4807,-11.5798,0.018,0.0173692,-0.199095,3.46897,32.2918
5.22683e+07,0.553699,-0.307785,11.1927,-1.57323,-25.0604,-1.54332,-24.8873,2.83102,25.9775,1.01625,25.8555,-13.7249,-13.5791,0.018,0.0167932,-0.167404,3.48905,32.2359
5.2309e+07,2.62843,0.788044,8.20829,5.22417,75.7182,0.518636,75.3106,17.6797,-20.3278,9.72906,-20.1115,-0.518831,-0.478768,0.024,0.0236006,0.0273909,3.49333,32.2271
5.2329e+07,-1.06972,-1.44696,10.5726,-7.75395,2.49683,-3.09085,2.7307,-5.72439,-70.2362,0.150152,-69.6732,-1.89288,-1.96398,0.024,0.0240662,0.0275271,3.49278,32.1976
5.2349e+07,0.622713,0.530343,9.56292,3.16758,-78.5871,0.660956,-77.9049,3.72,-46.3431,1.51438,-46.0821,-5.4654,-5.39023,0.025,0.0245412,0.0303158,3.49825,32.2182
5.2369e+07,-2.45278,0.371388,12.5948,1.65788,-105.412,0.0906515,-104.71,-11.0155,-7.15227,-2.77305,-7.16191,-8.76311,-8.64918,0.025,0.025113,0.0426219,3.50269,32.2271
5.239e+07,0.0451822,-0.642554,9.6019,-3.82845,-36.3123,-2.67813,-36.2602,0.269004,49.3516,0.0970716,48.826,-5.63334,-5.68536,0.025,0.0252066,0.036111,3.50007,32.2271
5.24713e+07,2.25134,0.113688,8.44733,0.74506,-44.2513,0.682187,-43.8913,14.922,-39.9156,6.9429,-39.5078,-14.4883,-14.3838,0.029,0.0280806,-0.00266631,3.52488,32.2094
5.2492e+07,-0.14599,-0.119928,9.299,-0.738806,-94.8772,-1.51322,-94.1712,-0.89937,-30.3584,-0.77184,-30.316,-16.0455,-16.0087,0.029,0.0288291,-0.011922,3.529,32.2124
5.2572e+07,-0.807164,-1.04958,9.75156,-6.12241,88.909,-3.34473,88.3514,-4.70469,14.8172,1.95486,14.9694,-12.0608,-12.1546,0.03,0.0293495,-0.076365,3.52676,32.2035
5.2592e+07,-2.751,-0.57271,10.5897,-2.99637,22.8174,-4.0133,22.9552,-14.542,-9.73242,-3.94526,-9.57167,-13.9845,-14.041,0.031,0.029865,-0.0810984,3.52259,32.1712
5.2792e+07,2.37297,0.650764,8.52881,4.20423,-74.0375,-0.262939,-73.7287,15.5052,-34.0836,6.80964,-33.7763,-15.1753,-15.1287,0.034,0.0332627,0.0339093,3.5441,32.1888
5.2812e+07,-1.15095,-1.28319,8.96562,-8.07965,8.57317,-5.41815,8.36376,-7.24225,-57.7019,-2.13242,-57.2121,-19.3433,-19.2821,0.034,0.0339206,0.0123766,3.53915,32.1624
5.2832e+07,-1.39939,-0.900254,9.21099,-5.51925,80.9854,-4.24192,80.3392,-8.59831,-53.2133,-2.29454,-52.7658,-14.3967,-14.5241,0.021,0.0291085,-0.0262357,3.54104,32.1653
5.2852e+07,-1.87486,0.152222,9.37454,0.912218,92.7869,-0.543064,92.1892,-11.3082,-12.8927,-4.24197,-12.834,-11.3891,-11.5528,0.021,0.0214277,-0.0683894,3.55127,32.1829
5.2872e+07,-0.566078,-0.741299,9.10606,-4.6451,34.4205,-2.90165,34.3128,-3.54551,26.5882,1.29364,26.3914,-12.9616,-13.0946,0.021,0.0204516,-0.0890569,3.55289,32.1388
5.2912e+07,-0.170583,2.44985,10.0273,13.7275,-85.2589,6.40604,-84.7145,-0.946774,25.0157,1.01394,25.0104,-11.3738,-11.3314,0.026,0.024861,-0.0989658,3.56168,32.1653
5.2992e+07,1.49161,1.51538,8.65205,9.79284,42.0083,7.5219,41.9571,9.63775,-45.8088,2.34641,-45.5939,13.4659,13.5928,0.027,0.026304,-0.0753814,3.58505,32.1329
5.3012e+07,2.97223,0.956633,8.26525,6.21578,-90.9383,2.89734,-90.0962,19.6578,39.3363,12.5411,38.8299,12.1835,12.2984,0.044,0.0323665,-0.0147232,3.59046,32.1682
5.3092e+07,2.72636,0.665215,10.53,3.49966,127.535,2.18553,126.586,14.4882,-52.9538,1.12038,-52.5453,41.588,41.4981,0.027,0.0268975,-0.119857,3.61096,32.1182
5.3112e+07,2.58816,-0.370403,5.98657,-3.25046,133.062,-1.65772,132.248,23.3403,-48.5263,19.4143,-48.2382,44.3361,44.345,0.027,0.0256615,-0.0812604,3.61651,32.1153
5.31922e+07,1.48798,-2.60059,8.14449,-17.4379,-100.969,-19.6356,-100.306,9.87292,55.0767,10.6459,54.5745,44.8857,44.6554,0.04,0.0362222,-0.113681,3.66598,32.13
5.3212e+07,1.3227,-0.738891,16.5453,-2.54894,-38.694,-6.74411,-38.9379,4.56623,90.9699,6.96124,90.8412,63.4201,63.2203,0.04,0.0377258,-0.0687928,3.68786,32.1271
5.3232e+07,1.23507,-3.30626,8.11034,-21.9501,36.6037,-18.7504,35.9433,8.02668,52.3592,-3.26253,52.8754,55.5728,55.6305,0.04,0.0379138,-0.0268707,3.70864,32.1653
5.3252e+07,-7.6742,-2.44886,22.6165,-5.85442,110.253,-0.917511,110.21,-18.6417,51.3057,2.62302,51.7498,85.2216,84.9818,0.032,0.0306027,-0.116179,3.72889,32.1447
5.3272e+07,-6.61338,3.88767,8.84092,19.3982,-3.01462,9.48032,-3.1102,-34.4018,-6.41944,1.72727,-6.73361,62.4125,62.454,0.032,0.0284805,-0.170821,3.74762,32.0947
5.32923e+07,-18.981,-1.02549,17.4384,-2.27834,31.6724,-1.30338,31.4569,-47.3761,-16.6179,-11.5524,-15.1652,65.527,65.8996,0.032,0.0278542,-0.198689,3.76474,32.1094
5.3353e+07,2.6687,1.95131,9.32601,11.3738,-3.19782,5.2594,-3.11793,15.6471,-7.74769,8.05269,-7.72299,52.1377,51.9655,0.04,0.037988,-0.21216,3.8136,32.1094
5.3373e+07,1.25281,1.59245,8.76871,10.1918,-12.3887,5.03531,-12.2186,8.00182,-5.1828,7.23834,-4.99997,44.8247,44.5545,0.041,0.0384062,-0.210825,3.82809,32.1271
5.33932e+07,1.10775,-0.582344,10.0237,-3.30488,-8.15965,0.371695,-8.16551,6.29584,11.2752,6.17367,11.1701,32.5651,32.78,0.041,0.039266,-0.196119,3.84119,32.1359
5.3495e+07,0.854281,0.720608,9.29237,4.41577,1.4892,2.43642,1.57558,5.23701,-4.61792,6.03313,-4.62763,5.05369,4.95129,0.04,0.0389707,-0.164507,3.90011,32.1124
5.3516e+07,1.29132,0.494217,10.2484,2.73925,2.28309,2.16997,2.30521,7.17326,-5.03013,5.98719,-5.014,3.2827,3.1437,0.04,0.0386402,-0.161224,3.91079,32.1241
5.35963e+07,1.65439,0.0727447,10.0623,0.408723,-1.18255,0.683579,-1.24585,9.33652,3.27521,7.22584,3.22081,1.54224,1.48486,0.041,0.0397243,-0.139254,3.94747,32.1388
5.3617e+07,0.785217,0.0607027,9.51929,0.364122,-1.96118,0.689865,-1.92649,4.71538,-2.17517,5.60164,-2.13005,-0.640968,-0.607876,0.039,0.0385982,-0.13945,3.95595,32.1329
5.3817e+07,0.787586,0.130547,9.54789,0.780695,1.51974,1.12646,1.50905,4.71509,0.43552,5.80033,0.398428,1.81705,1.70006,0.04,0.0389947,-0.107051,4.01983,32.1829
5.3837e+07,0.859188,0.248559,9.73559,1.45684,-0.861944,1.59998,-0.856227,5.04178,1.03094,5.61229,1.00359,1.22163,1.15122,0.04,0.0390322,-0.103266,4.02469,32.1859
5.3857e+07,0.983366,0.212433,10.0085,1.21011,-2.19019,1.38274,-2.18397,5.61024,1.04621,5.99437,1.0282,0.152925,0.12724,0.038,0.0378462,-0.104333,4.0293,32.1712
5.3877e+07,0.957075,0.299136,9.84005,1.73307,-2.08332,1.5915,-2.06947,5.55275,-0.449976,6.15295,-0.439239,-1.49593,-1.44903,0.038,0.0371046,-0.104393,4.03369,32.2035
5.3897e+07,1.15526,0.335262,9.54553,1.99698,-0.159654,1.74298,-0.14279,6.8965,-0.816388,6.7127,-0.7962,-0.457762,-0.371723,0.038,0.0370266,-0.103813,4.03786,32.1859
5.3917e+07,1.18868,0.364163,9.83283,2.10569,2.89378,1.58493,2.89499,6.88829,-0.297304,6.61806,-0.294649,1.52697,1.54658,0.04,0.0382148,-0.0994655,4.0419,32.1976
5.3937e+07,0.926079,0.135363,9.80182,0.787699,3.18386,0.892037,3.14799,5.39679,-0.556846,5.68873,-0.597007,1.26743,1.21805,0.04,0.0389971,-0.0953595,4.04583,32.2065
5.4037e+07,1.11232,0.188349,9.77088,1.09724,1.30599,0.997926,1.27602,6.49339,0.466054,6.43152,0.453243,0.12239,0.093348,0.04,0.0387092,-0.0885933,4.06218,32.2241
5.4117e+07,1.11951,0.0655195,9.79205,0.380884,-1.15202,1.0303,-1.15988,6.5221,1.45842,6.34318,1.45873,-0.19822,-0.193282,0.04,0.0391623,-0.0835177,4.07267,32.2447
5.4137e+07,1.08364,0.272643,9.8399,1.57761,-1.83904,1.37786,-1.84107,6.2821,1.80957,6.38095,1.80889,-0.0913501,-0.0925989,0.04,0.0391673,-0.081294,4.07505,32.2712
5.4217e+07,1.02155,0.306361,9.76878,1.78654,0.939583,1.48656,0.938257,5.96695,-0.816388,6.18265,-0.822923,0.275062,0.268015,0.04,0.0387834,-0.0790821,4.08213,32.2829
5.4237e+07,1.11948,0.17149,9.80646,0.995389,-0.266524,1.35787,-0.26754,6.51158,0.695062,6.44381,0.680416,0.0307873,0.0327453,0.04,0.0391589,-0.0767441,4.08404,32.2653
5.4257e+07,1.14573,0.246151,9.78044,1.43191,-1.38103,1.48625,-1.37592,6.67936,0.954604,6.46804,0.958696,-0.121884,-0.130597,0.04,0.0392016,-0.0762762,4.08578,32.3329
5.4277e+07,1.04064,0.328037,9.79016,1.90834,-1.12149,1.49664,-1.11937,6.06407,1.18361,6.32142,1.18795,0.0613217,0.0494496,0.04,0.0392122,-0.075439,4.08751,32.3388
5.4297e+07,1.14337,0.159448,9.76606,0.929024,-0.266524,1.08404,-0.268643,6.67665,0.22178,6.60011,0.219619,-0.0913501,-0.0921295,0.04,0.0392081,-0.0758735,4.08915,32.3065
5.4317e+07,1.07647,0.299136,9.79721,1.7384,0.115155,1.50767,0.114295,6.26732,-0.327839,6.30762,-0.325063,0.0155202,0.00877601,0.04,0.039215,-0.0754319,4.0897,32.3212
5.4338e+07,1.09799,0.169081,9.78749,0.983532,-0.327593,1.18735,-0.326385,6.39993,0.404986,6.33589,0.403464,-0.0302813,-0.0316976,0.04,0.0392202,-0.0744774,4.09141,32.28
5.4359e+07,1.14097,0.18594,9.7756,1.08234,-1.19782,1.26437,-1.19663,6.65603,1.48896,6.50864,1.48595,-0.0608157,-0.0697766,0.04,0.0392174,-0.0749052,4.09286,32.3124
5.4379e+07,1.17442,0.104054,9.85617,0.600616,-0.495532,1.00132,-0.500167,6.79473,0.695062,6.60298,0.703309,-0.0302813,-0.0399447,0.04,0.0392129,-0.0742396,4.09423,32.3594
5.4399e+07,1.10037,0.200391,9.75429,1.16949,1.70294,1.05424,1.68715,6.43493,-1.50341,6.52198,-1.50203,0.137658,0.139584,0.041,0.0399603,-0.0714834,4.09563,32.3329
5.4419e+07,1.04544,0.248559,9.82327,1.44131,2.6037,1.20357,2.60534,6.0729,-3.07593,6.22002,-3.07363,0.305597,0.300679,0.041,0.0402121,-0.0707978,4.09569,32.3624
5.4439e+07,1.0908,0.289502,9.79718,1.68218,0.389964,1.63289,0.403145,6.35028,-0.526312,6.28329,-0.539153,-0.0455486,-0.0326224,0.041,0.0402474,-0.0699726,4.09692,32.3682
5.4459e+07,1.04305,0.246151,9.77104,1.43493,-2.90775,1.51128,-2.88728,6.0913,2.83247,6.03882,2.82033,-0.167686,-0.164879,0.04,0.039525,-0.071314,4.09818,32.3682
5.4479e+07,1.04545,0.210024,9.93955,1.20385,-4.12912,1.24538,-4.13184,6.00301,4.13018,6.20116,4.13775,-0.182953,-0.182178,0.04,0.039276,-0.071636,4.09929,32.3418
5.4499e+07,1.17441,0.157039,9.74466,0.916633,-2.44973,1.01522,-2.46388,6.87115,2.8172,6.86735,2.81924,-0.274556,-0.267219,0.04,0.0392164,-0.0725148,4.10052,32.38
5.4519e+07,1.11233,0.12573,9.78265,0.73163,1.24493,0.758618,1.22662,6.4864,-1.15227,6.64722,-1.13824,0.320864,0.310855,0.039,0.0384608,-0.075609,4.10041,32.3271
5.454e+07,1.14576,0.149814,9.77079,0.872461,3.51974,0.963762,3.51348,6.68738,-3.97669,6.69149,-3.97094,0.366665,0.36938,0.039,0.0382215,-0.0766188,4.10133,32.3653
5.456e+07,1.10038,0.193165,9.75191,1.12761,4.23729,1.19489,4.24142,6.4366,-4.83166,6.49527,-4.82749,0.534604,0.537564,0.039,0.0382044,-0.0768767,4.10228,32.3594
5.458e+07,1.04782,0.270235,9.80668,1.56952,2.35943,1.51626,2.37315,6.09649,-2.58738,6.20392,-2.59729,0.412467,0.413318,0.039,0.0382219,-0.0758816,4.10319,32.3653
5.46e+07,1.01439,0.265418,9.77584,1.54692,-1.24362,1.5529,-1.23221,5.92195,1.29048,5.92912,1.27165,-0.0913501,-0.0869554,0.039,0.0382498,-0.0742734,4.10422,32.4035
5.46201e+07,1.11231,0.195574,9.74478,1.14233,-3.18255,1.30667,-3.18308,6.51052,3.09201,6.45456,3.09371,-0.274556,-0.279448,0.039,0.0382357,-0.0737273,4.10494,32.3829
5.464e+07,1.14336,0.173898,9.7281,1.0171,-0.556601,1.04506,-0.568584,6.70227,0.603459,6.71287,0.618645,-0.0913501,-0.0941133,0.039,0.0382135,-0.0747984,4.10453,32.4124
5.466e+07,1.14335,0.212433,9.81601,1.23145,3.70294,1.08173,3.6885,6.64223,-3.85456,6.63485,-3.83572,0.565138,0.552666,0.039,0.0382086,-0.0747412,4.10533,32.3947
5.468e+07,1.04543,0.294319,9.75212,1.71882,3.85561,1.56699,3.86266,6.11598,-3.85456,6.18277,-3.86059,0.473535,0.473027,0.039,0.0382356,-0.0741715,4.10625,32.3712
5.47e+07,1.05498,0.282277,9.7972,1.64087,0.0540864,1.70388,0.0690548,6.14351,-0.220968,6.09158,-0.239817,-0.0455486,-0.0383535,0.039,0.0382492,-0.0731362,4.10704,32.4065
5.47204e+07,1.04543,0.265418,9.8779,1.53061,-2.87721,1.52592,-2.87203,6.03928,2.8172,6.08454,2.81704,-0.259289,-0.263132,0.039,0.0382584,-0.0723283,4.10771,32.3741
5.4741e+07,1.12187,0.195574,9.82312,1.13322,-1.99171,1.17951,-1.99741,6.51405,2.29812,6.554,2.30465,-0.335625,-0.331548,0.039,0.0382402,-0.0718201,4.10835,32.3741
5.4761e+07,1.15052,0.18594,9.69487,1.0911,0.176224,1.09807,0.157599,6.76659,0.0538406,6.77058,0.062865,0.0307873,0.03061,0.039,0.038225,-0.0725864,4.10903,32.4271
5.4782e+07,1.10993,0.17149,9.78273,0.997882,3.73348,1.0245,3.72466,6.47202,-4.12937,6.53936,-4.11354,0.595673,0.590537,0.039,0.0382251,-0.0730415,4.10986,32.4182
5.4803e+07,1.00961,0.27746,9.79248,1.61443,4.57317,1.54398,4.57636,5.8841,-4.69425,6.04685,-4.69728,0.672009,0.669929,0.039,0.0382453,-0.072748,4.11047,32.4153
5.4823e+07,0.990495,0.335262,9.75461,1.9584,1.41287,1.89591,1.43372,5.79462,-1.48814,5.8859,-1.50843,0.351398,0.349057,0.04,0.0390127,-0.0693993,4.10995,32.43
5.4843e+07,0.961844,0.325628,9.71663,1.91008,-4.87721,1.96763,-4.85761,5.65011,4.52712,5.7068,4.50377,-0.656236,-0.6462,0.04,0.0392691,-0.0682256,4.11056,32.4418
5.4863e+07,1.04543,0.265418,9.75682,1.54939,-7.06042,1.5372,-7.05214,6.11362,7.35155,6.14261,7.34985,-0.854709,-0.852741,0.04,0.0392855,-0.0679584,4.11105,32.4035
5.4883e+07,1.22219,0.0823784,9.81335,0.477272,-3.54897,0.675782,-3.58527,7.09899,3.77903,7.04059,3.80326,-0.457762,-0.470423,0.04,0.0392326,-0.069148,4.1116,32.4124
5.4903e+07,1.19591,0.106463,9.78018,0.61906,5.3518,0.612851,5.32126,6.97107,-5.83929,7.15816,-5.80511,0.71781,0.71323,0.04,0.0391935,-0.0707769,4.11213,32.4388
5.4923e+07,1.07411,0.18594,9.83264,1.07696,9.71821,1.131,9.71219,6.23313,-10.5568,6.50225,-10.5474,1.4201,1.41853,0.04,0.0392182,-0.0712887,4.11271,32.4653
5.4943e+07,1.00482,0.340079,9.72373,1.99245,8.45103,1.91183,8.46682,5.89625,-8.87746,5.97281,-8.88792,1.25216,1.25717,0.04,0.0392571,-0.0707257,4.11318,32.4212
5.4963e+07,0.966595,0.412331,9.81173,2.39482,2.66477,2.33452,2.69375,5.62137,-2.75532,5.63738,-2.78078,0.473535,0.484199,0.04,0.0392848,-0.0693934,4.11371,32.4682
5.4983e+07,0.964216,0.381022,9.74046,2.22924,-4.40393,2.25283,-4.37665,5.64905,4.42025,5.56269,4.39384,-0.427228,-0.425996,0.04,0.0393083,-0.0677057,4.11404,32.4682
5.5003e+07,1.02393,0.32322,9.75693,1.887,-9.04515,1.90491,-9.03372,5.98764,9.22941,5.87479,9.21705,-1.28219,-1.2743,0.039,0.0385565,-0.069426,4.11453,32.4594
5.5023e+07,1.11948,0.183532,9.84447,1.06121,-9.64057,1.20452,-9.64618,6.4865,10.0386,6.36747,10.0415,-1.26692,-1.26639,0.039,0.0383028,-0.0694485,4.11491,32.4682
5.5043e+07,1.17919,0.120913,9.76597,0.704231,-5.99172,0.727895,-6.01349,6.88434,6.14544,6.83528,6.16552,-0.839442,-0.845176,0.039,0.0382458,-0.0700558,4.11527,32.4476
5.5063e+07,1.25801,0.0679279,9.76107,0.395448,1.80981,0.4408,1.77838,7.34363,-1.88509,7.28543,-1.85279,0.168192,0.159565,0.038,0.0374564,-0.0737212,4.11569,32.4653
5.5083e+07,1.1362,0.166673,9.72334,0.975405,7.71821,0.862537,7.70194,6.66398,-8.00723,6.78581,-7.99072,1.02315,1.02061,0.038,0.0372198,-0.0757023,4.11601,32.4859
5.5103e+07,1.0335,0.258193,9.81143,1.49913,7.85561,1.48404,7.86596,6.01108,-8.14463,6.13579,-8.15413,1.09949,1.09889,0.038,0.0372342,-0.0748797,4.1164,32.5006
5.5143e+07,0.969015,0.299136,9.73795,1.75085,-2.35813,1.88849,-2.33691,5.68008,2.32865,5.70075,2.30887,-0.182953,-0.178002,0.038,0.0372839,-0.0719923,4.11713,32.4624
5.5163e+07,1.06454,0.272643,9.82804,1.57982,-5.24362,1.6032,-5.23906,6.1796,5.38209,6.13376,5.37605,-0.717304,-0.713085,0.038,0.0372761,-0.0709108,4.11737,32.4918
5.5183e+07,1.11471,0.178715,9.76849,1.04136,-4.6024,1.1485,-4.60812,6.50892,4.7256,6.47146,4.73244,-0.457762,-0.464884,0.038,0.03726,-0.0712863,4.1177,32.5124
5.5203e+07,1.15054,0.132955,9.69953,0.779859,-1.45736,0.927817,-1.47346,6.76406,1.42789,6.72841,1.44665,-0.137152,-0.144035,0.038,0.0372401,-0.0716832,4.118,32.5153
5.5223e+07,1.11709,0.176307,9.74,1.03026,2.11516,1.03293,2.10257,6.54169,-2.37364,6.59968,-2.35926,0.320864,0.313836,0.038,0.0372401,-0.0719391,4.11829,32.5035
5.5283e+07,1.06453,0.306361,9.72838,1.79304,-0.34286,1.699,-0.332718,6.24167,0.298115,6.21371,0.289419,0.000252962,-0.000875771,0.041,0.0402964,-0.0631708,4.11907,32.5006
5.5303e+07,1.0526,0.243742,9.7544,1.42314,-1.94591,1.48972,-1.94142,6.15709,1.9775,6.16809,1.97415,-0.228755,-0.226063,0.038,0.0380645,-0.0701779,4.11931,32.5212
5.5323e+07,1.0741,0.241334,9.75201,1.4091,-1.90011,1.395,-1.90164,6.28337,1.91644,6.25339,1.9191,-0.259289,-0.258719,0.038,0.0373444,-0.0722812,4.11953,32.5094
5.5343e+07,1.0932,0.219658,9.76858,1.28016,-0.403929,1.26559,-0.410228,6.38382,0.374451,6.48668,0.381327,-0.0302813,-0.0306011,0.038,0.037251,-0.0727239,4.11974,32.53
5.5363e+07,1.08604,0.222066,9.73297,1.29897,1.01592,1.26053,1.01259,6.36529,-1.12173,6.38365,-1.11899,0.0765889,0.079392,0.04,0.038741,-0.068247,4.11995,32.5212
5.5383e+07,1.11469,0.246151,9.7686,1.43414,1.61134,1.3973,1.61038,6.50777,-1.62555,6.41605,-1.62728,0.305597,0.304744,0.04,0.0392201,-0.066565,4.12014,32.5271
5.5403e+07,1.05737,0.270235,9.79243,1.57162,0.924316,1.52195,0.929112,6.16051,-0.938526,6.2214,-0.944209,0.12239,0.125928,0.04,0.0392779,-0.0664482,4.12032,32.5565
5.5423e+07,1.07888,0.219658,9.84931,1.27,-0.0833181,1.40379,-0.0817753,6.24962,0.130177,6.30786,0.125102,-0.0150142,-0.0181424,0.04,0.0392835,-0.0661806,4.12058,32.5182
5.5463e+07,1.11709,0.202799,9.72817,1.18645,-0.861944,1.23186,-0.864898,6.54918,0.954604,6.46997,0.956095,-0.0302813,-0.0337626,0.04,0.0392803,-0.0666984,4.12089,32.5388
5.5483e+07,1.08603,0.243742,9.72826,1.42639,0.0693537,1.399,0.0654386,6.36797,-0.144633,6.43025,-0.139869,0.0613217,0.060593,0.04,0.0392711,-0.0670287,4.12112,32.5241
5.5503e+07,1.11469,0.250967,9.79947,1.45765,0.527369,1.40144,0.526149,6.48737,-0.495778,6.44043,-0.497205,0.213993,0.209826,0.04,0.0392713,-0.0669615,4.12117,32.5359
5.5523e+07,1.10751,0.284685,9.74255,1.66305,0.451033,1.54136,0.451355,6.48268,-0.48051,6.47225,-0.482578,0.0918561,0.0906206,0.04,0.0392687,-0.0669607,4.1213,32.5535
5.5543e+07,1.13618,0.248559,9.78283,1.44573,0.0693537,1.44719,0.0685127,6.62253,-0.0530295,6.45974,-0.0557009,-0.0302813,-0.0254974,0.041,0.040021,-0.0645321,4.12142,32.5506
5.5563e+07,1.06693,0.238925,9.7805,1.39114,-0.0833181,1.38172,-0.0824204,6.22381,-0.0072279,6.28581,-0.0057658,0.0155202,0.0156425,0.041,0.040262,-0.0642152,4.12162,32.5476
5.5583e+07,1.08364,0.253376,9.77814,1.47532,0.0235522,1.39408,0.0235129,6.32179,-0.1599,6.29452,-0.157533,0.0307873,0.0281679,0.041,0.0402889,-0.0647448,4.12173,32.5653
5.5623e+07,1.02634,0.253376,9.75444,1.47978,0.115155,1.44925,0.113987,6.00439,-0.0988309,6.09502,-0.0994522,0.0307873,0.0307543,0.04,0.0393027,-0.0687384,4.12202,32.5388
5.5643e+07,1.07649,0.229292,9.78285,1.33461,-0.144387,1.33216,-0.144137,6.27775,0.160711,6.3131,0.160112,-0.0455486,-0.0420716,0.04,0.039271,-0.0688796,4.12101,32.5594
5.5763e+07,1.09797,0.238925,9.77573,1.39132,-0.632936,1.34866,-0.633264,6.4065,0.511856,6.34581,0.513336,-0.0455486,-0.0428098,0.04,0.0392725,-0.0678399,4.12211,32.58
5.5783e+07,1.12185,0.238925,9.74721,1.39496,-0.113852,1.35357,-0.117456,6.5636,0.160711,6.42865,0.163683,-0.0150142,-0.0145276,0.039,0.0385238,-0.069824,4.12228,32.5947
5.5823e+07,1.09081,0.236517,9.73062,1.38372,1.03119,1.35349,1.03179,6.39434,-1.137,6.36742,-1.1393,0.152925,0.152382,0.039,0.0382621,-0.0704528,4.1225,32.6153
5.5843e+07,1.03828,0.238925,9.78053,1.39157,0.35943,1.4232,0.363623,6.0579,-0.465243,6.07071,-0.470582,0.152925,0.148907,0.04,0.039021,-0.0677716,4.12265,32.5859
5.5963e+07,1.03351,0.2317,9.7734,1.35054,1.21439,1.38013,1.21587,6.03473,-1.35074,6.17296,-1.35222,0.213993,0.215384,0.04,0.0390156,-0.0674267,4.12377,32.6006
5.5983e+07,1.00961,0.282277,9.77825,1.64481,0.130422,1.58966,0.136682,5.89251,-0.190434,6.04158,-0.19613,0.12239,0.11829,0.04,0.0392625,-0.0662346,4.12394,32.6094
5.6003e+07,1.10036,0.253376,9.80661,1.47081,-0.953547,1.44471,-0.951709,6.40002,0.893535,6.30238,0.890817,-0.137152,-0.133606,0.04,0.0392872,-0.0660582,4.1241,32.5888
5.6023e+07,1.08365,0.229292,9.77097,1.3361,-0.968814,1.39058,-0.973203,6.3268,0.954604,6.3223,0.956405,-0.137152,-0.131714,0.039,0.0385353,-0.0689551,4.12409,32.6035
5.6043e+07,1.12663,0.229292,9.77094,1.33545,0.130422,1.30491,0.126473,6.57561,-0.327839,6.46934,-0.321522,-0.0302813,-0.0295892,0.039,0.038292,-0.0693146,4.12424,32.6565
5.6063e+07,1.06693,0.255784,9.75916,1.49247,1.3518,1.4291,1.34908,6.237,-1.51868,6.30412,-1.51654,0.290329,0.288232,0.039,0.0382687,-0.0693701,4.12439,32.63
5.6083e+07,1.07886,0.272643,9.74256,1.59326,1.09225,1.52594,1.09551,6.31657,-1.2286,6.26071,-1.23074,0.137658,0.141168,0.039,0.0382707,-0.0695841,4.12453,32.6388
5.6163e+07,1.08843,0.207616,9.78518,1.20804,0.405232,1.23994,0.398695,6.34566,-0.327839,6.33886,-0.32569,0.0613217,0.0585345,0.039,0.0382719,-0.0688171,4.12368,32.6359
5.6183e+07,1.10991,0.260601,9.74489,1.52202,0.939583,1.39537,0.937204,6.49548,-0.96906,6.44673,-0.968748,0.12239,0.124349,0.039,0.038263,-0.0692927,4.12385,32.6506
5.6203e+07,1.08603,0.255784,9.79951,1.48609,0.57317,1.47366,0.574092,6.32187,-0.541579,6.22577,-0.543709,0.0613217,0.0628651,0.039,0.0382763,-0.0685636,4.12402,32.6388
5.6223e+07,1.06932,0.234108,9.78524,1.36241,-0.174921,1.43742,-0.17222,6.23471,0.145444,6.14479,0.143026,0.0307873,0.028733,0.039,0.038287,-0.0683286,4.12409,32.6712
5.6243e+07,1.10753,0.2317,9.74009,1.35399,-0.556601,1.36856,-0.55599,6.48532,0.527123,6.3987,0.526197,-0.0608157,-0.058096,0.039,0.0382745,-0.0687043,4.12416,32.6388
5.62633e+07,1.08365,0.224475,9.7496,1.31088,-0.327593,1.37784,-0.329378,6.34063,0.252314,6.35797,0.256099,0.0613217,0.0610755,0.038,0.0375271,-0.0706426,4.12313,32.6241
5.6284e+07,1.10515,0.210024,9.78517,1.22182,0.237293,1.30381,0.233434,6.44226,-0.0835638,6.41177,-0.0826598,0.0765889,0.0758025,0.038,0.0372885,-0.0709125,4.12333,32.6359
5.63643e+07,1.09559,0.243742,9.75437,1.42247,-0.327593,1.39825,-0.326436,6.40647,0.267581,6.44293,0.267514,-0.0302813,-0.0294622,0.039,0.038268,-0.0678805,4.12246,32.68
5.6385e+07,1.0956,0.197982,9.76616,1.15412,0.0540864,1.31147,0.051735,6.39955,-0.0835638,6.36886,-0.0826312,0.0460546,0.0448466,0.039,0.0382713,-0.0680825,4.12269,32.6682
5.6405e+07,1.13856,0.258193,9.78522,1.50133,0.298361,1.41595,0.297154,6.63454,-0.312572,6.50669,-0.313141,0.0613217,0.0626149,0.039,0.0382675,-0.0683484,4.12283,32.6565
5.6425e+07,1.08365,0.229292,9.82796,1.32845,0.0846208,1.36425,0.0866608,6.29043,-0.236236,6.34881,-0.234519,0.0918561,0.0909122,0.039,0.0382702,-0.0685673,4.12296,32.6712
5.6445e+07,1.0741,0.214841,9.75671,1.25387,0.0235522,1.32209,0.0212362,6.2808,-0.0072279,6.31942,-0.00723925,0.0765889,0.0737855,0.039,0.0382736,-0.0685099,4.12317,32.6947
5.64651e+07,1.055,0.222066,9.74724,1.29754,0.14569,1.36011,0.145096,6.1758,-0.26677,6.27331,-0.264675,0.12239,0.119392,0.039,0.038275,-0.0683609,4.12219,32.6976
5.6485e+07,1.05977,0.238925,9.73065,1.39829,0.374697,1.40957,0.375578,6.21375,-0.449976,6.33436,-0.449981,0.0155202,0.0164284,0.039,0.0382704,-0.0685185,4.12244,32.7006
5.6505e+07,1.09796,0.275051,9.77816,1.6012,0.0693537,1.53252,0.0705747,6.40425,-0.144633,6.40402,-0.146712,-0.0302813,-0.0314459,0.04,0.0390189,-0.066001,4.12268,32.6712
5.65259e+07,1.10275,0.241334,9.79709,1.40224,-0.632936,1.44408,-0.630856,6.42019,0.557658,6.33872,0.555533,-0.0913501,-0.0897416,0.04,0.0392591,-0.0653597,4.12239,32.6771
5.6546e+07,0.969073,0.0896036,9.86582,0.517867,-0.358127,0.967301,-0.382674,5.60967,0.954604,5.9301,0.920699,-0.274556,-0.276675,0.04,0.0393019,-0.0651091,4.1228,32.6712
5.6567e+07,1.2054,0.320811,9.63568,1.89217,0.771644,1.7055,0.749941,7.12664,-0.999594,6.60393,-1.00715,-0.259289,-0.263042,0.04,0.0393021,-0.0646818,4.12285,32.6771
5.6587e+07,1.05978,0.193165,9.67834,1.1366,1.4892,1.25734,1.45382,6.24778,-1.42708,6.43927,-1.44919,-0.747839,-0.763245,0.04,0.0392773,-0.065144,4.12273,32.6888
5.6607e+07,1.05977,0.238925,9.8826,1.37704,0.237293,1.84738,0.220098,6.119,-0.26677,5.80623,-0.290882,-0.0913501,-0.101574,0.04,0.0393345,-0.0629629,4.12244,32.6653
5.6627e+07,0.699121,0.542385,9.39905,3.29359,-1.54897,2.50225,-1.53243,4.24691,0.695062,5.38567,0.663763,1.26743,1.26071,0.039,0.0385733,-0.0666103,4.12133,32.6653
5.6647e+07,1.1481,0.306361,9.80903,1.77679,-1.07568,1.75823,-1.08411,6.6726,2.89354,6.11758,2.84124,1.19109,1.13107,0.039,0.0383409,-0.0653827,4.11993,32.7388
5.6667e+07,1.05262,0.178715,9.69732,1.04964,-0.174921,1.44622,-0.203547,6.19403,0.389719,6.25419,0.357933,-0.747839,-0.776867,0.039,0.0383049,-0.0656508,4.11548,32.6741
5.6687e+07,1.46333,0.169081,9.82278,0.975383,2.26783,0.807337,2.21194,8.472,-0.48051,7.68412,-0.529732,2.41247,2.32841,0.039,0.0382256,-0.0645742,4.07927,32.7212
5.6707e+07,1.42977,0.636314,9.4698,3.8012,-1.90011,2.51016,-1.82921,8.56678,-1.94616,6.6147,-1.956,1.72544,1.6118,0.039,0.0382727,-0.0661503,4.03516,32.6888
5.6727e+07,1.2768,1.19507,8.73244,7.71173,1.47393,4.16884,1.43635,8.24269,-4.70952,7.00704,-4.61074,1.4659,1.38709,0.039,0.0382566,-0.0673311,3.99435,32.7006
5.6747e+07,1.58947,1.67193,11.8004,7.99297,0.542636,3.51569,0.546474,7.59637,7.55002,7.33811,7.31188,3.49644,3.32991,0.04,0.0389923,-0.0549186,3.95736,32.7271
5.6767e+07,1.32933,1.20229,9.17164,7.39183,-6.58713,3.76214,-6.43123,8.17795,-2.26677,5.58089,-2.23496,4.01552,3.51592,0.04,0.0393363,-0.0605141,3.92322,32.7271
5.6787e+07,6.81873,-6.51668,7.87007,-32.0389,-14.9993,-12.5475,-14.7067,33.7165,7.39735,21.9445,7.06173,4.10712,4.02752,0.04,0.0376677,-0.090705,3.89207,32.7153
5.6807e+07,8.64209,-3.11359,5.18869,-17.1651,-14.4192,-0.132893,-14.3502,55.0003,46.6493,46.0747,45.4858,5.43537,5.46711,0.038,0.029779,-0.225062,3.87158,32.6565
5.6987e+07,0.988189,0.0414354,9.23418,0.255635,-1.13675,-0.694491,-1.18711,6.10816,-5.35074,3.08904,-5.33374,-6.83944,-6.89905,0.039,0.0383593,-0.110283,3.70491,32.6712
5.7007e+07,0.809281,-0.606428,10.6768,-3.24154,-6.57187,-1.69402,-6.52211,4.32766,6.40499,2.39722,6.21445,-9.61807,-9.53843,0.039,0.0383342,-0.0834891,3.6942,32.6418
5.7027e+07,1.16482,0.284685,11.1623,1.45308,-3.4421,0.137703,-3.53681,5.95552,14.2676,2.982,14.0662,-11.8929,-11.8624,0.039,0.0385294,-0.0463362,3.68462,32.6329
5.7047e+07,0.864045,-0.0452675,11.2404,-0.230063,-0.785608,-0.284023,-0.8786,4.39564,32.2676,2.79458,31.9644,-13.0684,-13.0678,0.034,0.0350578,-0.0179665,3.67569,32.6624
5.7067e+07,1.57556,0.18594,11.3161,0.932377,3.91668,0.335928,3.77672,7.92536,31.4126,4.59507,31.1488,-15.4501,-15.3575,0.034,0.0340688,0.0162297,3.6672,32.5947
5.7087e+07,0.293357,-0.0645349,12.3259,-0.299898,0.14569,-0.468083,0.0887397,1.36337,12.4966,1.94762,12.4714,-15.8318,-15.8698,0.034,0.0342711,0.0603479,3.65931,32.63
5.7107e+07,0.148017,-1.20853,11.3935,-6.05436,1.36706,-2.62485,1.43741,0.740157,-10.0683,1.39072,-9.96497,-18.5799,-18.5522,0.034,0.0345074,0.0925653,3.65232,32.6447
5.7127e+07,0.532425,-1.0857,10.503,-5.89424,0.237293,-2.88559,0.334268,2.88664,-30.5416,1.55202,-30.3206,-21.2669,-21.2288,0.034,0.0347064,0.117498,3.64449,32.6094
5.7147e+07,0.959568,-0.0765769,10.509,-0.415767,-3.68637,-0.538307,-3.70481,5.21703,-31.1523,2.01159,-31.0302,-23.5112,-23.4573,0.034,0.0348959,0.140393,3.63807,32.5682
5.7167e+07,-0.109881,-1.17,10.9023,-6.12505,-21.9459,-3.65469,-21.7218,-0.574152,0.893535,0.480656,0.789149,-23.5265,-23.599,0.051,0.0477718,0.194468,3.63096,32.5653
5.7187e+07,0.0954373,-1.03994,10.0879,-5.88544,-18.4192,-2.77848,-18.2492,0.539175,41.3516,0.258544,40.9763,-24.7478,-24.7302,0.051,0.0519601,0.216058,3.62471,32.5241
5.7207e+07,1.28448,-0.657005,10.0448,-3.7121,0.95485,-1.56933,0.895506,7.27177,59.0462,3.12309,58.5626,-24.9616,-24.8691,0.051,0.0524506,0.222939,3.61886,32.5476
5.7287e+07,1.02912,-1.15795,8.95681,-7.31883,-23.6711,-3.21436,-23.4182,6.50077,-31.137,2.69981,-31.0712,-28.0455,-28.0415,0.096,0.091748,0.270882,3.59626,32.5094
5.7307e+07,0.10258,-0.965282,9.16448,-6.01234,-25.381,-2.70118,-25.1589,0.63777,-1.30494,1.42673,-1.42117,-26.5646,-26.6633,0.096,0.0971363,0.261806,3.59124,32.5506
5.7327e+07,-0.406556,0.925323,9.98231,5.29161,-2.90775,0.620954,-3.00884,-2.32229,23.5806,-0.428083,23.428,-27.1143,-27.0516,0.096,0.0975785,0.242927,3.5863,32.4888
5.7347e+07,0.75189,-0.307785,8.06333,-2.17654,15.6113,-1.91083,15.3983,5.32346,30.7256,2.61803,30.5637,-24.015,-24.0483,0.115,0.111672,0.255838,3.58144,32.5006
5.7367e+07,1.52778,0.263009,7.86651,1.87982,24.9243,0.252644,24.7171,10.9848,8.14544,6.40132,8.10962,-23.6333,-23.5919,0.115,0.115502,0.217974,3.57708,32.4947
5.7387e+07,1.3013,-1.05198,7.7269,-7.64653,13.8861,-3.49765,13.8071,9.47379,-28.8164,4.94363,-28.5433,-23.4959,-23.5023,0.115,0.115954,0.187283,3.57158,32.43
5.7408e+07,-0.511276,-0.312601,9.43672,-1.89451,-10.3276,-1.12707,-10.1705,-3.09953,-47.1523,-0.252135,-46.7803,-22.5036,-22.5571,0.135,0.131101,0.211048,3.56822,32.4418
5.7428e+07,-0.355954,-0.717215,9.56889,-4.28351,-33.549,-2.56038,-33.2121,-2.12442,-32.4347,0.194945,-32.2797,-21.9692,-22.024,0.135,0.135769,0.199775,3.56434,32.4624
5.7448e+07,0.064621,-1.85158,8.77134,-11.9195,-32.5413,-5.27774,-32.2172,0.413006,-1.54921,0.97572,-1.64348,-20.5036,-20.4916,0.135,0.135958,0.176219,3.56083,32.4653
5.74683e+07,-0.511707,1.23601,10.0446,7.00608,-1.73217,1.10931,-1.86991,-2.89452,19.4737,-0.0531511,19.356,-17.099,-17.1792,0.145,0.143199,0.172373,3.56822,32.4594
5.7489e+07,-0.241728,0.684482,9.2244,4.24231,21.7487,0.871068,21.4722,-1.49699,22.237,0.180291,22.1409,-14.4883,-14.5639,0.145,0.145697,0.157804,3.56435,32.4418
5.751e+07,-0.721404,-0.322235,9.6102,-1.91505,20.6648,-1.65847,20.5591,-4.29054,1.64163,-2.41294,1.71259,-13.4196,-13.4665,0.145,0.145794,0.140846,3.56126,32.4594
5.7531e+07,-0.0384759,-0.341502,9.15848,-2.13544,8.20676,-1.17904,8.17325,-0.240538,-27.366,1.18519,-27.0777,-12.6562,-12.7815,0.162,0.160164,0.160735,3.559,32.4329
5.7551e+07,1.06217,0.190757,8.92096,1.21638,-13.1826,-0.178135,-13.1074,6.7884,-33.9309,3.21467,-33.7481,-15.3433,-15.2802,0.162,0.162527,0.145008,3.55576,32.4006
5.7571e+07,0.0595534,-0.801509,9.72272,-4.71253,-33.1673,-2.80302,-32.8576,0.349756,-24.8775,0.983183,-24.7789,-14.015,-14.0141,0.162,0.162702,0.130988,3.55285,32.3918
5.7591e+07,0.188522,-0.893029,9.43043,-5.4085,-23.3505,-2.8269,-23.1439,1.14014,-6.63318,0.553142,-6.63525,-13.9692,-13.9473,0.17,0.169508,0.13945,3.55017,32.4212
5.7611e+07,0.295555,0.619455,9.57522,3.69975,6.93958,0.417754,6.76349,1.76428,9.16834,1.44466,9.08097,-11.0684,-11.0898,0.17,0.170648,0.125592,3.5472,32.4065
5.7631e+07,-0.000496805,0.472541,9.25709,2.92221,18.3594,-0.0648493,18.2004,-0.00307092,8.06911,1.5571,8.03781,-11.8471,-11.85,0.17,0.170584,0.107994,3.54505,32.43
5.7651e+07,-0.146051,0.0992373,9.23525,0.61557,17.0617,-1.1594,16.9293,-0.905979,-6.77059,0.343559,-6.62998,-11.2059,-11.3065,0.183,0.181575,0.128908,3.54276,32.4094
5.7671e+07,0.0739166,-0.931564,9.67264,-5.50098,-1.38103,-2.40862,-1.26276,0.435819,-20.221,1.73944,-20.0657,-12.2288,-12.2849,0.183,0.183443,0.119435,3.54092,32.4035
5.7691e+07,0.0787954,-1.30246,9.59844,-7.72729,-20.236,-3.14071,-19.9369,0.46607,-26.9385,1.67027,-26.7719,-13.6333,-13.6273,0.183,0.183443,0.104868,3.53799,32.3624
5.7712e+07,-0.0505986,0.318403,10.0689,1.81121,-22.3276,-0.810115,-22.1681,-0.287779,-21.7477,0.941711,-21.6288,-13.6639,-13.6312,0.187,0.186845,0.103191,3.53614,32.3682
5.7732e+07,0.799773,-0.760566,9.61768,-4.50605,-11.6711,-2.48385,-11.5941,4.73885,-7.73242,3.40194,-7.74007,-14.015,-14.012,0.187,0.187337,0.0926141,3.53446,32.3771
5.7752e+07,-0.301455,0.797677,10.0224,4.54851,5.59607,2.56166,5.51628,-1.71741,-2.98433,-0.412779,-2.98673,-14.2593,-14.1851,0.187,0.187429,0.0861645,3.5327,32.4241
5.7772e+07,-0.325213,0.364163,10.2449,2.03475,9.55027,-0.618156,9.45784,-1.81704,-4.60265,0.805134,-4.50918,-12.8089,-12.8977,0.194,0.193257,0.0946241,3.53162,32.3741
5.7813e+07,0.536791,0.388247,10.4056,2.13395,-4.83141,0.0353755,-4.82168,2.95103,-27.7172,2.97011,-27.4878,-15.3127,-15.2901,0.194,0.194396,0.0940077,3.5567,32.3653
5.7833e+07,0.744792,-0.543809,10.9144,-2.84579,-15.6558,-2.57842,-15.5359,3.89895,-34.6179,3.49307,-34.4049,-16.1219,-16.1344,0.198,0.197613,0.108377,3.55417,32.4153
5.8013e+07,0.704106,-0.211448,10.5019,-1.15087,4.29836,-2.43193,4.22638,3.83493,-14.908,2.99892,-14.9034,-15.8776,-15.7994,0.229,0.228341,0.223847,3.53451,32.3006
5.8033e+07,0.931117,-0.808735,9.54389,-4.82081,12.9549,-2.95979,12.8793,5.55246,5.53476,3.49617,5.42196,-13.8929,-13.8781,0.229,0.229884,0.22279,3.53257,32.3212
5.8053e+07,0.00944021,-0.914705,10.1523,-5.14834,5.56554,-3.76699,5.55215,0.053062,12.1302,0.627648,12.0505,-12.2898,-12.2811,0.229,0.230029,0.212715,3.53082,32.3329
5.8073e+07,0.412937,-0.741299,9.751,-4.34355,-1.06042,-2.4549,-0.959065,2.41795,-2.57211,2.86502,-2.49044,-10.3662,-10.4455,0.246,0.244307,0.243572,3.52924,32.3153
5.8093e+07,0.775774,-0.32946,8.23659,-2.2805,-5.68637,-1.70944,-5.68128,5.37633,-21.992,4.02727,-21.8179,-12.183,-12.1467,0.246,0.246726,0.228651,3.52766,32.3212
5.8113e+07,-0.494318,-1.18926,10.0645,-6.73105,-16.007,-3.5144,-15.7921,-2.79243,-34.3126,0.562375,-34.083,-11.6486,-11.6895,0.246,0.246981,0.206661,3.5264,32.2829
5.81331e+07,-0.296207,-0.900254,9.76323,-5.26586,-7.4421,-2.78857,-7.30367,-1.73043,-28.2057,0.55514,-28.0234,-11.2822,-11.3475,0.258,0.25723,0.222069,3.52521,32.2829
5.8233e+07,0.422396,-0.408938,9.469,-2.47045,-4.29706,-2.70538,-4.25362,2.5518,-18.6637,1.47183,-18.5267,-9.81654,-9.75896,0.276,0.276912,0.182511,3.51882,32.3094
5.83131e+07,-0.0816606,0.390655,9.86483,2.2677,11.3518,-0.56637,11.1751,-0.473909,6.46605,0.542051,6.40871,-8.03028,-8.05507,0.303,0.301872,0.188896,3.51484,32.2565
5.8334e+07,-0.623765,0.624271,10.4759,3.40429,10.2373,-0.31345,10.1375,-3.40153,7.30575,-0.388916,7.33549,-6.36616,-6.44495,0.303,0.30373,0.183274,3.51415,32.2771
5.8415e+07,-0.468458,0.272643,10.3398,1.50889,-0.892478,-1.16711,-0.917623,-2.59318,-4.75532,-0.563387,-4.72648,-5.17532,-5.21359,0.313,0.313806,0.159416,3.50978,32.2182
5.8435e+07,-0.339208,-0.83041,10.1219,-4.68748,-0.297059,-3.50334,-0.202984,-1.91297,10.6035,0.201818,10.5105,-4.61043,-4.6155,0.324,0.323543,0.175136,3.50976,32.2506
5.8455e+07,0.883188,-0.187364,9.44046,-1.13205,17.5655,-2.38382,17.329,5.34361,10.176,2.30087,10.1169,-5.78601,-5.67376,0.324,0.324171,0.163985,3.5094,32.2359
5.8475e+07,8.061,-0.0549012,9.2754,-0.255973,11.2297,-2.4723,11.2192,40.9925,-11.7019,20.6205,-11.5069,3.92392,3.6025,0.324,0.316842,0.114436,3.50762,32.2271
5.8495e+07,-4.30527,-1.32414,-1.43085,-16.2706,-161.717,-22.6616,-160.323,-65.6379,-147.564,-8.39121,-146.797,355.649,355.782,0.336,0.253408,-0.355286,3.52881,32.1947
5.8515e+07,-2.3833,-0.469148,11.4633,-2.29457,-203.992,-4.6371,-202.636,-11.7353,15.1225,-0.706625,14.6884,321.405,321.922,0.336,0.319722,-0.163268,3.5248,32.1771
5.8536e+07,0.73857,-3.93004,12.2172,-17.8016,-112.022,-16.9291,-111.602,3.29369,223.596,-0.560085,221.498,268.932,269.418,0.336,0.322718,-0.157283,3.52403,32.1829
5.8556e+07,-8.31325,2.93394,6.50462,15.5334,266.909,12.6692,264.1,-49.3588,496.741,-21.542,493.367,88.6415,90.9863,0.357,0.320549,-0.233809,3.53747,32.1888
5.8576e+07,0.557288,3.96233,4.5921,40.5825,447.062,16.1104,443.718,5.2497,496.741,5.95344,493.376,-16.5646,-15.5405,0.357,0.330804,-0.205792,3.55278,32.2035
5.8596e+07,2.45937,-0.936381,7.87803,-6.47307,488.237,-8.40157,485.039,17.2234,496.741,11.8408,493.378,-57.4959,-56.8478,0.357,0.342118,-0.203483,3.57002,32.1888
5.86163e+07,1.89346,-0.979732,14.3981,-3.85962,409.795,-6.38806,407.28,7.47478,496.741,10.7089,493.345,-111.42,-110.693,0.382,0.354183,-0.155999,3.58707,32.18
5.8637e+07,7.53666,-3.60972,6.26438,-20.2203,222.97,-1.62867,221.971,46.1898,354.924,47.7275,352.842,-144.916,-144.686,0.382,0.281603,-0.534407,3.5939,32.1594
5.8657e+07,12.2388,3.08808,3.07534,13.7507,36.3136,13.6929,36.4878,70.3994,23.4737,46.4814,23.7765,-160.122,-160.391,0.382,0.306001,-0.517204,3.58512,32.2035
5.8677e+07,3.22342,-0.726849,10.411,-3.81551,-118.343,-10.5431,-117.181,17.1641,-282.022,21.352,-279.753,-134.855,-135.011,0.584,0.465952,-0.113952,3.58437,32.1741
5.8697e+07,-9.20039,-1.17722,28.5649,-2.24643,-356.312,4.82544,-352.916,-17.8389,-368.74,-9.72469,-366.849,-10.9921,-12.0831,0.584,0.525273,-0.131165,3.60155,32.1859
5.8717e+07,6.68249,2.55582,4.13345,18.0181,-453.702,8.34216,-450.751,53.9737,-250.343,28.7589,-248.905,-68.0303,-67.7213,0.584,0.54458,-0.145269,3.60352,32.1712
5.8737e+07,2.92784,-2.55243,5.31562,-22.8114,-351.35,-18.822,-349.405,26.4055,-114.175,23.1235,-113.937,-65.099,-65.3665,0.433,0.402332,-0.56245,3.60852,32.1624
5.8757e+07,6.86339,-3.9758,9.88033,-18.2879,-138.923,-16.2978,-138.568,32.7991,15.8401,26.4067,15.2757,-39.9234,-40.1933,0.433,0.379657,-0.640941,3.60002,32.1476
5.8777e+07,7.55826,-3.99025,9.19355,-18.5347,150.054,-18.6046,148.371,37.022,60.6798,32.9052,60.0737,-8.06082,-8.31091,0.433,0.351881,-0.747618,3.5981,32.1741
5.8797e+07,8.08824,-3.54951,13.6075,-12.6383,341.459,-14.3696,338.884,29.9054,-22.8011,30.7698,-22.3273,15.069,14.8679,0.391,0.321381,-0.840665,3.60573,32.2124
5.8817e+07,11.104,-3.28218,15.0631,-9.94796,292.665,-10.9686,291.014,35.7639,-147.213,35.3566,-146.013,24.5957,24.5511,0.391,0.30769,-0.911491,3.61433,32.1918
5.8837e+07,11.0897,-3.25327,16.1031,-9.44684,71.5961,-9.28338,71.7892,34.0205,-251.763,34.3534,-249.962,30.7025,30.6944,0.391,0.310299,-0.907595,3.61676,32.1624
5.8857e+07,7.80162,-3.26291,14.3822,-11.278,-154.755,-11.1113,-153.21,27.8791,-229.702,28.0765,-228.507,20.8857,20.9855,0.327,0.281459,-0.950204,3.61764,32.1771
5.8937e+07,-7.74138,-9.88845,-14.8323,-30.5843,-498.572,-16.9732,-495.215,-23.4737,159.123,11.2569,160.599,498.993,498.936,0.327,0.26492,-1.59779,3.62792,32.1329
5.8957e+07,0.176144,0.684482,14.642,2.67631,-326.114,12.1377,-323.529,0.688486,-297.397,16.3374,-294.814,30.5804,31.6101,0.327,0.265497,-1.81249,3.64056,32.1829
5.8977e+07,1.55323,3.21091,-4.04979,36.5118,-230.755,31.5161,-229.523,16.7272,-241.442,13.1566,-240.58,1.84758,1.92716,0.327,0.248514,-1.9621,3.63231,32.13
5.8998e+07,5.67267,1.71769,6.31252,11.4418,-83.778,10.1476,-83.7411,40.9289,-43.1675,44.4396,-43.2563,76.0155,76.5197,0.327,0.220638,-2.10579,3.61367,32.1359
5.9019e+07,8.09063,5.00518,6.19936,26.1537,39.5961,23.2995,39.0827,45.4387,-55.0607,54.3283,-54.6563,49.8018,50.4415,0.327,0.14584,-2.53602,3.59723,32.1535
5.9039e+07,9.29869,5.70843,5.57977,27.7622,24.7106,22.6653,24.5848,49.3555,-167.061,57.2016,-165.786,36.6262,36.6054,0.449,0.187376,-2.58138,3.58178,32.1329
5.9059e+07,10.8624,6.93432,5.66348,29.5124,-83.2742,22.4617,-82.6426,50.5033,-307.564,58.0811,-305.356,30.8247,30.5888,0.449,0.182594,-2.75281,3.58576,32.13
5.9079e+07,8.42354,1.40941,10.8682,5.85238,-66.4955,14.0736,-66.2652,37.5469,-372.16,42.016,-370,-43.6486,-43.0089,0.449,0.277985,-2.4838,3.59189,32.1359
5.9099e+07,6.38599,4.00568,6.66221,23.4634,-12.007,19.8133,-12.1041,39.4026,-270.465,30.0347,-269.34,-89.3585,-89.0589,0.361,0.293983,-2.3107,3.60076,32.1476
5.9119e+07,3.82256,0.010126,9.84186,0.0549506,4.84798,5.60265,4.68854,21.2261,-41.8088,16.7795,-42.3107,-105.496,-105.391,0.361,0.319385,-2.15769,3.5924,32.1594
5.9139e+07,5.82502,3.40117,14.0361,12.6154,-6.70927,11.7151,-6.60367,21.9657,186.756,22.0601,184.952,-120.351,-119.873,0.361,0.317095,-2.0283,3.59213,32.1565
5.9159e+07,8.10805,2.47875,11.6299,9.91733,-45.1368,11.9215,-44.7986,34.2884,208.451,32.671,207.05,-156.305,-155.899,0.307,0.249928,-2.14931,3.59989,32.13
5.9179e+07,3.19184,1.22637,12.1474,5.57689,-22.8009,7.07238,-22.7976,14.651,72.4355,20.8828,72.223,-181.694,-181.593,0.307,0.258888,-2.02707,3.59435,32.1624
5.9239e+07,0.577635,-0.514908,11.7005,-2.51676,-14.5719,-1.4787,-14.3531,2.82359,-126.084,2.85357,-125.555,-162.427,-162.52,0.356,0.344057,-1.4031,3.59767,32.0888
5.9259e+07,0.706544,-0.392079,12.2324,-1.8328,-38.3276,-1.29543,-38.0505,3.30405,4.26758,3.79512,3.90949,-147.969,-148.011,0.356,0.345696,-1.27938,3.5941,32.1153
5.92795e+07,1.11957,-0.141604,11.76,-0.686772,-17.152,-0.82004,-17.1267,5.43789,85.7943,6.86666,85.0775,-133.969,-134.057,0.34,0.330061,-1.21924,3.60809,32.1271
5.93e+07,1.18875,0.0871952,11.4184,0.435173,36.7869,-1.51992,36.3689,5.94342,84.6493,6.60216,84.1021,-122.794,-122.904,0.34,0.329295,-1.12435,3.60459,32.1388
5.932e+07,1.64272,-0.909888,10.1818,-5.04178,53.9625,-3.27203,53.6312,9.12932,19.9928,7.34478,19.9983,-114.931,-114.964,0.34,0.329872,-1.03483,3.60067,32.1565
5.934e+07,0.730353,-0.141604,12.2518,-0.661014,24.2373,-0.640734,24.2392,3.41126,-64.8011,4.99583,-64.1225,-106.763,-106.86,0.369,0.357635,-0.858252,3.59678,32.1329
5.936e+07,2.67194,-1.10738,11.465,-5.37381,-28.4345,-4.01249,-28.0979,13.06,-112.771,9.8296,-112.015,-99.7097,-99.7308,0.369,0.358525,-0.777304,3.59376,32.1006
5.938e+07,3.21165,-1.32414,11.78,-6.18938,-46.4039,-5.84196,-46.1011,15.1592,-109.305,12.6864,-108.708,-88.4272,-88.5072,0.369,0.355546,-0.709228,3.59089,32.0829
5.94e+07,4.72115,-2.70416,13.493,-10.7118,-11.2284,-9.64058,-11.2476,18.9357,-74.7095,17.8345,-74.3341,-69.0532,-69.2204,0.376,0.352109,-0.647563,3.58816,32.0859
5.942e+07,7.86865,-3.88187,14.393,-13.3141,60.3594,-12.8538,59.8455,27.8268,-53.2897,26.7327,-53.0335,-46.702,-46.9485,0.376,0.330669,-0.670483,3.5854,32.0829
5.944e+07,11.4271,-6.01332,13.8642,-18.5052,129.84,-16.924,128.833,37.095,-76.1141,34.0991,-75.6386,-15.4807,-15.7955,0.376,0.305449,-0.739551,3.58295,32.0506
5.946e+07,13.3305,-6.88998,15.4685,-18.6451,157.489,-17.7174,156.499,38.2106,-146.419,37.5226,-145.42,18.5651,18.1915,0.389,0.291858,-0.819925,3.58661,32.0976
5.948e+07,7.25975,-3.87224,14.7639,-13.2442,103.81,-14.0888,103.358,25.4374,-162.328,28.7083,-161.419,43.8629,43.6846,0.389,0.310064,-0.761582,3.59068,32.0947
5.95e+07,3.57725,-2.27305,13.0151,-9.55902,-20.4955,-9.62374,-20.0607,15.1499,-64.679,17.199,-64.6483,50.1682,50.1081,0.389,0.349907,-0.57272,3.58771,32.0594
5.952e+07,2.06082,-1.73357,12.305,-7.91045,-106.755,-8.59267,-105.839,9.41625,49.0309,11.145,48.3705,51.3132,51.3252,0.409,0.387308,-0.390661,3.58987,32.0829
5.954e+07,2.78922,-2.12132,10.8056,-10.7627,-87.3352,-10.5628,-86.8699,14.2136,99.8096,13.3384,99.1041,54.2293,54.2027,0.409,0.391026,-0.338362,3.59251,32.0947
5.956e+07,2.59559,-1.35785,10.978,-6.86367,48.0999,-10.9123,47.4814,13.2055,-6.67898,17.0095,-6.28166,35.985,36.1119,0.409,0.378017,-0.37069,3.58886,32.0535
5.958e+07,0.202851,-0.900254,9.31407,-5.51949,176.848,-6.33153,175.483,1.24186,-121.946,5.73202,-120.936,25.3438,25.3602,0.484,0.461235,-0.112621,3.59063,32.0771
5.96e+07,0.96204,-0.380037,8.72307,-2.47961,179.123,-3.00209,177.967,6.28762,-156.129,4.32811,-155.139,30.0003,29.9496,0.484,0.478211,-0.0664748,3.59357,32.0771
5.962e+07,0.0880896,-0.377629,9.17968,-2.35557,71.6571,-2.45283,71.5455,0.549338,-114.71,1.09064,-114.16,32.3819,32.3849,0.484,0.482176,-0.0516441,3.59678,32.0712
5.964e+07,1.59496,-0.880987,9.79487,-5.0731,-49.152,-4.82546,-48.6277,9.21209,-21.5797,6.94745,-21.6876,27.3743,27.4125,0.536,0.527499,0.0854278,3.59072,32.1212
5.96601e+07,2.29465,-1.09534,8.19606,-7.33327,-98.1291,-8.81444,-97.5044,15.5095,37.4279,13.1781,37.0832,27.4964,27.5148,0.536,0.520969,0.0359675,3.58936,32.08
5.968e+07,4.69896,-8.78299,4.57284,-53.2576,48.3594,-26.8853,47.012,25.3863,-87.7782,34.9408,-86.6761,-56.9768,-54.7047,0.536,0.428411,-0.371873,3.5786,32.0535
5.97e+07,6.30131,-0.608836,10.2803,-2.89058,276.161,-11.8845,274.042,31.4615,-225.519,24.5005,-223.93,-72.5036,-73.0964,0.607,0.519201,-0.131586,3.59354,32.0771
5.972e+07,1.54524,-2.4296,10.7113,-12.6532,361.077,-11.6809,358.695,8.00836,-264.877,14.6824,-263.211,-37.2364,-37.5578,0.607,0.551385,-0.0678117,3.61009,32.1035
5.97402e+07,0.716222,-0.847269,6.75429,-7.11047,304.039,-9.03692,302.294,6.00627,-194.877,4.05045,-193.888,-0.610434,-0.977434,0.607,0.58715,0.0157335,3.61687,32.0624
5.9761e+07,-0.174944,0.959041,9.75424,5.6144,128.237,1.52621,127.873,-1.02257,-59.366,-3.29501,-59.3901,14.0155,13.9932,0.643,0.633763,0.131041,3.61732,32.0771
5.9782e+07,1.47093,-1.39639,10.2001,-7.71642,-62.9841,-10.3406,-62.1585,8.13107,56.6645,5.84697,55.999,14.3667,14.3515,0.643,0.631201,0.108624,3.61293,32.0506
5.98031e+07,1.82744,-3.99988,8.74976,-24.1079,-127.549,-24.3127,-129.084,10.7552,67.0615,23.0259,78.0416,25.1606,23.2541,0.643,0.562332,-0.141979,3.61105,32.0506
5.9824e+07,3.15919,-1.57702,6.37351,-12.4999,-85.7932,-12.6651,-85.3679,25.6952,29.0615,17.2189,28.9768,25.8628,25.8966,0.677,0.626776,0.00376411,3.60968,32.0653
5.98442e+07,-0.336719,-1.19408,9.54674,-7.12499,15.5961,-10.3017,15.2157,-2.00441,-20.511,7.04978,-20.2525,25.4201,25.4101,0.677,0.64349,0.00177192,3.63167,32.1006
5.9865e+07,2.14639,-0.307785,7.9173,-2.14876,121.55,-8.43814,120.504,15.1574,-51.366,8.85112,-51.0057,27.7407,27.6923,0.761,0.683865,0.095013,3.62994,32.03
5.9945e+07,4.18869,-2.82217,11.6295,-12.861,-199.259,-16.3257,-197.505,19.291,41.0462,23.5531,40.0624,119.97,118.93,0.821,0.724306,0.0930646,3.60835,32.1006
5.9965e+07,0.281876,-1.71189,-1.10067,-56.4277,-219.442,-34.8996,-217.999,7.88532,132.832,3.32389,131.628,126.794,126.62,0.821,0.74914,0.0892733,3.60475,32.0506
5.9985e+07,-0.334446,-0.782242,6.67221,-6.67846,-186.419,-15.8722,-185.302,-2.85007,204.71,-2.03884,203.245,132.825,132.655,0.833,0.771543,0.0951821,3.60252,32.0447
6.0005e+07,-0.950392,-1.20131,8.55958,-7.9409,-62.1902,-6.77975,-62.0304,-6.27475,200.848,-4.79295,199.584,130.016,130.079,0.833,0.819191,0.18922,3.60292,32.0624
6.0025e+07,-1.8983,-1.43974,11.58,-6.99476,53.1533,-6.79281,52.558,-9.23971,109.016,-4.24761,108.658,113.252,113.439,0.833,0.827293,0.226325,3.60331,32.0771
6.00453e+07,-2.08699,-1.24225,7.68678,-8.86457,115.672,-6.00803,114.88,-15.0041,-45.0301,-12.0952,-44.2455,85.0232,85.2158,0.843,0.822269,0.205878,3.60882,32.0653
6.0107e+07,0.0428111,-0.702764,9.84635,-4.08241,-0.144387,-3.64785,0.0150956,0.248483,-76.6637,0.658918,-76.4549,66.6873,66.7781,0.846,0.842214,0.104835,3.6105,32.0535
6.0127e+07,-0.591974,-2.07074,9.38886,-12.4138,-25.4268,-6.19705,-25.3058,-3.52331,42.0386,-3.29162,41.5184,61.7712,61.7576,0.846,0.843255,0.091307,3.60882,32.0506
6.01474e+07,-0.473055,-0.370403,8.46316,-2.50214,-0.434463,-2.31705,-0.429571,-3.19621,111,-2.74545,110.109,48.8094,48.8008,0.846,0.84318,0.0452792,3.60756,32.0565
6.0168e+07,-1.77439,-0.519725,7.72566,-3.75126,22.6953,-3.33196,22.5256,-12.9069,88.405,-8.19031,87.9518,40.8552,40.882,0.86,0.849108,0.00801467,3.59995,32.0653
6.0188e+07,1.1723,-0.854495,4.93048,-9.57052,22.6648,-2.95178,22.5592,13.1851,8.89354,6.63521,9.03499,27.527,27.7001,0.86,0.855071,-0.0183254,3.59221,32.0447
6.0208e+07,1.19386,-1.10256,7.00514,-8.81946,14.6648,-4.23013,14.6106,9.55636,-65.3965,1.00997,-64.8155,18.7483,18.8517,0.86,0.85531,-0.0689238,3.58452,32.0506
6.0228e+07,1.02434,-1.16277,6.6728,-9.77262,5.65714,-6.88689,5.68112,8.59974,-95.6255,2.10123,-94.9002,13.8018,13.8071,0.87,0.860411,-0.0984624,3.5854,32.0212
6.0248e+07,0.835648,-0.970098,6.36225,-8.59681,1.4892,-5.42272,1.4962,7.39813,-42.8469,2.10835,-42.7764,11.6491,11.6835,0.87,0.864684,-0.125001,3.57797,32.0271
6.0268e+07,1.00724,0.224475,6.74626,1.88488,5.45867,-0.340495,5.38196,8.4871,34.5729,1.97709,34.0905,11.3896,11.4278,0.87,0.866165,-0.156711,3.57032,32.0329
6.0288e+07,-0.461406,0.67244,8.1443,4.71244,8.95485,-2.53482,8.8869,-3.23159,75.0767,1.54644,74.663,7.90865,7.97945,0.864,0.859577,-0.220443,3.56356,32.0447
6.0308e+07,0.322095,-0.367995,7.27299,-2.89372,7.87088,-3.12728,7.81783,2.53254,83.7485,-0.143103,83.1114,4.25979,4.35636,0.864,0.859456,-0.254395,3.55747,32.0271
6.0368e+07,0.74258,-1.17722,7.37104,-9.02908,-0.358127,-5.00777,-0.362947,5.68121,-62.3431,2.37727,-61.8194,-2.35089,-2.40787,0.837,0.832366,-0.410375,3.54123,32.0182
6.0388e+07,-1.45928,-0.20904,8.31232,-1.41889,3.96248,-5.13405,3.949,-9.95407,-30.8164,-3.19252,-30.6417,-1.70967,-1.72163,0.837,0.828228,-0.438462,3.53592,32.0182
6.0408e+07,-0.458862,0.111279,8.95776,0.710799,13.9778,-3.21845,13.8485,-2.93219,28.7561,-1.32046,28.449,-0.396694,-0.334564,0.811,0.814716,-0.485227,3.53122,32.0153
6.0428e+07,0.415392,-0.98214,10.4273,-5.37655,30.39,-8.15216,30.1242,2.27125,74.9393,0.570125,74.3675,0.641474,0.778056,0.811,0.798855,-0.512441,3.53375,32.0153
6.0448e+07,0.0219659,-3.02448,15.1182,-11.313,46.1457,-11.2561,45.8585,0.0816302,87.7027,-1.69232,87.0898,0.0307873,0.170153,0.811,0.791232,-0.443064,3.5365,31.9947
6.0468e+07,-0.137209,-5.93866,20.3631,-16.2584,37.7945,-14.5612,37.636,-0.370622,43.6264,-1.64478,43.5862,-0.0150142,-0.0440769,0.776,0.763921,-0.316736,3.53109,31.9947
6.0488e+07,-3.24101,-7.34999,21.2538,-18.8739,19.0312,-17.3714,18.8506,-8.2008,-4.72479,-7.1465,-4.54369,0.580406,0.513486,0.776,0.744049,-0.120087,3.5268,32.0094
6.0508e+07,-0.880661,-2.94018,14.4424,-11.4862,57.0312,-15.3908,56.6922,-3.41945,-46.7859,-4.47097,-46.4622,-5.93868,-5.91497,0.776,0.737819,0.0523011,3.52381,31.9918
6.0528e+07,1.12203,-0.389671,9.59426,-2.31006,-1.85431,-4.03486,-1.61743,6.66488,-56.5874,-1.04298,-56.288,-8.99211,-8.87496,0.764,0.760049,0.144087,3.52014,31.9859
6.0548e+07,0.551392,-0.599203,9.52081,-3.59521,-74.8314,-3.02253,-74.1888,3.30802,-14.6484,-2.3458,-14.7094,-7.37379,-7.27644,0.764,0.76054,0.134637,3.52475,31.9947
6.0568e+07,0.446311,-0.538992,8.23892,-3.73751,-91.32,-3.61493,-90.7584,3.09414,44.2065,-2.22064,43.768,-3.92341,-3.93995,0.764,0.760597,0.122328,3.52752,32.0212
6.0588e+07,-0.819223,-0.61847,9.62406,-3.66373,-39.9917,-3.27955,-39.9019,-4.85546,73.6722,-3.861,73.2548,-0.518831,-0.467621,0.759,0.758314,0.0999257,3.53041,32.0035
6.0608e+07,-1.98195,-1.15314,9.53161,-6.75503,35.0007,-3.62195,34.6232,-11.6637,66.2523,-7.60923,65.8973,2.12239,2.04339,0.759,0.75444,0.0747515,3.52936,31.9859
6.0628e+07,-3.2208,-2.75232,12.3531,-12.1666,74.6495,-7.55392,74.1672,-14.278,33.6569,-10.3189,33.5484,4.443,4.35583,0.759,0.748472,0.0815658,3.53258,31.98
6.0648e+07,-2.95109,-2.30677,14.2078,-9.0325,48.1304,-6.164,47.9731,-11.5865,-8.23624,-9.75811,-8.00213,9.38957,9.35975,0.762,0.746861,0.130851,3.52855,31.9682
6.0668e+07,-3.82129,1.35161,14.6845,5.09028,-49.6406,-0.0674737,-49.0575,-14.5275,-27.0454,-12.8072,-26.7323,19.0079,18.9031,0.762,0.746485,0.19305,3.52455,32.0241
6.0688e+07,-4.94333,0.501442,15.4581,1.76972,-148.129,0.762192,-146.959,-17.7249,6.69506,-16.057,6.51777,29.3285,29.3002,0.762,0.738839,0.227356,3.5356,31.9888
6.0708e+07,-1.19655,-0.461923,10.6622,-2.46525,-133.167,-1.74805,-132.44,-6.39718,46.1912,-10.2104,45.8402,40.1071,39.9796,0.765,0.746189,0.265863,3.53902,32.0094
6.0728e+07,-3.81835,-0.635329,12.5184,-2.77916,-15.778,-2.50561,-15.9665,-16.9421,58.6645,-14.3635,58.3038,43.0537,43.0195,0.765,0.748379,0.263354,3.54403,31.9771
6.0748e+07,-4.9407,-0.396896,13.2083,-1.61213,90.6495,-1.23902,89.8902,-20.5003,64.2218,-17.3322,63.8617,48.7331,48.7083,0.765,0.742524,0.251873,3.54584,32.0212
6.0768e+07,-2.45503,-0.141604,13.7384,-0.581329,64.9854,0.261652,64.7317,-10.1312,51.2294,-11.5838,51.083,62.1529,62.0274,0.786,0.750342,0.323807,3.53997,32.0094
6.0788e+07,-5.26828,1.23601,13.743,4.80033,-54.8467,4.14622,-54.1945,-20.8969,5.80957,-16.2382,6.01682,73.5575,73.4254,0.786,0.759214,0.373594,3.53422,31.98
6.0808e+07,-3.73527,1.16135,10.9922,5.71251,-136.801,4.48843,-135.832,-18.6716,-31.1217,-13.4211,-30.6829,77.5728,77.5792,0.786,0.766522,0.391242,3.54487,32.0006
6.0828e+07,-2.30693,-0.324644,12.4203,-1.4721,-104.221,-0.789141,-103.657,-10.5186,-27.0912,-11.0922,-26.8896,76.9315,76.9274,0.819,0.781748,0.420905,3.54698,32.0035
6.0848e+07,-4.23666,0.942182,9.47281,5.18793,6.84798,3.8341,6.52771,-23.9914,12.4203,-20.2983,12.2376,79.8934,79.7968,0.819,0.784938,0.373723,3.54172,31.9888
6.0868e+07,-4.93838,-0.124745,11.1408,-0.58649,68.8785,1.36473,68.2991,-23.905,80.5424,-24.8715,79.8954,88.5193,88.4085,0.819,0.74792,0.194141,3.53572,31.9682
6.0888e+07,-2.32402,1.02648,9.30747,6.10742,49.5045,4.8727,49.2716,-13.9386,92.3134,-12.6202,91.8618,93.6186,93.5712,0.855,0.800719,0.34103,3.53803,31.9741
6.0928e+07,-0.487311,-0.625695,10.2221,-3.49876,-84.9535,-1.53351,-84.2473,-2.72427,-28.0683,-3.80048,-27.6941,85.6644,85.6675,0.855,0.849341,0.435587,3.54348,32.0153
6.0948e+07,-1.71748,0.918098,5.8404,8.57627,-64.8161,7.85773,-64.5431,-16.1986,-66.3278,-14.646,-65.8398,77.8628,77.8616,0.89,0.845131,0.325112,3.5389,31.9888
6.0968e+07,-3.2931,-0.358361,8.60807,-2.22669,-7.93065,0.350172,-8.04664,-20.9183,-27.3049,-20.7396,-27.2196,75.8781,75.856,0.89,0.837527,0.212278,3.53295,31.9741
6.0988e+07,-2.22841,0.691707,7.74699,4.90441,53.7945,3.65672,53.249,-15.9875,45.4279,-12.6686,45.009,74.6262,74.6025,0.89,0.868644,0.252495,3.52873,31.9624
6.1008e+07,-1.2111,0.366571,7.9379,2.61383,51.1533,1.92057,50.8962,-8.66575,86.1607,-5.83329,85.5771,69.4812,69.5586,0.923,0.893557,0.280517,3.52371,31.9447
6.1188e+07,1.08146,-0.48119,7.14631,-3.80891,-68.5108,-1.5006,-68.0232,8.58619,-3.71715,1.14237,-3.60298,45.527,45.5396,1.003,0.987214,0.162075,3.513,31.9388
6.1208e+07,-1.34473,0.0342101,9.22669,0.210216,-57.61,-0.140557,-57.2785,-8.29205,-34.511,-7.13188,-34.2459,38.443,38.4557,1.003,0.997438,0.142852,3.50953,31.93
6.1228e+07,-2.05628,-0.0741685,8.04476,-0.51177,-1.99171,-0.0946807,-2.14808,-14.3375,-34.679,-7.82491,-34.5207,33.3285,33.3592,1.003,0.999556,0.100856,3.50665,31.9594
6.1248e+07,0.105036,-1.21094,6.3435,-10.806,43.7487,-4.97458,43.3755,0.931799,5.80957,-2.924,5.61153,32.9316,32.8738,1.031,1.0094,0.0862078,3.5035,31.9388
6.1268e+07,-0.277571,0.776002,7.89026,5.61348,49.9625,2.62807,49.6071,-2.00511,32.3897,-2.50437,32.0971,30.3972,30.4747,1.031,1.02719,0.0987556,3.50075,31.9359
6.1288e+07,0.144956,1.21192,8.19212,8.41387,4.78691,3.30152,4.79115,1.00281,42.0996,-0.437971,41.9048,28.2751,28.3232,1.031,1.02708,0.0525155,3.49814,31.9388
6.1308e+07,1.2844,-0.384854,6.63346,-3.26,-49.0299,-0.18409,-48.5927,10.9403,32.8783,3.18159,32.5901,21.5728,21.6883,1.034,1.02929,0.0120302,3.50351,31.9359
6.1328e+07,0.993206,-0.825594,6.71848,-6.93103,-68.6482,-3.0257,-68.1535,8.34735,-6.66372,2.76598,-6.5531,19.2827,19.3065,1.034,1.03167,-0.0228583,3.50161,31.9329
6.1348e+07,-0.0506435,0.479767,7.66167,3.58305,-33.61,2.0893,-33.5492,-0.377978,-33.4881,-0.217799,-33.2371,14.8552,14.8949,1.034,1.03275,-0.0578483,3.49871,31.9388
6.1368e+07,-1.8057,0.458091,9.01408,2.85266,9.59607,2.2903,9.41375,-11.3133,-24.9538,-6.5152,-24.8314,15.2064,15.2718,1.034,1.02967,-0.100591,3.49603,31.9124
6.1388e+07,0.219046,0.971083,7.36782,7.50507,34.848,3.95629,34.53,1.68832,5.59583,-1.21555,5.4591,20.2293,20.2544,1.034,1.03098,-0.129049,3.49366,31.9271
6.1408e+07,-0.855274,0.222066,7.87563,1.60569,10.5884,2.50357,10.6182,-6.19545,29.1683,-5.10822,28.9681,24.9774,24.8402,1.034,1.02837,-0.160586,3.49107,31.9065
6.14883e+07,-1.64351,1.11318,12.5858,5.01215,-86.7398,5.99338,-86.2286,-7.41121,-9.35074,-8.78934,-9.27575,49.4506,49.2915,1.002,0.993906,-0.249134,3.509,31.8771
6.1509e+07,-3.04047,1.3757,12.0129,6.3349,-50.8161,6.82992,-50.5895,-14.1148,3.03094,-13.5641,3.00204,62.6262,62.3772,1.002,0.971791,-0.278319,3.50682,31.8682
6.1529e+07,-2.17609,1.44795,10.5782,7.63625,-8.89248,7.92451,-8.97204,-11.5199,22.7867,-8.30061,22.622,69.756,69.7934,1.002,0.981589,-0.195506,3.50357,31.9212
6.1549e+07,-1.88455,0.648356,9.96415,3.65825,5.84035,5.63454,5.77826,-10.6879,30.6035,-6.43078,30.5042,80.5651,80.5418,1.028,0.996568,-0.111059,3.50066,31.88
6.1569e+07,-1.77692,-0.00914133,9.49765,-0.0542057,16.5732,2.98182,16.4884,-10.597,8.09964,-9.93235,8.15173,78.0919,78.062,1.028,1.00879,-0.0923321,3.49746,31.8829
6.1589e+07,-0.977038,0.164264,8.16292,1.14465,14.7258,1.44841,14.7008,-6.82402,-28.8622,-4.13554,-28.5981,70.3667,70.4146,1.028,1.02322,-0.0676678,3.50346,31.8829
6.1629e+07,0.338447,0.939774,8.48118,6.31799,-36.6482,5.91713,-36.3285,2.27132,-41.5187,-0.252816,-41.2705,60.0766,60.0293,1.025,1.02005,-0.104653,3.50339,31.8476
6.1649e+07,0.171481,0.282277,8.84827,1.82688,-57.3047,3.24946,-56.9605,1.1097,-4.93853,-1.89305,-5.07959,54.3972,54.5111,1.025,1.01993,-0.109065,3.49871,31.8682
6.1669e+07,-0.611827,0.62668,10.8628,3.29653,-59.1062,3.01002,-58.7337,-3.21832,26.6645,-4.4,26.3883,53.7712,53.6996,1.006,1.01279,-0.119009,3.50287,31.8565
6.1689e+07,1.12635,1.2336,11.9473,5.86924,-44.3581,5.171,-44.1021,5.35741,36.5729,0.0650835,36.2957,53.2064,53.1494,1.006,1.00154,-0.124134,3.50598,31.8476
6.1709e+07,-1.2996,0.901239,11.0823,4.61769,-29.3352,5.07673,-29.1739,-6.66661,13.0462,-6.5595,13.0426,51.2369,51.1489,1.006,0.996524,-0.115836,3.50193,31.8565
6.1789e+07,-0.270062,-0.46674,8.18029,-3.26379,3.30599,0.231638,3.36261,-1.88779,-18.7859,-0.207474,-18.8092,40.3514,40.3794,0.976,0.9899,-0.116586,3.48973,31.8182
6.1809e+07,-1.06539,0.18594,9.39288,1.12685,-11.7627,2.26848,-11.594,-6.4699,5.8859,-2.1992,5.79272,33.7102,33.8304,0.976,0.974928,-0.177663,3.48717,31.7918
6.1829e+07,-0.1367,0.819353,9.65189,4.85175,-38.1138,2.67711,-37.7938,-0.808521,8.69506,1.86392,8.79503,31.8934,31.8811,0.976,0.972757,-0.188146,3.4849,31.8212
6.1849e+07,0.856759,0.395472,9.23723,2.44103,-50.2513,0.944315,-49.9253,5.29424,2.75613,2.49476,2.80983,29.069,28.9883,0.951,0.964732,-0.219149,3.48275,31.7888
6.1869e+07,1.15997,0.568878,8.6888,3.7131,-34.8772,2.43355,-34.7282,7.58804,-23.0607,4.19908,-22.8364,26.7025,26.6422,0.951,0.949044,-0.264259,3.48104,31.8094
6.1889e+07,0.142624,1.01203,10.2621,5.63162,-2.92301,4.067,-3.01343,0.792405,-38.8317,2.07746,-38.5777,21.9086,21.9888,0.951,0.946921,-0.260003,3.4779,31.7976
6.1909e+07,0.55805,1.22156,11.4065,6.10545,-2.81614,4.05757,-2.80825,2.785,-45.5339,2.77141,-45.1278,21.817,21.8057,0.888,0.923247,-0.306801,3.47592,31.8094
6.1929e+07,1.07629,0.922915,10.6292,4.93733,-36.4039,5.75538,-36.0678,5.76044,-20.4194,2.48142,-20.468,20.4277,20.4156,0.888,0.884857,-0.371311,3.47439,31.8153
6.1949e+07,1.15995,0.636314,9.74782,3.70874,-66.923,4.64886,-66.4896,6.77176,-0.511045,2.08866,-0.667469,22.0155,21.8803,0.888,0.880853,-0.316576,3.47276,31.7888
6.1969e+07,-0.270231,0.142589,9.66991,0.84447,-37.9612,2.37687,-37.8341,-1.60057,11.1073,1.44745,10.9708,19.1911,19.2413,0.797,0.849979,-0.393009,3.47121,31.7918
6.1989e+07,-0.630691,-0.233124,10.3154,-1.29223,11.0465,0.394804,10.8981,-3.49785,9.24468,0.305206,9.27522,17.7102,17.6967,0.797,0.798269,-0.529958,3.46991,31.8035
6.2009e+07,-0.1699,-0.00914133,10.1302,-0.0516956,32.9548,2.02779,32.7646,-0.960852,-13.6255,1.39026,-13.506,15.1606,15.1562,0.797,0.792414,-0.518493,3.46851,31.7918
6.2029e+07,1.38927,0.308769,8.46501,2.06144,7.88615,3.13282,7.88727,9.31417,-47.1217,6.12377,-46.767,12.0919,12.2073,0.773,0.780561,-0.528305,3.46751,31.7653
6.2209e+07,0.329373,-0.779834,9.2453,-4.8184,-82.8925,-3.05386,-82.3091,2.03314,-45.1065,3.06839,-44.901,-13.2669,-13.0806,0.812,0.781222,-0.345509,3.49218,31.7476
6.2229e+07,1.69006,0.592962,7.32083,4.51248,-36.5261,-0.0284377,-36.5126,12.9584,-8.95379,5.56335,-9.00962,-10.7326,-10.783,0.812,0.804028,-0.288634,3.48957,31.7359
6.2249e+07,0.360356,-0.567893,9.50916,-3.41524,25.9319,-0.045567,25.6416,2.16637,11.0309,4.75301,10.8977,-10.3356,-10.3364,0.812,0.804775,-0.290067,3.48778,31.7741
6.2269e+07,1.1579,-0.570302,10.0094,-3.23943,54.9701,-0.645368,54.5892,6.58809,0.725596,6.89369,0.651478,-12.8547,-12.8112,0.807,0.802068,-0.290512,3.4854,31.7212
6.229e+07,2.73834,0.523118,9.29992,3.08864,32.9243,1.88585,32.7525,16.3825,-39.4423,10.4609,-39.1516,-16.8089,-16.8258,0.807,0.796278,-0.290276,3.48372,31.7094
6.2311e+07,3.14705,-0.856903,10.342,-4.53223,-43.7932,-1.29686,-43.3123,16.8703,-66.8317,11.4327,-66.4639,-23.9234,-23.7042,0.807,0.793886,-0.255055,3.48956,31.7359
6.2331e+07,-0.685532,-0.514908,11.8274,-2.48864,-71.1978,-2.17891,-70.6406,-3.3141,-56.6484,2.18561,-56.3373,-24.7784,-24.7822,0.783,0.78563,-0.23254,3.49528,31.7447
6.2351e+07,-0.845514,-0.52695,9.97324,-3.0137,-29.3963,-2.87305,-29.2779,-4.83914,-0.526312,-0.8818,-0.699263,-21.328,-21.3955,0.783,0.779914,-0.227378,3.49311,31.7271
6.2411e+07,2.89103,0.987942,10.7749,5.06073,40.8938,0.850662,40.6671,14.9594,-38.4042,11.2315,-37.985,-24.4272,-24.353,0.764,0.750962,-0.264352,3.49334,31.7241
6.2431e+07,0.88549,0.118505,11.7107,0.578125,-9.94591,-2.39347,-9.79911,4.3239,-76.0225,6.3766,-75.5252,-25.2059,-25.2514,0.764,0.752988,-0.22283,3.49769,31.7065
6.2511e+07,0.319815,-0.75575,10.8385,-3.98696,59.7945,-4.78093,59.342,1.68607,35.3821,3.62296,35.133,-20.2898,-20.3901,0.716,0.713771,-0.193537,3.50124,31.6976
6.2532e+07,-0.556463,-0.96769,10.8959,-5.0687,60.7258,-5.8339,60.3677,-2.91217,-0.190434,4.97275,0.0698299,-22.9005,-22.8757,0.716,0.705187,-0.208415,3.49844,31.6741
6.26122e+07,1.45187,-1.53608,13.1392,-6.62806,23.6877,-10.1619,23.3427,6.26322,-20.5416,5.26123,-20.5427,-21.7097,-21.761,0.69,0.671549,-0.147064,3.5253,31.7094
6.2632e+07,2.92079,-2.98112,11.0273,-14.6455,58.2373,-12.5306,57.7982,14.3427,27.0767,8.37832,26.7016,-21.2975,-21.1866,0.679,0.666809,-0.101342,3.52813,31.7182
6.2652e+07,2.46456,-2.42237,9.74179,-13.5533,64.1457,-10.9149,63.7265,13.794,35.7485,11.5737,35.5947,-20.473,-20.4924,0.679,0.659038,-0.0942907,3.53116,31.6918
6.2672e+07,0.666335,-1.77451,9.35263,-10.7167,28.6495,-10.2494,28.6153,4.004,24.0538,3.43669,23.8093,-20.5036,-20.5169,0.679,0.665206,-0.0517812,3.52694,31.6712
6.2692e+07,0.51308,-0.216265,10.4237,-1.18714,-11.7169,-4.59506,-11.4814,2.81737,-16.5721,2.74154,-16.3874,-26.1982,-26.0936,0.669,0.666121,-0.043133,3.52294,31.6976
6.27123e+07,-0.389228,-1.27838,9.59414,-7.58353,-22.9993,-10.1365,-22.8525,-2.30285,-44.2362,0.4839,-43.9159,-24.3356,-24.4183,0.669,0.659086,-0.060194,3.51889,31.7094
6.2733e+07,0.590418,-3.54951,9.97665,-19.553,1.42813,-14.0846,1.39413,3.19129,-35.3355,2.75845,-35.117,-24.8852,-24.9087,0.669,0.654413,-0.0657744,3.51486,31.6829
6.2813e+07,1.18005,-2.96667,10.0697,-16.3101,4.87851,-12.9126,4.96937,6.41379,9.77903,5.1901,9.88917,-22.7478,-22.7137,0.665,0.657801,-0.0167606,3.51538,31.6771
6.2833e+07,1.08018,-4.46952,9.78007,-24.4295,-11.8085,-17.6888,-11.6733,5.73636,-19.6561,4.30225,-19.4788,-23.2975,-23.3547,0.665,0.645189,-0.0264996,3.51179,31.6624
6.2853e+07,0.606765,-2.22729,11.5481,-10.9019,5.59607,-9.37959,5.56059,2.95336,-35.366,2.88058,-35.1263,-24.9921,-24.9553,0.665,0.653191,0.0212629,3.50804,31.6535
6.2873e+07,-0.568275,-1.42529,10.4464,-7.75803,37.1533,-11.2682,36.7958,-3.08524,-27.1828,-1.32963,-27.0689,-21.4807,-21.6778,0.666,0.650366,0.0308041,3.50506,31.6624
6.2893e+07,-0.250035,-3.79035,11.1973,-18.6969,51.6419,-14.4761,51.3648,-1.21168,2.7714,-0.530239,2.75122,-22.9158,-22.9546,0.666,0.648926,0.0466265,3.50207,31.6888
6.2913e+07,1.25623,-2.11891,10.5411,-11.288,51.1228,-10.5564,50.8153,6.66408,37.3057,1.76774,37.0325,-22.8852,-22.8993,0.666,0.651394,0.0725003,3.50589,31.68
6.2934e+07,-0.0876397,-3.86983,9.43302,-22.3047,15.5808,-15.4151,15.6408,-0.492476,39.4737,0.293388,39.219,-24.1677,-24.1568,0.666,0.65113,0.0810387,3.50311,31.6888
6.2955e+07,1.4635,-0.411346,8.65611,-2.68269,-14.465,-4.55468,-14.378,9.58568,13.7027,1.96243,13.6152,-25.3433,-25.2289,0.666,0.660593,0.0966333,3.50039,31.6741
6.2975e+07,0.960078,-1.91179,9.93859,-10.8392,-10.3123,-9.84137,-10.2752,5.41897,-20.2973,1.54095,-20.034,-28.9921,-28.8513,0.666,0.654997,0.0785447,3.4978,31.6565
6.2995e+07,-2.30135,-3.19788,11.4541,-15.3081,26.161,-14.2488,25.9621,-10.9524,-23.9767,-5.91129,-23.8806,-26.0914,-26.2103,0.669,0.649982,0.0788395,3.49517,31.6682
6.30153e+07,-1.47516,-3.21715,10.7055,-16.5783,63.3976,-14.7555,62.9862,-7.51757,-4.57211,-5.31706,-4.55833,-26.5952,-26.5727,0.669,0.647578,0.0950623,3.5152,31.6682
6.3036e+07,0.720816,-0.194589,9.27677,-1.19805,58.8632,-6.08956,58.4853,4.44205,34.3439,-2.34891,33.9559,-24.87,-24.8316,0.669,0.655699,0.131001,3.5193,31.6653
6.3056e+07,-0.183747,-1.73597,8.24466,-11.8875,3.94722,-12.8427,4.08172,-1.24934,35.8706,-1.15111,35.7258,-26.2746,-26.2947,0.679,0.659544,0.128903,3.51551,31.6476
6.3236e+07,-1.52577,-1.54812,9.49972,-9.14069,3.96248,-8.89917,3.83468,-9.0076,14.2828,-5.88339,14.4421,-20.7784,-20.8189,0.697,0.683749,0.115411,3.48864,31.6153
6.3256e+07,-0.683119,-0.608836,9.7118,-3.57838,41.764,-3.89596,41.4032,-4.01564,-9.07593,-1.97754,-8.82518,-21.4043,-21.4063,0.697,0.692967,0.121961,3.48664,31.6476
6.3276e+07,-3.10918,-0.565485,10.3882,-2.98524,42.4052,-5.94668,42.1867,-16.639,-24.4958,-8.37986,-24.2696,-18.7173,-18.7704,0.697,0.689599,0.0869381,3.48414,31.6035
6.3296e+07,0.0165495,-0.719623,9.67541,-4.25362,14.3747,-3.54821,14.4025,0.0977327,-8.0225,-4.53384,-8.0337,-20.5494,-20.4093,0.705,0.695994,0.0860029,3.48135,31.6153
6.3316e+07,-1.75063,-0.0693517,10.1528,-0.385678,-22.8009,-3.73967,-22.5339,-9.78299,21.9775,-8.75092,21.6887,-15.3127,-15.3359,0.705,0.696091,0.0728697,3.47904,31.5976
6.3336e+07,-0.826169,-1.4012,8.66362,-9.14635,-38.694,-6.29274,-38.4375,-5.37783,38.4966,-4.81234,38.2694,-15.0379,-15.1124,0.705,0.699172,0.0615239,3.47684,31.5682
6.3356e+07,-1.83151,-1.19408,9.99439,-6.70255,-21.9764,-6.47446,-21.9129,-10.3127,33.3057,-9.03998,33.2849,-13.8471,-13.8342,0.707,0.697141,0.0373552,3.47509,31.6094
6.3436e+07,-0.10061,-0.160871,9.62654,-0.957342,-1.50317,-2.04312,-1.41635,-0.598711,-7.06066,-3.7275,-6.93874,-9.08372,-9.01864,0.71,0.705056,0.00914035,3.46932,31.5918
6.3456e+07,1.74758,-0.180139,7.44537,-1.34933,-26.2818,-3.41857,-26.0676,13.2057,15.0615,3.62495,14.8175,-8.18295,-8.21701,0.71,0.705286,-0.0142885,3.46803,31.6241
6.3536e+07,0.766081,0.181123,7.85517,1.31465,24.5274,-0.934878,24.3741,5.56873,4.00804,-0.397444,3.97789,-7.20585,-7.13507,0.709,0.706787,-0.0895327,3.4624,31.5771
6.3656e+07,-1.05308,-1.17,9.50941,-6.97198,12.0388,-5.2169,11.9195,-6.27231,4.96987,-6.18499,4.97475,-6.09135,-6.00306,0.69,0.687838,-0.243968,3.45521,31.5712
6.3676e+07,-0.675903,-0.796693,9.12269,-4.97746,12.4052,-2.26819,12.3571,-4.22131,-6.23624,-3.06924,-6.05233,-2.22875,-2.25641,0.69,0.686062,-0.242616,3.45463,31.5624
6.3696e+07,1.32966,0.00290074,7.71906,0.0212186,-3.01462,-0.328699,-2.99065,9.77367,-7.93089,1.69159,-7.79097,-1.40433,-1.40957,0.69,0.686102,-0.240449,3.45424,31.5888
6.3716e+07,-2.43805,-1.09293,10.2966,-5.89708,-25.0299,-1.60591,-24.7864,-13.2495,-12.1599,-4.05449,-11.9861,-1.20585,-1.22895,0.678,0.678636,-0.26888,3.45396,31.5771
6.37363e+07,-2.58386,-0.52695,10.4021,-2.81462,-27.32,-1.39634,-27.1292,-13.9327,-3.86982,-6.19336,-3.76926,0.672009,0.617718,0.678,0.674034,-0.281635,3.49243,31.5888
6.3757e+07,-1.79137,0.460499,9.9234,2.61472,-15.3047,-0.883499,-15.251,-10.2221,4.22178,-4.36387,4.32641,2.54987,2.46859,0.678,0.673971,-0.283441,3.49007,31.5829
6.3777e+07,-1.02225,-0.416163,8.96452,-2.64086,2.49683,-1.94637,2.46261,-6.49853,10.4661,-3.46101,10.499,1.11476,1.15134,0.66,0.663474,-0.322744,3.48766,31.5476
6.3797e+07,0.549167,-1.18445,8.21405,-8.18733,4.90905,-3.97821,4.91397,3.78589,16.2218,-0.422305,16.2262,3.43537,3.40351,0.66,0.656446,-0.337469,3.48537,31.5976
6.3817e+07,-1.69338,0.123321,10.2623,0.679302,-8.34286,-2.1116,-8.23611,-9.36926,5.19888,-4.7992,5.27995,6.443,6.30793,0.66,0.655036,-0.330797,3.48327,31.5535
6.3837e+07,-1.03426,-0.139196,9.69386,-0.81802,-20.1902,-1.09075,-20.0116,-6.08936,-4.43471,-4.625,-4.44618,4.88575,4.87451,0.642,0.645047,-0.354664,3.4801,31.5476
6.3858e+07,-1.67444,0.713383,10.7452,3.75318,-22.2818,0.780344,-22.1214,-8.8381,-18.3736,-5.07302,-18.2772,3.49644,3.60872,0.642,0.638615,-0.363903,3.47836,31.5712
6.3879e+07,1.23884,0.303952,8.46039,2.03586,-12.5566,0.0743419,-12.5504,8.32522,-8.63318,1.72166,-8.59294,5.71018,5.67667,0.642,0.638381,-0.349241,3.47771,31.5418
6.3899e+07,-0.783477,-0.358361,9.10211,-2.24634,-4.67874,-1.63121,-4.66421,-4.9159,5.91644,-3.81333,5.86245,7.63384,7.51386,0.625,0.625727,-0.376144,3.47609,31.53
6.3919e+07,-1.45474,0.638722,10.2558,3.5285,2.98538,0.921153,2.9428,-8.05789,12.405,-4.08916,12.4761,8.67201,8.53784,0.625,0.621182,-0.37469,3.4737,31.5859
6.3939e+07,-0.413663,0.725425,10.1268,4.09392,-3.50317,1.05442,-3.51404,-2.33316,19.8248,-2.44386,19.7704,7.87812,7.87526,0.625,0.621607,-0.352618,3.4711,31.5094
6.3959e+07,-2.8562,-0.088619,10.9681,-0.447983,-19.8848,-0.762938,-19.7243,-14.5957,5.71796,-9.62033,5.85524,8.4888,8.46951,0.6,0.599934,-0.395353,3.47081,31.53
6.3979e+07,-0.831517,0.660398,10.6114,3.55033,-20.8925,0.971565,-20.7805,-4.47196,-7.82402,-2.93421,-7.67136,7.20636,7.27001,0.6,0.596872,-0.386155,3.47063,31.5506
6.3999e+07,-1.40442,0.0318017,9.71345,0.185654,-16.1749,-0.465849,-16.0798,-8.22708,-23.5339,-3.58293,-23.1645,7.98499,7.9544,0.6,0.596324,-0.371867,3.4697,31.5182
6.4019e+07,-1.51878,-0.912296,9.78089,-5.266,-2.03752,-2.46076,-2.00741,-8.78886,-13.824,-4.10695,-13.7964,6.91628,6.8986,0.577,0.578933,-0.421666,3.46949,31.5329
6.4039e+07,0.508608,-1.30728,8.31598,-8.91742,10.3442,-4.04155,10.2898,3.45751,0.740864,0.840474,0.544662,5.02315,5.0958,0.577,0.573435,-0.43271,3.46785,31.5124
6.4059e+07,0.656074,0.77841,8.85815,5.00832,10.5121,1.67435,10.4324,4.21965,7.7485,0.857838,7.6549,3.09949,3.1713,0.577,0.57354,-0.418127,3.46815,31.5006
6.4079e+07,0.429469,-0.0838022,9.9776,-0.480773,-15.2131,-0.218941,-15.0835,2.46459,16.4661,-0.415553,16.2513,3.13002,3.20771,0.552,0.55505,-0.44858,3.46886,31.5447
6.4159e+07,-0.521004,0.32322,10.0479,1.83998,17.7182,0.326783,17.5164,-2.96671,-9.10646,-1.10653,-8.93393,2.64147,2.60978,0.53,0.527324,-0.424094,3.47136,31.4771
6.4179e+07,1.14325,0.559244,8.81939,3.59829,30.68,1.16187,30.3919,7.37141,-3.86982,2.27851,-3.86483,0.687276,0.778397,0.53,0.526705,-0.407398,3.47225,31.4976
6.4279e+07,0.821033,0.0655195,9.4338,0.396425,-0.93828,0.00703196,-1.06005,4.97386,1.45842,1.03724,1.39342,-5.37379,-5.3558,0.48,0.477403,-0.42617,3.47675,31.4653
6.4299e+07,-0.532693,-0.577527,10.5831,-3.11964,8.90905,-1.30773,8.84421,-2.87725,-4.34311,-2.18593,-4.28576,-3.43486,-3.42769,0.48,0.47699,-0.3883,3.47753,31.4565
6.4319e+07,-0.680587,-1.12665,10.5396,-6.08897,4.29836,-1.63115,4.39961,-3.67384,-0.465243,-0.659773,-0.474108,-1.95395,-1.98042,0.456,0.458913,-0.415009,3.47862,31.4447
6.4339e+07,-1.14883,-0.322235,10.6196,-1.72794,-8.05278,-0.699821,-7.84645,-6.17141,1.9775,-2.02554,1.9823,-3.58753,-3.58688,0.456,0.453469,-0.400221,3.47931,31.4653
6.4359e+07,-0.740691,0.342487,10.4969,1.86413,-18.007,0.363984,-17.8542,-4.03413,-1.41181,-1.44438,-1.34873,-3.95395,-4.01177,0.456,0.453225,-0.371605,3.48031,31.4329
6.4379e+07,-0.334541,-0.437839,10.9725,-2.28402,-21.1826,-1.45194,-21.0307,-1.74497,1.21415,-0.757689,1.17319,-4.76311,-4.7294,0.431,0.434593,-0.396786,3.48108,31.4388
6.4399e+07,-0.253685,0.749509,10.4591,4.09766,-12.0528,0.60151,-12.04,-1.38588,-1.51868,-0.705358,-1.458,-4.64097,-4.64189,0.431,0.428756,-0.382578,3.48115,31.4241
6.4419e+07,-0.389215,-1.32654,10.2137,-7.39475,-7.4421,-5.46665,-7.40366,-2.16415,-0.190434,-1.2474,-0.177276,-4.30509,-4.34272,0.431,0.427492,-0.359337,3.48197,31.4182
6.4439e+07,-0.656832,-0.681089,10.2981,-3.77623,-3.13675,-2.286,-3.01678,-3.64156,-2.09883,-1.6788,-2.06311,-4.99211,-4.98408,0.409,0.411762,-0.375613,3.48266,31.4653
6.4459e+07,-0.51621,0.255784,10.3351,1.41597,3.42813,-0.287734,3.40468,-2.85852,-3.10646,-0.7596,-3.05494,-6.4425,-6.41759,0.409,0.406828,-0.365395,3.48062,31.4329
6.4479e+07,-0.0718006,-0.719623,9.84405,-4.18091,-0.587135,-2.08298,-0.497533,-0.416785,1.51949,0.511166,1.4669,-8.19822,-8.11752,0.409,0.406361,-0.345223,3.48121,31.4535
6.4559e+07,0.302734,0.561653,9.94313,3.23151,0.832712,0.87943,0.699297,1.74115,1.8401,0.194643,1.85603,-12.0455,-11.999,0.367,0.369439,-0.369749,3.48334,31.4329
6.458e+07,0.00473483,-1.16759,9.73168,-6.84154,-1.65584,-2.90548,-1.58365,0.0276781,2.46605,0.446406,2.44625,-11.0379,-11.0867,0.367,0.364739,-0.360081,3.48413,31.3976
6.46601e+07,-0.296322,-0.488416,10.1224,-2.76125,-9.88484,-2.38068,-9.7175,-1.67484,-1.50341,-0.177204,-1.47917,-17.5265,-17.526,0.346,0.34332,-0.345606,3.4866,31.3947
6.468e+07,0.255084,0.178715,10.0067,1.02284,-3.3963,-0.211539,-3.47785,1.46,-0.495778,0.491294,-0.474673,-18.0914,-18.0766,0.325,0.327782,-0.369336,3.4874,31.3859
6.47603e+07,0.517768,0.101646,9.60031,0.60573,8.22203,-0.331153,8.06341,3.08693,-2.32784,1.30593,-2.33067,-17.0226,-17.0317,0.306,0.303864,-0.352394,3.48777,31.4006
6.4781e+07,-0.793048,-0.290926,9.41088,-1.76441,-1.24362,-1.18895,-1.13813,-4.8146,0.633993,-1.2233,0.603501,-16.3814,-16.3885,0.306,0.303473,-0.336373,3.48825,31.3829
6.4861e+07,0.386546,-0.290926,9.52145,-1.74868,1.09225,-0.937671,1.05505,2.3237,2.05384,1.37532,2.05348,-18.5188,-18.5434,0.266,0.272041,-0.351022,3.4895,31.3535
6.4881e+07,0.510695,-0.22349,9.94169,-1.2861,3.97775,-2.14092,3.89584,2.9399,-3.79349,1.29775,-3.7619,-19.2975,-19.2367,0.266,0.264135,-0.353822,3.48931,31.3653
6.4901e+07,0.988372,-0.61847,10.0926,-3.49002,4.90905,-2.89993,4.91332,5.58276,-6.84692,2.91889,-6.80929,-20.3051,-20.2378,0.266,0.263276,-0.336573,3.48989,31.3447
6.4921e+07,0.470214,-0.628104,9.62293,-3.73005,4.49683,-2.43128,4.49981,2.79154,-5.41181,1.45249,-5.40537,-20.4425,-20.4091,0.245,0.250891,-0.353215,3.49002,31.3388
6.4941e+07,0.183769,-0.972507,10.0642,-5.51844,-4.35813,-3.27516,-4.22171,1.04123,-0.938526,0.905422,-0.949693,-20.7326,-20.7001,0.245,0.243175,-0.349929,3.48997,31.3624
6.4961e+07,0.298402,-1.03513,9.38263,-6.29246,-1.4421,-3.55852,-1.38164,1.81063,4.13018,1.05687,4.06748,-21.1753,-21.1917,0.245,0.242447,-0.326451,3.48908,31.3565
6.4981e+07,-0.320177,-0.57271,10.1864,-3.21637,-6.14439,-1.45321,-5.9823,-1.79748,6.74086,-0.383455,6.6948,-21.328,-21.3481,0.224,0.23005,-0.340214,3.48976,31.3506
6.5001e+07,-0.0837512,-0.67868,9.73254,-3.98881,-0.205456,-1.21439,-0.133136,-0.491839,7.90117,-0.578304,7.83101,-23.5112,-23.4671,0.224,0.222394,-0.340594,3.4904,31.3712
6.5021e+07,-0.00277953,0.0944205,9.55564,0.566128,10.0236,-0.276572,9.8553,-0.0166653,2.69506,-0.00737437,2.70044,-22.9616,-23.0134,0.224,0.2217,-0.317473,3.49143,31.3712
6.5041e+07,-0.207914,-0.695539,9.98429,-3.98412,1.22966,-3.00485,1.33431,-1.19008,0.496589,0.481154,0.481634,-24.1982,-24.2037,0.207,0.211389,-0.331289,3.49233,31.3535
6.5061e+07,-0.196122,-0.165688,9.81656,-0.966779,3.42813,-1.14762,3.38031,-1.14438,-4.03776,-0.270882,-3.99987,-23.9081,-23.9265,0.207,0.205248,-0.328715,3.49284,31.3476
6.5081e+07,-0.129161,-0.531767,10.5472,-2.88608,-6.48026,-1.84227,-6.3277,-0.700721,-3.03013,-0.0357379,-3.03731,-25.2669,-25.2216,0.207,0.204743,-0.301184,3.4935,31.3418
6.5101e+07,0.183547,-0.175322,9.707,-1.03454,0.115155,-0.907121,0.0779354,1.08308,-2.0225,0.634366,-2.03158,-24.5646,-24.5804,0.184,0.191089,-0.320161,3.49395,31.3182
6.5121e+07,-0.521074,0.573695,10.5184,3.11811,2.22203,0.407608,2.12311,-2.83187,-2.55685,-0.966917,-2.48321,-24.3814,-24.4108,0.184,0.182599,-0.320646,3.49455,31.3476
6.5141e+07,0.907173,-0.57271,9.77934,-3.33731,10.848,-1.85962,10.7111,5.29082,4.32865,2.37031,4.26541,-23.7555,-23.7117,0.184,0.181789,-0.299004,3.49521,31.3124
6.5181e+07,1.12201,-0.334277,9.82939,-1.9352,6.17622,-0.995349,6.09991,6.50832,2.05384,2.62137,2.01048,-22.9463,-22.9819,0.163,0.161505,-0.311372,3.49674,31.3535
6.5201e+07,0.386329,0.4894,10.4035,2.69145,-1.25889,-0.0965251,-1.34727,2.12432,-4.98433,1.47549,-4.91554,-23.4043,-23.3414,0.163,0.160905,-0.283945,3.49737,31.33
6.5381e+07,1.08874,-0.917113,9.67654,-5.3804,-3.97645,-2.19362,-3.96059,6.39117,-8.98433,2.34565,-8.96153,-28.6715,-28.6376,0.118,0.116539,-0.192259,3.49869,31.2771
6.5401e+07,0.706319,0.419556,10.3699,2.31152,5.36706,0.21759,5.2392,3.89335,-7.77822,1.82586,-7.75579,-28.0761,-28.0519,0.102,0.107087,-0.196219,3.49889,31.3447
6.5421e+07,0.415004,0.412331,11.3673,2.07602,9.97775,-1.21643,9.81078,2.08948,-3.73242,1.58784,-3.71121,-28.1219,-28.0865,0.102,0.101201,-0.184422,3.49848,31.3094
6.5441e+07,0.627689,-0.187364,10.1577,-1.05472,13.0923,-1.3584,12.9124,3.53546,-0.327839,1.494,-0.370406,-28.412,-28.3849,0.102,0.100784,-0.159052,3.49835,31.2741
6.5461e+07,0.534393,0.424373,11.2604,2.15587,10.9854,-0.335195,10.8507,2.71516,5.97751,1.17901,5.91339,-29.4196,-29.3331,0.095,0.096745,-0.140876,3.49789,31.28
6.5481e+07,0.544075,-0.0476759,10.6328,-0.256568,8.93958,-0.886923,8.89608,2.9292,16.2981,2.08866,16.1615,-28.3356,-28.321,0.095,0.0943242,-0.119811,3.49686,31.2535
6.5502e+07,-0.413538,0.275051,11.1067,1.41763,-3.15202,-1.42904,-3.1112,-2.13168,13.5653,0.0270346,13.5163,-29.1906,-29.1611,0.095,0.0941724,-0.0983363,3.49697,31.2888
6.5583e+07,-0.912652,0.47495,11.4161,2.37477,5.27546,-1.65856,5.17623,-4.56683,3.82483,-1.04288,3.84111,-29.0532,-29.1478,0.087,0.0864672,-0.0392004,3.49551,31.28
6.5604e+07,-0.0169613,-0.428205,10.0415,-2.44181,5.68767,-2.07532,5.68611,-0.096691,12.9851,-0.126331,12.8886,-32.4883,-32.486,0.087,0.0867231,-0.0219477,3.49578,31.2624
6.56841e+07,0.0929195,-0.57271,11.1737,-2.93403,-10.7551,-3.26265,-10.6804,0.475831,5.00041,1.21126,4.98381,-39.4043,-39.3778,0.084,0.0839475,0.0175329,3.49267,31.2212
6.5704e+07,-0.491816,-1.59869,10.0329,-9.04297,-6.90775,-4.58184,-6.73416,-2.77149,2.92407,-1.144,2.88989,-39.8776,-39.8954,0.087,0.0862788,0.0340706,3.49292,31.2271
6.5784e+07,-0.267585,-0.787059,10.5801,-4.25306,-0.846677,-3.32649,-0.817135,-1.44478,6.80193,-0.0359319,6.77523,-40.4578,-40.4809,0.09,0.0902259,0.0629393,3.48988,31.2065
6.5805e+07,1.50669,-1.18445,9.0537,-7.35337,-0.648204,-3.01062,-0.598227,9.37,11.0157,4.31897,10.851,-40.9616,-40.8694,0.09,0.0902408,0.0625999,3.48984,31.2418
6.5825e+07,0.107237,-0.538992,9.15804,-3.368,1.00065,-1.20222,0.987268,0.669723,3.77903,0.744862,3.80903,-39.0074,-39.0556,0.094,0.0933781,0.0703298,3.48964,31.2182
6.5845e+07,0.887909,0.00771757,9.21284,0.0477751,-4.66347,-0.966354,-4.63768,5.50501,8.9546,3.30684,8.84928,-40.4425,-40.4011,0.094,0.094271,0.0638845,3.48944,31.2065
6.5865e+07,-0.124291,-0.871353,9.87947,-5.03996,0.35943,-3.16405,0.38594,-0.717998,4.31338,0.784912,4.35127,-40.3356,-40.3554,0.094,0.0942906,0.0574883,3.48909,31.2182
6.58851e+07,-0.972239,0.0823784,10.3447,0.454254,6.66477,-0.981344,6.62441,-5.36896,3.85537,-0.238739,3.83535,-39.8013,-39.7924,0.1,0.0987004,0.0584347,3.48807,31.2153
6.5906e+07,1.10795,-1.30246,8.39382,-8.74551,7.73348,-4.23485,7.69938,7.43145,2.55766,3.85574,2.54568,-39.9387,-39.9762,0.1,0.0999671,0.049606,3.48745,31.2006
6.5987e+07,0.147538,0.513484,9.95505,2.95239,6.22203,-0.223488,6.07248,0.847957,8.49659,0.129882,8.37456,-39.1295,-39.1301,0.106,0.106147,0.0333592,3.48437,31.1741
6.6007e+07,-0.0526041,-1.0568,9.19296,-6.5577,0.756377,-4.23991,0.848057,-0.32571,11.718,0.88946,11.6996,-38.7173,-38.7252,0.11,0.109364,0.0311852,3.48427,31.1947
6.6027e+07,-1.01018,-0.885804,9.97993,-5.04655,4.64951,-4.10039,4.69691,-5.75735,3.87063,-0.409429,3.99365,-39.1448,-39.173,0.11,0.10977,0.0200556,3.48383,31.1741
6.6047e+07,0.348299,-0.144012,8.5839,-0.960374,5.00065,-2.09659,4.99816,2.32323,5.8401,3.98547,5.78541,-38.1677,-38.208,0.11,0.109669,-0.00168167,3.48426,31.1771
6.6067e+07,0.489226,-0.302968,9.29816,-1.86367,-3.74744,-1.22032,-3.66911,3.01027,0.633993,1.49551,0.534864,-38.0608,-38.0868,0.106,0.106423,-0.0240335,3.48417,31.1918
6.60871e+07,0.615893,-0.702764,9.01725,-4.44605,-5.15202,-2.92936,-5.08826,3.89555,-1.77822,0.931432,-1.89245,-37.4807,-37.4924,0.106,0.105713,-0.0375769,3.48188,31.1859
6.6107e+07,0.162237,-0.823185,8.35504,-5.62588,5.3518,-3.49774,5.26602,1.10706,-5.83929,1.29148,-5.74207,-37.3127,-37.3797,0.106,0.105504,-0.0482622,3.48148,31.1653
6.6127e+07,-0.897939,-0.914705,9.34112,-5.56721,12.3747,-3.26075,12.2887,-5.46486,0.801932,-1.32056,0.847144,-37.6639,-37.6661,0.111,0.109679,-0.0443171,3.48094,31.1859
6.6147e+07,1.3628,1.03129,8.93866,6.50684,21.8861,2.39586,21.7092,8.6124,10.3592,6.0109,10.2481,-38.3204,-38.297,0.111,0.110168,-0.0554146,3.48067,31.2094
6.6167e+07,1.44403,0.881972,8.51812,5.8288,13.5503,1.11679,13.3758,9.57137,8.29811,3.91604,8.13266,-39.2364,-39.1653,0.111,0.110204,-0.0652672,3.47999,31.1829
6.6187e+07,0.892519,0.605004,8.49441,4.05172,-1.93065,-0.0107711,-1.95502,5.98309,2.63399,2.05061,2.51297,-38.5188,-38.4693,0.103,0.103498,-0.092778,3.47969,31.1388
6.6207e+07,0.759074,-0.382445,9.08175,-2.40301,-12.0375,-1.5627,-11.9436,4.7736,-3.82402,2.33627,-3.72596,-38.7631,-38.753,0.103,0.102346,-0.10506,3.47931,31.1771
6.6227e+07,1.01695,-0.353544,8.3788,-2.39859,-8.31233,-1.90125,-8.30259,6.91417,2.9546,2.87981,2.97372,-38.641,-38.5959,0.103,0.102144,-0.112882,3.47947,31.1741
6.6407e+07,0.161844,0.590554,9.65364,3.50017,19.0465,-0.0855831,18.9104,0.958684,14.5119,0.306248,14.4103,-37.9234,-37.8512,0.089,0.0874907,-0.193595,3.4725,31.1476
6.6427e+07,-0.738199,-0.0332255,9.47772,-0.200251,21.1686,-1.75885,21.0506,-4.45362,9.94697,-1.78257,9.82263,-35.6944,-35.7275,0.08,0.0798896,-0.214826,3.47148,31.1447
6.6447e+07,-1.16759,-1.55775,10.0455,-8.75663,4.02355,-4.12474,4.13736,-6.55213,-5.71715,-0.162482,-5.54714,-36.8852,-36.9007,0.08,0.0783823,-0.21737,3.47016,31.1241
6.6467e+07,-0.34858,-1.47587,10.0022,-8.38868,-11.1826,-3.21567,-11.0145,-1.97461,-12.221,1.10891,-12.0637,-36.7784,-36.8437,0.08,0.0783549,-0.211878,3.46875,31.1565
6.6487e+07,1.02371,1.10595,9.29284,6.7465,-14.4345,1.70296,-14.3927,6.24272,-7.28967,1.57869,-7.26003,-38.4883,-38.4115,0.063,0.0640248,-0.249404,3.4674,31.1771
6.65072e+07,1.48473,0.499034,8.83799,3.18719,-9.56423,1.1703,-9.58745,9.52143,0.22178,3.65882,0.234329,-38.4272,-38.3876,0.063,0.0614402,-0.248564,3.46646,31.1535
6.6527e+07,0.830839,-0.849678,9.5083,-5.0872,0.57317,-2.878,0.566465,4.97412,10.9851,1.72733,10.8229,-37.8165,-37.7576,0.063,0.061249,-0.235507,3.4654,31.1359
6.6607e+07,-0.572867,-2.0876,9.95388,-11.8258,-19.5642,-6.446,-19.3627,-3.22387,-2.46524,-0.297941,-2.45353,-37.5112,-37.537,0.024,0.0235245,-0.264406,3.46045,31.1447
6.6628e+07,1.60194,-0.249983,9.86473,-1.43286,29.2755,-5.22572,29.0363,9.2209,32.4202,6.4384,32.2666,-30.9158,-30.8154,0.024,0.0238783,0.125305,3.45969,31.1271
6.6708e+07,1.27486,-0.440247,9.09071,-2.74574,-24.7398,-2.93083,-24.5721,7.97377,17.4279,5.90621,17.1624,-28.7631,-28.7212,0.029,0.0295649,0.0889396,3.45696,31.1212
6.6728e+07,0.176082,0.908464,8.89913,5.82769,-6.89248,0.522651,-6.94975,1.12767,23.7943,0.712519,23.6131,-26.931,-26.9073,0.027,0.0278039,0.0648069,3.45629,31.1241
6.68083e+07,-0.54234,-0.233124,8.58927,-1.55161,2.54264,-2.0976,2.65362,-3.61162,-5.15227,-0.122417,-5.2333,-29.5723,-29.6787,0.038,0.0378645,0.0105387,3.45348,31.1241
6.6829e+07,0.479925,-1.20371,8.25444,-8.28296,-36.3429,-2.85509,-36.015,3.29276,4.02331,2.25885,3.99482,-34.1371,-34.0628,0.038,0.0378873,-0.0134582,3.45273,31.1182
6.6849e+07,0.849605,0.361754,8.39671,2.45442,-38.5413,-0.4979,-38.3551,5.77238,26.5271,1.09668,26.1409,-35.6333,-35.505,0.031,0.0317801,-0.0545919,3.45193,31.0888
6.6869e+07,0.226225,0.913281,9.23861,5.64394,-4.03752,1.47616,-4.14729,1.39592,19.0462,1.1288,18.9308,-34.7173,-34.709,0.031,0.0306005,-0.0760809,3.45159,31.1182
6.6909e+07,-0.287026,0.42919,9.6965,2.53328,44.5884,1.21953,44.3157,-1.69386,-10.7401,0.889496,-10.4759,-34.6562,-34.5863,0.042,0.0394876,-0.0904986,3.44865,31.1447
6.6929e+07,0.0612898,1.54188,8.30194,10.5211,27.6266,2.31299,27.4549,0.415872,-15.7477,-0.367415,-15.691,-31.0532,-31.1127,0.042,0.0409445,-0.107503,3.44763,31.0653
6.6949e+07,-0.0914262,1.16135,10.519,6.29998,-17.2436,3.13253,-16.965,-0.494969,-13.4118,-0.641322,-13.2794,-35.6181,-35.4675,0.042,0.0410594,-0.120794,3.44701,31.0888
6.7029e+07,-0.310869,0.301544,9.31644,1.85281,38.7258,-1.82741,38.3882,-1.91012,3.80957,-0.0587128,3.79686,-33.2364,-33.32,0.029,0.0283929,-0.214591,3.44343,31.1035
6.7049e+07,2.79321,0.720608,8.24128,4.73396,52.7411,1.93432,52.3447,18.6568,-7.77822,8.18866,-7.63578,-34.0914,-34.033,0.029,0.0274171,-0.216746,3.44259,31.0829
6.7129e+07,-0.418066,-0.61847,8.06859,-4.37739,-72.9688,-4.53614,-72.4987,-2.95741,-23.137,1.77769,-22.8692,-31.099,-31.182,0.035,0.0351984,0.0486527,3.45428,31.1271
6.7149e+07,1.64696,1.01443,8.07655,7.0161,-24.4192,1.77029,-24.4652,11.4382,-18.0072,5.43742,-17.8179,-31.3585,-31.2725,0.03,0.0308947,0.00644117,3.45299,31.0535
6.7169e+07,0.405583,-0.0549012,8.06166,-0.389695,36.5579,-1.62197,36.1514,2.88006,-11.3049,2.54745,-11.2686,-31.0074,-31.0888,0.03,0.03,-0.0179578,3.45175,31.0506
6.7189e+07,-2.51485,0.32322,10.788,1.67134,70.7411,-4.02664,70.2354,-13.1165,-14.1752,-3.74797,-14.0159,-29.1295,-29.2348,0.03,0.029546,-0.0347898,3.45809,31.0594
6.7209e+07,-0.521037,0.441232,10.9836,2.29787,54.4205,1.94196,54.1973,-2.71377,3.73323,-1.16609,3.70846,-33.3738,-33.2445,0.027,0.0273647,-0.0535602,3.46403,31.0682
6.7229e+07,-0.150283,-1.85639,10.0132,-10.5019,-6.57187,-4.51062,-6.27263,-0.845452,13.5653,4.98846,13.5033,-35.8776,-35.8859,0.027,0.0263429,-0.0801604,3.46225,31.0447
6.7249e+07,3.19212,0.197982,7.71539,1.35831,-60.0681,1.5317,-59.634,22.4699,22.1454,9.68783,22.0372,-37.2059,-37.1294,0.027,0.0261463,-0.100941,3.46688,31.0712
6.7269e+07,2.45446,-0.469148,8.74538,-2.95668,-72.4497,-3.03382,-72.0536,15.6558,19.2599,7.92374,19.2835,-38.2288,-38.1063,0.028,0.0268285,-0.104155,3.47939,31.0565
6.7289e+07,-0.869006,-1.91901,11.7066,-9.28437,-12.2971,-11.7881,-12.392,-4.18969,-14.5263,-1.28368,-14.3136,-39.2364,-39.2842,0.028,0.0267634,-0.0924703,3.48426,31.0535
6.7309e+07,1.91008,-0.630512,11.3145,-3.14515,101.184,-6.57871,100.24,9.56759,-62.7401,4.36023,-62.2293,-41.1753,-41.0499,0.028,0.0271155,-0.0530159,3.49564,31.0565
6.7429e+07,0.0567136,0.82417,8.60232,5.47256,-35.3352,2.51437,-35.236,0.376014,44.7714,2.65448,44.4822,-21.6181,-21.5945,0.031,0.0315722,0.112732,3.56005,31.0476
6.7449e+07,1.29407,-0.820777,5.54061,-8.20863,29.3365,-10.109,29.0615,13.0094,-5.71715,15.1703,-5.69342,-28.3356,-28.28,0.027,0.0270075,0.0178178,3.57642,31.0447
6.7469e+07,-0.310866,0.294319,17.1633,0.982261,77.2449,-2.02999,76.623,-1.03749,-60.511,3.26859,-59.9943,-25.328,-25.5893,0.027,0.0268054,0.0562223,3.59257,31.0418
6.7489e+07,0.843629,-3.91077,0.737726,-74.0095,77.8251,-54.9279,77.4275,11.9684,-91.1675,11.161,-90.4823,-6.07608,-6.42685,0.027,0.0209152,-0.034604,3.60731,31.0212
6.7509e+07,-2.28923,-3.87946,10.6933,-19.5325,69.1839,-12.8429,68.9096,-11.3786,-76.4958,-8.45128,-75.8845,-6.64097,-7.23408,0.042,0.035077,-0.0186254,3.62225,31.0388
6.7529e+07,-3.08666,-4.23832,12.1488,-18.6817,58.39,-15.9469,58.135,-13.4899,-52.0072,-8.91041,-51.4098,-4.35089,-4.67636,0.042,0.0377693,-0.0725018,3.63601,31.0359
6.7549e+07,-3.43582,-2.34289,7.62208,-15.6544,29.8403,-13.7297,29.8085,-23.31,-12.9385,-7.0305,-12.5727,-2.01501,-2.19523,0.042,0.0370312,-0.140299,3.65871,31.03
6.7749e+07,0.261872,1.52743,4.19907,19.9533,-223.824,9.35054,-223.86,3.35412,45.7943,1.83656,45.8111,-95.16,-95.0587,0.036,0.0359029,-0.153357,3.83041,31.0271
6.7769e+07,2.14804,2.34629,7.92392,15.9493,-95.6864,12.5727,-96.0939,14.5703,89.321,10.4699,89.2242,-87.2975,-87.4757,0.036,0.0342295,-0.125231,3.84339,31.03
6.78292e+07,3.74853,0.0534774,7.54374,0.363733,10.8785,1.21754,10.7095,26.4225,-35.5798,15.4701,-35.7936,-37.328,-37.6232,0.036,0.0343312,-0.153553,3.87998,31.0359
6.785e+07,0.541517,0.564061,5.94235,5.40016,37.9472,2.94784,37.8946,5.18373,-49.1065,8.65343,-48.9108,-20.8242,-20.8555,0.036,0.0341659,-0.160237,3.89082,31.0359
6.7871e+07,0.88544,0.299136,9.32015,1.83007,63.7793,0.506174,63.72,5.42419,-59.0912,4.32878,-59.0816,-11.9997,-12.1861,0.039,0.0372791,-0.140827,3.90086,31.0065
6.7891e+07,1.0909,-0.0862106,9.26,-0.529745,64.2984,1.41818,64.2934,6.71864,-65.7935,5.39528,-65.8256,-11.4959,-11.5181,0.039,0.0378348,-0.129961,3.91066,31.0329
6.7911e+07,0.116532,0.38343,9.80055,2.2403,61.535,2.15906,61.5782,0.680715,-58.3889,0.578532,-58.4246,-12.1524,-12.2437,0.039,0.0380937,-0.11664,3.9198,31.0506
6.7931e+07,0.131185,-0.789467,10.1904,-4.42958,43.0923,-2.4778,43.1714,0.735348,-47.7782,-0.509848,-47.8287,-14.015,-14.0754,0.041,0.0398883,-0.101192,3.92755,31.0506
6.7952e+07,-0.819023,-1.33859,10.423,-7.29596,9.12279,-5.91916,9.34591,-4.45652,-33.9767,-4.06713,-34.1191,-18.183,-18.164,0.041,0.040116,-0.0864818,3.93584,31.0712
6.8053e+07,0.112052,-0.681089,15.4448,-2.52495,-77.0146,-4.4222,-77.6445,0.415272,13.1989,-1.06053,13.0526,-15.2059,-15.275,0.031,0.0312304,-0.0684847,3.97149,31.0712
6.8153e+07,-0.303174,-1.60833,9.80959,-9.3067,-14.5108,-9.00799,-14.4427,-1.7469,21.0309,-1.61143,21.0822,1.20636,1.19419,0.036,0.0352407,-0.0478827,3.99939,31.0918
6.8173e+07,-0.00255121,-0.726849,9.77038,-4.25457,-24.2207,-6.25855,-24.2366,-0.0149197,12.9546,-0.662786,12.9717,3.74071,3.74316,0.038,0.0369829,-0.0428189,4.00426,31.1065
6.8193e+07,0.44854,0.0318017,9.51954,0.191194,-3.4879,-0.795252,-3.55094,2.69764,16.4813,2.43688,16.4834,9.71018,9.68736,0.038,0.0376174,-0.0377096,4.0088,31.0712
6.8213e+07,0.312374,0.243742,9.65295,1.44568,8.20676,0.78094,8.19208,1.85288,20.6645,1.95331,20.6556,16.7483,16.7001,0.038,0.037718,-0.0354642,4.01312,31.1271
6.8233e+07,0.789849,0.578512,9.44177,3.49404,18.4816,2.53841,18.4191,4.77302,28.0691,3.87973,28.0473,23.9239,23.8743,0.034,0.0342996,-0.0464803,4.01713,31.1418
6.8253e+07,1.37958,0.797677,9.41075,4.79395,54.0694,4.40553,53.8933,8.31059,37.9317,7.51766,37.8871,31.298,31.235,0.034,0.0334366,-0.0538401,4.0212,31.1035
6.8273e+07,6.61251,5.16895,17.9177,15.1438,70.9701,11.5261,71.4698,19.5239,20.5882,14.8814,21.197,38.7025,38.6439,0.034,0.0325655,-0.0371345,4.02489,31.0859
6.8293e+07,2.65906,2.25718,12.9377,9.69776,36.3289,10.5045,35.9231,11.4459,-40.9538,11.6698,-41.1451,45.0232,44.8933,0.038,0.0352641,-0.0548924,4.0284,31.1476
6.8313e+07,1.48664,2.22346,7.93617,15.3964,30.4968,15.7794,30.8012,10.225,-68.1752,12.3801,-67.8848,47.6338,47.6116,0.038,0.0352679,-0.0716377,4.03174,31.1212
6.8333e+07,1.64179,2.43299,8.06458,16.469,46.8022,16.2146,46.976,11.0289,-51.0301,11.3314,-50.8757,47.3896,47.4412,0.038,0.0352974,-0.0710398,4.0349,31.1535
6.8353e+07,1.57483,2.81111,9.37819,16.4683,39.8098,16.4595,39.8135,9.13795,-34.1294,8.99568,-34.2364,45.8629,45.8714,0.043,0.0394652,-0.0592685,4.038,31.1506
6.8373e+07,1.40281,3.13143,9.80384,17.5463,20.2373,17.5653,20.3334,7.76182,-15.7477,7.7898,-15.8224,39.6186,39.6683,0.043,0.0401443,-0.0551732,4.04094,31.13
6.83931e+07,1.18792,3.07363,9.31959,18.1158,-0.281791,17.9646,-0.206789,6.90217,2.45079,7.05296,2.38682,35.8323,35.8948,0.043,0.0402393,-0.0540809,4.04373,31.1329
6.8413e+07,1.03034,3.0375,9.54522,17.5566,-17.7474,17.6803,-17.7028,5.8728,18.7256,6.13244,18.6628,29.3743,29.4154,0.036,0.0346957,-0.0674101,4.04638,31.1359
6.8433e+07,1.0614,2.95321,9.57355,17.0454,-26.1597,17.0114,-26.1432,6.04748,25.8554,6.18376,25.8546,25.5422,25.5915,0.036,0.0338359,-0.0656967,4.0489,31.1741
6.8453e+07,0.939722,2.59676,9.58495,15.0897,-25.9764,15.452,-25.9897,5.4058,26.237,5.70045,26.2446,18.2293,18.304,0.036,0.0339796,-0.0606261,4.05121,31.1447
6.8473e+07,0.204856,0.477358,10.0262,2.7253,-27.61,4.86294,-27.6179,1.16919,24.7867,2.50298,24.7548,8.16819,8.2421,0.039,0.0375091,-0.0467884,4.05357,31.1653
6.8493e+07,0.739685,0.648356,9.65798,3.82941,-27.2894,3.69892,-27.2762,4.36982,26.4355,4.32787,26.4566,-1.6028,-1.50007,0.039,0.0384231,-0.0422853,4.05573,31.1888
6.8513e+07,0.926003,0.409923,9.81414,2.38121,-22.1749,2.34881,-22.1983,5.38546,23.9164,5.00914,23.9407,-2.61043,-2.6449,0.039,0.0385433,-0.0396647,4.05787,31.1829
6.8533e+07,0.966645,0.234108,9.73072,1.37145,-13.1978,1.55265,-13.2438,5.67149,14.3745,5.58091,14.4069,-1.80127,-1.81913,0.042,0.0410595,-0.0326114,4.05981,31.1859
6.8553e+07,1.012,0.287094,9.76638,1.67483,-3.02988,1.61601,-3.0724,5.91338,3.04621,5.93624,3.08915,-0.335625,-0.35416,0.042,0.041483,-0.033695,4.06099,31.2065
6.8574e+07,0.942749,0.296727,9.75696,1.73386,7.04645,1.73077,7.01706,5.51644,-7.94616,5.66592,-7.91055,1.05369,1.03716,0.042,0.0415176,-0.0359476,4.06278,31.1976
6.8655e+07,0.668067,0.585737,9.78378,3.41816,-3.79324,3.46384,-3.76923,3.89931,4.08437,3.83891,4.0536,-0.335625,-0.334565,0.042,0.0416935,-0.0344756,4.06856,31.2624
6.8675e+07,0.74928,0.4894,9.75981,2.86225,-7.65584,3.03868,-7.65058,4.38461,8.13018,4.28043,8.12167,-0.961579,-0.965449,0.042,0.0415973,-0.0340822,4.07014,31.2271
6.87553e+07,0.816152,0.446049,9.72644,2.61653,3.91668,2.59714,3.91422,4.79148,-4.23624,4.81406,-4.23494,0.626207,0.625273,0.036,0.0354699,-0.0530715,4.07464,31.2624
6.8776e+07,0.751663,0.508668,9.75034,2.97755,2.57317,2.89535,2.58279,4.4023,-2.92326,4.467,-2.93227,0.488803,0.488615,0.043,0.0418248,-0.03294,4.076,31.2712
6.88563e+07,0.873474,0.395472,9.79279,2.30344,-1.24362,2.35955,-1.25318,5.09292,1.25995,5.07592,1.27012,-0.167686,-0.167,0.041,0.0405689,-0.03762,4.07915,31.2535
6.8877e+07,0.804236,0.364163,9.76431,2.12867,3.04645,2.21927,3.01401,4.70527,-3.59501,4.96342,-3.55952,0.3972,0.374592,0.041,0.0405404,-0.0387727,4.0802,31.3035
6.8957e+07,0.775545,0.494217,9.79066,2.88074,-2.81614,2.92393,-2.8075,4.52337,2.8172,4.5039,2.80938,-0.381426,-0.379143,0.041,0.0406638,-0.0378739,4.08297,31.3212
6.8977e+07,0.840039,0.414739,9.76673,2.42264,-2.96881,2.5507,-2.97207,4.91152,2.98514,4.76546,2.98898,-0.411961,-0.413944,0.041,0.0405649,-0.0384865,4.08383,31.28
6.9077e+07,0.773159,0.4894,9.7954,2.85139,-1.27416,2.93347,-1.26694,4.50745,1.22941,4.4106,1.21929,-0.167686,-0.16272,0.042,0.0415698,-0.0357457,4.08633,31.3124
6.9097e+07,0.787491,0.472541,9.73363,2.77033,-1.90011,2.75688,-1.90268,4.61997,1.90117,4.66152,1.90057,-0.19822,-0.202238,0.042,0.0415614,-0.0363743,4.08702,31.3241
6.9177e+07,0.773158,0.491809,9.81203,2.86059,0.237293,2.90313,0.245043,4.4998,-0.404175,4.5977,-0.409863,0.0460546,0.0488451,0.041,0.0405405,-0.0390755,4.08954,31.3329
6.9197e+07,0.806587,0.494217,9.77639,2.88418,-0.83141,2.87208,-0.82812,4.71044,0.8172,4.65063,0.813584,-0.0302813,-0.0323876,0.041,0.0405432,-0.0389309,4.09016,31.3535
6.9277e+07,0.77555,0.477358,9.76214,2.79069,0.695308,2.78919,0.698516,4.53691,-0.938526,4.59796,-0.940266,0.0765889,0.0735565,0.041,0.0405508,-0.0383325,4.09201,31.3565
6.9297e+07,0.775553,0.467725,9.75738,2.73579,-0.0833181,2.78208,-0.0800127,4.53934,-0.0377624,4.53714,-0.042514,0.0307873,0.0329429,0.041,0.0405553,-0.0383845,4.09259,31.3447
6.9317e+07,0.754052,0.503851,9.81681,2.92953,-0.571868,2.83754,-0.572143,4.38665,0.54239,4.53612,0.540587,-0.106617,-0.102564,0.041,0.0405552,-0.037988,4.09297,31.38
6.9337e+07,0.823309,0.467725,9.74784,2.73735,-0.464998,2.72225,-0.466228,4.82226,0.466054,4.76816,0.467839,-0.137152,-0.133758,0.041,0.0405488,-0.0384494,4.09341,31.4094
6.9357e+07,0.81853,0.479767,9.77873,2.79904,0.130422,2.79638,0.128043,4.77908,-0.175167,4.79314,-0.172162,0.000252962,0.00157876,0.041,0.0405415,-0.0382823,4.09375,31.38
6.9377e+07,0.835252,0.455683,9.79292,2.65453,0.634239,2.69604,0.633318,4.8698,-0.801121,4.75464,-0.798725,0.137658,0.137562,0.042,0.0414547,-0.0355706,4.09407,31.3947
6.9397e+07,0.777934,0.4894,9.76453,2.86023,0.435766,2.83165,0.437274,4.54941,-0.587381,4.62219,-0.588003,0.168192,0.163295,0.042,0.0415546,-0.0352564,4.09437,31.3771
6.9417e+07,0.811366,0.482175,9.80485,2.8058,-0.144387,2.78777,-0.143696,4.72485,0.130177,4.64534,0.126013,-0.0302813,-0.0313279,0.042,0.0415711,-0.0346338,4.09466,31.4124
6.9577e+07,0.69914,0.472541,9.59838,2.81104,-3.13675,3.03901,-3.09742,4.16101,1.47369,3.9411,1.53947,8.50407,8.52612,0.043,0.0425785,-0.0310439,4.09546,31.4271
6.9598e+07,0.766009,0.441232,9.84044,2.55961,-0.953547,2.47406,-0.946941,4.44664,1.90117,4.55446,1.91693,7.5117,7.4991,0.043,0.0425921,-0.0314014,4.09561,31.4388
6.9619e+07,0.813759,0.465316,9.8903,2.68459,0.542636,2.75998,0.548312,4.69844,-1.32021,4.68841,-1.29758,4.85521,4.88482,0.042,0.0416358,-0.0345619,4.09601,31.4329
6.9639e+07,0.808988,0.446049,9.7858,2.60094,1.56554,2.59757,1.55674,4.72099,-2.78585,4.60623,-2.78873,0.275062,0.343991,0.042,0.0415798,-0.0355488,4.09621,31.4594
6.9659e+07,0.81856,0.373796,9.75007,2.18783,2.26783,2.61251,2.26454,4.79547,-4.69425,4.95858,-4.67508,-1.6944,-1.64099,0.042,0.0415566,-0.0354997,4.09641,31.4359
6.9679e+07,0.594118,0.320811,9.70744,1.88929,8.58844,2.10395,8.53744,3.50036,-8.72478,4.36467,-8.73803,-14.1524,-14.0126,0.043,0.0424576,-0.0345779,4.09601,31.4271
6.9699e+07,0.694309,0.67244,9.7554,3.93324,4.16096,4.08953,4.19752,4.06137,-5.53395,4.78808,-5.56377,-17.2975,-17.3015,0.043,0.0425154,-0.0344925,4.09621,31.4888
6.97793e+07,0.930802,0.325628,9.85911,1.88332,-2.48026,2.032,-2.49169,5.39041,1.39735,4.74664,1.4169,0.946818,0.925823,0.042,0.0415961,-0.0336417,4.09859,31.4388
6.98e+07,0.7899,0.393064,9.87121,2.27301,0.451033,2.40044,0.441814,4.57149,-0.449976,4.77381,-0.445339,0.305597,0.295305,0.043,0.0424824,-0.0312688,4.09883,31.4476
6.988e+07,0.789882,0.460499,9.81196,2.67841,-1.47263,2.81359,-1.47049,4.59746,1.50422,4.50909,1.49918,-0.213487,-0.216755,0.044,0.0435971,-0.0290219,4.09887,31.4859
6.9901e+07,0.811372,0.460499,9.82144,2.67537,-1.04515,2.70466,-1.04959,4.71746,1.03094,4.72844,1.03485,-0.19822,-0.201009,0.044,0.0435975,-0.02929,4.09901,31.4888
6.9981e+07,0.754064,0.460499,9.7835,2.68691,-0.480265,2.8076,-0.474604,4.40251,0.420253,4.48116,0.414868,0.000252962,0.00312234,0.044,0.0437025,-0.0305936,4.09894,31.5006
7.0001e+07,0.909307,0.342487,9.75706,2.00167,-4.99935,2.59284,-4.98974,5.32103,-11.8851,5.50767,-11.823,0.901016,0.899048,0.044,0.0435326,-0.0324009,4.09917,31.5035
7.0021e+07,0.959475,0.258193,9.72364,1.51367,4.66477,1.70277,4.61449,5.63341,-23.6866,5.36071,-23.6249,-6.6257,-6.48205,0.044,0.0435544,-0.033319,4.09939,31.5094
7.0061e+07,0.336134,0.667623,9.74383,3.91731,16.3289,3.58446,16.35,1.97114,-22.9233,1.88316,-22.9536,-20.9921,-21.0066,0.043,0.0426712,-0.0335818,4.09962,31.4976
7.0081e+07,0.0352813,0.614638,9.94344,3.53712,12.6953,3.56317,12.7056,0.202909,0.939337,0.561186,0.823535,-12.3662,-12.473,0.043,0.0426809,-0.031145,4.09897,31.4976
7.0201e+07,0.715774,0.76396,9.81963,4.43688,-0.739807,4.26897,-0.679252,4.15652,12.9851,3.64131,12.9922,5.19109,5.01416,0.039,0.0385897,-0.0370476,4.1007,31.5124
7.0221e+07,0.799426,0.486992,9.77163,2.84362,-11.7932,3.34501,-11.78,4.67123,1.59583,4.72734,1.6463,10.1071,10.1497,0.042,0.0412437,-0.0290969,4.10135,31.53
7.0301e+07,0.541515,0.573695,9.86222,3.3242,9.93195,2.91571,9.93213,3.13755,3.15308,2.77536,3.10664,13.817,13.7393,0.039,0.038716,-0.0335408,4.10175,31.5506
7.0321e+07,0.708653,0.612229,9.82177,3.55763,-3.38103,3.81888,-3.3352,4.11884,-2.48051,4.22246,-2.45213,14.4735,14.5123,0.039,0.03859,-0.0333656,4.10184,31.5476
7.0341e+07,0.503351,0.424373,9.77416,2.48281,-3.79324,2.61946,-3.80611,2.94525,-4.55685,2.97352,-4.55151,6.12239,6.21684,0.042,0.0413856,-0.0238932,4.10193,31.5447
7.0361e+07,0.446036,0.448457,9.72677,2.63701,-1.5337,2.67805,-1.5432,2.62277,-3.35074,2.8442,-3.36767,0.488803,0.492075,0.042,0.0416983,-0.0226733,4.10201,31.53
7.0381e+07,0.543938,0.446049,9.77654,2.60825,1.15332,2.61424,1.14401,3.18119,1.64163,2.95179,1.634,0.778879,0.797925,0.042,0.0417464,-0.0217309,4.10208,31.5535
7.0401e+07,0.379176,0.450866,9.80518,2.63078,6.69531,2.61183,6.67429,2.21225,8.35918,2.67583,8.33264,-2.03028,-1.98698,0.041,0.0408491,-0.0235904,4.10215,31.5682
7.0421e+07,0.598808,0.629088,9.78865,3.67033,7.01592,3.41219,7.03951,3.49344,8.08438,3.47373,8.10711,-8.38143,-8.332,0.041,0.0407203,-0.0229636,4.10222,31.5859
7.0441e+07,0.699096,0.631497,9.85742,3.65638,-3.3963,3.83746,-3.36138,4.0484,0.145444,4.1908,0.163708,-10.5799,-10.581,0.041,0.0406386,-0.023116,4.10237,31.58
7.0461e+07,0.529606,0.462908,9.81694,2.69581,-4.14439,2.83303,-4.15338,3.08459,3.18361,3.19595,3.16209,-7.19059,-7.23979,0.042,0.0416218,-0.0189501,4.10243,31.5712
7.0481e+07,0.6872,0.477358,9.83107,2.77312,-2.32759,2.80071,-2.33271,3.99383,1.94697,3.85373,1.96602,-4.36616,-4.38078,0.042,0.0417202,-0.0185357,4.10249,31.5888
7.0601e+07,1.11701,0.467725,9.0923,2.92287,-17.1368,3.38126,-17.1069,6.99469,12.5882,5.9084,12.6262,-1.95395,-1.89864,0.043,0.0426021,-0.0183329,4.10264,31.6124
7.0622e+07,0.797031,0.513484,9.74081,3.00751,-8.06805,2.47258,-8.08585,4.67128,9.8859,5.08454,9.93392,-1.19059,-1.1955,0.043,0.0426656,-0.0190121,4.10269,31.5976
7.0643e+07,0.947505,0.366571,9.79268,2.13381,1.65714,2.10684,1.6259,5.52269,-1.45761,5.55819,-1.4217,-0.0455486,-0.0408592,0.037,0.0369624,-0.0383579,4.10273,31.5976
7.0663e+07,0.890183,0.417148,9.71921,2.44739,7.76401,2.45717,7.7496,5.22834,-8.43471,5.12843,-8.41833,0.901016,0.905863,0.037,0.0365848,-0.0404561,4.10327,31.5829
7.07042e+07,0.675231,0.585737,9.81226,3.40814,3.18386,3.38993,3.20542,3.92963,-3.24387,3.94511,-3.26644,0.519337,0.527363,0.044,0.0431995,-0.0188035,4.10271,31.5918
7.0725e+07,0.696722,0.583328,9.78375,3.40346,-2.19019,3.44189,-2.17044,4.06608,2.35918,4.05193,2.33791,-0.182953,-0.179398,0.044,0.0436368,-0.0178148,4.10342,31.6359
7.0745e+07,0.770763,0.518301,9.79308,3.02025,-4.84668,3.03894,-4.84275,4.49392,5.12254,4.31514,5.11769,-0.564632,-0.566597,0.044,0.0436874,-0.0177549,4.10394,31.6006
7.0765e+07,0.780338,0.431598,9.77156,2.52103,-3.47263,2.61435,-3.4825,4.56142,3.62636,4.56381,3.63739,-0.30509,-0.314236,0.044,0.0436873,-0.0186246,4.10392,31.6153
7.0785e+07,0.835259,0.42919,9.78101,2.50342,0.283094,2.52914,0.266347,4.87632,-0.282037,4.88288,-0.267318,0.000252962,-0.00151996,0.044,0.043662,-0.0203362,4.1044,31.6124
7.08051e+07,0.8042,0.491809,9.76689,2.87297,3.33653,2.80686,3.32721,4.70115,-3.67135,4.77409,-3.66344,0.473535,0.470527,0.037,0.0410961,-0.0294791,4.10368,31.5976
7.1005e+07,0.763599,0.518301,9.79071,3.02114,-1.4879,2.93412,-1.48559,4.45339,1.59583,4.46811,1.59347,-0.228755,-0.224525,0.043,0.0423567,-0.0257662,4.10629,31.6388
7.1025e+07,0.789883,0.455683,9.79296,2.65553,-0.907746,2.71199,-0.913084,4.60643,0.969871,4.54217,0.975226,-0.137152,-0.136553,0.043,0.0426079,-0.0256907,4.10674,31.6212
7.1045e+07,0.847193,0.448457,9.76678,2.61916,0.84798,2.59504,0.841092,4.95237,-0.953793,4.8591,-0.947474,0.168192,0.164076,0.043,0.0426234,-0.0265128,4.10658,31.6359
7.1065e+07,0.773165,0.465316,9.78824,2.71326,2.28309,2.73585,2.27977,4.5113,-2.60265,4.61095,-2.59843,0.336131,0.332589,0.043,0.0426205,-0.0271697,4.10694,31.6624
7.1085e+07,0.742121,0.47495,9.77879,2.77268,2.16096,2.82611,2.16192,4.33482,-2.34311,4.40535,-2.34724,0.275062,0.27512,0.043,0.0426195,-0.0281064,4.10677,31.6476
7.1105e+07,0.734947,0.511076,9.78835,2.98048,0.802178,3.01237,0.807897,4.28812,-0.86219,4.27401,-0.870518,0.12239,0.124062,0.042,0.0422573,-0.0298279,4.10601,31.6447
7.1145e+07,0.746892,0.491809,9.81442,2.86048,-1.12149,2.88446,-1.12351,4.34647,1.15308,4.42398,1.15223,-0.0913501,-0.0905669,0.042,0.041607,-0.0313978,4.10692,31.6388
7.1225e+07,0.725395,0.515893,9.76225,3.01672,1.90141,3.09585,1.90738,4.24372,-2.17517,4.30714,-2.18109,0.320864,0.322353,0.044,0.0429722,-0.0281693,4.10873,31.6624
7.1325e+07,0.797036,0.494217,9.79776,2.87817,1.33653,2.88208,1.33082,4.64482,-1.50341,4.53068,-1.49715,0.168192,0.167311,0.036,0.0355494,-0.0502836,4.11023,31.6535
7.1345e+07,0.734951,0.499034,9.75746,2.91952,1.62661,3.00853,1.62864,4.30189,-1.68662,4.36503,-1.69018,0.275062,0.274367,0.044,0.0384179,-0.0409142,4.11057,31.6888
7.1365e+07,0.694342,0.554428,9.75284,3.24544,0.298361,3.21279,0.307287,4.06569,-0.48051,4.15635,-0.488843,0.244528,0.244465,0.044,0.043073,-0.0263377,4.11073,31.7153
7.1385e+07,0.739707,0.568878,9.78606,3.3175,-1.42683,3.29782,-1.42082,4.31539,1.29048,4.25071,1.28568,-0.106617,-0.104464,0.044,0.0435762,-0.0247753,4.11037,31.6859
7.1405e+07,0.756427,0.549611,9.7694,3.21039,-1.99171,3.15572,-1.994,4.42052,2.05384,4.34653,2.05496,-0.228755,-0.226423,0.037,0.0410794,-0.0324349,4.11062,31.6976
7.1425e+07,0.754055,0.491809,9.78118,2.86997,-2.11385,2.93389,-2.11532,4.40282,2.09964,4.43157,2.0988,-0.167686,-0.169802,0.037,0.0370179,-0.0441143,4.11094,31.6506
7.1445e+07,0.754041,0.544794,9.79788,3.17319,-2.69401,3.01413,-2.68893,4.39402,2.63399,4.37952,2.63008,-0.121884,-0.123933,0.037,0.036584,-0.0443312,4.11107,31.7212
7.1465e+07,0.761198,0.568878,9.80741,3.30978,-6.98408,3.1327,-6.94938,4.43067,4.11491,4.32844,4.11597,2.67201,2.63354,0.044,0.0390984,-0.035268,4.11129,31.7182
7.1485e+07,0.749281,0.486992,9.85477,2.82095,-11.091,2.82287,-11.0773,4.34269,4.25231,4.38864,4.25224,5.75598,5.72594,0.044,0.0431728,-0.0217596,4.11157,31.6888
7.1505e+07,0.708689,0.482175,9.93315,2.77204,-17.6711,2.65605,-17.6286,4.07612,4.9088,4.21102,4.89898,9.29796,9.25599,0.044,0.0436392,-0.0190462,4.11126,31.6829
7.16251e+07,-0.509982,-4.96807,13.3064,-20.4598,-169.366,-20.9568,-169.593,-2.05633,-60.0683,-1.62137,-60.0285,28.6873,28.6789,0.017,0.0171168,0.171866,4.11186,31.7094
7.1645e+07,-1.38864,-5.22095,12.8105,-22.0567,-108.786,-22.0558,-109.048,-5.73225,-56.282,-5.77674,-56.3132,30.5193,30.4991,0.052,0.0291038,0.284892,4.11212,31.7535
7.1665e+07,-0.586125,-5.93384,11.3082,-27.6562,-17.3505,-26.8261,-17.849,-2.62785,-62.2362,-3.11384,-62.1814,29.4506,29.4793,0.052,0.0471644,0.378122,4.11237,31.7182
7.1685e+07,-0.605322,-5.59184,10.7484,-27.4485,91.8709,-27.5555,91.4749,-2.86016,-69.595,-3.28708,-69.5628,27.3132,27.3343,0.052,0.0485964,0.418117,4.11251,31.7212
7.17251e+07,-1.91203,-3.58564,11.2442,-17.4518,195.153,-17.6489,195.093,-9.2024,-63.5187,-8.80575,-63.5958,31.069,31.0116,0.081,0.0773567,0.511949,4.11153,31.7271
7.1745e+07,-1.39634,-3.26291,11.3986,-15.8615,199.092,-15.308,199.091,-6.71685,-52.0836,-7.29293,-52.1097,36.3209,36.2764,0.081,0.0804886,0.514285,4.1118,31.73
7.1765e+07,-1.62085,-3.10154,13.6285,-12.7341,187.856,-12.7718,187.966,-6.61481,-43.8698,-6.89243,-43.9142,42.0461,41.9699,0.102,0.0891936,0.575289,4.11206,31.7241
7.1785e+07,-1.6284,-1.69503,13.0111,-7.36565,139.459,-7.71259,139.712,-7.0746,-36.4652,-7.0217,-36.4993,49.1148,49.0398,0.102,0.102826,0.644239,4.11223,31.7035
7.1805e+07,-2.50493,-0.991774,13.0082,-4.28157,57.9625,-4.38516,58.3118,-10.869,-16.1446,-10.5249,-16.2464,60.5957,60.4692,0.102,0.104509,0.666187,4.11238,31.7476
7.1825e+07,-1.80279,-1.40843,12.119,-6.55749,-22.2665,-5.92331,-22.0145,-8.40541,1.42789,-8.894,1.38907,72.2751,72.1857,0.14,0.118458,0.705616,4.11143,31.7388
7.1845e+07,-1.70951,-1.95996,13.1532,-8.40563,-76.4039,-8.35531,-76.2083,-7.32523,7.58056,-7.58682,7.56607,80.4125,80.3374,0.14,0.140176,0.783396,4.11171,31.7359
7.1925e+07,-0.956706,-4.25758,11.7005,-19.9341,-114.831,-20.0112,-115.02,-4.39381,15.2141,-4.73043,15.2562,102.962,102.956,0.201,0.195649,0.975581,4.11119,31.7359
7.1946e+07,-0.920841,-4.42858,11.8213,-20.4804,-64.0986,-20.8061,-64.3019,-4.1721,2.29812,-3.92806,2.34408,103.283,103.278,0.201,0.194427,0.961778,4.11131,31.7359
7.2028e+07,-0.608527,-2.65358,9.88653,-14.9972,109.459,-15.2531,109.459,-3.40206,-29.6866,-3.11757,-29.6481,108.336,108.312,0.361,0.349724,1.30546,4.11102,31.7388
7.2048e+07,-1.11246,-2.2875,10.8111,-11.8859,94.5121,-11.9642,94.6032,-5.74866,-31.4118,-5.48972,-31.4195,112.748,112.697,0.361,0.358823,1.27155,4.11132,31.7535
7.2068e+07,-0.79743,-1.70707,9.53207,-10.1187,62.5579,-10.1554,62.7165,-4.70754,-32.1599,-5.11458,-32.141,118.55,118.492,0.434,0.387862,1.29076,4.11093,31.7418
7.2088e+07,-0.711525,-1.49995,9.18569,-9.24687,28.0388,-9.29745,28.1845,-4.37162,-38.8469,-4.52784,-38.8138,123.542,123.493,0.434,0.430998,1.33156,4.11107,31.7535
7.2128e+07,-1.10082,-1.23984,8.5549,-8.1798,-53.9459,-8.30855,-53.8038,-7.25733,-51.2133,-6.99804,-51.2186,134.336,134.279,0.518,0.465445,1.24435,4.11022,31.73
7.2148e+07,-1.1939,-1.40361,7.97303,-9.87642,-82.8467,-9.912,-82.7563,-8.38916,-46.908,-8.54661,-46.9271,141.054,140.988,0.518,0.50932,1.26659,4.11056,31.7212
7.2168e+07,-1.03384,-1.66854,7.45964,-12.4925,-96.1139,-12.2576,-96.0863,-7.70244,-44.8164,-7.98319,-44.8174,146.535,146.483,0.518,0.510356,1.14972,4.1108,31.7565
7.2248e+07,-1.00035,-1.8877,5.03042,-20.2062,-34.7245,-19.814,-34.8362,-10.5467,-38.2668,-10.6441,-38.2911,158.855,158.833,0.715,0.611304,0.94631,4.11188,31.7476
7.2268e+07,-0.816573,-1.56016,3.95763,-21.1107,-5.88484,-21.0161,-6.01557,-10.8659,-33.0912,-10.8707,-33.1089,160.733,160.712,0.715,0.657693,0.923091,4.11223,31.7388
7.2348e+07,-1.51342,-3.00762,8.74711,-18.7168,111.962,-18.6262,111.861,-9.29226,-13.8698,-9.19515,-13.9185,164.443,164.428,0.789,0.740275,0.698923,4.11329,31.7124
7.2368e+07,-1.21757,-2.12614,6.87263,-16.9418,128.329,-16.7963,128.28,-9.6062,-0.86219,-9.58343,-0.917166,167.069,167.037,0.821,0.765151,0.696376,4.11348,31.7271
7.2448e+07,-1.33471,-1.6565,11.3703,-8.23317,48.3289,-8.26525,48.5279,-6.62575,7.67216,-6.42203,7.66714,177.649,177.613,0.829,0.817427,0.563857,4.11438,31.7182
7.2468e+07,-1.01961,-1.29523,8.69245,-8.41823,-0.755074,-8.30492,-0.564921,-6.61775,8.13018,-6.71287,8.1407,182.428,182.384,0.829,0.818503,0.537015,4.1146,31.78
7.2488e+07,-0.575561,-0.986957,5.68441,-9.80067,-28.2818,-9.59557,-28.1983,-5.69698,1.10728,-5.76569,1.14375,184.794,184.783,0.849,0.824416,0.462976,4.11472,31.7624
7.2508e+07,-0.363082,-0.847269,4.39762,-10.8692,-42.7856,-10.8143,-42.743,-4.63496,-9.42708,-4.94781,-9.38221,186.122,186.107,0.849,0.833181,0.364508,4.11492,31.7153
7.2528e+07,-0.386897,-1.07366,4.73679,-12.7301,-48.7245,-12.558,-48.7131,-4.55448,-21.9004,-4.78818,-21.8534,186.596,186.592,0.849,0.829144,0.226901,4.11502,31.78
7.2548e+07,-0.709031,-1.88048,7.61809,-13.8085,-50.1444,-13.7189,-50.1402,-5.16322,-33.3202,-5.10508,-33.2789,186.764,186.764,0.882,0.835969,0.171506,4.11411,31.7594
7.2568e+07,-1.10999,-2.57892,9.5167,-15.0649,-46.6177,-14.963,-46.6518,-6.4231,-39.6103,-6.3694,-39.5923,187.267,187.261,0.882,0.848379,0.184227,4.11426,31.7447
7.2588e+07,-0.830614,-2.58855,8.93951,-16.0834,-35.2589,-16.0174,-35.3121,-5.10006,-45.3049,-5.60465,-45.2757,187.191,187.194,0.882,0.845836,0.161927,4.11457,31.7476
7.2608e+07,-0.529902,-2.02739,6.59678,-17.0321,-18.8772,-16.9179,-18.9464,-4.39073,-55.3202,-4.74851,-55.276,185.557,185.574,0.902,0.8498,0.124144,4.11477,31.7271
7.2628e+07,-0.453543,-1.84194,5.82301,-17.5035,0.95485,-17.5589,0.876176,-4.24706,-66.4042,-4.43674,-66.3652,183.283,183.304,0.902,0.857568,0.0688127,4.11489,31.7829
7.26482e+07,-0.737539,-2.40551,7.50331,-17.6956,21.9778,-17.5731,21.8887,-5.34745,-73.5797,-5.31913,-73.5614,181.145,181.162,0.902,0.856897,0.00903865,4.11381,31.7741
7.2669e+07,-1.02879,-2.64876,8.75676,-16.7211,46.161,-16.9085,46.0559,-6.41613,-73.6713,-6.5891,-73.6838,179.542,179.559,0.911,0.859562,-0.00619866,4.11397,31.7653
7.2689e+07,-0.899942,-2.29954,8.47468,-15.1003,57.1991,-15.1533,57.1798,-5.85159,-72.6484,-6.31778,-72.647,178.397,178.408,0.911,0.870825,0.00774326,4.11413,31.7388
7.2709e+07,-0.919055,-2.26342,9.42207,-13.4464,54.9396,-13.4552,54.9593,-5.41798,-74.7248,-5.79621,-74.7129,177.328,177.34,0.911,0.87915,0.0167829,4.11427,31.7447
7.2729e+07,-1.05038,-2.29232,10.5428,-12.2083,42.619,-12.1526,42.6805,-5.56053,-78.221,-5.79458,-78.2107,176.443,176.449,0.905,0.882673,0.036124,4.11449,31.7388
7.2749e+07,-1.32741,-2.15022,10.3509,-11.6426,24.2526,-11.6782,24.3277,-7.1566,-77.3049,-7.10667,-77.3192,176.916,176.91,0.905,0.880273,0.0413711,4.11352,31.7682
7.2769e+07,-1.28695,-1.65168,8.82506,-10.4922,1.79454,-10.8006,1.90814,-8.15723,-71.4423,-8.26938,-71.4692,178.321,178.309,0.905,0.879678,0.0294327,4.11395,31.7829
7.28492e+07,-1.75712,-2.49703,10.2676,-13.48,-77.7016,-13.4658,-77.6889,-9.44105,-57.992,-9.42573,-58.0258,182.153,182.147,0.929,0.880423,-0.0441656,4.11341,31.7624
7.287e+07,-1.89317,-2.72102,10.3932,-14.4436,-76.3887,-14.706,-76.4039,-9.99376,-46.5721,-10.0828,-46.6166,182.916,182.908,0.929,0.885015,-0.0179188,4.11368,31.7741
7.29513e+07,-1.45129,-3.16416,9.17179,-18.8165,0.206758,-18.8176,0.0869614,-8.5074,-25.763,-8.6098,-25.7904,174.703,174.734,0.963,0.901693,-0.0616265,4.11318,31.7829
7.2972e+07,-1.49422,-3.36647,10.1901,-18.1012,31.6877,-18.2292,31.5809,-7.92653,-17.1981,-8.17652,-17.2287,171.435,171.463,0.983,0.914778,-0.0103095,4.11354,31.7918
7.3052e+07,-1.05509,-2.5163,9.72569,-14.4248,66.4052,-14.4615,66.4243,-5.99561,-18.511,-6.06701,-18.5,157.573,157.602,0.964,0.927215,-0.0196405,4.11435,31.7476
7.3072e+07,-1.00501,-2.28028,9.72602,-13.1273,54.5426,-13.12,54.6053,-5.74487,-21.9767,-5.89172,-21.9597,154.672,154.693,0.964,0.932073,-0.00130611,4.11465,31.7859
7.3272e+07,-1.25564,-2.60782,8.69055,-16.541,36.4663,-16.3558,36.4184,-7.87898,-45.4423,-8.06675,-45.4693,120.321,120.354,0.886,0.849666,-0.253393,4.11548,31.7565
7.3292e+07,-1.29385,-2.603,9.17493,-15.6916,45.5961,-15.6172,45.5667,-7.72592,-39.0759,-7.94687,-39.1011,116.932,116.962,0.886,0.843102,-0.272642,4.11564,31.7712
7.3372e+07,-1.22709,-2.2586,9.18255,-13.7014,36.5884,-13.5789,36.6324,-7.39366,-13.1523,-7.59161,-13.1646,105.145,105.167,0.881,0.846562,-0.206662,4.11614,31.7741
7.3392e+07,-1.06236,-2.15504,8.92141,-13.4883,23.9778,-13.3409,24.0289,-6.60261,-12.7859,-6.76861,-12.7788,101.863,101.893,0.853,0.833002,-0.249005,4.11635,31.7447
7.3472e+07,-0.835488,-2.23692,8.22306,-15.1436,2.58844,-15.0069,2.5813,-5.5994,-29.7324,-5.7674,-29.7079,83.9697,84.0233,0.772,0.742173,-0.51819,4.11672,31.8006
7.3492e+07,-0.780555,-2.28268,8.20869,-15.4738,5.38233,-15.4108,5.36683,-5.2344,-36.7706,-5.44601,-36.739,78.7636,78.8154,0.772,0.737958,-0.52814,4.11674,31.78
7.3512e+07,-0.849748,-2.47536,8.51234,-16.1382,11.8251,-15.891,11.789,-5.47535,-43.992,-5.53261,-43.9612,73.0079,73.0748,0.772,0.736196,-0.525112,4.11692,31.7565
7.3532e+07,-0.947657,-2.45127,8.46973,-16.0463,20.6037,-15.9478,20.5686,-6.13442,-48.5721,-6.09414,-48.5589,67.5728,67.6216,0.772,0.734855,-0.51782,4.11591,31.7888
7.3552e+07,-0.952449,-2.39106,8.30601,-15.9604,29.0923,-15.9654,29.0637,-6.28833,-50.2973,-6.56705,-50.294,62.5651,62.6104,0.772,0.733876,-0.514198,4.11614,31.7976
7.3572e+07,-0.997864,-2.22729,8.17098,-15.1403,34.9548,-15.2,34.9401,-6.71984,-50.2362,-6.8377,-50.2377,57.8018,57.8413,0.299,0.462944,-1.33828,4.11627,31.78
7.3592e+07,-1.05039,-2.23211,8.30872,-14.9238,35.7182,-14.774,35.7194,-6.96089,-49.3355,-7.05165,-49.34,53.6186,53.6517,0.299,0.294352,-1.78913,4.11647,31.8094
7.36123e+07,-1.29148,-2.53557,9.59053,-14.6824,33.4587,-14.5567,33.4724,-7.41757,-46.4042,-7.50973,-46.4253,49.6949,49.7388,0.299,0.276654,-1.74884,4.1165,31.7918
7.3633e+07,-1.48726,-2.61745,10.3669,-14.032,28.39,-14.0723,28.4139,-7.91886,-40.1599,-7.99212,-40.1901,46.7178,46.7461,0.224,0.232291,-1.77044,4.11661,31.7888
7.3653e+07,-1.5112,-2.41033,9.56955,-13.9711,20.7258,-13.8707,20.7597,-8.70633,-31.2439,-8.69418,-31.2801,44.7178,44.7312,0.224,0.205826,-1.73984,4.11672,31.7535
7.3773e+07,-1.20081,-2.30677,8.12829,-15.682,-7.22836,-15.4689,-7.24211,-8.08869,17.9012,-8.04451,17.887,28.7483,28.7798,0.17,0.152893,-1.46422,4.11539,31.78
7.3794e+07,-0.942986,-2.07315,7.4969,-15.3428,-2.72454,-15.4404,-2.74399,-6.91243,19.1225,-7.05828,19.1231,24.4277,24.4721,0.17,0.15256,-1.41613,4.11581,31.7918
7.3815e+07,-0.837942,-1.99608,7.09806,-15.6038,3.84035,-15.6299,3.81294,-6.48352,16.6493,-6.56406,16.6632,18.6567,18.7129,0.143,0.133468,-1.43048,4.11604,31.7976
7.3835e+07,-0.942951,-2.19839,7.68901,-15.8433,9.56554,-15.8264,9.54251,-6.72478,14.4966,-6.67524,14.5035,14.0003,14.0454,0.143,0.127472,-1.40685,4.11617,31.7947
7.3855e+07,-0.959653,-2.24656,7.99522,-15.5883,14.3136,-15.5224,14.3001,-6.59148,12.6645,-6.49313,12.6706,9.4659,9.51152,0.143,0.127354,-1.35531,4.1163,31.7976
7.38751e+07,-0.911932,-2.1165,7.76509,-15.1473,16.3442,-15.1028,16.3409,-6.46441,9.36682,-6.44588,9.37974,4.77888,4.82376,0.111,0.104774,-1.37861,4.11524,31.8065
7.3895e+07,-0.892839,-2.08279,8.05716,-14.4093,14.9854,-14.5251,14.9972,-6.12364,5.59583,-6.1979,5.61317,0.580406,0.619055,0.111,0.0980218,-1.34882,4.1155,31.8006
7.4096e+07,-2.0744,4.99073,12.1223,22.0872,-343.61,27.9346,-342.997,-8.99174,16.0233,-9.31443,15.9944,17.985,18.2729,0.03,0.0205916,-0.493766,4.11531,31.8006
7.4116e+07,3.55458,-6.62024,21.9543,-16.5767,-159.457,-12.2528,-160.88,8.81151,-75.4271,5.14877,-75.0025,-12.0913,-11.9284,0.034,0.0294011,-0.230094,4.11556,31.8359
7.4217e+07,1.41528,1.24083,9.46366,7.38847,51.4434,4.73838,51.7773,8.43434,30.008,7.46755,30.2273,7.71018,7.77026,0.036,0.0341238,-0.215958,4.11545,31.8418
7.4237e+07,0.121148,0.959041,8.97286,6.1002,-23.9154,7.13101,-23.6693,0.769156,-40.1599,3.55584,-40.0641,-1.93868,-1.90079,0.036,0.0338801,-0.230751,4.11561,31.8476
7.4257e+07,-0.441984,-0.473965,11.3666,-2.38593,-34.2055,-0.972173,-34.3748,-2.22485,-21.595,-2.55598,-21.6495,-0.0760828,-0.099815,0.036,0.0343783,-0.205248,4.11577,31.83
7.4277e+07,-0.637871,-0.172913,9.64836,-1.02448,16.9396,-2.27473,16.8201,-3.78182,0.863001,-3.53894,0.724497,0.000252962,0.0100109,0.036,0.0345455,-0.184606,4.116,31.8624
7.4297e+07,-0.103129,0.311178,9.46823,1.88226,13.8861,1.4106,13.966,-0.623711,20.6187,-1.43277,20.5966,-1.23639,-1.24486,0.036,0.0346563,-0.185186,4.11639,31.8418
7.4317e+07,0.443723,0.178715,10.2368,0.999236,-3.5337,1.26821,-3.49793,2.48161,-1.97669,2.38444,-1.83776,0.305597,0.309156,0.036,0.0347367,-0.168614,4.11659,31.8594
7.4337e+07,-0.4302,0.0847868,9.6296,0.503963,-5.35049,0.543749,-5.35128,-2.55788,-10.1446,-1.79043,-10.1943,0.3972,0.40721,0.036,0.0348535,-0.158228,4.11678,31.8624
7.4397e+07,-0.114982,0.000492326,9.98295,0.00282545,-4.05278,0.398052,-4.06314,-0.659894,-3.01486,-0.5674,-3.02778,-0.0608157,-0.0514603,0.036,0.0350547,-0.130559,4.11737,31.8329
7.4517e+07,-0.160385,0.123321,9.82886,0.718749,1.09225,0.423777,1.08557,-0.934783,0.160711,-0.841398,0.156208,0.0765889,0.0754412,0.037,0.0363864,-0.0847706,4.11864,31.8682
7.4597e+07,-0.10545,0.0703363,9.89283,0.407333,-0.495532,0.460386,-0.497812,-0.61069,-0.37364,-0.611922,-0.37394,0.137658,0.128819,0.038,0.037132,-0.0627711,4.11905,31.8976
7.4617e+07,0.0234974,0.0558858,9.78823,0.327125,0.542636,0.29015,0.540178,0.137541,0.130177,-0.161991,0.126917,-0.259289,-0.247779,0.038,0.0375372,-0.0580369,4.11912,31.8741
7.4637e+07,-0.13888,0.0703363,9.82876,0.409971,-0.327593,0.349293,-0.323314,-0.809511,0.252314,-0.672029,0.239579,-0.182953,-0.17144,0.038,0.0375975,-0.0551064,4.11918,31.8976
7.4797e+07,-0.0576831,0.0342101,9.85237,0.198942,0.786911,0.159078,0.77556,-0.335446,0.420253,-0.533902,0.419039,0.137658,0.13907,0.037,0.0367334,-0.0298032,4.11759,31.9094
7.4818e+07,-0.0935282,0.132955,9.74572,0.781568,-0.174921,0.71956,-0.163855,-0.549791,-0.541579,-0.519939,-0.538262,0.0613217,0.0641698,0.037,0.0367889,-0.0285163,4.11756,31.9094
7.4839e+07,0.207385,-0.0308171,9.45554,-0.18669,-2.40393,-0.0616838,-2.40505,1.25644,0.740864,0.526643,0.746076,-0.121884,-0.109251,0.037,0.0368119,-0.0248992,4.11787,31.9182
7.4859e+07,-0.169923,0.0751532,9.96887,0.43187,3.03119,0.301779,3.03862,-0.976505,-4.51104,-0.759899,-4.50527,0.000252962,-0.00452315,0.037,0.0368381,-0.0214891,4.11808,31.9271
7.4879e+07,-0.165117,-0.0356339,9.82386,-0.207797,-1.6253,0.181268,-1.63535,-0.962913,1.73323,-1.06659,1.73215,-0.0302813,-0.0299762,0.037,0.0368458,-0.0198406,4.1182,31.9006
7.4899e+07,-0.112618,0.0847868,9.87387,0.491954,1.76401,0.25098,1.76677,-0.653441,-1.21333,-0.638909,-1.20033,-0.0302813,-0.017085,0.038,0.0376196,-0.0153509,4.11721,31.9241
7.492e+07,-0.0911169,0.0486606,9.72659,0.286627,-0.999349,0.418022,-1.00152,-0.536714,-0.297304,-0.797252,-0.301486,-0.0455486,-0.0338713,0.038,0.0378629,-0.0148136,4.11754,31.9506
7.5e+07,-0.117386,0.0582943,9.75512,0.342357,0.237293,0.352542,0.240264,-0.689409,-0.48051,-0.700719,-0.472811,0.168192,0.165527,0.037,0.0369162,-0.0117857,4.11721,31.9271
7.502e+07,-0.157974,0.0414354,9.89046,0.240005,0.0235522,0.242212,0.0202772,-0.915066,-0.572114,-0.900864,-0.577117,-0.0455486,-0.0417912,0.036,0.0361618,-0.0134627,4.11754,31.9506
7.51004e+07,-0.131716,0.0703363,9.8335,0.409777,-0.174921,0.461364,-0.174288,-0.767391,0.298115,-0.714655,0.299031,-0.0150142,-0.00821433,0.037,0.0369298,-0.00461513,4.11815,31.9476
7.5121e+07,-0.165142,0.0558858,9.77652,0.327471,-0.0833181,0.29526,-0.0851251,-0.967714,-0.0072279,-0.892421,-0.00811493,0.0307873,0.0375237,0.037,0.0369608,-0.00454597,4.11835,31.9741
7.5221e+07,-0.16752,0.022168,9.82633,0.129239,0.283094,0.194932,0.276785,-0.976688,0.404986,-0.910011,0.400805,0.0155202,0.0267213,0.036,0.0360273,-0.00290044,4.11831,31.9565
7.5241e+07,-0.129325,0.0582943,9.7029,0.344194,-0.00698221,0.419413,-0.00288828,-0.763608,0.175978,-0.649485,0.178311,-0.228755,-0.21457,0.036,0.0359781,-0.0038695,4.11858,31.9418
7.5261e+07,-0.157976,0.0462522,9.82636,0.269652,0.14569,0.485761,0.138167,-0.921039,-0.251503,-0.849885,-0.252745,-0.19822,-0.186149,0.038,0.0374698,0.00035368,4.11867,31.9535
7.5281e+07,-0.0935342,0.154631,9.83123,0.901064,-0.312326,0.648677,-0.306678,-0.545028,-0.297304,-0.695604,-0.293787,-0.259289,-0.253139,0.038,0.0379531,0.00243889,4.11876,31.9565
7.5301e+07,-0.112669,0.270235,9.83855,1.57324,0.374697,0.898029,0.355876,-0.655863,-0.86219,-0.697371,-0.865414,0.213993,0.225782,0.038,0.0380048,0.00250122,4.11884,31.9653
7.5321e+07,-0.184231,0.00771757,9.78833,0.0451666,0.130422,0.342034,0.131231,-1.07827,-0.1599,-0.897308,-0.162018,0.12239,0.13261,0.037,0.0372618,0.000532545,4.11909,31.9506
7.5341e+07,-0.198563,0.0245765,9.8596,0.142789,-0.12912,0.191365,-0.12351,-1.15372,-0.495778,-0.953268,-0.492945,-0.0913501,-0.0857627,0.037,0.037023,0.000172959,4.11932,31.9594
7.5421e+07,-0.0147877,0.342487,9.8552,1.99033,1.76401,1.82827,1.79129,-0.0859201,-3.16753,0.00790541,-3.15062,5.66437,5.70985,0.036,0.0359667,-0.00321363,4.11968,31.9918
7.5441e+07,-0.110254,0.173898,9.79566,1.01698,-1.50317,1.05453,-1.50077,-0.64476,-3.0454,-0.574177,-3.0528,-1.00738,-0.969656,0.035,0.0352205,-0.00461867,4.1198,31.9535
7.5461e+07,-0.129368,0.212433,9.77912,1.24434,-2.49553,1.0469,-2.49128,-0.757742,-4.26677,-0.809341,-4.25832,-0.946312,-0.935265,0.035,0.0349857,-0.00476865,4.11991,31.9329
7.5541e+07,-0.19141,0.0607027,9.78843,0.355246,0.817445,0.573312,0.81307,-1.12024,0.0843751,-0.977082,0.0767541,0.901016,0.900825,0.036,0.0359987,0.000993842,4.12015,31.9565
7.5621e+07,-0.115009,0.0992373,9.80742,0.579693,-0.571868,0.510288,-0.574023,-0.67183,-0.663717,-0.652047,-0.659789,-0.213487,-0.217848,0.034,0.0342427,-0.00253362,4.12035,31.9506
7.5641e+07,-0.165143,0.0582943,9.87387,0.338217,-0.602402,0.477615,-0.607696,-0.958178,0.496589,-0.948911,0.495864,-0.0455486,-0.0507078,0.034,0.0340045,-0.00217468,4.12035,31.9888
7.5661e+07,-0.198595,0.14018,9.84791,0.815357,1.22966,0.620258,1.22373,-1.15517,1.22941,-1.02038,1.21699,0.534604,0.534461,0.034,0.0339829,-0.00182825,4.12035,31.9771
7.5681e+07,-0.153232,0.161856,9.8764,0.938776,0.863247,0.911325,0.87181,-0.888753,5.25995,-0.928248,5.25089,1.74071,1.7228,0.034,0.0339833,-0.000689704,4.12053,31.9829
7.5701e+07,0.0282503,0.137772,9.80498,0.805019,0.95485,0.763772,0.953297,0.165065,4.38972,-0.210252,4.40729,3.61857,3.59294,0.034,0.0339911,-0.000623048,4.12052,32.0212
7.5821e+07,0.135767,-0.0910274,9.59321,-0.543593,-4.35813,-0.0727435,-4.38218,0.810781,-2.34311,0.470859,-2.30739,-2.13715,-2.10894,0.034,0.0340202,-0.00207831,4.11908,31.9888
7.5842e+07,-0.179488,0.12573,9.90248,0.727315,-0.846677,0.617355,-0.846359,-1.03832,-7.41181,-0.772397,-7.41996,-3.72494,-3.70892,0.034,0.0339865,-0.00154897,4.11932,32.0124
7.5863e+07,-0.200946,0.00771757,9.63165,0.0458995,-5.38103,0.682884,-5.36524,-1.19519,8.17598,-1.96312,8.12796,-1.72494,-1.77359,0.035,0.0348009,-0.000575991,4.11954,32.0124
7.5883e+07,-0.105481,0.181123,10.204,1.01685,-4.20546,0.547922,-4.17708,-0.592162,5.87063,-0.397824,5.87156,0.580406,0.556602,0.035,0.0349835,0.00306709,4.11958,32.0241
7.5903e+07,-0.126875,-0.165688,9.75477,-0.973014,-4.87721,-0.59412,-4.90196,-0.745065,8.09964,-0.85743,8.09188,6.25979,6.18714,0.035,0.0350245,0.00491529,4.11963,31.9976
7.5944e+07,0.114207,0.157039,9.71471,0.926047,-6.48026,1.28894,-6.43343,0.673456,-3.10646,0.711903,-3.07976,0.229261,0.331535,0.035,0.0350133,0.00234376,4.11875,32.0124
7.5964e+07,-0.208003,-0.377629,9.77112,-2.21273,-4.58714,-1.22473,-4.63464,-1.21859,-4.2057,-0.905407,-4.20835,-1.17532,-1.20084,0.035,0.0350008,0.000211125,4.11892,32.0329
7.6024e+07,-0.141229,-0.0669433,9.86653,-0.3887,-9.45736,-0.0406288,-9.4576,-0.820057,-1.2286,-0.750913,-1.24563,-0.366159,-0.394917,0.034,0.0340148,0.00297155,4.11811,32.0182
7.6045e+07,0.338682,0.092012,9.72866,0.54155,-5.15202,0.396073,-5.17849,1.99373,-6.61792,1.88221,-6.53981,-9.99975,-9.75294,0.036,0.0357049,0.00745494,4.11839,32.0271
7.6125e+07,-0.0552872,0.00530915,9.83333,0.0309343,1.50447,-0.0211981,1.51677,-0.322138,-6.74005,-0.429186,-6.73063,-2.01501,-1.98926,0.036,0.0360462,0.0072176,4.11774,32.0153
7.6145e+07,-0.210479,-0.0573096,9.91171,-0.331206,0.512102,-0.366648,0.507733,-1.2165,-6.22097,-1.12446,-6.23172,-3.20585,-3.2173,0.036,0.0360506,0.00870665,4.11805,32.0535
7.6245e+07,-0.205715,-0.0163666,9.75507,-0.0961065,0.771644,0.0688608,0.778456,-1.20807,-0.129365,-1.12513,-0.123936,1.72544,1.72582,0.034,0.034005,0.0015807,4.118,32.0329
7.6265e+07,-0.103049,0.022168,9.80728,0.129502,-2.57187,0.241555,-2.56135,-0.602004,-3.1828,-0.633743,-3.15436,-1.61807,-1.59313,0.034,0.0340063,0.00146168,4.11812,32.0153
7.6285e+07,-0.200903,-0.146421,9.80472,-0.855396,-1.76271,-0.627614,-1.78524,-1.17372,-5.35074,-1.08106,-5.34652,-2.50356,-2.50194,0.034,0.0340066,0.00188928,4.1184,32.0153
7.6305e+07,-0.310739,-0.16328,9.81903,-0.952202,4.3747,-1.00875,4.35664,-1.81236,0.160711,-1.78219,0.142783,-1.6944,-1.72031,0.034,0.0339959,0.00200171,4.11867,32.0888
7.6325e+07,-0.208118,0.0390269,10.0116,0.2233,3.56554,-0.0662959,3.58866,-1.19087,-0.144633,-1.19963,-0.133262,1.03842,1.0279,0.034,0.0340093,0.00383289,4.11884,32.0065
7.6345e+07,-0.208108,0.000492326,9.92605,0.00284121,-2.99935,0.141799,-2.98714,-1.20108,0.786665,-1.21064,0.776756,-0.366159,-0.329249,0.034,0.0340319,0.0068299,4.11909,32.0388
7.6365e+07,-0.186589,-0.100661,9.75017,-0.591394,1.64187,-0.555796,1.61448,-1.09628,3.06147,-0.931891,3.06248,-3.67914,-3.62285,0.034,0.0340363,0.00570644,4.11924,32.0388
7.6385e+07,-0.124527,-0.0235918,9.62441,-0.140434,5.74874,0.0840346,5.74673,-0.741285,0.725596,-0.78238,0.745347,-9.23639,-9.18258,0.034,0.034019,0.00168129,4.11938,32.0653
7.6405e+07,-0.329885,-0.00914133,9.9665,-0.0525232,3.84035,0.0554471,3.85227,-1.89576,-2.22097,-1.71781,-2.2126,-5.29746,-5.39561,0.036,0.0356952,0.00674044,4.1196,32.0329
7.6425e+07,-0.251093,0.0149428,10.0092,0.0855103,-2.23599,0.335771,-2.21643,-1.43703,-2.2973,-1.40715,-2.2911,1.25216,1.24197,0.036,0.0360243,0.0122683,4.11973,32.0565
7.6445e+07,-0.425356,-0.160871,9.85,-0.934807,-0.526066,-0.723481,-0.551532,-2.47236,-4.1599,-1.86879,-4.1857,2.50407,2.4215,0.036,0.0360582,0.0107572,4.11993,32.0418
7.6545e+07,-0.0624561,0.0245765,9.45349,0.14895,0.00828493,-0.2709,8.63722e-05,-0.378528,1.01567,-1.02333,1.02571,-4.44249,-4.38756,0.036,0.0360827,0.00593162,4.12067,32.0624
7.6565e+07,-0.341819,-0.0284086,10.0377,-0.162064,0.0540864,-0.384065,0.0306787,-1.95036,0.0843751,-1.77766,0.0713053,-10.5494,-10.5941,0.036,0.0360342,0.00714442,4.12065,32.0329
7.6645e+07,-0.0243203,0.275051,9.87647,1.59522,-1.59477,1.55651,-1.56474,-0.141033,1.59583,-0.451969,1.63349,2.65674,2.65859,0.036,0.0360514,0.0107636,4.12116,32.0506
7.67451e+07,-0.167527,0.0462522,9.85248,0.268932,0.557903,0.242764,0.564365,-0.974126,0.237047,-0.979435,0.241865,0.290329,0.28622,0.036,0.0360377,0.0064685,4.12123,32.0859
7.6765e+07,-0.186637,0.0727447,9.77657,0.426236,-0.358127,0.34969,-0.358928,-1.09363,-0.26677,-1.02061,-0.26647,0.275062,0.275149,0.035,0.0352884,0.00414589,4.12136,32.03
7.6845e+07,-0.203348,0.0582943,9.80268,0.340647,0.527369,0.234335,0.527363,-1.18836,0.481322,-1.22215,0.480119,0.3972,0.393756,0.037,0.0369969,0.00891569,4.12047,32.1182
7.6866e+07,-0.169904,0.00530915,9.84055,0.0309075,-0.190188,0.127301,-0.18572,-0.989151,1.00041,-1.07952,0.997745,0.458268,0.463494,0.037,0.037049,0.00907734,4.12047,32.0624
7.6887e+07,-0.150808,0.0318017,9.82158,0.185498,0.0235522,0.11421,0.0223208,-0.87969,0.54239,-0.891734,0.543578,0.320864,0.328507,0.036,0.0362107,0.00666616,4.12063,32.0741
7.6907e+07,-0.165125,-0.00673292,9.81204,-0.0393102,-0.12912,0.0115386,-0.129944,-0.964126,0.359184,-0.95009,0.360641,0.412467,0.413044,0.036,0.0360581,0.00640628,4.12062,32.0888
7.6927e+07,-0.196168,-0.00191609,9.68386,-0.0113344,0.160957,0.00523022,0.158307,-1.16049,0.32865,-1.10853,0.331581,0.275062,0.273203,0.036,0.0360343,0.0047213,4.1207,32.0682
7.6947e+07,-0.191391,-0.0043245,9.77645,-0.0253393,0.099888,0.00874439,0.0996235,-1.12152,0.0233064,-1.19897,0.02569,0.458268,0.453178,0.036,0.0360229,0.00398545,4.11975,32.0624
7.6967e+07,-0.155597,0.0775616,9.81216,0.452836,0.634239,0.298544,0.632172,-0.908465,0.0843751,-1.05517,0.0834838,0.351398,0.358949,0.036,0.0360189,0.00358213,4.11987,32.0682
7.70471e+07,-2.47693,1.35402,9.45296,7.88868,-12.0375,5.55798,-11.87,-14.5409,5.91644,-10.2548,5.81186,-20.9768,-20.1047,0.036,0.0356812,-0.0037845,4.11919,32.0829
7.7067e+07,1.79303,-0.447473,10.2797,-2.45546,-19.6558,-1.61479,-19.7997,9.88501,6.61873,8.30716,6.79265,-60.183,-60.3614,0.037,0.0365443,0.000890204,4.11942,32.0682
7.7147e+07,0.286104,0.258193,10.0234,1.47496,8.49683,1.25752,8.57102,1.63444,9.58056,1.3629,9.7363,2.4888,2.49723,0.039,0.038918,-0.000659749,4.11865,32.1065
7.7168e+07,-0.296453,-0.0163666,9.96409,-0.0940698,-7.22836,0.463727,-7.20286,-1.70417,-11.9156,-0.712746,-11.9006,0.244528,0.234215,0.039,0.0390025,0.00526005,4.11899,32.0771
7.7269e+07,-0.134081,-0.0115497,9.89035,-0.0669026,0.0388193,-0.0348822,0.0383708,-0.776698,-1.77822,-0.704264,-1.76493,0.0918561,0.0919477,0.039,0.0390103,0.00255521,4.12007,32.1006
7.7289e+07,-0.229608,0.0342101,9.73618,0.201264,0.680041,0.113789,0.681496,-1.35094,0.374451,-1.42848,0.36358,0.0307873,0.0316797,0.039,0.039008,0.00233406,4.12017,32.13
7.7469e+07,-0.196168,-0.00191609,9.84294,-0.0111513,0.0846208,0.0215585,0.0860608,-1.14174,-0.26677,-1.11844,-0.271267,0.0155202,0.0125354,0.039,0.0390062,0.00246865,4.12146,32.0653
7.7489e+07,-0.305978,-0.112703,9.86422,-0.654287,9.15332,-0.705454,9.11905,-1.77657,15.7332,-2.13702,15.6774,-0.763106,-0.770348,0.038,0.0381455,0.00169572,4.12157,32.1124
7.7509e+07,-0.0290304,0.0390269,9.91408,0.225544,13.8098,0.0742697,13.806,-0.167771,18.1912,-0.500072,18.2041,-0.0608157,-0.0629805,0.038,0.038025,0.00288427,4.12168,32.1212
7.7529e+07,0.171477,0.296727,9.6864,1.75434,5.03119,1.47672,5.08798,1.01372,1.59583,1.14107,1.69581,2.45827,2.45458,0.038,0.0380057,0.00209107,4.1217,32.1065
7.7549e+07,-0.382425,0.0173512,9.80514,0.101314,-7.6711,0.481648,-7.66988,-2.23354,-9.137,-1.44208,-9.16805,-0.946312,-0.940968,0.038,0.0379779,-0.000749933,4.12181,32.0947
7.7569e+07,-0.0171079,0.0992373,9.7551,0.582841,-2.40393,0.28767,-2.4108,-0.100477,-4.23624,-0.510781,-4.22593,-0.289823,-0.271869,0.038,0.0379994,0.00113151,4.12191,32.1065
7.7589e+07,-0.0601071,0.164264,9.82884,0.957449,-7.85431,1.01955,-7.83,-0.350332,-10.1294,-0.271277,-10.1166,-0.518831,-0.518272,0.038,0.0380004,0.00110018,4.12208,32.0888
7.7669e+07,-0.212893,0.0342101,9.64357,0.203204,3.16859,0.0282768,3.17194,-1.26466,4.42025,-1.35466,4.42318,0.305597,0.301275,0.037,0.0373327,0.000102329,4.12249,32.1094
7.7689e+07,-0.0887726,0.205207,9.80044,1.19947,0.176224,0.870187,0.189188,-0.518858,1.85537,-0.683958,1.86814,-0.121884,-0.127771,0.037,0.0370226,-0.00123094,4.12255,32.1094
7.7769e+07,-0.0934994,0.0293933,9.89988,0.170106,2.3289,0.11747,2.32724,-0.541111,1.7027,-0.735906,1.69223,0.473535,0.460514,0.038,0.0380056,0.00226399,4.12151,32.1035
7.7971e+07,-0.165131,0.0149428,9.74322,0.0878597,-0.755074,0.107507,-0.751485,-0.97097,-0.999594,-0.937509,-0.992494,0.0918561,0.0885939,0.039,0.0389263,0.00526515,4.12032,32.1447
7.7992e+07,-0.119749,-0.0308171,9.89743,-0.178385,1.00065,-0.18245,0.989865,-0.693184,-2.63318,-0.744683,-2.62276,0.962085,0.953522,0.039,0.0390266,0.00650928,4.12049,32.1212
7.8012e+07,-0.277385,0.106463,9.75771,0.624855,1.33653,0.424166,1.34558,-1.62822,-0.556846,-1.58623,-0.570704,0.3972,0.42873,0.039,0.0390328,0.00636795,4.12066,32.1594
7.8032e+07,-0.0481411,0.0679279,9.84292,0.395398,-0.373394,0.370129,-0.373578,-0.280221,0.237047,-0.588763,0.251121,0.000252962,0.0100073,0.038,0.0381231,0.00293902,4.12081,32.1535
7.8052e+07,-0.224825,0.010126,9.78362,0.0592851,-0.34286,0.160499,-0.342306,-1.31641,-0.923259,-1.12426,-0.931599,0.0155202,0.017951,0.038,0.0380258,0.00277507,4.12096,32.1506
7.8072e+07,-0.184234,0.0173512,9.88332,0.100571,0.35943,0.106751,0.358203,-1.06792,0.43552,-1.01921,0.439013,0.0460546,0.0474546,0.038,0.0380159,0.00350969,4.12,32.1506
7.8092e+07,-0.210498,0.010126,9.76937,0.0593735,0.099888,0.142533,0.0978221,-1.23435,-0.220968,-1.17807,-0.221842,0.0765889,0.0760506,0.038,0.038019,0.00361506,4.12028,32.1359
7.81723e+07,-0.114995,0.0486606,9.84295,0.283232,0.176224,0.291769,0.179359,-0.669349,-0.114098,-0.776731,-0.110623,0.0460546,0.0466952,0.037,0.0370064,0.000266611,4.11959,32.1447
7.8193e+07,-0.136452,-0.0717601,9.93062,-0.413981,-1.61004,0.0279213,-1.6226,-0.787207,2.13018,-0.787111,2.10449,0.12239,0.0836,0.037,0.0369933,-0.000177622,4.1198,32.1565
7.8293e+07,0.0449733,0.108871,9.79305,0.636934,-0.388662,0.74795,-0.382188,0.263105,2.92407,0.420585,2.95289,-1.08372,-1.09024,0.039,0.0390294,0.00667613,4.1203,32.1682
7.8313e+07,-0.0385878,0.0607027,9.69807,0.358621,-0.419196,0.318685,-0.420711,-0.227969,-1.56448,-0.0814099,-1.55573,-0.137152,-0.144912,0.039,0.0390369,0.00487428,4.12048,32.13
7.83931e+07,-0.150805,0.0197596,9.85243,0.114897,-1.5337,0.0547138,-1.53917,-0.87692,-2.09883,-0.643675,-2.11051,-0.839442,-0.85118,0.039,0.0389251,0.00521469,4.12117,32.1624
7.8413e+07,-0.0958939,0.0534774,9.83344,0.311575,0.405232,0.235556,0.399732,-0.558712,0.359184,-0.504065,0.359811,-0.427228,-0.446065,0.039,0.0390275,0.00622684,4.12139,32.1624
7.8433e+07,-0.000367584,0.00771757,9.85703,0.0448598,-1.09095,0.310122,-1.08347,-0.00213665,-3.47288,-0.021831,-3.45666,0.229261,0.217812,0.039,0.0390412,0.0065489,4.12151,32.2035
7.8453e+07,-0.0982931,0.0944205,9.71242,0.556962,-2.35813,0.502508,-2.34361,-0.579806,-5.2286,-0.544292,-5.22443,0.000252962,0.00605174,0.039,0.0390428,0.00601161,4.12162,32.2035
7.8473e+07,-0.124526,-0.0260002,9.87133,-0.1509,-3.50317,-0.0670509,-3.50815,-0.72274,-3.96143,-0.839266,-3.96609,-0.640968,-0.637342,0.039,0.0390316,0.0050939,4.12165,32.1947
7.8493e+07,-0.117378,0.0293933,9.88328,0.170388,-3.06042,0.135309,-3.06281,-0.680433,-4.48051,-0.630817,-4.48459,-0.824174,-0.821319,0.039,0.0390356,0.00578828,4.12175,32.1447
7.8593e+07,-0.079165,0.00290074,9.86658,0.0168442,-5.3963,0.0895992,-5.38248,-0.459705,-7.53395,-0.401659,-7.51442,-0.0913501,-0.0913771,0.038,0.0380061,0.00293969,4.12228,32.18
7.8613e+07,-0.251036,-0.189772,9.84506,-1.10393,-3.51843,-0.755854,-3.54952,-1.46038,-6.52631,-1.36627,-6.55501,-0.0608157,-0.0576372,0.038,0.0380196,0.00484911,4.12236,32.1624
7.8693e+07,-0.0815675,0.0558858,9.80969,0.326399,-0.602402,0.274699,-0.588013,-0.476396,-1.28967,-0.537363,-1.26449,0.427734,0.427409,0.038,0.038242,0.00355706,4.12278,32.18
7.8713e+07,-0.141274,0.092012,9.85966,0.534624,0.14569,0.239521,0.149317,-0.820868,0.466054,-0.986559,0.464718,0.244528,0.245033,0.038,0.0380399,0.00334755,4.12292,32.1682
7.87931e+07,-0.119756,-0.0043245,9.71941,-0.0254909,-0.358127,0.0602166,-0.358967,-0.705926,0.0996423,-0.784314,0.101791,-0.0608157,-0.0613756,0.038,0.0380199,0.00274154,4.12197,32.1829
7.8813e+07,-0.179458,0.0173512,9.82158,0.101204,-1.01462,0.157543,-1.00807,-1.04678,-1.64082,-0.919255,-1.63007,0.0307873,0.0329985,0.038,0.0380144,0.00254948,4.12215,32.1859
7.8833e+07,-0.138863,0.010126,9.86427,0.05881,1.80981,-0.119568,1.79241,-0.80652,1.04621,-1.01689,1.02862,0.213993,0.216634,0.038,0.0380101,0.00262506,4.12231,32.1594
7.8853e+07,-0.2105,0.0149428,9.81211,0.0872353,-0.709272,0.295024,-0.701951,-1.22898,-0.48051,-1.05385,-0.483853,-0.381426,-0.360685,0.038,0.038018,0.00367829,4.12239,32.1829
7.8873e+07,-0.0863399,0.0438438,9.8073,0.25613,0.985384,0.200574,0.98913,-0.504393,1.7485,-0.655779,1.75848,-0.228755,-0.227578,0.039,0.0388672,0.00577502,4.12254,32.1359
7.8995e+07,-0.203307,-0.088619,9.80956,-0.517481,1.74874,-0.40031,1.70627,-1.18726,2.22178,-1.36824,2.17945,0.488803,0.469595,0.04,0.0400571,0.0101652,4.12089,32.1565
7.9016e+07,-0.303609,-0.0428591,9.86196,-0.248882,-2.26652,0.141776,-2.25702,-1.76333,-1.32021,-1.40427,-1.33579,-0.274556,-0.26814,0.04,0.0400577,0.00956398,4.12112,32.1771
7.9036e+07,-0.117368,-0.00673292,9.72652,-0.0396585,2.5121,-0.242592,2.50528,-0.691341,4.57293,-0.967339,4.57973,-0.0302813,-0.0304009,0.04,0.0400527,0.00849131,4.12125,32.1771
7.9056e+07,-0.0911484,0.161856,9.47748,0.978355,8.86325,0.0855793,8.90021,-0.550937,-1.28967,-0.51373,-1.20384,4.443,4.47366,0.039,0.0391512,0.00626811,4.12138,32.1859
7.9076e+07,-0.365712,0.0245765,9.69355,0.145161,-6.09859,0.723634,-6.06065,-2.16059,-5.33547,-1.77283,-5.35527,0.458268,0.430945,0.039,0.0389945,-0.00202102,4.1215,32.1682
7.9116e+07,-0.155611,0.128138,9.72677,0.754661,-1.24362,0.814129,-1.21831,-0.916471,-1.61028,-0.759423,-1.59729,0.0460546,0.0484073,0.038,0.0380873,-0.00241075,4.12069,32.1829
7.9136e+07,-0.196168,0.000492326,9.93791,0.00283789,0.909048,-0.0264329,0.894905,-1.13084,0.771398,-1.09534,0.754375,0.0307873,0.0322124,0.038,0.0379869,-0.00210938,4.12084,32.1712
7.9156e+07,-0.112601,0.0245765,9.7883,0.143848,-0.312326,0.238661,-0.304749,-0.659077,-0.694251,-0.653419,-0.673463,0.0765889,0.0737198,0.038,0.0379848,-0.00173531,4.12116,32.1976
7.9176e+07,-0.196174,0.0197596,9.85247,0.114887,0.160957,0.127354,0.159135,-1.14067,0.0538406,-1.11493,0.0442307,0.168192,0.163923,0.037,0.0370728,-0.00408037,4.12129,32.1947
7.91962e+07,-0.114989,0.0245765,9.81917,0.143396,0.176224,0.163821,0.179472,-0.670937,-0.663717,-0.62749,-0.654711,0.0613217,0.0632798,0.037,0.0369791,-0.00410772,4.12023,32.1741
7.9216e+07,-0.236782,0.0727447,9.84309,0.423311,0.237293,0.25449,0.235503,-1.37798,0.0385735,-1.27143,0.0316177,0.152925,0.146096,0.037,0.0369696,-0.00317137,4.12058,32.1947
7.9236e+07,-0.138872,0.0438438,9.80022,0.2563,0.206758,0.207766,0.21204,-0.811837,-0.388907,-0.866988,-0.381162,0.168192,0.169365,0.038,0.0378845,-8.63779e-05,4.12074,32.1741
7.9256e+07,-0.174679,0.00290074,9.84293,0.0168826,0.099888,0.0116118,0.0969569,-1.0167,0.0843751,-1.00527,0.0812564,0.0765889,0.081866,0.038,0.0379841,0.000375908,4.12089,32.1859
7.9276e+07,-0.126945,0.0871952,9.86439,0.506405,-0.12912,0.366848,-0.124057,-0.737272,-0.495778,-0.771007,-0.493308,0.137658,0.13297,0.038,0.0379987,0.000998202,4.12104,32.2006
7.92964e+07,-0.131714,0.0631111,9.83586,0.367596,-0.281791,0.384971,-0.285055,-0.767199,-0.434709,-0.787304,-0.439165,0.107123,0.103831,0.038,0.0380032,0.00119569,4.11991,32.1859
7.9317e+07,-0.172297,0.0245765,9.75036,0.144395,0.176224,0.125034,0.174479,-1.01235,-0.297304,-0.94249,-0.296994,0.137658,0.134944,0.038,0.0380021,0.000650823,4.1201,32.1947
7.9337e+07,-0.160345,-0.0211834,9.831,-0.123442,0.0388193,0.0211032,0.0405311,-0.934416,-0.358373,-1.02471,-0.359857,0.137658,0.140164,0.038,0.0379959,0.000186618,4.12037,32.2212
7.9358e+07,-0.169925,0.0823784,9.84067,0.479553,0.649506,0.34681,0.649139,-0.989229,-0.190434,-0.990806,-0.189271,0.137658,0.138979,0.038,0.0379948,0.000184573,4.12046,32.2035
7.9379e+07,-0.165129,0.010126,9.89754,0.0586101,-0.0527837,0.209781,-0.0518292,-0.955826,-0.114098,-0.992086,-0.116735,0.0307873,0.0322055,0.038,0.0379972,0.00104338,4.12062,32.2006
7.93991e+07,-0.165136,0.0342101,9.81922,0.199589,0.298361,0.15424,0.0846025,-0.963482,-0.327839,-1.07204,-0.250323,0.107123,0.0898276,0.038,0.0380037,0.0017127,4.12019,32.2271
7.9419e+07,-0.155582,0.0245765,9.78596,0.143874,0.115155,0.166584,0.116901,-0.910836,-0.449976,-0.853368,-0.450247,0.229261,0.229042,0.038,0.0380061,0.00142064,4.12045,32.23
7.9439e+07,-0.184233,0.0149428,9.86195,0.0867993,0.237293,0.153395,0.237846,-1.07023,-0.388907,-1.02425,-0.390072,0.183459,0.180653,0.038,0.0380018,0.00108495,4.12079,32.2124
7.9459e+07,-0.174682,0.0149428,9.8287,0.0870943,0.4663,0.153754,0.390275,-1.01819,-0.312572,-1.05861,-0.282631,0.107123,0.300635,0.038,0.0380019,0.00110835,4.12094,32.1859
7.948e+07,-0.155583,0.0293933,9.81446,0.171573,0.283094,0.228319,0.280451,-0.908198,-0.114098,-0.981522,-0.113257,0.137658,0.140885,0.038,0.0380028,0.00139788,4.12108,32.2212
7.95e+07,-0.18902,0.0558858,9.85727,0.324776,0.25256,0.271425,0.253746,-1.09854,-0.0988309,-1.02587,-0.0967755,0.0307873,0.0341478,0.038,0.0380047,0.00166643,4.12113,32.2153
7.9521e+07,-0.138876,0.0582943,9.83586,0.339537,-0.251257,0.332409,-0.249754,-0.808914,-0.312572,-0.861783,-0.311678,0.12239,0.12296,0.039,0.0383719,0.00285252,4.12143,32.2035
7.9542e+07,-0.184242,0.0462522,9.8525,0.268924,0.160957,0.325679,0.158561,-1.0713,-0.205701,-1.01849,-0.206577,0.0765889,0.079873,0.039,0.0389569,0.00494215,4.12138,32.1976
7.9563e+07,-0.200954,0.0366185,9.84775,0.213007,0.0540864,0.199337,0.0520422,-1.16901,-0.465243,-1.11316,-0.464622,0.229261,0.227015,0.039,0.0390258,0.00545764,4.1215,32.2006
7.9583e+07,-0.169914,0.0438438,9.81212,0.255976,0.451033,0.151427,0.448355,-0.992069,-0.220968,-1.02146,-0.220433,0.168192,0.168826,0.038,0.0384276,0.00318451,4.1217,32.1976
7.96031e+07,-0.162765,0.0968289,9.85019,0.563131,0.0693537,0.452365,0.0729347,-0.946629,-0.297304,-0.992652,-0.29727,0.0155202,0.0185122,0.038,0.0380528,0.00234796,4.12071,32.2094
7.9624e+07,-0.162761,0.0823784,9.84067,0.479559,0.283094,0.439244,0.281569,-0.947534,-0.144633,-0.962344,-0.14814,0.0765889,0.0819921,0.038,0.0380172,0.002892,4.12086,32.2153
7.9644e+07,-0.186627,0.0366185,9.86198,0.212706,0.0388193,0.209022,0.0408933,-1.08412,-0.129365,-1.10622,-0.129083,0.213993,0.208362,0.04,0.0392179,0.00723,4.12117,32.2447
7.9664e+07,-0.150809,0.0342101,9.89281,0.198109,0.313628,0.249729,0.312385,-0.87336,0.0385735,-0.934238,0.0382179,0.137658,0.134996,0.04,0.0399747,0.0105559,4.1213,32.23
7.9684e+07,-0.10066,0.0197596,9.75267,0.116079,0.283094,0.169834,0.283127,-0.591345,0.22178,-0.739259,0.22296,0.137658,0.139548,0.04,0.0400564,0.0096533,4.12151,32.2594
7.9704e+07,-0.174688,0.0366185,9.79549,0.214154,0.283094,0.229164,0.283631,-1.02167,-0.526312,-0.963746,-0.526542,0.152925,0.152288,0.038,0.0388541,0.00479565,4.12171,32.2035
7.9724e+07,-0.186631,0.0486606,9.8715,0.282381,0.603705,0.183854,0.601902,-1.08309,-0.251503,-1.05854,-0.251227,0.168192,0.168857,0.038,0.0381015,0.00275092,4.1219,32.2447
7.9744e+07,-0.181868,0.0944205,9.85495,0.548842,0.160957,0.516124,0.164821,-1.05719,-0.175167,-1.00172,-0.178364,0.0918561,0.0952314,0.038,0.0380214,0.00283362,4.12199,32.2124
7.9764e+07,-0.179476,0.07997,9.85492,0.464852,0.0540864,0.485099,0.0531879,-1.04331,0.114909,-1.02008,0.112886,0.0918561,0.0896807,0.038,0.0380187,0.00388208,4.12217,32.2212
7.9824e+07,-0.186626,0.0318017,9.7765,0.186341,0.420499,0.131533,0.421921,-1.09359,-0.404175,-1.10531,-0.405287,0.168192,0.161274,0.039,0.0386143,0.00448478,4.12248,32.2535
7.9844e+07,-0.1723,0.0366185,9.80736,0.213896,-0.113852,0.256786,-0.111717,-1.00649,-0.633182,-0.99026,-0.630854,0.12239,0.123016,0.039,0.0389869,0.00527836,4.12272,32.2329
7.9864e+07,-0.186635,0.0631111,9.87152,0.366236,-0.144387,0.347945,-0.144675,-1.0831,-0.740052,-1.10773,-0.740905,0.0613217,0.0613863,0.039,0.0390266,0.00584166,4.12285,32.2124
7.9884e+07,-0.203349,0.0631111,9.80506,0.368705,-0.281791,0.327597,-0.280582,-1.18808,-0.602648,-1.21405,-0.604981,0.183459,0.17524,0.038,0.0384296,0.00385231,4.12298,32.2212
7.9904e+07,-0.14603,0.022168,9.81444,0.1294,-0.0985852,0.222095,-0.0992193,-0.852444,-0.953793,-0.966268,-0.952029,0.168192,0.163996,0.038,0.0380554,0.0025191,4.12302,32.2388
8.0024e+07,-0.136485,0.0462522,9.81922,0.269856,-0.44973,0.244363,-0.448827,-0.79634,-0.312572,-0.981432,-0.308193,0.137658,0.135509,0.038,0.0381084,0.0038555,4.12366,32.2476
8.0044e+07,-0.174689,0.0414354,9.80262,0.242147,-0.327593,0.262691,-0.326717,-1.02093,-0.220968,-1.04873,-0.222403,-0.0455486,-0.0427006,0.038,0.0380269,0.00331598,4.12367,32.2682
8.0064e+07,-0.184235,0.022168,9.91419,0.128091,-0.281791,0.230759,-0.283593,-1.0646,-0.587381,-1.06239,-0.583828,-0.0455486,-0.0415316,0.038,0.0380205,0.0042637,4.12376,32.2859
8.0084e+07,-0.193783,0.00771757,9.79784,0.0451219,-0.358127,0.211987,-0.358698,-1.13305,-0.633182,-1.16584,-0.634358,-0.106617,-0.102284,0.038,0.0380192,0.00368817,4.12384,32.28
8.0104e+07,-0.181847,0.022168,9.87858,0.128553,-0.34286,0.133205,-0.343437,-1.05459,-0.297304,-1.0958,-0.299361,0.000252962,0.00172993,0.038,0.0380168,0.0035641,4.12393,32.2594
8.0124e+07,-0.215289,0.0631111,9.84543,0.367184,-0.174921,0.263755,-0.174644,-1.25265,-0.0988309,-1.20711,-0.0980296,-0.106617,-0.101754,0.039,0.0386189,0.00582302,4.12299,32.2712
8.0144e+07,-0.172298,0.0293933,9.80735,0.171692,-0.23599,0.252182,-0.235092,-1.00648,-0.0224953,-1.05476,-0.0218966,-0.0150142,-0.0142626,0.039,0.0389945,0.00655278,4.12311,32.2712
8.0164e+07,-0.210511,0.0558858,9.79318,0.326885,-0.419196,0.238311,-0.418829,-1.2314,-0.694251,-1.14399,-0.692132,0.0765889,0.0765858,0.039,0.0390327,0.00615524,4.12323,32.2947
8.0184e+07,-0.215286,0.0534774,9.85016,0.310987,-0.0680509,0.255794,-0.0692598,-1.25204,-0.831656,-1.21665,-0.832791,-0.0760828,-0.0725329,0.038,0.038432,0.00410561,4.12326,32.2859
8.0204e+07,-0.243933,0.0269849,9.87626,0.156501,-0.556601,0.193499,-0.554505,-1.41485,-0.694251,-1.42693,-0.695436,0.0460546,0.0453479,0.038,0.0380556,0.0034626,4.12345,32.23
8.0224e+07,-0.181852,0.0390269,9.82399,0.227574,-0.0985852,0.17162,-0.101562,-1.06047,-0.114098,-1.14384,-0.119126,0.0307873,0.0334766,0.038,0.0380214,0.00370848,4.12246,32.2829
8.0245e+07,-0.20574,0.0727447,9.78371,0.425909,0.099888,0.326594,0.0984368,-1.20465,-0.114098,-1.23986,-0.112047,0.198726,0.191082,0.037,0.0374127,0.00101905,4.12261,32.2682
8.0265e+07,-0.210508,0.0438438,9.83352,0.255399,-0.0833181,0.318618,-0.0826849,-1.22634,-0.572114,-1.18622,-0.57,0.000252962,0.00325017,0.037,0.0370379,0.000346446,4.12284,32.2594
8.0285e+07,-0.253476,-0.00191609,9.89997,-0.0110857,-0.0680509,0.0625801,-0.0668595,-1.46666,-0.449976,-1.37677,-0.451474,0.0765889,0.0737854,0.037,0.0370003,0.00120955,4.12297,32.2535
8.0305e+07,-0.193785,0.0173512,9.78836,0.101545,0.267827,-0.00903502,0.264247,-1.13417,-0.282037,-1.23943,-0.281174,0.107123,0.109656,0.039,0.0382041,0.00544851,4.12318,32.2624
8.0326e+07,-0.222444,0.0342101,9.77416,0.200486,0.695308,0.136812,0.694421,-1.30373,0.0233064,-1.25685,0.0217918,0.152925,0.154799,0.039,0.0389491,0.00633786,4.12346,32.2682
8.0347e+07,-0.17947,0.0582943,9.88338,0.337883,1.03119,0.363535,1.02912,-1.04029,0.404986,-1.1452,0.404037,0.0613217,0.0661892,0.039,0.0390298,0.00659659,4.12356,32.2771
8.0367e+07,-0.224846,0.0847868,9.78612,0.496267,0.725842,0.420566,0.729074,-1.31615,0.252314,-1.18672,0.251772,0.259795,0.258852,0.037,0.0375337,0.00203584,4.12374,32.3212
8.0387e+07,-0.200968,0.0847868,9.84545,0.493303,0.328896,0.459509,0.330416,-1.16933,0.114909,-1.23083,0.112294,0.137658,0.136991,0.037,0.0370492,0.000212457,4.12383,32.2712
8.0407e+07,-0.186645,0.101646,9.91195,0.587436,-0.0527837,0.566513,-0.0530431,-1.07871,0.43552,-1.15201,0.435203,0.0918561,0.0871492,0.037,0.0370003,0.00107376,4.12383,32.2976
8.0427e+07,-0.191412,0.0703363,9.77894,0.412021,-0.190188,0.338722,-0.19047,-1.12133,0.572925,-1.13377,0.573467,-0.0150142,-0.0122135,0.038,0.0377562,0.00423263,4.12399,32.3212
8.0447e+07,-0.21049,-0.018775,9.79306,-0.10982,-0.34286,0.116076,-0.343464,-1.23131,0.92407,-1.17754,0.92403,0.0460546,0.0464941,0.038,0.0379955,0.0044093,4.12407,32.3006
8.0467e+07,-0.188998,-0.0235918,9.75742,-0.138505,0.283094,-0.0596418,0.283352,-1.10966,0.969871,-1.13357,0.968741,0.183459,0.182122,0.038,0.0380188,0.00378955,4.12414,32.2918
8.0487e+07,-0.169896,-0.0235918,9.89274,-0.136616,0.298361,-0.0868045,0.296911,-0.983885,0.939337,-1.14546,0.939292,0.259795,0.261085,0.037,0.0372621,0.00109938,4.12412,32.2976
8.0507e+07,-0.150802,0.010126,9.88565,0.0586818,0.451033,0.104502,0.451924,-0.873959,0.863001,-0.98705,0.864155,0.183459,0.188772,0.037,0.0370277,0.00115688,4.12419,32.28
8.05274e+07,-0.15799,0.0968289,9.84544,0.563408,-0.373394,0.478943,-0.371523,-0.919303,0.298115,-1.01072,0.300224,0.0307873,0.029617,0.037,0.0370063,0.00170744,4.12417,32.3035
8.0548e+07,-0.198566,0.0366185,9.74566,0.215239,-0.373394,0.288315,-0.372249,-1.16722,0.527123,-1.13311,0.525648,0.152925,0.152293,0.038,0.0377564,0.00373729,4.12432,32.3447
8.0568e+07,-0.172302,0.0438438,9.83824,0.255296,-0.464998,0.270294,-0.463507,-1.00334,0.191245,-1.03569,0.192483,0.0918561,0.0885691,0.038,0.0379911,0.00372756,4.12437,32.2888
8.0588e+07,-0.174687,0.0318017,9.79074,0.186075,-0.23599,0.222488,-0.240153,-1.02216,-0.26677,-0.945479,-0.267588,0.000252962,0.00179375,0.038,0.0380189,0.00386893,4.12443,32.2682
8.0608e+07,-0.129321,0.0438438,9.77885,0.256863,-0.373394,0.267323,-0.370982,-0.75766,-0.75532,-0.815127,-0.75232,0.0155202,0.0169069,0.038,0.0380203,0.00342825,4.12456,32.2918
8.0628e+07,-0.198566,0.0342101,9.90473,0.197854,-0.205456,0.221294,-0.207224,-1.14848,-1.2286,-1.05595,-1.22802,0.0765889,0.074555,0.038,0.0380176,0.00368973,4.12334,32.2653
8.0648e+07,-0.13171,0.0486606,9.79785,0.284529,-0.877211,0.28174,-0.874765,-0.770158,-2.41944,-0.76457,-2.41016,-0.19822,-0.193916,0.038,0.0380253,0.00435282,4.12345,32.3271
8.0668e+07,-0.136468,-0.0139582,9.71703,-0.0822951,-1.4879,-0.0488817,-1.48667,-0.804623,-4.43471,-0.762902,-4.42841,-0.182953,-0.185633,0.04,0.0395212,0.00669659,4.12364,32.2859
8.0748e+07,-0.384823,0.0534774,9.89779,0.30933,-0.923013,0.374977,-0.917351,-2.22648,-4.99959,-2.21413,-5.00737,-0.5799,-0.582076,0.038,0.0380653,0.000626583,4.12414,32.3006
8.0768e+07,-0.274984,0.0607027,9.85735,0.352692,-0.373394,0.245429,-0.379347,-1.5979,-2.05303,-1.82314,-2.06091,0.000252962,-0.00702832,0.038,0.0379954,0.00145309,4.12421,32.2859
8.0788e+07,-0.212903,0.0727447,9.84307,0.423335,0.267827,0.27688,0.266313,-1.23907,-1.24387,-1.36361,-1.24478,0.290329,0.281695,0.038,0.0379989,0.00200371,4.12419,32.3035
8.0808e+07,-0.234373,-0.00191609,9.6839,-0.0113334,0.222025,0.0566935,0.221738,-1.38642,-2.67898,-1.34979,-2.66946,0.412467,0.412347,0.038,0.0380006,0.000832109,4.12433,32.2771
8.0828e+07,-0.30362,-0.0043245,9.6887,-0.0255611,-0.113852,-0.0380217,-0.112988,-1.79492,-5.76295,-1.6827,-5.75438,0.244528,0.256161,0.038,0.0379798,-0.00210545,4.12456,32.3094
8.0848e+07,-0.370483,0.00771757,9.89296,0.0446655,-0.205456,-0.0268203,-0.203716,-2.14467,-6.83166,-2.15956,-6.8328,0.0765889,0.0792155,0.037,0.037357,-0.00441671,4.12477,32.3124
8.0868e+07,-0.446895,0.0125344,9.99038,0.0718141,-0.0833181,0.134524,-0.0853576,-2.56128,-3.67135,-2.53213,-3.68831,0.488803,0.483893,0.037,0.0369839,-0.00267903,4.12489,32.3182
8.0968e+07,-0.547202,0.0775616,9.85761,0.450112,-0.571868,0.54538,-0.567146,-3.17717,-2.12937,-3.20437,-2.13844,1.19109,1.18786,0.034,0.0346938,-0.01029,4.12496,32.3388
8.0988e+07,-0.489873,0.000492326,9.86931,0.00285466,-0.770341,0.0740437,-0.769149,-2.8416,-1.21333,-2.93419,-1.21157,1.35903,1.3549,0.034,0.0339582,-0.0115117,4.1249,32.33
8.1008e+07,-0.43972,-0.0284086,9.90009,-0.16425,-0.556601,-0.210137,-0.55926,-2.54316,-1.137,-2.62488,-1.1373,1.13002,1.12775,0.034,0.0338986,-0.00944418,4.12485,32.3388
8.1028e+07,-0.442123,0.0245765,9.78384,0.143777,0.14569,0.0889425,0.144186,-2.58738,-0.678984,-2.58807,-0.680431,0.992619,0.99471,0.035,0.0345033,-0.00718343,4.12488,32.3124
8.1048e+07,-0.473174,0.0582943,9.85277,0.338598,-0.159654,0.19766,-0.156727,-2.74944,-1.12173,-2.70616,-1.12048,0.901016,0.902413,0.035,0.0348742,-0.0063542,4.12491,32.3212
8.1068e+07,-0.489875,0.00771757,9.8527,0.0448241,-0.694005,0.036099,-0.692801,-2.84639,-0.26677,-2.86823,-0.27365,0.687276,0.692963,0.035,0.0349102,-0.00581516,4.12502,32.3271
8.1088e+07,-0.420619,-0.0235918,9.84547,-0.137167,0.160957,-0.102294,0.156504,-2.4463,0.985138,-2.5337,0.981505,0.626207,0.621537,0.034,0.0343266,-0.00638398,4.12513,32.3094
8.1108e+07,-0.423034,0.0751532,9.70555,0.44323,0.0235522,0.310463,0.0262248,-2.49569,0.618726,-2.41229,0.623182,0.916283,0.912626,0.034,0.0339575,-0.00875398,4.12514,32.2859
8.1128e+07,-0.449296,0.0607027,9.86225,0.352289,-0.419196,0.299211,-0.421523,-2.60838,-0.511045,-2.5181,-0.508918,0.733077,0.735933,0.034,0.0339072,-0.00960898,4.12525,32.3212
8.1148e+07,-0.52808,0.00530915,9.96669,0.0304781,-0.266524,0.118803,-0.265683,-3.03295,0.145444,-2.94025,0.13837,0.427734,0.429917,0.035,0.0345037,-0.00517725,4.12416,32.3476
8.1168e+07,-0.477949,0.0558858,9.78866,0.326723,-0.739807,0.260964,-0.737416,-2.7953,1.7485,-2.90832,1.74255,1.43537,1.40634,0.035,0.0348833,-0.00347297,4.12431,32.3388
8.1188e+07,-0.434963,0.0390269,9.57729,0.233235,-0.526066,0.153673,-0.52849,-2.60034,2.75613,-2.72851,2.7516,3.09949,3.09538,0.035,0.0349162,-0.00708611,4.12445,32.3506
8.1208e+07,-0.403923,0.0462522,9.86693,0.268353,-0.816143,0.251809,-0.814871,-2.34419,3.85537,-2.37077,3.85116,2.90102,2.91316,0.034,0.0343094,-0.0102074,4.12459,32.3241
8.1228e+07,-0.411079,0.0197596,9.96187,0.113551,-0.419196,0.124249,-0.415673,-2.36298,2.28285,-2.31833,2.28628,3.09949,3.09302,0.034,0.0339584,-0.00668382,4.12472,32.3271
8.1248e+07,-0.616436,0.0269849,9.66528,0.159642,-1.86958,0.152747,-1.86234,-3.64927,2.42025,-3.34658,2.41223,5.2827,5.24957,0.034,0.0339086,-0.0077227,4.12349,32.3271
8.1269e+07,-0.224792,-0.107886,9.8238,-0.62904,-2.31233,-0.53585,-2.32484,-1.31076,7.7027,-1.63117,7.67444,5.31323,5.3599,0.035,0.0345036,-0.00862996,4.12359,32.3359
8.1289e+07,-0.126913,-0.0284086,10.0351,-0.162186,-0.861944,-0.280038,-0.85199,-0.72457,6.02331,-1.06582,6.01905,1.74071,1.75579,0.035,0.0348971,-0.00494752,4.12368,32.3771
8.1309e+07,-0.28929,-0.0139582,10.3178,-0.0774802,1.67241,-0.202551,1.67853,-1.60603,-3.61028,-1.4015,-3.58809,0.0918561,0.0709649,0.035,0.0349961,0.00604499,4.12386,32.3212
8.1329e+07,-0.205692,-0.0982526,9.64098,-0.583757,-0.846677,-0.244272,-0.855658,-1.22217,-0.129365,-1.92967,-0.156561,-0.946312,-0.910273,0.034,0.034407,0.00150132,4.12402,32.3182
8.135e+07,-0.425391,-0.0356339,9.90956,-0.20584,2.89378,-0.433031,2.88534,-2.45803,2.08437,-2.27999,2.07629,-0.824174,-0.826017,0.034,0.034007,-0.00120359,4.12401,32.33
8.1371e+07,-0.509002,0.0944205,9.75789,0.553642,0.405232,0.472375,0.41115,-2.98588,2.9546,-2.4573,2.9577,0.0765889,0.0747804,0.034,0.0339575,-0.0026904,4.12408,32.3153
8.1391e+07,-0.294037,-0.11752,9.8832,-0.680964,0.771644,-0.385008,0.765723,-1.704,3.91644,-2.00894,3.90443,0.198726,0.197927,0.034,0.0339589,-0.00148742,4.12407,32.3271
8.1411e+07,-0.432567,0.010126,9.85503,0.0588144,2.14569,-0.162022,2.14727,-2.51327,6.20651,-2.19957,6.20309,0.351398,0.340357,0.034,0.0339815,0.0017466,4.12414,32.3329
8.1431e+07,-0.301241,0.0293933,9.73861,0.172848,1.84035,0.137163,1.84103,-1.77174,4.83247,-1.93917,4.84347,-0.534098,-0.534075,0.034,0.033982,-0.000265345,4.1242,32.3476
8.1451e+07,-0.349042,0.188349,9.86712,1.09288,1.33653,0.931749,1.33807,-2.02559,4.28285,-1.87868,4.28124,-1.03791,-1.03344,0.035,0.0347297,0.00225456,4.12435,32.3271
8.1471e+07,-0.406337,0.137772,9.81723,0.803331,0.0693537,0.894511,0.07711,-2.3699,6.63399,-2.37628,6.61673,-1.5112,-1.5165,0.035,0.0349619,0.0035835,4.12441,32.3476
8.1491e+07,-0.162749,0.0366185,9.60792,0.218338,-0.968814,0.330846,-0.971124,-0.970434,9.7027,-1.00012,9.70492,-1.14479,-1.14978,0.035,0.0350027,0.00127222,4.12438,32.3182
8.1511e+07,0.0879999,-0.0549012,9.64317,-0.326183,-0.632936,-0.281384,-0.634677,0.522837,4.23705,0.212756,4.26393,-0.747839,-0.750346,0.035,0.0349872,-0.00320197,4.12452,32.3712
8.1531e+07,-0.107808,-0.0356339,9.68848,-0.210718,-0.434463,-0.283857,-0.434746,-0.637527,-1.0912,-0.315859,-1.07313,0.107123,0.0997965,0.035,0.0349737,-0.00442178,4.12456,32.3771
8.1572e+07,-0.0839447,0.0173512,9.88323,0.100586,0.603705,0.114066,0.601545,-0.486638,1.61109,-0.784537,1.61106,-0.0913501,-0.0921688,0.034,0.0342152,-0.00496437,4.12457,32.3447
8.1632e+07,-0.191404,0.0414354,9.80027,0.242198,-0.12912,0.300634,-0.123759,-1.11886,-0.37364,-1.06955,-0.369459,0.152925,0.150865,0.035,0.0347104,-0.00241346,4.12471,32.3476
8.1652e+07,-0.243923,-0.00914133,9.82872,-0.0532723,-0.205456,0.0369383,-0.2081,-1.42164,-0.175167,-1.34173,-0.17697,0.0460546,0.0490495,0.035,0.0349497,-0.00189358,4.12356,32.3565
8.1672e+07,-0.205708,-0.0404507,9.86188,-0.234959,-0.174921,-0.160654,-0.175457,-1.19495,-0.0988309,-1.17871,-0.0979222,0.12239,0.12491,0.035,0.034978,-0.00127823,4.12374,32.3476
8.1692e+07,-0.200946,0.00530915,9.78597,0.031078,-0.0985852,0.0231614,-0.0983318,-1.17635,-0.0530295,-1.17711,-0.0536276,0.000252962,0.00714214,0.034,0.0342327,-0.00332637,4.12391,32.3447
8.1712e+07,-0.179462,0.0318017,9.86434,0.184685,0.0693537,0.128159,0.0702124,-1.04226,-0.251503,-1.06814,-0.249994,0.12239,0.12293,0.034,0.0339947,-0.00364562,4.12408,32.3712
8.1732e+07,-0.241552,0.051069,9.82644,0.297679,-0.159654,0.268412,-0.159924,-1.40813,-0.144633,-1.36918,-0.144645,0.107123,0.105894,0.034,0.0339708,-0.00327278,4.12415,32.3506
8.1752e+07,-0.231992,0.022168,9.83826,0.129066,-0.113852,0.157199,-0.114124,-1.35082,-0.190434,-1.31566,-0.192767,0.0613217,0.0653357,0.033,0.0332172,-0.00532357,4.12421,32.3329
8.1772e+07,-0.208114,0.0245765,9.81925,0.143372,-0.0375166,0.0662056,-0.0378329,-1.21417,-0.205701,-1.23807,-0.204554,0.0918561,0.0879641,0.033,0.0329826,-0.00513624,4.12428,32.3506
8.1792e+07,-0.200951,0.0245765,9.85011,0.142926,-0.0985852,0.0607884,-0.0997541,-1.16872,-0.0377624,-1.19834,-0.0374406,0.12239,0.12172,0.033,0.0329611,-0.00461891,4.1245,32.3859
8.1872e+07,-0.205718,-0.00673292,9.8738,-0.0390613,0.344163,-0.0545876,0.340552,-1.19357,-0.495778,-1.09001,-0.489243,0.0307873,0.0327871,0.034,0.0339861,-0.00079782,4.12493,32.3447
8.1892e+07,-0.198572,0.0558858,9.7813,0.327291,-0.755074,0.283369,-0.747215,-1.16299,0.0691078,-1.32018,0.0581106,0.000252962,0.00720553,0.034,0.0339881,-0.000490046,4.12496,32.3741
8.1972e+07,-0.222433,-0.00673292,9.78597,-0.0394103,0.512102,-0.0583031,0.499933,-1.30209,-0.0224953,-1.16888,-0.0203959,0.0765889,0.0739312,0.033,0.032985,-0.00171182,4.12522,32.3594
8.1992e+07,-0.184229,-0.00191609,9.79544,-0.0112057,-0.419196,0.101642,-0.414907,-1.07747,0.0691078,-1.14226,0.0679216,0.12239,0.11294,0.033,0.0329824,-0.00156219,4.12531,32.3594
8.2172e+07,-0.181847,0.0197596,9.78835,0.115642,-0.144387,0.0632894,-0.143178,-1.06431,-0.236236,-1.05834,-0.235914,0.183459,0.181936,0.035,0.0347661,0.00498996,4.12456,32.3624
8.2192e+07,-0.210502,0.022168,9.84774,0.128948,0.0388193,0.0803247,0.0370625,-1.22454,-0.0835638,-1.21677,-0.0879358,0.0460546,0.0435347,0.035,0.0350043,0.00587813,4.12469,32.3918
8.2212e+07,-0.181838,-0.0115497,9.82154,-0.067366,0.0235522,0.0320837,0.0235685,-1.06066,-0.282037,-1.10016,-0.279914,0.12239,0.120365,0.035,0.0350323,0.00612809,4.12473,32.3771
8.2232e+07,-0.210499,0.0125344,9.85247,0.0728755,-0.0375166,0.124144,-0.0389853,-1.22394,-0.312572,-1.21648,-0.312904,0.0765889,0.0799939,0.034,0.0342802,0.00339786,4.12485,32.3712
8.2252e+07,-0.205721,0.00530915,9.80497,0.0310175,-0.0680509,0.0788195,-0.0665658,-1.20196,-0.1599,-1.19108,-0.161324,0.0918561,0.0936944,0.034,0.0340391,0.00250237,4.12488,32.3712
8.2272e+07,-0.205723,0.010126,9.85958,0.058831,0.099888,0.0191179,0.0975214,-1.19532,-0.0530295,-1.18938,-0.0553962,0.0613217,0.0600176,0.034,0.0340134,0.00280576,4.12365,32.3535
8.2293e+07,-0.208108,0.000492326,9.82396,0.00287072,0.0388193,0.0423876,0.0379665,-1.21355,-0.175167,-1.21681,-0.174556,0.168192,0.167841,0.034,0.0340128,0.00301995,4.12374,32.3653
8.2373e+07,-0.205721,0.00290074,9.83346,0.0168978,-0.00698221,0.0130416,-0.00784104,-1.19848,-0.282037,-1.23418,-0.280834,0.12239,0.122355,0.034,0.0340147,0.00324932,4.1231,32.3565
8.23931e+07,-0.200948,0.0125344,9.8026,0.0732476,0.099888,0.0899695,0.0998372,-1.17436,-0.0224953,-1.22635,-0.0230828,0.0307873,0.0304646,0.034,0.0340127,0.00289591,4.1233,32.38
8.2473e+07,-0.234373,-0.00191609,9.78836,-0.0112125,-0.00698221,0.0253107,-0.00640604,-1.37163,-0.1599,-1.31323,-0.160758,0.12239,0.121577,0.033,0.0332601,0.00038569,4.12244,32.3712
8.2493e+07,-0.215269,-0.00914133,9.75509,-0.0536778,0.0693537,-0.0177599,0.0695747,-1.26416,-0.144633,-1.22412,-0.145475,0.0613217,0.0624334,0.033,0.03302,-0.000381532,4.1226,32.3888
8.2594e+07,-0.224827,0.0149428,9.82162,0.087148,0.0693537,0.0562885,0.0681904,-1.31133,-0.129365,-1.28829,-0.128818,0.0918561,0.0891625,0.034,0.0340167,0.00360574,4.12253,32.3829
8.2615e+07,-0.234371,-0.0115497,9.77173,-0.0677015,0.0388193,-0.0166854,0.039147,-1.37395,-0.175167,-1.29995,-0.175742,0.137658,0.133549,0.034,0.034017,0.0034526,4.12276,32.4006
8.2655e+07,-0.208116,0.0318017,9.89523,0.184098,0.00828493,0.138156,0.0094885,-1.20486,-0.175167,-1.21329,-0.174845,0.12239,0.120173,0.032,0.0323229,-0.000884479,4.12294,32.3947
8.26754e+07,-0.174676,-0.00673292,9.84528,-0.0391768,0.115155,-0.0197239,0.116273,-1.01644,-0.114098,-1.14643,-0.114403,0.0918561,0.0944462,0.032,0.0320194,-0.00125446,4.1224,32.3947
8.2696e+07,-0.184227,-0.00673292,9.81205,-0.0393088,0.0235522,-0.0150471,0.023298,-1.07564,-0.205701,-1.10184,-0.205989,-0.0760828,-0.0698778,0.032,0.0319902,-0.000847879,4.12272,32.38
8.2716e+07,-0.227218,0.0269849,9.76466,0.158295,0.176224,0.146058,0.174784,-1.33299,-0.0835638,-1.30895,-0.0841234,0.0307873,0.0301487,0.033,0.0328337,0.00126884,4.12294,32.38
8.2736e+07,-0.193784,0.0125344,9.80022,0.0732664,0.00828493,0.0832565,0.00918275,-1.13279,-0.0835638,-1.16857,-0.0853087,0.0918561,0.091218,0.033,0.0329856,0.00147202,4.12298,32.4212
8.2796e+07,-0.184236,0.0245765,9.81448,0.143449,0.0388193,0.105062,0.0408643,-1.07542,-0.0835638,-1.11303,-0.0861903,0.12239,0.120274,0.033,0.0330072,0.00215626,4.12231,32.4153
8.2816e+07,-0.165137,0.0366185,9.84535,0.213074,0.130422,0.208512,0.130428,-0.960929,-0.129365,-1.04288,-0.129631,-0.0302813,-0.0246605,0.033,0.0330086,0.00228659,4.12129,32.38
8.2897e+07,-0.189006,0.00290074,9.9664,0.0166731,2.3289,0.0283118,2.3253,-1.08644,-1.86982,-1.05054,-1.86033,0.168192,0.166009,0.034,0.0340515,0.00918879,4.12245,32.3918
8.2917e+07,-0.134083,-0.0043245,10.1088,-0.0245088,3.12279,0.00514656,3.11921,-0.759928,-5.62555,-0.757935,-5.60727,0.50407,0.496796,0.034,0.0340817,0.0144412,4.12268,32.4006
8.2997e+07,0.437539,-3.34239,13.7331,-13.6721,20.2678,-13.0461,20.2774,1.7731,-24.8164,1.0622,-24.7361,-13.1753,-13.1195,0.033,0.0328918,0.11309,4.12369,32.4035
8.3017e+07,0.32525,-3.12563,15.8894,-11.1264,4.17622,-11.5813,4.27866,1.15061,-47.5492,1.56268,-47.4765,-19.0074,-18.9611,0.035,0.0349121,0.222472,4.12386,32.4065
8.31971e+07,-1.64965,-2.56447,9.41035,-15.0253,-57.0604,-14.8425,-57.0898,-9.5998,13.8859,-9.32409,13.8173,-30.3356,-30.3357,0.082,0.0744935,0.36168,4.1247,32.3976
8.3217e+07,-1.69739,-2.61264,9.0518,-15.8379,-44.465,-16.0265,-44.5195,-10.2132,33.8859,-10.1012,33.8074,-30.4883,-30.4869,0.082,0.0795439,0.344666,4.1249,32.3888
8.3237e+07,-1.11963,-2.26342,8.46306,-14.8495,-34.236,-15.3516,-34.2658,-7.28319,45.9317,-7.86662,45.9028,-31.557,-31.5389,0.082,0.0801907,0.299896,4.12502,32.4153
8.3277e+07,-1.08139,-2.38625,8.79284,-15.0752,-33.3047,-15.0806,-33.3297,-6.76891,48.5119,-6.54881,48.5065,-35.16,-35.1403,0.114,0.110977,0.325011,4.12523,32.4124
8.3297e+07,-1.06703,-2.51148,8.84249,-15.7473,-21.6558,-15.836,-21.7032,-6.62124,50.8935,-6.56673,50.8845,-37.3738,-37.3547,0.114,0.111075,0.29216,4.12414,32.4388
8.3318e+07,-0.632551,-2.13095,7.91678,-15.0195,-13.7932,-15.2489,-13.8129,-4.41185,47.2141,-4.69794,47.2457,-39.9845,-39.9546,0.157,0.142282,0.340601,4.12471,32.3947
8.3399e+07,-0.391469,-1.80582,7.1882,-14.082,-17.9764,-14.1792,-17.975,-3.02348,-4.1141,-3.01524,-4.06954,-53.2822,-53.251,0.262,0.254902,0.424996,4.12383,32.4094
8.3439e+07,-0.324566,-1.96236,8.31565,-13.2683,-32.8925,-13.2485,-32.8568,-2.17547,-36.0225,-2.03843,-35.9625,-59.5112,-59.4823,0.262,0.257259,0.315681,4.12415,32.4006
8.3459e+07,-0.582434,-2.0298,8.11158,-14.0143,-37.7932,-14.0527,-37.7824,-3.98451,-45.4881,-3.76906,-45.4673,-61.6028,-61.5881,0.262,0.256039,0.265817,4.12439,32.4065
8.3479e+07,-0.720952,-1.94551,7.70584,-14.1103,-38.5108,-14.2669,-38.5116,-5.18327,-47.2133,-5.27695,-47.2133,-62.7326,-62.7237,0.262,0.254707,0.211802,4.12453,32.4065
8.3499e+07,-0.730498,-1.96718,8.11656,-13.5711,-39.2894,-13.9401,-39.2802,-4.99886,-47.824,-5.31182,-47.8216,-63.4501,-63.4435,0.798,0.693484,1.47856,4.12457,32.4212
8.3519e+07,-0.847455,-2.13577,8.74318,-13.6657,-43.9612,-13.7023,-43.9388,-5.37905,-48.221,-5.45101,-48.2224,-63.8165,-63.8137,0.798,0.773887,1.60892,4.12462,32.4359
8.3539e+07,-1.12923,-2.09001,8.22355,-14.1326,-45.8696,-14.2118,-45.8712,-7.58073,-42.9233,-7.16683,-42.9582,-63.4807,-63.4901,0.798,0.778904,1.50152,4.12475,32.4212
8.3559e+07,-1.31786,-2.13818,8.33047,-14.2257,-44.7093,-14.4642,-44.7167,-8.7117,-30.2973,-8.6474,-30.3533,-62.183,-62.1962,0.81,0.784471,1.39889,4.12495,32.4124
8.3579e+07,-1.28205,-2.10687,8.08832,-14.4277,-43.5032,-14.4823,-43.5023,-8.72052,-16.679,-8.78937,-16.73,-60.4578,-60.478,0.81,0.784365,1.28234,4.12506,32.4182
8.3639e+07,-1.41098,-2.16949,8.41835,-14.2606,-45.9764,-14.419,-45.9795,-9.21896,15.8248,-9.10635,15.7651,-56.0303,-56.0471,0.818,0.789748,0.966139,4.12521,32.4212
8.3659e+07,-1.47779,-2.32604,9.12805,-14.1197,-45.1673,-14.3122,-45.1673,-8.91602,30.8477,-8.90051,30.7923,-53.9539,-53.9716,0.818,0.789225,0.889393,4.12539,32.4182
8.3679e+07,-1.15788,-2.13095,8.33035,-14.2178,-45.6253,-14.261,-45.6253,-7.66925,41.092,-7.6826,41.0652,-52.6104,-52.6125,0.818,0.790959,0.820809,4.12548,32.4094
8.3699e+07,-0.928682,-1.99127,7.63947,-14.5071,-44.2971,-14.6056,-44.3077,-6.70906,43.1378,-6.54083,43.1375,-52.3356,-52.3317,0.818,0.791669,0.736595,4.12548,32.4124
8.372e+07,-0.914315,-2.13336,8.09746,-14.6706,-40.9688,-14.7813,-40.9855,-6.23133,43.1225,-6.1148,43.1228,-52.6257,-52.6202,0.818,0.791239,0.654564,4.12565,32.4035
8.374e+07,-0.902355,-2.21043,8.48195,-14.5282,-36.7398,-14.707,-36.7539,-5.87772,42.1302,-5.76513,42.1356,-53.1143,-53.1086,0.804,0.779753,0.556568,4.12572,32.4447
8.376e+07,-0.670806,-1.95273,7.40663,-14.7121,-33.32,-14.7665,-33.3326,-5.00495,38.9393,-5.13818,38.957,-54.015,-54.0043,0.804,0.777852,0.484251,4.12571,32.4359
8.378e+07,-0.503689,-1.83713,6.82262,-15.0315,-28.9077,-14.9638,-28.9321,-4.07756,31.6264,-4.21038,31.6675,-55.4959,-55.4766,0.804,0.777766,0.402448,4.12578,32.4476
8.38e+07,-0.584788,-2.15263,7.82885,-15.3335,-22.8009,-15.272,-22.8267,-4.11953,22.7867,-4.04907,22.8205,-57.5417,-57.5234,0.788,0.763667,0.291988,4.12577,32.4565
8.382e+07,-0.687399,-2.38865,9.04654,-14.7502,-16.1139,-14.947,-16.1334,-4.2018,14.176,-4.05997,14.2069,-59.7402,-59.7212,0.788,0.761173,0.25025,4.12584,32.4094
8.384e+07,-0.811636,-2.14059,8.38939,-14.25,-15.1673,-14.3878,-15.1634,-5.35538,9.21415,-5.14494,9.22469,-61.2669,-61.2525,0.788,0.761664,0.220372,4.1259,32.3918
8.386e+07,-0.704247,-1.91179,7.38536,-14.4503,-15.1368,-14.4232,-15.1391,-5.27427,7.06147,-5.30787,7.07045,-62.3814,-62.3686,0.76,0.738557,0.0994468,4.12605,32.4124
8.388e+07,-0.749556,-2.12855,8.03559,-14.775,-11.6711,-14.7896,-11.6948,-5.15241,4.00804,-5.18415,4.02233,-63.8471,-63.8304,0.76,0.733056,0.0376952,4.12619,32.4418
8.39e+07,-0.957213,-2.43201,9.26751,-14.6297,-6.87721,-14.7989,-6.89049,-5.70516,1.47369,-5.46927,1.48266,-65.4807,-65.462,0.76,0.7317,0.01738,4.12624,32.43
8.392e+07,-1.11489,-2.1454,9.04968,-13.2403,-10.2818,-13.5935,-10.2529,-6.83567,2.89354,-6.46384,2.87892,-66.2135,-66.2105,0.726,0.705575,-0.0714701,4.12628,32.4124
8.394e+07,-1.07436,-1.9166,7.97448,-13.3977,-18.5871,-13.4035,-18.5592,-7.46294,9.7485,-7.42213,9.72007,-66.1524,-66.1553,0.726,0.700592,-0.109461,4.12633,32.4094
8.396e+07,-1.0051,-1.96236,7.60872,-14.3426,-22.1291,-14.1653,-22.1228,-7.28928,16.176,-7.23082,16.1543,-66.183,-66.1795,0.726,0.698388,-0.149174,4.12637,32.4535
8.398e+07,-1.00981,-2.18876,8.10457,-15.0023,-19.4879,-14.7886,-19.5069,-6.85907,20.8783,-6.87543,20.8604,-66.87,-66.8586,0.687,0.664585,-0.277776,4.12649,32.4476
8.4e+07,-1.09101,-2.15504,8.55817,-14.0249,-17.4726,-14.2606,-17.468,-7.04729,25.3974,-6.92838,25.3747,-67.4654,-67.4679,0.687,0.659009,-0.30188,4.12653,32.4329
8.402e+07,-1.27728,-2.0876,8.64866,-13.4301,-21.8696,-13.5913,-21.8442,-8.16969,33.8706,-7.83015,33.8323,-67.3891,-67.392,0.687,0.65944,-0.305535,4.12647,32.4535
8.404e+07,-1.21754,-2.25137,8.8739,-14.1092,-25.1673,-14.0633,-25.1642,-7.57537,44.2065,-7.57324,44.1705,-66.87,-66.8716,0.642,0.622012,-0.419103,4.12651,32.4271
8.406e+07,-1.01933,-2.30195,8.72407,-14.6857,-22.2513,-14.7373,-22.2725,-6.44565,49.9012,-6.5297,49.889,-67.2059,-67.2049,0.642,0.6146,-0.434198,4.12654,32.4124
8.408e+07,-0.971587,-2.26582,8.80007,-14.3552,-17.4879,-14.4722,-17.5003,-6.10285,50.6493,-5.89731,50.6513,-68.244,-68.233,0.642,0.614954,-0.424373,4.12657,32.4094
8.41e+07,-1.01462,-2.07315,8.52975,-13.5687,-20.3429,-13.738,-20.3202,-6.59332,51.5806,-6.23998,51.5725,-68.6257,-68.6188,0.591,0.574808,-0.541302,4.12669,32.4065
8.412e+07,-1.06238,-2.06593,8.62002,-13.3801,-25.6711,-13.5066,-25.6531,-6.83439,55.2905,-6.6719,55.2749,-68.1982,-68.2032,0.591,0.567683,-0.553952,4.12688,32.4359
8.414e+07,-1.11472,-2.77159,10.5064,-14.699,-25.4726,-14.6144,-25.4901,-5.85741,58.1302,-5.82959,58.1268,-68.3967,-68.391,0.591,0.565836,-0.525814,4.12689,32.4329
8.416e+07,-0.909301,-2.99076,11.5173,-14.5135,-20.3581,-14.6693,-20.3723,-4.36983,55.5653,-4.38568,55.5835,-69.6028,-69.5925,0.534,0.519599,-0.598463,4.12699,32.4359
8.422e+07,-0.90705,-2.49944,9.6045,-14.525,-19.8848,-14.6066,-19.9027,-5.2221,44.1607,-5.10143,44.1658,-72.2898,-72.2855,0.48,0.467022,-0.666168,4.12641,32.43
8.424e+07,-0.928401,-3.0028,11.7191,-14.3287,-16.9993,-14.477,-17.001,-4.38837,40.9851,-4.41483,41.0051,-73.0379,-73.0284,0.48,0.459474,-0.619806,4.12645,32.4359
8.426e+07,-0.899745,-3.00762,11.4413,-14.6849,-16.2665,-14.5838,-16.2754,-4.34931,35.4584,-4.14964,35.48,-74.0303,-74.0219,0.48,0.459649,-0.538572,4.12657,32.4124
8.428e+07,-1.05019,-2.95945,10.9667,-15.0363,-10.9841,-14.9396,-11.0128,-5.28225,33.6722,-4.99849,33.6687,-74.5646,-74.5609,0.428,0.416517,-0.606577,4.1266,32.4241
8.43e+07,-1.04544,-2.8896,10.651,-15.1096,-2.02225,-15.1208,-2.05319,-5.41144,35.2599,-5.33634,35.2545,-74.6104,-74.6031,0.428,0.408251,-0.569999,4.12654,32.4271
8.432e+07,-0.859308,-2.44646,9.81347,-13.947,-0.419196,-14.1335,-0.408607,-4.8564,34.1149,-4.79838,34.1271,-74.5799,-74.5804,0.428,0.409233,-0.520907,4.12657,32.3712
8.436e+07,-0.97395,-2.35494,9.19642,-14.2866,-7.21309,-14.2008,-7.21534,-5.85777,27.2905,-5.50553,27.2906,-74.1524,-74.1581,0.38,0.363596,-0.613068,4.12663,32.4241
8.438e+07,-1.036,-2.48258,9.37909,-14.7401,-3.68637,-14.7008,-3.70438,-6.095,29.1073,-5.88498,29.0997,-73.4196,-73.4275,0.38,0.361871,-0.586313,4.12666,32.4035
8.44e+07,-1.02168,-2.45127,9.89908,-13.8375,-2.06805,-14.0677,-2.06393,-5.72101,30.405,-5.64252,30.4028,-72.7631,-72.7738,0.334,0.324792,-0.66478,4.12668,32.4182
8.442e+07,-1.19348,-2.90165,11.767,-13.7843,-6.48026,-13.8121,-6.45639,-5.62412,31.1836,-5.45772,31.1774,-71.8471,-71.8567,0.334,0.319081,-0.613094,4.12671,32.4476
8.444e+07,-1.20061,-3.01966,11.5769,-14.5443,-8.35813,-14.3088,-8.36833,-5.73044,33.55,-5.6179,33.5393,-70.641,-70.6519,0.334,0.318545,-0.535989,4.12673,32.4006
8.446e+07,-1.0025,-2.7451,9.81549,-15.5478,0.57317,-15.3805,0.528586,-5.61753,35.1225,-5.49635,35.1221,-70.1982,-70.2024,0.293,0.284057,-0.587702,4.12683,32.4212
8.448e+07,-0.844964,-2.50667,8.91828,-15.6325,11.9167,-15.5152,11.8737,-5.21157,33.092,-5.0942,33.1058,-70.1219,-70.1205,0.293,0.277847,-0.579108,4.12685,32.4388
8.45e+07,-0.883153,-2.56447,9.41681,-15.1704,20.5274,-15.1642,20.5009,-5.17057,30.1302,-5.05538,30.1398,-69.8929,-69.9013,0.293,0.277697,-0.552043,4.12678,32.4153
8.452e+07,-0.952371,-2.67285,9.83456,-15.1371,26.1457,-14.9287,26.1215,-5.33875,28.1607,-5.21188,28.1653,-69.3891,-69.4003,0.248,0.241469,-0.626082,4.12562,32.43
8.4541e+07,-1.0526,-2.89924,10.7341,-15.0458,33.4892,-14.8802,33.4637,-5.40799,26.9851,-5.29858,26.9891,-68.87,-68.8798,0.248,0.23517,-0.592529,4.1257,32.4241
8.4561e+07,-1.01436,-2.99557,11.299,-14.7917,38.9701,-14.6868,38.9515,-4.95952,24.7867,-4.91438,24.7972,-68.3204,-68.3281,0.248,0.235139,-0.524384,4.12577,32.4329
8.4581e+07,-0.976234,-2.72583,10.5278,-14.4567,40.8785,-14.3509,40.8767,-5.12965,21.321,-4.98779,21.3345,-67.5875,-67.5954,0.208,0.203103,-0.564233,4.12575,32.4329
8.4602e+07,-0.930913,-2.55483,9.88934,-14.4241,41.3518,-14.2049,41.3479,-5.20759,18.9851,-5.15268,18.9926,-66.5494,-66.5663,0.208,0.197645,-0.536946,4.12625,32.4329
8.46231e+07,-1.07178,-2.61505,10.5494,-13.8536,38.909,-13.7536,38.9282,-5.63182,17.7638,-5.53589,17.7668,-64.7784,-64.7945,0.208,0.197508,-0.491529,4.12629,32.4153
8.4643e+07,-1.172,-2.87275,12.2205,-13.1703,30.4816,-13.1105,30.5211,-5.33362,17.321,-5.26025,17.3222,-62.9005,-62.9207,0.168,0.163106,-0.525283,4.12634,32.4388
8.4663e+07,-1.23881,-3.04615,12.4649,-13.6679,20.909,-13.4537,20.939,-5.51442,17.1378,-5.34954,17.1352,-61.1906,-61.2068,0.168,0.159856,-0.447048,4.12638,32.4447
8.4683e+07,-1.20304,-2.85107,11.354,-14.0206,18.6953,-14.0167,18.6974,-5.86754,19.1225,-5.68219,19.1121,-59.2822,-59.3011,0.168,0.159534,-0.377649,4.12642,32.4594
8.4703e+07,-1.00975,-2.4007,9.6641,-13.8781,16.8785,-13.8647,16.8901,-5.79018,20.8783,-5.68049,20.8753,-57.557,-57.5711,0.137,0.132524,-0.421993,4.12645,32.4006
8.47234e+07,-0.940543,-2.27305,9.3366,-13.6165,11.7945,-13.5823,11.8162,-5.5902,20.0538,-5.52951,20.0607,-55.9234,-55.9414,0.137,0.129923,-0.412158,4.12522,32.4182
8.4744e+07,-1.07655,-2.6295,10.6538,-13.7966,7.30599,-13.781,7.31805,-5.60303,19.6111,-5.55417,19.611,-54.473,-54.4887,0.137,0.129751,-0.378793,4.12523,32.4418
8.4764e+07,-1.08851,-2.55243,10.1886,-13.9877,5.97775,-13.9815,5.98022,-5.91663,20.5119,-5.7528,20.5065,-52.7936,-52.811,0.116,0.111371,-0.395554,4.12533,32.4182
8.4784e+07,-0.997809,-2.42237,9.64981,-14.0199,5.19912,-13.9645,5.20565,-5.72706,22.0386,-5.7308,22.035,-51.2059,-51.2176,0.116,0.10955,-0.373,4.12542,32.4271
8.4804e+07,-0.985885,-2.36939,9.37447,-14.1097,3.21439,-14.0174,3.22133,-5.8218,22.5882,-5.67937,22.5864,-49.786,-49.8,0.116,0.109514,-0.355232,4.12542,32.43
8.4824e+07,-0.988258,-2.42237,9.42663,-14.3362,2.77164,-14.257,2.76987,-5.79783,22.9393,-5.66097,22.9379,-48.3662,-48.3808,0.098,0.093715,-0.38547,4.12551,32.4418
8.4844e+07,-0.985853,-2.48258,9.78504,-14.1674,1.77928,-14.0945,1.79024,-5.57765,23.2294,-5.54727,23.2267,-47.1448,-47.1544,0.098,0.0921701,-0.368063,4.12559,32.4476
8.4864e+07,-1.00498,-2.39829,9.90152,-13.5486,-2.73981,-13.5428,-2.71683,-5.63372,23.5042,-5.58996,23.5074,-45.6181,-45.63,0.098,0.092344,-0.33933,4.12559,32.4624
8.4884e+07,-0.981071,-2.50667,9.93694,-14.0921,-7.30469,-13.9395,-7.29504,-5.46831,22.6951,-5.41581,22.696,-44.244,-44.2563,0.079,0.0757585,-0.363639,4.12584,32.4653
8.4904e+07,-1.01687,-2.58614,9.99383,-14.437,-5.99172,-14.421,-6.00392,-5.62576,22.3745,-5.45392,22.3751,-43.328,-43.3394,0.079,0.0739746,-0.339179,4.12582,32.4359
8.4924e+07,-0.935733,-2.39347,9.35065,-14.2892,-5.30469,-14.2884,-5.3015,-5.53729,21.4279,-5.42444,21.4303,-42.5036,-42.5123,0.079,0.0739537,-0.318299,4.12588,32.4388
8.4944e+07,-0.878449,-2.30677,9.40772,-13.7197,-8.93828,-13.7754,-8.91974,-5.18192,19.3516,-5.16657,19.3614,-41.6333,-41.6461,0.062,0.060254,-0.346581,4.12595,32.4359
8.4964e+07,-0.973869,-2.64635,10.3783,-14.2449,-11.2131,-14.1493,-11.2133,-5.19547,16.9851,-5.09466,16.9921,-41.0532,-41.0583,0.062,0.0578471,-0.32674,4.12592,32.43
8.5044e+07,-0.0447349,-3.59527,10.5802,-18.7682,140.436,-16.9178,138.892,-0.229374,170.481,-0.34483,168.879,8.10712,6.98665,0.047,0.0438907,-0.155665,4.12615,32.4359
8.5064e+07,3.47614,-7.88947,26.4491,-16.4753,204.253,-14.6683,203.328,7.17825,182.268,4.38035,182.195,20.9774,20.7578,0.031,0.0314327,-0.0934263,4.12628,32.4506
8.5084e+07,0.572729,-0.0476759,6.60612,-0.411947,228.253,-1.14566,228.4,4.95484,179,4.36383,179.084,25.069,25.0674,0.031,0.0301542,-0.133048,4.12624,32.4535
8.5104e+07,1.93364,0.539977,0.069637,15.593,-2.69401,12.201,-1.01683,74.2745,-61.3049,44.8032,-59.7603,2.42773,3.06932,0.031,0.0263684,-0.124736,4.12629,32.4712
8.5124e+07,4.21311,3.82987,18.1978,11.587,-3.56423,8.91465,-4.08321,12.7651,-76.4042,13.0418,-76.5495,7.67964,7.54899,0.036,0.0319022,-0.159733,4.12633,32.4829
8.5144e+07,-0.241481,-0.204223,8.8431,-1.32246,51.0923,-0.781334,51.0823,-1.56378,-33.2286,2.40059,-33.229,12.8399,12.8588,0.036,0.0341639,-0.16561,4.12629,32.4682
8.5164e+07,0.388829,0.0847868,9.16354,0.529645,60.5732,1.63925,60.5842,2.42962,-14.9691,3.63884,-15.0618,10.8552,10.8974,0.036,0.0348187,-0.143517,4.12633,32.4329
8.5244e+07,0.870917,1.0048,10.4728,5.46167,-8.23599,4.16941,-8.19221,4.73214,32.1912,3.78012,32.1644,-3.48066,-3.49876,0.041,0.0403413,-0.0923271,4.12598,32.4388
8.5265e+07,0.768454,0.234108,9.98019,1.33979,-27.1062,1.9998,-27.1547,4.40176,24.6187,4.27867,24.5758,-3.29746,-3.30952,0.041,0.0400884,-0.0929178,4.12604,32.48
8.5285e+07,1.20781,0.248559,9.47887,1.49005,-24.8925,2.26448,-24.9088,7.25912,22.6187,7.43123,22.6248,-3.6486,-3.63506,0.041,0.040031,-0.0938013,4.12601,32.4624
8.5305e+07,1.22931,0.214841,9.6996,1.2588,-14.2818,1.16236,-14.3068,7.22132,15.7943,7.1158,15.847,-2.09135,-2.10096,0.03,0.0307991,-0.118792,4.12607,32.4653
8.5325e+07,1.32961,0.183532,9.61874,1.08281,-3.12149,0.824148,-3.16683,7.86878,3.76376,7.58642,3.80802,-0.396694,-0.40913,0.03,0.0290832,-0.124165,4.12604,32.4476
8.5345e+07,1.21262,0.137772,9.78259,0.800737,7.33653,0.785198,7.29513,7.06547,-7.62555,7.1422,-7.58803,0.870482,0.868387,0.03,0.0289083,-0.123597,4.12491,32.4859
8.5366e+07,1.10514,0.214841,9.71632,1.25857,13.8098,1.31399,13.7856,6.48742,-14.511,6.5433,-14.4917,1.81705,1.81328,0.041,0.0381973,-0.0940054,4.12502,32.4888
8.5387e+07,0.918834,0.42919,9.80468,2.49555,12.68,2.47051,12.6929,5.34868,-13.3049,5.58033,-13.3228,1.72544,1.73126,0.041,0.0400133,-0.0861813,4.12505,32.4682
8.5407e+07,0.885383,0.506259,9.77634,2.9523,6.35943,2.9189,6.38877,5.16792,-6.41944,5.19742,-6.45173,0.82468,0.83823,0.041,0.0401748,-0.0829994,4.12515,32.4741
8.5427e+07,0.923584,0.52071,9.82144,3.02154,-2.57187,3.03561,-2.5407,5.36467,2.7256,5.24025,2.69029,-0.259289,-0.251118,0.04,0.0393007,-0.0828728,4.12525,32.4594
8.5447e+07,0.947495,0.402697,9.78324,2.34611,-8.4192,2.53072,-8.4085,5.52712,8.83247,5.44584,8.81272,-0.992113,-0.993141,0.04,0.0392241,-0.0803481,4.12417,32.4565
8.5468e+07,1.07647,0.299136,9.80671,1.73674,-8.58713,1.89727,-8.5984,6.2613,8.87827,6.18973,8.88514,-1.08372,-1.08529,0.04,0.0391965,-0.0790152,4.1244,32.4329
8.5548e+07,0.995265,0.354529,9.75463,2.07074,5.29073,2.15458,5.29964,5.82191,-5.53395,5.85417,-5.54143,0.794146,0.793975,0.041,0.0403251,-0.0756608,4.1238,32.4741
8.5569e+07,0.947472,0.486992,9.7905,2.8344,1.30599,2.67316,1.32508,5.52078,-1.44234,5.6117,-1.45828,0.137658,0.146969,0.041,0.0402453,-0.0743506,4.12397,32.48
8.5609e+07,1.01437,0.356938,9.79261,2.07639,-3.73217,2.12056,-3.73005,5.91,3.73323,5.90436,3.73406,-0.518831,-0.519363,0.043,0.0420601,-0.0668671,4.12436,32.4741
8.5629e+07,1.09318,0.315995,9.72599,1.84923,-2.28179,1.86713,-2.28811,6.40963,2.20651,6.2955,2.21637,-0.274556,-0.276621,0.043,0.042244,-0.0662266,4.1245,32.4624
8.5649e+07,1.04303,0.325628,9.74742,1.90249,0.680041,1.89982,0.669232,6.10436,-0.709518,6.26819,-0.697867,0.183459,0.179115,0.043,0.0422425,-0.06752,4.12345,32.4741
8.5669e+07,1.03826,0.313586,9.76165,1.82964,2.43577,1.91534,2.43185,6.0681,-2.74005,6.08581,-2.7364,0.351398,0.351389,0.042,0.041351,-0.0701837,4.12364,32.4594
8.5769e+07,1.04781,0.308769,9.75214,1.80311,-0.159654,1.86679,-0.167089,6.12953,0.130177,6.17277,0.136487,0.000252962,-0.00126724,0.043,0.0422779,-0.0641236,4.12361,32.4712
8.5809e+07,1.0454,0.395472,9.81164,2.29516,1.38233,2.22478,1.385,6.07684,-1.70188,6.07145,-1.70246,0.213993,0.215319,0.042,0.0412759,-0.0672683,4.12412,32.4653
8.5829e+07,0.99287,0.381022,9.77367,2.2211,0.603705,2.22745,0.609061,5.79619,-0.663717,5.81585,-0.66853,0.168192,0.168885,0.042,0.0412805,-0.06713,4.12427,32.5035
8.5849e+07,1.02151,0.424373,9.78559,2.4698,-0.770341,2.37836,-0.766147,5.95394,0.832467,5.88988,0.827087,-0.0150142,-0.0163587,0.041,0.0403756,-0.0693109,4.12442,32.4859
8.5869e+07,1.01676,0.328037,9.82817,1.90152,-1.38103,2.03499,-1.37811,5.9032,1.36682,5.89287,1.3665,-0.244022,-0.240416,0.041,0.0402863,-0.0686072,4.12455,32.4771
8.5889e+07,1.05498,0.296727,9.76398,1.73062,-0.571868,1.87838,-0.576631,6.16394,0.664528,6.11214,0.668127,0.0155202,0.0101122,0.041,0.0402713,-0.0681196,4.12468,32.5006
8.5969e+07,1.02868,0.405106,9.84253,2.34414,-0.526066,2.28096,-0.522415,5.96153,0.466054,5.92716,0.459805,-0.137152,-0.130158,0.042,0.0411922,-0.0633369,4.12536,32.4947
8.5989e+07,1.02392,0.352121,9.74985,2.05706,-1.22836,2.12237,-1.22944,5.99129,1.25995,5.98215,1.25931,-0.0760828,-0.0761131,0.042,0.0412931,-0.0628842,4.12554,32.4918
8.6009e+07,1.06213,0.320811,9.79251,1.86546,-0.83141,1.99204,-0.83502,6.18704,0.863001,6.08438,0.866588,-0.0913501,-0.0901434,0.042,0.0413025,-0.0628096,4.12579,32.4918
8.60298e+07,1.03585,0.390655,9.81401,2.26693,0.313628,2.08903,0.307115,6.02041,-0.449976,6.0589,-0.44227,0.0155202,0.018925,0.041,0.0403968,-0.0652814,4.12417,32.4976
8.6051e+07,0.904523,0.36898,9.64314,2.1817,0.802178,2.13857,0.786531,5.35475,-0.846923,5.6094,-0.865355,-0.534098,-0.504664,0.041,0.040313,-0.0655437,4.12432,32.5035
8.60711e+07,1.00004,0.349712,9.72375,2.04894,0.222025,2.45634,0.362965,5.86819,-0.96906,6.59557,-0.909779,0.687276,0.140124,0.041,0.0402653,-0.0647033,4.12429,32.4888
8.6092e+07,1.01439,0.267826,9.74735,1.56546,0.603705,2.01463,0.573527,5.93907,0.695062,5.78069,0.654423,1.06896,1.059,0.041,0.0403167,-0.0629826,4.12393,32.5065
8.6112e+07,0.914106,0.255784,9.65008,1.51156,-1.07568,1.59976,-1.07733,5.40932,1.12254,5.54162,1.08977,0.107123,0.0873143,0.041,0.0403353,-0.0635559,4.12358,32.4976
8.6132e+07,0.978567,0.294319,9.79016,1.71341,-1.22836,1.82597,-1.22804,5.70543,0.54239,5.86827,0.520682,-0.747839,-0.726454,0.041,0.0403251,-0.0629091,4.12224,32.5035
8.6152e+07,0.861554,0.325628,9.69534,1.91607,0.389964,1.80262,0.375529,5.07527,0.206512,5.28679,0.16981,-0.427228,-0.441886,0.041,0.0403384,-0.0635552,4.12105,32.4712
8.6172e+07,1.03112,0.229292,10.2411,1.27615,2.95485,1.65641,2.8843,5.74797,0.588192,4.91852,0.524177,-0.640968,-0.629921,0.041,0.0403511,-0.0626319,4.10752,32.4888
8.6192e+07,1.05976,0.27746,9.84942,1.60435,3.93195,1.60498,3.83222,6.13876,1.25995,6.3963,1.18765,0.992619,0.987767,0.042,0.040658,-0.0615721,4.07136,32.5094
8.6212e+07,0.73268,0.0775616,8.95667,0.494497,1.09225,1.6284,1.01421,4.67636,-3.56448,5.27708,-3.54907,2.33613,2.2202,0.042,0.0412469,-0.0611999,4.02773,32.5182
8.6232e+07,2.18455,-0.134379,9.18301,-0.815616,-3.76271,1.156,-3.72405,13.38,-3.85456,9.5025,-3.78199,0.626207,0.554279,0.042,0.041226,-0.0556848,3.98696,32.4947
8.6252e+07,2.45183,0.405106,8.13898,2.72854,-1.91538,2.72711,-1.86297,16.7451,4.03857,9.46705,3.97552,-0.473029,-0.589998,0.042,0.0412694,-0.0546453,3.94958,32.4947
8.6272e+07,4.92452,4.43438,8.90543,23.5454,3.56554,10.3606,3.46313,26.3357,-1.94616,12.994,-1.98519,-0.946312,-0.901839,0.042,0.0407415,-0.053998,3.916,32.4771
8.6332e+07,-1.82108,4.24412,21.9716,10.8964,11.7487,8.57605,11.8203,-4.65243,-8.46524,-0.888625,-8.39409,-14.183,-14.2704,0.041,0.0396626,0.0476373,3.8302,32.4888
8.6352e+07,1.5772,2.87132,12.9942,12.3724,4.13042,9.92718,4.07879,6.75904,11.1683,0.842726,11.0271,-2.99211,-3.10171,0.041,0.0407653,0.0992067,3.80597,32.5035
8.6372e+07,1.84542,0.0703363,9.54688,0.414445,-1.77797,2.1725,-1.77467,10.9401,2.75613,13.2047,2.73098,-10.9005,-10.8466,0.042,0.0407997,0.0961627,3.78405,32.4771
8.6392e+07,-0.313609,1.57078,10.7098,8.34042,-11.6406,3.89257,-11.5739,-1.65954,6.89354,-0.284644,6.83147,-8.28982,-8.184,0.042,0.0422809,0.090968,3.76559,32.4329
8.6412e+07,1.51347,0.202799,9.41917,1.2178,-2.89248,3.88268,-2.93566,9.12616,4.02331,6.15122,3.94977,-13.6486,-13.4841,0.042,0.0423209,0.0831195,3.74856,32.4771
8.6432e+07,0.123947,-0.519725,10.4306,-2.8523,-8.57187,-0.725853,-8.49773,0.679967,-16.1446,4.73613,-15.9335,-12.1219,-12.269,0.04,0.0415487,0.0749366,3.73322,32.4212
8.6452e+07,0.503579,-0.396896,9.61615,-2.36025,-21.778,0.196359,-21.6186,2.99519,-21.3507,4.36086,-21.1087,-16.015,-16.0702,0.04,0.0404054,0.0630451,3.72017,32.4476
8.6472e+07,-0.778911,0.395472,10.5896,2.13298,-24.6329,0.0483203,-24.4832,-4.20387,-25.5339,1.02339,-25.1598,-19.1753,-19.1703,0.04,0.0403217,0.0610976,3.70777,32.4506
8.6492e+07,-0.525604,-0.310193,12.1481,-1.46132,-9.41156,-1.44117,-9.37143,-2.47663,0.237047,0.400714,0.211332,-23.3127,-23.1905,0.039,0.0400509,0.0714435,3.6965,32.4447
8.6513e+07,-0.556956,0.804902,12.5891,3.65473,14.8632,0.345528,14.7113,-2.52801,7.67216,0.420081,7.65869,-25.9845,-25.9665,0.039,0.0396184,0.0965249,3.68604,32.4241
8.6534e+07,1.07642,0.477358,10.0943,2.69226,13.1533,1.39796,12.9875,6.08007,11.6111,3.84745,11.5092,-27.5723,-27.6256,0.039,0.0396505,0.109357,3.67662,32.4035
8.6555e+07,-0.454045,-0.0380423,11.5549,-0.188489,0.664773,0.218056,0.679823,-2.25024,13.7943,0.642347,13.6638,-30.3509,-30.3583,0.034,0.0368062,0.118277,3.66775,32.3888
8.6575e+07,1.0339,-1.19649,10.2056,-6.65301,-5.28942,-3.10604,-5.22705,5.74567,5.38209,3.67165,5.32086,-31.557,-31.5265,0.034,0.0349873,0.124862,3.65932,32.3712
8.6595e+07,1.22923,0.515893,10.5406,2.78319,-3.28943,1.61918,-3.26811,6.64385,-0.312572,5.2203,-0.325953,-35.2364,-35.1967,0.034,0.034868,0.138048,3.6514,32.3653
8.66753e+07,-0.527877,-0.72444,10.9936,-3.76583,-14.8619,-1.4307,-14.6668,-2.74311,8.51186,-0.488271,8.46714,-38.9768,-39.0406,0.048,0.0441883,0.229064,3.64308,32.3094
8.6696e+07,-0.807424,-0.112703,10.3181,-0.6239,-24.4803,-1.76455,-24.2669,-4.47418,8.08438,-0.645191,8.04138,-40.3051,-40.2826,0.048,0.0490757,0.245748,3.63571,32.3271
8.6716e+07,-0.00756994,0.147406,11.0539,0.764005,-11.3047,-1.14275,-11.2665,-0.0392339,13.8706,0.384539,13.78,-40.9616,-40.8879,0.048,0.0496074,0.246158,3.62889,32.3182
8.6736e+07,-0.348989,-0.0043245,10.2586,-0.0241391,9.38233,-0.873104,9.25538,-1.94841,14.2828,-0.376207,14.2342,-40.5188,-40.5542,0.066,0.0562471,0.25842,3.62241,32.3153
8.6756e+07,1.1414,-1.36267,9.23892,-8.32778,19.0465,-3.21517,18.9634,6.96816,6.9088,3.0838,6.86734,-40.7478,-40.7518,0.066,0.0666275,0.275614,3.61574,32.3124
8.6776e+07,-0.728318,-1.21817,9.98153,-6.93981,9.29073,-3.17753,9.3569,-4.14265,-8.43471,-0.645772,-8.31764,-40.7326,-40.8028,0.066,0.0676519,0.263821,3.6084,32.3006
8.6796e+07,0.985599,0.768776,9.41341,4.64361,0.4663,2.19676,0.389009,5.95749,-9.56448,0.379808,-9.56762,-42.412,-42.3364,0.083,0.0739351,0.282814,3.60285,32.2682
8.6816e+07,0.162152,-0.519725,9.61862,-3.09243,-23.152,-2.19386,-22.9302,0.964403,-11.8393,0.319375,-11.7386,-40.1371,-40.1414,0.083,0.0838901,0.298091,3.59733,32.2624
8.6836e+07,-0.850328,-0.392079,10.8638,-2.06064,-21.8543,-2.43945,-21.6556,-4.47261,-6.66372,-0.762227,-6.58838,-41.2059,-41.1955,0.083,0.0847701,0.28004,3.59184,32.28
8.6856e+07,-0.0695996,-0.0476759,9.00228,-0.303426,0.588438,-1.13603,0.48551,-0.442957,-0.404175,0.467368,-0.39789,-39.4807,-39.562,0.103,0.0921148,0.280731,3.58662,32.28
8.68764e+07,1.57081,0.0944205,8.64258,0.615845,21.0923,-0.994351,20.8252,10.3006,-0.205701,4.69196,-0.285648,-40.5036,-40.4082,0.103,0.103493,0.291289,3.61145,32.2535
8.6897e+07,-0.957928,0.137772,11.0024,0.714713,18.4205,-1.76319,18.3674,-4.97552,-12.221,-1.17333,-12.1004,-39.6028,-39.5968,0.103,0.104618,0.278244,3.60542,32.2624
8.6917e+07,1.58064,-0.902663,9.27489,-5.48019,6.89378,-3.23928,6.92091,9.62686,-18.6179,4.26045,-18.5298,-38.931,-38.9464,0.122,0.111511,0.277847,3.59985,32.2271
8.6937e+07,0.33397,-0.134379,9.97997,-0.771001,-14.7856,-1.24964,-14.691,1.91646,-35.6408,1.75037,-35.3448,-37.6944,-37.7552,0.122,0.122649,0.299749,3.5944,32.2124
8.6957e+07,1.73593,-1.19167,11.4657,-5.86726,-40.3581,-3.2291,-39.9718,8.56384,-47.0301,6.24478,-46.6863,-38.5341,-38.5593,0.122,0.123475,0.309182,3.58956,32.2388
8.6977e+07,2.95817,0.010126,12.2952,0.0458781,-31.8085,-1.44548,-31.7389,13.528,-54.0836,9.42789,-53.7951,-40.5341,-40.5272,0.136,0.128143,0.361396,3.58394,32.2182
8.6997e+07,0.427391,-1.1989,12.984,-5.27271,-25.549,-3.94037,-25.3232,1.87734,-38.3584,3.87968,-38.19,-40.8089,-40.8813,0.136,0.136892,0.427264,3.57861,32.2271
8.7017e+07,0.785273,-0.139196,9.73265,-0.81673,9.56554,-0.542506,9.4237,4.61241,-2.96906,4.00378,-3.05579,-40.1982,-40.2526,0.136,0.138321,0.427036,3.57413,32.2006
8.7097e+07,-0.148199,-0.762975,8.29843,-5.25229,-12.3734,-3.00048,-12.273,-1.01883,-17.9767,2.00221,-17.7639,-35.6486,-35.7965,0.186,0.171512,0.367617,3.55677,32.1594
8.7197e+07,-0.637807,-0.401713,9.35121,-2.45413,25.5808,-2.04927,25.4684,-3.89828,19.321,-0.648413,19.1777,-29.0379,-29.0731,0.212,0.213515,0.259927,3.53957,32.1241
8.7217e+07,-0.685614,-0.22349,9.15923,-1.39387,10.5274,-2.2714,10.5777,-4.27962,11.55,-1.28129,11.4284,-29.786,-29.7206,0.231,0.220307,0.23785,3.53628,32.1065
8.7237e+07,2.14181,-1.01345,6.99972,-7.88239,-5.41156,-5.72204,-5.32907,16.8478,-10.2515,9.35903,-10.1715,-30.1982,-30.1504,0.231,0.22952,0.216571,3.53359,32.1241
8.7397e+07,-0.279705,-0.134379,10.3034,-0.746945,-12.8619,-2.01151,-12.7904,-1.55489,-30.6179,0.600265,-30.2894,-30.5036,-30.4845,0.267,0.261133,0.141375,3.51761,32.0918
8.7418e+07,0.78776,-0.495641,10.131,-2.79246,-1.76271,-3.49416,-1.79546,4.44095,-39.3355,2.68314,-39.056,-31.8318,-31.8632,0.267,0.266649,0.15909,3.5166,32.0771
8.7439e+07,0.71157,-1.29042,11.4308,-6.42847,-0.907746,-4.05282,-0.839646,3.53965,-32.511,3.6146,-32.3384,-33.2975,-33.2651,0.267,0.267304,0.170971,3.51573,32.0682
8.7459e+07,0.9908,-0.762975,11.0682,-3.92774,2.49683,-3.22187,2.46792,5.10332,-17.5797,4.30284,-17.5005,-32.3051,-32.3448,0.275,0.272075,0.198256,3.51491,32.0535
8.7479e+07,1.17974,-1.83954,9.66311,-10.7007,-5.68637,-7.77105,-5.67459,6.83899,8.89354,4.95992,8.74103,-31.099,-31.134,0.275,0.274196,0.206621,3.51379,32.0653
8.7499e+07,1.23425,-0.380037,9.0481,-2.38307,7.10752,-2.04348,6.97683,7.76103,19.9012,4.19683,19.6829,-29.6486,-29.6932,0.275,0.275497,0.202763,3.51179,31.9976
8.7519e+07,-0.270354,0.583328,9.92466,3.36248,12.2373,-0.254109,12.1035,-1.5577,11.4279,0.506384,11.3963,-29.786,-29.8005,0.287,0.28312,0.212361,3.51066,32.0565
8.7539e+07,-0.453867,-0.676272,10.0937,-3.82918,9.535,-2.41854,9.52634,-2.56883,-4.26677,-0.314873,-4.20542,-29.1753,-29.1912,0.287,0.287758,0.213368,3.50975,32.03
8.7559e+07,1.25593,-1.04958,9.03276,-6.56525,1.5808,-3.61392,1.65205,7.86351,-17.1217,3.62579,-17.0287,-29.2975,-29.2203,0.287,0.287777,0.193492,3.5077,32.0124
8.758e+07,0.391193,0.17149,9.48895,1.03449,-1.77797,-0.085221,-1.77094,2.36036,-22.6943,1.75779,-22.5734,-28.4578,-28.4632,0.299,0.295234,0.200727,3.5066,31.9947
8.76e+07,-0.943458,-0.37522,10.4152,-2.05486,-9.64057,-3.08857,-9.47943,-5.17267,-14.7248,-0.703364,-14.6087,-26.6104,-26.6177,0.299,0.299203,0.196023,3.50607,32.0006
8.762e+07,-0.0143458,-1.24707,9.35169,-7.59568,-2.54133,-4.30956,-2.48522,-0.0871223,1.94697,0.554244,1.91458,-24.9921,-25.0549,0.299,0.299602,0.175018,3.50572,31.9918
8.764e+07,-0.702338,-0.189772,8.80079,-1.23137,2.63424,-2.53902,2.65368,-4.56171,10.1607,-0.774815,10.1257,-24.8394,-24.8617,0.308,0.304887,0.163976,3.50531,32.0065
8.766e+07,0.448769,-0.791876,9.6488,-4.6867,7.91668,-3.61534,7.88374,2.65402,6.45079,2.21509,6.42869,-25.4043,-25.3867,0.308,0.308105,0.152697,3.50493,31.9888
8.768e+07,1.44914,-0.298151,8.66105,-1.94458,10.7564,-2.10658,10.7097,9.49303,-7.137,6.92398,-7.07075,-25.0226,-25.022,0.308,0.307521,0.126448,3.50405,31.9771
8.77e+07,-0.172531,0.867521,9.54278,5.19356,5.10752,1.61836,5.0006,-1.03153,-22.6332,0.809959,-22.4435,-26.244,-26.2537,0.316,0.313171,0.130808,3.50339,31.9682
8.772e+07,-0.0741891,-0.717215,10.0079,-4.09898,-9.77797,-3.49548,-9.70008,-0.423643,-20.2057,0.0945225,-20.0934,-25.3433,-25.3167,0.316,0.316014,0.123915,3.50309,31.9418
8.774e+07,-0.499355,-0.249983,9.48904,-1.50699,-7.73217,-1.68879,-7.65512,-3.01133,-12.1294,-0.853033,-12.0541,-24.7326,-24.7788,0.316,0.316458,0.109102,3.50282,31.9535
8.776e+07,-0.723917,0.130547,10.0502,0.742279,1.88615,-1.69122,1.80677,-4.11958,2.32865,-1.42883,2.32781,-22.7173,-22.7964,0.328,0.323436,0.119822,3.50272,31.9712
8.778e+07,0.49164,-0.396896,9.76573,-2.32438,12.7258,-1.93513,12.6288,2.87966,12.7256,1.96866,12.6246,-23.2975,-23.2912,0.328,0.328003,0.121276,3.50187,31.98
8.78e+07,-0.365868,0.585737,9.74668,3.4367,12.1457,0.44818,12.0178,-2.14587,5.27521,0.0582246,5.30082,-23.3127,-23.3171,0.328,0.328474,0.119082,3.50199,31.9418
8.78202e+07,0.0449786,0.0896036,10.085,0.509043,5.70294,-1.32379,5.60675,0.255524,-6.92326,0.662683,-6.82334,-23.2822,-23.2951,0.332,0.330798,0.121703,3.5005,31.9653
8.784e+07,0.291208,-0.924339,9.4944,-5.55798,-3.54897,-2.67901,-3.5218,1.74854,-15.5492,1.14753,-15.4512,-24.931,-24.9209,0.332,0.332304,0.11802,3.49959,31.9182
8.786e+07,0.653886,0.0607027,9.60963,0.36109,-3.68637,-1.24847,-3.76053,3.89261,-16.1752,1.69625,-16.0707,-24.6104,-24.5701,0.332,0.332434,0.116632,3.49958,31.9065
8.788e+07,-0.279463,-1.00622,10.1406,-5.66465,-1.01462,-3.73777,-0.975524,-1.5709,-10.4958,-0.519764,-10.4115,-22.5646,-22.631,0.345,0.340024,0.14145,3.49922,31.9182
8.79002e+07,-0.418189,-0.172913,10.5527,-0.938007,10.7564,-2.0972,10.6455,-2.26905,0.572925,-0.490202,0.549236,-22.641,-22.6403,0.345,0.34504,0.163061,3.49939,31.9271
8.7921e+07,0.045292,-1.03753,9.67012,-6.12393,6.68004,-4.75089,6.71698,0.266823,8.05384,1.087,8.01051,-22.0761,-22.1118,0.345,0.345165,0.155335,3.49947,31.8859
8.7963e+07,0.809036,0.275051,9.21809,1.70256,-2.26652,0.465727,-2.33959,5.01356,5.10728,2.08135,5.06541,-24.5799,-24.5576,0.347,0.347709,0.136372,3.49882,31.9006
8.7983e+07,0.319851,-0.883395,9.72949,-5.1852,-17.9917,-4.24613,-17.8032,1.87518,3.77903,1.6016,3.70533,-24.5188,-24.4034,0.347,0.347222,0.119444,3.49884,31.8918
8.8003e+07,0.439264,-0.958056,9.9382,-5.50104,-3.6253,-3.38961,-3.61448,2.51914,-2.57211,1.62844,-2.57303,-22.6868,-22.7398,0.355,0.353304,0.12907,3.49878,31.9035
8.8023e+07,0.143021,-0.418572,9.37663,-2.55568,11.764,-1.61966,11.6733,0.872994,-7.94616,0.824169,-7.88459,-22.412,-22.501,0.355,0.355469,0.127446,3.49871,31.8829
8.8123e+07,-0.736079,0.93014,10.4574,5.07033,5.74874,0.522231,5.63339,-4.01051,2.08437,-1.49663,2.10564,-25.0532,-25.0208,0.371,0.36946,0.149264,3.49855,31.8712
8.8143e+07,0.751995,-0.685906,9.55374,-4.09385,3.21439,-1.90608,3.24258,4.48909,1.62636,2.20843,1.58135,-24.473,-24.5286,0.371,0.371478,0.144032,3.49816,31.8182
8.8223e+07,-0.960243,-0.124745,10.0713,-0.706436,-3.86958,-1.73501,-3.73877,-5.44594,6.7256,-2.00898,6.67764,-26.641,-26.6112,0.379,0.379568,0.135438,3.49923,31.8182
8.8243e+07,-0.585442,0.200391,10.658,1.07553,3.09225,-1.28778,3.04294,-3.14355,3.30575,-0.758043,3.34096,-27.1448,-27.1643,0.389,0.38702,0.157866,3.49966,31.8065
8.8423e+07,0.835464,-0.305376,9.48542,-1.83685,17.4892,-2.35374,17.329,5.03095,7.47369,3.5257,7.41983,-32.0761,-32.0371,0.416,0.414044,0.166074,3.50132,31.7624
8.8443e+07,-0.68588,0.735058,10.5402,3.98088,11.8709,0.174201,11.715,-3.71415,2.08437,-1.30702,2.12422,-32.5036,-32.5312,0.416,0.416503,0.171602,3.50122,31.7447
8.8463e+07,0.0931224,-1.30246,9.21618,-8.04355,-7.83904,-4.36007,-7.68825,0.573215,0.832467,0.499177,0.843037,-31.557,-31.6085,0.416,0.416528,0.156227,3.50129,31.7565
8.8483e+07,-0.258355,0.36898,9.68451,2.18114,-8.95355,-0.566189,-8.94476,-1.52702,-1.90036,-0.573246,-1.86194,-33.5265,-33.4973,0.428,0.425751,0.1771,3.50135,31.73
8.8503e+07,0.69004,-1.15073,9.31325,-7.02461,-6.05278,-4.06319,-5.99803,4.20557,3.62636,1.66671,3.57215,-34.0303,-34.0053,0.428,0.428271,0.169092,3.50175,31.7682
8.8543e+07,-0.0718829,-0.423389,10.4689,-2.31586,1.73348,-2.72809,1.78522,-0.393082,6.32865,0.471046,6.26656,-33.7097,-33.6055,0.438,0.436074,0.172399,3.50037,31.7212
8.8563e+07,-0.250818,-0.974915,9.80344,-5.67733,1.51974,-2.50601,1.59787,-1.45838,5.82483,-0.345664,5.77583,-32.1371,-32.1431,0.438,0.438603,0.17061,3.50048,31.6682
8.8583e+07,-1.02714,0.00290074,9.99799,0.0165363,-3.13675,-2.56296,-3.05424,-5.86567,5.90117,-0.930602,5.8832,-32.9921,-32.9797,0.438,0.438027,0.157455,3.50042,31.6918
8.8603e+07,0.730642,-1.17963,9.42951,-7.10956,-5.36576,-4.18963,-5.28644,4.39655,7.25995,1.41262,7.1793,-33.3127,-33.2443,0.447,0.443668,0.161476,3.50027,31.7035
8.8623e+07,0.91169,0.356938,9.13029,2.2277,0.84798,-0.165414,0.714524,5.69796,3.77903,1.47653,3.74513,-33.3585,-33.3264,0.447,0.44727,0.162385,3.49921,31.6976
8.8644e+07,-0.817136,0.465316,10.4069,2.55227,-0.861944,-0.734539,-0.847056,-4.48511,-0.220968,-1.19376,-0.173767,-33.3891,-33.3258,0.447,0.447544,0.149169,3.49921,31.68
8.8664e+07,-0.33926,-0.642554,9.4764,-3.87657,-0.0680509,-2.27772,-0.035751,-2.04565,3.71796,-0.958491,3.68936,-32.7784,-32.7723,0.459,0.454878,0.15784,3.49929,31.7182
8.8684e+07,0.36261,-0.0862106,8.85939,-0.55706,7.85561,-0.236769,7.70122,2.34367,5.41262,0.279022,5.37998,-32.7326,-32.7333,0.459,0.459438,0.157197,3.4992,31.6947
8.8704e+07,-0.339734,1.0626,10.3101,5.88119,3.97775,0.579338,3.86529,-1.87736,11.0004,-1.35109,10.9414,-32.931,-32.9497,0.459,0.459443,0.144077,3.49836,31.6682
8.8825e+07,0.405485,0.296727,8.72463,1.9458,0.25256,1.13669,0.231579,2.65942,6.05384,1.09788,5.97068,-32.702,-32.6976,0.475,0.475497,0.102669,3.49575,31.6535
8.8845e+07,-0.552182,0.812128,10.3574,4.47709,-0.72454,0.400232,-0.792555,-3.0424,7.15308,-0.912086,7.1519,-31.5417,-31.6138,0.482,0.479543,0.108731,3.49567,31.6594
8.8865e+07,-0.17703,-0.129562,9.32513,-0.795864,-5.65584,-1.05385,-5.59589,-1.08748,11.0615,-0.678991,10.9844,-30.6868,-30.6336,0.482,0.482288,0.104232,3.49585,31.6447
8.8885e+07,0.72116,-1.43011,8.40582,-9.62076,-7.36576,-6.46077,-7.33073,4.83443,11.779,2.20936,11.6897,-30.931,-30.8856,0.482,0.48106,0.0855205,3.49568,31.6594
8.8905e+07,0.283822,-0.124745,9.88981,-0.722365,-1.31996,-0.0768695,-1.35351,1.64372,3.7943,0.342018,3.77431,-29.2669,-29.2651,0.488,0.485882,0.0956564,3.49603,31.6241
8.8925e+07,-0.516364,0.809719,10.3478,4.46874,-0.190188,2.55444,-0.199996,-2.84803,-2.43471,-1.55395,-2.38828,-28.2898,-28.3247,0.488,0.487961,0.0932672,3.49619,31.6329
8.8945e+07,-0.523443,0.503851,9.64697,2.9854,-4.465,1.05493,-4.46227,-3.10159,0.664528,-1.92663,0.669113,-27.3891,-27.3827,0.488,0.488324,0.0841539,3.49592,31.6447
8.8965e+07,0.00906527,0.434007,9.98354,2.48921,-7.13675,-0.0348694,-7.11918,0.0519767,5.56529,-0.0719295,5.5424,-26.4272,-26.4443,0.493,0.491272,0.085812,3.49574,31.6418
8.8985e+07,0.536927,-0.103069,9.29369,-0.634341,-5.91538,-1.39217,-5.87902,3.30629,8.14544,2.66644,8.09154,-25.4501,-25.459,0.493,0.492799,0.0753115,3.49583,31.6476
8.9005e+07,-0.246176,-0.493232,9.33886,-3.02222,-5.76271,-1.65261,-5.72942,-1.50789,3.87063,0.0852867,3.83313,-24.0455,-24.1138,0.493,0.493204,0.0676077,3.496,31.63
8.9025e+07,0.713966,-1.32173,8.56745,-8.74023,-1.88484,-3.59584,-1.8295,4.70828,-2.44998,1.93624,-2.45258,-23.7249,-23.7319,0.5,0.496921,0.0682852,3.49498,31.6329
8.9046e+07,-0.184282,0.188349,9.03599,1.19387,-1.22836,-0.252107,-1.2221,-1.16808,-7.47288,-0.256762,-7.39023,-22.8547,-22.8785,0.5,0.499835,0.063497,3.49477,31.6212
8.9067e+07,-0.766788,-0.266842,9.34916,-1.62941,-6.37339,-0.721092,-6.27094,-4.68682,2.00804,-2.3723,1.99434,-20.8242,-20.8566,0.5,0.500074,0.0544687,3.49432,31.6035
8.9148e+07,0.150345,-0.994183,9.05755,-6.26302,-7.16729,-2.55733,-7.04069,0.94528,-2.95379,0.790537,-2.96157,-19.7555,-19.7282,0.506,0.504928,0.0372895,3.50599,31.6182
8.9168e+07,0.236245,-0.7702,9.64902,-4.5624,-6.75507,-2.68846,-6.67792,1.39809,-4.23624,0.795908,-4.23432,-20.244,-20.1903,0.506,0.505806,0.030996,3.50582,31.6271
8.9248e+07,-0.000688962,1.16376,9.87787,6.7193,0.893781,2.11175,0.789704,-0.00396882,1.50422,-0.339266,1.56523,-16.8089,-16.8609,0.509,0.508781,0.0190414,3.50332,31.6006
8.9268e+07,-0.380248,0.77841,9.42173,4.71914,1.88615,0.873966,1.827,-2.30329,-7.51868,-0.12014,-7.43664,-16.473,-16.4956,0.512,0.511012,0.0174662,3.50278,31.5741
8.9448e+07,0.792266,0.47495,9.63629,2.81222,-7.39629,0.472934,-7.45853,4.69444,-1.21333,1.88806,-1.20551,-15.099,-15.0604,0.514,0.513906,-0.0174948,3.50019,31.5388
8.9468e+07,0.503237,0.833803,9.70122,4.90584,-6.06805,1.4291,-6.12121,2.95859,3.53476,0.977735,3.49111,-15.9081,-15.8054,0.514,0.51363,-0.0206022,3.49997,31.5682
8.9488e+07,-0.726102,-0.599203,9.80682,-3.48694,-10.8314,-2.28984,-10.78,-4.22663,7.33628,-2.7367,7.28427,-14.1372,-14.1331,0.514,0.513314,-0.0215155,3.4996,31.5594
8.9508e+07,-0.155382,-0.693131,9.87028,-4.01645,-1.68637,-2.19092,-1.64562,-0.899686,4.03857,0.322621,4.03744,-13.8623,-13.862,0.513,0.512795,-0.0266031,3.49941,31.53
8.9548e+07,-0.300897,-1.20853,9.68439,-7.10987,-7.22836,-3.1668,-7.05003,-1.76594,-7.0454,-0.696615,-6.99248,-13.5265,-13.6109,0.513,0.512143,-0.0295821,3.49881,31.5506
8.9568e+07,0.00470069,-1.04476,9.45172,-6.30767,-11.0451,-1.93646,-10.8744,0.0283228,-4.70952,0.775119,-4.73193,-14.7173,-14.7003,0.513,0.512346,-0.0278647,3.499,31.53
8.9588e+07,-0.239415,0.956633,10.0629,5.42897,-6.09859,3.0749,-6.07756,-1.3568,-0.343106,-0.843404,-0.360941,-14.6562,-14.6998,0.513,0.512278,-0.0250936,3.49867,31.5506
8.9608e+07,0.247772,0.710974,10.0146,4.05958,-5.82378,0.610058,-5.87365,1.41371,3.87063,1.02045,3.8696,-14.6715,-14.6835,0.513,0.512545,-0.0243935,3.49878,31.5476
8.9628e+07,0.0758786,0.600187,10.1215,3.39349,-3.74744,-0.0334756,-3.75783,0.428774,3.00041,0.475516,3.00414,-15.1295,-15.1095,0.511,0.510977,-0.0305456,3.49872,31.5241
8.9648e+07,0.0309502,-0.984549,9.59424,-5.85908,-6.06805,-2.23088,-5.93601,0.183865,-0.953793,0.420116,-0.963023,-15.2059,-15.1925,0.511,0.510573,-0.0258843,3.49748,31.5271
8.9668e+07,0.3557,-0.996591,9.7364,-5.84042,-7.31996,-2.11634,-7.2171,2.08139,-2.51104,0.833094,-2.53636,-15.3127,-15.2976,0.511,0.510538,-0.0241245,3.49723,31.5271
8.9688e+07,0.656586,-1.06403,9.63156,-6.28959,-11.5184,-2.36105,-11.3712,3.87633,-0.846923,1.66184,-0.882506,-15.786,-15.7253,0.511,0.51046,-0.0231368,3.49733,31.5182
8.9708e+07,-0.330013,0.453274,9.55412,2.71462,-10.7398,0.645193,-10.7038,-1.97607,-1.54921,-0.605087,-1.50322,-15.2059,-15.2523,0.511,0.510543,-0.0240376,3.49742,31.4859
8.9728e+07,0.00915499,0.111279,9.11643,0.699344,-5.07568,0.0833948,-5.088,0.0575338,2.51186,0.430949,2.4809,-15.2364,-15.2993,0.511,0.510736,-0.0260223,3.49768,31.5035
8.9748e+07,-0.666649,0.272643,10.5561,1.47657,-2.08332,-0.0891451,-2.07225,-3.61241,2.45079,-1.03447,2.43248,-15.8165,-15.7976,0.508,0.508272,-0.0329614,3.49691,31.4918
8.9768e+07,0.0282785,0.0366185,10.2797,0.204099,-5.54897,-0.841396,-5.46085,0.157614,-2.17517,1.33656,-2.1224,-16.2135,-16.1886,0.508,0.507472,-0.03633,3.49711,31.4771
8.9848e+07,-0.709609,0.197982,10.5227,1.07544,-8.00698,-0.255266,-7.95474,-3.85727,-0.602648,-0.688211,-0.567323,-13.6486,-13.7054,0.504,0.503509,-0.0335374,3.49621,31.4976
8.9868e+07,-0.702352,-0.136787,10.223,-0.764786,-10.007,-1.48984,-9.83591,-3.92986,0.237047,-0.566169,0.289641,-14.0608,-14.073,0.504,0.503307,-0.0371123,3.49653,31.4682
8.9888e+07,-0.776351,-0.225899,10.0829,-1.27966,-8.14439,-1.75936,-8.0087,-4.40181,-0.709518,-0.615875,-0.691491,-14.2746,-14.2653,0.504,0.503214,-0.0373713,3.49649,31.5035
8.9968e+07,-0.917338,0.149814,10.3186,0.828538,-10.4345,-0.692395,-10.3048,-5.07976,-0.343106,-1.11722,-0.325405,-13.2669,-13.289,0.501,0.500418,-0.0245591,3.4954,31.4859
8.9988e+07,-0.528045,-0.11752,10.3274,-0.651116,-5.85431,-1.1205,-5.78675,-2.92683,1.53476,-0.363157,1.54833,-13.4196,-13.4191,0.501,0.500563,-0.0217857,3.49542,31.4653
9.0008e+07,0.711294,-0.298151,9.34071,-1.82296,1.33653,-0.733313,1.27016,4.35245,-0.205701,2.43654,-0.230254,-13.557,-13.5703,0.501,0.500538,-0.0250084,3.49528,31.4594
9.0028e+07,0.668289,-0.213856,9.45485,-1.29251,-0.220723,-0.316229,-0.236225,4.04204,-4.81639,2.22962,-4.79422,-13.2975,-13.3051,0.501,0.500627,-0.0235343,3.49539,31.4418
9.0069e+07,0.19775,0.270235,9.67921,1.5989,-7.51843,0.113268,-7.47168,1.16996,-3.93089,0.743604,-3.9155,-15.0837,-14.977,0.499,0.498712,-0.0252279,3.5205,31.4388
9.0089e+07,0.271785,0.226883,9.9806,1.30176,-8.4192,-0.538238,-8.41656,1.55945,-2.35837,0.615,-2.33736,-13.6028,-13.5978,0.499,0.498597,-0.0225726,3.51859,31.43
9.0109e+07,0.26257,-0.98214,9.68664,-5.78739,-7.56423,-2.15129,-7.50631,1.54479,-0.801121,1.14763,-0.814506,-13.2364,-13.2933,0.498,0.497753,-0.0226154,3.51745,31.4506
9.0129e+07,0.145498,-0.738891,9.28114,-4.55128,-2.92301,-1.80478,-2.86314,0.895306,-1.99196,0.392432,-1.99524,-13.6944,-13.7688,0.498,0.497524,-0.0216992,3.51645,31.4329
9.0149e+07,-0.107951,0.477358,10.3493,2.64073,3.93195,-1.86241,3.8758,-0.596979,-2.95379,0.529505,-2.9014,-15.2364,-15.2252,0.498,0.496681,-0.0224509,3.51517,31.4153
9.0169e+07,-0.318119,0.614638,10.2928,3.41576,2.74111,0.1965,2.6999,-1.76714,0.481322,-0.336086,0.476221,-16.1066,-16.0339,0.494,0.494393,-0.0282085,3.5142,31.4065
9.0189e+07,0.047426,-0.124745,10.2272,-0.69882,-3.06042,-2.16669,-3.02393,0.265674,1.9775,1.30501,1.98059,-14.87,-14.9067,0.494,0.493281,-0.0342988,3.51295,31.4182
9.0269e+07,-0.0456093,-0.449881,10.0819,-2.55497,-4.12912,-2.50009,-4.03593,-0.25894,-6.70952,0.605137,-6.66319,-17.7097,-17.6715,0.489,0.488146,-0.0469802,3.51007,31.4006
9.02907e+07,-0.117514,0.518301,9.92917,2.98791,4.6037,-3.88903,-2.86274,-0.677153,-7.44234,0.628908,-5.10328,-18.9768,-19.3354,0.486,0.485799,-0.0511331,3.54076,31.4153
9.0311e+07,0.888276,-1.31209,9.19648,-8.08267,-2.6482,-4.2683,-2.58708,5.46204,-0.388907,2.81218,-0.436786,-19.3585,-19.3106,0.486,0.484851,-0.0472059,3.5386,31.3918
9.0331e+07,0.914276,-0.353544,8.9677,-2.24604,-2.77034,-1.78988,-2.78691,5.81682,4.74086,2.69233,4.65953,-19.4349,-19.3813,0.486,0.485101,-0.0439147,3.53629,31.3918
9.0351e+07,-0.551761,-0.702764,9.96795,-4.02667,-10.8161,-3.36073,-10.6284,-3.16046,3.8401,-0.188985,3.82107,-18.3204,-18.2956,0.485,0.484099,-0.0447059,3.53418,31.3771
9.0371e+07,0.0931445,-1.38194,9.1472,-8.5907,-3.54897,-4.77547,-3.46687,0.576868,1.16834,0.926246,1.14643,-17.2517,-17.2511,0.485,0.483759,-0.0499217,3.53193,31.3859
9.0391e+07,0.826318,-1.76487,9.17682,-10.8433,4.03882,-5.79288,4.09891,5.05316,-0.617915,2.53883,-0.646213,-17.8929,-17.8696,0.485,0.483288,-0.0524689,3.52962,31.4065
9.0411e+07,0.0616091,0.393064,9.44922,2.38194,12.4358,-0.493819,12.2852,0.373242,-9.21334,0.290024,-9.10023,-17.2059,-17.2756,0.481,0.480309,-0.0610637,3.52759,31.3624
9.0431e+07,0.0472459,0.523118,9.31649,3.21373,4.68004,-0.241216,4.62178,0.2901,-6.48051,0.428949,-6.43574,-19.1906,-19.1319,0.481,0.480165,-0.0642396,3.5255,31.3712
9.0491e+07,0.567714,0.814536,9.51357,4.88499,1.27546,1.52936,1.15653,3.40261,8.08438,0.997511,8.0331,-18.8089,-18.7553,0.476,0.475207,-0.0796975,3.52095,31.33
9.0511e+07,0.393984,-1.28078,9.41776,-7.73783,-4.29706,-4.31452,-4.18006,2.3737,7.58056,1.62591,7.51876,-17.7402,-17.7097,0.476,0.474685,-0.0858697,3.51936,31.3241
9.0531e+07,-0.0168448,-0.847269,9.96489,-4.85991,2.43577,-2.57567,2.49505,-0.0965053,3.56529,0.899447,3.50501,-19.1601,-19.1238,0.469,0.469001,-0.0989413,3.5175,31.3124
9.0551e+07,0.488888,0.913281,9.43544,5.52122,11.4892,2.88905,11.3992,2.9523,-4.23624,2.05299,-4.20483,-20.9921,-20.9302,0.469,0.467828,-0.101789,3.51608,31.3329
9.05712e+07,-0.523534,0.833803,10.2078,4.66361,4.58844,-0.00800216,4.46047,-2.92626,-5.82402,-0.675023,-5.74719,-20.8852,-20.9212,0.469,0.467793,-0.0966929,3.51398,31.3094
9.0592e+07,-0.544829,0.128138,9.63689,0.760582,-5.12149,-1.15264,-5.09902,-3.23553,-0.923259,-0.580984,-0.868553,-22.6715,-22.672,0.464,0.463602,-0.106787,3.5129,31.3182
9.0612e+07,0.10979,-1.13387,9.30666,-6.94588,-0.23599,-4.03497,-0.171683,0.670925,4.31338,0.140263,4.27923,-22.7784,-22.8427,0.464,0.4621,-0.110735,3.51163,31.3271
9.0632e+07,0.491749,-0.789467,8.40942,-5.35406,11.077,-2.4007,10.9773,3.332,7.99277,1.32464,7.90104,-25.3891,-25.3317,0.464,0.462672,-0.111262,3.50982,31.3329
9.0652e+07,0.890216,0.299136,9.3059,1.83276,20.6342,-0.182647,20.3526,5.46156,7.51949,1.75444,7.45385,-25.6333,-25.612,0.456,0.456021,-0.128663,3.50896,31.3094
9.0692e+07,0.0955873,-1.57943,9.42941,-9.50829,-4.05278,-4.77869,-3.89983,0.572816,-2.77059,1.4554,-2.74286,-26.0761,-26.1409,0.456,0.454052,-0.127541,3.50728,31.3212
9.0712e+07,-0.819449,0.195574,10.302,1.08415,-5.4421,-3.38487,-5.4229,-4.54706,-7.93089,-0.673679,-7.8121,-28.4578,-28.4826,0.447,0.445132,-0.154564,3.50654,31.3124
9.0732e+07,-0.0859167,-1.47827,9.06648,-9.26008,-9.39629,-5.91454,-9.19686,-0.535861,-2.1599,0.452611,-2.16372,-29.6486,-29.6088,0.447,0.444553,-0.155842,3.506,31.3241
9.0752e+07,1.08649,-1.38194,8.86856,-8.79216,5.13806,-4.83871,5.12324,6.90202,7.25995,3.00759,7.11841,-30.5799,-30.514,0.447,0.444799,-0.153758,3.50549,31.2947
9.0772e+07,-0.0839125,-0.0982526,9.75484,-0.577053,12.39,-2.6014,12.2586,-0.492829,8.83247,-0.0197135,8.75644,-30.8547,-30.8316,0.439,0.438976,-0.168873,3.50484,31.2771
9.0793e+07,-0.157711,-0.905071,10.3044,-5.01901,9.51974,-3.47908,9.53473,-0.873492,8.52712,0.409211,8.47149,-31.2822,-31.2869,0.439,0.43735,-0.164206,3.50465,31.2624
9.0813e+07,-0.0843036,1.30826,10.6735,6.9877,13.0312,1.14623,12.8277,-0.449172,3.12254,0.439735,3.15064,-32.6562,-32.6254,0.439,0.437343,-0.15611,3.5037,31.2624
9.0834e+07,0.0954587,-1.11701,9.27583,-6.86623,-4.4192,-4.24085,-4.27984,0.585388,1.51949,1.01927,1.53,-33.3891,-33.371,0.427,0.428191,-0.180147,3.50297,31.3124
9.0855e+07,-0.293951,-0.425797,9.55031,-2.55161,-6.44973,-2.86784,-6.41521,-1.76122,-3.15227,-0.428012,-3.09151,-32.9768,-33.0304,0.427,0.42537,-0.17859,3.50295,31.2506
9.0875e+07,0.341166,-0.252391,9.10131,-1.58736,0.725842,-1.73603,0.619132,2.14592,-2.78585,1.09941,-2.74448,-33.9081,-33.9279,0.427,0.425261,-0.174015,3.50268,31.2624
9.0895e+07,0.0424749,0.506259,10.3184,2.80887,6.35943,-0.987372,6.24319,0.235569,0.0843751,0.101324,0.0911929,-35.4959,-35.4321,0.414,0.414211,-0.19825,3.50225,31.2565
9.0915e+07,1.16745,-0.565485,8.70835,-3.68249,13.1533,-1.36262,13.0296,7.61972,7.27521,2.41441,7.16974,-35.9081,-35.8503,0.414,0.41237,-0.192641,3.50168,31.2829
9.0935e+07,-0.676385,0.939774,10.6758,5.02066,13.6571,-0.0355213,13.4718,-3.6113,7.8401,-1.25293,7.80583,-34.4578,-34.487,0.414,0.412093,-0.181403,3.50131,31.2388
9.0975e+07,0.522574,-0.00914133,9.37933,-0.0557554,6.26783,-1.51049,6.11435,3.18897,0.710329,1.58869,0.72776,-34.7173,-34.7421,0.404,0.402041,-0.196963,3.49942,31.2535
9.0996e+07,-0.272518,-0.221082,10.2225,-1.2385,-2.81614,-3.1964,-2.74249,-1.5267,-1.53395,0.596223,-1.51089,-34.1219,-34.1084,0.404,0.401661,-0.189786,3.49933,31.2388
9.1096e+07,-0.336946,-0.377629,10.4787,-2.06284,7.76401,-2.95251,7.78187,-1.84053,5.7943,0.16119,5.78279,-32.4272,-32.4024,0.376,0.373676,-0.238703,3.49845,31.2535
9.11764e+07,-0.0291167,0.349712,9.98106,2.00668,-2.92301,-1.29205,-2.9416,-0.16704,11.6264,0.351086,11.5357,-34.0303,-33.9231,0.362,0.359884,-0.233436,3.51566,31.2182
9.1197e+07,0.0307882,-0.401713,10.571,-2.17627,-1.96118,-2.43301,-1.88553,0.166754,11.2447,1.3141,11.1685,-33.4807,-33.4913,0.348,0.347989,-0.254365,3.51467,31.2212
9.1298e+07,-0.475306,-0.86172,9.5189,-5.16633,-1.04515,-3.8474,-0.90015,-2.84695,5.7485,-0.315311,5.70231,-35.9081,-35.8981,0.338,0.335744,-0.231831,3.51081,31.2035
9.14e+07,-0.0934257,-0.235532,10.3767,-1.30024,6.40523,-1.57129,6.40372,-0.515712,1.42789,-0.180958,1.3793,-41.6639,-41.6319,0.307,0.305146,-0.235546,3.50702,31.2124
9.142e+07,-0.263025,-0.0115497,9.94982,-0.0664857,7.07699,-1.43658,6.93592,-1.51427,0.43552,-1.06365,0.463029,-42.1066,-42.1143,0.307,0.305085,-0.217922,3.50536,31.2006
9.17e+07,-0.282295,0.590554,9.09845,3.71191,-30.3734,-1.2917,-30.2033,-1.7734,-35.366,-1.25139,-35.2542,-34.931,-34.9636,0.28,0.279739,0.10819,3.49073,31.1476
9.172e+07,-0.270345,0.552019,9.115,3.46417,-21.5032,-1.01082,-21.449,-1.69575,-12.053,-1.33311,-12.0906,-34.9768,-34.9445,0.28,0.279873,0.0777873,3.48964,31.18
9.174e+07,-2.01793,-0.594386,10.2068,-3.26966,3.13806,-4.45898,3.13615,-11.1649,15.5958,-2.7906,15.475,-31.6486,-31.6288,0.286,0.284521,0.0578336,3.48767,31.18
9.176e+07,1.15746,0.983125,7.66855,7.22464,37.6724,1.13315,37.2967,8.51458,35.1073,3.39252,34.8407,-30.87,-30.8503,0.286,0.285356,0.0229016,3.48656,31.1682
9.178e+07,1.96952,0.284685,7.00907,2.23925,38.9243,-0.880844,38.6183,15.6829,29.5042,6.65355,29.1682,-30.244,-30.2175,0.286,0.284172,-0.0148659,3.48567,31.1388
9.18002e+07,1.94792,0.701341,7.61518,5.09871,13.6877,1.35098,13.5949,14.2903,-5.33547,5.57088,-5.23048,-31.5112,-31.4638,0.292,0.290108,-0.0260868,3.48382,31.1535
9.182e+07,-0.866847,-1.09534,9.00603,-6.9028,-19.0757,-4.83514,-18.8589,-5.45791,-24.9385,-2.65858,-24.8542,-29.1295,-29.2369,0.292,0.290826,-0.0451518,3.4829,31.1476
9.184e+07,1.53519,-0.623287,7.56831,-4.61441,-23.4574,-4.72782,-23.3114,11.4289,-16.7553,7.11202,-16.7985,-30.702,-30.7572,0.292,0.289785,-0.077626,3.48093,31.1476
9.186e+07,0.862167,-1.87807,8.0251,-13.0988,-8.17492,-7.76515,-8.1194,5.97184,2.23705,1.65833,2.08847,-29.5417,-29.525,0.292,0.289633,-0.0879507,3.47948,31.1388
9.188e+07,-1.45917,-0.599203,10.439,-3.25363,18.5274,-4.76086,18.3933,-7.94437,19.1531,-3.98472,19.0485,-27.4959,-27.5605,0.292,0.289723,-0.0844845,3.47904,31.1182
9.19e+07,0.565868,-1.13387,9.94968,-6.49101,32.5274,-5.08731,32.3513,3.23419,36.863,-0.151894,36.5624,-27.7249,-27.6469,0.292,0.290146,-0.0760779,3.47684,31.1094
9.1941e+07,0.00471542,-1.09774,10.5177,-5.95847,-14.5566,-6.00546,-14.3949,0.0255488,-16.6332,-1.94701,-16.4282,-27.6333,-27.5913,0.287,0.284927,-0.0444927,3.47631,31.1124
9.1961e+07,1.23671,-0.61847,9.08333,-3.85967,-22.923,-4.33845,-22.8096,7.73553,-32.908,2.40638,-32.6063,-28.6868,-28.6413,0.287,0.285496,-0.0301575,3.47602,31.1124
9.1981e+07,-0.926298,-1.97682,10.206,-10.9181,-16.2665,-6.93609,-16.1303,-5.09183,-27.7935,-2.16728,-27.6128,-28.2135,-28.2344,0.286,0.284383,-0.0170888,3.47566,31.1682
9.2001e+07,-0.116936,-1.56016,9.26343,-9.55937,14.2373,-6.63515,14.0911,-0.713185,1.99277,-1.70057,1.91166,-26.8394,-26.8728,0.286,0.283804,-0.0145753,3.47304,31.0918
9.2041e+07,0.0614866,0.833803,9.10804,5.23049,24.1762,0.628739,24.0591,0.385176,40.9241,-0.515325,40.6402,-24.87,-24.7852,0.284,0.283602,-0.034075,3.47304,31.1476
9.2061e+07,0.431971,-0.493232,8.74709,-3.22347,-2.54133,-1.93686,-2.43183,2.82275,15.3821,1.28468,15.4276,-24.6715,-24.578,0.284,0.283392,-0.0538141,3.47274,31.0859
9.2081e+07,1.85957,0.682073,7.65559,4.94817,-23.1826,0.962398,-23.0339,13.6011,-6.92326,4.65822,-6.86152,-23.8776,-23.8288,0.284,0.282738,-0.0739459,3.47171,31.13
9.2101e+07,-0.351151,-0.81596,8.27952,-5.62339,-31.7932,-3.7115,-31.6038,-2.41688,-29.8851,-0.510884,-29.6466,-21.1448,-21.2482,0.284,0.282938,-0.0864979,3.46996,31.1035
9.2121e+07,-0.427914,0.450866,9.7204,2.65311,-14.6329,-0.630751,-14.6109,-2.51796,-23.7019,-0.759048,-23.5911,-19.9845,-20.0287,0.284,0.283004,-0.0991272,3.4699,31.1124
9.2141e+07,0.567853,0.315995,7.63,2.365,16.4052,0.298558,16.1527,4.25268,-2.63318,1.4406,-2.70885,-17.1143,-17.1793,0.284,0.282959,-0.119957,3.46977,31.0918
9.2161e+07,0.309932,0.438824,7.78237,3.22476,30.6648,0.895384,30.3893,2.27698,19.8248,1.02489,19.6677,-15.6333,-15.6362,0.277,0.276628,-0.155896,3.47014,31.1124
9.2181e+07,0.255135,-0.00673292,9.24898,-0.0416933,16.9701,-0.54279,16.8968,1.58012,31.9775,-0.0702221,31.6919,-15.0532,-15.0532,0.277,0.275914,-0.15759,3.47041,31.13
9.22011e+07,-0.203298,-0.122337,9.21833,-0.760145,-9.97645,-0.188016,-9.83293,-1.26327,17.8248,-2.14099,17.7581,-13.4654,-13.4791,0.277,0.275625,-0.152521,3.46873,31.1035
9.2221e+07,-0.561372,-0.488416,10.8634,-2.57085,-30.4192,-1.34707,-30.1521,-2.95518,0.420253,-1.3198,0.47913,-13.1448,-13.2255,0.268,0.267613,-0.164354,3.4673,31.1153
9.2322e+07,-0.1435,-0.488416,10.4404,-2.67816,8.25256,-1.19295,8.23381,-0.786602,27.2599,-1.05502,27.0433,-7.41959,-7.51161,0.256,0.254673,-0.165384,3.49668,31.0918
9.2343e+07,0.859241,0.0582943,9.36253,0.355245,-11.152,-0.449999,-11.1159,5.2435,25.9164,0.804409,25.7367,-6.70204,-6.70773,0.245,0.244261,-0.182055,3.49563,31.0829
9.2424e+07,-0.253375,-0.365587,9.03042,-2.31738,11.1381,-1.34791,11.0657,-1.60587,-9.06066,-0.885782,-9.07881,-3.43486,-3.50224,0.238,0.236695,-0.182375,3.49105,31.0682
9.2444e+07,-1.10826,-0.235532,10.1425,-1.32243,5.88615,0.212215,5.96852,-6.23423,3.35155,-2.30665,3.33788,-2.77837,-2.79537,0.226,0.232215,-0.184041,3.49062,31.0859
9.2724e+07,-0.348631,-1.29042,9.90273,-7.41979,-28.8161,-3.36592,-28.502,-1.99941,10.237,-0.993215,10.1236,-3.70967,-3.71608,0.175,0.173478,-0.189844,3.4864,31.0388
9.2744e+07,-0.234369,-0.018775,9.99727,-0.107572,-17.5184,-0.955247,-17.4014,-1.34295,7.24468,0.30815,7.26839,-2.76311,-2.78066,0.165,0.169946,-0.194554,3.48619,31.0388
9.2764e+07,0.295905,-0.640146,8.59027,-4.25928,4.87851,-2.71878,4.80451,1.96741,3.82483,0.639101,3.76324,-3.34326,-3.40865,0.165,0.164061,-0.212396,3.48634,30.9712
9.2824e+07,0.441354,0.111279,8.9736,0.709616,-24.2971,-0.156861,-24.1271,2.81553,-8.31257,1.19267,-8.27932,-5.12952,-5.12877,0.153,0.152242,-0.214795,3.48507,31.0447
9.2844e+07,0.195577,-0.500458,9.11054,-3.14347,-28.0986,-1.9351,-27.9582,1.22793,-1.67135,-0.092046,-1.70697,-4.68677,-4.70975,0.153,0.151516,-0.208137,3.48535,31.0006
9.2864e+07,-0.632987,-0.563076,10.1891,-3.15704,-21.4268,-1.65935,-21.2092,-3.54948,-1.85456,-1.13638,-1.848,-5.58753,-5.60296,0.142,0.147502,-0.209515,3.48495,30.9741
9.2884e+07,-0.0836427,-1.06884,9.48025,-6.43236,-3.25889,-3.33255,-3.25084,-0.502316,-1.39654,-0.662512,-1.44805,-6.18295,-6.15612,0.142,0.141055,-0.217874,3.48482,30.9771
9.2904e+07,-0.907547,-0.712398,10.322,-3.93302,2.95485,-2.39562,3.02968,-5.01286,-7.2286,-2.10834,-7.13442,-7.48066,-7.49726,0.142,0.140492,-0.202002,3.48512,30.9859
9.2924e+07,0.606365,-0.787059,9.48485,-4.73395,2.86325,-1.59121,2.90977,3.64544,-4.48051,1.95972,-4.50663,-7.77074,-7.72375,0.132,0.13689,-0.203623,3.48346,31.0035
9.2945e+07,0.723461,-1.11942,9.29428,-6.84722,-8.69401,-3.29428,-8.58858,4.41909,-2.63318,2.15052,-2.68218,-8.56463,-8.51169,0.132,0.13104,-0.213816,3.4829,30.9682
9.2965e+07,0.408325,-1.33136,9.95662,-7.60987,-21.1826,-3.20704,-20.9465,2.32771,-1.16753,1.49376,-1.20999,-9.4654,-9.42459,0.132,0.130495,-0.201533,3.48287,30.98
9.2985e+07,0.0521522,0.0534774,9.40358,0.325828,-14.9993,-1.23435,-14.9092,0.317754,-1.30494,1.02341,-1.31268,-7.52646,-7.59944,0.132,0.130346,-0.192914,3.48301,30.9624
9.3005e+07,-0.0216901,-0.596794,10.4852,-3.25761,3.42813,-2.21003,3.33959,-0.118332,3.22941,-0.0262674,3.17718,-7.17532,-7.27304,0.12,0.119703,-0.206004,3.48298,30.9859
9.3025e+07,0.513135,-0.411346,9.60899,-2.44777,23.0312,-1.20511,22.7476,3.05399,2.7256,-0.116431,2.70697,-9.14478,-9.15957,0.12,0.118722,-0.181027,3.48143,30.98
9.3046e+07,0.785429,-0.702764,9.48008,-4.22519,23.3823,-2.4684,23.2227,4.72327,0.710329,2.1038,0.684739,-11.1295,-11.1187,0.12,0.118703,-0.161136,3.48198,30.9712
9.3067e+07,-0.351213,-0.594386,11.2121,-3.0331,-2.02225,-2.18186,-1.8861,-1.79166,-6.75532,0.271196,-6.69425,-13.328,-13.3402,0.107,0.106583,-0.165384,3.48267,30.9829
9.3087e+07,0.362505,0.29191,10.5908,1.5779,-14.8314,-0.529399,-14.8257,1.95963,-6.55685,1.20514,-6.52766,-15.6944,-15.6334,0.107,0.105975,-0.141264,3.483,30.9594
9.31071e+07,0.448403,0.523118,10.6718,2.80384,-12.6787,-3.24116,-23.3353,2.40313,0.511856,-0.0514451,0.00135199,-17.0226,-17.1898,0.107,0.105988,-0.124479,3.48347,30.9535
9.3149e+07,-0.0217189,-0.493232,10.5115,-2.68651,15.7487,-2.35848,15.6707,-0.118254,5.97751,0.244135,5.93677,-17.7402,-17.7,0.099,0.0982463,-0.095769,3.48217,30.98
9.3169e+07,0.259918,-0.0308171,10.6901,-0.165121,21.8861,-1.32128,21.7186,1.3928,4.54239,0.579531,4.50748,-18.3204,-18.3444,0.092,0.0957727,-0.0864238,3.48218,30.9594
9.3209e+07,0.0927475,0.0462522,10.3152,0.256895,-9.88484,-0.641014,-9.83806,0.515145,6.74086,0.601962,6.70699,-21.1448,-21.1764,0.092,0.0915135,-0.062239,3.48294,30.9212
9.3329e+07,-0.258003,-0.897846,10.2974,-4.98155,-13.6711,-2.65341,-13.4641,-1.42983,0.847734,-0.00128325,0.830368,-25.2669,-25.2511,0.085,0.0848819,-0.00587326,3.47922,30.9359
9.335e+07,1.07911,-0.611245,8.96239,-3.8737,-23.6253,-1.88725,-23.5014,6.84983,9.06147,3.06212,8.9507,-24.5799,-24.5821,0.082,0.0837546,-0.0073461,3.47887,30.9359
9.3693e+07,1.33939,-0.620878,8.68199,-4.04279,25.1686,-3.67021,24.9434,8.74798,-4.72479,2.82504,-4.71578,-25.1448,-25.0938,0.095,0.0955124,0.123447,3.47099,30.8947
9.3713e+07,-0.955526,0.0896036,10.727,0.476701,32.0694,-3.16273,31.8067,-5.09013,-12.0225,-2.28263,-11.9529,-22.6868,-22.7171,0.104,0.100874,0.137932,3.47105,30.8741
9.3733e+07,-0.869725,0.667623,10.3645,3.67269,23.5197,-1.73186,23.352,-4.78678,-9.88509,-2.60989,-9.85148,-23.0532,-22.9862,0.104,0.104183,0.139884,3.47001,30.8976
9.3853e+07,0.29564,0.313586,8.17631,2.19496,31.6571,-1.59651,31.425,2.06928,-8.0683,-0.222915,-8.00944,-19.3585,-19.2693,0.119,0.118679,0.0724578,3.46529,30.8741
9.3873e+07,1.35861,-1.06884,7.85978,-7.63227,18.5121,-5.44203,18.4159,9.71931,-4.12937,3.69964,-4.10811,-19.4349,-19.3789,0.119,0.118832,0.0568319,3.46446,30.8947
9.3893e+07,0.811995,-1.77933,8.51677,-11.7487,-1.50317,-7.32249,-1.44117,5.33173,2.37445,1.36664,2.40691,-18.1982,-18.1962,0.126,0.122864,0.0588458,3.46366,30.9124
9.3913e+07,-0.535088,-0.551034,9.3865,-3.35426,-7.06042,-4.99468,-7.05071,-3.25709,11.4432,-0.579107,11.2809,-17.9081,-17.9121,0.126,0.124977,0.0395685,3.46274,30.8829
9.3933e+07,-1.42332,-0.729257,11.0252,-3.75324,-1.4879,-5.74377,-1.44172,-7.34014,4.78667,-3.82641,4.74928,-17.6944,-17.6691,0.126,0.125326,0.0411907,3.46144,30.8476
9.3953e+07,0.207589,-0.762975,9.23357,-4.72246,15.1075,-4.67704,14.9907,1.28353,-6.70952,1.32763,-6.56177,-18.4272,-18.4009,0.132,0.129131,0.0356653,3.46164,30.8506
9.3973e+07,0.797741,-2.04184,7.80884,-14.5809,18.7564,-8.84966,18.647,5.64454,-3.73242,2.00906,-3.73906,-16.1982,-16.2569,0.132,0.130918,0.0223079,3.45998,30.8212
9.3993e+07,0.417814,-1.10738,8.7746,-7.18479,12.3442,-5.20063,12.3277,2.70473,-8.22097,2.01704,-8.09203,-16.0303,-16.0365,0.132,0.13144,0.00581941,3.45941,30.8565
9.4053e+07,0.348463,-0.731665,8.57346,-4.87384,0.893781,-6.75243,0.934679,2.31905,17.1225,4.2273,16.9775,-14.1677,-14.2384,0.136,0.134456,-0.0346782,3.45713,30.8682
9.4073e+07,0.873417,0.602596,8.02907,4.26702,4.81745,-1.13557,4.66543,6.19105,5.27521,2.27751,5.1405,-13.9539,-13.9561,0.137,0.135528,-0.0524589,3.45637,30.8653
9.4093e+07,-1.41413,0.578512,9.48641,3.45171,0.130422,-1.69981,0.124048,-8.46309,-12.8164,-3.01599,-12.7104,-12.9005,-12.954,0.137,0.136001,-0.0709993,3.45564,30.8771
9.4113e+07,2.26564,0.210024,6.89473,1.65763,1.50447,-0.435858,1.47996,18.1829,-9.90036,10.4469,-9.99594,-13.2211,-13.2104,0.137,0.135252,-0.111231,3.45495,30.8329
9.4133e+07,1.01203,0.193165,7.79325,1.40804,6.02355,-1.47506,5.94665,7.39674,-11.5034,3.05707,-11.4273,-11.557,-11.535,0.135,0.134583,-0.129765,3.45463,30.8771
9.4153e+07,0.51583,-1.51681,8.24204,-10.4077,7.61134,-5.806,7.59877,3.5222,5.10728,0.290886,4.9631,-10.4272,-10.4634,0.135,0.133567,-0.141117,3.4518,30.8476
9.4174e+07,-0.731033,-0.0428591,9.12394,-0.268281,10.2831,-3.66663,10.2055,-4.58084,8.03857,-1.16788,8.11428,-9.92341,-9.9395,0.135,0.133325,-0.148354,3.45105,30.8388
9.4195e+07,0.826005,-0.640146,8.21468,-4.43362,-0.755074,-4.73959,-0.74137,5.72468,26.863,1.4816,26.5043,-10.412,-10.3689,0.128,0.128033,-0.171008,3.45075,30.8594
9.4215e+07,-0.36103,0.361754,9.58487,2.15991,-7.31996,-2.18216,-7.27872,-2.15559,-1.76295,-2.13352,-1.66475,-11.6944,-11.6747,0.128,0.126432,-0.176666,3.45005,30.8712
9.4235e+07,-0.497104,0.243742,9.69164,1.43878,-8.93828,-1.88855,-8.87949,-2.93532,-11.2286,-2.07273,-11.0982,-12.6104,-12.4704,0.128,0.126364,-0.178677,3.44939,30.8594
9.42553e+07,0.233463,0.648356,9.32603,3.97563,-3.6253,-1.23479,-3.63311,1.43056,-14.9233,-0.387897,-14.8019,-11.0074,-10.9297,0.117,0.118144,-0.204162,3.44834,30.8418
9.4276e+07,-0.455818,-2.24656,9.41932,-13.3996,-1.33523,-6.61193,-1.25841,-2.69501,-8.78585,-1.55036,-8.75396,-9.95395,-9.93741,0.117,0.115363,-0.215779,3.44717,30.8565
9.4356e+07,0.0381157,-0.991774,8.76562,-6.45514,-9.12149,-5.90011,-9.02834,0.247559,-4.87746,1.37658,-4.62726,-5.92341,-5.95088,0.105,0.102912,-0.222459,3.44269,30.8624
9.4376e+07,-2.95883,-0.257208,12.0102,-1.19124,-9.18255,-3.37414,-9.09786,-13.8367,-13.3965,-4.10796,-13.1777,-4.50356,-4.53952,0.09,0.0916512,-0.234843,3.4418,30.8065
9.4456e+07,0.460198,1.04093,9.17926,6.46165,6.35943,0.865912,6.26234,2.85185,1.29048,-0.185369,1.23405,-0.824174,-0.871092,0.081,0.0795759,-0.209944,3.43749,30.8565
9.4477e+07,-0.0169332,-0.529359,9.38134,-3.22959,-9.24362,-0.580847,-9.147,-0.103254,1.18361,-0.948671,1.17295,-1.6944,-1.65177,0.081,0.0795428,-0.196593,3.43652,30.8065
9.4697e+07,0.639619,-0.156055,6.77921,-1.31286,133.275,4.23233,132.263,5.38849,-0.907991,1.81798,-0.930934,-6.76311,-6.68954,0.035,0.0349321,0.113148,3.44269,30.78
9.4717e+07,-1.49733,-0.775017,8.91212,-4.9017,62.2373,-4.02777,62.1337,-9.50199,-16.1599,-2.85757,-16.1116,-9.6028,-9.64866,0.035,0.0353123,0.0576929,3.4499,30.7712
9.4737e+07,1.02381,0.742284,9.16167,4.60349,-53.381,4.85951,-52.7386,6.35566,-28.1752,6.19066,-27.9278,-16.9158,-16.8177,0.047,0.0439621,0.0511499,3.45456,30.7329
9.4757e+07,-0.367871,-0.799101,8.73067,-5.22499,-134.908,-2.43968,-133.866,-2.40273,-8.17517,0.638351,-8.15362,-16.8089,-16.9303,0.047,0.0467674,0.0194783,3.46718,30.7624
9.4777e+07,1.3872,-0.813551,7.08854,-6.42634,-113.839,-4.06186,-113.226,11.0022,22.8019,4.35145,22.5926,-17.2975,-17.3693,0.047,0.0468183,-0.00930838,3.48009,30.7506
9.4797e+07,0.969304,-0.741299,7.25046,-5.7866,11.0465,-2.09397,10.6125,7.57561,35.9164,5.03282,35.5796,-16.3662,-16.3255,0.021,0.027243,-0.0875958,3.48375,30.78
9.4877e+07,-1.81522,0.335262,9.30355,2.02565,-110.282,-0.880673,-109.07,-11.0333,-27.4881,-5.50638,-27.3159,-23.4043,-23.4432,0.044,0.0431053,-0.00552467,3.52533,30.73
9.4897e+07,-0.00514126,0.000492326,7.35458,0.00383546,-179.06,0.123753,-177.816,-0.0400529,2.83247,-2.48166,2.68865,-31.6181,-31.6174,0.044,0.043884,0.0334584,3.53433,30.7506
9.4977e+07,-0.929649,1.48648,12.2178,6.91702,153.856,9.86251,152.838,-4.3195,10.3134,-3.85075,10.208,-22.6868,-22.6431,0.046,0.0373962,0.00989488,3.56489,30.7212
9.5017e+07,1.82438,-1.56498,2.59491,-26.2601,-17.1215,-17.6183,-16.6951,31.0499,4.61873,10.8308,4.56667,-26.1219,-26.0674,0.046,0.044054,-0.0874771,3.58581,30.73
9.5037e+07,0.141248,5.96132,15.4839,21.056,-83.9459,15.5457,-83.3178,0.487753,14.6951,6.09234,14.5422,-30.5646,-30.7864,0.038,0.0364965,-0.145753,3.59912,30.7329
9.5057e+07,0.499117,-1.52403,11.4971,-7.54397,-108.205,-0.364979,-107.495,2.46426,-9.62555,-2.48333,-9.44964,-9.6486,-9.8218,0.038,0.0370238,-0.0166758,3.60223,30.7212
9.5077e+07,4.37844,1.78031,8.84229,10.2279,-40.3123,1.15598,-40.6145,25.8933,-17.1523,29.9626,-17.1068,-40.4272,-40.4363,0.038,0.0320094,-0.159158,3.62595,30.7271
9.5097e+07,-0.957489,-1.43974,10.1547,-8.03448,10.1457,4.36349,10.0717,-5.33349,-33.8088,-3.73197,-33.681,-8.68677,-8.84183,0.029,0.0289208,-0.0956043,3.64881,30.7035
9.5117e+07,-11.2228,-1.58184,23.5255,-3.47287,79.1991,-8.61551,78.9211,-25.4532,-42.7248,-13.1029,-42.036,-48.2288,-47.6901,0.029,0.0263574,-0.203272,3.6702,30.73
9.5137e+07,-12.428,-3.96376,23.9453,-8.35829,79.0923,-3.22769,79.1312,-27.1146,-31.4576,-7.05746,-31.0511,-24.473,-24.3462,0.029,0.0258728,-0.192703,3.69085,30.7212
9.5157e+07,-12.3321,-5.13906,18.7485,-12.8986,18.68,-1.48058,19.4035,-32.3896,4.58819,-8.58217,5.05326,-36.183,-35.9436,0.04,0.0339866,-0.143318,3.71047,30.7418
9.5177e+07,-2.90198,1.39978,5.1418,13.3376,-36.007,9.64142,-36.0752,-28.5714,38.3897,-29.4655,38.648,-27.2669,-27.6819,0.04,0.0342409,-0.192881,3.72802,30.7153
9.5277e+07,0.835163,0.776002,8.89835,4.96231,-52.4803,9.08062,-52.5553,5.34169,9.19888,8.45077,9.11073,-13.3738,-13.3405,0.039,0.0358274,-0.153088,3.80709,30.7124
9.5298e+07,1.12884,0.862704,10.0711,4.86576,-4.93828,0.761387,-5.2074,6.37229,30.7714,3.08317,30.7506,-7.86234,-8.0837,0.039,0.0377373,-0.123317,3.8209,30.7388
9.5319e+07,0.508114,0.470133,11.2368,2.39335,-7.4421,2.63772,-7.59886,2.58683,7.15308,5.0177,7.13007,3.23689,2.87024,0.039,0.0378156,-0.117489,3.83402,30.7035
9.5339e+07,2.0816,0.845846,9.93255,4.76449,5.99302,3.89717,5.89217,11.7949,-3.54921,8.70571,-3.5894,2.90102,2.94511,0.042,0.0400843,-0.107485,3.84665,30.7153
9.5359e+07,1.13623,0.0679279,9.77304,0.395566,18.5426,1.47223,18.4317,6.63136,-11.4423,5.31642,-11.3964,4.85521,4.90212,0.042,0.0409973,-0.100024,3.85865,30.7418
9.5379e+07,0.617918,0.600187,9.59153,3.57321,15.8861,3.29483,15.8437,3.67892,-16.0225,4.58543,-16.0943,1.2827,1.53519,0.042,0.0410602,-0.098852,3.86895,30.7447
9.54e+07,0.980869,0.605004,9.8239,3.50671,15.306,4.13418,15.2644,5.6911,-12.7401,5.22599,-12.7659,2.51934,2.67523,0.044,0.0425808,-0.089693,3.87984,30.7565
9.548e+07,0.665644,0.710974,10.2232,3.96986,-6.02225,4.11589,-6.08449,3.71638,11.3057,3.82339,11.2701,-0.961579,-0.875844,0.043,0.0422864,-0.0727976,3.91689,30.78
9.5501e+07,0.916506,0.212433,9.5218,1.27219,-8.20545,2.75099,-8.21641,5.49662,5.51949,4.74898,5.51913,-0.931045,-0.924254,0.043,0.0422912,-0.0714739,3.92537,30.7359
9.5581e+07,0.660841,0.809719,9.79364,4.71568,2.77164,4.6572,2.81519,3.84718,-2.81639,4.14159,-2.79345,1.23689,1.25061,0.043,0.042057,-0.0638813,3.95514,30.7594
9.5804e+07,0.849516,0.682073,9.70305,4.00571,-1.74744,3.83464,-1.75153,4.99132,1.94697,4.43919,1.95908,-1.14479,-1.13311,0.044,0.0434613,-0.0461949,4.01089,30.83
9.5824e+07,0.780276,0.655581,9.62947,3.88204,1.21439,3.39052,1.19823,4.62191,0.466054,4.14102,0.462543,-1.08372,-1.07544,0.043,0.0426491,-0.0473802,4.01485,30.8418
9.5844e+07,0.641797,0.600187,9.72684,3.52327,3.68767,3.36247,3.64348,3.76788,-2.2973,3.83298,-2.31136,-0.824174,-0.765292,0.043,0.042488,-0.0476872,4.01844,30.8212
9.5864e+07,0.441243,0.511076,9.87407,2.96,1.3976,3.59486,1.39671,2.55526,-2.54158,3.29411,-2.55096,1.55751,1.58219,0.043,0.0424712,-0.0465573,4.02193,30.8418
9.5904e+07,0.854303,0.64113,9.76708,3.74138,-1.5795,4.04747,-1.56917,4.98812,0.557658,4.5466,0.569073,-0.0150142,-0.0354156,0.042,0.041474,-0.0469412,4.02824,30.83
9.5924e+07,0.562966,0.715791,9.88379,4.13549,-0.968814,3.95456,-0.966473,3.25146,0.801932,3.73623,0.821039,-0.595167,-0.608117,0.042,0.0414755,-0.0456874,4.03116,30.8624
9.5944e+07,0.818469,0.698932,9.80282,4.06414,0.374697,3.85382,0.375701,4.76071,-0.205701,4.34877,-0.207613,-0.274556,-0.26389,0.041,0.040638,-0.0476424,4.0341,30.8888
9.5964e+07,0.632196,0.77841,9.71526,4.57126,1.99302,4.05292,1.98778,3.71127,-2.40417,4.02406,-2.38767,0.0460546,0.0598065,0.041,0.0404808,-0.0477338,4.03673,30.8447
9.5984e+07,0.708589,0.841029,9.7794,4.90255,1.09225,4.42706,1.09892,4.12907,-1.88509,4.13199,-1.89177,0.290329,0.300972,0.041,0.0404554,-0.0469084,4.03931,30.8565
9.6004e+07,0.644195,0.564061,9.79088,3.29012,0.14569,3.80173,0.151191,3.75816,-0.312572,3.88464,-0.314173,0.107123,0.107236,0.043,0.0421759,-0.039378,4.04168,30.8212
9.6024e+07,0.660881,0.665215,9.72693,3.90334,-0.556601,3.94686,-0.559486,3.87787,0.496589,3.92226,0.495528,-0.0913501,-0.08983,0.043,0.0424947,-0.0376596,4.04401,30.8624
9.6044e+07,0.715791,0.703749,9.74594,4.11907,-0.755074,4.00293,-0.749852,4.18968,0.649261,4.1769,0.653352,-0.0150142,-0.0144234,0.043,0.0425188,-0.0379495,4.04614,30.8888
9.6064e+07,0.749221,0.703749,9.68418,4.14404,-0.0833181,3.98659,-0.0817037,4.41231,-0.190434,4.25342,-0.177655,-0.0913501,-0.0859666,0.043,0.0425191,-0.0379848,4.04825,30.8918
9.6084e+07,0.644126,0.809719,9.67731,4.7724,0.542636,4.28663,0.547877,3.79479,-0.26677,4.01152,-0.267235,0.12239,0.123799,0.043,0.0425218,-0.0371284,4.05026,30.8712
9.6104e+07,0.62506,0.679665,9.76022,3.97531,1.01592,3.9538,1.01112,3.65548,-0.816388,3.94615,-0.816238,0.244528,0.246538,0.043,0.0425247,-0.0374661,4.05216,30.8741
9.6124e+07,0.725358,0.645947,9.78145,3.7679,0.298361,4.00339,0.29771,4.23191,-0.404175,4.1981,-0.412337,0.12239,0.126383,0.044,0.0433691,-0.0342344,4.05405,30.9329
9.6144e+07,0.670449,0.607413,9.582,3.61836,-0.541333,3.78595,-0.535253,3.99445,0.206512,4.00163,0.216774,0.229261,0.219492,0.044,0.0435325,-0.0337862,4.05568,30.9065
9.6164e+07,0.74204,0.766368,9.88847,4.41926,-0.953547,4.16955,-0.941968,4.2787,0.863001,4.1953,0.863159,-0.0150142,-0.0132987,0.044,0.0435422,-0.0329017,4.05723,30.8976
9.6184e+07,0.715812,0.62668,9.83366,3.63682,-0.999349,3.80294,-1.00834,4.15494,1.04621,4.10462,1.04536,-0.121884,-0.11917,0.045,0.044403,-0.0297865,4.05887,30.8829
9.6204e+07,0.777898,0.621863,9.85259,3.60036,-0.755074,3.75115,-0.768706,4.50542,0.969871,4.19078,0.97315,0.0918561,0.0838184,0.045,0.0445603,-0.0291329,4.06043,30.9065
9.6224e+07,0.718258,0.419556,9.98528,2.39982,-0.44973,3.22489,-0.455804,4.11068,0.847734,4.15068,0.846964,0.0460546,0.0411938,0.045,0.0445852,-0.0279621,4.06191,30.9241
9.6244e+07,0.703872,0.631497,9.80993,3.67381,0.00828493,3.64238,-4.23672e-05,4.09554,-0.1599,4.13323,-0.163329,0.0765889,0.0715662,0.042,0.0420581,-0.0356282,4.06331,30.9006
9.6264e+07,0.660874,0.691707,9.85043,4.00779,0.893781,3.88893,0.884822,3.82887,-1.0454,4.09962,-1.05506,0.229261,0.219262,0.042,0.0415897,-0.0364024,4.06465,30.9329
9.6284e+07,0.703884,0.588145,9.72677,3.45127,1.64187,3.76678,1.63725,4.13151,-1.82402,4.15068,-1.82907,0.137658,0.135089,0.042,0.041545,-0.0365483,4.06592,30.9153
9.6304e+07,0.746846,0.657989,9.80994,3.82625,1.33653,3.8598,1.33967,4.34389,-1.67135,4.21505,-1.67881,0.107123,0.10747,0.045,0.0440763,-0.0282622,4.06712,30.9241
9.6324e+07,0.679973,0.703749,9.87655,4.0661,-0.327593,4.03613,-0.312295,3.92851,-0.1599,3.95199,-0.159815,-0.152419,-0.148324,0.045,0.0445463,-0.0254777,4.06827,30.9182
9.6344e+07,0.70625,0.665215,9.75775,3.88984,-0.953547,3.89862,-0.955787,4.1302,1.15308,4.17393,1.14805,-0.259289,-0.253659,0.045,0.0445965,-0.0258312,4.06936,30.9594
9.6364e+07,0.730139,0.62668,9.74343,3.66983,-0.785608,3.77699,-0.786259,4.27674,0.664528,4.20564,0.668736,-0.0608157,-0.0635232,0.045,0.0445998,-0.0260908,4.07047,30.9359
9.6404e+07,0.682371,0.670031,9.79577,3.90351,-0.34286,3.85537,-0.34103,3.97551,0.359184,4.06645,0.352678,0.000252962,0.0036708,0.045,0.0445967,-0.0262716,4.07238,30.9859
9.6504e+07,0.694367,0.465316,9.75032,2.72537,-65.0604,2.67465,-64.9858,4.06881,5.51949,4.20705,5.5254,12.8247,12.7616,0.041,0.0406374,-0.0310786,4.07552,30.9771
9.6605e+07,0.0691088,-0.81596,7.89928,-5.89725,-41.5337,-5.98842,-41.5135,0.4986,-60.3736,1.82055,-60.3889,32.2751,32.2098,0.016,0.0187649,-0.09946,4.07872,31.0565
9.6845e+07,-1.241,-3.75422,10.9086,-18.878,30.0846,-18.7913,29.9813,-6.13976,9.68743,-6.23675,9.70205,80.3361,80.3509,0.065,0.0593078,0.409801,4.08389,31.0506
9.6865e+07,-1.24796,-4.46471,12.757,-19.2042,63.9319,-18.9235,63.7564,-5.27541,4.61873,-5.48503,4.64637,78.7178,78.7364,0.065,0.0637144,0.449485,4.0842,31.0624
9.6885e+07,-1.21697,-4.29853,13.4505,-17.6553,95.4739,-17.7442,95.3777,-4.92578,-1.56448,-4.93713,-1.54405,77.069,77.0782,0.065,0.0647937,0.505357,4.08457,31.0771
9.6905e+07,-1.31272,-3.43391,13.6941,-14.0154,99.1228,-14.3481,99.164,-5.31217,-4.72479,-5.34832,-4.71457,77.2064,77.1978,0.095,0.0905334,0.630918,4.08484,31.0594
9.7025e+07,-1.48708,-3.25809,12.7829,-14.2072,-83.1367,-14.1076,-83.1292,-6.4318,-13.824,-6.41515,-13.8231,94.1835,94.1629,0.187,0.178828,0.918921,4.08705,31.0771
9.7045e+07,-1.78068,-3.6627,12.9534,-15.6489,-75.1978,-15.773,-75.2471,-7.5354,-9.80875,-7.38247,-9.83676,96.3514,96.3272,0.187,0.184713,0.946902,4.08745,31.0976
9.7065e+07,-1.47282,-3.01966,10.409,-16.0261,-61.1978,-16.2277,-61.255,-7.73865,-1.93089,-7.75695,-1.95524,98.672,98.6549,0.187,0.184556,0.930308,4.08766,31.0976
9.71251e+07,-1.24582,-3.59527,10.0826,-19.4883,19.2297,-19.461,19.0781,-6.6384,2.23705,-6.69816,2.23199,100.428,100.43,0.256,0.246028,0.884655,4.08832,31.1035
9.7145e+07,-1.18382,-3.30144,10.0617,-18.0494,52.2678,-18.2778,52.1636,-6.37872,3.61109,-6.49263,3.60835,100.443,100.443,0.325,0.301901,1.01448,4.08857,31.0829
9.7165e+07,-1.02159,-2.76918,9.41185,-16.3045,67.6877,-16.4247,67.6492,-5.94476,1.55002,-5.92949,1.56344,101.267,101.261,0.325,0.314792,0.99429,4.08881,31.0829
9.7185e+07,-0.9715,-2.57651,9.4786,-15.1313,70.4816,-15.0626,70.4862,-5.64848,-2.35837,-5.70767,-2.34195,102.626,102.613,0.325,0.318159,0.940843,4.08896,31.0976
9.7205e+07,-0.892738,-2.44646,9.85386,-13.8885,64.0694,-13.9071,64.1076,-5.025,-8.05303,-5.12265,-8.02849,104,103.984,0.387,0.370703,1.04464,4.08918,31.0712
9.7225e+07,-0.990712,-2.18394,10.3031,-11.9144,45.8403,-12.1236,45.9298,-5.37381,-14.1294,-5.35468,-14.1091,106.061,106.039,0.387,0.381997,1.02367,4.08838,31.0829
9.7246e+07,-0.931048,-2.06834,10.7448,-10.8562,16.6342,-10.9107,16.7632,-4.8635,-20.9996,-5.00393,-20.9691,108.947,108.919,0.387,0.384865,0.987473,4.08846,31.08
9.7267e+07,-0.823605,-2.03221,10.391,-11.0321,-21.9306,-10.9363,-21.817,-4.44793,-31.8851,-4.75162,-31.8467,112.58,112.553,0.445,0.437034,1.0915,4.08871,31.1094
9.7287e+07,-0.802095,-2.10446,9.73088,-12.1632,-45.61,-12.0311,-45.5419,-4.6061,-44.2515,-4.68412,-44.2051,115.176,115.154,0.445,0.44121,1.04416,4.08886,31.1065
9.7307e+07,-0.871305,-2.23933,9.56215,-13.1279,-56.465,-13.1474,-56.4379,-5.06999,-54.7248,-5.19077,-54.6894,117.39,117.366,0.445,0.439214,0.974155,4.089,31.0829
9.7327e+07,-0.816379,-2.2586,9.02075,-14.0017,-59.4421,-14.0025,-59.4446,-5.01715,-63.4118,-5.31092,-63.3805,119.863,119.843,0.51,0.494289,1.07143,4.08821,31.1006
9.7347e+07,-0.816385,-2.23692,8.40348,-14.8392,-55.4879,-14.8631,-55.5139,-5.36317,-70.9996,-5.62864,-70.9708,121.97,121.951,0.51,0.497807,0.999599,4.08847,31.1094
9.7367e+07,-0.720912,-2.09242,7.54416,-15.4347,-45.8238,-15.541,-45.8666,-5.26111,-78.3736,-5.53895,-78.3445,123.924,123.907,0.51,0.496087,0.900236,4.08863,31.0947
9.7387e+07,-0.754362,-2.01776,6.98636,-16.0211,-32.0375,-16.0817,-32.0926,-5.92248,-84.8927,-6.16741,-84.8723,125.909,125.89,0.579,0.55372,0.969471,4.08887,31.08
9.74271e+07,-0.98832,-2.2008,7.77452,-15.6857,-5.01462,-15.7544,-5.05827,-6.97358,-88.9843,-7.2859,-88.9866,130.351,130.324,0.579,0.558136,0.768364,4.0883,31.1094
9.7447e+07,-1.13394,-2.31881,8.8476,-14.5719,2.25256,-14.7438,2.23386,-7.06729,-87.7019,-7.36818,-87.7087,133.405,133.374,0.643,0.615456,0.869691,4.08855,31.1212
9.7527e+07,-1.41822,-1.86362,8.48532,-12.2228,-25.839,-12.308,-25.7791,-9.27162,-67.7935,-9.4641,-67.8341,150.916,150.857,0.7,0.679585,0.748311,4.08844,31.1065
9.7547e+07,-1.41106,-1.86121,8.77023,-11.8337,-40.6787,-12.103,-40.6156,-8.94425,-60.679,-9.1796,-60.7021,155.924,155.879,0.7,0.680164,0.681592,4.08869,31.0888
9.7647e+07,-1.25341,-2.05388,7.22416,-15.6488,-44.923,-15.5896,-44.9661,-9.4747,-23.0912,-9.62874,-23.1094,174.794,174.777,0.826,0.788661,0.618727,4.08918,31.1182
9.7667e+07,-1.21996,-2.12373,7.11243,-16.399,-31.5337,-16.3791,-31.5908,-9.3334,-18.7706,-9.42847,-18.7873,176.153,176.145,0.826,0.786416,0.524269,4.0894,31.0976
9.7887e+07,-0.907211,-1.91901,8.26636,-12.9942,-22.4955,-12.8176,-22.4376,-6.102,-37.2897,-6.24796,-37.2569,175.359,175.368,0.378,0.360371,-1.05772,4.0919,31.1329
9.7907e+07,-0.869067,-1.69744,7.27188,-13.0494,-29.9306,-13.2605,-29.9125,-6.63833,-43.3355,-6.5551,-43.3133,174.245,174.256,0.378,0.358546,-1.04026,4.09206,31.1447
9.7927e+07,-0.849933,-1.81304,7.11973,-14.1901,-31.1215,-14.1748,-31.127,-6.59893,-48.0378,-6.80825,-48.023,172.718,172.733,0.323,0.312193,-1.16867,4.09212,31.1535
9.8067e+07,-1.0528,-2.15263,8.08092,-14.7968,36.68,-14.8279,36.6647,-7.17536,-50.8775,-7.31571,-50.8816,154.916,154.942,0.286,0.266398,-1.0797,4.09322,31.18
9.81471e+07,-0.954963,-1.93587,8.42308,-12.8638,16.8785,-12.9859,16.9253,-6.30526,-56.5721,-6.46489,-56.5535,144.489,144.519,0.261,0.245717,-0.956271,4.09273,31.1947
9.8167e+07,-0.854711,-1.80341,7.95785,-12.6981,4.66477,-12.6544,4.7133,-5.97985,-62.2668,-6.21447,-62.2399,141.939,141.964,0.233,0.223463,-0.998527,4.09293,31.2006
9.8187e+07,-0.878558,-1.9166,8.26159,-12.9903,-7.18255,-12.9185,-7.14176,-5.91425,-68.5263,-6.18756,-68.4994,139.115,139.143,0.233,0.219462,-0.980854,4.09313,31.1947
9.8207e+07,-0.840324,-2.02017,8.28039,-13.6432,-14.9077,-13.5936,-14.8908,-5.6307,-75.9004,-5.97969,-75.8719,135.954,135.981,0.233,0.218755,-0.950432,4.09331,31.1947
9.8227e+07,-0.926256,-2.12855,8.37051,-14.1844,-16.9688,-14.1395,-16.9678,-6.12123,-82.6332,-6.33376,-82.6095,132.367,132.401,0.201,0.192118,-1.0016,4.09348,31.1947
9.8267e+07,-1.28905,-2.70416,10.7513,-14.0218,-17.8848,-14.1874,-17.878,-6.63233,-90.6332,-6.90042,-90.6257,125.741,125.764,0.201,0.187057,-0.891791,4.09259,31.2006
9.8287e+07,-1.28666,-2.71861,10.3998,-14.5436,-18.0986,-14.5204,-18.103,-6.82564,-90.8927,-7.24056,-90.8954,123.267,123.291,0.17,0.161954,-0.896502,4.09272,31.2094
9.8307e+07,-1.21034,-2.37902,8.83096,-14.9439,-13.7932,-14.9585,-13.8145,-7.53863,-89.7477,-7.82672,-89.7545,120.58,120.605,0.17,0.157274,-0.86215,4.09284,31.2006
9.8327e+07,-1.1125,-2.16708,7.79842,-15.3817,-7.61003,-15.2673,-7.63432,-7.82617,-87.9309,-8.01722,-87.9378,117.863,117.891,0.17,0.156648,-0.843955,4.09303,31.1712
9.8347e+07,-1.21516,-2.20321,8.19257,-14.8967,-1.4879,-14.9294,-1.51214,-8.15137,-84.2973,-8.43537,-84.3179,115.252,115.277,0.136,0.129107,-0.911322,4.09221,31.2035
9.8367e+07,-1.46104,-2.45368,9.37712,-14.4962,2.11516,-14.6543,2.10439,-8.5719,-77.5492,-8.85117,-77.5812,113.222,113.237,0.136,0.12425,-0.888961,4.09243,31.2153
9.8387e+07,-1.65681,-2.58614,10.0347,-14.2666,2.17622,-14.3495,2.18158,-9.08373,-67.3507,-9.31399,-67.3964,111.771,111.782,0.136,0.124065,-0.836127,4.09265,31.1947
9.8407e+07,-1.65445,-2.46331,9.70492,-14.0476,-1.51843,-13.9971,-1.50106,-9.38256,-55.2286,-9.5368,-55.2738,110.58,110.585,0.099,0.0944789,-0.874707,4.09294,31.2094
9.8427e+07,-1.52555,-2.32604,9.15183,-14.0741,-6.48026,-14.0376,-6.46051,-9.17723,-44.2057,-9.3831,-44.2473,109.451,109.458,0.099,0.0893655,-0.847952,4.09305,31.2153
9.84474e+07,-1.58523,-2.37902,9.29188,-14.1648,-11.1062,-14.1477,-11.0866,-9.3846,-33.137,-9.5574,-33.1895,108.046,108.063,0.099,0.0889868,-0.812347,4.09324,31.2153
9.8468e+07,-1.61148,-2.4296,9.58623,-14.033,-14.4345,-14.1757,-14.4213,-9.2551,-22.511,-9.434,-22.5521,106.504,106.518,0.064,0.0607649,-0.857213,4.0935,31.2212
9.8488e+07,-4.76064,-3.87705,14.9595,-13.8725,22.1457,-13.9114,21.5351,-17.1218,17.5348,-14.1919,17.0455,95.298,95.6872,0.064,0.0555636,-0.798845,4.09366,31.2212
9.8508e+07,-6.98629,-11.8104,16.105,-33.9312,501.962,-28.845,501.931,-19.2806,-15.0759,-20.5322,-14.5779,-136.565,-135.132,0.064,0.0501753,-0.610718,4.0939,31.2182
9.8528e+07,-9.73941,5.1545,26.6595,10.2931,467.062,0.926712,467.733,-19.7321,87.9317,-19.5298,86.2682,-103.878,-104.943,0.035,0.0317981,-0.489764,4.09404,31.2506
9.8588e+07,2.47353,-0.343911,4.62153,-3.75373,-34.4192,-0.926251,-34.6638,28.0908,-89.5034,32.0444,-89.0035,-4.96158,-4.97612,0.035,0.0248321,-0.557246,4.0939,31.2329
9.8668e+07,-0.788278,-0.26925,7.75845,-1.97743,42.5732,-4.55986,42.322,-5.79802,7.80957,-5.183,7.69189,-4.16769,-4.08043,0.032,0.0287488,-0.421447,4.09444,31.2506
9.8688e+07,-0.943856,1.05538,11.8301,5.08185,43.7793,4.4901,43.8688,-4.54366,46.4966,-5.24884,46.3815,-2.51883,-2.55692,0.032,0.0289435,-0.385039,4.09455,31.2359
9.8768e+07,-0.728778,0.436415,9.96281,2.50153,-1.85431,2.44434,-1.90804,-4.17973,-2.61792,-3.91943,-2.70607,0.290329,0.299195,0.031,0.0291439,-0.291734,4.09528,31.2447
9.8868e+07,-0.272766,0.670031,9.81084,3.90544,0.435766,3.72272,0.456641,-1.58885,0.832467,-1.68319,0.84885,0.0765889,0.0782716,0.031,0.0293629,-0.217539,4.09607,31.2476
9.8888e+07,-0.339607,0.605004,9.75856,3.5455,-1.91538,3.53045,-1.91913,-1.98933,-2.34311,-1.85106,-2.34379,0.229261,0.226474,0.032,0.0303033,-0.202741,4.09628,31.2624
9.8908e+07,-0.387359,0.588145,9.83455,3.41979,0.771644,3.33652,0.756203,-2.25156,0.588192,-2.27292,0.575303,0.0765889,0.0732375,0.032,0.0305448,-0.189448,4.0963,31.2624
9.8928e+07,-0.325287,0.631497,9.76809,3.69692,-0.12912,3.62367,-0.120735,-1.90333,-0.129365,-1.89593,-0.12009,0.0918561,0.095782,0.032,0.0306472,-0.177381,4.09632,31.2712
9.8948e+07,-0.339607,0.605004,9.77993,3.53778,-1.19782,3.52706,-1.20276,-1.985,-1.44234,-1.99659,-1.44584,0.168192,0.166258,0.032,0.0307172,-0.16821,4.09643,31.2771
9.8968e+07,-0.358708,0.600187,9.94376,3.45184,0.634239,3.42709,0.628503,-2.06223,0.404986,-2.05502,0.402768,0.0613217,0.0607323,0.032,0.0307938,-0.156658,4.09662,31.2918
9.9068e+07,-0.246498,0.665215,9.6921,3.92506,-2.72454,4.00366,-2.69873,-1.45346,-3.50341,-1.36771,-3.47296,0.229261,0.221493,0.03,0.0290522,-0.121664,4.09621,31.2771
9.9088e+07,-0.382561,0.506259,9.84866,2.94042,-2.70927,3.124,-2.73244,-2.22154,-2.37364,-2.19784,-2.39237,0.168192,0.167053,0.03,0.029114,-0.112954,4.09624,31.2682
9.9168e+07,-0.444657,0.552019,8.8801,3.55269,4.22203,3.10118,4.18763,-2.86109,-0.801121,-2.28878,-0.768,0.305597,0.290026,0.03,0.0293046,-0.0910318,4.09564,31.2624
9.9188e+07,-0.277514,0.573695,10.2167,3.21276,-2.66347,3.65433,-2.65384,-1.55349,2.22178,-2.01238,2.22659,0.198726,0.192605,0.031,0.0301281,-0.0829402,4.09587,31.3182
9.92681e+07,-0.499598,0.62668,9.89881,3.61789,-0.266524,3.53455,-0.267787,-2.88353,0.878268,-2.84613,0.864346,0.12239,0.126354,0.029,0.028455,-0.0680189,4.09544,31.2771
9.9288e+07,-0.299012,0.597779,9.50922,3.59528,0.84798,3.54269,0.839964,-1.79749,1.06147,-2.02705,1.06502,0.183459,0.181655,0.029,0.0284586,-0.0663602,4.09567,31.2947
9.9308e+07,-0.29663,0.619455,9.88438,3.58443,-0.0527837,3.62035,-0.0465188,-1.71556,-0.0682967,-1.69537,-0.0656629,0.152925,0.148882,0.032,0.0310004,-0.058351,4.09581,31.3006
9.9328e+07,-0.349161,0.614638,9.88917,3.5543,0.0540864,3.51774,0.0513688,-2.01823,-0.26677,-1.91371,-0.267023,0.336131,0.333765,0.032,0.0315106,-0.0481103,4.09586,31.3212
9.9348e+07,-0.294224,0.554428,9.68721,3.27412,-0.739807,3.25649,-0.742928,-1.73684,0.0385735,-1.91443,0.0394884,0.152925,0.152169,0.032,0.0315853,-0.0477873,4.09599,31.3329
9.9368e+07,-0.341989,0.585737,9.78227,3.42454,0.4663,3.24306,0.471562,-1.99868,0.0233064,-1.94598,0.0179471,0.000252962,0.0065954,0.03,0.0299157,-0.0505399,4.09544,31.2829
9.9389e+07,-0.377806,0.58092,9.80129,3.38943,0.374697,3.3723,0.376769,-2.2036,-1.16753,-2.04719,-1.15945,0.0155202,0.014892,0.03,0.0296204,-0.0488122,4.09576,31.33
9.9489e+07,-0.291825,0.515893,9.88184,2.98718,-0.464998,2.99318,-0.462353,-1.68924,-0.0988309,-1.64872,-0.102965,0.183459,0.184087,0.029,0.0288334,-0.0393283,4.09527,31.3447
9.9509e+07,-0.42794,0.542385,9.81314,3.1606,0.00828493,3.07973,0.00675387,-2.49322,0.374451,-2.11275,0.373523,0.137658,0.136455,0.029,0.0287053,-0.0349807,4.09534,31.33
9.9529e+07,-0.267966,0.583328,9.7276,3.43041,-0.755074,3.5752,-0.754676,-1.5751,0.404986,-1.89089,0.410565,0.152925,0.148125,0.029,0.0286916,-0.0330396,4.0955,31.3329
9.9589e+07,-0.339592,0.549611,9.93417,3.16483,-1.04515,3.35644,-1.04556,-1.95486,1.51949,-1.99845,1.5143,0.137658,0.139811,0.033,0.0327847,-0.0156141,4.09608,31.3565
9.9609e+07,-0.318107,0.571286,9.48783,3.44384,0.176224,3.39213,0.180864,-1.91682,-0.297304,-1.77972,-0.30051,0.0307873,0.0393159,0.028,0.0285728,-0.0318422,4.09629,31.33
9.9689e+07,-0.37781,0.597779,9.8583,3.46746,0.435766,3.41073,0.429508,-2.19071,0.374451,-2.30801,0.370473,0.0613217,0.0652998,0.033,0.0327176,-0.0150596,4.09709,31.3624
9.9709e+07,-0.344397,0.655581,9.81088,3.82058,0.283094,3.76072,0.289658,-2.00599,0.175978,-2.03752,0.178052,0.0918561,0.0919724,0.033,0.0328102,-0.0120356,4.09716,31.3741
9.9789e+07,-0.4184,0.585737,9.80133,3.41688,-0.174921,3.41919,-0.182691,-2.44002,-0.617915,-2.31285,-0.617881,0.0613217,0.0665433,0.031,0.0308083,-0.015748,4.09756,31.3565
9.9809e+07,-0.396914,0.602596,9.80372,3.51445,0.206758,3.52382,0.208809,-2.31406,0.588192,-2.36778,0.58571,0.12239,0.121003,0.031,0.030806,-0.015349,4.09769,31.3682
9.9989e+07,-0.356344,0.684482,9.86792,3.96535,-0.464998,3.83564,-0.453659,-2.06318,0.175978,-2.05188,0.183787,0.229261,0.226558,0.029,0.02889,-0.0163974,4.0978,31.3624
1.0001e+08,-0.222544,0.393064,9.5753,2.35002,-4.00698,3.23968,-4.02522,-1.33028,-0.0682967,-1.81727,-0.045477,0.626207,0.607736,0.029,0.0288047,-0.01825,4.09783,31.4065
1.00031e+08,-0.475629,0.301544,9.70121,1.77822,-4.78561,2.33149,-4.79286,-2.80549,-0.388907,-2.70657,-0.375323,-0.534098,-0.507047,0.031,0.0306062,-0.01535,4.09795,31.3859
1.00051e+08,-0.389713,0.467725,10.0362,2.66627,2.43577,2.77645,2.41788,-2.22132,2.43552,-2.25039,2.41636,0.213993,0.205393,0.031,0.0308146,-0.0122534,4.09806,31.3712
1.00071e+08,-0.246487,0.62668,9.99119,3.58799,8.05409,3.25369,8.04671,-1.41046,8.06911,-1.87295,8.06577,-0.366159,-0.350324,0.031,0.0308577,-0.00866735,4.09808,31.4182
1.00192e+08,-0.277504,0.53516,9.94359,3.07947,3.62661,3.24403,3.63121,-1.59628,-2.90799,-1.1606,-2.87154,-1.03791,-1.02579,0.031,0.0308815,-0.0067245,4.09705,31.4124
1.00212e+08,-0.437299,-0.146421,9.93076,-0.8439,11.1991,-0.222309,11.1352,-2.52111,-1.82402,-2.2726,-1.85344,-7.86234,-7.7742,0.03,0.0300922,-0.00559859,4.09721,31.4182
1.00232e+08,-0.595257,1.14931,9.52935,6.8638,28.8022,5.1088,28.7519,-3.54872,8.96987,-3.62947,8.94223,-11.5112,-11.5401,0.03,0.029846,-0.010844,4.09744,31.4182
1.00252e+08,-2.07571,1.13486,9.02252,6.98835,7.87088,8.78588,8.03938,-12.8581,12.2828,-6.97904,12.2988,1.16056,1.08412,0.03,0.029421,-0.0198625,4.09749,31.4035
1.00272e+08,0.142704,0.723016,10.0266,4.12403,0.0540864,4.847,0.00155105,0.813296,20.0691,-0.920205,20.0151,-2.68677,-2.7357,0.033,0.032098,-0.0189986,4.09762,31.3976
1.00292e+08,0.0399264,1.08428,9.82785,6.29576,5.73348,4.80581,5.79661,0.231364,25.2599,0.00288904,25.2725,2.04605,2.0291,0.033,0.0327806,-0.006646,4.0969,31.4182
1.00312e+08,0.207241,0.486992,10.0689,2.76842,-2.6482,3.43909,-2.6396,1.17773,1.25995,0.955682,1.35432,1.78651,1.77286,0.033,0.0328767,-0.000836974,4.09707,31.4565
1.00332e+08,-0.0316017,0.698932,9.89615,4.03988,-0.495532,4.13214,-0.52722,-0.182509,1.47369,0.24143,1.41834,0.000252962,0.0611787,0.031,0.0312188,-0.00106778,4.09722,31.4182
1.00352e+08,-0.879262,0.614638,9.80653,3.57211,-0.785608,3.85783,-0.783608,-5.11351,0.603459,-3.8467,0.600425,0.580406,0.584888,0.031,0.0309006,-0.00388058,4.09737,31.4271
1.00372e+08,-0.289536,0.86993,9.81117,5.06481,1.70294,4.12437,1.64656,-1.68375,13.5958,-2.8956,13.5353,6.91628,6.84511,0.031,0.0308423,-0.00325182,4.09751,31.4624
1.00392e+08,1.31501,1.18543,9.48503,7.05704,7.33653,7.5371,7.38422,7.83301,17.2599,6.9007,17.3185,0.320864,0.507105,0.03,0.02975,-0.0117503,4.09679,31.4535
1.00413e+08,0.558129,0.934957,10.0741,5.29425,-14.7856,5.60166,-14.7479,3.15754,-16.4042,3.25165,-16.3092,0.549871,0.518301,0.03,0.0296931,-0.0106025,4.09696,31.4094
1.00433e+08,-0.523478,0.631497,9.92733,3.63475,-21.0146,4.16636,-20.9896,-3.01239,-25.1828,-1.93206,-25.193,-1.98448,-1.94646,0.03,0.0298331,-0.00385655,4.09721,31.4624
1.00453e+08,-0.423074,0.21725,9.51109,1.30721,-10.0681,1.72647,-10.1333,-2.5463,-10.9996,-2.27116,-11.0318,-2.51883,-2.53368,0.036,0.0349972,0.00920926,4.09735,31.4212
1.00473e+08,-0.334856,0.694115,9.56876,4.14642,4.40523,3.71223,4.35485,-1.99898,1.90117,-2.28883,1.82791,-2.96158,-2.95482,0.036,0.0358557,0.00468257,4.09758,31.4653
1.00493e+08,-0.165372,0.88438,9.74224,5.18623,9.42813,4.87065,9.43951,-0.968508,11.0462,-1.44739,11.0278,-4.83944,-4.81219,0.036,0.035887,0.00241518,4.09703,31.4918
1.00514e+08,0.106862,0.812128,9.91521,4.68222,6.75638,4.38457,6.74848,0.615423,4.38972,0.670274,4.4463,-3.26692,-3.24329,0.034,0.0342087,-0.00407401,4.09736,31.4712
1.00716e+08,-1.97794,1.58523,9.36268,9.40604,5.90141,7.37822,5.89923,-11.7661,8.26758,-7.24278,8.22811,-9.32799,-9.2118,0.032,0.0316771,-0.00968525,4.09914,31.5006
1.00736e+08,0.044767,0.850662,9.80373,4.95904,9.18386,4.69768,9.19169,0.26065,9.30575,0.5416,9.36137,-2.07608,-2.15073,0.032,0.0317395,-0.0132825,4.09928,31.4888
1.00816e+08,4.79414,0.985534,9.56717,5.26187,12.3136,4.91751,12.2697,26.4947,22.3439,16.2029,22.4595,4.79415,4.73729,0.033,0.032146,-0.0235142,4.09975,31.5006
1.00836e+08,0.531797,1.17098,10.4924,6.35995,0.893781,6.51783,0.940353,2.88364,6.46605,2.29392,6.34275,-5.31272,-5.31231,0.033,0.0325657,-0.0180799,4.09986,31.5182
1.01016e+08,-0.119934,0.633905,9.54711,3.79843,-1.31996,3.99536,-1.36381,-0.718148,4.63399,-1.39117,4.54371,10.5957,10.6275,0.033,0.0327755,-0.0151193,4.09981,31.5241
1.01036e+08,0.441219,0.597779,10.1805,3.3573,-0.419196,3.21245,-0.382723,2.47737,18.176,1.46484,18.1389,0.946818,1.05563,0.033,0.0328334,-0.0132165,4.09983,31.5124
1.01056e+08,0.0137472,0.771185,10.1906,4.32765,4.23729,4.10374,4.22404,0.0770719,12.634,0.130761,12.6759,-1.5112,-1.54513,0.043,0.0419752,0.027538,4.10001,31.5182
1.01076e+08,-0.00531868,0.638722,10.0646,3.63125,-2.84668,3.51378,-2.8177,-0.0302174,8.58819,0.0127729,8.60607,1.06896,1.04075,0.043,0.0430338,0.0365435,4.10002,31.5182
1.01096e+08,-0.193884,0.373796,9.39718,2.2774,-7.12149,1.9362,-7.14974,-1.18104,4.9088,-1.18799,4.92942,6.50407,6.4412,0.043,0.0431837,0.0312198,4.10011,31.5418
1.01116e+08,-0.564026,0.467725,9.60896,2.78194,-2.48026,3.07575,-2.51989,-3.35532,-3.99196,-3.40203,-3.95842,6.16819,6.15524,0.038,0.0385543,0.0150177,4.09944,31.5447
1.01136e+08,0.049447,1.19507,9.88738,6.8917,3.45867,6.32795,3.45272,0.284465,-7.56448,-1.6719,-7.56249,5.80178,5.79841,0.038,0.0378988,0.00782942,4.09947,31.5447
1.01216e+08,0.352596,1.58041,10.638,8.44566,4.75638,6.55375,4.79999,1.87778,-1.51868,1.47723,-1.49489,-1.22112,-1.19046,0.04,0.039824,0.00403446,4.09917,31.53
1.01317e+08,0.548524,1.13004,9.24105,6.95965,3.45867,6.25856,3.60756,3.37188,-8.17517,2.1093,-8.15715,0.839948,0.812769,0.04,0.0398897,0.0107639,4.09877,31.5653
1.01338e+08,0.262029,0.963858,10.2287,5.38137,-9.5795,4.84093,-9.57848,1.46096,-11.137,2.59509,-11.1204,5.89338,5.89037,0.04,0.0398452,0.0107667,4.0996,31.5624
1.01359e+08,0.245244,1.21674,9.99171,6.94094,-11.091,5.18653,-11.0699,1.39572,-5.07593,1.63722,-5.1014,7.87812,7.94787,0.035,0.0352466,0.00651422,4.09971,31.5418
1.01379e+08,-0.212934,0.183532,9.26156,1.13495,-23.5337,0.949302,-23.5622,-1.31681,-10.8164,-1.18209,-10.7654,4.42773,4.22798,0.035,0.0350237,0.00326523,4.09982,31.5682
1.01399e+08,-0.92933,0.340079,10.091,1.92207,-21.7322,2.83428,-22.5452,-5.25882,-14.45,-3.56177,-21.843,8.16819,12.7673,0.035,0.0349307,-0.00186997,4.09984,31.5594
1.0142e+08,-0.494936,1.0337,10.3696,5.68636,-0.297059,3.10376,-0.363061,-2.71918,7.7485,-3.35841,7.69874,-0.68677,-0.634937,0.039,0.0386842,0.0149354,4.09926,31.5506
1.0144e+08,-0.487617,0.47495,8.86577,3.06185,10.7564,2.04682,10.6696,-3.14359,-5.61028,-1.2171,-5.5487,1.3743,1.36941,0.039,0.0390107,0.00779919,4.10125,31.5418
1.0146e+08,-0.688157,0.335262,9.2361,2.07313,10.6495,2.27362,10.6793,-4.25829,0.404986,-4.08794,0.340041,-1.90814,-1.96173,0.039,0.0388676,-0.00828009,4.10322,31.5653
1.0148e+08,0.00913557,0.181123,10.3345,1.00407,19.2602,1.87597,19.2195,0.0506409,14.9546,-0.79418,14.9601,-0.503564,-0.539934,0.039,0.0388509,-0.0123691,4.105,31.5712
1.015e+08,0.0280743,0.771185,9.74189,4.52617,4.25256,4.74686,4.35062,0.1646,3.7027,0.206778,3.7702,-0.259289,-0.282663,0.039,0.0388358,-0.00603822,4.1067,31.5535
1.0152e+08,-0.229737,0.499034,9.6752,2.95179,-6.31233,3.3712,-6.30911,-1.35842,-7.15227,-0.827203,-7.1422,0.213993,0.216084,0.038,0.0384824,-0.0109267,4.1084,31.5565
1.0154e+08,-0.408819,0.477358,9.87,2.76656,2.66477,2.62345,2.6313,-2.36909,2.16071,-2.41805,2.12821,0.0613217,0.0609675,0.038,0.037909,-0.0129107,4.1101,31.5829
1.0156e+08,-0.193962,0.653172,9.77513,3.82206,1.22966,3.60741,1.25998,-1.13421,0.252314,-1.16333,0.276861,0.0765889,0.0778769,0.038,0.0378505,-0.0113442,4.11163,31.5888
1.0158e+08,-0.244061,0.4894,9.82002,2.85221,-1.04515,2.97981,-1.05752,-1.42194,-1.0912,-1.31869,-1.10037,0.168192,0.166284,0.039,0.0382153,-0.0105158,4.11308,31.6124
1.016e+08,-0.122303,0.568878,9.7963,3.32321,1.21439,3.11881,1.21724,-0.714078,1.01567,-0.900908,1.01975,0.0460546,0.0461881,0.039,0.0388113,-0.00795797,4.11437,31.5565
1.0162e+08,-0.170044,0.508668,9.83186,2.96121,-0.816143,3.01194,-0.81751,-0.989517,-1.16753,-0.856056,-1.16529,0.152925,0.147524,0.039,0.0388805,-0.00691446,4.11518,31.5594
1.0164e+08,-0.198697,0.506259,9.81289,2.95274,0.771644,2.88316,0.768552,-1.15846,0.511856,-1.18448,0.505238,0.12239,0.121422,0.038,0.0385332,-0.00702776,4.11637,31.5976
1.0166e+08,-0.232134,0.532752,9.77497,3.11875,-0.464998,3.21541,-0.460154,-1.35838,-0.419442,-1.24538,-0.417265,0.0613217,0.0626522,0.038,0.0379419,-0.0084716,4.1175,31.5976
1.0174e+08,-0.193933,0.547202,9.81295,3.19107,0.0235522,3.12593,0.0264565,-1.13043,-0.0988309,-1.11928,-0.0958992,0.137658,0.131399,0.04,0.0399131,-0.000812543,4.1218,31.6094
1.0176e+08,-0.241685,0.532752,9.82484,3.10289,0.176224,3.08728,0.17502,-1.40709,-0.26677,-1.35557,-0.265956,0.107123,0.107023,0.04,0.0399289,0.000139027,4.12274,31.5976
1.0184e+08,-0.174823,0.52071,9.87462,3.01806,-0.0375166,3.03701,-0.0366183,-1.01286,-0.0682967,-1.08493,-0.0665686,0.0613217,0.0600246,0.039,0.0389911,-0.00194146,4.12623,31.6065
1.0186e+08,-0.17244,0.539977,9.82716,3.14461,-0.0527837,3.1273,-0.0521734,-1.00377,-0.236236,-1.04427,-0.235038,0.0918561,0.089288,0.039,0.0389303,-0.0017661,4.12695,31.6006
1.0208e+08,-0.203474,0.511076,9.78441,2.98941,-0.00698221,2.96776,-0.00407382,-1.18971,-0.205701,-1.11257,-0.205995,0.137658,0.136905,0.039,0.0389385,-0.00037808,4.13352,31.63
1.021e+08,-0.193925,0.518301,9.78916,3.03018,0.0388193,3.09498,0.040271,-1.1333,-0.1599,-1.06417,-0.160211,0.259795,0.253348,0.039,0.0389343,-0.000422485,4.13405,31.6241
1.0212e+08,-0.222582,0.530343,9.82957,3.08755,0.0235522,3.09026,0.0241007,-1.29531,-0.0988309,-1.27383,-0.0991361,0.152925,0.148629,0.039,0.0389341,2.87592e-06,4.13438,31.6241
1.0218e+08,-0.227347,0.491809,9.80339,2.87119,0.0235522,2.9226,0.0261449,-1.32682,-0.0835638,-1.20028,-0.0826949,-0.0150142,-0.0135302,0.038,0.0385741,-0.00103857,4.1352,31.6506
1.022e+08,-0.146162,0.499034,9.77009,2.92367,-0.00698221,2.97711,-0.00467719,-0.855976,-0.0377624,-0.928144,-0.04067,0.198726,0.190964,0.038,0.0379922,-0.00278701,4.13547,31.6065
1.0224e+08,-0.205861,0.508668,9.82714,2.96242,0.115155,3.05156,0.114284,-1.19846,-0.175167,-1.16902,-0.175415,0.0613217,0.059655,0.039,0.0382843,-0.0015891,4.13563,31.6065
1.0234e+08,-0.196304,0.4894,9.79624,2.85943,-0.12912,2.98071,-0.129411,-1.14655,-0.0682967,-1.11433,-0.0706185,0.0918561,0.0997344,0.038,0.0379352,-0.00180332,4.1366,31.6241
1.0236e+08,-0.21542,0.53516,9.85094,3.10884,0.099888,3.04894,0.100734,-1.2509,-0.175167,-1.30023,-0.177515,0.0918561,0.0898954,0.038,0.0379272,-0.00167626,4.13705,31.6212
1.0238e+08,-0.167659,0.52071,9.82001,3.03485,0.206758,3.03954,0.205505,-0.976756,-0.0377624,-1.0136,-0.037136,0.0307873,0.0376349,0.038,0.0379281,-0.00156249,4.1374,31.6535
1.024e+08,-0.191543,0.542385,9.80344,3.16612,0.0846208,3.25916,0.0834302,-1.11762,-0.144633,-1.19869,-0.149359,0.213993,0.215124,0.038,0.0379236,-0.000688653,4.13773,31.6094
1.0242e+08,-0.222583,0.532752,9.85569,3.09334,0.0388193,3.10321,0.0438389,-1.29187,-0.0835638,-1.24595,-0.0815259,0.290329,0.2851,0.038,0.0379293,-0.000441442,4.13805,31.6476
1.0244e+08,-0.201085,0.508668,9.76303,2.98186,0.130422,2.99302,0.126592,-1.17833,0.374451,-1.20954,0.364031,0.0155202,0.0196363,0.039,0.0388446,0.002398,4.13784,31.6153
1.02461e+08,-0.19871,0.552019,9.83195,3.21287,0.0846208,3.12825,0.0867501,-1.156,-0.572114,-1.23508,-0.565836,0.107123,0.101669,0.039,0.0389396,0.00220198,4.13798,31.63
1.02481e+08,-0.229749,0.542385,9.77499,3.17504,0.115155,3.12468,0.110653,-1.34435,0.0996423,-1.22641,0.0969583,-0.0150142,-0.00201387,0.039,0.0389553,0.00331267,4.13845,31.6447
1.02501e+08,-0.172438,0.532752,9.84615,3.09665,0.0388193,3.12816,0.0406781,-1.00187,-0.1599,-1.01688,-0.15725,0.152925,0.148747,0.038,0.038045,0.00014491,4.13865,31.6653
1.02521e+08,-0.215426,0.556836,9.8296,3.2415,0.176224,3.04687,0.174423,-1.25349,-0.740052,-1.23591,-0.732935,0.168192,0.162557,0.038,0.0379565,0.000986272,4.13875,31.6653
1.02541e+08,-0.22735,0.503851,9.89838,2.91321,0.283094,2.98438,0.279841,-1.31406,0.0385735,-1.38167,0.0406109,0.0460546,0.0481037,0.038,0.0379404,0.000741196,4.13893,31.6418
1.02562e+08,-0.1796,0.525527,9.7298,3.09113,-0.419196,3.10033,-0.418771,-1.05595,-0.343106,-1.15853,-0.343392,0.0460546,0.0462044,0.038,0.0379452,0.00143756,4.13919,31.6535
1.02583e+08,-0.177216,0.539977,9.92926,3.11232,0.267827,3.09586,0.272231,-1.02099,0.420253,-1.10731,0.418698,0.107123,0.103659,0.038,0.037941,0.000942501,4.13943,31.6476
1.02603e+08,-0.241702,0.592962,9.72759,3.48717,0.00828493,3.42718,-0.00638816,-1.4207,-0.48051,-1.29289,-0.598206,0.0765889,0.0615088,0.038,0.0379355,0.000430563,4.13957,31.6388
1.02624e+08,-0.227377,0.600187,9.91278,3.46394,0.206758,3.54231,0.209773,-1.31161,0.282848,-1.36299,0.284288,0.152925,0.149476,0.039,0.0388641,0.00321803,4.13963,31.6888
1.02664e+08,-0.10555,0.42919,9.80081,2.50731,0.710575,2.38001,0.705827,-0.616432,-0.0072279,-0.767568,-0.00368157,0.183459,0.187346,0.039,0.0389807,0.00253303,4.13942,31.6565
1.02684e+08,-0.139026,0.597779,9.94594,3.43916,0.0388193,3.23145,0.0433057,-0.799397,-0.37364,-0.796877,-0.375335,0.0918561,0.0894647,0.039,0.03897,0.00452493,4.13965,31.6653
1.02764e+08,-0.160493,0.513484,9.72739,3.02128,0.222025,2.92177,0.21819,-0.943931,0.22178,-1.09969,0.218306,0.229261,0.220387,0.038,0.0379621,0.00137599,4.14045,31.6682
1.02784e+08,-0.110373,0.600187,9.88181,3.47546,0.771644,3.38316,0.772197,-0.63875,0.359184,-0.70479,0.361533,0.137658,0.134459,0.039,0.0383053,0.00168038,4.14063,31.6859
1.02864e+08,-0.23455,0.633905,9.8155,3.6941,0.206758,3.42134,0.205612,-1.36603,-0.1599,-1.49842,-0.162492,0.0460546,0.0515186,0.039,0.0389595,0.00498626,4.14089,31.6712
1.02884e+08,-0.160523,0.619455,9.6872,3.65833,0.0388193,3.75706,0.0371353,-0.947405,-0.0835638,-1.06489,-0.0842294,0.0765889,0.0796794,0.039,0.0389335,0.0026515,4.14113,31.6682
1.02964e+08,-0.213041,0.568878,9.82012,3.31465,-0.0985852,3.32569,-0.0991487,-1.24072,-0.129365,-1.24462,-0.132324,0.0765889,0.0780027,0.039,0.0395944,0.00408472,4.1415,31.6594
1.02984e+08,-0.220186,0.501442,9.78678,2.93234,0.0846208,2.96844,0.0822764,-1.28715,-0.114098,-1.26358,-0.11381,0.0765889,0.078561,0.039,0.039019,0.00196552,4.14154,31.6976
1.03064e+08,-0.107959,0.506259,9.79856,2.95747,0.160957,3.01317,0.160081,-0.630409,-0.205701,-0.720444,-0.205384,-0.0455486,-0.0412807,0.039,0.0389542,0.00206657,4.14218,31.7094
1.03084e+08,-0.291826,0.518301,9.81774,3.02064,-0.0833181,2.98038,-0.0839104,-1.70021,-0.282037,-1.50133,-0.285556,0.137658,0.140368,0.04,0.0393184,0.00345169,4.14228,31.6682
1.03104e+08,-0.287058,0.544794,9.77504,3.1886,0.14569,3.23673,0.147152,-1.67948,-0.0224953,-1.58661,-0.0233773,0.0613217,0.05818,0.04,0.0398907,0.00507848,4.14236,31.6624
1.03124e+08,-0.232133,0.530343,9.84382,3.08302,-0.00698221,3.1324,-0.00910007,-1.34892,-0.144633,-1.44286,-0.148737,0.0460546,0.0463598,0.04,0.0399506,0.00477008,4.14245,31.6712
1.03144e+08,-0.148558,0.527935,9.77252,3.09189,-0.0527837,3.07228,-0.0498411,-0.869655,-0.0988309,-0.948209,-0.0970174,0.0918561,0.0993479,0.039,0.0396016,0.00342993,4.14253,31.6918
1.03164e+08,-0.205871,0.544794,9.78684,3.18543,0.0693537,3.18248,0.06932,-1.20321,-0.144633,-1.174,-0.144695,0.137658,0.136908,0.039,0.0390066,0.000238269,4.1426,31.6918
1.03184e+08,-0.191536,0.515893,9.82714,3.00451,0.14569,3.06505,0.145429,-1.11505,-0.129365,-1.11268,-0.127897,0.229261,0.22674,0.039,0.038946,0.000868211,4.14251,31.68
1.03264e+08,-0.224985,0.585737,9.80354,3.41832,0.099888,3.33566,0.0972563,-1.31233,-0.129365,-1.31901,-0.130862,0.12239,0.120974,0.04,0.0392954,0.00155261,4.14239,31.7359
1.03688e+08,-0.193931,0.542385,9.78208,3.173,0.0540864,3.08591,0.0549123,-1.13401,-0.358373,-0.97616,-0.357728,0.0460546,0.0555673,0.039,0.0389522,0.00143269,4.14374,31.7565
1.03708e+08,-0.284664,0.523118,9.82961,3.04505,0.0540864,2.98609,0.0549726,-1.65647,-0.220968,-1.65133,-0.223585,0.0918561,0.0936608,0.039,0.0389478,0.00228443,4.14367,31.7829
1.03788e+08,-0.246456,0.513484,9.76783,3.00825,0.0540864,2.97381,0.0511212,-1.44335,-0.0988309,-1.53538,-0.102926,0.0918561,0.0940645,0.039,0.0389485,0.00223713,4.14421,31.7624
1.03808e+08,-0.198704,0.532752,9.88653,3.08387,0.267827,3.06038,0.269855,-1.14974,0.0843751,-1.1567,0.082353,0.152925,0.15239,0.039,0.0389519,0.0024497,4.1442,31.7712
1.03828e+08,-0.186778,0.58092,9.84861,3.37507,-0.144387,3.31292,-0.144646,-1.0846,-0.114098,-1.0386,-0.112653,0.152925,0.152767,0.039,0.0389512,0.00321144,4.14419,31.7653
1.03888e+08,-0.220189,0.511076,9.82479,2.97704,0.00828493,2.98993,0.00708791,-1.28214,-0.190434,-1.19572,-0.18957,-0.0150142,-0.00879116,0.039,0.0389544,0.00248552,4.14442,31.8182
1.03908e+08,-0.198708,0.544794,9.78446,3.18625,0.0846208,3.13529,0.0837118,-1.16163,-0.190434,-1.164,-0.188949,0.229261,0.228246,0.039,0.0389545,0.00281126,4.14448,31.7918
1.03928e+08,-0.279902,0.571286,9.72996,3.35883,-0.00698221,3.34577,-0.00316886,-1.64494,-0.175167,-1.52146,-0.174592,0.107123,0.102935,0.039,0.0389421,0.00215837,4.14446,31.8241
1.03948e+08,-0.167655,0.506259,9.81761,2.9515,-0.113852,3.09389,-0.111797,-0.977045,-0.175167,-1.12732,-0.173438,0.0918561,0.0853648,0.039,0.038948,0.00278798,4.14452,31.7888
1.03968e+08,-0.1581,0.494217,9.79384,2.88844,0.191491,3.00218,0.189095,-0.923661,-0.282037,-1.00714,-0.2788,0.107123,0.106614,0.039,0.0389586,0.00310701,4.14458,31.7947
1.03988e+08,-0.198697,0.506259,9.79389,2.95845,0.115155,2.99732,0.114856,-1.1607,-0.282037,-1.12939,-0.282031,0.0460546,0.0503171,0.038,0.0383591,0.000904566,4.14473,31.7741
1.04008e+08,-0.236918,0.561653,9.79876,3.27958,0.0693537,3.27202,0.0702135,-1.38278,-0.114098,-1.41211,-0.116143,0.152925,0.150876,0.038,0.0379732,-0.000278856,4.14478,31.8094
1.04028e+08,-0.220194,0.530343,9.77733,3.10402,0.099888,3.15459,0.0992714,-1.28824,-0.251503,-1.28008,-0.249153,0.107123,0.108508,0.038,0.0379348,-0.000187912,4.14474,31.7859
1.04049e+08,-0.167658,0.518301,9.86274,3.00778,0.0846208,2.98092,0.0852082,-0.972545,-0.205701,-0.985958,-0.203983,0.0307873,0.0350242,0.04,0.0391406,0.00386884,4.14479,31.8241
1.0407e+08,-0.196331,0.583328,9.8415,3.39141,0.0540864,3.29217,0.0529184,-1.14085,-0.220968,-1.12661,-0.220945,-0.0150142,-0.0101425,0.04,0.0398866,0.00659009,4.14517,31.7829
1.04091e+08,-0.205864,0.52071,9.82479,3.03315,0.130422,3.09292,0.13102,-1.19869,-0.1599,-1.13097,-0.160448,0.0765889,0.0766126,0.04,0.0399695,0.00613963,4.1452,31.83
1.04191e+08,-0.198701,0.52071,9.82478,3.0332,-0.12912,3.07282,-0.125268,-1.157,-0.1599,-1.07772,-0.157285,0.320864,0.314462,0.039,0.0389267,0.00301179,4.14542,31.8447
1.04211e+08,-0.210639,0.515893,9.79867,3.0131,0.0540864,3.02358,0.0546395,-1.22978,-0.1599,-1.19542,-0.160797,0.0765889,0.074595,0.039,0.0389578,0.00338946,4.14535,31.8535
1.04231e+08,-0.246466,0.549611,9.83674,3.19697,-0.113852,3.08647,-0.112033,-1.43305,-0.0530295,-1.47862,-0.0571632,0.0613217,0.0638905,0.039,0.0389554,0.00304642,4.14537,31.8153
1.04251e+08,-0.215434,0.585737,9.80353,3.41839,0.130422,3.3057,0.131879,-1.25664,0.00803924,-1.27965,0.00863823,-0.0302813,-0.0210861,0.039,0.0389512,0.00325239,4.14538,31.8329
1.04271e+08,-0.196318,0.539977,9.79395,3.1551,-0.159654,3.16559,-0.15731,-1.14659,-0.220968,-1.14364,-0.222464,0.0613217,0.063992,0.039,0.0389539,0.003357,4.14549,31.8153
1.04311e+08,-0.198702,0.523118,9.83428,3.04426,-0.0527837,3.09616,-0.0524837,-1.15587,-0.114098,-1.14305,-0.116138,0.107123,0.106407,0.04,0.0399471,0.00621864,4.14543,31.8565
1.04331e+08,-0.170054,0.547202,9.78206,3.20127,-0.0375166,3.08962,-0.0360889,-0.994392,-0.0988309,-1.04999,-0.0996891,0.107123,0.104532,0.04,0.0399798,0.00686774,4.14561,31.8506
1.04351e+08,-0.236909,0.530343,9.81059,3.0934,0.0846208,3.09899,0.083745,-1.38131,-0.388907,-1.25166,-0.387681,0.213993,0.211269,0.039,0.0393768,0.00432478,4.14562,31.8741
1.04371e+08,-0.196322,0.554428,9.73461,3.25905,0.435766,3.23534,0.43454,-1.15349,0.0691078,-1.28439,0.0704907,0.0918561,0.0819965,0.039,0.0389913,0.00202266,4.14554,31.8741
1.04391e+08,-0.184384,0.556836,9.84857,3.23548,-0.12912,3.23878,-0.125532,-1.07085,-0.205701,-0.974023,-0.204491,0.0460546,0.0461128,0.039,0.0389485,0.00210988,4.14546,31.8565
1.04411e+08,-0.198682,0.453274,9.88165,2.6258,-0.251257,2.69986,-0.253336,-1.15063,-0.312572,-1.18255,-0.316417,0.137658,0.136992,0.038,0.0383662,0.00208516,4.14556,31.8359
1.04431e+08,-0.217811,0.547202,9.67289,3.23699,0.527369,3.13489,0.525566,-1.28789,-0.0377624,-1.31651,-0.0406562,0.198726,0.197991,0.038,0.0379805,-0.00151854,4.14557,31.8594
1.04451e+08,-0.217826,0.602596,9.92227,3.47456,0.130422,3.48974,0.133382,-1.25532,0.0233064,-1.32658,0.0206855,0.244528,0.237672,0.038,0.0379133,-0.00154639,4.14558,31.8682
1.04471e+08,-0.158106,0.515893,9.85086,2.99748,-0.403929,3.10241,-0.40417,-0.918261,-0.0682967,-1.05256,-0.0697365,0.152925,0.155007,0.038,0.0379263,-0.00014666,4.1455,31.8535
1.04491e+08,-0.196299,0.470133,9.75585,2.75838,0.25256,2.75441,0.246385,-1.15137,-0.48051,-1.04736,-0.475789,0.137658,0.138806,0.038,0.0379455,-0.000492654,4.14543,31.8506
1.04512e+08,-0.220202,0.559244,9.82486,3.25702,0.405232,3.17619,0.402926,-1.28187,0.0996423,-1.21582,0.096659,0.336131,0.332814,0.038,0.0379314,-0.00121194,4.14553,31.8829
1.04532e+08,-0.184412,0.657989,9.85585,3.8188,-0.0680509,3.67349,-0.0685472,-1.06955,-0.114098,-1.12251,-0.114397,0.198726,0.201312,0.04,0.0391172,0.00345705,4.14562,31.8771
1.04552e+08,-0.181984,0.513484,9.78202,3.00433,0.0235522,3.07085,0.0226484,-1.06434,-0.297304,-1.06151,-0.296411,0.0918561,0.091855,0.04,0.0398754,0.00470423,4.14554,31.8712
1.04572e+08,-0.248848,0.530343,9.87232,3.07401,-0.144387,3.0281,-0.14377,-1.44185,-0.175167,-1.29505,-0.177201,0.0613217,0.0659689,0.04,0.0399608,0.00523042,4.14555,31.8565
1.04592e+08,-0.20586,0.503851,9.82239,2.93584,0.160957,3.01464,0.158883,-1.19907,0.0843751,-1.24684,0.0828443,0.0613217,0.0647355,0.038,0.0387666,0.00120424,4.14539,31.9094
1.04633e+08,-0.186771,0.554428,9.80108,3.23707,0.130422,3.11866,0.129248,-1.08996,-0.175167,-1.06659,-0.174004,0.213993,0.213746,0.038,0.0379371,-0.00152336,4.14526,31.8918
1.04653e+08,-0.186754,0.494217,9.8271,2.87853,-0.0833181,2.99387,-0.0820878,-1.08734,-0.205701,-1.06144,-0.204814,0.229261,0.222337,0.04,0.0391302,0.0022685,4.14537,31.9124
1.04673e+08,-0.217819,0.576103,9.84151,3.34934,0.130422,3.28604,0.12896,-1.26574,-0.220968,-1.27885,-0.220715,0.0918561,0.0913455,0.04,0.0398735,0.00488389,4.14547,31.88
1.04693e+08,-0.198706,0.539977,9.82719,3.14444,-0.0375166,3.08446,-0.0369672,-1.15662,-0.129365,-1.2181,-0.129704,0.198726,0.195971,0.04,0.039958,0.00520797,4.14514,31.9035
1.04714e+08,-0.224975,0.547202,9.84622,3.18011,0.130422,3.05542,0.129225,-1.3069,-0.0835638,-1.23505,-0.0844389,0.213993,0.205274,0.04,0.0399691,0.00506041,4.14526,31.8888
1.04735e+08,-0.210645,0.537569,9.79395,3.14096,-0.0527837,3.14097,-0.0501626,-1.23026,-0.0682967,-1.18151,-0.0689684,0.12239,0.1233,0.04,0.0399677,0.0046866,4.14545,31.8888
1.04755e+08,-0.193927,0.525527,9.7868,3.07309,-0.0222493,3.07899,-0.0242762,-1.13354,-0.220968,-1.09362,-0.220353,0.290329,0.276737,0.04,0.039966,0.0043367,4.14538,31.9182
1.04775e+08,-0.18677,0.549611,9.79633,3.21056,0.0388193,3.09336,0.0393782,-1.09051,-0.26677,-1.13708,-0.266481,0.12239,0.123214,0.038,0.0384643,-0.000463087,4.14548,31.9006
1.04795e+08,-0.217805,0.525527,9.86517,3.04857,0.099888,3.11022,0.101344,-1.26299,-0.129365,-1.17468,-0.130895,0.152925,0.152294,0.038,0.0379822,-0.0014639,4.14541,31.8918
1.04815e+08,-0.196321,0.549611,9.82245,3.20198,-0.0222493,3.1464,-0.0245595,-1.14323,-0.220968,-1.2451,-0.22391,-0.0302813,-0.0259549,0.038,0.0379278,-0.0014764,4.14559,31.93
1.04835e+08,-0.20109,0.525527,9.80817,3.06636,-0.0527837,3.1751,-0.0530266,-1.17285,-0.220968,-1.2325,-0.219472,0.0613217,0.0606388,0.039,0.0386721,0.000906651,4.1456,31.9241
1.04855e+08,-0.201086,0.511076,9.78678,2.9887,0.176224,2.97071,0.17379,-1.17547,-0.205701,-1.21391,-0.206029,0.137658,0.13313,0.039,0.038922,0.00205868,4.14569,31.8947
1.04875e+08,-0.181985,0.515893,9.80339,3.01183,0.0388193,3.08412,0.0417448,-1.06202,-0.0072279,-1.00717,-0.00749849,0.152925,0.15332,0.039,0.0389474,0.00202453,4.14561,31.9153
1.04895e+08,-0.181983,0.511076,9.79626,2.98593,0.0235522,3.00473,0.0191859,-1.06281,-0.297304,-0.989996,-0.297338,0.0613217,0.0661152,0.038,0.0382042,0.000158437,4.1457,31.9124
1.04915e+08,-0.198708,0.547202,9.83432,3.18412,-0.0833181,3.16291,-0.076026,-1.15575,-0.0988309,-1.09702,-0.0985484,0.229261,0.22582,0.038,0.0379606,-0.00059986,4.14578,31.9065
1.04935e+08,-0.239293,0.515893,9.79869,3.0129,0.0388193,3.02731,0.0373725,-1.397,-0.114098,-1.3353,-0.117684,0.0460546,0.049456,0.038,0.0379393,3.59955e-05,4.14595,31.9153
1.04955e+08,-0.181993,0.547202,9.83906,3.1827,0.130422,3.19948,0.130106,-1.05805,-0.114098,-1.18153,-0.108851,0.107123,0.109925,0.04,0.0394357,0.00492148,4.14611,31.93
1.04975e+08,-0.201083,0.501442,9.80338,2.92751,-0.0833181,2.95472,-0.0853505,-1.17353,-0.1599,-1.23158,-0.16164,0.0307873,0.0375707,0.04,0.0399239,0.0068772,4.14617,31.9035
1.04995e+08,-0.244075,0.539977,9.80586,3.15094,0.176224,3.12559,0.177636,-1.42369,-0.129365,-1.37146,-0.129079,0.259795,0.255437,0.04,0.0399729,0.00673986,4.14615,31.9476
1.05015e+08,-0.17243,0.503851,9.82473,2.93533,0.0388193,3.06424,0.0390671,-1.00415,-0.0835638,-1.11793,-0.085343,0.0918561,0.0883728,0.039,0.0392272,0.00443823,4.14613,31.9271
1.05035e+08,-0.198701,0.52071,9.82003,3.03466,0.115155,3.06826,0.113642,-1.15755,-0.0530295,-1.1478,-0.0536166,0.198726,0.196555,0.039,0.0389891,0.00337913,4.14619,31.9388
1.05055e+08,-0.208259,0.544794,9.75835,3.19469,0.0846208,3.1724,0.0843107,-1.2207,0.0385735,-1.1393,0.0347615,0.107123,0.105276,0.039,0.0389622,0.00345893,4.14626,31.9271
1.05075e+08,-0.205868,0.532752,9.83193,3.10091,0.14569,3.10236,0.143351,-1.19777,-0.0377624,-1.21697,-0.0406646,0.259795,0.250794,0.039,0.0389572,0.00332853,4.14614,31.9565
1.05095e+08,-0.181991,0.539977,9.86516,3.13247,-0.0375166,3.19399,-0.0366467,-1.05529,-0.251503,-1.07001,-0.24681,0.229261,0.227062,0.039,0.0389552,0.0033855,4.14612,31.9712
1.05215e+08,-0.193924,0.515893,9.77254,3.02125,0.130422,3.07137,0.132698,-1.13523,0.0996423,-1.19556,0.0975745,0.12239,0.114639,0.039,0.0389764,0.001631,4.1463,31.9682
1.05235e+08,-0.201098,0.554428,9.81059,3.23385,0.0846208,3.14082,0.0822671,-1.17242,-0.236236,-1.06675,-0.235066,0.0765889,0.08458,0.039,0.0389502,0.00144929,4.14619,31.9829
1.05255e+08,-0.172435,0.52071,9.77965,3.04732,0.115155,3.06673,0.115715,-1.00871,-0.114098,-1.01055,-0.114371,0.290329,0.2799,0.039,0.0389502,0.00170665,4.14608,31.9682
1.05275e+08,-0.229743,0.52071,9.77732,3.04767,-0.0375166,3.07668,-0.0366355,-1.34416,-0.205701,-1.26311,-0.204477,0.137658,0.137722,0.039,0.0389458,0.00133135,4.14598,31.9771
1.05295e+08,-0.215416,0.523118,9.79868,3.05519,0.206758,3.05013,0.204985,-1.25761,-0.0988309,-1.30957,-0.100543,0.0460546,0.0462175,0.039,0.0389432,0.00139918,4.14588,31.9829
1.05315e+08,-0.210656,0.576103,9.77977,3.37048,0.115155,3.29074,0.115754,-1.23182,-0.175167,-1.17824,-0.171655,0.183459,0.184059,0.04,0.0396914,0.00384567,4.14579,31.9506
1.05335e+08,-0.215425,0.554428,9.86046,3.21743,0.191491,3.26771,0.187978,-1.24959,-0.0072279,-1.19533,-0.00812607,0.152925,0.150983,0.04,0.0399293,0.00456168,4.14587,31.9771
1.05355e+08,-0.19393,0.537569,9.86992,3.11696,-0.0375166,3.09797,-0.0380362,-1.12397,-0.312572,-1.17167,-0.308708,0.152925,0.154065,0.04,0.0399633,0.00529123,4.14595,31.9594
1.05375e+08,-0.244077,0.547202,9.78688,3.19919,0.0235522,3.13201,0.0224387,-1.42639,-0.1599,-1.25462,-0.159623,0.244528,0.239572,0.04,0.0399681,0.00499098,4.14594,31.9653
1.05395e+08,-0.222573,0.499034,9.72268,2.93746,0.0388193,3.13477,0.0411573,-1.30967,0.0843751,-1.23348,0.0855085,0.0307873,0.0349888,0.04,0.039958,0.00381099,4.14592,31.9829
1.05415e+08,-0.193925,0.52071,9.82715,3.0325,-0.0527837,3.13128,-0.053055,-1.12892,-0.343106,-1.12834,-0.340741,0.183459,0.180747,0.04,0.0399566,0.00398836,4.14583,31.9682
1.05435e+08,-0.222593,0.568878,9.70854,3.35257,0.0388193,3.20503,0.0384851,-1.31117,-0.205701,-1.26852,-0.20631,0.0613217,0.0615025,0.039,0.0392087,0.00129131,4.14582,31.9653
1.05455e+08,-0.222582,0.530343,9.78446,3.10175,0.0540864,3.16981,0.0550175,-1.30126,-0.220968,-1.4047,-0.221511,0.168192,0.166761,0.039,0.0389545,-0.000888302,4.14582,31.9741
1.05475e+08,-0.191556,0.585737,9.87711,3.39317,-0.144387,3.24198,-0.141764,-1.1091,0.0691078,-1.22824,0.0685199,0.213993,0.207129,0.039,0.0389301,-0.000110002,4.1459,32.0035
1.05495e+08,-0.103188,0.523118,9.73211,3.07662,-0.113852,3.08073,-0.110938,-0.6066,0.0843751,-0.68417,0.0837442,0.183459,0.178176,0.041,0.0404392,0.00436878,4.14589,32.0153
1.05515e+08,-0.162895,0.561653,9.81769,3.27377,0.14569,3.25256,0.144825,-0.94901,-0.220968,-0.898096,-0.22386,0.0155202,0.0183671,0.041,0.040909,0.00455453,4.14563,32.0006
1.05536e+08,-0.217808,0.53516,9.87705,3.10062,-0.190188,3.12474,-0.189571,-1.26143,-0.205701,-1.22003,-0.205114,0.000252962,0.00193294,0.041,0.0409573,0.00533336,4.14572,32.0271
1.05556e+08,-0.28705,0.518301,9.82248,3.01923,0.0846208,3.01244,0.0807574,-1.6716,-0.1599,-1.51636,-0.159107,0.12239,0.11919,0.04,0.0402198,0.00358505,4.14572,32.0182
1.05576e+08,-0.246456,0.515893,9.75359,3.02674,0.130422,3.07799,0.12957,-1.44544,-0.190434,-1.34945,-0.188407,0.107123,0.11201,0.04,0.0399793,0.00237445,4.1458,32.0182
1.05596e+08,-0.201095,0.544794,9.84856,3.16555,0.0235522,3.16472,0.0232699,-1.16796,-0.114098,-1.2043,-0.114675,0.137658,0.142365,0.04,0.0399482,0.002168,4.14588,32.0329
1.05616e+08,-0.17721,0.52071,9.78678,3.04508,0.115155,3.01305,0.112546,-1.03588,-0.1599,-1.10791,-0.156088,0.244528,0.238664,0.04,0.0399505,0.00192752,4.14562,31.9859
1.05637e+08,-0.181982,0.506259,9.83662,2.94573,0.0235522,2.99481,0.0241162,-1.05848,-0.358373,-1.074,-0.358621,0.137658,0.13564,0.04,0.0399515,0.00204797,4.14571,32.0006
1.05657e+08,-0.205868,0.532752,9.77732,3.11819,0.191491,3.07742,0.190023,-1.20443,-0.129365,-1.19524,-0.127892,0.168192,0.165829,0.04,0.0399485,0.00191612,4.1458,32.0418
1.05677e+08,-0.203497,0.595371,9.71332,3.50675,0.130422,3.41802,0.127558,-1.19794,-0.190434,-1.18047,-0.189846,0.12239,0.126021,0.038,0.0384373,-0.00305487,4.14563,32.0712
1.05697e+08,-0.198705,0.53516,9.8438,3.1112,0.0846208,3.14847,0.0849534,-1.1547,-0.297304,-1.21612,-0.29296,0.0765889,0.0774428,0.038,0.0379596,-0.0038084,4.14563,32.0447
1.05717e+08,-0.189146,0.508668,9.78914,2.974,-0.0985852,2.97964,-0.10002,-1.10544,-0.114098,-1.11423,-0.112713,0.12239,0.126341,0.038,0.0379186,-0.00371299,4.14555,32.0329
1.05738e+08,-0.179584,0.470133,9.86979,2.72669,0.0388193,2.88204,0.0391174,-1.04122,-0.0682967,-1.04417,-0.0680588,0.198726,0.193919,0.04,0.0394236,0.0019139,4.1448,32.03
1.05759e+08,-0.203494,0.583328,9.78215,3.41188,-0.00698221,3.28962,-0.00639378,-1.18962,-0.205701,-1.18781,-0.206289,0.183459,0.179531,0.04,0.0399172,0.00315513,4.14476,32.0565
1.05779e+08,-0.196308,0.503851,9.82238,2.9359,-0.0833181,3.0325,-0.0830023,-1.14345,-0.0530295,-1.18172,-0.0545205,0.0918561,0.0886652,0.04,0.0399475,0.00282986,4.14498,32.0447
1.05799e+08,-0.217806,0.530343,9.80345,3.09579,-0.0985852,3.07739,-0.0985789,-1.27089,-0.144633,-1.32533,-0.145521,0.107123,0.109723,0.039,0.039107,0.000574409,4.1451,32.0241
1.05819e+08,-0.205876,0.561653,9.8486,3.26326,0.0540864,3.1672,0.056136,-1.1956,-0.205701,-1.20794,-0.203381,0.107123,0.111901,0.039,0.0389527,0.000338663,4.14488,32.0712
1.05839e+08,-0.136626,0.552019,9.87226,3.20012,-0.0985852,3.13545,-0.0951049,-0.79165,-0.190434,-0.939714,-0.188428,0.229261,0.223202,0.039,0.0389399,0.00050799,4.14501,32.0418
1.05859e+08,-0.184368,0.499034,9.77013,2.92347,-0.0375166,2.93688,-0.0360321,-1.07967,-0.205701,-1.10881,-0.203375,0.213993,0.214496,0.038,0.0380997,-0.00153843,4.14504,32.0771
1.05879e+08,-0.213027,0.515893,9.76306,3.02405,0.00828493,3.0151,0.00798583,-1.24824,-0.236236,-1.1469,-0.238563,0.152925,0.152061,0.038,0.0379479,-0.0016776,4.14508,32.0329
1.05899e+08,-0.246462,0.537569,9.77499,3.14677,-0.00698221,3.0189,-0.00785741,-1.44215,-0.0988309,-1.46831,-0.102354,0.198726,0.192292,0.038,0.037929,-0.00129032,4.14519,32.0565
1.05919e+08,-0.239306,0.561653,9.81301,3.27481,0.0388193,3.2652,0.0414402,-1.39469,-0.0682967,-1.39515,-0.0718029,0.168192,0.1674,0.039,0.0387664,0.00114041,4.14522,32.0594
1.05939e+08,-0.227346,0.4894,9.82001,2.85233,0.0235522,2.9788,0.0238009,-1.32459,-0.26677,-1.28627,-0.265611,0.152925,0.15091,0.039,0.0389256,0.00148962,4.14516,32.1006
1.05959e+08,-0.167662,0.532752,9.8129,3.10714,-0.144387,3.06898,-0.139676,-0.977416,-0.0377624,-1.06915,-0.0409315,0.183459,0.184248,0.039,0.0389487,0.00206146,4.14527,32.0888
1.05979e+08,-0.217813,0.554428,9.78212,3.24312,0.0540864,3.21062,0.0543131,-1.27352,-0.205701,-1.21961,-0.205684,0.168192,0.164564,0.039,0.0389448,0.00192463,4.1453,32.0565
1.05999e+08,-0.186777,0.576103,9.85573,3.34474,-0.0527837,3.23356,-0.0506889,-1.08384,-0.0835638,-1.13962,-0.0835962,0.183459,0.178846,0.039,0.038943,0.00151485,4.1454,32.0682
1.06019e+08,-0.234525,0.542385,9.77736,3.17424,-0.0833181,3.13374,-0.0830076,-1.37195,-0.144633,-1.27252,-0.147265,0.107123,0.111008,0.039,0.038945,0.00156676,4.1455,32.1153
1.06039e+08,-0.234515,0.508668,9.82717,2.96222,0.115155,3.04804,0.113398,-1.36522,-0.129365,-1.31594,-0.127931,0.0765889,0.0775005,0.038,0.0380985,-0.000592106,4.14577,32.1124
1.06059e+08,-0.191543,0.539977,9.81294,3.14904,0.00828493,3.17427,0.0109334,-1.11655,-0.0835638,-1.15238,-0.0829886,0.000252962,0.00394874,0.038,0.0379453,-0.000790473,4.14577,32.13
1.06079e+08,-0.18915,0.52071,9.80578,3.03912,-0.00698221,3.12859,-0.00754224,-1.10352,-0.205701,-1.07688,-0.205391,0.213993,0.209409,0.038,0.0379311,-0.000884797,4.14585,32.0976
1.06099e+08,-0.196318,0.539977,9.80107,3.15282,0.206758,3.10859,0.20381,-1.14576,-0.1599,-1.13197,-0.161074,0.244528,0.233625,0.039,0.038779,0.0017094,4.14584,32.1035
1.06119e+08,-0.217808,0.53516,9.86756,3.1036,0.0693537,3.09694,0.0681788,-1.26264,-0.220968,-1.24011,-0.220679,0.12239,0.117111,0.039,0.0389343,0.00315724,4.14584,32.1241
1.06339e+08,-0.174834,0.561653,9.85094,3.26268,0.160957,3.16333,0.158353,-1.01513,-0.0377624,-1.0641,-0.0383219,0.183459,0.184835,0.039,0.0389632,0.00417576,4.14669,32.1418
1.06359e+08,-0.193928,0.530343,9.8153,3.09221,-0.0222493,3.19641,-0.0245541,-1.13024,-0.220968,-1.0974,-0.220364,0.0613217,0.0653645,0.039,0.0389601,0.00416883,4.14672,32.1535
1.06379e+08,-0.224973,0.539977,9.82009,3.14653,0.160957,3.1389,0.158873,-1.31041,-0.0530295,-1.32019,-0.0542606,0.168192,0.161218,0.039,0.0389607,0.00426672,4.14676,32.1829
1.06399e+08,-0.210643,0.530343,9.81056,3.0936,0.115155,3.15964,0.115958,-1.22822,-0.282037,-1.2716,-0.28146,0.0613217,0.0703846,0.038,0.0382081,0.001826,4.14679,32.1888
1.06419e+08,-0.217812,0.552019,9.78211,3.22906,-0.0222493,3.22838,-0.0208251,-1.27353,-0.0835638,-1.23088,-0.0841232,0.107123,0.111236,0.038,0.037969,0.00118721,4.14682,32.1653
1.06479e+08,-0.177211,0.523118,9.82477,3.04733,-0.0375166,3.06311,-0.0371553,-1.03188,-0.205701,-0.994556,-0.204719,0.137658,0.135093,0.039,0.0389421,0.00492569,4.14683,32.1624
1.06499e+08,-0.181996,0.556836,9.73698,3.27248,0.0693537,3.28622,0.0719307,-1.06906,0.0385735,-1.00041,0.0367474,0.213993,0.209994,0.039,0.0389617,0.00451345,4.14686,32.1888
1.06519e+08,-0.236902,0.503851,9.86277,2.92363,-0.144387,3.05759,-0.14407,-1.37418,-0.358373,-1.27178,-0.356848,0.0155202,0.00979207,0.039,0.0389631,0.00444355,4.1468,32.1947
1.0664e+08,-0.284671,0.547202,9.79166,3.19727,0.0540864,3.15668,0.0546589,-1.66268,-0.0072279,-1.58468,-0.00752867,0.213993,0.211694,0.039,0.038689,0.0031521,4.1467,32.2388
1.0666e+08,-0.17721,0.52071,9.88649,3.01443,-0.205456,3.16691,-0.201914,-1.02547,-0.1599,-1.02514,-0.158718,0.168192,0.168037,0.039,0.0389311,0.00461889,4.14665,32.2182
1.0668e+08,-0.160485,0.484583,9.79383,2.83222,0.00828493,2.97334,0.00211101,-0.93764,-0.236236,-0.926218,-0.237088,0.152925,0.158292,0.039,0.0389671,0.00441745,4.14652,32.2212
1.067e+08,-0.213033,0.537569,9.81058,3.13564,0.0846208,3.11454,0.0881173,-1.2421,-0.0530295,-1.22864,-0.0527707,0.12239,0.127093,0.039,0.0389599,0.00302189,4.14674,32.23
1.0672e+08,-0.229767,0.607413,9.82732,3.53591,0.099888,3.40939,0.0992675,-1.33681,0.0996423,-1.27122,0.0966372,0.0918561,0.0933477,0.039,0.0389494,0.0032008,4.14694,32.23
1.0674e+08,-0.222591,0.561653,9.794,3.28128,-0.12912,3.26665,-0.124154,-1.29982,-0.0835638,-1.26654,-0.0832481,0.12239,0.120663,0.039,0.0389506,0.00340196,4.14671,32.2329
1.0688e+08,-0.251254,0.595371,9.72286,3.50292,0.160957,3.31194,0.160658,-1.47752,-0.282037,-1.41091,-0.28175,0.259795,0.254138,0.037,0.0371843,-0.00237555,4.14713,32.2771
1.069e+08,-0.24408,0.556836,9.81776,3.24518,-0.0375166,3.32046,-0.0343137,-1.42186,-0.0988309,-1.52688,-0.0959105,0.0307873,0.0392197,0.037,0.0369291,-0.00334521,4.14706,32.2506
1.0692e+08,-0.215421,0.537569,9.78921,3.14245,-0.0222493,3.17961,-0.0213851,-1.25875,-0.190434,-1.23248,-0.188717,0.152925,0.146346,0.037,0.0369148,-0.00264877,4.14725,32.2653
1.0694e+08,-0.177209,0.515893,9.72029,3.03755,-0.0833181,2.90561,-0.0801601,-1.04297,-0.0072279,-1.02232,-0.00753908,0.229261,0.223175,0.038,0.0376796,-0.00017872,4.14734,32.2506
1.0696e+08,-0.220198,0.542385,9.79872,3.16744,0.0540864,3.02347,0.0552054,-1.28537,-0.312572,-1.2123,-0.311962,0.168192,0.164931,0.038,0.0379201,0.000934828,4.14743,32.2535
1.0698e+08,-0.186781,0.590554,9.84388,3.43256,0.206758,3.37338,0.20821,-1.08507,-0.175167,-1.18786,-0.173698,0.0918561,0.0885149,0.038,0.0379331,0.000864737,4.14743,32.2741
1.07e+08,-0.196318,0.537569,9.83193,3.12895,-0.220723,3.19576,-0.218944,-1.14219,-0.282037,-1.1025,-0.281167,-0.0302813,-0.0279379,0.037,0.0371886,-0.000918283,4.14743,32.2918
1.0702e+08,-0.186762,0.523118,9.75355,3.06948,0.0235522,3.12682,0.0247029,-1.0954,-0.0988309,-1.07261,-0.101386,0.0765889,0.074192,0.037,0.0369544,-0.00177583,4.1476,32.2712
1.0708e+08,-0.201087,0.513484,9.86276,2.97968,-0.0680509,2.92936,-0.0672248,-1.16643,-0.175167,-1.28008,-0.174851,0.0155202,0.0215352,0.038,0.0379231,0.00204223,4.14765,32.2947
1.071e+08,-0.236915,0.552019,9.80587,3.22111,0.0846208,3.19023,0.0858232,-1.38184,-0.190434,-1.2865,-0.186357,0.0613217,0.0649581,0.038,0.0379476,0.0026783,4.14764,32.3212
1.0712e+08,-0.220202,0.559244,9.79637,3.26647,0.099888,3.297,0.100486,-1.28558,-0.129365,-1.27201,-0.129964,0.320864,0.319435,0.04,0.0394477,0.00713967,4.14771,32.2565
1.0714e+08,-0.18915,0.52071,9.85564,3.02378,0.0388193,3.07914,0.0381931,-1.09796,-0.114098,-1.07847,-0.114065,0.152925,0.150209,0.04,0.0399305,0.00819953,4.14787,32.3006
1.0716e+08,-0.160483,0.477358,9.80094,2.78804,0.0540864,2.83854,0.051404,-0.936984,-0.327839,-1.02181,-0.324913,0.168192,0.160499,0.04,0.0399962,0.0086744,4.14784,32.3065
1.0718e+08,-0.127072,0.544794,9.79864,3.18204,0.25256,3.07741,0.24934,-0.741846,0.0538406,-0.798182,0.0543992,0.12239,0.126317,0.039,0.0392466,0.00544045,4.14765,32.3418
1.072e+08,-0.146175,0.544794,9.77729,3.18889,-0.0375166,3.16827,-0.0374654,-0.855209,-0.236236,-0.805321,-0.237998,0.000252962,0.00315883,0.039,0.0390024,0.0051163,4.14764,32.3153
1.0722e+08,-0.186763,0.525527,9.79391,3.0709,0.099888,3.08464,0.0963972,-1.09089,-0.297304,-0.968306,-0.296965,-0.121884,-0.112181,0.039,0.038978,0.00528191,4.14763,32.3271
1.0726e+08,-0.294217,0.527935,9.93409,3.04072,-0.159654,3.17552,-0.156947,-1.69404,0.145444,-1.80954,0.144561,0.107123,0.108702,0.039,0.0389438,0.00447471,4.1476,32.3359
1.0728e+08,-0.165243,0.419556,9.85308,2.43791,-0.312326,2.64228,-0.313219,-0.95993,-0.114098,-1.04219,-0.116389,0.183459,0.182064,0.039,0.0389776,0.00561712,4.14759,32.3447
1.073e+08,-0.0387136,0.513484,9.72966,3.02097,0.451033,2.88956,0.450954,-0.227658,0.00803924,-0.42158,0.00951896,0.152925,0.160556,0.039,0.0389828,0.00406499,4.14775,32.3476
1.0732e+08,-0.186789,0.619455,9.92702,3.57005,-0.00698221,3.43963,-0.00072388,-1.07587,-0.312572,-0.915533,-0.314333,0.0918561,0.102338,0.039,0.0389649,0.00528731,4.14773,32.33
1.0734e+08,-0.213041,0.568878,9.77026,3.33152,-0.0222493,3.45628,-0.0228385,-1.24703,-0.0072279,-1.26103,-0.0131469,0.0155202,0.0210817,0.039,0.0389589,0.00563916,4.1478,32.3682
1.0736e+08,-0.24406,0.484583,9.81764,2.82487,-0.0985852,2.87716,-0.0994665,-1.42231,-0.556846,-1.43784,-0.55245,0.0613217,0.0593991,0.039,0.0389683,0.00487021,4.14761,32.3271
1.07381e+08,-0.248833,0.47495,9.81526,2.76943,0.481567,2.73642,0.47706,-1.45053,0.252314,-1.40699,0.24575,0.168192,0.162639,0.039,0.0389755,0.00458397,4.1476,32.3506
1.07401e+08,-0.181997,0.561653,9.80821,3.27682,-0.00698221,3.25765,-0.00747879,-1.0613,-0.205701,-1.21568,-0.200929,0.0307873,0.0430497,0.039,0.038968,0.00527604,4.14759,32.3741
1.07421e+08,-0.17006,0.568878,9.69188,3.35868,0.25256,3.35041,0.250764,-1.00352,-0.0530295,-0.931519,-0.0553974,0.0765889,0.0772297,0.038,0.0382141,0.00228123,4.14775,32.3329
1.07441e+08,-0.174821,0.515893,9.9126,2.97876,-0.251257,3.07449,-0.247982,-1.00901,-0.26677,-0.98501,-0.264702,0.259795,0.250911,0.038,0.0379755,0.00193741,4.14782,32.3771
1.07461e+08,-0.181977,0.4894,9.83421,2.84849,0.0693537,2.83886,0.0675513,-1.0588,-0.0835638,-1.05864,-0.0838257,0.0613217,0.0599712,0.038,0.0379677,0.00314007,4.14746,32.3594
1.07482e+08,-0.251232,0.515893,9.82007,3.00626,0.115155,3.06037,0.114628,-1.46349,-0.327839,-1.32529,-0.326081,0.107123,0.0946636,0.039,0.0387088,0.00509143,4.14763,32.3829
1.07503e+08,-0.248858,0.564061,9.83202,3.2824,0.0388193,3.23647,0.0423319,-1.44752,0.0233064,-1.45253,0.0212276,0.0613217,0.0669107,0.039,0.0389541,0.00627556,4.14762,32.4035
1.07523e+08,-0.22736,0.537569,9.76785,3.14921,-0.0527837,3.22477,-0.0527781,-1.33138,-0.0377624,-1.34695,-0.0363005,0.152925,0.159464,0.039,0.038966,0.00569186,4.14761,32.3653
1.07543e+08,-0.196317,0.53516,9.82005,3.11872,-0.0222493,3.17724,-0.021384,-1.14358,-0.205701,-1.06828,-0.207091,0.152925,0.151632,0.039,0.0389712,0.00591251,4.1476,32.3918
1.07563e+08,-0.170036,0.482175,9.75109,2.83044,-0.0222493,2.8592,-0.023978,-0.997783,-0.129365,-0.962818,-0.13054,0.137658,0.137572,0.039,0.0389819,0.00541017,4.14742,32.38
1.07583e+08,-0.131839,0.511076,9.82708,2.97683,0.14569,2.91159,0.148886,-0.767589,-0.1599,-0.865107,-0.159906,0.0765889,0.0800627,0.039,0.0389816,0.00513146,4.14759,32.3859
1.07603e+08,-0.291856,0.62668,9.81316,3.6524,0.0540864,3.48575,0.0569795,-1.70009,-0.495778,-1.50385,-0.496286,0.183459,0.17509,0.038,0.0381186,0.00321557,4.14758,32.3947
1.07623e+08,-0.258413,0.578512,9.79644,3.37841,-0.0833181,3.31844,-0.0847973,-1.50839,-0.129365,-1.48572,-0.126159,0.168192,0.162246,0.038,0.0379598,0.00242039,4.14774,32.3594
1.07643e+08,-0.191525,0.47495,9.84132,2.76247,-0.144387,2.88111,-0.14646,-1.11361,-0.236236,-1.0851,-0.234413,0.213993,0.209224,0.038,0.037959,0.00284563,4.14789,32.3829
1.07663e+08,-0.222583,0.532752,9.80108,3.11053,0.344163,2.99948,0.342083,-1.29905,-0.0530295,-1.17034,-0.0556185,0.198726,0.193629,0.038,0.0379614,0.0024775,4.14779,32.4212
1.07684e+08,-0.203491,0.573695,9.79163,3.35242,0.130422,3.25215,0.132247,-1.18852,-0.175167,-1.15238,-0.175494,0.229261,0.230656,0.038,0.0379522,0.00234107,4.14777,32.4094
1.07704e+08,-0.213021,0.496626,9.87224,2.87918,-0.205456,2.93629,-0.20719,-1.23456,-0.0682967,-1.19473,-0.0668954,0.107123,0.11119,0.038,0.0379574,0.00327943,4.14758,32.4535
1.07724e+08,-0.203472,0.503851,9.72742,2.96445,-0.0680509,2.85696,-0.0707217,-1.1967,-0.312572,-1.08374,-0.312284,0.12239,0.127123,0.038,0.0379735,0.00387937,4.14749,32.4153
1.07744e+08,-0.260799,0.571286,9.77031,3.34518,0.313628,3.28118,0.315651,-1.52643,-0.190434,-1.49337,-0.191909,0.152925,0.152985,0.038,0.03795,0.00202975,4.14765,32.4241
1.07764e+08,-0.236933,0.614638,9.91044,3.54788,-0.0833181,3.47862,-0.0826797,-1.36691,-0.144633,-1.42812,-0.145535,0.107123,0.10511,0.038,0.0379394,0.00347048,4.14739,32.4329
1.07824e+08,-0.18916,0.556836,9.84383,3.23701,0.283094,3.11467,0.278407,-1.09911,-0.175167,-0.999438,-0.174603,0.0765889,0.0768683,0.04,0.0400046,0.00992428,4.14764,32.4329
1.07844e+08,-0.184389,0.573695,9.7465,3.36803,0.0693537,3.31116,0.0696035,-1.08195,-0.251503,-1.1288,-0.24882,0.107123,0.113788,0.038,0.0382972,0.00353321,4.14754,32.4388
1.07864e+08,-0.224967,0.52071,9.87704,3.01701,-0.12912,3.12297,-0.129373,-1.30298,-0.175167,-1.34636,-0.177251,0.107123,0.113185,0.038,0.0379857,0.00273237,4.14771,32.4418
1.07884e+08,-0.248841,0.503851,9.7322,2.96268,0.0846208,2.8884,0.0802153,-1.46271,-0.0530295,-1.3601,-0.0553517,0.198726,0.200027,0.038,0.0379667,0.00317201,4.14769,32.4565
1.07924e+08,-0.162903,0.592962,9.79875,3.4625,-0.0985852,3.40292,-0.0982509,-0.950711,-0.282037,-1.10429,-0.284052,0.213993,0.207716,0.039,0.0389408,0.00475233,4.14774,32.4741
1.07944e+08,-0.139,0.501442,9.80096,2.92855,-0.0985852,2.93266,-0.0957327,-0.811467,-0.0377624,-0.869906,-0.0354417,0.12239,0.12457,0.039,0.0389685,0.00427823,4.1479,32.4535
1.07964e+08,-0.208248,0.503851,9.83189,2.93299,0.0693537,2.8927,0.0667384,-1.2118,-0.236236,-1.0092,-0.236519,0.107123,0.107067,0.039,0.0389806,0.00556362,4.14787,32.4624
1.07984e+08,-0.186777,0.576103,9.75838,3.37802,0.206758,3.23913,0.208498,-1.09461,-0.1599,-1.15479,-0.157331,0.0613217,0.0640107,0.039,0.0389746,0.00540926,4.14802,32.4653
1.08004e+08,-0.222593,0.568878,9.82725,3.31218,-0.174921,3.26827,-0.174627,-1.29539,-0.190434,-1.3345,-0.19132,0.137658,0.134931,0.039,0.0389664,0.00562019,4.14816,32.4624
1.08024e+08,-0.210641,0.523118,9.79393,3.0567,0.160957,3.14238,0.160956,-1.23033,0.0385735,-1.17289,0.0370648,0.0918561,0.092638,0.039,0.0389692,0.00533701,4.14804,32.4829
1.08044e+08,-0.208264,0.561653,9.79399,3.28139,-0.0527837,3.20477,-0.0498356,-1.21618,-0.220968,-1.20269,-0.224153,0.275062,0.27392,0.039,0.0389693,0.00546801,4.14817,32.4771
1.08064e+08,-0.181983,0.508668,9.78201,2.9762,0.099888,3.08721,0.100424,-1.06436,-0.0377624,-1.13216,-0.0386493,0.213993,0.2098,0.039,0.0389694,0.00500033,4.14822,32.4947
1.08084e+08,-0.158102,0.499034,9.85558,2.89831,-0.113852,2.92492,-0.113263,-0.917875,-0.1599,-1.02932,-0.161078,0.0765889,0.0761424,0.039,0.0389773,0.00577538,4.14835,32.4888
1.08104e+08,-0.160491,0.506259,9.8271,2.94869,0.0540864,3.00832,0.0560857,-0.934405,-0.0530295,-0.91196,-0.0550471,0.137658,0.139655,0.039,0.0389817,0.00601915,4.1483,32.5388
1.08124e+08,-0.217822,0.585737,9.8249,3.41096,-0.12912,3.23363,-0.127062,-1.26781,-0.37364,-1.1704,-0.371861,0.107123,0.106458,0.039,0.0389755,0.00599659,4.14843,32.5212
1.08144e+08,-0.241684,0.527935,9.81533,3.07786,0.237293,3.11352,0.233147,-1.40848,-0.220968,-1.40547,-0.219224,0.137658,0.137167,0.039,0.0389735,0.00602097,4.14846,32.4976
1.08164e+08,-0.143776,0.503851,9.83895,2.93123,-0.0375166,3.04994,-0.0363081,-0.836104,-0.0835638,-1.01525,-0.0829643,0.229261,0.217405,0.039,0.0389767,0.00615025,4.14832,32.4976
1.08184e+08,-0.186761,0.518301,9.83426,3.01636,-0.0222493,3.05979,-0.0228149,-1.08646,-0.129365,-1.16435,-0.131687,0.198726,0.200051,0.039,0.0389797,0.00654246,4.14828,32.4918
1.08204e+08,-0.213039,0.561653,9.79399,3.28135,0.0540864,3.18564,0.0555655,-1.24406,-0.129365,-1.23479,-0.12701,0.137658,0.132848,0.038,0.0381297,0.0035806,4.14832,32.5212
1.08224e+08,-0.232129,0.515893,9.83193,3.00279,-0.0527837,3.11142,-0.0470116,-1.35063,-0.129365,-1.19708,-0.132874,0.244528,0.239841,0.038,0.0379756,0.00335478,4.14827,32.5182
1.08244e+08,-0.215419,0.530343,9.79157,3.09955,-0.00698221,3.13735,-0.00642253,-1.25848,-0.0988309,-1.20426,-0.0991198,0.183459,0.179539,0.038,0.037962,0.00358839,4.14832,32.5153
1.08264e+08,-0.172436,0.525527,9.81527,3.06432,0.00828493,3.06417,0.00740987,-1.00504,-0.0988309,-1.06218,-0.0988759,0.0460546,0.0535755,0.039,0.0387133,0.00579439,4.14836,32.5329
1.08365e+08,-0.205853,0.479767,9.8176,2.79709,0.099888,2.93729,0.0972718,-1.19976,-0.0835638,-1.15403,-0.0859416,0.244528,0.237764,0.039,0.0389793,0.0058175,4.14854,32.5506
1.08385e+08,-0.203489,0.56647,9.85098,3.29041,0.0693537,3.3545,0.0691043,-1.18143,-0.114098,-1.21794,-0.113549,0.229261,0.227177,0.039,0.0389679,0.0058437,4.1484,32.5212
1.08405e+08,-0.203483,0.542385,9.77734,3.17447,0.00828493,3.19053,0.00736985,-1.19042,-0.220968,-1.18291,-0.219507,0.198726,0.195807,0.039,0.0389724,0.00628379,4.14852,32.5476
1.08425e+08,-0.19632,0.547202,9.85569,3.17725,-0.0680509,3.06615,-0.0674853,-1.1394,-0.190434,-1.15838,-0.190113,0.12239,0.124926,0.039,0.0389783,0.00594769,4.14872,32.5535
1.08445e+08,-0.184373,0.515893,9.80339,3.01182,0.0693537,2.9859,0.0693479,-1.07595,-0.220968,-1.12519,-0.219172,0.107123,0.111634,0.038,0.0382325,0.00393609,4.14865,32.5771
1.08465e+08,-0.205864,0.518301,9.80342,3.02571,-0.00698221,3.08678,-0.00546287,-1.20131,-0.251503,-1.16937,-0.248261,0.137658,0.135702,0.038,0.0379864,0.00301868,4.14876,32.5506
1.08485e+08,-0.236908,0.525527,9.79158,3.07129,0.099888,3.16437,0.0981639,-1.38401,-0.0835638,-1.28714,-0.0865235,0.198726,0.199973,0.038,0.0379537,0.00264961,4.14886,32.5476
1.08505e+08,-0.184379,0.537569,9.81767,3.13356,0.0388193,3.11603,0.0396946,-1.0743,-0.0835638,-1.11425,-0.0847439,0.12239,0.130322,0.038,0.0379555,0.00292569,4.14887,32.5653
1.08525e+08,-0.210651,0.559244,9.79874,3.26575,-0.0680509,3.21364,-0.0669325,-1.22954,-0.175167,-1.18243,-0.175417,0.12239,0.121694,0.038,0.0379553,0.00317206,4.14888,32.5741
1.08545e+08,-0.165283,0.561653,9.85568,3.26117,0.14569,3.23727,0.14451,-0.95922,-0.175167,-1.10106,-0.173382,0.107123,0.111922,0.038,0.0379583,0.00397055,4.14881,32.5771
1.08565e+08,-0.208259,0.544794,9.86756,3.15942,0.0693537,3.14529,0.068135,-1.20723,-0.343106,-1.18389,-0.343952,0.183459,0.185416,0.039,0.0387142,0.00677261,4.14891,32.5506
1.08585e+08,-0.191568,0.629088,9.85107,3.65325,0.0540864,3.41862,0.0538549,-1.11179,-0.114098,-1.11695,-0.112614,0.137658,0.135137,0.039,0.0389517,0.00735718,4.14867,32.5682
1.08605e+08,-0.189156,0.544794,9.80819,3.17862,-0.0375166,3.27816,-0.0424197,-1.10314,-0.251503,-1.11123,-0.254117,0.244528,0.244482,0.039,0.038974,0.00717427,4.1486,32.5888
1.08625e+08,-0.146176,0.549611,9.79154,3.21235,0.191491,3.15224,0.1883,-0.853953,-0.0072279,-1.04524,-0.0081146,0.0918561,0.0914636,0.041,0.0404844,0.011565,4.14863,32.5888
1.08645e+08,-0.167658,0.515893,9.79626,3.0141,0.00828493,3.08926,0.00678854,-0.979134,-0.282037,-1.09384,-0.282851,0.183459,0.1793,0.041,0.040963,0.0127456,4.14874,32.6006
1.08665e+08,-0.208257,0.537569,9.84144,3.12586,0.0846208,3.13441,0.084953,-1.21046,-0.1599,-1.21221,-0.159911,0.0155202,0.0217799,0.041,0.0410114,0.0125691,4.14867,32.6241
1.08705e+08,-0.203471,0.499034,9.77252,2.92264,0.14569,2.92328,0.142464,-1.19121,-0.0224953,-1.18652,-0.022563,0.168192,0.168116,0.039,0.0390397,0.00575273,4.14864,32.6035
1.08725e+08,-0.205871,0.544794,9.76785,3.19161,0.0388193,3.19529,0.0374077,-1.20554,-0.282037,-1.24443,-0.280839,0.107123,0.0991042,0.039,0.0389749,0.0050309,4.14874,32.5918
1.08765e+08,-0.198704,0.530343,9.81293,3.09293,-0.0375166,3.19235,-0.0354883,-1.15834,-0.282037,-1.18612,-0.282064,0.12239,0.124533,0.04,0.0399523,0.0074254,4.14861,32.5947
1.08785e+08,-0.234511,0.491809,9.8034,2.87114,-0.159654,2.91224,-0.157897,-1.36861,-0.282037,-1.27672,-0.275327,0.12239,0.128452,0.04,0.0399837,0.00703839,4.14855,32.5888
