timestamp_us,AccX,AccY,AccZ,Roll_Acc,Roll_Gyr,Roll_Kalman,RollRate_Kalman,Pitch_Acc,Pitch_Gyr,Pitch_Kalman,PitchRate_Kalman,YawRate_Gyr,YawRate_Kalman,Alt_ToF,Alt_Kalman,Vz_Kalman,VBat,temp
8.70291e+07,0.405541,0.0968289,9.82121,0.564389,0.038511,0.522079,0.0388101,2.36442,0.0133669,2.31024,0.012774,-0.0475707,-0.0442767,0.039,0.0388665,-0.0146336,3.7568,29.43
8.70501e+07,0.391213,0.0968289,9.70488,0.368668,0.0690454,0.427554,0.0232668,1.99282,-0.0171673,2.1036,-0.00393983,-0.0628378,-0.0773794,0.039,0.0388666,-0.0148829,3.75691,29.4506
8.7071e+07,0.37212,0.0631111,9.78319,0.369341,0.0843126,0.480792,0.0840238,2.17825,-0.0935032,2.17697,-0.0923562,-0.0628378,-0.0648909,0.039,0.0388634,-0.0153641,3.7572,29.4771
8.7091e+07,0.391217,0.0847868,9.76422,0.497112,0.0690454,0.522142,0.0687904,2.29432,-0.0935032,2.24091,-0.0923227,-0.0781051,-0.0780077,0.039,0.03886,-0.0157465,3.75704,29.4565
8.7111e+07,0.345851,0.0751532,9.74762,0.441458,0.038511,0.445598,0.0379411,2.03197,-0.0477018,2.08943,-0.0468267,-0.0933722,-0.0911418,0.039,0.0388607,-0.0160345,3.75715,29.4565
8.71311e+07,0.39122,0.0727447,9.80456,0.424759,0.0690454,0.511607,0.0699086,2.28493,-0.10877,2.16952,-0.106426,-0.0628378,-0.0608132,0.037,0.037355,-0.0208706,3.75615,29.4506
8.7151e+07,0.348236,0.0847868,9.74763,0.498039,0.0995797,0.46917,0.099834,2.04595,0.0591686,2.13132,0.058265,-0.0628378,-0.062111,0.037,0.0368751,-0.0222112,3.75597,29.4829
8.7171e+07,0.379276,0.0896036,9.79273,0.52385,0.0995797,0.500111,0.0995686,2.21789,0.0133669,2.19855,0.0125083,-0.108639,-0.107095,0.037,0.0368218,-0.0224625,3.75613,29.4476
8.7191e+07,0.38404,0.132955,9.7738,0.778758,0.0995797,0.567817,0.100444,2.24995,-0.062969,2.25278,-0.0632628,-0.0628378,-0.0619321,0.039,0.0383194,-0.0173913,3.75636,29.4182
8.7211e+07,0.379276,0.0896036,9.7951,0.523723,-0.00729048,0.496881,-0.0066922,2.21735,-0.0324345,2.19392,-0.0332989,-0.0628378,-0.0603091,0.039,0.0387998,-0.0162932,3.75625,29.4535
8.7231e+07,0.374498,0.0992373,9.74289,0.583142,-0.0378249,0.567267,-0.0372262,2.20114,-0.0477018,2.17801,-0.0477126,-0.0475707,-0.0461889,0.039,0.0388514,-0.0163987,3.7564,29.4329
8.72521e+07,0.367338,0.0847868,9.7405,0.498368,0.0690454,0.490778,0.0684471,2.15966,-0.0935032,2.12024,-0.0926159,-0.108639,-0.114037,0.039,0.0388577,-0.0163889,3.75662,29.4624
8.7272e+07,0.39121,0.108871,9.77138,0.637842,0.038511,0.583459,0.0385279,2.29255,-0.0171673,2.2769,-0.016297,-0.139174,-0.139017,0.039,0.0388529,-0.016697,3.75692,29.4565
8.7292e+07,0.324355,0.092012,9.82839,0.536088,0.0537782,0.511795,0.053812,1.8901,-0.0782361,2.08097,-0.0779375,-0.0933722,-0.0893581,0.039,0.0388505,-0.0170014,3.7572,29.4624
8.7312e+07,0.395988,0.0992373,9.80935,0.579147,0.038511,0.5248,0.037625,2.31157,-0.0477018,2.20528,-0.047984,0.0287652,0.0238988,0.039,0.0388522,-0.0169339,3.7573,29.4712
8.7332e+07,0.42703,0.0992373,9.76658,0.581601,0.0537782,0.468851,0.0540389,2.50345,0.0286341,2.30054,0.0271612,-0.0475707,-0.0454956,0.039,0.0388514,-0.0170548,3.75748,29.4506
8.73521e+07,0.393599,0.104054,9.81648,0.606822,0.114847,0.596971,0.114215,2.29596,-0.062969,2.22588,-0.0612125,-0.0933722,-0.0913263,0.039,0.03885,-0.0169777,3.75773,29.4976
8.7372e+07,0.360175,0.0847868,9.80223,0.495247,0.0690454,0.509594,0.0673055,2.10426,-0.0477018,2.11377,-0.0470932,-0.0933722,-0.0933361,0.038,0.0381023,-0.0188907,3.75797,29.4535
8.7392e+07,0.388831,0.0775616,9.74521,0.455641,0.038511,0.462406,0.0376301,2.2848,-0.0477018,2.23264,-0.0471195,0.0440323,0.0365385,0.038,0.0378623,-0.0198434,3.75812,29.4682
8.7412e+07,0.341076,0.0703363,9.8046,0.410773,0.038511,0.426001,0.0405441,1.99231,0.0591686,2.07492,0.0562426,-0.0933722,-0.0881267,0.038,0.0378372,-0.0197653,3.75817,29.4682
8.7432e+07,0.403157,0.07997,9.78794,0.467714,-0.0225576,0.509037,-0.0216817,2.35855,-0.0782361,2.27278,-0.0776477,-0.0781051,-0.0759944,0.038,0.037834,-0.0195049,3.75822,29.4624
8.7452e+07,0.403153,0.0944205,9.77135,0.553161,-0.0225576,0.504685,-0.021371,2.3625,-0.0171673,2.27652,-0.0177603,-0.0628378,-0.0575283,0.038,0.0378352,-0.0192675,3.75844,29.4624
8.7472e+07,0.348242,0.0631111,9.78084,0.369463,-0.00729048,0.429236,-0.00757301,2.03908,-0.0935032,2.13004,-0.0914809,-0.154441,-0.150273,0.038,0.0378399,-0.0186948,3.75822,29.4653
8.7492e+07,0.388838,0.0534774,9.79741,0.31249,0.0843126,0.463529,0.083985,2.27272,-0.062969,2.2071,-0.0623869,-0.0323036,-0.0344514,0.038,0.0378408,-0.0186777,3.75835,29.48
8.7512e+07,0.391213,0.0968289,9.81172,0.564967,0.0995797,0.545181,0.0978289,2.28318,-0.0324345,2.26836,-0.0327119,-0.0475707,-0.0508898,0.038,0.0378416,-0.0180441,3.75831,29.4506
8.7532e+07,0.388832,0.0727447,9.7737,0.426102,0.0232439,0.458013,0.0232442,2.27816,0.0439012,2.27581,0.0438845,-0.108639,-0.107338,0.038,0.0378452,-0.0177853,3.75844,29.4624
8.75521e+07,0.355411,0.0414354,9.74993,0.243333,-0.0225576,0.416382,-0.0216496,2.08764,0.0133669,2.1996,0.0125021,-0.0170363,-0.0190927,0.04,0.0393483,-0.0132628,3.75864,29.4741
8.7572e+07,0.400774,0.0655195,9.76893,0.38395,-0.0225576,0.384455,-0.0228013,2.34921,-0.0324345,2.25039,-0.0329994,-0.0323036,-0.0343952,0.04,0.0398272,-0.0123588,3.75875,29.4741
8.7592e+07,0.353015,0.0703363,9.75473,0.412853,0.145381,0.410281,0.145076,2.07253,0.0286341,2.11758,0.027199,-0.0781051,-0.0774622,0.04,0.0398774,-0.0127426,3.75877,29.48
8.7612e+07,0.364953,0.0751532,9.76897,0.440463,0.0690454,0.499766,0.0681474,2.13942,0.0286341,2.06577,0.0271659,-0.108639,-0.103276,0.038,0.0383814,-0.0169506,3.75896,29.4388
8.7632e+07,0.324349,0.113688,9.79044,0.664931,0.0995797,0.595049,0.0992863,1.89734,-0.0324345,2.03107,-0.0336093,-0.108639,-0.107186,0.038,0.0379003,-0.0186284,3.75906,29.4741
8.76521e+07,0.398384,0.0727447,9.8283,0.423723,0.038511,0.483075,0.0379623,2.32111,0.0133669,2.24464,0.0121811,-0.0781051,-0.0780737,0.038,0.0378487,-0.0181447,3.75797,29.4447
8.7672e+07,0.37689,0.0847868,9.79747,0.495456,0.130114,0.485783,0.128368,2.20289,-0.062969,2.20442,-0.0644037,-0.123907,-0.121003,0.037,0.0370949,-0.0199047,3.75803,29.4918
8.7692e+07,0.398385,0.0679279,9.80929,0.396432,0.038511,0.433269,0.0384888,2.32562,0.0439012,2.30029,0.0415847,-0.0781051,-0.0801237,0.037,0.0368565,-0.0202039,3.75825,29.4682
8.7712e+07,0.348238,0.0775616,9.78799,0.453724,0.0995797,0.501743,0.0983934,2.03755,-0.0324345,2.08969,-0.0321359,-0.139174,-0.136333,0.037,0.0368349,-0.0198966,3.75838,29.4535
8.7732e+07,0.379282,0.0703363,9.77133,0.412111,0.0995797,0.41223,0.0978452,2.22281,-0.0782361,2.15661,-0.0787891,-0.0781051,-0.0807589,0.037,0.0368336,-0.0200712,3.75842,29.4712
8.77521e+07,0.355405,0.0631111,9.79745,0.368828,0.0232439,0.390383,0.0241189,2.07747,-0.0324345,2.15245,-0.0338589,-0.0781051,-0.0801838,0.037,0.0368334,-0.0197063,3.75745,29.4153
8.7772e+07,0.372105,0.118505,9.74529,0.696186,0.114847,0.594781,0.113086,2.1865,-0.154572,2.16136,-0.151048,-0.0933722,-0.0906786,0.037,0.0368352,-0.0197677,3.75753,29.4359
8.7792e+07,0.374493,0.116096,9.76191,0.680873,0.0232439,0.595156,0.0244075,2.19679,-0.0171673,2.19665,-0.0165973,-0.108639,-0.107253,0.039,0.0383409,-0.0143548,3.75779,29.4888
8.7812e+07,0.376888,0.0896036,9.74524,0.526403,0.0690454,0.486407,0.0684805,2.21466,-0.0782361,2.17876,-0.0764855,-0.0475707,-0.0476629,0.039,0.0388223,-0.0132688,3.75802,29.4359
8.7832e+07,0.369722,0.0992373,9.81412,0.578927,0.00797665,0.469348,0.00856427,2.15734,0.0286341,2.18821,0.0274536,-0.0475707,-0.0481792,0.039,0.038871,-0.0133678,3.75808,29.4653
8.78521e+07,0.364953,0.0751532,9.73336,0.442072,0.00797665,0.490598,0.0106083,2.14724,-0.154572,2.15666,-0.151065,-0.0628378,-0.0628409,0.038,0.0381238,-0.0161787,3.75712,29.4741
8.7872e+07,0.381667,0.07997,9.77134,0.468549,0.038511,0.442178,0.0396691,2.23675,-0.0477018,2.14604,-0.0479728,-0.108639,-0.109211,0.038,0.0378849,-0.0166492,3.75731,29.4653
8.7892e+07,0.384055,0.07997,9.75235,0.469455,0.0232439,0.485612,0.0235379,2.25511,0.0133669,2.26464,0.0127521,-0.0475707,-0.0468468,0.038,0.0378552,-0.0169415,3.7574,29.4476
8.7912e+07,0.3745,0.092012,9.7595,0.539769,0.0995797,0.514343,0.0989916,2.19743,0.0286341,2.24306,0.0283348,-0.0628378,-0.0647684,0.039,0.0386016,-0.0149182,3.75775,29.4594
8.7932e+07,0.36734,0.0775616,9.79509,0.453363,0.0537782,0.441993,0.0532242,2.14766,-0.0171673,2.14789,-0.0163146,-0.123907,-0.12249,0.039,0.038846,-0.0136824,3.75782,29.4565
8.79521e+07,0.379275,0.0944205,9.76662,0.553482,0.038511,0.524792,0.0390982,2.22379,0.0439012,2.1594,0.0432633,-0.108639,-0.105892,0.039,0.0388729,-0.0137478,3.75662,29.4535
8.7973e+07,0.374504,0.0775616,9.81171,0.452584,0.0537782,0.490425,0.0557669,2.1858,-0.062969,2.14588,-0.0632564,-0.00176919,-0.000594537,0.038,0.0381227,-0.0161338,3.75692,29.48
8.7993e+07,0.33152,0.0871952,9.77614,0.510724,-0.00729048,0.459788,-0.00640907,1.94214,-0.0477018,2.05114,-0.0473916,-0.0170363,-0.0198127,0.038,0.037882,-0.0171252,3.75703,29.4771
8.8013e+07,0.369724,0.0944205,9.76188,0.553772,0.130114,0.614044,0.128628,2.1689,0.0286341,2.18744,0.0283456,-0.0475707,-0.0489902,0.038,0.0378549,-0.0171727,3.75714,29.4741
8.8033e+07,0.403163,0.0607027,9.7523,0.356326,0.0995797,0.438481,0.0983833,2.36723,-0.062969,2.30422,-0.0609522,-0.0475707,-0.0470516,0.038,0.0378501,-0.0172535,3.75732,29.4565
8.80531e+07,0.376896,0.0631111,9.75707,0.370321,-0.0225576,0.407494,-0.0222695,2.21207,-0.0324345,2.18439,-0.0309881,-0.0323036,-0.0349369,0.038,0.0378501,-0.017335,3.75623,29.4624
8.8073e+07,0.374514,0.0414354,9.74992,0.243316,0.130114,0.376594,0.128662,2.19974,-0.0324345,2.22517,-0.0312652,-0.123907,-0.119807,0.038,0.0378524,-0.0169425,3.75646,29.4329
8.8093e+07,0.357784,0.0944205,9.76901,0.553393,0.038511,0.533197,0.0379298,2.09739,0.0133669,2.16243,0.01335,-0.0628378,-0.067609,0.037,0.0370993,-0.0197051,3.75677,29.4418
8.8113e+07,0.369736,0.051069,9.75469,0.299744,-0.00729048,0.330783,-0.00495812,2.17064,-0.124038,2.18703,-0.123145,-0.108639,-0.108004,0.037,0.0368613,-0.0198876,3.75697,29.4447
8.8133e+07,0.369722,0.101646,9.76664,0.595854,0.114847,0.554998,0.114492,2.16781,-0.0171673,2.19154,-0.0180207,-0.0933722,-0.0892015,0.037,0.0368369,-0.0197181,3.75734,29.4594
8.81531e+07,0.374499,0.0944205,9.73101,0.555515,-0.0836264,0.520362,-0.0818471,2.20384,-0.0324345,2.18427,-0.0321407,-0.108639,-0.108601,0.038,0.0375849,-0.0179587,3.75633,29.43
8.8173e+07,0.384054,0.0823784,9.82358,0.480092,0.0690454,0.498708,0.0693672,2.23877,-0.0477018,2.2939,-0.0482891,-0.0475707,-0.0510149,0.038,0.0378208,-0.0167769,3.75664,29.4388
8.8193e+07,0.355392,0.108871,9.75242,0.63917,0.0232439,0.558718,0.0258703,2.08689,-0.0477018,2.09837,-0.0474023,-0.0781051,-0.0781052,0.038,0.0378504,-0.0171315,3.75677,29.4271
8.8213e+07,0.374506,0.0703363,9.75946,0.412619,0.00797665,0.465955,0.0080158,2.19751,-0.0477018,2.1493,-0.0468428,-0.0781051,-0.0800369,0.039,0.0386058,-0.0145929,3.75697,29.4476
8.8233e+07,0.386444,0.0751532,9.75234,0.441176,0.0843126,0.509369,0.0825611,2.26913,-0.0935032,2.20884,-0.0934528,-0.0933722,-0.0913838,0.039,0.0388426,-0.0143328,3.75725,29.4565
8.8253e+07,0.395988,0.0992373,9.7215,0.584372,0.0537782,0.543184,0.0552358,2.33243,-0.0171673,2.25477,-0.0186186,-0.0475707,-0.0510157,0.039,0.0388636,-0.0151088,3.75743,29.4653
8.82731e+07,0.34585,0.0775616,9.77612,0.454278,0.0843126,0.490456,0.082888,2.02605,-0.0782361,2.05417,-0.0787796,-0.0781051,-0.0793993,0.038,0.0381133,-0.0177682,3.75752,29.4741
8.8293e+07,0.379276,0.092012,9.84971,0.534822,0.0690454,0.550212,0.0690447,2.20506,-0.0477018,2.18759,-0.047142,-0.0933722,-0.0913221,0.038,0.037871,-0.0182281,3.7576,29.4535
8.8313e+07,0.403155,0.0896036,9.71198,0.528146,-0.00729048,0.52575,-0.00558438,2.37694,-0.0324345,2.34433,-0.0327279,-0.0933722,-0.0940674,0.038,0.0378415,-0.0187848,3.75768,29.4476
8.8333e+07,0.374509,0.0582943,9.76894,0.341646,0.0232439,0.371605,0.0229724,2.19542,-0.0324345,2.21052,-0.0330106,-0.0628378,-0.0640497,0.04,0.0390403,-0.0152437,3.75784,29.4447
8.8353e+07,0.374501,0.0896036,9.79273,0.52386,-0.00729048,0.50071,-0.0063985,2.18999,-0.0324345,2.23043,-0.0324335,-0.0781051,-0.0766526,0.04,0.039791,-0.0124452,3.75765,29.4447
8.83731e+07,0.348239,0.0727447,9.76186,0.426685,0.0232439,0.427329,0.0247286,2.04301,0.0133669,2.1325,0.0121863,-0.0781051,-0.0779474,0.04,0.0398748,-0.0124399,3.75781,29.4565
8.8393e+07,0.386441,0.0847868,9.73336,0.498695,0.0843126,0.499343,0.0837139,2.27352,-0.0171673,2.22552,-0.0168904,-0.0323036,-0.039,0.039,0.0392795,-0.0148263,3.75788,29.4624
8.8413e+07,0.360171,0.0992373,9.79038,0.580349,0.00797665,0.509757,0.00972232,2.10675,-0.0477018,2.1263,-0.046832,0.0134979,0.0111725,0.039,0.0389034,-0.0161009,3.75795,29.48
8.8433e+07,0.369727,0.0823784,9.72624,0.484916,0.0232439,0.441991,0.0249721,2.17688,-0.0019002,2.1496,-0.00248708,-0.0781051,-0.0788253,0.039,0.0388614,-0.0166237,3.75801,29.4859
8.8453e+07,0.353003,0.113688,9.77617,0.665833,0.0232439,0.593021,0.0241243,2.06783,-0.0782361,2.13967,-0.0787895,-0.00176919,-0.00398484,0.039,0.0388553,-0.0165945,3.75815,29.4829
8.84731e+07,0.376886,0.0968289,9.769,0.567467,0.0843126,0.523073,0.0825733,2.20926,-0.0477018,2.17937,-0.0477024,-0.0475707,-0.0483166,0.039,0.0388541,-0.0167429,3.75837,29.4476
8.8493e+07,0.369732,0.0631111,9.79507,0.368897,0.114847,0.474044,0.113999,2.16166,0.0286341,2.14609,0.0268892,-0.0323036,-0.0357779,0.039,0.038856,-0.0162968,3.7585,29.4771
8.8513e+07,0.372115,0.07997,9.78559,0.467885,0.0537782,0.47647,0.0531747,2.17766,-0.0019002,2.2233,-0.00278108,-0.0170363,-0.0185812,0.039,0.0388544,-0.0164815,3.7587,29.4594
8.8533e+07,0.374503,0.07997,9.77372,0.468448,0.130114,0.452926,0.128357,2.19428,-0.10877,2.21648,-0.107302,-0.108639,-0.10764,0.039,0.0388545,-0.0164205,3.75847,29.4035
8.8553e+07,0.386442,0.0823784,9.78796,0.481832,-0.00729048,0.434006,-0.00670812,2.26086,-0.0324345,2.2784,-0.0315764,-0.0170363,-0.0203277,0.039,0.0388541,-0.0163385,3.75859,29.4682
8.85731e+07,0.372115,0.07997,9.71674,0.471195,0.130114,0.564582,0.128634,2.19307,-0.0477018,2.20897,-0.0477242,-0.154441,-0.153712,0.04,0.0394551,-0.0148891,3.7587,29.43
8.8593e+07,0.410324,0.0703363,9.81166,0.410367,0.038511,0.493066,0.0390925,2.39465,-0.0019002,2.27928,-0.00161746,-0.0933722,-0.0932156,0.04,0.0398269,-0.0138994,3.75881,29.4594
8.8613e+07,0.395997,0.0703363,9.78081,0.411684,0.0537782,0.418629,0.0552351,2.31841,0.0133669,2.26843,0.0124357,-0.0170363,-0.0179117,0.04,0.0398679,-0.0138989,3.75891,29.5124
8.8633e+07,0.362564,0.07997,9.71675,0.471212,-0.00729048,0.447645,-0.00498562,2.13683,-0.062969,2.151,-0.0632406,0.0134979,0.0113194,0.039,0.0392719,-0.0159562,3.7591,29.4535
8.8653e+07,0.384054,0.0823784,9.77134,0.482654,0.0843126,0.452891,0.0814202,2.25072,-0.0477018,2.20192,-0.0482999,-0.0628378,-0.0643451,0.039,0.0388962,-0.0171774,3.75876,29.4418
8.86731e+07,0.374515,0.0366185,9.78077,0.214353,0.0995797,0.352548,0.0998337,2.19282,-0.139305,2.18781,-0.137831,-0.00176919,-0.00238529,0.039,0.0388583,-0.0165066,3.75777,29.4682
8.86941e+07,0.357783,0.0992373,9.7429,0.583179,0.130114,0.453542,0.0846003,2.10299,-0.0171673,2.17609,-0.0330157,-0.0933722,-0.155771,0.039,0.0388551,-0.0167927,3.75792,29.4682
8.8715e+07,0.367338,0.0847868,9.78086,0.496315,0.0690454,0.49435,0.071045,2.15076,-0.0477018,2.15564,-0.0465551,-0.0933722,-0.0961825,0.039,0.0388505,-0.0174154,3.75799,29.4506
8.8735e+07,0.362563,0.0823784,9.76424,0.483046,-0.00729048,0.499878,-0.00669747,2.12644,-0.0171673,2.11989,-0.0160321,-0.123907,-0.11974,0.039,0.0388494,-0.0175448,3.75805,29.5065
8.8755e+07,0.369726,0.0871952,9.73812,0.512644,0.0537782,0.45751,0.0535012,2.17421,-0.0477018,2.20248,-0.0477014,-0.108639,-0.109972,0.039,0.0388454,-0.0181335,3.7581,29.4712
8.87753e+07,0.381669,0.0727447,9.76421,0.426528,0.0843126,0.521131,0.0840239,2.23841,-0.0477018,2.2225,-0.0479841,-0.0933722,-0.090052,0.039,0.0388445,-0.0180439,3.75706,29.4506
8.8796e+07,0.379283,0.0655195,9.7642,0.384169,0.0843126,0.453087,0.0834371,2.22444,-0.0171673,2.23919,-0.0177489,-0.0933722,-0.0902063,0.039,0.0388419,-0.0183664,3.75683,29.4447
8.8816e+07,0.36733,0.113688,9.75954,0.66693,0.038511,0.569366,0.0376638,2.15534,0.0439012,2.17009,0.0436401,-0.0323036,-0.0369474,0.037,0.0373399,-0.0230349,3.75711,29.48
8.8836e+07,0.374509,0.0607027,9.79268,0.3549,0.0232439,0.381958,0.0246796,2.19009,-0.0324345,2.17827,-0.0324343,-0.0933722,-0.0961505,0.037,0.0368626,-0.02377,3.75722,29.4476
8.8856e+07,0.391213,0.0968289,9.76186,0.567848,0.0537782,0.560079,0.0531854,2.29483,-0.062969,2.22633,-0.0617887,-0.0933722,-0.0933104,0.037,0.0368106,-0.0239539,3.7574,29.4388
8.88761e+07,0.372109,0.101646,9.77138,0.59556,0.0537782,0.564601,0.0540665,2.18074,-0.0782361,2.14886,-0.0759202,-0.108639,-0.109328,0.038,0.0375573,-0.021596,3.75639,29.4476
8.8896e+07,0.393613,0.0558858,9.77129,0.327428,0.0232439,0.385355,0.0255934,2.30674,-0.0477018,2.28387,-0.0476961,-0.0475707,-0.0482716,0.038,0.0377983,-0.0202961,3.7567,29.4418
8.8916e+07,0.412709,0.07997,9.78319,0.467922,0.038511,0.534745,0.0390922,2.41554,-0.0171673,2.2812,-0.0174439,-0.00176919,-0.00717823,0.038,0.0378275,-0.0197823,3.75682,29.4624
8.8936e+07,0.338687,0.0751532,9.80224,0.439013,0.0843126,0.423819,0.0834256,1.97884,-0.0171673,2.04416,-0.0165921,-0.0170363,-0.0224468,0.039,0.0385868,-0.0172665,3.75711,29.4476
8.8956e+07,0.353008,0.0968289,9.77852,0.566967,0.038511,0.547263,0.0393642,2.0674,-0.0171673,2.1172,-0.0177383,0.0134979,0.0108303,0.039,0.0388275,-0.0163943,3.7573,29.4388
8.89763e+07,0.372129,0.0318017,9.7689,0.186385,-0.0378249,0.314832,-0.0360738,2.18151,-0.062969,2.15489,-0.0614901,-0.0475707,-0.0489901,0.039,0.0388541,-0.016498,3.75638,29.4771
8.8997e+07,0.407935,0.0727447,9.79268,0.425244,-0.00729048,0.484951,-0.00497984,2.38533,-0.0782361,2.31147,-0.0779359,-0.108639,-0.112554,0.039,0.0388549,-0.0162081,3.7566,29.4741
8.9017e+07,0.393612,0.0582943,9.72856,0.343036,0.00797665,0.418045,0.00825878,2.31685,-0.0324345,2.27345,-0.0321348,-0.0323036,-0.0337286,0.039,0.0388541,-0.0166413,3.75639,29.4506
8.9037e+07,0.367334,0.101646,9.74527,0.597164,0.0690454,0.580375,0.06904,2.15854,-0.062969,2.13954,-0.0618221,-0.0628378,-0.0662223,0.039,0.0388548,-0.0167141,3.75653,29.4447
8.9057e+07,0.360174,0.0896036,9.7785,0.52465,-0.00729048,0.522199,-0.00612653,2.10935,0.0133669,2.13759,0.0127797,-0.0170363,-0.0198772,0.037,0.0373501,-0.0215897,3.75666,29.4682
8.90771e+07,0.38167,0.0679279,9.78082,0.397611,0.114847,0.392787,0.113417,2.23463,-0.0171673,2.20029,-0.0183084,-0.0475707,-0.0462693,0.037,0.0368723,-0.0224001,3.75552,29.4653
8.9097e+07,0.338682,0.0944205,9.77615,0.553028,0.038511,0.55248,0.0379574,1.98405,0.0439012,2.11878,0.0433074,-0.0628378,-0.0608755,0.037,0.0368222,-0.0220207,3.75571,29.4447
8.9117e+07,0.35302,0.0534774,9.74283,0.314281,0.114847,0.416465,0.113333,2.07511,-0.139305,2.00666,-0.137238,-0.0628378,-0.0629611,0.038,0.0375746,-0.0195803,3.75588,29.4682
8.9137e+07,0.364949,0.0896036,9.83785,0.52148,0.0537782,0.48983,0.0546364,2.12441,0.0744357,2.12621,0.0723856,-0.0933722,-0.0920116,0.038,0.0378161,-0.0180162,3.75579,29.4624
8.9157e+07,0.341082,0.0486606,9.7737,0.285084,0.0690454,0.427845,0.0693271,1.99867,-0.062969,2.01464,-0.0626861,-0.0628378,-0.0643453,0.038,0.0378473,-0.017499,3.75596,29.4388
8.91771e+07,0.369726,0.0871952,9.75,0.51202,0.038511,0.562063,0.0393917,2.17156,-0.0171673,2.23665,-0.0159874,-0.0781051,-0.0787662,0.039,0.0386015,-0.0147654,3.75519,29.4771
8.91971e+07,0.372115,0.07997,9.79509,0.467432,0.00797665,0.502321,0.00769913,2.17555,-0.0171673,2.15812,-0.0174718,-0.0933722,-0.0966579,0.039,0.0388442,-0.0140085,3.75548,29.4359
8.9217e+07,0.381665,0.0847868,9.77372,0.496649,0.114847,0.450905,0.113667,2.23619,-0.0171673,2.20916,-0.0174608,-0.0323036,-0.0316387,0.039,0.0388653,-0.0149441,3.75566,29.4418
8.9237e+07,0.381671,0.0631111,9.78793,0.369149,0.0843126,0.48022,0.0854424,2.23302,-0.062969,2.21832,-0.0623705,-0.0781051,-0.0775607,0.038,0.0381143,-0.017216,3.75601,29.43
8.9257e+07,0.374505,0.0751532,9.80221,0.438956,0.00797665,0.491037,0.00976599,2.18792,-0.0171673,2.19643,-0.017173,-0.108639,-0.108482,0.038,0.0378738,-0.0180076,3.75616,29.4888
8.9277e+07,0.391217,0.0847868,9.77846,0.496389,0.0995797,0.461799,0.0992528,2.29098,-0.0019002,2.2415,-0.00190566,-0.123907,-0.118532,0.038,0.0378497,-0.0176428,3.75648,29.48
8.92971e+07,0.367335,0.0968289,9.76663,0.567625,0.0995797,0.551974,0.099253,2.15384,-0.0935032,2.20149,-0.0920628,-0.0781051,-0.0807626,0.039,0.0386003,-0.0151786,3.75687,29.4271
8.9317e+07,0.369725,0.0896036,9.82835,0.521974,0.145381,0.544736,0.144489,2.15426,-0.0324345,2.15385,-0.0324678,-0.108639,-0.105858,0.039,0.0388393,-0.0147019,3.75716,29.4447
8.9337e+07,0.405544,0.0847868,9.7737,0.496601,0.00797665,0.484838,0.00883597,2.37594,-0.0019002,2.24937,-0.00276474,-0.123907,-0.122516,0.039,0.0388654,-0.0147017,3.75734,29.4418
8.9357e+07,0.331525,0.0703363,9.73576,0.413689,0.0843126,0.427111,0.0822739,1.95025,-0.0019002,2.077,-0.00252146,-0.169708,-0.165503,0.039,0.0388677,-0.0149376,3.7576,29.4712
8.9377e+07,0.369722,0.0992373,9.74527,0.583011,0.0537782,0.572844,0.0534844,2.17257,-0.0324345,2.0834,-0.0315755,-0.108639,-0.105221,0.039,0.0388675,-0.0153545,3.75776,29.4476
8.9397e+07,0.391221,0.0679279,9.74995,0.398853,0.0232439,0.427131,0.0229449,2.29773,-0.0477018,2.2083,-0.0476792,-0.0170363,-0.0199069,0.039,0.0388661,-0.0151685,3.75784,29.4447
8.9417e+07,0.376882,0.113688,9.77852,0.665612,0.0232439,0.583068,0.0229842,2.20704,-0.062969,2.12981,-0.0624036,-0.0475707,-0.0469993,0.04,0.0396189,-0.012703,3.75807,29.4535
8.9437e+07,0.415097,0.0775616,9.77843,0.454046,0.0690454,0.527148,0.0693556,2.43069,-0.0935032,2.34173,-0.0917688,-0.0475707,-0.0488749,0.04,0.0398553,-0.0120563,3.75813,29.4535
8.9457e+07,0.37212,0.0631111,9.74046,0.370959,0.130114,0.41772,0.129249,2.18779,-0.0324345,2.18617,-0.0315759,-0.0781051,-0.0792482,0.04,0.0398827,-0.0121506,3.75826,29.4594
8.9477e+07,0.403157,0.07997,9.77845,0.468168,0.038511,0.445451,0.0402289,2.36084,0.0591686,2.33793,0.0565196,-0.0170363,-0.0203524,0.039,0.0391284,-0.0149822,3.75806,29.4388
8.94971e+07,0.360173,0.092012,9.72627,0.54164,0.0690454,0.482965,0.0667634,2.12065,-0.0477018,2.17665,-0.0471256,-0.108639,-0.105167,0.039,0.0388908,-0.0155593,3.75828,29.4241
8.9517e+07,0.362565,0.0775616,9.79035,0.453591,0.0995797,0.495647,0.0992687,2.12079,-0.0477018,2.13702,-0.0471253,-0.0628378,-0.0596664,0.039,0.038864,-0.0157252,3.75833,29.4535
8.9537e+07,0.39122,0.0727447,9.74283,0.427446,0.0995797,0.399784,0.0986819,2.29939,-0.062969,2.22669,-0.0629905,-0.0323036,-0.0376767,0.039,0.0388583,-0.0164238,3.75837,29.4712
8.9557e+07,0.374498,0.0992373,9.80699,0.579336,0.0690454,0.534731,0.069655,2.18677,-0.0171673,2.19059,-0.0177603,-0.154441,-0.15331,0.039,0.0388561,-0.0161667,3.75858,29.4212
8.9577e+07,0.381661,0.101646,9.77375,0.595393,0.00797665,0.504697,0.0103322,2.23612,-0.0782361,2.2164,-0.0773823,-0.0781051,-0.0754199,0.039,0.0388555,-0.0164968,3.75869,29.4359
8.95971e+07,0.374503,0.0823784,9.75948,0.483258,0.00797665,0.472056,0.00943947,2.19747,-0.0782361,2.15417,-0.0776544,-0.0781051,-0.0773862,0.039,0.0388568,-0.0164475,3.7588,29.4271
8.9617e+07,0.364947,0.0968289,9.70728,0.571096,0.00797665,0.580404,0.00711874,2.15293,-0.062969,2.11989,-0.0618225,-0.0933722,-0.093188,0.039,0.0388539,-0.0171259,3.75899,29.4712
8.9637e+07,0.379276,0.092012,9.78561,0.53832,0.130114,0.479663,0.128679,2.21949,-0.0171673,2.17184,-0.0168568,-0.0323036,-0.033722,0.039,0.0388531,-0.0168884,3.75908,29.4594
8.9657e+07,0.362555,0.113688,9.75004,0.66759,0.0232439,0.568463,0.0238154,2.12941,-0.0171673,2.06563,-0.0177431,-0.139174,-0.133108,0.038,0.0382549,-0.0187078,3.75917,29.4624
8.9677e+07,0.379277,0.0871952,9.80697,0.509031,0.0995797,0.500762,0.0978348,2.21468,0.0133669,2.16681,0.0127794,-0.0628378,-0.0594645,0.038,0.0378763,-0.0201293,3.75917,29.4535
8.96972e+07,0.384054,0.0823784,9.79508,0.481486,-0.0225576,0.438747,-0.0216762,2.24527,-0.0782361,2.18999,-0.0770723,-0.108639,-0.110531,0.038,0.037836,-0.0199138,3.75799,29.43
8.97181e+07,0.393609,0.0703363,9.8093,0.410495,-0.0378249,0.500984,-0.0363231,2.29776,-0.0782361,2.18399,-0.0764902,-0.0170363,-0.0210012,0.038,0.0378364,-0.0191317,3.75813,29.4535
8.9739e+07,0.35778,0.108871,9.76429,0.638388,0.0537782,0.569224,0.0549363,2.09835,-0.0171673,2.05688,-0.0171509,-0.0781051,-0.0788307,0.038,0.0378413,-0.0188674,3.75835,29.4535
8.9759e+07,0.362563,0.0847868,9.79511,0.495603,0.00797665,0.526536,0.00915711,2.11974,0.0439012,2.11515,0.0429922,-0.0628378,-0.0614531,0.038,0.0378405,-0.0189112,3.75856,29.4535
8.9779e+07,0.374507,0.0679279,9.74759,0.398976,0.00797665,0.397799,0.0105857,2.20019,0.0133669,2.16466,0.0125139,-0.0475707,-0.0476336,0.039,0.0385915,-0.016796,3.75868,29.4506
8.97991e+07,0.369725,0.0896036,9.80461,0.523236,0.0537782,0.535734,0.0520335,2.15947,-0.0171673,2.09625,-0.0163135,0.0134979,0.012746,0.039,0.0388315,-0.0160986,3.75769,29.4653
8.982e+07,0.384058,0.0679279,9.79744,0.396934,0.0843126,0.400096,0.0851817,2.24478,0.0133669,2.22329,0.013062,-0.0628378,-0.0601843,0.039,0.038855,-0.0161136,3.75802,29.4594
8.98401e+07,0.369732,0.0631111,9.81406,0.368185,0.130114,0.401245,0.128369,2.15748,-0.0324345,2.14338,-0.0312875,-0.108639,-0.109027,0.04,0.0396074,-0.0141716,3.75808,29.4418
8.986e+07,0.372117,0.0751532,9.77372,0.440238,0.114847,0.461014,0.114802,2.18032,-0.0324345,2.19424,-0.0321795,-0.0170363,-0.016476,0.04,0.039847,-0.0137292,3.7583,29.4771
8.988e+07,0.367339,0.0823784,9.79747,0.481401,0.00797665,0.488474,0.00797717,2.14712,0.0286341,2.10444,0.0283178,-0.0170363,-0.0157136,0.04,0.0398746,-0.0134508,3.75851,29.4535
8.99003e+07,0.336304,0.0582943,9.78797,0.341032,0.0843126,0.371076,0.0819853,1.96781,0.0133669,2.11183,0.0121697,-0.0781051,-0.0825751,0.037,0.0376223,-0.020229,3.75753,29.4535
8.9921e+07,0.388828,0.0896036,9.71912,0.527791,0.0537782,0.530829,0.0531797,2.29088,0.10497,2.1937,0.102654,-0.169708,-0.166086,0.037,0.0369025,-0.0223794,3.75761,29.4682
8.9941e+07,0.35778,0.108871,9.7809,0.637305,0.00797665,0.5897,0.00828162,2.09479,0.0133669,2.12912,0.0133888,-0.0781051,-0.0807051,0.037,0.0368232,-0.0227284,3.75736,29.4506
8.9961e+07,0.364951,0.0847868,9.73338,0.498737,0.00797665,0.486146,0.00797117,2.1472,0.0133669,2.13725,0.0124913,-0.169708,-0.164817,0.038,0.0375679,-0.0204074,3.75745,29.4535
8.9981e+07,0.376892,0.0751532,9.76184,0.440764,0.0537782,0.480534,0.052592,2.21095,-0.0324345,2.17634,-0.0321241,-0.0933722,-0.0880666,0.038,0.0378051,-0.0198842,3.75762,29.4653
9.00011e+07,0.355409,0.051069,9.77369,0.299179,0.0843126,0.371389,0.0863118,2.08255,-0.0019002,2.21054,-0.00220602,-0.154441,-0.152257,0.038,0.0378267,-0.0201331,3.75668,29.4329
9.00221e+07,0.357784,0.0944205,9.7975,0.551786,0.130114,0.529118,0.0543653,2.0913,-0.0324345,2.12214,-0.0638386,-0.123907,-0.108538,0.038,0.0378303,-0.0202236,3.75698,29.4594
9.0043e+07,0.376884,0.106463,9.75002,0.625133,0.0843126,0.642645,0.0857476,2.21352,-0.124038,2.16151,-0.122297,-0.0628378,-0.064792,0.038,0.0378334,-0.0199333,3.75683,29.4418
9.0063e+07,0.348235,0.0871952,9.72627,0.513309,0.0690454,0.555655,0.0691008,2.05043,-0.0171673,2.14488,-0.0180598,-0.108639,-0.103927,0.038,0.0378327,-0.0198459,3.75695,29.4153
9.0083e+07,0.384049,0.0992373,9.84972,0.576805,0.0843126,0.515163,0.0843017,2.23277,0.0133669,2.23336,0.0121754,0.0134979,0.00655808,0.038,0.0378316,-0.0195973,3.75723,29.4388
9.01031e+07,0.331517,0.0968289,9.76191,0.567973,0.0843126,0.512716,0.0845892,1.94494,0.0591686,2.10448,0.0574005,-0.0933722,-0.0917972,0.038,0.0378338,-0.0196932,3.75606,29.4712
9.0124e+07,0.341069,0.0968289,9.73579,0.569476,0.038511,0.555418,0.0387943,2.00629,-0.0171673,2.01019,-0.0174665,-0.154441,-0.148197,0.038,0.0378393,-0.0193405,3.75622,29.4653
9.0144e+07,0.369726,0.0847868,9.77848,0.49643,0.038511,0.484554,0.0379241,2.16525,-0.0171673,2.19953,-0.0168518,-0.108639,-0.112557,0.038,0.0378351,-0.0195335,3.75653,29.4271
9.0164e+07,0.372117,0.0727447,9.77134,0.426233,0.0995797,0.457977,0.100432,2.18085,-0.062969,2.19805,-0.0612407,-0.0781051,-0.0752906,0.038,0.0378358,-0.0192346,3.75683,29.4682
9.0184e+07,0.369723,0.0968289,9.76663,0.56762,-0.00729048,0.489416,-0.00701235,2.16783,-0.0019002,2.14492,-0.000460032,-0.139174,-0.135515,0.038,0.0378388,-0.0190561,3.75695,29.4506
9.02041e+07,0.403153,0.0968289,9.73336,0.56948,-0.0225576,0.532729,-0.0208007,2.3717,-0.0935032,2.29899,-0.0929039,-0.0628378,-0.0628488,0.038,0.0378363,-0.0192813,3.75605,29.4065
9.0225e+07,0.362559,0.0992373,9.79751,0.579923,0.0995797,0.555238,0.0986929,2.11917,-0.0782361,2.22764,-0.0776382,-0.139174,-0.133222,0.038,0.0378342,-0.0192655,3.75629,29.4888
9.0245e+07,0.364952,0.07997,9.80697,0.466879,0.0690454,0.44619,0.0684632,2.13112,-0.0935032,2.11277,-0.0940733,-0.0475707,-0.0495293,0.038,0.0378385,-0.018971,3.75643,29.4241
9.0265e+07,0.379284,0.0607027,9.79268,0.354893,0.0537782,0.411519,0.0534897,2.218,-0.062969,2.16568,-0.0629688,-0.123907,-0.124481,0.039,0.0386899,-0.0159556,3.75623,29.4329
9.0285e+07,0.393603,0.0896036,9.79984,0.52344,0.0232439,0.501751,0.0249785,2.29991,-0.10877,2.20046,-0.106726,-0.154441,-0.148303,0.039,0.0388468,-0.0152042,3.75638,29.4418
9.03052e+07,0.388838,0.0534774,9.80453,0.312263,0.0690454,0.426612,0.069028,2.27107,-0.062969,2.21435,-0.0623591,-0.0781051,-0.0812436,0.039,0.0388641,-0.0148854,3.75542,29.4447
9.03261e+07,0.350624,0.0847868,9.7595,0.49743,0.0690454,0.451538,0.127803,2.05747,-0.0171673,2.07346,-0.0165854,-0.0170363,-0.0349368,0.039,0.0388681,-0.0149978,3.7557,29.4006
9.0347e+07,0.360188,0.0390269,9.75705,0.229019,0.0843126,0.347549,0.0860183,2.11413,-0.062969,2.11944,-0.0606589,-0.0781051,-0.0781337,0.039,0.0388668,-0.0154202,3.75562,29.4124
9.0367e+07,0.35779,0.0727447,9.76898,0.42636,0.0232439,0.458323,0.0238202,2.09747,0.0439012,2.10883,0.0430033,-0.154441,-0.152281,0.039,0.0388642,-0.0155934,3.75579,29.4506
9.0387e+07,0.412712,0.0679279,9.77367,0.39785,0.0537782,0.462971,0.0554954,2.41793,-0.124038,2.30825,-0.121993,-0.108639,-0.107763,0.04,0.0397698,-0.0131115,3.75596,29.4241
9.04074e+07,0.338686,0.07997,9.769,0.468737,-0.0836264,0.527568,-0.0809831,1.98555,0.0591686,2.01702,0.0556719,-0.0170363,-0.021801,0.04,0.0398702,-0.0130271,3.75545,29.4624
9.0428e+07,0.384053,0.0847868,9.77135,0.496764,0.0843126,0.526565,0.0848659,2.25071,-0.0171673,2.16504,-0.0174552,-0.0781051,-0.079426,0.04,0.0398774,-0.0134486,3.75564,29.4212
9.0448e+07,0.364949,0.092012,9.80461,0.537308,0.0690454,0.525976,0.068481,2.13159,-0.0171673,2.13544,-0.0180371,-0.0628378,-0.061612,0.04,0.0398748,-0.0136975,3.75581,29.4418
9.0468e+07,0.36972,0.108871,9.79039,0.63666,-0.0225576,0.555358,-0.0207845,2.16253,-0.0782361,2.19915,-0.0770613,-0.0170363,-0.0198551,0.04,0.0398701,-0.014272,3.75598,29.4653
9.0488e+07,0.355409,0.051069,9.77369,0.299179,0.0843126,0.451109,0.0843172,2.08255,0.0286341,2.10346,0.0280409,-0.0170363,-0.0170363,0.04,0.0398666,-0.0151033,3.75614,29.4271
9.0508e+07,0.364951,0.0847868,9.77849,0.496439,0.00797665,0.50648,0.0085862,2.13731,-0.0324345,2.20031,-0.034456,-0.0170363,-0.0165293,0.039,0.0389538,-0.0178781,3.75638,29.3976
9.0529e+07,0.343465,0.0655195,9.83783,0.381349,0.0537782,0.468446,0.0532183,1.9995,0.0286341,2.07626,0.0277584,-0.0628378,-0.062832,0.039,0.0388576,-0.0177402,3.75618,29.4535
9.0549e+07,0.36734,0.07997,9.74999,0.4696,-0.0683591,0.462199,-0.0677544,2.15758,-0.0477018,2.15077,-0.0479677,-0.0170363,-0.0171325,0.039,0.0388497,-0.0177325,3.75633,29.4594
9.0569e+07,0.362563,0.0823784,9.81647,0.480479,0.0232439,0.493103,0.0252661,2.11514,-0.0782361,2.17349,-0.0753161,-0.108639,-0.107992,0.039,0.0388486,-0.0171424,3.75647,29.4447
9.0589e+07,0.403151,0.101646,9.7951,0.594045,0.038511,0.552249,0.0379403,2.35675,-0.0782361,2.24383,-0.0764738,-0.0628378,-0.0615997,0.039,0.0388508,-0.0172055,3.75677,29.4388
9.0609e+07,0.369719,0.111279,9.7714,0.652005,0.038511,0.584588,0.0379522,2.16672,-0.0324345,2.21253,-0.0312601,-0.0628378,-0.0626001,0.039,0.0388498,-0.017069,3.75698,29.4241
9.06291e+07,0.388828,0.0896036,9.75473,0.525867,0.0537782,0.55918,0.0549027,2.28253,0.0744357,2.30205,0.0723857,-0.0170363,-0.021849,0.04,0.0397585,-0.014342,3.75726,29.4418
9.0649e+07,0.364947,0.0992373,9.77139,0.581465,0.0690454,0.613483,0.0678656,2.13881,0.0591686,2.16978,0.0565474,-0.108639,-0.107157,0.04,0.0398566,-0.0146125,3.75735,29.4212
9.0669e+07,0.362565,0.0775616,9.83071,0.451731,0.038511,0.462313,0.0379293,2.11209,-0.0019002,2.11987,-0.000747884,-0.0933722,-0.0900193,0.04,0.0398691,-0.014327,3.75753,29.4241
9.0689e+07,0.37689,0.0823784,9.78085,0.4822,-0.00729048,0.539556,-0.00873109,2.20664,0.0133669,2.19559,0.0130571,-0.139174,-0.132473,0.038,0.0380506,-0.0196978,3.7577,29.4212
9.0709e+07,0.386446,0.0655195,9.78081,0.383507,-0.114161,0.445058,-0.113551,2.26257,0.0439012,2.21182,0.0427433,-0.0323036,-0.0336626,0.038,0.0378546,-0.0199701,3.75785,29.4447
9.07291e+07,0.360176,0.07997,9.7951,0.467453,0.00797665,0.449905,0.00681297,2.10581,0.0591686,2.16216,0.0582876,-0.108639,-0.105169,0.038,0.0378358,-0.0195331,3.75792,29.4271
9.0749e+07,0.391213,0.0992373,9.78798,0.580421,-0.0988935,0.485196,-0.0986048,2.2887,0.0439012,2.24464,0.0444772,-0.0323036,-0.0358755,0.04,0.0396532,-0.014106,3.75815,29.4212
9.0769e+07,0.353016,0.0679279,9.75235,0.398814,0.038511,0.477296,0.0370206,2.07304,-0.0019002,2.14848,-0.0021717,-0.0323036,-0.0371396,0.04,0.0398494,-0.0140176,3.7582,29.4535
9.0789e+07,0.424651,0.0679279,9.80452,0.39658,0.0232439,0.458392,0.0235309,2.47997,0.0591686,2.34952,0.058011,-0.0933722,-0.0933319,0.04,0.0398671,-0.0139657,3.75825,29.4241
9.0809e+07,0.395998,0.0655195,9.74519,0.384891,-0.0225576,0.448065,-0.0231387,2.32689,-0.0171673,2.26563,-0.0168901,-0.123907,-0.123151,0.04,0.0398705,-0.0141125,3.75838,29.4329
9.08291e+07,0.388826,0.0944205,9.78798,0.552255,0.0690454,0.526705,0.0687684,2.27477,-0.0171673,2.23105,-0.0166028,0.0287652,0.0232147,0.04,0.03987,-0.0141328,3.75842,29.4359
9.0849e+07,0.38644,0.0896036,9.79984,0.523455,0.114847,0.540317,0.113971,2.2581,-0.0935032,2.18863,-0.0931921,0.0134979,0.0147908,0.04,0.0398677,-0.0146716,3.75854,29.4565
9.0869e+07,0.364961,0.0486606,9.78792,0.284645,-0.0225576,0.398795,-0.0208067,2.13536,-0.0019002,2.19179,-0.00308057,-0.0781051,-0.0753912,0.041,0.040775,-0.0122107,3.75857,29.4418
9.0889e+07,0.384051,0.092012,9.71912,0.541986,-0.00729048,0.501332,-0.00781645,2.26276,0.0286341,2.25496,0.028906,-0.0323036,-0.0330554,0.041,0.04087,-0.0128272,3.75861,29.4388
9.0909e+07,0.357785,0.092012,9.80937,0.537063,-0.00729048,0.455293,-0.00814871,2.08878,0.0286341,2.16629,0.0286395,-0.108639,-0.10646,0.041,0.0408769,-0.0130022,3.75863,29.4329
9.09291e+07,0.367336,0.0944205,9.74526,0.554719,-0.0225576,0.523204,-0.0225357,2.15857,0.0286341,2.21581,0.028041,-0.0475707,-0.0510684,0.039,0.039179,-0.0186307,3.75883,29.4388
9.0949e+07,0.369728,0.07997,9.80934,0.466758,0.00797665,0.516313,0.00766581,2.15846,0.0591686,2.12931,0.0588694,-0.0323036,-0.0336973,0.039,0.0388728,-0.0192556,3.75885,29.4271
9.0969e+07,0.321966,0.0968289,9.78329,0.566752,-0.0683591,0.513786,-0.0666084,1.88482,-0.0019002,2.07607,-0.000776497,-0.0323036,-0.034354,0.039,0.0388391,-0.0194112,3.75903,29.4447
9.0989e+07,0.357781,0.106463,9.7904,0.622604,-0.00729048,0.504018,-0.00730047,2.09277,-0.0782361,2.17378,-0.0764857,-0.0323036,-0.0349269,0.039,0.0388347,-0.0195307,3.75912,29.4653
9.1009e+07,0.376896,0.0631111,9.79981,0.368709,-0.00729048,0.489894,-0.00701919,2.20244,-0.0019002,2.15683,-0.000736476,-0.0628378,-0.062963,0.039,0.0388347,-0.0195621,3.75913,29.4388
9.10291e+07,0.357786,0.0896036,9.75001,0.526185,-0.0225576,0.507025,-0.0222695,2.10149,0.0591686,2.21293,0.0577389,-0.0628378,-0.0661649,0.039,0.0388326,-0.0196821,3.75795,29.4506
9.10501e+07,0.357784,0.0944205,9.79275,0.425452,0.0537782,0.446476,-0.0372432,2.00916,-0.0324345,2.09541,0.0876358,-0.0933722,-0.080132,0.039,0.0388333,-0.0196509,3.75818,29.4388
9.1071e+07,0.38406,0.0607027,9.75706,0.35618,-0.0378249,0.40655,-0.0357754,2.25408,-0.0171673,2.25112,-0.0168678,-0.0475707,-0.0509196,0.039,0.0388333,-0.0196587,3.75797,29.4476
9.1091e+07,0.369727,0.0823784,9.78085,0.482213,0.0232439,0.433554,0.0252996,2.16474,-0.0477018,2.22069,-0.0474198,-0.0933722,-0.0919196,0.039,0.0388319,-0.0197585,3.75803,29.4241
9.1111e+07,0.357784,0.0968289,9.77614,0.567094,0.0995797,0.53316,0.097852,2.09585,-0.062969,2.16746,-0.0618284,-0.0475707,-0.0475763,0.039,0.0388326,-0.019628,3.75826,29.43
9.11313e+07,0.369722,0.0992373,9.77613,0.581173,-0.0378249,0.514772,-0.0343447,2.16572,0.0591686,2.19338,0.0565423,-0.0933722,-0.0941194,0.039,0.0388341,-0.0194397,3.75721,29.4182
9.11525e+07,0.37689,0.0847868,9.76423,0.49714,-0.00729048,0.457694,-0.00785494,2.21038,-0.0171673,2.2163,-0.0148457,0.0440323,0.0364449,0.039,0.0388355,-0.0193465,3.75798,29.43
9.1173e+07,0.407965,-0.0356339,9.85423,-0.207009,-0.236298,0.35925,-0.27114,2.37068,-0.139305,1.90047,-0.201051,-0.261311,-0.240086,0.039,0.0388469,-0.0180024,3.75779,29.4682
9.11941e+07,0.264688,-0.0115497,9.69295,-0.759987,-0.114161,-0.115012,0.28616,3.36805,-0.185106,2.56871,-0.354311,-0.352914,-0.498145,0.039,0.0388434,-0.0187061,3.75735,29.4212
9.12151e+07,0.350614,0.118505,9.81891,0.691029,-0.0378249,1.09058,0.473072,2.0449,0.272909,0.764071,0.0346658,-0.749861,-0.360827,0.039,0.0388511,-0.0175697,3.75651,29.4565
9.12361e+07,0.312425,0.0607027,9.8236,0.353863,0.191183,0.448392,0.152475,1.82156,0.150772,2.17047,0.0727385,0.669986,0.674101,0.039,0.0388498,-0.0166642,3.7553,29.4212
3.85506e+06,2.79819,-0.0163666,9.22303,-0.097294,-17.5792,-0.162909,-17.5729,16.8773,-34.9449,16.7952,-34.9343,0.745919,0.747359,0.053,0.0478518,-0.410866,3.75715,29.3712
3.87506e+06,2.68359,-0.0789853,9.35598,-0.464945,-18.6785,-0.43747,-18.676,16.004,-37.5861,16.0169,-37.5751,0.593247,0.591856,0.053,0.0479973,-0.416255,3.75734,29.3712
3.91606e+06,2.335,-0.192181,9.36085,-1.14118,-18.2357,-1.19954,-18.241,14.0034,-40.5937,14.1035,-40.5878,0.486377,0.482171,0.053,0.0483878,-0.41996,3.75752,29.3918
3.93605e+06,2.22995,-0.245166,9.57928,-1.42791,-16.5869,-1.53145,-16.5969,13.1003,-41.1128,13.1722,-41.1151,0.547446,0.548198,0.052,0.0482471,-0.417085,3.7576,29.3447
3.95606e+06,2.10341,-0.305376,9.90932,-1.72668,-13.9151,-1.72859,-13.932,11.9785,-41.4029,12.0592,-41.4011,0.944393,0.936613,0.052,0.0479446,-0.407337,3.75768,29.3976
3.97605e+06,1.97447,-0.339094,9.99959,-1.90544,-10.5563,-1.98585,-10.5736,11.1634,-41.2807,11.1445,-41.2811,1.23447,1.22799,0.052,0.0481664,-0.390411,3.75775,29.3624
3.99606e+06,1.74764,-0.394488,9.77415,-2.27518,-6.75479,-2.2168,-6.77007,10.1294,-40.7311,10.1218,-40.7318,1.46348,1.46328,0.05,0.047732,-0.375528,3.75782,29.3506
4.01605e+06,1.56137,-0.32946,9.66045,-1.92826,-2.75479,-2.05377,-2.77127,9.17581,-39.2655,9.20691,-39.2723,1.81462,1.81246,0.05,0.0468192,-0.366095,3.75806,29.3829
4.03606e+06,1.37752,-0.348728,9.71281,-2.0359,1.19941,-2.11386,1.18383,8.06699,-37.3723,8.04106,-37.3804,2.16577,2.16083,0.05,0.0469454,-0.352278,3.7582,29.3653
4.05605e+06,1.25574,-0.370403,9.96218,-2.11263,4.9246,-2.09149,4.90996,7.17939,-34.8685,7.19585,-34.8784,2.47111,2.46804,0.046,0.0457024,-0.338519,3.75825,29.3447
4.07606e+06,1.09575,-0.346319,10.157,-1.94157,8.75666,-1.90802,8.74136,6.15375,-31.525,6.22358,-31.5383,2.76119,2.75561,0.046,0.0436242,-0.323309,3.75838,29.3741
4.09619e+06,0.945303,-0.300559,10.2166,-1.67792,11.6574,-1.67914,11.6454,5.28404,-27.7693,5.3742,-27.7854,2.89859,2.89571,0.046,0.0436193,-0.299492,3.75808,29.3241
4.11711e+06,0.837831,-0.230715,10.1503,-1.29769,13.8559,-1.37191,13.8478,4.71741,-23.5555,4.71554,-23.5732,3.1276,3.12478,0.046,0.0438214,-0.275678,3.75814,29.3447
4.13805e+06,0.66111,-0.156055,9.88468,-0.902467,15.3215,-0.978166,15.3194,3.8259,-17.8304,3.88694,-17.8498,3.23447,3.23175,0.046,0.0440547,-0.252476,3.75819,29.3624
4.15805e+06,0.541708,-0.122337,9.66166,-0.724308,15.3979,-0.691101,15.3997,3.20883,-13.0365,3.25904,-13.0562,3.23447,3.23187,0.046,0.0442021,-0.239359,3.75824,29.3388
4.17805e+06,0.474833,-0.0669433,9.7093,-0.394563,14.5735,-0.375755,14.7934,2.79976,-7.89143,3.06366,-8.93671,3.28027,3.2783,0.046,0.0442869,-0.230351,3.75828,29.3741
4.19906e+06,0.446171,-0.0356339,9.93492,-0.205297,12.8941,-0.150435,12.9007,2.57137,-2.25784,2.61062,-2.27911,3.28027,3.28024,0.048,0.0463123,-0.208199,3.75841,29.3565
4.21905e+06,0.431829,0.0173512,9.94689,0.0998518,10.5277,0.113694,10.5367,2.48584,3.42155,2.50106,3.39971,3.24974,3.24922,0.048,0.0465497,-0.192649,3.7582,29.3535
4.23905e+06,0.355409,0.0486606,9.71908,0.286669,7.36735,0.319836,7.38025,2.09424,9.23835,2.19946,9.2161,3.14287,3.14429,0.052,0.0481235,-0.177229,3.75825,29.3506
4.25905e+06,0.35779,0.0751532,9.60516,0.447977,4.05437,0.457895,4.06844,2.1332,14.5819,2.30066,14.5612,3.15813,3.15892,0.052,0.0505199,-0.162949,3.75829,29.3329
4.27915e+06,0.443754,0.0679279,9.71429,0.400221,0.558186,0.382818,0.571391,2.61542,19.7574,2.60372,19.7377,3.00546,3.00305,0.052,0.0508108,-0.155958,3.75834,29.3329
4.30006e+06,0.424643,0.0992373,9.53629,0.595624,-2.9838,0.584318,-2.97235,2.54951,24.9025,2.71439,24.8819,2.91386,2.91389,0.056,0.0523354,-0.146161,3.7577,29.3447
4.3211e+06,0.522557,0.051069,9.43641,0.309602,-6.23571,0.287614,-6.22464,3.16957,29.0093,3.22132,28.9926,2.88332,2.88591,0.056,0.0546737,-0.138129,3.75744,29.33
4.34205e+06,0.627631,0.0197596,9.44576,0.119593,-9.73189,0.111643,-9.71996,3.80147,33.4979,3.84344,33.4797,2.68485,2.68712,0.056,0.0549035,-0.138326,3.75753,29.3388
4.36205e+06,0.70884,-0.0621264,9.626,-0.368785,-11.8082,-0.2578,-11.8024,4.21146,36.6277,4.34058,36.6177,2.70012,2.70211,0.061,0.0578803,-0.128296,3.75778,29.3359
4.38205e+06,0.833012,-0.0765769,9.81818,-0.44527,-13.1823,-0.459767,-13.1772,4.84943,39.7422,5.06067,39.7302,2.70012,2.69737,0.061,0.0597133,-0.118517,3.7576,29.3594
4.40216e+06,1.00495,-0.110295,9.45473,-0.664614,-13.7014,-0.746648,-13.7016,6.0668,42.4139,6.00048,42.404,2.62378,2.62789,0.061,0.0598572,-0.117085,3.757,29.3418
4.42305e+06,1.06705,-0.165688,9.00585,-1.04668,-13.4723,-0.979662,-13.4756,6.75597,44.3987,6.7131,44.3932,2.71538,2.71728,0.066,0.0627419,-0.116818,3.75685,29.3124
4.44305e+06,1.21989,-0.262025,9.03881,-1.64556,-12.6327,-1.49506,-12.6371,7.68311,45.8796,7.62744,45.8756,2.83752,2.83395,0.066,0.0643929,-0.125344,3.75672,29.3682
4.46305e+06,1.42048,-0.288517,9.44458,-1.7303,-10.8922,-1.69926,-10.9023,8.54933,46.9941,8.61741,46.9902,2.92913,2.9243,0.066,0.0643497,-0.133643,3.75684,29.3182
4.48305e+06,1.60195,-0.278884,9.42307,-1.67126,-8.57158,-1.64469,-8.58087,9.64408,47.5132,9.56798,47.5114,3.0818,3.08033,0.068,0.065358,-0.135568,3.75696,29.3506
4.50305e+06,1.66405,-0.310193,8.99086,-1.943,-5.93036,-1.89052,-5.93939,10.4797,47.4368,10.4903,47.4368,3.28027,3.28092,0.068,0.0658305,-0.147161,3.75707,29.3359
4.52405e+06,1.82881,-0.31501,9.00021,-1.96444,-3.09067,-1.92112,-3.10178,11.4791,46.6887,11.5385,46.6915,3.49401,3.49195,0.068,0.0655607,-0.165414,3.75717,29.3535
4.54406e+06,2.08431,-0.31501,9.34425,-1.88452,-0.205173,-1.86826,-0.216847,12.5675,45.3605,12.5629,45.3673,3.79935,3.79366,0.072,0.067566,-0.171968,3.75744,29.3035
4.56405e+06,2.22758,-0.307785,9.3204,-1.8396,2.64979,-1.83006,2.63636,13.4345,43.2231,13.4396,43.2324,4.0589,4.05528,0.072,0.0686859,-0.180781,3.75753,29.3418
4.58405e+06,2.40187,-0.242757,9.26099,-1.45348,4.89406,-1.51205,4.88629,14.5347,40.017,14.5435,40.0319,4.25737,4.25304,0.072,0.068425,-0.198354,3.75727,29.3153
4.60405e+06,2.64304,-0.228307,9.53384,-1.32196,6.81773,-1.34264,6.81227,15.4906,36.3223,15.4299,36.337,4.41004,4.40994,0.07,0.0668838,-0.218043,3.75754,29.3506
4.62406e+06,2.79823,-0.184956,9.53615,-1.06618,8.34445,-1.1136,8.33906,16.3506,31.7574,16.2828,31.776,4.48638,4.49105,0.07,0.065785,-0.234095,3.75762,29.3741
4.64405e+06,2.8197,-0.107886,9.31546,-0.635084,9.04674,-0.768291,9.04436,16.8395,27.2689,16.8704,27.2877,4.48638,4.49106,0.07,0.0653559,-0.252609,3.7577,29.33
4.66406e+06,2.86506,-0.0500844,9.03298,-0.302813,9.04674,-0.332817,9.04676,17.5976,22.5208,17.6044,22.5385,4.48638,4.48913,0.068,0.0637901,-0.279874,3.75777,29.3271
4.68405e+06,2.89609,-0.0235918,8.82643,-0.145511,8.11544,-0.223429,8.1199,18.1654,17.2078,18.1653,17.227,4.36424,4.36482,0.068,0.0626884,-0.309455,3.75784,29.3359
4.70405e+06,2.88177,-0.0332255,8.64599,-0.208882,6.49712,-0.214898,6.50405,18.4335,12.1544,18.5149,12.1759,4.01309,4.01824,0.068,0.0622386,-0.340556,3.75791,29.3271
4.72406e+06,3.02502,0.0197596,8.76229,0.122133,4.26811,0.18686,4.27744,19.0463,6.35285,18.9774,6.37426,3.72302,3.7218,0.064,0.0595975,-0.377473,3.75797,29.3271
4.74405e+06,3.19933,0.0486606,9.04472,0.290604,1.64216,0.289835,1.65265,19.4796,0.719262,19.3555,0.741424,3.15813,3.16049,0.064,0.0578461,-0.406195,3.75803,29.3271
4.76405e+06,3.19454,0.0847868,9.03053,0.507135,-1.31968,0.477615,-1.30856,19.4804,-4.99066,19.5042,-4.96703,2.66958,2.67405,0.064,0.0574372,-0.428708,3.75784,29.3271
4.78405e+06,3.10859,0.0534774,8.79076,0.328607,-4.69372,0.360179,-4.68193,19.4743,-10.8685,19.4042,-10.846,2.0589,2.0668,0.06,0.0550262,-0.458307,3.7579,29.3212
4.80405e+06,3.10381,0.0558858,8.86437,0.340925,-7.62502,0.322452,-7.61566,19.2971,-16.3342,19.3369,-16.3138,1.60088,1.60193,0.06,0.0534497,-0.485065,3.75797,29.3418
4.82406e+06,3.21127,0.022168,9.13726,0.131143,-10.4342,0.263293,-10.4228,19.3639,-21.7693,19.2056,-21.7472,1.00546,1.01252,0.06,0.0532286,-0.501611,3.75803,29.3506
4.84405e+06,3.04413,0.00530915,9.03528,0.031905,-12.6021,-0.0032797,-12.5955,18.6195,-27.0823,18.6436,-27.0637,0.700118,0.701648,0.052,0.0487074,-0.525557,3.75825,29.3506
4.86405e+06,3.10145,-0.0476759,9.19897,-0.281385,-14.0678,-0.281094,-14.0641,18.6314,-31.4487,18.4961,-31.4319,0.394774,0.395393,0.052,0.045864,-0.545493,3.75796,29.3447
4.88405e+06,3.154,-0.0982526,9.74017,-0.549837,-14.4494,-0.627857,-14.4503,17.9418,-35.2349,17.9262,-35.2217,0.242102,0.246215,0.052,0.0456564,-0.546013,3.75802,29.3624
4.90405e+06,3.94688,-0.536584,8.81046,-3.18127,66.3292,-3.17394,65.6464,24.0917,-106.365,22.3895,-105.778,29.0971,28.4084,0.043,0.0398639,-0.551268,3.75825,29.3418
4.92406e+06,1.75224,0.258193,7.88056,1.83182,72.9704,1.45183,72.9474,12.5292,-111.021,14.4404,-110.973,30.1658,30.1799,0.043,0.0375869,-0.580304,3.75829,29.3418
4.94405e+06,2.66428,0.667623,9.30496,3.94586,-4.84639,3.06658,-4.86145,15.9391,-177.922,14.0328,-177.839,8.31844,8.3313,0.043,0.0376151,-0.578375,3.75834,29.3271
4.96406e+06,1.8,0.241334,11.4917,1.18859,-14.48,1.04001,-14.4481,8.90025,-173.723,9.16691,-173.753,7.86042,7.88146,0.033,0.0324108,-0.56932,3.75855,29.3506
4.98405e+06,0.899811,0.142589,10.4975,0.775364,-19.3197,0.973203,-19.2801,4.89877,-171.204,5.06144,-171.24,7.43294,7.45233,0.033,0.0293543,-0.53124,3.75858,29.3418
5.00405e+06,2.73639,-1.03753,19.953,-2.94909,33.9322,-1.70628,32.8472,7.79854,-153.082,4.70947,-153.341,11.6619,11.4592,0.033,0.0295053,-0.439642,3.75861,29.3388
5.02406e+06,0.309963,0.328037,14.449,1.30026,61.978,0.146567,62.0467,1.22861,-135.128,-3.21138,-135.148,14.4558,14.4696,0.04,0.0339445,-0.426119,3.75796,29.3153
5.0451e+06,-1.01294,0.465316,7.95688,3.3201,-69.8235,4.19806,-69.1919,-7.24269,-21.8609,-6.10547,-22.326,8.27264,8.24276,0.04,0.0366495,-0.402517,3.75811,29.3535
5.06605e+06,-1.10113,-0.0934358,5.95933,-0.883312,-7.73189,-0.336149,-7.50244,-10.4675,22.933,-6.0406,22.9848,6.1047,6.15415,0.04,0.0372724,-0.351745,3.75791,29.3212
5.08605e+06,-0.220029,-0.0621264,8.64625,-0.411551,-2.55632,0.0736779,-2.5039,-1.45771,29.62,-2.00337,29.5817,6.62378,6.6244,0.035,0.0337447,-0.358613,3.75797,29.3124
5.10615e+06,-0.205727,0.0245765,11.8492,0.118819,-4.47998,-0.175578,-4.52759,-0.99467,38.8567,-1.14493,38.8236,6.70012,6.69908,0.035,0.0328199,-0.308841,3.75769,29.3329
5.12706e+06,0.00443622,-0.0934358,10.8042,-0.495488,-6.70899,-0.459805,-6.68565,0.0235249,45.3147,-0.326777,45.2899,6.60851,6.60884,0.035,0.0330079,-0.272247,3.75794,29.3359
5.14705e+06,0.0617477,-0.105478,7.87669,-0.767187,-6.73952,-0.693241,-6.71924,0.44911,51.0093,0.576441,50.9894,6.79172,6.79147,0.018,0.0202731,-0.321565,3.75775,29.3447
5.16706e+06,0.236057,-0.0934358,8.75739,-0.611064,-6.47998,-0.69063,-6.49133,1.54395,55.6048,1.59712,55.5882,6.82226,6.82066,0.018,0.0161333,-0.337139,3.75782,29.3329
5.18705e+06,0.470087,-0.172913,10.3573,-0.955472,-6.38838,-0.973995,-6.39422,2.59834,60.2307,2.67359,60.2133,6.83752,6.83344,0.018,0.0157928,-0.309942,3.75789,29.3447
5.20706e+06,0.630071,-0.168097,9.99866,-0.961255,-5.64029,-0.953738,-5.64181,3.60525,64.4597,3.72737,64.4468,6.88332,6.88645,0.035,0.0286684,-0.246996,3.75803,29.33
5.22706e+06,0.809152,-0.144012,8.89452,-0.923789,-5.18227,-0.950062,-5.18206,5.19733,67.5895,5.1947,67.5791,6.86806,6.87075,0.035,0.0327328,-0.239358,3.75809,29.3329
5.24706e+06,1.05748,-0.103069,9.15791,-0.640563,-4.80059,-0.796581,-4.8038,6.58643,69.7116,6.57049,69.705,7.036,7.03185,0.035,0.0330564,-0.243931,3.75806,29.3124
5.26705e+06,1.31538,-0.170505,9.55883,-1.01236,-4.51052,-0.888786,-4.51232,7.83398,71.2994,7.70725,71.294,7.00546,7.00341,0.027,0.0270772,-0.255776,3.75812,29.3506
5.28705e+06,1.46341,-0.115112,9.17416,-0.709899,-4.43418,-0.685044,-4.43187,9.06246,71.6811,9.09108,71.6811,7.00546,7.00806,0.027,0.025095,-0.262218,3.75825,29.3212
5.30705e+06,1.38225,-0.216265,10.2567,-1.1971,74.4055,-1.35899,74.1998,7.67358,-2.92959,8.21102,-2.73687,1.46348,1.54299,0.027,0.0249719,-0.23993,3.7583,29.3624
5.32706e+06,1.90016,0.710974,13.3894,3.00945,34.9399,2.17973,35.6461,8.06601,-40.3342,8.37442,-39.6493,4.36424,4.22341,0.032,0.0286595,-0.224875,3.75834,29.3447
5.34705e+06,1.12425,0.200391,7.68632,1.47771,2.02383,1.5865,2.03652,8.31866,-61.9525,8.28524,-61.9585,5.38714,5.41833,0.032,0.0298843,-0.234771,3.75839,29.3065
5.36705e+06,1.15288,0.294319,8.44857,1.97687,-5.06013,1.99415,-5.01989,7.76585,-59.754,7.12332,-59.7888,5.02073,5.03844,0.032,0.0300694,-0.23642,3.75809,29.3241
5.38705e+06,0.978548,0.364163,9.98971,2.07779,-12.4189,2.0652,-12.3932,5.5909,-57.2807,5.63574,-57.2734,4.77645,4.76595,0.039,0.0354468,-0.207139,3.75789,29.3418
5.40705e+06,0.758886,0.294319,10.4718,1.60572,-19.167,1.58224,-19.1464,4.14334,-52.9143,4.23605,-52.9355,4.18103,4.1897,0.039,0.0372886,-0.189556,3.75795,29.3476
5.4274e+06,0.57745,0.149814,9.84251,0.870542,-25.0296,0.936495,-25.0045,3.35725,-47.922,3.31209,-47.9553,4.02836,4.02631,0.039,0.0375964,-0.181119,3.75734,29.33
5.44806e+06,0.44135,0.12573,11.1484,0.645638,34.3597,-0.407243,33.9717,2.26693,-66.7311,1.27099,-66.7682,1.41767,1.42448,0.045,0.0415788,-0.108653,3.75743,29.33
5.46805e+06,0.00681268,-0.0524928,10.5977,-0.283797,17.2757,-0.67653,17.2956,0.0368319,-57.693,-0.609437,-57.7577,1.47874,1.46677,0.045,0.044039,-0.0892127,3.75718,29.3329
5.48805e+06,-0.640281,-0.0934358,9.91677,-0.538703,-5.70136,-0.45009,-5.58294,-3.69404,-46.0899,-3.78182,-46.1511,2.59325,2.58035,0.045,0.044264,-0.0881784,3.75728,29.3565
5.50805e+06,-0.468451,0.246151,9.20965,1.52903,-20.5869,1.55051,-20.5358,-2.91081,-33.2044,-2.90266,-33.2718,3.02073,3.01665,0.037,0.0394849,-0.100939,3.75695,29.3418
5.52806e+06,-0.668724,-0.852086,9.40038,-5.16637,10.8788,-4.41235,10.6396,-4.05249,-8.83799,-3.1612,-8.92719,-0.139577,-0.0672897,0.037,0.0365184,-0.103931,3.75639,29.3476
5.54911e+06,-0.468471,0.318403,9.34272,1.94946,0.176506,1.83471,0.26404,-2.86891,15.9712,-3.03614,15.9073,-0.704463,-0.70517,0.037,0.0362807,-0.0982037,3.75661,29.3741
5.57005e+06,-0.3632,-0.423389,9.15625,-2.64541,-4.51052,-1.85844,-4.58174,-2.26913,46.246,-2.32957,46.151,-0.71973,-0.724989,0.035,0.0348279,-0.0929726,3.75682,29.3447
5.59005e+06,-0.0887692,0.193165,10.2634,1.07819,-5.53342,1.27741,-5.43859,-0.495457,73.6506,-0.66073,73.521,-0.964005,-0.97189,0.035,0.0344123,-0.0850022,3.75694,29.3065
5.61005e+06,3.64829,-0.122337,17.9522,-0.382621,9.44368,-0.577013,9.35524,11.4871,83.7422,6.19428,83.9479,0.516912,0.493525,0.035,0.0343622,-0.0555818,3.75714,29.33
5.63032e+06,-1.01056,0.482175,11.8198,2.32754,0.878797,1.30514,0.922283,-4.8827,-48.2884,6.28989,-48.1664,0.0894306,0.130594,0.039,0.0366983,-0.0773781,3.75724,29.3153
5.65105e+06,-0.327344,-0.55826,9.5525,-3.34267,-1.39601,-1.76147,-1.54379,-1.9593,-25.296,-0.626584,-25.3213,-0.12431,-0.122339,0.039,0.0383107,-0.0626292,3.75734,29.3271
5.67105e+06,0.157173,0.212433,9.34676,1.30181,0.802461,0.953123,0.86039,0.963133,8.55132,0.286179,8.38528,0.47111,0.465297,0.039,0.0385413,-0.0609465,3.75743,29.3447
5.69105e+06,-0.179352,-0.365587,9.91357,-2.11162,2.45132,-1.25787,2.3566,-1.03575,33.4063,-0.35179,33.3334,0.425308,0.426818,0.038,0.0378434,-0.0579681,3.75752,29.2976
5.71105e+06,0.887917,-0.0211834,6.59402,-0.182417,-1.82349,0.683416,-1.78032,7.66899,1.87957,8.15807,2.27741,-1.07087,-1.04407,0.038,0.0374049,-0.061537,3.75768,29.3212
5.73105e+06,0.0402598,-0.115112,9.92802,-0.664287,-0.388379,-0.254996,-0.334249,0.232327,-15.3113,0.90621,-15.4747,0.196301,0.203593,0.038,0.0375401,-0.0504893,3.75784,29.3182
5.75106e+06,0.0761397,-0.339094,9.52639,-2.03853,0.115438,-0.74879,0.0823799,0.457637,14.0628,0.519197,13.9493,0.196301,0.202036,0.039,0.0384107,-0.0434009,3.75791,29.3124
5.77105e+06,0.601374,-0.0139582,8.09242,-0.0985544,-3.70136,0.586354,-3.65066,4.25002,-1.00593,5.30461,-0.742286,-0.811333,-0.782101,0.039,0.0385638,-0.0447123,3.75797,29.3329
5.79105e+06,0.0424997,0.417148,10.1758,2.34746,5.18414,1.23679,5.17254,0.239097,-1.70822,0.461117,-1.84622,0.272637,0.264914,0.039,0.0386817,-0.0354091,3.75803,29.3653
5.81105e+06,0.816301,-0.0910274,8.90647,-0.58312,-9.48762,0.156534,-9.44739,5.23641,3.89483,4.19881,4.02661,-0.964005,-0.936083,0.045,0.0431837,-0.0265424,3.75826,29.3359
5.83105e+06,-0.0792353,0.255784,9.34466,1.56787,4.16124,0.797447,4.21139,-0.485629,-5.2502,1.56289,-5.28563,0.95966,0.966944,0.045,0.0446005,-0.0233508,3.75847,29.2918
5.85106e+06,0.496402,-0.346319,9.28147,-2.13384,-6.55632,-0.777709,-6.60636,3.05931,3.92537,2.94047,3.94713,-1.10141,-1.08393,0.045,0.0447969,-0.0192579,3.75826,29.2829
5.87105e+06,0.255087,0.166673,10.18,0.937706,2.19177,0.763982,2.23718,1.43521,-1.44868,1.82054,-1.51514,0.135232,0.150459,0.043,0.0432918,-0.0251681,3.7583,29.2918
5.89105e+06,0.601441,-0.2548,9.4952,-1.53406,-0.0372341,-0.882782,-0.110434,3.62306,0.933003,3.16901,0.965311,-0.12431,-0.144261,0.043,0.0428188,-0.0276571,3.75801,29.2947
5.91105e+06,0.267038,0.123321,10.1419,0.696419,-1.01433,0.765731,-0.964548,1.50815,1.13148,1.70442,1.08038,-0.00217247,0.00151187,0.043,0.042777,-0.0259108,3.75807,29.3329
5.93106e+06,0.515416,-0.0284086,9.63809,-0.16864,2.75666,-0.321746,2.70938,3.06107,-2.16623,3.08742,-2.13396,0.226835,0.217332,0.043,0.0427558,-0.0282117,3.75787,29.3271
5.95106e+06,0.407941,0.051069,9.77127,0.29919,-1.94563,0.483664,-1.93099,2.39062,2.78033,2.1082,2.75014,-0.139577,-0.137291,0.043,0.0427848,-0.0251846,3.75793,29.33
5.97105e+06,0.422246,0.130547,9.83786,0.759561,2.11544,0.217461,2.11831,2.45744,-2.36471,2.65792,-2.34878,0.150499,0.153582,0.043,0.0427662,-0.0265965,3.75766,29.3094
5.99106e+06,0.479591,-0.00191609,9.65954,-0.0113513,-1.50288,0.266434,-1.50561,2.84237,1.16201,2.62983,1.17771,-0.0937755,-0.0962691,0.044,0.0435323,-0.0232289,3.75773,29.3124
6.01105e+06,0.38166,0.104054,9.83548,0.60568,0.69559,0.441561,0.71126,2.22209,-0.975394,2.42856,-0.9903,0.0741634,0.0763657,0.044,0.0437638,-0.023145,3.75781,29.3388
6.03105e+06,0.465273,-0.0356339,9.68324,-0.210602,0.283377,-0.0970695,0.2626,2.75089,-0.212035,2.67259,-0.197395,0.0588963,0.052448,0.044,0.0437943,-0.0231384,3.75762,29.3594
6.05106e+06,0.384055,0.07997,9.78084,0.46809,-0.525784,0.472569,-0.511688,2.24855,0.520789,2.28798,0.505509,-0.00217247,-7.8062e-05,0.042,0.0422955,-0.0277155,3.7577,29.33
6.07105e+06,0.453321,0.010126,9.7498,0.0594422,0.878797,0.0791342,0.86879,2.66208,-0.792188,2.68395,-0.782532,0.0588963,0.0606986,0.042,0.0418098,-0.0293585,3.75752,29.3241
6.09105e+06,0.4557,0.0438438,9.80446,0.255938,-0.92273,0.259699,-0.918716,2.6611,0.795598,2.53667,0.793916,-0.0937755,-0.0910441,0.042,0.0417664,-0.0282603,3.7576,29.3241
6.11105e+06,0.446148,0.0462522,9.82821,0.269358,0.420781,0.250492,0.424223,2.59911,-0.593715,2.58435,-0.593904,0.0283619,0.0283821,0.042,0.0417597,-0.0280601,3.75768,29.3241
6.13105e+06,0.434215,0.022168,9.74746,0.130175,-0.43418,0.195984,-0.442052,2.55063,0.490255,2.55926,0.493772,-0.0327067,-0.0347856,0.042,0.0417653,-0.0275198,3.75776,29.3271
6.15106e+06,0.417483,0.0847868,9.80931,0.494776,-0.32731,0.365697,-0.317306,2.43694,0.108575,2.42042,0.102335,0.0741634,0.0721461,0.042,0.04177,-0.0268864,3.75715,29.3329
6.17105e+06,0.419896,-0.00673292,9.75692,-0.0395013,0.252842,0.0840257,0.244499,2.46424,-0.24257,2.56911,-0.236249,0.0130948,0.0101965,0.042,0.0417691,-0.0267734,3.75725,29.2976
6.19105e+06,0.417496,0.0390269,9.71426,0.229972,-0.281509,0.207294,-0.27787,2.4609,0.307049,2.43962,0.304279,-0.0327067,-0.0319739,0.042,0.0417751,-0.026503,3.75743,29.3035
6.21105e+06,0.405561,0.022168,9.76648,0.129938,0.420781,0.208119,0.421569,2.37788,-0.441043,2.51215,-0.440093,0.104698,0.102755,0.042,0.0417729,-0.0264543,3.75752,29.3182
6.23105e+06,0.450926,0.0366185,9.76171,0.2147,0.0391018,0.289756,0.0376567,2.64478,0.0475066,2.60541,0.0489898,-0.00217247,-0.00551982,0.041,0.0410224,-0.0287315,3.75769,29.3006
6.25106e+06,0.431815,0.0679279,9.78552,0.397336,0.313911,0.260062,0.319192,2.52664,-0.257837,2.55506,-0.261084,0.0588963,0.0601272,0.041,0.0407816,-0.0291112,3.75692,29.3124
6.27105e+06,0.465253,0.0366185,9.77357,0.214426,0.176506,0.191745,0.173835,2.72538,-0.227303,2.62025,-0.224331,0.0283619,0.0277885,0.041,0.0407592,-0.0286818,3.75669,29.3094
6.29106e+06,0.436603,0.022168,9.81156,0.129325,0.161239,0.154338,0.163052,2.54791,0.00170517,2.51924,-0.000983946,-0.0327067,-0.0278677,0.041,0.0407618,-0.0282026,3.7569,29.3329
6.31105e+06,0.405549,0.0679279,9.7808,0.397573,0.313911,0.315624,0.312712,2.37428,-0.288371,2.43582,-0.288314,0.0283619,0.0288961,0.041,0.0407649,-0.0280325,3.75701,29.2947
6.33105e+06,0.417495,0.0414354,9.80449,0.241921,-0.144104,0.263791,-0.141421,2.43828,-0.0593636,2.42441,-0.057337,0.0436291,0.038892,0.041,0.0407704,-0.0272492,3.75712,29.3241
6.35106e+06,0.391226,0.051069,9.74517,0.300011,0.054369,0.322069,0.0567414,2.29891,-0.196768,2.42052,-0.196191,0.0130948,0.0118828,0.044,0.0430256,-0.0200656,3.75655,29.3094
6.37105e+06,0.462863,0.0438438,9.79021,0.256301,-0.0983027,0.264203,-0.09797,2.7068,-0.0288293,2.59611,-0.0270894,-0.0174396,-0.0161106,0.044,0.0437438,-0.0183465,3.75634,29.3124
6.39106e+06,0.403171,0.0318017,9.80211,0.185731,0.0238347,0.223163,0.0250371,2.35529,0.0169723,2.43391,0.0148882,-0.0327067,-0.0306191,0.044,0.0438221,-0.0181948,3.75649,29.33
6.41122e+06,0.436604,0.0197596,9.72609,0.116286,0.0391018,0.117441,0.0376609,2.57028,0.0475066,2.57042,0.0457615,-0.047974,-0.0446167,0.043,0.0430776,-0.0206745,3.75594,29.3212
6.43206e+06,0.443763,0.0342101,9.82107,0.199376,-0.128837,0.263059,-0.126487,2.58712,-0.0593636,2.5638,-0.058211,0.0283619,0.0276359,0.043,0.0428379,-0.0210963,3.75611,29.3212
6.45205e+06,0.462856,0.0703363,9.76413,0.412262,0.0849034,0.313542,0.0839887,2.71393,-0.0440965,2.58575,-0.0435142,0.0283619,0.0270949,0.043,0.0428133,-0.0210793,3.75634,29.3212
6.47205e+06,0.386449,0.0558858,9.77605,0.327278,-0.0372341,0.315918,-0.0383812,2.2637,0.0780411,2.41505,0.0771821,-0.0327067,-0.0318328,0.043,0.0428138,-0.0207525,3.75649,29.2888
6.49205e+06,0.40794,0.0558858,9.74041,0.328444,-0.0677683,0.259793,-0.0663057,2.39817,0.0933082,2.46266,0.0918387,-0.00217247,-0.000142674,0.043,0.0428125,-0.0211023,3.75662,29.3094
6.51205e+06,0.429426,0.0727447,9.79503,0.425102,-0.0830356,0.355296,-0.0827362,2.51024,0.00170517,2.5473,0.0034726,-0.00217247,0.000539966,0.043,0.0428083,-0.0211968,3.75675,29.2976
6.53205e+06,0.450924,0.0438438,9.74273,0.257562,-0.0677683,0.312663,-0.0683612,2.64991,0.0475066,2.61615,0.0474896,-0.00217247,0.000419352,0.04,0.0405539,-0.0281206,3.75687,29.2888
6.55206e+06,0.407951,0.0149428,9.73085,0.0879068,0.0849034,0.195202,0.0834342,2.40063,-0.0593636,2.46716,-0.0584773,-0.0174396,-0.0187629,0.04,0.0398351,-0.0303677,3.75631,29.3241
6.59206e+06,0.427047,0.0390269,9.79023,0.228181,0.0238347,0.212219,0.0241681,2.49762,-0.150967,2.49248,-0.149842,-0.0174396,-0.0141538,0.043,0.0420102,-0.0222621,3.75643,29.2976
6.61206e+06,0.455699,0.0486606,9.73087,0.2862,0.115438,0.270603,0.113383,2.68118,-0.013562,2.58094,-0.0138494,0.0130948,0.010338,0.043,0.0427331,-0.0199809,3.75665,29.3182
6.63205e+06,0.42227,0.0438438,9.78787,0.25641,0.130705,0.238539,0.12897,2.47031,-0.0593636,2.51299,-0.0596242,0.0741634,0.0741261,0.043,0.0428075,-0.0202333,3.75653,29.2918
6.65205e+06,0.407946,0.0342101,9.77362,0.200374,0.0849034,0.17397,0.0842989,2.39009,0.00170517,2.4432,-3.4359e-05,0.0741634,0.0751443,0.042,0.0420646,-0.0226122,3.75683,29.3241
6.67206e+06,0.491514,0.0558858,9.81157,0.32594,0.0238347,0.293125,0.0221006,2.86781,-0.013562,2.68489,-0.0135838,0.0894306,0.0872507,0.042,0.0418231,-0.0231588,3.75695,29.2918
6.69205e+06,0.429434,0.0438438,9.78074,0.256589,-0.0983027,0.29451,-0.096818,2.51399,-0.105165,2.58361,-0.104273,0.0588963,0.056057,0.042,0.0417958,-0.0234978,3.75697,29.2947
6.71206e+06,0.427057,0.00290074,9.74031,0.0170467,-0.0372341,0.172724,-0.0366529,2.51048,-0.013562,2.49118,-0.0118281,0.0130948,0.0131236,0.042,0.0417958,-0.023607,3.75725,29.3565
6.73205e+06,0.441378,0.0269849,9.73322,0.158686,-0.144104,0.163277,-0.143449,2.59643,0.0169723,2.57879,0.0172604,0.0436291,0.0455529,0.042,0.0417944,-0.0235862,3.75701,29.3153
6.75205e+06,0.42227,0.0438438,9.82586,0.255421,-0.0372341,0.240534,-0.0395612,2.46077,0.0627737,2.51674,0.0613219,-0.0632411,-0.0597025,0.042,0.0417947,-0.023322,3.75687,29.3329
6.77206e+06,0.41271,0.0751532,9.79742,0.439101,-0.00669968,0.335801,-0.00497116,2.41205,-0.105165,2.43574,-0.103397,0.0130948,0.0124543,0.044,0.0433029,-0.0181299,3.75707,29.3418
6.79205e+06,0.427054,0.0149428,9.80919,0.0871988,-0.00669968,0.125778,-0.00436191,2.49286,-0.0593636,2.47645,-0.0585214,0.0283619,0.0283633,0.044,0.0437857,-0.0164597,3.75683,29.3388
6.81205e+06,0.44376,0.0462522,9.76411,0.271126,0.0849034,0.213995,0.0852138,2.60216,-0.0746307,2.56261,-0.0743377,-0.047974,-0.0446743,0.044,0.0438361,-0.0164661,3.7567,29.3182
6.83205e+06,0.415107,0.0414354,9.80686,0.241865,0.176506,0.212767,0.175614,2.42376,-0.120432,2.50491,-0.120139,-0.0174396,-0.0185854,0.042,0.0426391,-0.0202572,3.75682,29.3182
6.85205e+06,0.424659,0.0414354,9.79024,0.242265,0.145972,0.2246,0.146266,2.48367,-0.0898979,2.5496,-0.0893221,-0.0327067,-0.0311704,0.042,0.0418888,-0.0225628,3.75694,29.3124
6.87206e+06,0.417498,0.0293933,9.77598,0.172113,0.0849034,0.239931,0.0846045,2.44541,-0.1357,2.54753,-0.1354,-0.00217247,-0.00340785,0.042,0.0418068,-0.0229981,3.75705,29.3153
6.89205e+06,0.443767,0.022168,9.77832,0.129759,0.0238347,0.11667,0.0244224,2.59845,0.00170517,2.60663,0.00195972,0.0130948,0.00971449,0.042,0.0417991,-0.0226203,3.75724,29.3182
6.91205e+06,0.448538,0.0390269,9.82582,0.227334,0.0849034,0.252172,0.0834687,2.61365,-0.0593636,2.52535,-0.0610916,0.0283619,0.0269971,0.042,0.0418016,-0.0222645,3.75734,29.3212
6.93205e+06,0.472415,0.0414354,9.74271,0.243389,0.00856745,0.214412,0.00945327,2.77602,-0.0288293,2.65152,-0.0285297,0.0588963,0.0541525,0.042,0.0418026,-0.0222513,3.75718,29.3153
6.95206e+06,0.412721,0.0342101,9.81635,0.1995,-0.0372341,0.27596,-0.036365,2.40753,0.0169723,2.44807,0.0166839,0.0588963,0.058106,0.044,0.0430041,-0.0188612,3.75694,29.2918
6.97206e+06,0.429438,0.0293933,9.7451,0.172648,-0.0525012,0.183129,-0.0527894,2.52321,0.00170517,2.49309,0.00371658,0.0283619,0.0276979,0.044,0.0437517,-0.0170587,3.75646,29.3182
6.99205e+06,0.412721,0.0342101,9.7475,0.200906,-0.174639,0.186765,-0.172566,2.42451,0.0169723,2.45943,0.0178418,0.0283619,0.0255486,0.044,0.0438309,-0.017207,3.7566,29.3035
7.01205e+06,0.458102,-0.00673292,9.73077,-0.0396002,-0.11357,0.135744,-0.113853,2.69536,0.13911,2.64292,0.140267,-0.047974,-0.043862,0.043,0.0432317,-0.0197964,3.75689,29.33
7.03205e+06,0.427051,0.0245765,9.75222,0.144252,-0.159371,0.216018,-0.159909,2.50738,0.0780411,2.55263,0.0783621,-0.109043,-0.103024,0.043,0.0428547,-0.0211037,3.75701,29.3124
7.05205e+06,0.424661,0.0342101,9.78785,0.200069,-0.0677683,0.209518,-0.0692536,2.48429,0.0933082,2.54801,0.0924606,0.0436291,0.0388565,0.043,0.0428126,-0.021444,3.75712,29.3182
7.07265e+06,0.438988,0.0342101,9.70949,0.201667,-0.0525012,0.227407,-0.0527894,2.58869,0.0780411,2.58111,0.0771829,-0.0174396,-0.0194594,0.042,0.0422073,-0.0234509,3.75671,29.3035
7.09308e+06,0.333923,0.0318017,9.78792,0.186049,0.283377,0.185721,0.24614,1.95393,-0.0746307,2.08823,-0.14379,-0.796066,-0.800652,0.042,0.0418356,-0.0250438,3.75599,29.3359
7.11405e+06,0.364963,0.0390269,9.79978,0.228017,-0.174639,0.522079,-0.20848,2.13281,-0.105165,1.88284,-0.168864,-0.414386,-0.41835,0.042,0.0417844,-0.0257769,3.75556,29.3447
7.13406e+06,0.493918,-0.00191609,9.91119,-0.011063,-0.128837,0.575096,-0.167855,2.85294,0.444453,3.13219,0.353222,0.837522,0.81836,0.043,0.0425291,-0.0200739,3.75473,29.3359
7.15405e+06,0.455681,0.111279,9.8568,0.646129,0.207041,0.894544,0.162381,2.64674,0.123842,1.99124,0.0584268,-0.246447,-0.222551,0.043,0.0427977,-0.0194758,3.7536,29.3182
7.17406e+06,0.32676,0.0318017,9.72857,0.187188,-1.04487,0.421453,-1.06383,1.9237,0.627659,2.38933,0.537674,-0.521256,-0.5295,0.043,0.0427988,-0.0208149,3.75329,29.2976
7.19405e+06,0.386447,0.0631111,9.72857,0.37139,0.268109,0.504017,0.229515,2.27471,-0.517379,2.32869,-0.581305,1.41767,1.36519,0.042,0.0420653,-0.0225257,3.73527,29.3418
7.21406e+06,0.314859,-0.107886,9.56929,-0.645589,-0.92273,-0.177443,-0.941743,1.88441,0.8414,2.09259,0.752638,1.14287,1.09598,0.042,0.0418379,-0.023276,3.68489,29.3212
7.23405e+06,0.69685,0.123321,9.72128,0.724939,0.863529,0.202583,0.822062,4.09979,1.23835,3.07787,1.15151,1.60088,1.51129,0.042,0.0418028,-0.0226567,3.62868,29.3565
7.25406e+06,1.449,0.18594,9.43582,1.11583,-1.88456,0.551511,-1.87391,8.7287,-0.517379,5.05123,-0.570848,0.852789,0.661043,0.045,0.0440066,-0.0187189,3.57849,29.2829
7.27408e+06,1.08125,0.272643,8.41774,1.84001,-2.22044,0.279526,-2.19203,7.31572,0.94827,4.06952,0.863801,0.455843,0.459065,0.045,0.0447379,-0.0168119,3.53233,29.2506
7.29405e+06,-1.63835,-0.264433,10.9003,-1.37425,-3.60975,0.428767,-3.6057,-8.54529,0.978804,-0.248674,0.820157,-2.41439,-2.276,0.045,0.0447387,-0.0108624,3.49025,29.3094
7.31406e+06,0.706928,-1.7721,11.1333,-9.02611,-1.31968,-3.96955,-1.33176,3.58817,-0.303638,1.6578,-0.338296,-1.7579,-1.65657,0.046,0.0455665,-0.00130546,3.45187,29.3359
7.33405e+06,5.87511,3.61311,7.35054,21.0051,5.64216,6.32008,5.60618,35.652,-3.58608,15.0439,-3.54495,-4.09378,-4.29534,0.046,0.0448672,-0.00670736,3.41761,29.3094
7.35406e+06,9.39246,3.35782,8.56745,14.7954,1.79483,12.0836,1.65335,45.587,-3.79982,24.6815,-3.92118,-4.09378,-4.47214,0.046,0.043225,-0.047728,3.38607,29.3182
7.37446e+06,3.34126,-3.72051,10.3705,-18.8536,2.81773,-11.8232,2.85964,16.8706,1.32995,5.20849,1.29888,-3.68156,-3.80677,0.044,0.0419581,-0.0606506,3.36649,29.3182
7.39541e+06,-0.0152738,2.091,17.3606,6.86791,-3.47235,6.3612,-3.49037,-0.0500469,-0.670051,0.334515,-0.710688,-6.41439,-6.67823,0.044,0.0431148,0.00832105,3.38301,29.2712
7.41606e+06,0.431619,0.773593,9.75816,4.52832,0.268109,4.7199,0.16492,2.52472,-10.2273,-0.852288,-10.0696,9.23447,9.28791,0.044,0.044199,0.109027,3.3581,29.2947
7.43626e+06,-0.0505504,0.144997,9.48454,0.875842,-7.45708,2.27084,-7.38276,-0.305335,-18.7922,0.46602,-18.522,-9.08614,-9.05587,0.04,0.0413854,0.0768596,3.34211,29.2653
7.45709e+06,-0.738005,-0.731665,11.4211,-3.6579,-1.97617,-1.15224,-1.99049,-3.68964,-24.7159,1.7912,-24.4245,-5.95637,-5.93487,0.04,0.0404443,0.0700506,3.32127,29.2418
7.4781e+06,-1.53354,0.667623,12.2859,3.08653,-3.48762,0.617231,-3.44006,-7.10459,-3.89142,-2.38422,-3.91657,-3.22355,-3.19436,0.04,0.0403962,0.0694811,3.30265,29.2653
7.49906e+06,-0.878906,-0.66423,11.3501,-3.33927,-16.083,-2.20428,-15.8476,-4.42038,-5.1586,-0.378072,-5.17403,-4.65866,-4.71721,0.039,0.0395784,0.0749138,3.28514,29.2535
7.51905e+06,0.646789,-0.180139,8.77827,-1.17242,-20.3426,-0.43292,-20.0522,4.2131,2.49025,2.99403,2.40188,-7.17774,-7.09845,0.039,0.0395169,0.0772903,3.26917,29.2212
7.53906e+06,0.331945,-1.44215,10.004,-8.19864,-17.5945,-3.27883,-17.3586,1.88102,17.9712,1.57499,17.6152,-4.67393,-4.62344,0.039,0.0395754,0.0954738,3.25552,29.2065
7.55906e+06,-0.551865,-0.32946,12.0602,-1.56318,5.79483,-1.49718,5.68601,-2.61899,23.4216,0.562628,22.9592,-5.07087,-4.99219,0.036,0.0371035,0.0972406,3.24256,29.2006
7.57906e+06,0.42926,0.670031,10.9665,3.49365,16.7719,0.807262,16.4736,2.23741,26.7193,1.11588,26.2444,-4.94874,-4.91882,0.036,0.0367248,0.107453,3.22939,29.1976
7.59905e+06,1.3941,0.120913,8.43859,0.809934,22.6651,0.309751,22.2627,9.37989,7.40629,5.30868,7.23634,-10.0022,-9.7636,0.036,0.0366948,0.104206,3.21841,29.2212
7.61906e+06,1.1939,-1.23743,9.83738,-7.11783,13.6116,-2.93889,13.3894,6.86619,2.45972,3.22889,2.36299,-8.15484,-7.97348,0.029,0.0307914,0.0978146,3.20781,29.1682
7.63905e+06,0.979008,-1.29042,11.3356,-6.47056,-12.0678,-2.33569,-11.8824,4.90462,-1.23494,1.61648,-1.26416,-8.84187,-8.71202,0.029,0.0298414,0.116451,3.19756,29.1388
7.65906e+06,-0.893575,0.564061,10.7467,2.99422,-25.3349,0.129832,-24.944,-4.74665,-8.31891,-1.09356,-8.24425,-8.735,-8.61801,0.029,0.0299185,0.142864,3.18749,29.1682
7.67906e+06,-0.334898,0.843437,11.7675,4.09801,-19.5029,-0.0125922,-19.2178,-1.626,-3.64715,-0.767989,-3.63049,-8.55179,-8.47918,0.027,0.0283471,0.156932,3.17793,29.1271
7.69906e+06,0.902059,0.645947,10.0021,3.6802,11.3826,0.366917,11.1439,5.14273,2.94827,1.67489,2.86408,-9.26935,-9.14964,0.027,0.0281344,0.165931,3.17002,29.1065
7.71905e+06,-0.13648,0.0269849,11.5809,0.133497,21.1383,-0.517984,20.8018,-0.675194,8.01697,0.776613,7.81821,-8.59759,-8.48371,0.027,0.0281574,0.17149,3.16268,29.08
7.73906e+06,0.713812,-0.765383,10.8429,-4.02905,24.6956,-1.94987,24.2914,3.75717,-0.24257,2.16103,-0.298841,-7.74263,-7.65588,0.042,0.0408602,0.206506,3.15554,29.0888
7.75905e+06,1.00267,-0.498049,9.27366,-3.05638,6.78719,-0.951131,6.65098,6.16202,-6.76165,2.72654,-6.7104,-8.21591,-8.08915,0.042,0.043151,0.207414,3.148,29.1271
7.77906e+06,-0.420249,-1.35304,10.247,-7.51573,-25.167,-4.14831,-24.7499,-2.32832,-3.76929,0.7147,-3.80259,-7.43729,-7.41563,0.042,0.0433001,0.2004,3.14108,29.1124
7.79906e+06,-0.193651,-0.46674,10.3598,-2.57916,-25.4723,-2.0535,-25.0797,-1.0698,4.90247,0.256553,4.75054,-8.00217,-7.90897,0.062,0.0602875,0.247387,3.13468,29.08
7.81905e+06,-0.284411,-0.387262,9.76642,-2.26977,-12.8311,-3.20755,-12.6288,-1.66675,15.1925,0.801986,14.8717,-7.7121,-7.63884,0.062,0.063223,0.245179,3.12809,29.0682
7.83906e+06,-1.07968,0.0390269,10.8766,0.204581,11.7338,-1.26523,11.5422,-5.66896,14.7345,-1.81145,14.4384,-6.94874,-6.86862,0.062,0.0635474,0.236922,3.12184,29.0418
7.85905e+06,-0.750391,0.877155,11.134,4.49439,22.8788,-0.407736,22.5329,-3.84381,10.8261,-1.73218,10.6124,-7.9411,-7.82084,0.082,0.0804348,0.27752,3.11606,29.0329
7.87905e+06,1.04588,-1.34822,8.4033,-9.04619,12.9551,-4.022,12.7437,7.00592,3.51316,2.1331,3.43072,-9.39149,-9.21664,0.082,0.0833088,0.269152,3.1099,29.0359
7.89905e+06,1.23919,-0.943606,7.89094,-6.7373,-4.1441,-2.9716,-4.1006,8.86265,-8.33417,3.8306,-8.23891,-8.01744,-7.92373,0.082,0.0835727,0.247063,3.10455,29.0271
7.91906e+06,1.09342,-0.541401,7.99856,-3.83672,-17.9762,-2.01051,-17.7288,7.76663,-15.6777,2.78744,-15.4631,-5.69683,-5.67676,0.102,0.100464,0.276955,3.09998,29.0094
7.93905e+06,-0.573607,0.576103,10.4544,3.14945,-21.4265,-0.596358,-21.0766,-3.13579,-18.9601,0.0794621,-18.7331,-6.09378,-6.04658,0.102,0.103315,0.255252,3.09487,29.0182
7.95906e+06,0.212119,0.118505,9.53175,0.712123,-7.0754,-0.858626,-6.97935,1.27475,-11.7082,0.664977,-11.5752,-7.52889,-7.38694,0.102,0.103533,0.226772,3.09062,29.0182
7.97906e+06,-0.747796,0.130547,9.19783,0.810482,5.47422,-0.930326,5.39248,-4.64753,-5.21967,-1.20815,-5.20085,-3.97164,-3.98349,0.117,0.114646,0.232749,3.0859,28.9682
7.99906e+06,0.998134,-1.37471,8.04716,-9.62203,15.1841,-3.9552,14.9017,6.97063,3.37575,3.05475,3.26494,-4.964,-4.86774,0.117,0.117901,0.215253,3.08192,29.0035
8.01905e+06,-0.219896,-0.541401,8.71908,-3.55202,4.72612,-1.0064,4.62143,-1.44192,2.58186,0.480967,2.46766,-3.16248,-3.1826,0.117,0.118244,0.189096,3.07797,28.9771
8.03906e+06,0.274126,0.395472,9.05492,2.49965,-8.15937,-0.613557,-8.03585,1.73238,-6.25784,0.893122,-6.19578,-5.34568,-5.27714,0.131,0.128644,0.200624,3.07447,28.9653
8.05905e+06,-0.860308,1.15171,9.82874,6.65811,-16.3731,0.987724,-16.1083,-4.96852,-12.38,-1.47953,-12.2391,-5.69683,-5.61184,0.131,0.131777,0.187558,3.06988,28.98
8.07906e+06,0.221578,0.453274,9.08355,2.85587,-11.6708,-0.384397,-11.499,1.39562,-13.1281,0.536409,-12.9605,-6.53652,-6.38812,0.131,0.13206,0.166589,3.06738,28.9682
8.09906e+06,0.957558,-1.43733,8.87808,-9.14407,-3.0296,-3.98616,-3.01587,6.0774,-8.68532,2.9167,-8.61511,-4.7808,-4.74154,0.143,0.140839,0.170671,3.06483,28.9388
8.11905e+06,-0.0908879,-0.775017,9.29078,-4.76822,3.53528,-1.86494,3.45949,-0.558543,-5.37234,0.879199,-5.37425,-4.88767,-4.80704,0.143,0.143663,0.154234,3.06258,28.9712
8.13906e+06,0.773552,-0.924339,8.43982,-6.2243,6.22231,-2.60307,6.09337,5.20585,-1.55555,2.3374,-1.58541,-6.15484,-6.02719,0.143,0.143765,0.130909,3.05909,28.9682
8.15905e+06,-0.00263022,-0.442656,9.22714,-2.74656,-2.49525,-2.83741,-2.44178,-0.0163136,2.45972,0.373469,2.36218,-7.48309,-7.33978,0.153,0.151149,0.135906,3.05654,28.9506
8.17905e+06,-0.289045,-0.897846,10.3402,-4.96067,-7.67082,-2.95563,-7.53794,-1.5952,1.55896,0.138427,1.46398,-5.10141,-5.06039,0.153,0.153489,0.131712,3.05437,28.9359
8.19906e+06,-0.716928,0.756734,9.22255,4.67671,-0.266242,0.204775,-0.263261,-4.4302,-5.79982,-0.71799,-5.77174,-6.10904,-6.11029,0.153,0.153623,0.117439,3.0518,28.9153
8.21906e+06,0.534515,-0.0139582,9.77818,-0.0816666,-0.999066,-1.62265,-0.994688,3.1289,-7.34181,1.86267,-7.27931,-7.58996,-7.46953,0.16,0.158852,0.121478,3.05104,28.9124
8.23906e+06,-0.203147,-0.66423,10.7251,-3.5433,-9.42655,-2.04527,-9.26741,-1.08305,-7.83036,1.03299,-7.79458,-7.19301,-7.10104,0.16,0.160485,0.120949,3.04898,28.9182
8.25906e+06,0.799449,0.402697,13.2877,1.73274,-12.3578,-0.10262,-12.1757,3.44144,-8.60898,4.75405,-8.5765,-5.37622,-5.37876,0.16,0.160368,0.155631,3.04727,28.9153
8.27906e+06,1.89809,-0.430614,13.4754,-1.81242,-16.8006,-0.908593,-16.545,8.01366,-3.60135,7.00725,-3.66689,-8.10904,-7.97896,0.169,0.167027,0.23685,3.04665,28.9182
8.29931e+06,0.558594,-0.736482,11.56,-3.64111,-8.8922,-1.20499,-8.77822,2.76085,-4.63952,4.52369,-4.67869,-6.09378,-6.09375,0.169,0.169789,0.278664,3.0535,28.8947
8.32006e+06,-0.876901,0.713383,10.3243,3.93859,1.58109,0.0879654,1.55761,-4.84333,-4.83799,-0.786811,-4.83429,-5.77316,-5.76025,0.169,0.170601,0.278755,3.05139,28.9094
8.34006e+06,0.360396,-0.70999,9.47094,-4.28407,3.21467,-3.15555,3.17333,2.17312,-1.78455,1.39683,-1.81594,-6.30752,-6.1908,0.184,0.181887,0.290681,3.0499,28.9153
8.36005e+06,-0.0118589,-1.60351,9.0211,-10.0791,1.76429,-4.74414,1.73009,-0.0741568,-0.990661,0.65024,-1.04499,-5.55942,-5.56507,0.184,0.185203,0.269621,3.04797,28.8565
8.38006e+06,0.367278,0.301544,8.24033,2.09365,0.619254,-0.522544,0.597807,2.55033,-2.31891,1.6951,-2.33233,-5.60523,-5.54958,0.184,0.18537,0.232448,3.04648,28.8859
8.40006e+06,-0.642786,0.328037,9.44023,1.98556,-4.17464,-0.944769,-4.10239,-3.89292,-3.66242,-0.234479,-3.67427,-6.7808,-6.78612,0.205,0.200968,0.246508,3.04388,28.8476
8.42006e+06,0.128737,-0.57271,8.29849,-3.94746,-2.11357,-2.80542,-2.09233,0.886668,-5.1128,0.280803,-5.07687,-4.47545,-4.4636,0.205,0.205873,0.225066,3.04209,28.8624
8.44006e+06,0.0806128,0.749509,9.67058,4.43164,2.54292,1.37767,2.46321,0.476171,-6.25784,0.403297,-6.20816,-6.88767,-6.81027,0.205,0.206334,0.200205,3.03971,28.8388
8.46005e+06,0.388765,0.315995,8.41365,2.14858,-1.70136,0.422598,-1.70998,2.64369,-5.98303,1.30988,-5.93894,-6.03271,-6.01726,0.223,0.219709,0.214444,3.03821,28.8712
8.48005e+06,0.866746,-1.17,9.01154,-7.3639,-4.58685,-2.90449,-4.55874,5.44846,-1.61662,1.91798,-1.63795,-7.54416,-7.37817,0.223,0.223747,0.202773,3.03712,28.8771
8.50006e+06,-0.296191,-0.960465,8.35047,-6.5572,2.93987,-3.37111,2.86586,-2.01813,-1.32654,-0.287246,-1.37205,-6.32278,-6.29313,0.223,0.223956,0.174869,3.03567,28.8712
8.52006e+06,0.610776,0.525527,8.99074,3.33757,9.42842,0.162344,9.25304,3.87975,-1.52501,1.50945,-1.54205,-8.03271,-7.88405,0.236,0.233614,0.183589,3.03462,28.8418
8.54006e+06,-0.0382751,-1.06403,10.0025,-6.07199,-0.0830356,-2.91877,-0.0831402,-0.218013,0.444453,0.945174,0.355307,-5.65103,-5.63848,0.236,0.236589,0.172513,3.03363,28.8771
8.56005e+06,1.25123,-1.30728,8.48391,-8.66744,2.05437,-3.55369,1.98147,8.29315,-2.21204,3.60276,-2.22188,-6.39912,-6.33449,0.236,0.236534,0.151145,3.03277,28.8035
8.58006e+06,-0.397131,1.38292,9.94742,7.90849,3.39788,2.12149,3.31306,-2.26445,-5.57081,-0.643715,-5.53012,-5.97164,-5.94667,0.247,0.244977,0.164582,3.03196,28.8182
8.60021e+06,-0.0262355,-1.42529,9.24932,-8.76014,-3.0296,-3.69014,-3.00516,-0.160622,-1.05173,0.400467,-1.10068,-5.19301,-5.16931,0.247,0.247475,0.155321,3.02958,28.8212
8.62108e+06,0.639394,0.655581,8.79386,4.25232,0.344445,1.63253,0.294767,4.14714,-3.37234,1.67036,-3.35958,-8.35332,-8.15128,0.247,0.247733,0.134631,3.02884,28.7888
8.64218e+06,-0.365776,0.255784,9.14547,1.60077,-6.86166,-1.56636,-6.74121,-2.28945,-6.0441,0.158033,-6.01089,-6.26171,-6.19371,0.256,0.255031,0.133612,3.02788,28.78
8.66205e+06,0.498905,-0.760566,9.98595,-4.35004,-0.800593,-2.85072,-0.795244,2.85191,-2.30364,1.49591,-2.33238,-7.19301,-7.07742,0.256,0.256432,0.121781,3.0268,28.7771
8.68205e+06,-0.14335,-1.0279,9.40439,-6.23695,2.54292,-3.08231,2.49403,-0.868117,-3.2502,0.254181,-3.26431,-4.6892,-4.69653,0.256,0.256486,0.107051,3.02637,28.7918
8.70243e+06,-0.39174,-0.832819,9.43578,-5.03964,-4.78533,-2.79568,-4.69738,-2.36815,0.94827,-0.863015,0.870872,-8.70446,-8.55749,0.263,0.262389,0.1112,3.0268,28.8359
8.72306e+06,1.00501,-0.355953,9.28101,-2.18362,-0.861661,-1.00568,-0.888013,6.17581,0.169644,2.97254,0.116384,-7.29988,-7.17017,0.263,0.263356,0.10078,3.0273,28.7712
8.74305e+06,-0.485226,0.465316,10.0386,2.65082,-9.99143,-0.281551,-9.83316,-2.76433,-4.44104,-0.19025,-4.4325,-6.15484,-6.11244,0.263,0.263424,0.0936136,3.02692,28.8006
8.76306e+06,-0.289213,-0.293334,9.84255,-1.70633,-7.51815,-1.02307,-7.42669,-1.68234,-3.79982,-0.163364,-3.80184,-8.03271,-7.96692,0.269,0.268573,0.104351,3.02649,28.8153
8.78305e+06,0.391127,0.407514,9.88582,2.35867,0.48185,-0.498156,0.445602,2.26377,-2.31891,1.43213,-2.32958,-8.04797,-7.94674,0.269,0.269358,0.105342,3.02615,28.7682
8.80306e+06,0.598866,0.417148,9.11403,2.61496,9.36735,1.16557,9.19079,3.75548,-3.09753,2.52887,-3.11342,-7.52889,-7.41494,0.269,0.269391,0.0920332,3.02651,28.7888
8.82306e+06,-0.0194047,-0.228307,10.5523,-1.23944,0.37498,-2.36069,0.392804,-0.105337,-0.578448,1.11572,-0.649017,-9.00981,-8.81651,0.276,0.275164,0.10413,3.02702,28.7594
8.84305e+06,0.0642387,-0.476374,9.54042,-2.85846,4.32918,-0.94885,4.21847,0.385305,-3.92196,0.767991,-3.91367,-6.46019,-6.48447,0.276,0.27646,0.102668,3.02582,28.7741
8.86306e+06,0.119336,-1.11219,9.36129,-6.77488,-4.26624,-2.64609,-4.22592,0.725255,-4.88379,1.17345,-4.8728,-7.74263,-7.70207,0.276,0.276435,0.0956395,3.02619,28.7565
8.88305e+06,0.500993,0.318403,9.80249,1.858,-8.1441,-0.476536,-8.02942,2.92423,-5.50975,2.21643,-5.48487,-8.35332,-8.23573,0.282,0.281468,0.109087,3.02604,28.7624
8.90305e+06,0.274456,-0.791876,10.2971,-4.39599,-7.21281,-2.44089,-7.11729,1.52229,-4.96013,1.7654,-4.95895,-7.52889,-7.44012,0.282,0.28234,0.107035,3.0254,28.7741
8.92306e+06,0.288748,-0.66423,10.5466,-3.60241,-2.06777,-2.84962,-2.03538,1.56517,0.0933082,1.18141,0.0260566,-7.97164,-7.85362,0.282,0.282352,0.103745,3.02579,28.7271
8.94305e+06,-0.215378,0.38343,9.97415,2.20099,9.71849,0.639004,9.53703,-1.23612,1.80323,0.0848259,1.71727,-7.42202,-7.37204,0.291,0.290158,0.128197,3.0255,28.7624
8.96306e+06,0.654176,-0.984549,9.73616,-5.76138,0.58872,-4.49432,0.592788,3.8245,3.25361,2.8217,3.13006,-7.77316,-7.64443,0.291,0.290996,0.122466,3.02521,28.7418
8.98305e+06,0.493961,-0.156055,9.78274,-0.912744,-4.57159,-2.3568,-4.49662,2.89022,-2.28837,2.10476,-2.31177,-8.52126,-8.40167,0.291,0.291217,0.1184,3.02587,28.7506
9.00306e+06,0.128641,-0.225899,10.0607,-1.28617,-5.56395,-1.03676,-5.49391,0.732384,-6.85326,0.666793,-6.79988,-7.04034,-7.02441,0.299,0.297557,0.13461,3.02523,28.7329
9.02306e+06,0.431961,-0.459515,10.0102,-2.62585,-6.41891,-0.717459,-6.35116,2.4683,-5.79982,1.42541,-5.76929,-8.36858,-8.28856,0.299,0.29957,0.135166,3.02597,28.7182
9.04305e+06,-0.489891,0.0655195,9.89553,0.378893,-6.66319,-1.15818,-6.56869,-2.83413,-4.42578,-0.210957,-4.42728,-8.26171,-8.16227,0.299,0.299665,0.127933,3.0255,28.7212
9.06306e+06,0.828523,-1.10738,9.49602,-6.62655,-1.9609,-3.00911,-1.95791,4.95301,-0.700585,2.00267,-0.737888,-7.43729,-7.33709,0.308,0.306261,0.141758,3.02538,28.6976
9.08305e+06,0.637518,-1.18686,9.56728,-7.05613,-3.33494,-3.14595,-3.29034,3.78337,4.23071,2.03024,4.10252,-7.68156,-7.57425,0.308,0.308452,0.143858,3.02435,28.6888
9.10306e+06,0.290741,0.754326,10.3186,4.17944,3.88643,0.942606,3.78692,1.60967,1.00934,0.595155,0.950606,-9.02507,-8.83391,0.308,0.308778,0.138127,3.02412,28.6976
9.12306e+06,-0.0694,-0.765383,10.2523,-4.26937,-7.31968,-2.97774,-7.19173,-0.386764,0.765064,0.943681,0.683156,-6.55179,-6.54316,0.318,0.316099,0.154194,3.02475,28.73
9.14305e+06,-0.504087,-0.40653,10.5572,-2.20271,-4.96853,-3.45983,-4.86999,-2.73167,-3.1586,-0.284563,-3.17131,-6.67393,-6.6465,0.318,0.318117,0.15216,3.0245,28.73
9.16306e+06,0.20753,-0.551034,9.07246,-3.4748,2.51238,-1.00375,2.43701,1.30799,-5.61662,0.446793,-5.57586,-6.46019,-6.40372,0.318,0.318778,0.144149,3.02444,28.7329
9.18305e+06,0.374474,0.183532,10.32,1.01818,1.64216,-1.28719,1.60749,2.07782,-2.56318,1.07072,-2.57571,-8.27698,-8.12502,0.33,0.327718,0.163257,3.02488,28.6624
9.20305e+06,0.309938,0.417148,9.73396,2.45266,-0.525784,-0.0846814,-0.541217,1.82206,-0.578448,1.01093,-0.620493,-8.32278,-8.1378,0.33,0.330661,0.162735,3.02581,28.6976
9.22306e+06,0.252916,-0.613653,9.91754,-3.53954,-4.43418,-2.08949,-4.37514,1.45805,2.06277,0.791248,1.97441,-7.26935,-7.20897,0.33,0.330845,0.15463,3.02501,28.6712
9.24306e+06,-0.339539,0.359346,9.64895,2.1315,-0.92273,-0.0758297,-0.924239,-2.01396,1.98644,-0.284172,1.89645,-7.48309,-7.38959,0.339,0.337623,0.16698,3.02593,28.6418
9.26306e+06,-0.592504,-0.16328,9.80741,-0.952072,3.38261,-1.03503,3.30574,-3.45679,-0.227303,-1.285,-0.276546,-7.78843,-7.66087,0.339,0.339686,0.164633,3.0263,28.6418
9.28305e+06,0.350786,-0.500458,9.84641,-2.90779,-0.937997,-2.85948,-0.923944,2.03772,2.07804,1.34954,1.9866,-7.86477,-7.72168,0.339,0.339676,0.153815,3.02556,28.6594
9.30306e+06,-0.048265,0.513484,10.1808,2.88733,1.97803,1.47449,1.92473,-0.271281,-1.98303,-0.204456,-2.00113,-8.79607,-8.63412,0.352,0.349526,0.17837,3.02611,28.6535
9.32306e+06,0.379591,-1.04235,9.67932,-6.14172,-2.64792,-3.28746,-2.61236,2.2329,-1.14333,0.899529,-1.17659,-6.8266,-6.75328,0.352,0.352503,0.175568,3.02512,28.6653
9.34405e+06,-0.298909,0.229292,9.64396,1.36134,-5.82349,-0.600808,-5.7412,-1.77478,-1.31127,-0.170703,-1.34705,-8.64339,-8.49579,0.352,0.352912,0.167234,3.0257,28.6388
9.36406e+06,-0.614042,0.00530915,9.51567,0.0319012,-5.04487,-0.189676,-4.99788,-3.69215,-1.70822,-1.25885,-1.73386,-6.88767,-6.84319,0.364,0.361952,0.184023,3.02642,28.6741
9.38405e+06,0.486929,-0.630512,9.57068,-3.76432,-2.67846,-2.62051,-2.65162,2.90625,2.90247,1.3577,2.80407,-6.71973,-6.61976,0.364,0.364664,0.179622,3.02694,28.6447
9.40405e+06,0.615768,-0.252391,9.74449,-1.48073,5.81009,-0.960728,5.69104,3.61458,0.688728,1.52687,0.627965,-7.33042,-7.24904,0.364,0.364913,0.169558,3.02641,28.6065
9.42408e+06,0.742609,-1.28078,9.86619,-7.37588,-2.11357,-2.3689,-2.10308,4.26874,2.38338,2.30448,2.28077,-8.01744,-7.88699,0.377,0.374412,0.193515,3.0249,28.6182
9.44406e+06,-0.862635,0.932548,9.60521,5.52325,-1.88456,1.67688,-1.87941,-5.10802,0.215446,-2.09717,0.163836,-6.8266,-6.72253,0.377,0.377563,0.189146,3.02465,28.6271
9.46405e+06,0.716268,-1.01104,9.68383,-5.94426,-9.42655,-3.57346,-9.28975,4.20741,6.07804,2.15023,5.92428,-5.83423,-5.74405,0.377,0.377737,0.175177,3.02424,28.6006
9.48406e+06,0.417392,0.412331,9.69824,2.43228,1.91696,-0.455639,1.85394,2.46215,3.29941,0.829306,3.21241,-5.19301,-5.1552,0.388,0.385997,0.186092,3.02427,28.6388
9.50405e+06,-0.224655,-0.60402,10.6112,-3.25718,-3.79296,-3.23276,-3.70577,-1.21089,1.25361,0.17327,1.17066,-6.58232,-6.44821,0.388,0.388449,0.180153,3.02388,28.6624
9.52424e+06,-0.184589,1.29381,10.2937,7.16275,3.44368,4.48127,3.35383,-1.01931,-4.96013,-0.136131,-4.93764,-6.44492,-6.37673,0.388,0.388495,0.171113,3.02115,28.5918
9.5451e+06,-0.542167,-0.856903,9.66617,-5.0581,-11.2281,-3.4387,-11.0247,-3.19779,-2.2273,-0.729557,-2.26456,-5.88003,-5.7853,0.399,0.396891,0.18093,3.02066,28.6094
9.56605e+06,-0.726095,-0.625695,10.0774,-3.5437,-12.0525,-2.96057,-11.8334,-4.11323,3.07041,-0.839583,2.94371,-5.92584,-5.85619,0.399,0.399502,0.172183,3.01986,28.5976
9.58605e+06,-0.716841,0.44364,9.70639,2.60984,-4.66319,-1.32384,-4.58046,-4.21938,2.29178,-1.05074,2.19543,-4.65866,-4.6256,0.399,0.399077,0.159609,3.0191,28.6418
9.60605e+06,0.233641,0.00530915,9.35349,0.0325116,1.21467,-1.4767,1.17526,1.4309,3.87957,0.776327,3.77248,-5.34568,-5.23473,0.408,0.407293,0.170544,3.0193,28.6035
9.62614e+06,0.723383,-0.837636,8.49461,-5.61143,8.0391,-4.526,7.9071,4.84406,0.719262,2.70315,0.656955,-6.75026,-6.64721,0.408,0.407946,0.152599,3.01899,28.5829
9.64705e+06,0.168855,1.13726,9.74235,6.65724,6.61925,1.59259,6.49067,0.986259,-5.067,0.478233,-5.02669,-6.20065,-6.11301,0.408,0.40852,0.14443,3.01903,28.5771
9.66706e+06,-0.757294,-0.0621264,9.71037,-0.365461,-6.15937,-2.30173,-6.04261,-4.45927,-5.17387,-1.27544,-5.15503,-6.26171,-6.17693,0.421,0.419321,0.163998,3.01916,28.6006
9.68705e+06,0.678068,-1.03031,9.58649,-6.11915,-6.37311,-3.44421,-6.28454,4.02279,0.200178,1.60272,0.145149,-5.95637,-5.87192,0.421,0.421372,0.154606,3.01928,28.5976
9.70706e+06,0.443633,0.501442,9.64138,2.9741,0.0238347,-0.403267,0.000484394,2.63097,0.658194,0.539152,0.618314,-5.05561,-4.99419,0.421,0.421512,0.14022,3.0188,28.5535
9.72706e+06,-0.984256,0.361754,10.2478,2.01248,-2.87693,-0.812471,-2.81492,-5.48278,4.21545,-1.72978,4.08216,-5.19301,-5.18044,0.429,0.42819,0.148253,3.01775,28.5771
9.74705e+06,-0.318097,0.53516,9.42129,3.24925,6.66506,1.63847,6.52618,-1.93067,4.10857,-1.02086,3.99965,-4.67393,-4.65239,0.429,0.429582,0.134772,3.01726,28.58
9.76706e+06,0.438939,0.207616,10.6642,1.11438,2.75666,-1.41277,2.6882,2.35652,1.9101,0.886581,1.84664,-6.46019,-6.35603,0.429,0.429274,0.129087,3.01706,28.5741
9.78706e+06,-0.379925,-0.384854,13.6484,-1.61456,-5.67082,-3.34025,-5.54654,-1.59388,0.474988,0.424105,0.397951,-5.40675,-5.3858,0.438,0.436652,0.186228,3.01652,28.5859
9.80706e+06,-0.250747,-1.2278,14.2927,-4.90913,6.31391,-4.2389,6.21628,-1.00139,-2.82272,1.12057,-2.85385,-3.45255,-3.47955,0.438,0.438022,0.259061,3.01626,28.6182
9.82705e+06,1.21998,-0.563076,13.2146,-2.42959,18.7872,-3.21143,18.4661,5.26987,-2.79219,2.53814,-2.79708,-6.20065,-6.07663,0.438,0.43872,0.326378,3.01627,28.5859
9.84706e+06,-0.456457,0.051069,11.9777,0.244112,9.79483,-2.42748,9.65408,-2.18241,-1.00593,-0.244891,-1.04182,-4.53652,-4.47102,0.451,0.450396,0.404196,3.01569,28.5506
9.86705e+06,0.22706,-2.09001,9.27891,-12.69,-8.87693,-6.44151,-8.7208,1.36753,6.55132,0.456821,6.38631,-6.44492,-6.32037,0.451,0.452164,0.394523,3.01438,28.5624
9.88706e+06,-0.33655,-1.801,8.63407,-11.7738,-18.0983,-5.65489,-17.8092,-2.18523,4.33758,-0.0738411,4.19949,-4.01744,-3.99835,0.451,0.452252,0.358655,3.01347,28.5771
9.90705e+06,-0.993484,-0.803918,10.3243,-4.43205,-14.8922,-3.94292,-14.6385,-5.48003,-1.05173,-1.12174,-1.1063,-4.52126,-4.51813,0.476,0.473319,0.386517,3.01311,28.5859
9.92706e+06,0.525328,-1.32654,8.0334,-9.35692,-5.42655,-4.3632,-5.36131,3.69157,-2.79219,1.69671,-2.79662,-5.37622,-5.24863,0.476,0.477083,0.349903,3.01218,28.58
9.94706e+06,-0.714332,0.00771757,8.56369,0.051456,5.50475,-1.42052,5.41767,-4.76823,-7.52501,-1.4592,-7.45587,-4.49072,-4.46373,0.476,0.477662,0.303711,3.00978,28.5741
9.96705e+06,-0.654865,0.831395,9.28672,5.10317,16.0086,-0.361965,15.7537,-4.01759,-3.57081,-1.81693,-3.55598,-4.09378,-4.09694,0.502,0.499101,0.326761,3.00876,28.5359
9.98706e+06,0.369676,0.265418,7.93874,1.9128,6.49712,-0.203145,6.39191,2.66463,6.01697,0.970094,5.87704,-6.53652,-6.35669,0.502,0.503434,0.291981,3.0078,28.5271
1.00071e+07,0.816156,0.431598,7.17887,3.41855,0.909331,0.0146311,0.886279,6.47444,8.15438,2.25153,8.00047,-6.17011,-5.98816,0.502,0.503307,0.247463,3.0062,28.5741
1.00271e+07,-1.20872,0.373796,9.22949,2.29961,-8.0983,0.657361,-7.99048,-7.45509,3.87957,-4.61052,3.80115,-4.18538,-4.15389,0.519,0.51687,0.25522,3.00554,28.5447
1.00471e+07,-0.769375,0.450866,8.66179,2.96802,-5.77769,-0.313264,-5.69267,-5.0691,-1.067,-1.79073,-1.10369,-4.58232,-4.57134,0.519,0.519768,0.21987,3.00439,28.5329
1.00671e+07,-1.01744,-0.514908,9.97341,-2.94022,-5.71662,-2.28575,-5.6272,-5.81721,-6.45631,-2.23254,-6.41635,-5.55942,-5.45884,0.519,0.519813,0.184026,3.00339,28.5418
1.00871e+07,0.995795,-1.55053,7.21115,-12.0241,3.1078,-6.11054,3.03313,7.68875,-3.60135,3.15761,-3.59907,-5.10141,-5.04252,0.535,0.531251,0.176109,3.00236,28.5388
1.01071e+07,-0.69234,-1.79618,8.70323,-11.6253,3.47422,-5.64153,3.4164,-4.45479,-2.39524,-1.24389,-2.4316,-4.00217,-3.98144,0.535,0.534232,0.152641,3.00205,28.5388
1.01271e+07,-1.28021,-0.141604,9.07677,-0.885024,4.64979,-2.94195,4.61269,-8.02721,2.12384,-2.29252,2.0139,-3.98691,-3.96878,0.535,0.534234,0.120862,3.00074,28.5212
1.01471e+07,0.66624,-1.43251,8.51508,-9.52103,1.52002,-5.05849,1.48989,4.4121,11.8185,1.03456,11.5893,-5.39149,-5.29972,0.545,0.541114,0.108646,2.99967,28.5124
1.01671e+07,-0.0334566,-1.21817,8.24774,-8.4016,-2.18991,-4.42341,-2.15892,-0.229922,11.2841,-0.156719,11.0565,-5.02507,-4.9651,0.545,0.544369,0.0880953,2.9995,28.5065
1.01871e+07,-0.356085,-0.247574,8.10712,-1.74746,-2.92273,-2.0987,-2.87359,-2.51379,3.03987,-0.904748,2.95163,-5.25408,-5.22415,0.545,0.544824,0.0646189,2.999,28.5094
1.02071e+07,-0.220092,0.164264,9.9002,0.950331,-3.9609,-1.59562,-3.88487,-1.27336,-3.49448,-0.745228,-3.49212,-7.10141,-6.94973,0.553,0.550704,0.0622766,2.99818,28.5035
1.02271e+07,0.298017,0.349712,8.65596,2.3122,-0.556318,-0.853544,-0.549077,1.97026,-8.02883,0.562317,-7.94059,-7.97164,-7.76997,0.553,0.552458,0.046077,2.99808,28.4918
1.02471e+07,-0.554099,-0.880987,9.83709,-5.10957,-0.449448,-2.33614,-0.454086,-3.2111,-3.23494,0.4014,-3.2853,-5.43729,-5.38369,0.553,0.552525,0.0216824,2.99782,28.5065
1.02671e+07,0.384332,-0.919522,9.19992,-5.70275,0.191774,-2.69032,0.183799,2.38033,5.42155,0.738329,5.27386,-6.8266,-6.6383,0.555,0.554151,0.00578876,2.99825,28.5124
1.02871e+07,0.530204,-1.68781,8.51241,-11.1938,-1.60975,-5.19936,-1.59495,3.49623,8.8414,1.531,8.65235,-5.51362,-5.45474,0.555,0.553863,-0.016392,2.99865,28.4859
1.03071e+07,0.149945,0.44364,9.1667,2.77041,2.58872,0.666337,2.51867,0.936043,7.7727,-0.880542,7.62244,-5.45255,-5.37959,0.555,0.554262,-0.026888,2.99895,28.5035
1.03271e+07,0.969286,-0.676272,8.25486,-4.65163,2.60399,-2.57732,2.52429,6.67484,6.704,2.51563,6.55983,-5.55942,-5.50505,0.554,0.553193,-0.0414067,2.99932,28.48
1.03471e+07,-0.102677,-1.3145,8.31175,-8.98621,-3.71662,-4.45101,-3.66903,-0.699066,0.444453,0.978683,0.364706,-4.6892,-4.68579,0.554,0.552546,-0.0566266,2.99857,28.5182
1.03671e+07,0.271657,0.68689,8.96992,4.377,1.27574,-0.0309265,1.24398,1.72963,-4.99066,0.801476,-4.95529,-6.09378,-5.99036,0.554,0.552499,-0.0668077,2.99921,28.4565
1.03871e+07,-0.917365,0.248559,9.45459,1.49891,-0.0677683,-1.46217,-0.0593011,-5.54008,-6.15097,-1.98461,-6.10497,-5.28462,-5.25376,0.55,0.54965,-0.0797551,2.99974,28.4888
1.04071e+07,-0.172356,0.238925,10.52,1.30088,3.74903,-1.6753,3.69729,-0.938394,1.92537,-0.937135,1.84856,-5.62049,-5.5328,0.55,0.548667,-0.0790925,2.99948,28.4888
1.04271e+07,-0.623522,-0.252391,11.1369,-1.29622,5.58109,-1.66984,5.47386,-3.20366,8.10858,-2.35366,7.94207,-5.25408,-5.23738,0.55,0.548883,-0.0631998,2.99931,28.5006
1.04472e+07,-0.219769,-0.998999,11.4914,-4.96757,7.9017,-4.51833,7.77465,-1.09151,17.162,-2.84771,16.874,-5.78843,-5.71935,0.544,0.542725,-0.0306745,2.99882,28.4594
1.04671e+07,-1.20122,-0.820777,12.4328,-3.75957,11.2605,-4.47251,11.0804,-5.50672,13.9712,-4.61192,13.7527,-5.95637,-5.96352,0.544,0.5408,0.0185413,2.99869,28.5212
1.04871e+07,-0.30064,-2.13577,12.3041,-9.84455,7.18414,-7.43419,7.10179,-1.37908,10.7498,-3.26061,10.5814,-6.93347,-6.82156,0.544,0.539811,0.0660383,2.99856,28.4594
1.05071e+07,-1.10762,-2.51871,11.3901,-12.4125,1.61162,-7.89278,1.63679,-5.42402,2.53606,-4.05632,2.47521,-7.52889,-7.37937,0.544,0.540174,0.102447,2.99912,28.4888
1.05271e+07,-1.04817,-1.63964,11.173,-8.31259,-0.953264,-5.93169,-0.907918,-5.30293,-4.97539,-3.55256,-4.92277,-4.52126,-4.55114,0.544,0.541502,0.125451,2.99897,28.5065
1.05471e+07,0.718368,0.022168,8.60758,0.147049,-1.47235,-1.84962,-1.46228,4.7707,-4.48684,0.83899,-4.43705,-6.65866,-6.56029,0.544,0.543085,0.119051,2.99799,28.4741
1.05681e+07,0.1024,-0.317418,7.8953,-2.30205,-6.69372,-2.49694,-6.60788,0.742469,-2.83799,0.0935974,-2.8328,-5.00981,-4.96972,0.552,0.549985,0.120582,2.99841,28.4624
1.05881e+07,0.479563,0.0992373,9.56236,0.593843,-5.18227,-1.87607,-5.08957,2.87089,2.59712,0.206698,2.52876,-7.25408,-7.10782,0.552,0.551666,0.10376,2.9983,28.48
1.06081e+07,0.33153,0.051069,8.58422,0.340604,2.17651,-1.10004,2.12507,2.21167,3.07041,0.844831,2.98461,-5.37622,-5.31599,0.552,0.552124,0.0758176,2.99726,28.4741
1.06281e+07,-0.652349,0.371388,8.93697,2.37333,8.61926,-0.907477,8.47531,-4.17128,1.52842,-1.74375,1.46602,-3.43729,-3.47624,0.563,0.560068,0.08017,2.99789,28.4447
1.06481e+07,0.551489,-0.946014,8.72964,-6.17269,3.97803,-2.72031,3.89695,3.59383,5.37575,1.0919,5.24723,-6.9182,-6.77076,0.563,0.562753,0.0616941,2.99645,28.4447
1.06681e+07,0.663722,-0.962873,8.22618,-6.65466,-0.663188,-3.53716,-0.664711,4.58172,3.51316,1.94923,3.41014,-6.8724,-6.74646,0.563,0.5626,0.0324044,2.99678,28.4712
1.06881e+07,-0.10525,-0.647371,8.06353,-4.58969,-8.40365,-2.96912,-8.26913,-0.745422,-0.334173,0.498461,-0.391552,-6.27698,-6.2007,0.567,0.565473,0.0178755,2.99717,28.43
1.07081e+07,-0.000202877,-0.584752,9.74686,-3.43328,-7.28914,-2.30995,-7.19024,-0.00119045,-1.2502,-0.403402,-1.28507,-4.52126,-4.46538,0.567,0.566492,0.000849578,2.99661,28.4388
1.07281e+07,-0.219567,-1.72634,10.0373,-9.75672,-4.0525,-5.63675,-3.98574,-1.23503,1.23835,-1.53021,1.1714,-7.14721,-7.01223,0.567,0.565553,-0.00605634,2.99659,28.4359
1.07481e+07,-1.84797,-2.09483,11.4246,-10.2599,2.1307,-7.19522,2.13866,-9.04004,2.96354,-6.0667,2.8967,-4.71973,-4.66582,0.571,0.565559,0.0180863,2.99632,28.4476
1.07681e+07,0.112229,-1.31691,10.6264,-7.06413,19.9475,-6.05025,19.6356,0.600503,10.0475,-2.92259,9.88604,-7.14721,-6.9945,0.571,0.565511,0.0466171,2.99615,28.4594
1.07881e+07,-0.131215,-1.73357,9.74276,-10.0884,16.4055,-6.74511,16.16,-0.759678,11.1315,-2.82543,10.9557,-4.55179,-4.52415,0.571,0.566654,0.0717221,2.99556,28.4153
1.08081e+07,-0.429814,-1.30487,10.0785,-7.37047,9.82536,-5.17505,9.66987,-2.42181,9.08568,-2.86969,8.9338,-5.52889,-5.5202,0.571,0.568297,0.0909478,2.99559,28.4271
1.08281e+07,-0.540269,0.906056,10.6662,4.84924,-3.82349,-1.21911,-3.73879,-2.88931,2.13911,-2.73877,2.08863,-5.58996,-5.54102,0.571,0.569032,0.0914062,2.99554,28.4506
1.08481e+07,0.114026,0.809719,9.32401,4.96288,-8.0067,-0.151358,-7.88829,0.698023,-3.05173,-0.789384,-3.03065,-6.33805,-6.22377,0.571,0.570172,0.0836318,2.99506,28.4065
1.08681e+07,-0.582826,-0.61847,9.13239,-3.86647,-10.5258,-3.22986,-10.3533,-3.64333,-8.91433,-1.62031,-8.80952,-5.33042,-5.27476,0.578,0.575601,0.084415,2.99546,28.43
1.08881e+07,-0.494899,0.901239,9.74255,5.27836,2.54292,0.283094,2.49109,-2.89565,-9.05173,-0.908555,-8.95749,-4.93347,-4.87198,0.578,0.577526,0.0662088,2.99499,28.4153
1.09081e+07,0.660894,0.619455,8.73917,4.04298,11.8406,0.212532,11.6225,4.31394,-2.2273,1.39149,-2.23331,-4.47545,-4.42626,0.578,0.577619,0.0402189,2.99454,28.4182
1.09281e+07,-0.910147,0.0534774,8.91532,0.341901,4.98567,-3.21059,4.95777,-5.82892,3.19254,-1.0224,3.06683,-5.7121,-5.64822,0.586,0.581797,0.0241916,2.99463,28.4124
1.09481e+07,-1.02267,1.10595,10.363,6.0624,4.0391,0.000448652,3.99535,-5.60434,5.22308,-2.15536,5.09587,-5.28462,-5.21413,0.586,0.58447,0.0141985,2.9942,28.3918
1.09681e+07,-0.373203,1.20229,10.4006,6.58983,3.13834,0.553422,3.08202,-2.04147,6.9788,-1.82788,6.8412,-4.7808,-4.69965,0.586,0.584871,0.00469158,2.99413,28.3741
1.09881e+07,-1.10547,-1.66372,11.0329,-8.53327,-6.60212,-5.55834,-6.48403,-5.65826,5.49789,-4.36509,5.39982,-5.34568,-5.30761,0.59,0.586178,0.0303752,2.99389,28.4006
1.10081e+07,-1.78154,-0.55826,11.3677,-2.77765,-1.0296,-4.6618,-0.981142,-8.89638,2.32232,-5.44527,2.27437,-4.7808,-4.76021,0.59,0.586013,0.0537708,2.99384,28.38
1.10281e+07,-1.41402,0.205207,10.8249,1.07688,5.32154,-3.26528,5.27138,-7.44093,0.413919,-4.75982,0.391442,-5.42202,-5.34109,0.59,0.58668,0.0693064,2.99379,28.3682
1.10481e+07,0.0738972,-0.86172,9.53742,-5.16258,7.00093,-4.2083,6.8886,0.442125,1.32995,-1.30006,1.28919,-5.39149,-5.30955,0.593,0.590741,0.0812858,2.99374,28.3947
1.10681e+07,-0.601892,-0.750933,9.42897,-4.54427,5.77956,-4.39201,5.69634,-3.64099,1.51316,-3.32419,1.47585,-5.26935,-5.19657,0.593,0.591007,0.0907141,2.99319,28.3682
1.10881e+07,-0.993457,-0.897846,9.87068,-5.17139,1.96277,-4.4661,1.93973,-5.72384,1.7727,-3.61965,1.72614,-3.86477,-3.87405,0.593,0.591027,0.10085,2.99283,28.3653
1.11081e+07,-0.0865568,0.82417,9.57588,4.91897,1.55055,-0.973723,1.53898,-0.515978,4.65819,-2.13433,4.56578,-4.65866,-4.5994,0.599,0.595519,0.111215,2.99275,28.3682
1.11281e+07,1.02164,-0.0524928,7.96141,-0.374696,-1.51815,-1.73833,-1.50934,7.31233,4.81087,2.52446,4.69129,-5.19301,-5.07083,0.599,0.597838,0.0960677,2.9925,28.3888
1.11481e+07,-0.0362073,0.0871952,8.37092,0.596791,-0.602119,0.46409,-0.622893,-0.24781,-4.57845,-1.10194,-4.5299,-2.21591,-2.22425,0.599,0.598642,0.0741094,2.99192,28.38
1.11681e+07,-0.284256,-0.943606,8.97254,-6.00051,-0.983799,-3.45263,-0.987764,-1.80462,-4.80746,-0.409024,-4.79145,-3.14721,-3.18696,0.605,0.603035,0.0598442,2.99079,28.3976
1.11881e+07,-1.04135,-0.411346,10.3155,-2.27202,-1.65555,-2.58568,-1.62103,-5.75994,-5.58608,-1.99981,-5.5669,-4.735,-4.6708,0.605,0.60433,0.0401443,2.99072,28.3653
1.12081e+07,0.343889,-1.45901,8.56042,-9.66469,-2.75479,-3.83747,-2.73701,2.26778,-1.067,1.17484,-1.10293,-5.62049,-5.48723,0.605,0.604251,0.0160102,2.98956,28.3624
1.12281e+07,-0.795295,-0.794284,9.78995,-4.62323,-0.388379,-3.96437,-0.371215,-4.62913,0.123842,-2.38058,0.0878624,-3.66629,-3.64965,0.609,0.606683,0.0165709,2.98955,28.3682
1.12481e+07,-0.895797,-0.0308171,10.3682,-0.169666,5.82536,-3.19321,5.74233,-4.93799,0.94827,-2.79018,0.903783,-3.17774,-3.23792,0.609,0.606799,0.0204651,2.9898,28.3947
1.12681e+07,0.756583,-0.0115497,8.41281,-0.0783438,2.75666,-1.77709,2.71157,5.13891,3.7269,1.29973,3.64208,-7.02507,-6.82596,0.609,0.607902,0.0102022,2.9881,28.3682
1.12891e+07,0.475056,-0.866537,7.8941,-6.25306,2.77193,-4.29302,2.71453,3.42331,1.02461,0.741414,0.986104,-4.75026,-4.69564,0.613,0.610636,0.0096693,2.98783,28.3682
1.131e+07,-0.291853,0.617046,9.93186,3.55357,0.665056,-0.745327,0.669045,-1.67995,-0.883791,-0.82615,-0.922272,-4.67393,-4.59338,0.613,0.611892,0.00695924,2.98765,28.3741
1.13301e+07,-0.835764,-1.24466,9.78214,-7.22518,-3.51815,-4.43152,-3.45337,-4.84449,-5.23494,-1.58153,-5.20836,-3.8953,-3.92942,0.613,0.611651,-0.00167909,2.98766,28.3447
1.13501e+07,-1.17053,0.436415,10.4808,2.36968,-1.0754,-1.93863,-1.03175,-6.36711,-6.15097,-2.68379,-6.0999,-3.36095,-3.38452,0.614,0.611952,-0.00640227,2.9875,28.3624
1.13702e+07,0.0549263,-1.33618,8.75556,-8.67674,-4.11357,-4.35742,-4.05484,0.355316,-0.624249,0.657278,-0.675707,-5.08614,-4.9639,0.614,0.612604,-0.019576,2.98582,28.3712
1.13901e+07,-0.654637,0.010126,9.22605,0.0627268,0.48185,-2.03125,0.484431,-4.05863,-2.30364,-1.59016,-2.30645,-2.01744,-2.12447,0.614,0.612786,-0.0283083,2.98583,28.3447
1.14101e+07,-0.511608,0.881972,9.77577,5.14827,5.61162,-0.791949,5.53033,-2.98371,0.73453,-1.64088,0.686004,-3.37622,-3.35437,0.617,0.61479,-0.0312019,2.98534,28.3447
1.14301e+07,-0.0217564,-0.358361,8.53639,-2.40388,0.680323,-2.64274,0.666371,-0.145899,1.9559,-0.777312,1.88462,-4.33805,-4.28298,0.617,0.615462,-0.043198,2.98571,28.3388
1.14501e+07,-0.661795,-0.00914133,9.4492,-0.0552935,1.71849,-2.10415,1.68721,-4.00628,-2.44104,-1.67529,-2.43967,-3.23881,-3.31325,0.617,0.615696,-0.0457559,2.98607,28.3418
1.14704e+07,-0.377575,-0.247574,10.2368,-1.38447,0.191774,-2.76838,0.188262,-2.11173,-1.12807,-1.44335,-1.15504,-3.81897,-3.81209,0.614,0.613297,-0.0511943,3.01932,28.3535
1.14911e+07,0.145498,-0.736482,8.65197,-4.86478,-0.0830356,-4.40081,-0.0805953,0.959963,-3.26547,0.913723,-3.25998,-4.6892,-4.6562,0.614,0.611877,-0.0521251,3.01732,28.3388
1.15121e+07,-0.260399,-0.866537,10.4684,-4.73049,3.9017,-3.80892,3.83219,-1.42007,-3.55555,-0.334971,-3.55337,-2.6892,-2.74836,0.614,0.612407,-0.0371383,3.01559,28.3447
1.15321e+07,-0.0525312,-1.31932,10.9067,-6.89712,4.78719,-4.40977,4.71016,-0.27396,-0.685318,-0.478936,-0.733331,-5.13194,-5.04903,0.612,0.610949,-0.0322676,3.01378,28.33
1.15521e+07,-0.217515,-0.517317,9.19159,-3.2204,7.1078,-3.38126,6.99484,-1.35349,-3.99829,-0.870064,-3.97146,-4.52126,-4.46916,0.612,0.610089,-0.026174,3.01256,28.3476
1.15721e+07,0.109675,-0.719623,10.06,-4.09136,1.16887,-2.48558,1.13544,0.623031,0.642926,0.0900097,0.577992,-4.65866,-4.64853,0.612,0.611067,-0.0252512,3.01014,28.3418
1.15931e+07,0.45367,-1.24225,9.19697,-7.68324,-5.45708,-3.82261,-5.38145,2.79863,4.21545,1.0404,4.08277,-4.53652,-4.45494,0.609,0.608669,-0.042201,3.00894,28.3241
1.1614e+07,0.0977381,-0.726849,9.134,-4.54953,-5.53342,-3.60413,-5.43978,0.611137,0.703995,-0.0238336,0.641506,-5.65103,-5.52281,0.609,0.607785,-0.0501324,3.00762,28.3388
1.1634e+07,-0.320324,-0.0428591,8.38045,-0.292804,0.222308,-2.05996,0.225578,-2.18891,-4.99066,-0.608719,-4.95988,-4.50599,-4.47179,0.609,0.607765,-0.0618548,3.00688,28.3182
1.16541e+07,-0.683497,0.754326,9.92054,4.33797,3.81009,-0.454202,3.75805,-3.92998,-7.70822,-1.21457,-7.63374,-3.63576,-3.65535,0.608,0.606735,-0.0688954,3.00669,28.3153
1.16743e+07,-0.267488,-1.13628,9.60138,-6.7467,-0.479982,-4.65483,-0.461553,-1.58475,-1.0212,-0.92901,-1.05565,-4.58232,-4.49212,0.608,0.606353,-0.0644085,3.00422,28.3447
1.16951e+07,-1.04865,0.0679279,10.1786,0.380352,-1.38075,-2.62696,-1.32549,-5.88202,0.978804,-2.13534,0.911108,-4.735,-4.69654,0.608,0.605938,-0.0559854,3.00348,28.3535
1.17151e+07,0.241209,-1.44937,8.7196,-9.43388,-2.80059,-6.97332,-2.74623,1.56313,4.8414,0.493525,4.71585,-5.72736,-5.63329,0.604,0.601564,-0.076058,3.00312,28.3182
1.17351e+07,-0.895725,-0.290926,10.0116,-1.65786,-2.77006,-2.41143,-2.70623,-5.1104,-1.86089,-0.799431,-1.90595,-5.52889,-5.43596,0.604,0.602235,-0.0801504,3.0026,28.33
1.17551e+07,0.474612,0.730242,10.0168,4.16491,0.771926,0.216129,0.755396,2.70555,-6.67005,1.01494,-6.60297,-5.34568,-5.28214,0.604,0.60276,-0.084759,3.00228,28.3329
1.17751e+07,-0.99821,-0.979732,10.1175,-5.50447,-7.77769,-3.64978,-7.6354,-5.60861,-7.96776,-0.83853,-7.9329,-4.7808,-4.75777,0.599,0.597995,-0.106148,3.00097,28.3153
1.17951e+07,0.179034,-1.11942,10.7359,-5.95183,-5.62502,-4.32347,-5.52476,0.950235,-5.49448,0.0720714,-5.4593,-6.10904,-6.00069,0.599,0.597196,-0.100094,3.00022,28.33
1.18151e+07,-0.42254,-1.70226,10.1918,-9.47415,-4.40365,-5.68186,-4.3232,-2.34166,-2.0899,-0.768303,-2.11866,-4.70446,-4.69059,0.599,0.59666,-0.0915668,2.99951,28.2888
1.18351e+07,0.985944,-0.473965,8.83211,-3.05284,7.26048,-3.69628,7.14294,6.36058,-0.227303,2.70565,-0.266978,-4.88767,-4.83044,0.594,0.5904,-0.105136,2.99901,28.3006
1.18551e+07,0.216852,0.272643,9.75042,1.6013,10.833,-0.566314,10.6365,1.27357,0.24598,1.04407,0.190608,-4.44492,-4.43318,0.594,0.592535,-0.0884372,2.99921,28.3182
1.18751e+07,0.92375,-0.0765769,8.93489,-0.488441,7.93223,-0.940098,7.7709,5.90244,0.597125,2.39708,0.541583,-6.44492,-6.29884,0.594,0.592537,-0.0878497,2.99956,28.3271
1.18952e+07,-0.590289,0.458091,11.1736,2.34441,-2.73952,-1.55651,-2.67415,-3.02154,-3.72349,-0.852953,-3.71869,-5.20828,-5.15913,0.59,0.588883,-0.0907148,2.9988,28.2918
1.19151e+07,0.109598,-0.440247,9.11546,-2.76486,-9.42655,-2.40134,-9.27199,0.688048,-2.89906,0.787328,-2.91553,-6.75026,-6.60415,0.59,0.58884,-0.0933671,2.99901,28.3388
1.19351e+07,-0.886157,-0.351136,10.2964,-1.94599,-10.3426,-2.44558,-10.1601,-4.91616,-5.47921,-1.25222,-5.45475,-5.43729,-5.38379,0.59,0.588494,-0.0928468,2.99963,28.3094
1.19551e+07,0.0118923,-1.14591,8.81763,-7.40448,-0.92273,-3.81203,-0.93007,0.0766303,-2.39524,-0.308308,-2.40548,-4.55179,-4.53956,0.585,0.584123,-0.102905,2.99929,28.3124
1.19751e+07,-0.0456134,-0.435431,10.5021,-2.37416,6.02383,-2.3841,5.91593,-0.248634,-1.83036,-0.634392,-1.84441,-5.62049,-5.56633,0.585,0.583782,-0.0901258,2.99947,28.2859
1.19951e+07,0.809476,-1.30728,9.17756,-8.07589,10.9093,-7.52172,10.7657,4.99042,-0.471577,3.71861,-0.532736,-5.62049,-5.56512,0.585,0.580355,-0.0970406,2.9988,28.2918
1.20151e+07,0.589455,-0.0862106,9.97033,-0.494544,4.72612,-2.51473,4.66616,3.38331,-1.79982,1.71908,-1.82007,-7.17774,-6.96672,0.58,0.578251,-0.0993828,2.99842,28.2976
1.20351e+07,-0.482511,-0.712398,9.99162,-4.07353,-5.9609,-3.30078,-5.85421,-2.75777,-4.91433,-0.939125,-4.89095,-5.11668,-5.07833,0.58,0.578525,-0.092413,2.99814,28.2918
1.20551e+07,0.909615,-0.767792,8.79609,-4.96225,-6.49525,-3.9319,-6.39141,5.88184,-4.02883,3.14171,-4.02114,-5.39149,-5.31039,0.58,0.578112,-0.093334,2.99804,28.2888
1.20751e+07,-0.286937,0.108871,9.71023,0.642092,-8.29678,-1.50179,-8.17708,-1.69249,-1.60135,-0.571893,-1.63376,-5.42202,-5.41402,0.578,0.576957,-0.0891547,2.99795,28.2653
1.20951e+07,0.899901,-0.182547,8.76143,-1.18736,-1.83876,-2.10343,-1.83472,5.86312,-0.0440965,2.45525,-0.0859929,-6.64339,-6.54411,0.578,0.576239,-0.0884003,2.99837,28.2506
1.21151e+07,0.26011,-0.722032,9.61821,-4.29154,1.18414,-3.90096,1.17545,1.54476,2.82613,0.780535,2.72248,-5.55942,-5.47979,0.578,0.576279,-0.0873111,2.99877,28.2741
1.21351e+07,-0.675918,-0.741299,9.46941,-4.46487,5.062,-2.79126,4.99166,-4.07039,-2.82272,-0.749098,-2.84702,-5.23881,-5.20196,0.573,0.572396,-0.105599,2.99948,28.2859
1.21551e+07,0.54658,-0.469148,10.0529,-2.66802,5.8559,-2.36557,5.76557,3.10877,-4.39524,1.61579,-4.37919,-6.79607,-6.69489,0.573,0.571758,-0.111336,2.99983,28.2653
1.21751e+07,-0.284742,0.802494,9.87754,4.64283,2.26811,0.675958,2.22378,-1.6458,-8.2273,-0.142129,-8.15171,-5.17774,-5.19122,0.573,0.571779,-0.104218,3.00057,28.2565
1.21951e+07,0.28131,0.320811,8.83399,2.07876,-2.87693,-0.223816,-2.86016,1.82271,-5.54028,1.22689,-5.50669,-6.93347,-6.82224,0.564,0.564184,-0.13019,3.00086,28.2476
1.22151e+07,-0.640279,-0.0982526,10.413,-0.539585,-10.7701,-2.1224,-10.576,-3.51845,-1.18913,-0.348922,-1.24786,-6.18538,-6.09631,0.564,0.562482,-0.129964,3.00164,28.2506
1.22351e+07,-0.384731,-0.276475,9.41055,-1.68142,-0.999066,-1.94145,-1.0086,-2.34011,0.398652,-0.958482,0.341268,-6.56706,-6.54963,0.564,0.562174,-0.122003,3.00171,28.2271
1.22551e+07,0.641864,0.356938,9.27772,2.19798,5.16887,-0.0713086,5.05712,3.95469,1.58949,1.55616,1.52151,-7.7121,-7.55164,0.559,0.558473,-0.125907,3.00211,28.2859
1.22751e+07,-0.499634,0.754326,10.0557,4.28472,8.11544,0.46346,7.96683,-2.83653,-3.50975,-1.33854,-3.48496,-5.26935,-5.29128,0.559,0.557805,-0.119647,3.0024,28.2682
1.22951e+07,0.623254,-1.41325,8.584,-9.32504,3.18414,-4.03964,3.11509,4.09778,-2.94486,1.9439,-2.94906,-6.09378,-6.05883,0.559,0.557199,-0.119818,3.0015,28.2476
1.23151e+07,0.121171,0.874747,9.9794,5.0091,7.12307,0.814034,6.97399,0.693002,-4.68532,0.0764111,-4.64953,-4.9182,-4.9221,0.553,0.55257,-0.12644,3.00174,28.2271
1.23351e+07,-0.513852,0.364163,9.51853,2.18779,-6.0067,-1.14915,-5.90126,-3.08783,-2.82272,-2.00225,-2.81121,-6.04797,-5.99736,0.553,0.551367,-0.12107,3.00214,28.2418
1.23551e+07,0.730498,-0.661821,8.80354,-4.28455,-5.73189,-2.14161,-5.675,4.73012,-0.670051,1.50872,-0.701401,-7.8495,-7.69979,0.553,0.551385,-0.117104,3.0026,28.2418
1.23751e+07,-0.215603,1.19507,10.2983,6.61781,-0.953264,1.24117,-0.966436,-1.19136,-3.00593,-0.54952,-2.99541,-5.68156,-5.63174,0.545,0.54487,-0.126593,3.00228,28.2447
1.23954e+07,-0.193542,-0.856903,10.3259,-4.74303,-3.0296,-2.12102,-2.99221,-1.07011,-0.471577,0.0752818,-0.532037,-6.7808,-6.7045,0.545,0.543889,-0.12549,3.01599,28.2682
1.24161e+07,0.62553,-1.01104,8.73422,-6.58624,7.50475,-3.08622,7.34404,4.06935,-3.37234,1.93141,-3.36858,-6.88767,-6.7959,0.545,0.543489,-0.123851,3.01508,28.2241
1.24361e+07,-0.12949,0.653172,10.0956,3.7015,9.38261,0.752089,9.20954,-0.733327,-3.86089,-0.190448,-3.85238,-6.93347,-6.86302,0.541,0.540504,-0.125032,3.0154,28.2447
1.2456e+07,-0.413173,-1.03994,9.96729,-5.95136,-3.53342,-3.46416,-3.46838,-2.36091,1.22308,0.615183,1.11002,-5.83423,-5.84008,0.541,0.539401,-0.125145,3.01512,28.1976
1.24761e+07,0.720948,-0.666638,9.13118,-4.16266,-2.9838,-2.89953,-2.96441,4.50246,1.62003,1.83431,1.5515,-6.38385,-6.33849,0.541,0.539141,-0.116384,3.01502,28.2859
1.24961e+07,-0.547526,1.24323,10.9208,6.48659,-1.68609,0.719993,-1.67174,-2.85181,-1.49448,-1.16307,-1.51439,-7.22355,-7.14066,0.533,0.532696,-0.114577,3.01382,28.1947
1.25161e+07,0.00231887,-1.06643,10.1236,-6.01345,-1.65555,-1.96608,-1.67033,0.0130517,-1.44868,1.58194,-1.51075,-4.964,-4.966,0.533,0.531609,-0.110312,3.01345,28.1918
1.25361e+07,0.730363,-0.17773,8.96339,-1.13219,3.41315,-1.12301,3.32363,4.65742,-3.46394,2.03276,-3.45471,-6.15484,-6.03626,0.533,0.531598,-0.10225,3.01309,28.2241
1.25561e+07,-0.322955,0.831395,10.2599,4.63048,4.71086,-0.232915,4.62201,-1.79705,-4.25784,-0.468715,-4.24038,-5.9411,-5.87501,0.53,0.529123,-0.100791,3.01199,28.2124
1.25761e+07,-0.0360037,-0.644963,10.4163,-3.54312,-1.36548,-2.18226,-1.35801,-0.197662,-1.05173,-0.405603,-1.08253,-5.8037,-5.75282,0.53,0.529095,-0.085138,3.01095,28.2035
1.25961e+07,0.083326,-0.42098,8.83772,-2.72707,-2.46472,-1.58801,-2.45485,0.539582,1.84903,0.142338,1.76669,-6.30752,-6.25025,0.53,0.52906,-0.07965,3.01005,28.1888
1.26161e+07,0.579641,0.857888,9.58723,5.10407,0.634522,1.17544,0.588867,3.44614,1.78796,1.54049,1.71882,-6.41439,-6.38629,0.524,0.524021,-0.0918897,3.00977,28.2035
1.26361e+07,0.131266,-1.07848,10.1614,-6.05786,-4.31204,-3.39419,-4.24154,0.735973,1.52842,1.01799,1.43762,-5.95637,-5.95677,0.524,0.522798,-0.0954464,3.00893,28.1712
1.26561e+07,0.491859,-1.18445,8.80053,-7.65347,2.55819,-3.37295,2.47988,3.17039,-2.83799,1.36173,-2.84291,-6.23118,-6.19599,0.524,0.522566,-0.0943154,3.0093,28.1829
1.26761e+07,0.362322,0.951816,9.76801,5.56165,6.93987,1.44244,6.79729,2.11428,-5.05173,0.617707,-5.00964,-7.52889,-7.42579,0.521,0.520373,-0.0945032,3.00907,28.2212
1.26962e+07,0.145547,-0.914705,10.2923,-5.07819,-5.44181,-2.16648,-5.36247,0.807007,-0.792188,0.789735,-0.849472,-8.30752,-8.15842,0.521,0.520037,-0.0867593,3.0075,28.1947
1.27161e+07,0.219385,-0.249983,8.96371,-1.59699,0.420781,-0.951313,0.370657,1.40148,-1.58608,0.86311,-1.60838,-6.17011,-6.1574,0.521,0.520028,-0.0870552,3.00744,28.2153
1.27361e+07,0.429833,-1.39157,9.07567,-8.70765,-7.33494,-6.63817,-7.2042,2.68028,1.63529,1.6587,1.5519,-5.92584,-5.85416,0.516,0.514778,-0.103811,3.00738,28.2182
1.27561e+07,-0.00262018,-0.478782,10.0035,-2.74018,0.619254,-2.19271,0.591919,-0.0149902,1.26888,0.306198,1.18714,-6.58232,-6.50885,0.516,0.514793,-0.0996183,3.0075,28.1976
1.27761e+07,-0.0337063,-0.319827,9.72595,-1.88342,3.48948,-1.65727,3.40511,-0.198456,-2.37997,-0.788217,-2.37229,-7.37622,-7.26494,0.516,0.514783,-0.0874282,3.00778,28.1918
1.27961e+07,0.00973815,-1.98645,9.97728,-11.2602,-4.32731,-8.4602,-4.23481,0.0548461,0.8414,-0.825303,0.794282,-5.19301,-5.15218,0.513,0.510355,-0.0886128,3.00804,28.2035
1.28161e+07,0.658784,-0.380037,10.5634,-2.05645,7.15361,-1.25602,7.00257,3.56633,-0.181501,0.862659,-0.215526,-6.20065,-6.13033,0.513,0.511893,-0.0611703,3.00846,28.1947
1.28361e+07,-0.594989,0.183532,10.0121,1.04832,2.81773,-1.51989,2.76626,-3.40033,-1.2044,-1.64896,-1.22222,-7.45255,-7.32983,0.513,0.511785,-0.0450246,3.00768,28.1918
1.28561e+07,-0.131138,-2.00812,10.1222,-11.2202,-3.04487,-4.57826,-3.01454,-0.728068,0.917736,-0.511807,0.849809,-6.94874,-6.88921,0.51,0.509481,-0.0339163,3.00745,28.1829
1.28761e+07,0.226432,0.169081,10.4293,0.928589,3.82536,-0.912705,3.73581,1.2436,-1.57081,-0.00934591,-1.57898,-6.12431,-6.09278,0.51,0.5094,-0.0156133,3.00697,28.1476
1.2896e+07,-0.220051,0.0149428,9.22331,0.0927992,0.420781,-1.42257,0.400293,-1.36671,-2.71585,-0.515543,-2.72017,-7.91057,-7.79204,0.51,0.509402,-0.00974636,3.00702,28.2035
1.29161e+07,0.506229,-1.33859,8.6317,-8.8002,-1.19754,-4.19593,-1.20139,3.31686,-1.03646,1.22319,-1.0734,-6.36858,-6.29434,0.509,0.508407,-0.015631,3.00732,28.1888
1.29361e+07,-0.463491,-0.413755,9.85913,-2.40046,0.115438,-2.32897,0.10434,-2.68921,-1.1128,-0.816914,-1.15688,-6.20065,-6.12696,0.509,0.508345,-0.0156795,3.00736,28.1918
1.29561e+07,0.630024,0.000492326,9.24155,0.00304526,4.66506,-1.8823,4.56221,3.89999,-0.83799,1.26367,-0.855061,-6.18538,-6.09306,0.509,0.507833,-0.0172879,3.00739,28.1653
1.29761e+07,0.898019,-2.0009,9.74619,-11.554,-2.72426,-5.94192,-2.68345,5.15743,0.703995,2.06063,0.643631,-4.99454,-4.98981,0.509,0.507382,-0.0186316,3.00768,28.1447
1.29961e+07,-0.222162,-0.979732,10.0005,-5.59396,0.619254,-3.25558,0.596995,-1.26657,0.0169723,-0.81628,-0.0355908,-5.77316,-5.72638,0.509,0.507935,-0.00927473,3.00761,28.1447
1.30161e+07,-0.864564,-0.717215,10.6116,-3.85388,-3.47235,-3.21677,-3.4253,-4.64724,0.856667,-3.55673,0.81627,-6.42965,-6.31687,0.509,0.507568,0.00174978,3.00678,28.1653
1.30361e+07,-0.136259,-0.767792,10.421,-4.21344,-1.83876,-3.53149,-1.79204,-0.747101,3.02461,-1.27304,2.93521,-7.42202,-7.24148,0.509,0.508071,0.0121175,3.006,28.1565
1.30561e+07,-0.532499,-1.27597,10.5535,-6.88522,-1.76242,-4.1924,-1.72535,-2.86769,0.73453,-1.81506,0.684244,-4.93347,-4.94811,0.509,0.508068,0.0208811,3.00593,28.1741
1.30761e+07,-0.0048259,-1.13387,10.3039,-6.27971,-2.17464,-4.17329,-2.13105,-0.0266738,3.7269,-0.799991,3.6189,-6.17011,-6.04961,0.509,0.508207,0.0286651,3.00578,28.1594
1.30961e+07,-0.268059,0.918098,10.7728,4.86969,3.61162,-0.348478,3.54562,-1.42025,0.200178,-1.3703,0.166517,-6.39912,-6.28996,0.514,0.512016,0.0462654,3.00514,28.1388
1.31161e+07,-0.212911,0.101646,9.60807,0.605972,0.222308,-2.22741,0.226689,-1.26938,-2.33417,-1.00641,-2.33119,-6.23118,-6.14899,0.514,0.512947,0.0478471,3.00469,28.1535
1.31361e+07,0.649632,-1.81545,9.40719,-10.8976,-1.62502,-8.98041,-1.56761,3.87905,2.53606,1.92108,2.44159,-6.06324,-5.97304,0.514,0.510534,0.0397137,3.00486,28.1476
1.31561e+07,-0.393935,-1.52644,9.64598,-8.98492,4.32918,-5.36188,4.26262,-2.30991,-4.88379,-1.54222,-4.84442,-3.19301,-3.19873,0.517,0.514482,0.048902,3.00425,28.1418
1.31761e+07,0.486939,-0.66423,9.90064,-3.83358,8.69559,-3.28068,8.54913,2.80938,-2.56318,0.249711,-2.56057,-5.33042,-5.25457,0.517,0.516038,0.0481046,3.00368,28.1271
1.31961e+07,-0.399301,0.597779,10.1955,3.35295,1.22994,-2.00101,1.24263,-2.23898,0.0627737,-1.39509,0.0231327,-5.8495,-5.75329,0.517,0.51561,0.0407356,3.00263,28.1447
1.32161e+07,-0.0289165,-0.370403,9.32462,-2.27476,-3.38075,-2.82284,-3.3309,-0.177539,5.40629,-0.624153,5.28102,-5.54416,-5.43735,0.521,0.519383,0.0432906,3.00181,28.1329
1.32361e+07,-0.862448,0.258193,10.4209,1.41446,-3.47235,-1.92145,-3.39459,-4.72966,3.7727,-2.21269,3.6748,-4.24645,-4.22591,0.521,0.520129,0.0437564,3.00119,28.1712
1.32561e+07,-0.866636,-1.85399,9.76695,-10.7071,-3.45708,-5.55266,-3.39658,-4.98216,4.24598,-2.51928,4.12875,-4.00217,-4.01963,0.521,0.519392,0.0388178,3.00077,28.1447
1.32761e+07,-0.109839,-1.32173,10.496,-7.17688,1.73376,-4.66468,1.71577,-0.594868,2.38338,-0.858876,2.30214,-5.98691,-5.89656,0.524,0.522208,0.0466724,3.0002,28.1653
1.32961e+07,0.0312388,-2.02258,9.25544,-12.3269,2.77193,-6.12171,2.72588,0.188924,-1.78455,-0.607091,-1.80075,-5.42202,-5.32295,0.524,0.522578,0.04189,2.9995,28.1329
1.33161e+07,0.424568,0.366571,9.59844,2.18497,10.5124,-1.47521,10.3313,2.53087,-2.71585,-0.325455,-2.69147,-3.74263,-3.67848,0.524,0.522581,0.0397022,2.99857,28.1065
1.33371e+07,-0.439821,0.332853,8.81564,2.15961,5.79483,-0.58681,5.69869,-2.85414,0.8414,-2.25082,0.79781,-3.55942,-3.55961,0.527,0.525494,0.0464163,2.99795,28.1418
1.33581e+07,0.375009,-1.74079,8.9327,-11.018,-1.04487,-5.38999,-1.03911,2.35962,7.17728,0.662707,7.01142,-4.36858,-4.32017,0.527,0.525855,0.0416232,2.99786,28.1124
1.33781e+07,0.503357,0.402697,9.12121,2.52411,3.0162,-0.605014,2.9451,3.15561,4.96354,0.643637,4.85501,-6.21591,-6.10947,0.527,0.526298,0.03173,2.99778,28.1212
1.33981e+07,-0.157824,-0.500458,8.18727,-3.49728,-1.99143,-3.21626,-1.963,-1.10228,-1.34181,-0.681719,-1.35506,-4.46019,-4.47898,0.532,0.530532,0.0337911,2.99728,28.1153
1.34181e+07,0.248095,-0.449881,9.49282,-2.71239,-1.21281,-3.78479,-1.17586,1.49541,-3.52501,-0.239723,-3.50477,-6.49072,-6.30409,0.532,0.530844,0.0296764,2.99672,28.1447
1.34381e+07,-1.04143,-0.105478,9.53722,-0.629898,-1.97617,-2.90605,-1.91743,-6.23145,-2.05936,-2.57525,-2.07384,-5.00981,-4.96389,0.532,0.530775,0.0184315,2.99618,28.1212
1.34581e+07,-0.17961,0.561653,10.359,3.103,8.35971,-1.59692,8.23751,-0.991864,2.49025,-1.23788,2.41572,-4.27698,-4.23681,0.536,0.534145,0.0241271,2.99568,28.1153
1.34781e+07,-0.360504,-1.52885,9.78365,-8.87562,8.49712,-4.28406,8.35365,-2.08498,6.49026,-0.204269,6.31614,-3.22355,-3.2612,0.536,0.535071,0.016673,2.99469,28.0888
1.34981e+07,0.296135,-1.46864,9.89952,-8.43483,7.12307,-4.64473,7.00934,1.6949,9.46735,-0.229773,9.27144,-4.99454,-4.90276,0.536,0.534907,0.0116027,2.99426,28.1182
1.35182e+07,0.46824,-2.11891,8.9605,-13.287,-1.47235,-6.43276,-1.45127,2.91118,7.40629,0.522262,7.24941,-4.50599,-4.44612,0.537,0.53494,0.0082187,2.99402,28.1065
1.35381e+07,0.379064,0.853071,9.55415,5.0983,2.86353,-0.357379,2.81507,2.26304,1.36048,1.23714,1.29143,-5.04034,-4.92667,0.537,0.534386,-0.00547231,2.99447,28.1094
1.35581e+07,0.415289,-0.613653,8.73504,-4.01402,5.45895,-3.83952,5.35534,2.71528,-3.87616,0.367049,-3.84533,-4.30752,-4.26737,0.537,0.535401,-0.00604792,2.99396,28.0712
1.35781e+07,-0.859898,-0.322235,9.57946,-1.91889,6.43605,-2.62975,6.33566,-5.12651,-7.41814,-2.41443,-7.34455,-3.10141,-3.14837,0.538,0.53664,-0.00118163,2.99357,28.1182
1.35981e+07,-0.408538,-0.534176,9.27008,-3.29475,2.63452,-3.01136,2.60304,-2.51925,-2.54791,-1.7647,-2.54829,-4.09378,-4.04061,0.538,0.536964,-0.00416478,2.99345,28.0829
1.36181e+07,-0.657107,0.308769,10.7579,1.64097,-0.525784,-1.27158,-0.50664,-3.49392,1.92537,-1.5068,1.84614,-4.24645,-4.23988,0.538,0.53721,-0.00356127,2.99181,28.08
1.36381e+07,0.403345,-0.596794,9.00336,-3.78856,-6.20517,-3.51954,-6.09499,2.55949,5.87957,0.928316,5.73797,-4.81133,-4.70666,0.541,0.539615,-0.00794487,2.99169,28.1065
1.36581e+07,0.107286,-0.714807,9.69433,-4.21679,-5.57922,-3.18453,-5.49642,0.632344,4.32232,0.367082,4.19141,-4.52126,-4.45166,0.541,0.540178,-0.0182713,2.9915,28.0888
1.36781e+07,-0.405812,-1.74802,9.36547,-10.5626,-5.28914,-5.5765,-5.20192,-2.43905,1.16201,-1.37722,1.09749,-3.28462,-3.311,0.541,0.539505,-0.0271461,2.99139,28.0624
1.36981e+07,-0.632964,-0.644963,10.7611,-3.42399,3.39788,-3.10339,3.35676,-3.36022,0.871934,-0.931723,0.792131,-4.24645,-4.21624,0.542,0.540644,-0.0225646,2.9913,28.1065
1.37181e+07,-0.208051,-0.201814,9.48887,-1.21812,14.9704,-1.4949,14.7025,-1.25577,-0.395241,-1.56096,-0.415877,-3.46782,-3.47638,0.542,0.541037,-0.0189491,2.99061,28.1094
1.37381e+07,0.496339,-0.119928,9.18449,-0.747019,11.4284,-1.35821,11.2279,3.09305,2.78033,0.09885,2.70716,-4.18538,-4.09117,0.542,0.541162,-0.0254648,2.99022,28.0594
1.37581e+07,-1.67916,0.52071,10.9063,2.70166,-3.70136,0.41152,-3.64342,-8.74284,2.32232,-5.73708,2.26406,-3.54416,-3.53058,0.544,0.541546,-0.0191958,2.98942,28.1124
1.37781e+07,0.276572,0.18594,10.3082,1.03302,-6.70899,-1.66309,-6.60048,1.53665,4.21545,-0.728043,4.13031,-5.7579,-5.65807,0.544,0.542691,-0.0152085,2.98976,28.0594
1.37981e+07,-1.07006,-0.20904,9.58457,-1.24171,-10.3731,-2.3093,-10.1974,-6.36885,1.46735,-3.26825,1.40511,-4.9182,-4.85439,0.544,0.542793,-0.0127344,2.98991,28.1124
1.38181e+07,0.0573778,-1.56498,9.20154,-9.65218,-6.06777,-4.22568,-5.99937,0.352215,0.612392,-0.545919,0.559106,-4.17011,-4.12543,0.543,0.542049,-0.0172333,2.98963,28.0859
1.38381e+07,-1.0604,-0.616062,10.6523,-3.29369,-2.61739,-3.81583,-2.54219,-5.67542,-4.24257,-2.61069,-4.22364,-3.54416,-3.57286,0.543,0.541374,-0.0201286,2.98963,28.0771
1.38581e+07,0.104982,-1.01586,9.91703,-5.84841,4.78719,-4.88093,4.72033,0.603355,-4.10517,-0.610934,-4.07526,-3.92584,-3.87529,0.543,0.541218,-0.0203072,2.98987,28.0712
1.38781e+07,0.857158,-1.03753,9.02601,-6.52822,10.9857,-4.58371,10.803,5.38956,-3.75402,1.82632,-3.73687,-4.61286,-4.52343,0.541,0.538654,-0.0295324,2.99019,28.1006
1.3898e+07,-0.269884,-1.10738,8.82506,-7.14885,7.1078,-3.89162,6.98063,-1.73802,-3.1128,-1.30574,-3.10938,-3.72736,-3.75866,0.541,0.539426,-0.0302303,2.9904,28.0535
1.39181e+07,0.453347,-0.0813937,9.23207,-0.504522,4.02383,-0.77797,3.93072,2.81118,1.9559,0.478349,1.8846,-4.46019,-4.38606,0.541,0.54033,-0.0285565,2.99002,28.0947
1.39381e+07,-0.888763,0.436415,10.4734,2.37754,-7.15174,-1.16311,-7.01182,-4.84626,2.96354,-2.35141,2.87277,-3.65103,-3.61281,0.541,0.539909,-0.030996,2.99033,28.0771
1.39581e+07,0.207448,-0.2548,9.3246,-1.56486,-6.08304,-2.20813,-5.99671,1.27399,2.21545,0.117467,2.14502,-3.55942,-3.54202,0.541,0.540195,-0.038409,2.98994,28.0859
1.39781e+07,-1.24692,0.38343,10.7087,2.03688,-7.8693,-1.82474,-7.71463,-6.63743,-2.76165,-2.89671,-2.76236,-4.26171,-4.1542,0.541,0.53947,-0.0394094,2.98992,28.0947
1.39981e+07,-0.909649,-1.74079,10.1494,-9.69435,-6.23571,-5.49197,-6.12409,-5.04817,-2.48684,-2.57376,-2.50315,-4.36858,-4.32481,0.538,0.536356,-0.0462007,2.98956,28.0741
1.40181e+07,0.121892,-1.71671,10.0607,-9.68269,-1.06013,-4.96088,-1.0531,0.68425,0.429186,-0.996995,0.387668,-2.94874,-2.9111,0.538,0.536276,-0.0397107,2.98938,28.0653
1.40382e+07,0.252709,0.130547,9.37266,0.7977,6.8788,-0.987376,6.74797,1.54431,1.92537,-1.57482,1.88754,-4.62813,-4.5046,0.538,0.536578,-0.0284428,2.98973,28.0565
1.40581e+07,-0.492352,0.328037,9.76062,1.92244,4.37498,-0.562851,4.28593,-2.88608,1.71163,-2.12947,1.65603,-4.17011,-4.13948,0.538,0.537041,-0.021518,2.99039,28.0624
1.40781e+07,0.529902,-0.601611,8.8228,-3.89386,-1.33494,-2.77085,-1.33175,3.42914,2.29178,0.458889,2.22398,-3.98691,-3.95381,0.538,0.537005,-0.0254378,2.99034,28.0829
1.40981e+07,0.293356,-0.0621264,9.11353,-0.390374,-5.48762,-1.46015,-5.40796,1.84362,-1.05173,0.744607,-1.08141,-5.95637,-5.87597,0.538,0.537313,-0.0280598,2.9897,28.1006
1.41181e+07,-0.645185,0.36898,10.0695,2.09428,-4.99907,-0.958876,-4.92445,-3.66367,-7.70822,-2.11885,-7.61342,-5.97164,-5.87333,0.536,0.535575,-0.0340346,2.99054,28.0535
1.41381e+07,0.343404,0.287094,9.08318,1.80906,-1.48762,-0.664963,-1.48944,2.16405,-6.76165,0.118314,-6.68494,-5.60523,-5.49053,0.536,0.535293,-0.0343168,2.98913,28.0447
1.4159e+07,0.145656,-1.30728,9.82868,-7.57541,-4.86166,-4.19851,-4.7961,0.841623,-2.15097,-0.589077,-2.15716,-3.54416,-3.51831,0.536,0.535015,-0.0357303,2.98991,28.0271
1.41791e+07,-1.11764,-0.849678,10.6995,-4.51604,-5.24334,-3.09625,-5.14202,-5.94476,2.47499,-2.50114,2.36885,-5.65103,-5.59248,0.533,0.532541,-0.0400892,2.98997,28.03
1.4199e+07,-0.38192,-1.79859,9.82597,-10.3652,-4.66319,-5.32087,-4.58473,-2.18953,4.81087,-1.84896,4.69795,-5.10141,-5.03273,0.533,0.531515,-0.0400109,2.98977,28.0241
1.42191e+07,0.345968,-0.348728,8.75214,-2.27996,3.93223,-1.00286,3.82515,2.26191,4.56659,-0.792305,4.47931,-3.54416,-3.55555,0.533,0.532018,-0.033063,2.98967,28.08
1.42391e+07,-0.0434833,0.491809,9.92194,2.83767,2.75666,0.344928,2.68418,-0.250791,0.24598,-0.900862,0.213921,-3.7579,-3.79019,0.533,0.532445,-0.0283138,2.98991,28.0447
1.42591e+07,0.0117839,-0.75575,8.62357,-5.00847,-6.83113,-3.13559,-6.73611,0.0779941,-1.79982,-1.06139,-1.80351,-4.8724,-4.78288,0.533,0.53199,-0.0303719,2.98964,28.0506
1.42791e+07,0.047422,-0.110295,9.28461,-0.680593,-7.51815,-1.56523,-7.4146,0.292621,-4.12043,-0.370559,-4.09471,-6.38385,-6.25793,0.533,0.532342,-0.0395771,2.98997,28.0359
1.42991e+07,-0.642912,0.780818,10.545,4.227,-5.73189,-0.323646,-5.63193,-3.47942,-6.94486,-1.91691,-6.86822,-5.22355,-5.12884,0.53,0.529758,-0.044687,2.99095,28.0388
1.43191e+07,-0.339492,0.193165,9.77689,1.13118,0.497117,-1.28747,0.475989,-1.98835,-4.15097,-1.4474,-4.11816,-5.42202,-5.38805,0.53,0.529122,-0.0458446,2.99105,28.0388
1.43391e+07,0.284298,-1.83472,9.03947,-11.4678,-0.0372341,-4.95349,-0.0564771,1.76543,2.45972,0.342713,2.37153,-4.59759,-4.5733,0.53,0.52861,-0.0510791,2.99029,28.0065
1.43591e+07,0.346078,-0.743708,9.89589,-4.29527,2.49712,-2.57096,2.43728,1.9973,5.6811,0.494305,5.54046,-4.97927,-4.92722,0.528,0.527618,-0.0523689,2.99025,28.0182
1.43791e+07,0.0452926,-1.03994,9.16916,-6.47061,-3.44181,-3.24817,-3.40215,0.281217,5.22308,-0.514221,5.10169,-4.70446,-4.63231,0.528,0.526837,-0.0557584,2.99038,28.0182
1.43991e+07,-0.0934606,-0.110295,9.30135,-0.679343,-7.24334,-1.83459,-7.13031,-0.575652,0.94827,-0.722505,0.897247,-4.30752,-4.21128,0.528,0.526963,-0.0523622,2.99067,28.0418
1.44191e+07,-0.201231,1.0337,10.6376,5.54927,-3.01433,0.616933,-2.97895,-1.07866,-5.73875,-1.33815,-5.66501,-4.79607,-4.73262,0.526,0.525475,-0.0488942,2.99095,28.0624
1.44391e+07,-0.747482,-0.996591,10.6538,-5.33105,-9.25861,-4.40178,-9.1067,-3.99597,-6.41051,-2.49145,-6.34903,-4.27698,-4.25818,0.526,0.524473,-0.0467047,2.99062,28.03
1.44591e+07,-0.260146,-1.77692,9.83065,-10.2422,-3.42655,-4.69527,-3.38758,-1.49169,-2.51738,-1.51778,-2.52352,-5.46782,-5.38651,0.526,0.524525,-0.0397021,2.9909,28.0329
1.44791e+07,0.00712736,-1.18445,10.1638,-6.64706,-1.82349,-3.80616,-1.79271,0.0399087,4.85667,-1.50906,4.74205,-4.99454,-4.90745,0.527,0.525462,-0.0276251,2.99116,28.0094
1.44991e+07,-0.227389,0.64113,9.96271,3.68112,1.68796,1.56809,1.6362,-1.30479,7.37575,-1.24944,7.21888,-6.30752,-6.19417,0.527,0.526206,-0.0190707,2.99116,28.0535
1.45191e+07,-0.666563,-0.0356339,9.33283,-0.218205,-6.80059,-1.61964,-6.69557,-4.08517,5.78796,-2.88208,5.67863,-4.735,-4.72069,0.527,0.52609,-0.014074,2.99091,28.03
1.45392e+07,0.625148,0.361754,9.53891,2.1672,-2.11357,-0.573795,-2.11529,3.74693,1.54369,0.286558,1.50458,-3.69683,-3.64854,0.526,0.525415,-0.0142177,2.98957,28.0212
1.45591e+07,-0.210441,-0.196998,10.7116,-1.05341,-3.50288,-1.62145,-3.46204,-1.1253,-4.96013,-0.908635,-4.91973,-5.91057,-5.76828,0.526,0.525337,-0.0105368,2.98905,28.0271
1.45791e+07,-1.03186,-0.184956,9.52997,-1.10539,-4.38838,-1.63884,-4.31076,-6.1785,-8.36471,-2.49837,-8.28975,-4.06324,-4.02815,0.526,0.525297,-0.0148636,2.98865,28.0182
1.45991e+07,0.443779,-0.0211834,9.63342,-0.125857,-0.678455,-0.760869,-0.688753,2.63755,-7.66242,0.541537,-7.57402,-5.28462,-5.21238,0.526,0.525596,-0.0202285,2.98954,28.0241
1.46191e+07,0.434436,-0.7702,9.00068,-4.8853,-5.21281,-2.47721,-5.14742,2.7533,-2.94486,0.858399,-2.95384,-5.55942,-5.45573,0.526,0.525386,-0.0236377,2.9897,28.0241
1.46391e+07,-0.172197,-0.334277,10.0228,-1.90992,-2.938,-0.931912,-2.9169,-0.983726,0.933003,-0.0010641,0.855528,-3.40675,-3.41724,0.526,0.525716,-0.0217636,2.99011,28.0182
1.46591e+07,0.119417,-1.40361,8.40163,-9.48355,-5.33494,-4.17577,-5.2743,0.80319,7.14674,0.421592,6.97009,-4.49072,-4.43268,0.528,0.526613,-0.0276714,2.99092,28.0271
1.46791e+07,0.63699,0.710974,9.14771,4.43349,1.27574,1.09301,1.21717,3.97136,3.63529,1.42774,3.54707,-3.8953,-3.84334,0.528,0.527133,-0.0311751,2.99085,28.0359
1.46991e+07,-0.127273,1.26732,9.579,7.5359,3.26048,1.94098,3.18951,-0.754652,0.184911,-0.422342,0.143631,-3.14721,-3.16319,0.528,0.527302,-0.0357076,2.99078,28.0006
1.47191e+07,-0.0195098,0.149814,8.88621,0.965864,2.52765,-0.666961,2.45607,-0.125776,-5.0212,-0.696527,-4.97081,-2.90294,-2.93884,0.53,0.528863,-0.0343099,2.99004,28.0006
1.47391e+07,-0.179243,-0.75575,9.99129,-4.32497,-7.99143,-2.41562,-7.87997,-1.02485,-5.75402,-1.58792,-5.68625,-4.964,-4.92074,0.53,0.529282,-0.0357332,2.99001,28.0182
1.47591e+07,-0.568755,0.301544,10.9668,1.57291,-9.76242,-1.18971,-9.60171,-2.96768,-1.66242,-2.34475,-1.67356,-5.11668,-5.0065,0.53,0.528994,-0.0261032,2.99032,28.0035
1.47791e+07,-1.00329,0.118505,10.4516,0.646642,-8.63265,-1.00894,-8.49655,-5.48289,2.42919,-3.40463,2.361,-2.58232,-2.5971,0.528,0.527508,-0.022661,2.99044,28.0065
1.47991e+07,-1.08392,-1.87566,10.1565,-10.4055,-5.01433,-4.76836,-4.94005,-5.99114,7.29942,-3.58601,7.13771,-2.64339,-2.70079,0.528,0.526269,-0.0175832,2.99073,27.9741
1.48191e+07,0.393974,-1.24466,10.2417,-6.92403,1.65742,-3.30008,1.61234,2.18688,7.37575,-0.35532,7.23308,-4.53652,-4.4902,0.528,0.527038,-0.00929452,2.99092,28.0212
1.48391e+07,0.610954,-0.11752,9.239,-0.727174,6.37498,-0.987606,6.25856,3.78303,3.8643,2.02823,3.75208,-3.55942,-3.50626,0.527,0.526701,-0.0158797,2.99118,27.9918
1.48591e+07,-0.76669,-0.61847,9.41508,-3.74596,-0.92273,-1.95065,-0.92604,-4.64548,-1.83036,-2.34335,-1.84893,-4.9182,-4.87825,0.527,0.526385,-0.0191653,2.99093,28.0212
1.48791e+07,0.496635,-1.18686,9.38221,-7.19968,-9.01433,-3.5348,-8.88885,3.00614,-3.12807,0.237897,-3.11525,-5.48309,-5.38895,0.527,0.526155,-0.0215476,2.99035,27.9976
1.4899e+07,0.152168,1.03852,9.71135,6.1032,-6.67846,0.111555,-6.57044,0.892609,-5.2044,-0.830382,-5.14301,-5.29988,-5.20572,0.53,0.528007,-0.0126793,2.99098,28.0035
1.49191e+07,-0.296667,0.754326,9.35989,4.60528,-3.94563,0.648449,-3.90786,-1.80955,-6.07463,-0.558308,-6.02141,-5.00981,-4.98145,0.53,0.529335,-0.0141297,2.99107,28.0094
1.49391e+07,0.360112,0.311178,8.74369,2.0365,1.30628,0.00246847,1.24688,2.35692,-1.296,0.414445,-1.31385,-4.8724,-4.76509,0.53,0.529573,-0.0195148,2.99082,27.9918
1.49591e+07,0.291039,-0.317418,9.73517,-1.86665,2.45132,-1.56593,2.38755,1.71148,2.933,0.281709,2.84597,-4.65866,-4.56582,0.53,0.529567,-0.0258728,2.98932,28.0006
1.4979e+07,-1.06311,0.542385,10.6186,2.90955,0.848262,-0.307746,0.847055,-5.70987,3.75743,-2.65224,3.6511,-4.04797,-4.0122,0.53,0.529212,-0.0230498,2.99017,27.9771
1.49991e+07,0.0783856,0.17149,9.65779,1.01724,-2.17464,-0.799749,-2.14699,0.464947,3.54369,-0.542227,3.46312,-5.04034,-4.97533,0.53,0.529453,-0.023416,2.99038,27.9888
1.50191e+07,0.475238,-1.52403,9.36507,-9.23138,-9.53342,-4.52323,-9.3885,2.86738,3.71163,0.388648,3.6116,-5.62049,-5.47845,0.53,0.528741,-0.0253541,2.99067,27.9859
1.50391e+07,-0.537308,-1.15795,10.3376,-6.38274,-9.30441,-3.26066,-9.16892,-2.95687,-0.975394,-1.66158,-1.00686,-4.50599,-4.44854,0.53,0.529088,-0.0246847,2.9907,27.9829
1.50591e+07,-0.606769,-0.389671,9.33933,-2.38418,-2.49525,-1.81909,-2.47277,-3.71401,-2.82272,-3.19157,-2.80137,-3.22355,-3.22283,0.53,0.529055,-0.0263649,2.98962,27.9888
1.50791e+07,0.384407,-1.18926,9.07128,-7.46238,1.65742,-4.00278,1.60333,2.40597,3.17728,-0.269995,3.08899,-5.58996,-5.45697,0.53,0.528807,-0.0251476,2.98944,27.9712
1.50991e+07,-0.604197,-1.04958,10.269,-5.82584,-0.11357,-3.0145,-0.119644,-3.34983,4.00171,-2.3367,3.89681,-4.20065,-4.16291,0.53,0.528881,-0.0191969,2.98919,27.9771
1.51191e+07,0.4561,-1.39398,9.50063,-8.3377,0.573453,-4.01572,0.535378,2.71943,5.31468,-0.42662,5.20357,-4.9182,-4.81921,0.53,0.528677,-0.0140466,2.98878,27.9506
1.51391e+07,0.441299,0.311178,9.65295,1.84445,2.39025,-0.807848,2.32562,2.61618,1.54369,-0.340431,1.50379,-4.67393,-4.63263,0.529,0.528277,-0.0116712,2.98957,27.9947
1.51592e+07,-0.528074,-0.0163666,9.11194,-0.10274,-2.06777,-0.778493,-2.05224,-3.31681,-0.532646,-1.78103,-0.567219,-4.01744,-4.00087,0.529,0.528462,-0.0105827,2.98839,27.9829
1.51791e+07,-0.411079,0.0173512,9.58674,0.103605,-2.26624,-0.0446774,-2.2609,-2.45533,-2.85326,-2.32183,-2.83292,-5.16248,-5.10274,0.529,0.528433,-0.0122084,2.98878,27.98
1.51991e+07,-0.124796,0.944591,9.66395,5.58211,-1.1212,0.465092,-1.09922,-0.736341,-2.2273,-0.932932,-2.22697,-5.49836,-5.3895,0.53,0.528993,-0.0173752,2.98898,27.9653
1.52191e+07,-0.850528,0.330445,9.29084,2.02849,-1.47235,-0.455785,-1.4623,-5.22727,-5.43341,-2.84518,-5.37754,-4.27698,-4.28888,0.53,0.529287,-0.0243021,2.989,28.0065
1.52391e+07,-0.0907065,-1.4277,9.29449,-8.73236,-4.99907,-6.33679,-4.91161,-0.55266,-1.75402,-0.936894,-1.76615,-6.10904,-6.00839,0.53,0.528113,-0.0332985,2.98928,27.9771
1.52591e+07,0.155037,-0.693131,10.4327,-3.80063,-0.602119,-2.29452,-0.61235,0.849518,0.963537,-0.137906,0.901099,-5.14721,-5.10108,0.531,0.530009,-0.0266692,2.98853,27.93
1.52801e+07,-0.472788,-1.33136,9.21662,-8.20899,-1.13647,-3.99631,-1.12295,-2.90643,2.85667,-1.55826,2.75892,-6.42965,-6.32597,0.531,0.529962,-0.0349314,2.9884,27.9771
1.53001e+07,0.393676,-0.170505,8.56957,-1.13864,6.0849,-0.952817,5.94529,2.62973,1.28415,0.0682897,1.23822,-5.45255,-5.3637,0.531,0.530378,-0.0326778,2.98871,27.9535
1.53201e+07,-0.588027,0.908464,10.0418,5.16059,3.19941,0.917527,3.13827,-3.3377,-0.731119,-2.00161,-0.752318,-5.62049,-5.54741,0.531,0.530282,-0.0317825,2.98908,27.98
1.53401e+07,0.50336,0.393064,9.31114,2.41375,0.680323,-0.57228,0.642152,3.09165,-2.05936,0.269623,-2.04474,-5.78843,-5.72796,0.531,0.530069,-0.0338073,2.98927,27.9624
1.53602e+07,0.186268,-1.3723,10.2939,-7.59224,-11.396,-3.53913,-11.2244,1.02756,-2.25784,-0.190594,-2.26616,-6.53652,-6.37348,0.531,0.530261,-0.0284606,2.98827,27.9359
1.53811e+07,-0.405794,-1.81304,9.51969,-10.7734,-8.72426,-4.93151,-8.60435,-2.39781,-3.83036,-1.70282,-3.81563,-5.49836,-5.49471,0.53,0.528789,-0.0336648,2.98816,27.9594
1.5402e+07,-0.986412,-0.473965,10.0281,-2.69303,-3.88456,-2.77801,-3.81525,-5.61162,-4.48684,-2.83186,-4.45647,-4.42965,-4.4444,0.53,0.528851,-0.031091,2.98822,27.9624
1.54221e+07,-0.327269,-0.828002,8.8493,-5.3418,4.61925,-2.55822,4.52025,-2.10877,0.795598,-2.10718,0.75028,-5.60523,-5.52984,0.53,0.528887,-0.030466,2.98828,27.9741
1.54421e+07,0.0329651,0.356938,10.0831,2.02739,9.19941,-0.297656,9.02845,0.187201,2.62766,-1.5771,2.57154,-6.75026,-6.66231,0.529,0.528268,-0.0269741,2.98843,27.9535
1.54625e+07,-1.04609,-0.538992,10.6311,-2.88847,-2.40365,-2.57807,-2.36339,-5.61262,4.16964,-3.664,4.07252,-5.91057,-5.82349,0.529,0.527661,-0.022082,2.98831,27.9918
1.54831e+07,0.515695,-1.03272,9.91665,-5.93737,-5.28914,-3.6989,-5.20697,2.96089,4.03224,-0.258985,3.94504,-6.88767,-6.80173,0.529,0.527805,-0.0193533,2.98828,27.9271
1.55031e+07,-1.03398,-1.13628,9.92731,-6.49482,-13.5792,-3.68529,-13.358,-5.90793,2.18491,-2.85872,2.09721,-6.18538,-6.14368,0.53,0.528651,-0.0166187,2.98817,27.9535
1.55231e+07,-0.0215515,-1.09534,9.92888,-6.2953,-11.7319,-3.75444,-11.5502,-0.123615,1.75743,-1.05708,1.69251,-5.74263,-5.64235,0.53,0.529012,-0.0155994,2.98781,27.9712
1.55431e+07,-0.56896,1.03852,10.2747,5.76284,2.29864,0.156867,2.24832,-3.15349,-5.0212,-2.88583,-4.96027,-4.8724,-4.82904,0.53,0.528574,-0.0104782,2.98806,27.9682
1.55631e+07,-0.506619,0.113688,9.02666,0.72045,6.75666,-1.72827,6.64148,-3.21209,-6.1357,-2.72587,-6.05784,-5.77316,-5.7063,0.53,0.528649,-0.00879214,2.98763,27.9476
1.55831e+07,0.0717149,-1.6011,9.00204,-10.0849,2.51238,-5.07298,2.46908,0.449386,0.429186,-1.25383,0.387279,-6.00217,-5.88808,0.53,0.528365,-0.0122094,2.98772,27.9271
1.56031e+07,-0.546902,-1.00382,10.2666,-5.57647,-1.30441,-3.70875,-1.2617,-3.03481,2.91774,-1.66314,2.81836,-4.70446,-4.67787,0.53,0.528839,-0.011984,2.98814,27.9741
1.56231e+07,0.539683,-1.4277,9.15861,-8.84519,-2.47998,-4.55099,-2.45731,3.33218,5.46735,0.127634,5.34976,-4.79607,-4.73674,0.531,0.529452,-0.0154907,2.98829,27.9624
1.56431e+07,0.13323,0.44364,9.68429,2.62266,-4.41891,-1.09079,-4.35191,0.787363,2.96354,-1.71377,2.91231,-6.30752,-6.20023,0.531,0.529501,-0.0108652,2.98902,27.9271
1.56631e+07,-0.532833,-0.0741685,9.21157,-0.460547,-4.25097,-1.95361,-4.19825,-3.31042,-1.1586,-2.09442,-1.16763,-3.26935,-3.34395,0.531,0.52997,-0.0111897,2.98913,27.9271
1.56831e+07,0.419766,0.460499,9.08102,2.8999,2.02383,-0.50729,1.97144,2.6432,-2.30364,0.0743324,-2.29405,-5.13194,-5.01828,0.532,0.530879,-0.0131659,2.98872,27.9329
1.57031e+07,-0.6641,-0.305376,10.8851,-1.604,0.222308,-2.07318,0.220994,-3.48991,-3.55555,-2.29817,-3.54007,-4.88767,-4.84652,0.532,0.531047,-0.0100539,2.98884,27.9506
1.57231e+07,-1.07455,-1.22057,9.43337,-7.32562,-2.22044,-4.41523,-2.16796,-6.44527,-0.288371,-3.38696,-0.334515,-5.42202,-5.38821,0.532,0.530553,-0.015547,2.98913,27.93
1.57431e+07,-0.482466,-0.873762,11.1452,-4.47852,-1.48762,-4.06431,-1.43595,-2.47116,2.933,-2.30067,2.85658,-5.8495,-5.73064,0.532,0.530285,-0.0121646,2.98948,27.9065
1.57631e+07,-0.377697,0.190757,9.81491,1.1126,2.34445,-1.13181,2.29758,-2.20335,3.40629,-2.0977,3.32538,-4.27698,-4.2361,0.532,0.530835,-0.004095,2.9888,27.93
1.57831e+07,0.778168,-0.351136,8.79212,-2.27814,4.45132,-2.26237,4.34715,5.05391,-0.288371,1.01605,-0.300075,-6.39912,-6.32842,0.532,0.530861,-0.00967655,2.98892,27.9388
1.58031e+07,-0.800291,-0.00191609,9.69151,-0.0112894,3.33681,-1.45437,3.27329,-4.72058,-2.70058,-2.43959,-2.70416,-3.92584,-3.91189,0.533,0.53192,-0.00742528,2.98979,27.9594
1.58231e+07,-0.726098,-0.616062,9.9445,-3.53555,-2.0525,-3.36886,-2.01377,-4.16808,-2.68532,-2.56656,-2.67315,-4.44492,-4.44604,0.533,0.531826,-0.00827936,2.98969,27.9329
1.58431e+07,-0.36569,-0.0549012,10.2229,-0.307503,-0.388379,-2.38935,-0.367028,-2.04867,2.62766,-1.9897,2.54673,-6.21591,-6.08271,0.533,0.531833,-0.00665051,2.98951,27.9065
1.58631e+07,-0.513551,-0.719623,9.9584,-4.12771,0.344445,-3.64014,0.347576,-2.94444,1.84903,-2.57615,1.79946,-5.39149,-5.32341,0.536,0.533878,-0.00212531,2.98984,27.9388
1.58831e+07,0.1075,-1.4855,9.20638,-9.16537,3.16887,-5.25072,3.11581,0.660455,7.20781,-1.46563,7.06363,-5.42202,-5.3148,0.536,0.534058,0.000958387,2.98991,27.9124
1.5903e+07,-0.725841,-1.53848,9.84568,-8.85755,4.71086,-5.14236,4.63718,-4.16595,5.02461,-2.63498,4.90963,-5.28462,-5.28768,0.536,0.534187,0.00718432,2.99005,27.9212
1.59231e+07,0.0474173,-0.0934358,8.97361,-0.59655,8.86353,-0.93805,8.70632,0.302737,1.17728,-0.880684,1.1302,-6.04797,-5.97559,0.537,0.536053,0.00686295,2.98985,27.93
1.59431e+07,-0.728863,0.742284,9.81135,4.31466,8.43605,-0.448174,8.29894,-4.23651,-5.44868,-2.35958,-5.38725,-6.27698,-6.18539,0.537,0.536017,0.00422629,2.9895,27.93
1.59631e+07,-0.246651,1.21674,9.93753,6.97837,4.0391,0.231011,3.9883,-1.41127,-4.33417,-1.29151,-4.29955,-6.03271,-5.9518,0.537,0.535764,-0.00479807,2.9889,27.93
1.59831e+07,-0.904825,-1.9142,9.43924,-11.4127,-3.9609,-6.0006,-3.89201,-5.36693,-0.56318,-2.31243,-0.619592,-4.52126,-4.54049,0.539,0.536389,-0.00852743,2.9891,27.9006
1.60031e+07,-0.131304,-1.41325,9.25418,-8.68194,-1.10594,-4.94609,-1.08635,-0.803577,3.34522,-0.885468,3.23641,-6.61286,-6.49096,0.539,0.53755,-0.0127862,2.98886,27.9212
1.60231e+07,0.632948,-1.92624,8.54993,-12.6628,5.04674,-6.27451,4.94697,4.1307,3.66583,1.21732,3.56995,-5.57469,-5.51544,0.539,0.53685,-0.0252226,2.98822,27.9182
1.60431e+07,-0.088962,0.886789,10.0461,5.04435,6.43605,-0.287032,6.34105,-0.505399,1.16201,-0.025051,1.09522,-5.98691,-5.86077,0.542,0.539233,-0.0252442,2.98845,27.9241
1.60631e+07,-0.0194649,-0.0115497,9.24921,-0.0715466,6.35971,-2.61528,6.25988,-0.120579,-3.08226,-0.881344,-3.0564,-4.52126,-4.48527,0.542,0.540419,-0.0235192,2.98808,27.9359
1.60831e+07,-1.51192,0.202799,10.2005,1.12665,0.451316,-2.75385,0.486692,-8.42936,-3.47921,-3.87774,-3.46927,-5.8037,-5.74098,0.542,0.539721,-0.0249527,2.98679,27.8771
1.61031e+07,0.346452,-2.09001,8.44307,-13.8924,-1.88456,-6.98844,-1.86673,2.28098,2.16964,-0.126166,2.09654,-5.74263,-5.68065,0.542,0.539181,-0.0335684,2.98642,27.8918
1.61231e+07,-0.363078,-0.859311,9.61615,-5.10284,-2.58685,-3.69603,-2.5452,-2.15372,2.35285,-1.23324,2.26615,-6.04797,-5.96941,0.542,0.540352,-0.0289901,2.9864,27.8947
1.61431e+07,0.604027,-0.96769,9.01447,-6.11355,7.67269,-4.51631,7.52368,3.81162,2.13911,0.0570109,2.08583,-5.11668,-5.04763,0.542,0.539832,-0.0339414,2.98639,27.9006
1.61631e+07,-0.924513,0.190757,10.9621,0.993403,5.062,-2.81702,5.01964,-4.82001,1.69636,-2.34268,1.62914,-5.9411,-5.88767,0.544,0.541373,-0.0263895,2.98578,27.9182
1.61831e+07,0.214803,-0.946014,9.63688,-5.60515,7.58109,-5.27158,7.47713,1.27079,3.00934,0.0654103,2.92128,-7.31515,-7.21321,0.544,0.541894,-0.0242156,2.98411,27.8918
1.62041e+07,-1.02438,-1.30968,9.6991,-7.64819,1.58109,-5.99124,1.60077,-5.9752,2.32232,-3.01527,2.23912,-6.79607,-6.74883,0.544,0.541254,-0.0259081,2.98387,27.8976
1.62241e+07,0.620635,-0.582344,8.88686,-3.74007,9.48948,-3.62776,9.32466,3.98638,3.00934,0.444306,2.93172,-6.27698,-6.18904,0.545,0.542455,-0.0271792,2.98406,27.8653
1.62441e+07,-0.136232,-0.864128,8.58316,-5.74829,3.22994,-4.60075,3.18207,-0.904751,0.0933082,-1.24422,0.0654855,-5.92584,-5.8697,0.545,0.542928,-0.0253387,2.98408,27.9006
1.62641e+07,0.0739052,-0.890621,9.95524,-5.11207,-3.88456,-5.84519,-3.79299,0.42365,4.06277,0.00252319,3.95065,-8.27698,-8.12393,0.545,0.54222,-0.0219673,2.98367,27.8888
1.62841e+07,0.0454747,-1.69503,9.3533,-10.2717,-3.67082,-6.56225,-3.59012,0.274099,1.52842,-0.595865,1.46918,-6.33805,-6.2249,0.548,0.54467,-0.0161079,2.98295,27.88
1.63041e+07,-1.20358,-0.931564,10.9012,-4.85498,1.19941,-5.02588,1.21517,-6.27768,-0.120432,-2.60265,-0.171996,-5.92584,-5.91981,0.548,0.545347,-0.0126264,2.98327,27.8712
1.63241e+07,0.775893,-0.75575,7.99611,-5.37416,10.436,-3.26822,10.2399,5.51784,0.703995,1.39958,0.668414,-5.95637,-5.93619,0.548,0.546624,-0.0115996,2.98307,27.8653
1.63441e+07,-0.346567,-0.127154,9.37752,-0.77632,10.604,-2.37384,10.4214,-2.11633,-1.43341,-1.22755,-1.4457,-5.26935,-5.26367,0.55,0.548352,-0.00882074,2.98356,27.88
1.63641e+07,-0.721734,0.867521,10.1534,4.87133,7.56582,-0.730802,7.45269,-4.05119,0.0169723,-2.57992,-0.0163052,-6.94874,-6.84939,0.55,0.548426,-0.010333,2.98267,27.8594
1.63843e+07,-0.288666,-2.2586,9.71356,-13.0843,-2.51052,-6.55747,-2.46882,-1.658,3.07041,-0.857581,2.96739,-5.74263,-5.74311,0.55,0.548134,-0.00873294,2.98132,27.9035
1.64051e+07,-1.12687,-2.00331,9.76456,-11.5196,-5.60975,-6.9583,-5.48929,-6.44987,3.42155,-2.984,3.30789,-5.77316,-5.71526,0.552,0.548536,-0.0059754,2.98106,27.8829
1.64251e+07,-0.468005,-1.35544,10.6957,-7.21563,-2.46472,-5.01232,-2.4096,-2.4856,3.52842,-2.42962,3.43964,-5.20828,-5.17141,0.552,0.54978,0.00192212,2.98097,27.8888
1.64451e+07,-0.726257,-0.0428591,9.03372,-0.270955,7.67269,-2.93442,7.55704,-4.5963,-1.12807,-3.02744,-1.1327,-4.85713,-4.85614,0.552,0.550152,0.00427236,2.9803,27.8535
1.64651e+07,-1.22787,0.552019,10.4786,2.99512,10.4513,-2.50103,10.317,-6.67417,-2.24257,-3.65693,-2.23319,-5.11668,-5.14263,0.555,0.551628,0.0127052,2.98008,27.9006
1.64865e+07,-1.11331,0.776002,10.3863,4.24861,8.78719,1.29341,8.64669,-6.10134,-0.547913,-3.80502,-0.567469,-5.63576,-5.55322,0.555,0.553043,0.0129965,2.97936,27.8712
1.65071e+07,-0.299024,0.643539,10.4614,3.51873,6.49712,-1.87032,6.40621,-1.63419,3.40629,-1.96941,3.3271,-5.43729,-5.3715,0.555,0.55308,0.0111639,2.97962,27.8682
1.65271e+07,-0.0290746,0.197982,9.43474,1.20213,2.0391,-2.28543,2.01547,-0.176526,4.85667,-1.16971,4.74963,-6.94874,-6.78933,0.557,0.554915,0.016754,2.97952,27.8653
1.65471e+07,-1.24159,-1.63241,10.8147,-8.52849,-3.16701,-6.73651,-3.09779,-6.4765,1.9559,-4.19563,1.90427,-3.62049,-3.68204,0.557,0.553843,0.0198093,2.97984,27.8741
1.65671e+07,-0.575664,-0.616062,10.716,-3.28558,1.19941,-4.38963,1.21358,-3.06992,1.51316,-2.29693,1.44605,-4.67393,-4.66043,0.557,0.554718,0.0212027,2.97923,27.8771
1.65871e+07,0.221837,-0.478782,9.4002,-2.91493,3.27574,-3.66607,3.24788,1.35013,0.703995,-0.156835,0.652933,-6.53652,-6.39944,0.562,0.559659,0.0265472,2.97839,27.8947
1.66071e+07,-0.809475,-1.32414,9.91732,-7.58009,5.13834,-5.14068,5.06785,-4.62541,-0.715852,-1.66643,-0.768427,-5.45255,-5.42396,0.562,0.560232,0.0229041,2.97869,27.88
1.66271e+07,-0.752257,-0.998999,10.3357,-5.50633,3.67269,-3.9389,3.6294,-4.14356,-0.318906,-1.95421,-0.377349,-6.56706,-6.45952,0.562,0.56083,0.0150829,2.97855,27.8682
1.66471e+07,0.0835731,-1.30968,9.47497,-7.86958,-1.15174,-5.18693,-1.11696,0.5006,2.16964,-0.914155,2.09394,-7.17774,-7.00274,0.566,0.563714,0.0175051,2.97791,27.8771
1.66671e+07,-0.446793,-0.353544,8.94513,-2.26055,1.32154,-3.67177,1.30659,-2.85722,0.978804,-1.23598,0.913952,-4.94874,-4.91746,0.566,0.564293,0.00996947,2.97798,27.8624
1.66871e+07,-0.23915,0.000492326,9.44886,0.0029844,2.80246,-2.04367,2.75613,-1.44984,3.63529,-0.88631,3.52706,-5.54416,-5.47069,0.566,0.564877,0.00118579,2.97813,27.8594
1.67071e+07,0.70193,-0.972507,9.29453,-5.95641,6.00857,-4.2317,5.90114,4.29546,4.03224,0.78478,3.9335,-5.49836,-5.41853,0.567,0.565114,-0.00508401,2.97752,27.8565
1.67271e+07,-1.00567,0.0992373,9.46155,0.597558,11.4895,-2.72407,11.3212,-6.06689,-3.18913,-3.31479,-3.16928,-6.24645,-6.16352,0.567,0.565147,-0.00709764,2.97795,27.8329
1.67471e+07,-0.683467,0.645947,10.1507,3.63296,12.2528,-1.9728,12.0868,-3.84429,-3.12807,-2.42007,-3.11095,-3.9411,-3.96675,0.567,0.564675,-0.00900513,2.97802,27.8388
1.67671e+07,0.484193,0.621863,9.58456,3.70753,9.55055,-1.46864,9.40464,2.88596,-0.196768,0.659081,-0.230043,-5.17774,-5.12436,0.569,0.566501,-0.00711764,2.97825,27.8476
1.67871e+07,-1.37314,-0.828002,9.53161,-4.91429,-7.9151,-5.01,-7.74303,-8.16741,1.29941,-3.37977,1.22344,-5.33042,-5.29152,0.569,0.566431,-0.0116329,2.9778,27.8624
1.68071e+07,-1.29221,0.0727447,10.8887,0.380107,-5.93036,-3.49906,-5.79258,-6.76775,1.08567,-3.16975,1.02912,-5.40675,-5.3687,0.569,0.566261,-0.0116706,2.97753,27.8476
1.68271e+07,0.221645,0.210024,9.94738,1.20924,3.22994,-2.39359,3.18241,1.27616,3.23835,-0.300337,3.15471,-4.81133,-4.77833,0.57,0.56801,-0.00998166,2.97762,27.8594
1.68471e+07,-1.08424,-0.748524,9.74279,-4.36647,0.848262,-4.07673,0.866699,-6.33159,1.55896,-2.27891,1.4743,-6.01744,-5.92293,0.57,0.568257,-0.0160158,2.97805,27.8506
1.68671e+07,-0.630839,0.301544,11.0808,1.5563,7.26048,-2.22132,7.16723,-3.25718,0.474988,-1.93556,0.432121,-5.54416,-5.50869,0.57,0.568358,-0.0190528,2.97811,27.83
1.68871e+07,0.221557,0.527935,9.82918,3.07368,10.9246,-1.51562,10.7583,1.28941,1.66583,0.0639943,1.59873,-6.35332,-6.24054,0.568,0.566713,-0.0288763,2.97766,27.8065
1.69071e+07,-0.928741,-1.77692,10.2111,-9.83186,-1.04487,-6.26134,-0.996757,-5.12045,0.566591,-2.03701,0.498404,-4.21591,-4.26831,0.568,0.565629,-0.0299474,2.97775,27.8329
1.69271e+07,-1.01487,-1.17,11.0977,-5.99344,-6.26624,-5.53005,-6.12246,-5.19644,1.87957,-1.7123,1.77993,-5.13194,-5.09729,0.568,0.565336,-0.0299063,2.97707,27.8447
1.69471e+07,0.558749,-1.29283,8.22099,-8.91685,-2.06777,-6.53106,-2.02324,3.84113,-0.212035,1.7517,-0.257942,-5.33042,-5.24744,0.568,0.565337,-0.0388751,2.97701,27.8329
1.69671e+07,-0.205451,-0.96769,9.28108,-5.95098,1.36735,-3.74238,1.32804,-1.26129,-0.395241,-0.190205,-0.448274,-4.65866,-4.66417,0.568,0.566373,-0.040713,2.97713,27.83
1.69871e+07,-0.119603,-0.555851,9.77788,-3.2534,1.42841,-2.07353,1.39255,-0.699677,1.52842,-0.145053,1.43739,-5.58996,-5.49818,0.568,0.567167,-0.0490185,2.9774,27.8094
1.70071e+07,-0.322602,-0.437839,9.20368,-2.72196,4.17651,-2.77754,4.09451,-2.00521,-2.70058,-1.08533,-2.69179,-4.38385,-4.40881,0.566,0.565258,-0.0583072,2.97767,27.8271
1.70271e+07,-0.277308,-0.168097,9.50323,-1.01293,2.40551,-2.33409,2.36446,-1.67118,2.09331,-0.878191,2.00516,-5.45255,-5.43009,0.566,0.564767,-0.0629249,2.97817,27.7947
1.70471e+07,0.716297,-1.11701,8.84793,-7.17205,1.30628,-4.72267,1.28109,4.59208,3.52842,1.17273,3.42961,-6.964,-6.82732,0.566,0.563994,-0.0694127,2.97772,27.8329
1.70671e+07,-0.616715,1.03129,9.98978,5.88292,4.9246,-1.4466,4.88015,-3.51402,-1.18913,-1.36578,-1.21849,-4.71973,-4.74209,0.564,0.56129,-0.079992,2.97814,27.7947
1.70871e+07,0.357536,0.987942,9.15552,6.15412,6.00857,0.360771,5.91076,2.22345,-0.120432,0.83372,-0.161039,-6.00217,-5.91253,0.564,0.562066,-0.085087,2.9782,27.8035
1.71071e+07,0.0329805,0.301544,8.59438,2.00945,5.07727,-0.750856,4.98231,0.219733,-2.30364,-0.289332,-2.2978,-4.99454,-4.97721,0.564,0.56277,-0.0874689,2.97733,27.83
1.71271e+07,0.162327,-1.14832,10.261,-6.38466,-2.25097,-3.42719,-2.21831,0.900708,3.52842,-0.800676,3.43141,-7.16248,-7.00816,0.56,0.559752,-0.0931531,2.97734,27.8476
1.71471e+07,-0.0213727,-1.73838,9.96584,-9.89476,-4.26624,-5.66346,-4.19219,-0.121049,4.10857,-0.755441,4.00674,-6.24645,-6.16093,0.56,0.557908,-0.0876407,2.97812,27.8065
1.71671e+07,-1.01257,-0.859311,11.0721,-4.41948,-2.54105,-4.13205,-2.47876,-5.20972,3.00934,-1.99632,2.90539,-5.39149,-5.34205,0.56,0.557864,-0.0778841,2.9786,27.7888
1.71871e+07,0.27688,-0.92193,8.78927,-5.98506,6.75666,-4.56437,6.63715,1.7945,-0.212035,-0.118724,-0.23329,-5.29988,-5.25573,0.555,0.553193,-0.0834132,2.97906,27.7976
1.72071e+07,-0.181855,0.0486606,9.93323,0.28063,9.87116,-1.43007,9.70208,-1.04883,-1.067,-0.77605,-1.09713,-6.20065,-6.13899,0.555,0.553696,-0.0738368,2.9789,27.8124
1.72281e+07,0.773329,-0.122337,8.88272,-0.78608,11.0315,-1.41686,10.8245,4.97515,-0.56318,1.06476,-0.582633,-6.9182,-6.77154,0.555,0.553586,-0.0697254,2.97901,27.8124
1.72481e+07,-1.14645,-0.298151,11.0755,-1.53383,-5.99143,-2.9382,-5.85611,-5.90762,1.71163,-2.42734,1.62303,-6.81133,-6.71717,0.551,0.550325,-0.0712352,2.97911,27.7947
1.72681e+07,0.413098,-1.31932,9.91153,-7.57554,-7.76242,-4.41333,-7.63812,2.36578,3.57422,0.797599,3.46885,-6.7808,-6.6127,0.551,0.54966,-0.0708115,2.97945,27.8153
1.72881e+07,-0.584967,-1.50717,9.68179,-8.83243,-7.73189,-4.86385,-7.60155,-3.41652,1.9559,-1.1194,1.86173,-6.04797,-5.99695,0.551,0.549332,-0.0712134,2.97979,27.7829
1.73081e+07,0.682745,-0.676272,8.92464,-4.32077,4.37498,-3.40095,4.27925,4.36221,-0.24257,1.17081,-0.269731,-5.86477,-5.78021,0.547,0.546059,-0.0763466,2.97858,27.7918
1.73281e+07,-0.661706,-0.32946,9.50805,-1.97976,5.91696,-2.30424,5.81664,-3.97866,-1.31127,-1.88423,-1.34091,-5.43729,-5.4345,0.547,0.545764,-0.0709534,2.97879,27.7653
1.73481e+07,0.639582,-0.0235918,9.36259,-0.144038,7.22994,-1.06046,7.09055,3.90794,1.13148,0.920903,1.0761,-6.52126,-6.3946,0.547,0.545937,-0.0656165,2.97864,27.7506
1.73681e+07,-1.32091,0.265418,10.6397,1.41812,-2.83113,-1.80292,-2.75084,-7.07486,-0.0593636,-2.6385,-0.119174,-5.69683,-5.59223,0.543,0.542422,-0.0725404,2.97902,27.7888
1.73881e+07,0.264876,-0.688314,10.0432,-3.91928,-3.59449,-3.03228,-3.53445,1.50721,0.108575,0.409841,0.0621334,-6.75026,-6.6594,0.543,0.541956,-0.0717981,2.97945,27.7624
1.74083e+07,-0.826217,-1.2278,9.89375,-7.04986,-5.33494,-4.58348,-5.232,-4.73746,-1.55555,-1.16086,-1.60184,-6.50599,-6.44319,0.543,0.541342,-0.0706119,2.97725,27.7829
1.74291e+07,0.756643,-0.228307,8.86357,-1.47015,5.21467,-1.88698,5.09646,4.87765,-3.46394,1.27178,-3.43232,-5.83423,-5.80722,0.54,0.539119,-0.0709251,2.97752,27.7653
1.745e+07,0.826307,-1.72634,8.97032,-10.8486,-0.250975,-5.33169,-0.258646,5.16867,1.62003,1.55241,1.55231,-6.6892,-6.63046,0.54,0.538122,-0.0663397,2.97846,27.8035
1.747e+07,-0.387316,0.431598,10.3424,2.38795,3.9475,-2.31691,3.90604,-2.14282,3.02461,-2.0886,2.94591,-6.94874,-6.81015,0.54,0.537702,-0.0581863,2.97918,27.8035
1.74901e+07,-0.0742882,-0.36077,9.33417,-2.21334,3.61162,-3.02075,3.55556,-0.455652,2.85667,-0.593101,2.78,-6.35332,-6.26658,0.534,0.533446,-0.063373,2.97986,27.8065
1.75105e+07,-0.886343,0.320811,11.1404,1.64431,1.29101,-1.70206,1.29009,-4.54707,0.658194,-2.21775,0.605524,-6.81133,-6.71648,0.534,0.532603,-0.0542572,2.97865,27.8124
1.75311e+07,-0.265031,-1.38435,9.49652,-8.29064,-1.89983,-4.4614,-1.88398,-1.5819,-0.929593,-0.85378,-0.959622,-5.17774,-5.1954,0.534,0.532636,-0.0488227,2.97927,27.7771
1.75511e+07,-0.172181,-0.392079,9.6571,-2.32457,-1.57922,-1.73075,-1.57145,-1.0206,-2.39524,-0.248729,-2.41716,-5.86477,-5.84838,0.532,0.531578,-0.0473514,2.97978,27.7388
1.75711e+07,1.16753,-0.856903,8.39448,-5.77333,1.1078,-3.06463,1.05341,7.87764,-4.41051,2.69736,-4.37275,-6.62813,-6.49761,0.532,0.530585,-0.0544689,2.97993,27.7565
1.75911e+07,-0.270159,-0.115112,10.1396,-0.650202,-5.27388,-1.64869,-5.18364,-1.52613,-2.50211,-0.154153,-2.53032,-6.88767,-6.71164,0.532,0.530832,-0.0574796,2.97998,27.7476
1.76111e+07,-0.415386,-1.66854,9.51281,-9.93915,-7.56395,-5.76147,-7.42264,-2.46274,-2.25784,-0.982564,-2.27855,-6.33805,-6.28315,0.531,0.529343,-0.0641366,2.97894,27.7947
1.76311e+07,0.0118843,-1.11701,10.5414,-6.04875,-1.21281,-3.54735,-1.19601,0.0642354,1.25361,-0.0294392,1.17234,-4.93347,-4.9152,0.531,0.529754,-0.0585635,2.97828,27.7594
1.76511e+07,-0.841134,0.896422,10.0396,5.0846,6.89406,-0.200886,6.78478,-4.77025,-2.10517,-1.68264,-2.11773,-5.29988,-5.30839,0.531,0.529604,-0.0607649,2.97867,27.7682
1.76711e+07,0.192972,0.279868,9.59376,1.67062,5.68796,-1.44623,5.59482,1.15182,0.413919,0.334194,0.365267,-6.71973,-6.6095,0.525,0.5247,-0.0777801,2.97946,27.7918
1.76911e+07,-0.742745,-0.859311,10.0486,-4.87456,-4.70899,-3.91108,-4.6052,-4.21203,-1.67768,-1.31491,-1.71272,-5.92584,-5.90927,0.525,0.523635,-0.0726457,2.97996,27.7741
1.77111e+07,0.53222,-0.348728,8.70212,-2.29056,1.45895,-2.09891,1.40767,3.49704,-2.80746,1.19671,-2.80708,-6.24645,-6.18364,0.525,0.523646,-0.0697837,2.97959,27.7594
1.77311e+07,-0.805238,0.612229,10.4641,3.33857,-2.02197,-0.295034,-1.99469,-4.39289,-6.25784,-1.71839,-6.20416,-5.52889,-5.4999,0.522,0.521421,-0.065454,2.98008,27.7829
1.77511e+07,0.52018,0.0125344,9.91119,0.0723607,0.466583,-1.81894,0.438299,3.00436,-0.0288293,0.672464,-0.064533,-7.45255,-7.34468,0.522,0.520913,-0.0601834,2.9803,27.7359
1.77711e+07,0.338866,-0.567893,9.7371,-3.33584,1.29101,-2.38319,1.25635,1.9898,2.44445,0.618553,2.3593,-5.74263,-5.69574,0.522,0.521135,-0.0590689,2.98101,27.7682
1.77911e+07,0.367643,-1.01104,8.75106,-6.58461,4.58872,-3.8829,4.49234,2.38978,1.48262,1.11421,1.41036,-6.67393,-6.57365,0.52,0.518983,-0.0660112,2.98126,27.7741
1.78111e+07,-0.0411162,0.56647,9.90782,3.27224,4.35971,-0.251865,4.28382,-0.237381,-3.43341,-0.225771,-3.42205,-7.43729,-7.32944,0.52,0.519033,-0.0586612,2.98091,27.7418
1.78311e+07,-0.857235,-1.3145,10.5608,-7.07209,-8.29678,-4.44221,-8.14209,-4.60522,-5.83036,-1.33193,-5.80864,-5.22355,-5.18722,0.52,0.51853,-0.0542555,2.98109,27.7565
1.78511e+07,0.663828,-1.34581,9.4293,-8.10298,-7.50288,-4.01896,-7.39758,3.98674,-5.14333,1.11036,-5.10801,-6.30752,-6.22238,0.516,0.515355,-0.0577631,2.98117,27.7594
1.78711e+07,-0.475773,0.819353,10.9295,4.28323,-6.60212,1.54443,-6.51777,-2.48561,-3.2502,-1.40419,-3.24972,-8.8266,-8.69856,0.516,0.515127,-0.0441082,2.98175,27.7682
1.78911e+07,-0.702081,-1.1146,9.8226,-6.45752,-7.50288,-3.92494,-7.36732,-4.06234,-1.067,-1.86539,-1.10264,-5.7579,-5.7265,0.516,0.514935,-0.0440979,2.98188,27.7535
1.7911e+07,0.561151,-1.3434,10.1203,-7.54997,2.58872,-3.70828,2.53251,3.14615,1.20781,0.981276,1.13675,-7.08614,-6.98914,0.513,0.512434,-0.0500844,2.98175,27.7182
1.79311e+07,-0.464003,1.42627,10.3369,7.84818,7.50475,1.68402,7.38086,-2.54607,-2.12043,-0.601098,-2.13689,-5.13194,-5.09849,0.513,0.512003,-0.0514205,2.98163,27.7388
1.79511e+07,0.162192,-0.66423,9.25276,-4.10543,0.497117,-2.74548,0.48356,1.00166,0.490255,0.967598,0.422615,-5.8037,-5.77272,0.513,0.512175,-0.0561904,2.98219,27.7447
1.79711e+07,-0.575489,-1.24466,10.1119,-7.0059,-9.1212,-3.86963,-8.9513,-3.23295,-0.334173,-0.281581,-0.409733,-6.7808,-6.71457,0.511,0.510028,-0.064943,2.9823,27.7447
1.79911e+07,-0.628587,0.790452,9.07296,4.96729,-9.60975,-0.280304,-9.44825,-3.94829,-5.1128,-0.641595,-5.09506,-6.44492,-6.35688,0.511,0.509496,-0.0675562,2.98148,27.7506
1.80111e+07,0.107062,0.0896036,9.64813,0.532066,-10.5105,-1.90179,-10.3331,0.635741,-5.31127,0.73937,-5.28391,-7.11668,-7.02376,0.511,0.509755,-0.0704115,2.98179,27.7418
1.80311e+07,-0.0144509,-0.868945,9.78678,-5.07385,-4.22044,-3.49267,-4.14937,-0.0842699,-4.60898,0.880103,-4.60225,-5.19301,-5.17104,0.509,0.508072,-0.0795879,2.98209,27.7212
1.80511e+07,-0.155576,0.00290074,8.80774,0.0188668,6.84826,-1.32161,6.72594,-1.01194,-7.2502,-0.130064,-7.18467,-5.25408,-5.27042,0.509,0.507352,-0.0839675,2.98229,27.7476
1.80711e+07,0.500892,0.679665,9.69147,4.00627,12.9246,0.684134,12.6835,2.95139,-4.19677,1.36019,-4.17594,-7.52889,-7.40574,0.509,0.508042,-0.0819554,2.98214,27.73
1.80911e+07,-0.599663,-0.182547,9.7504,-1.07054,-1.35021,-1.51489,-1.31557,-3.51872,-1.26547,-0.815878,-1.31423,-5.74263,-5.65696,0.506,0.505558,-0.0910291,2.98293,27.7594
1.81111e+07,-0.157982,0.0703363,8.88858,0.453307,0.00856745,-1.3572,-0.00480492,-1.01822,0.612392,-0.299087,0.552548,-7.48309,-7.41326,0.506,0.504423,-0.095976,2.98292,27.73
1.81311e+07,-0.0769043,0.460499,10.2757,2.56589,-6.67846,-0.959627,-6.56224,-0.42837,2.52079,-0.181919,2.43348,-6.49072,-6.38376,0.506,0.504778,-0.0910197,2.98265,27.7388
1.81511e+07,-0.582699,-1.07607,10.6013,-5.78719,-10.6174,-4.00936,-10.4411,-3.13004,0.322316,-1.04167,0.259936,-5.05561,-5.07503,0.501,0.500413,-0.0957372,2.98248,27.7182
1.81711e+07,-0.160447,0.344895,9.91469,1.99205,-0.968532,-0.376631,-0.984645,-0.92656,-5.78455,-1.20208,-5.71561,-6.62813,-6.56608,0.501,0.499817,-0.0816757,2.9825,27.7388
1.81911e+07,-0.420836,0.759143,10.6706,4.06622,0.191774,-0.367211,0.179101,-2.25283,-5.52501,-1.70273,-5.47099,-7.13194,-6.98845,0.501,0.499804,-0.0642501,2.98259,27.7094
1.82111e+07,-0.797621,-1.01827,10.9102,-5.31794,-4.02197,-3.88885,-3.92858,-4.16329,-3.72349,-1.81531,-3.72325,-5.92584,-5.8574,0.498,0.497043,-0.056517,2.98243,27.7271
1.82311e+07,-1.11342,1.1469,10.2706,6.33492,6.74139,1.15995,6.62382,-6.14927,-4.12043,-3.09133,-4.09403,-5.46782,-5.44474,0.498,0.496697,-0.043696,2.98143,27.7682
1.82521e+07,-0.0457138,-0.0741685,10.0231,-0.423961,0.939865,-1.41444,0.917957,-0.261307,2.56659,-0.389654,2.47944,-7.72736,-7.56917,0.498,0.497343,-0.0358404,2.98141,27.7035
1.82721e+07,-0.172045,-0.880987,10.2997,-4.88821,-3.19754,-2.47233,-3.14056,-0.953489,5.89484,0.429407,5.72755,-6.64339,-6.56222,0.494,0.493854,-0.0460514,2.98172,27.7094
1.82921e+07,-0.752784,0.896422,10.1678,5.02467,-3.9151,0.371489,-3.86115,-4.21795,-3.52501,-1.17707,-3.51548,-6.13958,-6.12571,0.494,0.493135,-0.0472535,2.98194,27.7212
1.83121e+07,0.307812,-0.524542,9.51639,-3.15329,-13.1975,-2.29804,-12.985,1.8498,-4.41051,1.26633,-4.40215,-8.6892,-8.51508,0.494,0.493255,-0.0520039,2.98181,27.7094
1.83321e+07,0.622709,0.547202,8.96464,3.48463,-3.51815,1.62701,-3.49741,3.96618,-9.46394,2.95617,-9.38117,-6.67393,-6.58513,0.493,0.492201,-0.0604694,2.98109,27.7359
1.83521e+07,-0.470955,0.665215,9.61869,3.95147,-6.90746,0.536803,-6.8087,-2.79644,-10.0594,-0.162342,-9.96529,-6.32278,-6.28834,0.493,0.492202,-0.0640991,2.98134,27.7594
1.83721e+07,0.138264,-0.486007,9.5071,-2.92613,-4.08304,-2.08536,-4.03192,0.832123,-4.24257,0.447214,-4.22773,-6.33805,-6.22219,0.493,0.492267,-0.0662833,2.98175,27.7329
1.83921e+07,0.29336,-0.0741685,8.83335,-0.480803,2.57345,-0.280466,2.50522,1.90205,-0.1357,1.18581,-0.194937,-6.21591,-6.12878,0.491,0.490684,-0.0739256,2.9823,27.7035
1.84121e+07,0.481699,1.0048,10.5729,5.42326,2.58872,0.851897,2.52362,2.59691,3.97117,0.9055,3.87005,-6.24645,-6.12612,0.491,0.49019,-0.0665531,2.98257,27.7476
1.84323e+07,-0.938703,-0.300559,10.6076,-1.61669,-8.60212,-1.9619,-8.44554,-5.05511,4.42919,-1.64417,4.29462,-6.85713,-6.74293,0.491,0.490079,-0.0596889,2.98165,27.7653
1.84531e+07,-0.576029,0.698932,10.0984,3.95284,-1.0754,1.40628,-1.1003,-3.25692,-0.700585,-1.5699,-0.730376,-6.46019,-6.39158,0.491,0.490244,-0.0479865,2.98213,27.7271
1.84741e+07,-0.353683,-0.298151,10.4718,-1.62995,-3.53342,-0.920306,-3.50708,-1.93364,-3.09753,-1.39093,-3.09204,-5.34568,-5.31526,0.491,0.490355,-0.0296583,2.98232,27.6947
1.84941e+07,0.0568549,0.315995,9.62005,1.88131,-3.04487,0.212917,-3.03397,0.338434,-5.70822,-0.8853,-5.64447,-5.7579,-5.68874,0.491,0.490456,-0.0122157,2.98268,27.7271
1.85141e+07,0.0238175,-1.09534,9.81488,-6.36782,-9.57922,-2.74887,-9.43725,0.13818,-1.05173,-0.520148,-1.08344,-6.55179,-6.41754,0.488,0.48788,-0.0141686,2.98369,27.6888
1.85345e+07,0.135933,-0.690722,10.2333,-3.86113,-1.88456,-2.04994,-1.87764,0.759314,0.24598,-0.174811,0.196886,-5.25408,-5.23556,0.488,0.487699,-0.00922818,2.98347,27.7388
1.85551e+07,-0.176863,-0.729257,9.24345,-4.51015,0.863529,-1.75539,0.820318,-1.09276,1.42155,-0.625094,1.34679,-5.42202,-5.37784,0.488,0.487619,-0.00963579,2.9831,27.6712
1.85751e+07,-0.831412,0.279868,10.1288,1.57742,-1.9609,-0.510823,-1.93193,-4.69074,-0.960127,-2.1602,-0.98784,-5.13194,-5.135,0.491,0.490271,-0.00021723,2.98308,27.6947
1.86151e+07,-0.193442,-1.21817,9.88135,-7.02659,-9.50288,-2.52697,-9.36396,-1.11308,1.40629,0.134449,1.31497,-5.11668,-5.1094,0.491,0.490539,-0.00593691,2.98386,27.7094
1.86351e+07,-0.702647,0.922915,9.32965,5.63363,-5.44181,1.33229,-5.37005,-4.28616,-3.60135,-1.82459,-3.58402,-5.81897,-5.74269,0.493,0.492234,-0.00799751,2.98346,27.7035
1.86551e+07,0.484273,0.335262,9.28969,2.06409,-2.61739,-0.145779,-2.60729,2.9822,-0.899058,1.30656,-0.927825,-7.49836,-7.36294,0.493,0.492587,-0.0140296,2.98359,27.7476
1.86751e+07,-0.745513,0.508668,10.3856,2.79683,-4.47998,-0.56622,-4.3975,-4.10096,0.154377,-1.06448,0.0878165,-6.13958,-6.01759,0.493,0.4924,-0.0136227,2.98363,27.7271
1.86951e+07,-0.418023,-0.772608,9.72318,-4.53903,-1.13647,-1.44908,-1.15626,-2.45404,1.19254,-0.994594,1.11319,-5.45255,-5.42449,0.495,0.494423,-0.00941133,2.98392,27.7006
1.87151e+07,0.725788,-0.897846,8.9385,-5.71726,1.44368,-2.22995,1.38109,4.61897,0.413919,1.34668,0.36644,-6.07851,-6.00413,0.495,0.49439,-0.0137421,2.98378,27.7359
1.87351e+07,-0.117571,0.723016,10.1123,4.08933,2.74139,1.19712,2.65419,-0.664422,-3.66242,-0.800843,-3.63812,-4.65866,-4.6478,0.495,0.494619,-0.00700276,2.98356,27.7124
1.87551e+07,-0.809639,-0.734074,10.5664,-3.9625,-12.7548,-2.73496,-12.5359,-4.37116,-0.0898979,-1.83377,-0.14752,-5.05561,-5.03388,0.496,0.495263,-0.00221103,2.98258,27.7094
1.87751e+07,0.236476,-1.6011,9.95396,-9.13527,-10.2815,-4.30023,-10.1351,1.34365,4.00171,-0.104988,3.89028,-4.99454,-4.92932,0.496,0.495264,0.0038323,2.98191,27.7182
1.87951e+07,0.491568,-0.139196,9.05388,-0.879509,-0.846394,-0.891977,-0.856395,3.10738,2.70399,1.13191,2.61933,-4.964,-4.86665,0.496,0.495721,0.0055923,2.9806,27.6976
1.88151e+07,-0.201053,0.390655,9.74623,2.29486,2.00857,0.0877717,1.94749,-1.18083,3.32995,-1.01714,3.23482,-6.12431,-6.05313,0.497,0.496669,0.0110479,2.98105,27.7271
1.88351e+07,0.312464,-0.0813937,8.74785,-0.532749,1.87116,-0.909036,1.81003,2.04559,1.49789,0.059947,1.44596,-5.04034,-4.95544,0.497,0.496589,0.00916402,2.98071,27.7065
1.88551e+07,-0.494421,-0.818368,9.70181,-4.81539,-3.53342,-2.89139,-3.47525,-2.90706,0.94827,-1.68934,0.890326,-7.34568,-7.23014,0.497,0.496576,0.00808213,2.98047,27.7212
1.88751e+07,-0.41822,-0.0621264,10.6835,-0.332926,-1.9609,-1.06965,-1.92778,-2.24174,-1.05173,-0.537735,-1.0915,-6.32278,-6.22655,0.5,0.499214,0.0169512,2.98033,27.6888
1.88951e+07,-0.00721508,-1.12905,9.08596,-7.08346,-5.9609,-3.47799,-5.87402,-0.0451508,0.169644,-0.11569,0.111848,-6.99454,-6.84436,0.5,0.499639,0.010841,2.98036,27.7182
1.89151e+07,0.563263,-0.353544,8.77569,-2.30228,0.924598,-0.237793,0.841693,3.6695,0.35285,0.324431,0.324532,-4.47545,-4.4537,0.5,0.4997,0.00516483,2.98048,27.6976
1.89351e+07,-0.334703,0.144997,8.96483,0.925976,-0.81586,0.162421,-0.829288,-2.13788,0.871934,-0.59832,0.798801,-5.22355,-5.17402,0.504,0.503235,0.00623128,2.98059,27.7035
1.89551e+07,1.11241,-0.148829,8.31494,-1.01638,3.18414,-0.310484,3.07946,7.61883,1.22308,3.01179,1.16735,-6.26171,-6.15971,0.504,0.50338,-0.00614437,2.98069,27.7329
1.89751e+07,0.0497422,0.132955,9.68861,0.7862,-4.06777,-0.100102,-4.01368,0.294132,0.35285,0.99833,0.281843,-7.22355,-7.06729,0.504,0.502947,-0.0211566,2.98088,27.7418
1.89951e+07,-0.61859,-0.813551,9.40989,-4.93075,-8.87693,-2.54612,-8.73876,-3.74718,-2.0899,-1.04142,-2.12005,-4.81133,-4.84911,0.505,0.504164,-0.0270538,2.98156,27.7153
1.90151e+07,-0.0789179,-0.885804,10.2427,-4.9426,-10.709,-2.74542,-10.5359,-0.439804,0.795598,-0.393508,0.723642,-6.735,-6.60144,0.505,0.504363,-0.0311715,2.98178,27.6976
1.90351e+07,-0.112862,0.963858,9.57138,5.75002,-1.28914,1.22889,-1.29881,-0.672179,0.810866,-0.450591,0.752422,-5.07087,-5.03355,0.505,0.504296,-0.0299921,2.982,27.6918
1.90551e+07,-0.150793,-0.0211834,8.70798,-0.139359,-4.47998,-0.4932,-4.43723,-0.992071,1.9101,-0.995929,1.84176,-4.94874,-4.90191,0.505,0.504563,-0.0284982,2.98262,27.6976
1.90751e+07,0.252519,0.814536,10.2997,4.52038,0.909331,1.1283,0.851334,1.40008,3.16201,-0.834726,3.09409,-4.71973,-4.65268,0.505,0.504408,-0.0188694,2.98263,27.68
1.90951e+07,-0.979324,-0.201814,11.6714,-0.987151,-4.15937,-1.33348,-4.08754,-4.79561,5.52842,-3.24883,5.41095,-4.00217,-3.95326,0.505,0.504126,-0.00208979,2.98297,27.7153
1.91151e+07,-0.737853,-1.27597,10.2901,-7.05065,-1.70136,-3.74466,-1.6804,-4.07032,6.36812,-3.06502,6.23694,-4.6892,-4.68809,0.507,0.505619,0.0127442,2.98296,27.68
1.91351e+07,-0.592496,-0.192181,11.1132,-0.989315,-2.92273,-1.81746,-2.86059,-3.05136,6.07804,-2.60553,5.95281,-5.52889,-5.43659,0.507,0.506003,0.0237659,2.98311,27.7241
1.91551e+07,-0.921965,-0.384854,10.2822,-2.13498,-2.32731,-1.63797,-2.29939,-5.12023,3.31468,-2.82887,3.21873,-3.20828,-3.24802,0.507,0.506503,0.0300232,2.98149,27.7035
1.91761e+07,0.606495,-1.2567,8.86917,-8.04618,-0.495249,-3.25111,-0.526719,3.87336,1.10094,0.426018,1.05549,-5.66629,-5.58526,0.508,0.507306,0.0273126,2.98138,27.6535
1.91961e+07,-0.604166,-1.16036,9.63013,-6.85727,-2.58685,-2.73173,-2.56545,-3.56415,-1.52501,-1.39957,-1.56501,-3.97164,-3.96089,0.508,0.507502,0.0197874,2.98102,27.7035
1.92161e+07,-0.408902,0.776002,8.83532,5.01404,2.95513,1.38816,2.87561,-2.63963,-3.60135,-1.58903,-3.57598,-4.88767,-4.8539,0.508,0.507625,0.0102965,2.98111,27.7094
1.92361e+07,0.0208036,1.15653,9.42199,6.99792,4.58872,1.92477,4.48932,0.125566,2.06277,-0.553497,1.99131,-5.43729,-5.30943,0.51,0.509322,0.00637402,2.98135,27.7241
1.92561e+07,-0.726152,-0.42098,10.3508,-2.3233,-2.73952,-2.31347,-2.70425,-4.00966,6.49026,-2.09118,6.34137,-5.28462,-5.25559,0.51,0.509493,0.000432703,2.9799,27.7153
1.92761e+07,0.214817,-0.996591,9.02188,-6.30178,-7.88456,-3.1478,-7.76187,1.35575,6.67346,0.142019,6.52704,-6.58232,-6.44815,0.51,0.509544,-0.013604,2.98004,27.7124
1.92961e+07,-0.893358,-0.216265,10.4368,-1.18276,-11.3349,-1.8994,-11.1514,-4.89139,2.24598,-1.78281,2.15617,-5.57469,-5.50012,0.514,0.512741,-0.0107,2.98034,27.7006
1.93161e+07,-0.162409,-1.18686,9.14061,-7.39698,-4.08304,-4.93194,-4.02641,-1.00944,0.642926,-1.37194,0.601239,-5.14721,-5.11545,0.514,0.512778,-0.0153974,2.98046,27.6918
1.93361e+07,0.518005,-0.750933,9.66305,-4.43728,6.84826,-1.97575,6.69736,3.0593,2.55132,0.246204,2.47131,-5.08614,-5.04201,0.514,0.513358,-0.015835,2.98074,27.6829
1.93561e+07,-0.334332,-1.19167,9.34019,-7.26623,5.41315,-3.57824,5.31491,-2.03356,2.09331,-1.49783,2.0191,-4.24645,-4.24025,0.516,0.514712,-0.0100479,2.98016,27.6947
1.93771e+07,-0.391989,0.0631111,9.65802,0.37409,1.45895,-0.195373,1.41557,-2.32413,4.10857,-2.81261,4.02286,-6.12431,-6.04247,0.516,0.515205,-0.00243532,2.98046,27.7124
1.9398e+07,-0.0120644,-0.864128,9.85089,-5.0132,-5.60975,-2.7051,-5.54556,-0.0699018,7.87957,-2.21876,7.73459,-5.28462,-5.18587,0.516,0.514877,0.0115795,2.98082,27.7006
1.94181e+07,-0.874039,-0.994183,9.99863,-5.65693,-9.74716,-2.84999,-9.60346,-4.97147,6.65819,-3.27833,6.52112,-4.44492,-4.43121,0.516,0.515059,0.0209423,2.981,27.68
1.9438e+07,-0.021903,0.169081,8.75804,1.106,-0.159371,-1.0013,-0.178955,-0.143264,4.32232,-1.27144,4.23323,-5.95637,-5.8693,0.516,0.514829,0.0113345,2.98092,27.6624
1.94581e+07,-0.210793,1.06983,10.0156,6.09565,9.0162,1.63857,8.83885,-1.19888,-0.166234,-1.58035,-0.184969,-5.42202,-5.39127,0.516,0.515466,0.0141734,2.98025,27.7329
1.94791e+07,0.398459,-0.196998,8.74522,-1.28911,10.4666,-1.16618,10.262,2.60811,1.23835,-0.109099,1.18901,-5.9411,-5.86383,0.517,0.516447,0.0121207,2.98045,27.6624
1.94991e+07,-0.0339393,0.518301,10.5132,2.8224,1.93223,-0.526032,1.89795,-0.184741,2.21545,-1.24052,2.15142,-6.67393,-6.54927,0.517,0.516477,0.0122099,2.98065,27.6859
1.95191e+07,-0.231951,-0.127154,8.98092,-0.81088,-5.47235,-1.39679,-5.39439,-1.4793,4.20018,-1.72601,4.10386,-6.38385,-6.23561,0.517,0.516547,0.00720481,2.98008,27.6976
1.95391e+07,-0.970067,0.857888,10.581,4.61602,-3.80823,0.375336,-3.75262,-5.2212,1.37575,-3.22393,1.33371,-5.23881,-5.15022,0.52,0.518961,0.0154903,2.98071,27.6565
1.95591e+07,-0.905037,-1.15073,9.90106,-6.60206,-10.0983,-3.23118,-9.93212,-5.18805,3.14674,-2.78418,3.05046,-4.8266,-4.75802,0.52,0.519055,0.0138587,2.97929,27.6918
1.95801e+07,-0.695175,-0.187364,10.9874,-0.974995,-4.41891,-2.30428,-4.33484,-3.61975,2.78033,-2.52194,2.70339,-5.69683,-5.59041,0.52,0.519056,0.0163674,2.9787,27.6712
1.96001e+07,-0.444338,-0.594386,9.3721,-3.62482,1.24521,-2.28584,1.20676,-2.70897,2.21545,-2.10427,2.14982,-4.46019,-4.43042,0.522,0.521288,0.0180341,2.97882,27.6506
1.96201e+07,0.341377,-1.01345,10.159,-5.69372,2.72612,-3.56112,2.67407,1.91511,3.42155,-0.919693,3.34484,-5.14721,-5.0251,0.522,0.521064,0.018565,2.97817,27.6565
1.96401e+07,-1.20355,-1.02549,10.0606,-5.77922,-0.968532,-3.52535,-0.94534,-6.78705,2.58186,-3.84498,2.50211,-6.01744,-5.90365,0.522,0.520875,0.0151131,2.97721,27.6918
1.96601e+07,-0.819507,0.405106,11.2782,2.05175,-2.29678,-1.18283,-2.23858,-4.15332,2.47499,-2.97037,2.41199,-4.88767,-4.8122,0.522,0.520989,0.0183869,2.97597,27.6535
1.96801e+07,-1.22492,-1.45419,10.0291,-8.19022,-7.68609,-4.19693,-7.5581,-6.8921,3.58949,-3.50094,3.47951,-4.79607,-4.76948,0.522,0.520638,0.0177268,2.97496,27.6771
1.97001e+07,0.0357265,-0.986957,10.411,-5.41541,-6.90746,-3.28752,-6.79732,0.195739,4.21545,-0.970025,4.11281,-5.57469,-5.48464,0.522,0.521263,0.0180818,2.9745,27.6565
1.97201e+07,-0.496617,-1.50717,9.53926,-8.9664,-4.25097,-4.60745,-4.19191,-2.9437,1.74216,-1.80898,1.67244,-4.24645,-4.24052,0.525,0.523787,0.0165356,2.97491,27.6741
1.97401e+07,0.728256,-1.18686,9.0425,-7.45364,1.48948,-4.4201,1.45114,4.5655,2.50552,0.752749,2.43593,-4.76553,-4.71667,0.525,0.523545,0.00645866,2.97445,27.6682
1.97601e+07,-0.72835,-1.10256,9.88674,-6.34623,2.60399,-3.77609,2.55695,-4.18747,0.261247,-2.1506,0.212308,-3.26935,-3.27522,0.525,0.523954,-0.00156261,2.97461,27.6506
1.97801e+07,0.267348,-0.991774,8.30957,-6.80275,3.35208,-2.98569,3.26207,1.82979,1.55896,0.0795823,1.50024,-3.68156,-3.69003,0.528,0.527076,-0.00130612,2.97476,27.6771
1.98001e+07,-0.735609,-0.758158,9.63326,-4.48701,-0.739524,-2.8838,-0.737511,-4.3533,3.17728,-1.97219,3.06809,-5.04034,-4.99839,0.528,0.527235,-0.00965352,2.97508,27.6918
1.98201e+07,0.18872,-1.60592,9.27734,-9.81866,-5.9151,-5.30057,-5.82081,1.14828,4.9788,-0.230607,4.85313,-5.81897,-5.74807,0.528,0.526643,-0.0196656,2.97512,27.6535
1.98401e+07,0.185759,0.458091,9.42311,2.78262,1.30628,0.704127,1.26602,1.128,4.35285,0.506384,4.23481,-5.34568,-5.32352,0.527,0.526315,-0.0239337,2.97558,27.6535
1.98601e+07,0.353325,-1.04476,8.60857,-6.91397,1.81009,-4.63103,1.76653,2.3332,2.65819,-0.626561,2.60222,-2.94874,-2.94228,0.527,0.525232,-0.0273227,2.97552,27.6741
1.98801e+07,-0.680731,-0.608836,10.5404,-3.299,9.74903,-3.47233,9.58849,-3.68907,2.55132,-2.87555,2.47902,-3.36095,-3.34967,0.527,0.525173,-0.0219115,2.9752,27.68
1.99e+07,-0.7429,-0.302968,9.80969,-1.76394,10.2223,-1.74595,10.0566,-4.32876,1.63529,-4.13024,1.59996,-3.88003,-3.85506,0.525,0.523328,-0.0230544,2.97549,27.6624
1.99201e+07,-0.236846,0.303952,9.83634,1.76942,1.55055,-1.45482,1.5306,-1.37868,5.63529,-2.16661,5.52105,-6.04797,-5.92052,0.525,0.523504,-0.0162011,2.97543,27.6653
1.99401e+07,0.427229,-0.613653,8.57358,-4.0889,-5.9609,-3.06895,-5.88679,2.84547,4.30705,-0.0217764,4.22119,-2.76553,-2.80805,0.525,0.523736,-0.0151493,2.97571,27.6388
1.99601e+07,0.379251,0.181123,9.44861,1.0973,-7.94563,-2.15063,-7.80847,2.2981,1.58949,-0.526358,1.55507,-6.30752,-6.14445,0.523,0.521767,-0.0214752,2.97606,27.6535
1.99801e+07,-0.683494,0.742284,9.30797,4.54733,0.771926,-0.31184,0.752934,-4.18651,-4.41051,-1.98799,-4.376,-3.02507,-3.0709,0.523,0.521902,-0.030413,2.97571,27.6829
2.00001e+07,0.269371,0.320811,8.87674,2.06886,7.062,-0.932451,6.93792,1.73702,-3.50975,-0.0402139,-3.48614,-4.99454,-4.88515,0.523,0.522083,-0.0361176,2.97572,27.6624
2.00201e+07,-0.105336,-0.339094,10.2388,-1.89676,5.07727,-3.47618,5.02074,-0.589111,0.795598,-1.1026,0.738993,-5.8495,-5.70851,0.522,0.520578,-0.0393577,2.97607,27.6418
2.00401e+07,-0.776215,-0.712398,9.82093,-4.13604,1.71849,-3.80149,1.71052,-4.50729,1.84903,-2.57302,1.78489,-4.9182,-4.84736,0.522,0.520464,-0.0415158,2.9764,27.6888
2.00601e+07,-0.263084,0.202799,10.5651,1.09933,2.28338,-1.97766,2.26057,-1.42618,6.10858,-1.98257,5.98299,-5.48309,-5.35523,0.522,0.520474,-0.0352069,2.9768,27.6329
2.00801e+07,-0.620998,-0.741299,11.053,-3.83093,-0.739524,-3.13903,-0.724986,-3.20852,7.25361,-2.55177,7.10474,-3.31515,-3.32764,0.519,0.518039,-0.0229074,2.97777,27.6329
2.01001e+07,0.0717765,-1.82268,9.55013,-10.8049,-4.72426,-5.5243,-4.65017,0.422979,5.71163,-0.727196,5.5796,-4.79607,-4.70072,0.519,0.517439,-0.0219484,2.97785,27.6418
2.01201e+07,-1.07448,-1.49032,10.8788,-7.7632,-2.37311,-5.76958,-2.31064,-5.58882,1.69636,-2.84986,1.62318,-3.40675,-3.41174,0.519,0.516644,-0.0146953,2.97784,27.6594
2.01401e+07,-0.262857,-0.616062,9.36004,-3.7642,9.73376,-4.10501,9.57421,-1.60513,-3.67768,-1.90573,-3.63753,-3.28462,-3.31601,0.517,0.513839,-0.0169663,2.97791,27.6418
2.01601e+07,0.38656,-0.341502,9.59497,-2.03675,11.9628,-2.42828,11.7587,2.30561,-0.83799,-0.717969,-0.849556,-6.23118,-6.10961,0.517,0.515471,-0.00692103,2.97731,27.6506
2.01801e+07,0.124025,-0.801509,9.07688,-5.04579,5.35208,-2.95321,5.24527,0.779798,0.581858,-0.31022,0.537069,-3.83423,-3.83892,0.517,0.51604,-0.00534547,2.97623,27.63
2.02001e+07,-0.138805,-0.196998,9.33211,-1.20918,-4.86166,-2.71204,-4.76965,-0.851962,3.22308,-0.699156,3.13471,-4.00217,-3.97299,0.517,0.516042,-0.00864701,2.97588,27.6447
2.02201e+07,-1.0822,0.527935,10.6257,2.82978,-4.18991,-1.78337,-4.10966,-5.80829,1.55896,-2.96393,1.50006,-4.18538,-4.17984,0.517,0.515426,-0.0109923,2.97588,27.6359
2.02401e+07,-0.0098386,-0.281292,9.18704,-1.75375,-0.617387,-3.29436,-0.610221,-0.0613305,-0.0898979,-1.05952,-0.110657,-3.66629,-3.63041,0.517,0.515493,-0.00827258,2.97605,27.6418
2.02601e+07,-0.0980447,-0.799101,10.0529,-4.54466,6.52765,-4.32083,6.43656,-0.557025,-3.79982,-1.42582,-3.77281,-5.97164,-5.79767,0.517,0.515469,-0.00560221,2.97554,27.6124
2.02801e+07,-0.800218,-0.266842,10.5933,-1.43886,10.207,-3.02787,10.0639,-4.31856,-5.73875,-2.80331,-5.67617,-3.54416,-3.55159,0.517,0.515487,0.00085902,2.97455,27.6388
2.03011e+07,0.150113,-0.160871,10.0964,-0.912744,9.74903,-2.81814,9.6062,0.8517,-0.0288293,-0.384309,-0.069852,-5.28462,-5.16189,0.517,0.515863,0.00518551,2.97428,27.6271
2.03221e+07,-0.444274,-0.828002,9.52843,-4.96105,-3.67082,-4.04013,-3.5934,-2.65954,3.32995,-1.8309,3.24111,-4.26171,-4.19378,0.516,0.515036,0.00705171,2.97428,27.6388
2.03421e+07,-0.697608,-0.0260002,11.0945,-0.134009,-4.90746,-3.24065,-4.80447,-3.59792,2.7498,-2.3223,2.67263,-4.55179,-4.49124,0.516,0.514383,0.00929692,2.97453,27.6241
2.03621e+07,-0.642347,-1.24947,10.6319,-6.69061,-5.50288,-5.59667,-5.39678,-3.43385,1.26888,-2.31845,1.21531,-3.04034,-3.0469,0.516,0.51396,0.0129011,2.97418,27.6241
2.03821e+07,0.102602,-1.04476,9.9431,-5.99796,3.04674,-4.81829,3.01135,0.587974,-1.49448,-0.732571,-1.50914,-5.17774,-5.06579,0.518,0.516181,0.0159756,2.97342,27.6271
2.04031e+07,-0.943424,-0.498049,10.3651,-2.73967,7.27574,-3.8378,7.19573,-5.19472,-6.77692,-2.62722,-6.70996,-4.53652,-4.51286,0.518,0.516389,0.01675,2.97287,27.6035
2.04231e+07,-0.236213,-1.97441,9.17265,-12.1436,6.84826,-5.58875,6.73154,-1.44213,-3.21967,-0.544438,-3.23254,-4.35332,-4.31085,0.518,0.516699,0.0170297,2.97311,27.6153
2.04431e+07,-0.317727,-0.796693,10.2834,-4.42797,2.51238,-3.93762,2.48646,-1.76443,1.54369,-1.67484,1.48066,-4.47545,-4.43002,0.516,0.514917,0.0145432,2.97292,27.6153
2.0463e+07,0.305672,-1.41566,8.90004,-9.03261,-1.9151,-5.55886,-1.89017,1.94265,7.02461,-0.304302,6.87548,-3.86477,-3.85686,0.516,0.514261,0.0110976,2.97307,27.6182
2.04833e+07,0.298075,0.142589,9.68129,0.843407,1.91696,-2.80164,1.88689,1.76332,3.54369,-0.788607,3.47457,-4.99454,-4.91038,0.516,0.514228,0.0137862,2.97262,27.6241
2.05041e+07,-0.434791,-0.579935,8.80943,-3.76185,1.32154,-3.87874,1.30401,-2.81946,-0.1357,-1.83637,-0.17064,-5.28462,-5.24159,0.518,0.516326,0.0187977,2.97321,27.6594
2.05241e+07,-0.258238,-0.0524928,10.04,-0.299462,7.24521,-2.28507,7.1271,-1.47336,-2.60898,-1.51553,-2.6011,-4.20065,-4.16693,0.518,0.517021,0.023469,2.97385,27.6535
2.05441e+07,-1.3114,0.412331,10.2957,2.27505,4.98567,-2.86929,4.95376,-7.25317,-5.32654,-2.91877,-5.29266,-4.90294,-4.83669,0.518,0.515808,0.0173766,2.97429,27.6418
2.05641e+07,0.295548,0.643539,10.0074,3.67783,6.10017,-1.10158,6.01042,1.68814,-3.54028,-0.396471,-3.5076,-6.30752,-6.17699,0.519,0.5176,0.0199373,2.97438,27.6418
2.05841e+07,-0.110132,-0.266842,9.31061,-1.64153,1.97803,-2.73177,1.93972,-0.677422,-1.34181,-1.00383,-1.3496,-5.16248,-5.11644,0.519,0.518084,0.017975,2.97327,27.5976
2.06041e+07,0.374892,-1.31691,9.54831,-7.84677,-5.33494,-5.72368,-5.22849,2.22737,1.9559,0.725177,1.88145,-5.72736,-5.63446,0.519,0.517312,0.00921727,2.97298,27.6476
2.06241e+07,-0.859715,-0.98214,10.4616,-5.34532,-5.39601,-4.71581,-5.28673,-4.67742,0.368117,-1.58425,0.302107,-5.8953,-5.80646,0.52,0.518331,0.0121623,2.9733,27.6094
2.06441e+07,-0.172172,-0.425797,10.3313,-2.35973,2.74139,-3.98169,2.72711,-0.953936,-0.822722,-0.686395,-0.859663,-6.84187,-6.68484,0.52,0.51841,0.00899949,2.97276,27.6182
2.06641e+07,-0.102715,-1.17722,10.133,-6.62641,10.3444,-4.25952,10.1756,-0.576891,-3.47921,-0.807219,-3.46968,-5.25408,-5.24395,0.52,0.518697,0.0166748,2.9725,27.5859
2.06841e+07,0.828703,-1.75524,8.90379,-11.1052,10.9246,-6.03532,10.7435,5.21753,-1.28074,1.76145,-1.31459,-7.42202,-7.28897,0.52,0.518125,0.0107348,2.97123,27.6035
2.07051e+07,0.062207,-1.75765,9.0754,-10.9606,6.55819,-6.2184,6.45693,0.385562,-1.52501,0.0722408,-1.55034,-4.99454,-4.96536,0.52,0.517975,0.0103328,2.97113,27.63
2.0726e+07,-0.281906,-0.806326,9.69689,-4.75139,1.77956,-3.13181,0.874609,-1.6595,-2.60898,-0.264873,-0.998972,-4.76553,-6.70521,0.52,0.51802,0.0106582,2.97129,27.6124
2.07471e+07,0.286231,-0.199406,9.90393,-1.15296,1.91696,-2.7261,1.87391,1.65509,-0.1357,-0.308362,-0.165756,-5.86477,-5.77741,0.52,0.518715,0.0124882,2.97059,27.6153
2.07671e+07,0.465504,-0.864128,8.13866,-6.0509,1.27574,-4.85516,1.25256,3.2553,-0.639516,0.865844,-0.666338,-5.91057,-5.83482,0.52,0.517931,0.00664369,2.96985,27.6124
2.07872e+07,0.283798,-0.0380423,9.74512,-0.223571,2.35971,-2.68801,2.33438,1.66809,-3.26547,0.45541,-3.25682,-6.76553,-6.66181,0.521,0.518995,0.00106721,2.96914,27.6094
2.08071e+07,-0.589926,-0.849678,9.57126,-5.06351,0.298644,-4.23333,0.314637,-3.51319,-4.76165,-1.2155,-4.74707,-6.36858,-6.26643,0.521,0.519734,-0.00309,2.96931,27.6153
2.08271e+07,0.981433,-1.42529,9.0419,-8.90645,7.00093,-7.42233,6.91364,6.11981,-2.1357,3.77809,-2.16655,-5.98691,-5.93611,0.521,0.517714,-0.0177837,2.96956,27.6065
2.08471e+07,-0.183876,-1.26874,9.23309,-7.82262,5.21467,-5.53446,5.13213,-1.13027,-0.960127,-0.832722,-0.993213,-6.04797,-6.00364,0.519,0.517786,-0.0121342,2.97021,27.5741
2.08671e+07,0.248005,-0.124745,9.52896,-0.749772,5.55055,-2.56826,5.46442,1.49074,0.184911,0.359309,0.136998,-6.15484,-6.08774,0.519,0.517691,-0.0101248,2.97101,27.6153
2.08871e+07,-0.938679,-0.387262,10.2537,-2.15392,-1.8693,-2.72621,-1.83449,-5.22688,-2.59371,-3.46161,-2.58346,-6.67393,-6.58745,0.519,0.517111,-0.00919724,2.97142,27.5859
2.09081e+07,0.0307955,-0.428205,9.92278,-2.47098,-2.0983,-3.44816,-2.03478,0.177653,-2.60898,0.113767,-2.62441,-8.61286,-8.40269,0.523,0.519248,-0.00787407,2.97131,27.6212
2.09281e+07,-0.42978,-1.4277,9.45623,-8.57692,-5.1212,-5.17236,-5.02078,-2.57315,-4.31891,-0.621226,-4.31171,-5.92584,-5.89094,0.523,0.52148,-0.0102784,2.97019,27.6065
2.09481e+07,0.728073,-0.529359,8.70404,-3.46822,5.16887,-3.19275,5.08072,4.77275,-3.17387,3.03911,-3.18746,-7.74263,-7.67791,0.523,0.521686,-0.0176547,2.96947,27.6035
2.09681e+07,-0.382423,0.010126,9.25668,0.062623,4.25284,-2.52878,4.18755,-2.36572,-6.21204,-1.23936,-6.14838,-5.17774,-5.17665,0.52,0.520471,-0.0201692,2.96979,27.5859
2.09881e+07,0.598672,1.11559,9.90577,6.41397,8.46658,-0.183136,8.32443,3.43689,-4.54791,1.50996,-4.51413,-8.26171,-8.12923,0.52,0.518463,-0.0293442,2.96951,27.5712
2.10081e+07,-0.573018,-1.5433,10.337,-8.47863,-0.937997,-5.68162,-0.885701,-3.13816,-0.196768,-0.444023,-0.276011,-6.32278,-6.26856,0.52,0.517102,-0.0353408,2.96882,27.5829
2.10291e+07,0.859716,-1.65168,9.61145,-9.71272,5.65742,-5.15462,5.5546,5.03788,0.368117,1.39909,0.322867,-7.45255,-7.32128,0.517,0.517071,-0.0315713,2.96909,27.58
2.105e+07,-0.573246,-0.722032,10.8725,-3.79411,-1.80823,-4.06424,-1.73756,-3.01147,-0.593715,-1.00211,-0.649644,-7.17774,-7.03152,0.517,0.515459,-0.0278301,2.96935,27.5594
2.107e+07,-0.279897,0.554428,9.79404,3.23866,7.45895,-1.7223,7.34667,-1.63435,-4.65478,-0.684964,-4.62904,-7.02507,-6.97006,0.517,0.514753,-0.0245597,2.96909,27.5653
2.10901e+07,0.498461,0.833803,9.71547,4.89882,3.24521,-0.418296,3.19458,2.9263,-3.37234,1.44172,-3.36515,-8.38385,-8.23354,0.517,0.515451,-0.0232545,2.9696,27.5535
2.11101e+07,-0.413472,0.0366185,9.51317,0.220336,-3.01433,-1.93786,-2.95703,-2.48867,-3.66242,-0.519226,-3.65435,-5.8953,-5.88428,0.517,0.516037,-0.0239977,2.96932,27.6006
2.11301e+07,0.804666,-1.18445,8.47262,-7.92301,-0.693722,-3.92861,-0.710969,5.37331,-2.25784,1.76264,-2.2663,-8.15484,-7.96227,0.517,0.515693,-0.0285609,2.96915,27.5359
2.11501e+07,-0.320353,0.0607027,9.506,0.365662,1.67269,-1.43685,1.63316,-1.9301,-5.49448,-1.02293,-5.44703,-5.52889,-5.52653,0.517,0.516043,-0.0253514,2.96898,27.5741
2.11701e+07,0.823178,0.939774,9.63938,5.54828,7.77956,0.115661,7.63008,4.85815,-3.84562,2.00591,-3.82024,-7.26935,-7.17826,0.517,0.515595,-0.0313053,2.9695,27.5506
2.11901e+07,-0.167182,-1.19408,9.98583,-6.81797,-2.86166,-3.69105,-2.8045,-0.95237,-1.34181,0.830535,-1.40562,-7.92584,-7.83925,0.517,0.515805,-0.0354544,2.96982,27.5624
2.12101e+07,1.07213,-1.28319,8.57432,-8.44663,2.0849,-3.90701,2.02548,7.04956,-2.48684,2.74804,-2.49346,-7.69683,-7.61438,0.516,0.514932,-0.0448299,2.97072,27.5447
2.12301e+07,-0.198542,-0.0524928,9.53183,-0.315462,5.12307,-1.44544,5.01427,-1.19324,-6.92959,-0.397186,-6.86125,-6.8266,-6.81259,0.516,0.515047,-0.044229,2.97056,27.5741
2.12501e+07,0.25086,-1.80823,8.83536,-11.5618,-4.03723,-6.20974,-3.9552,1.59334,-3.12807,1.38952,-3.14748,-8.47546,-8.30668,0.516,0.514235,-0.0546093,2.97083,27.5418
2.12701e+07,0.0907272,-1.27597,10.2087,-7.12411,1.62689,-4.36344,1.61087,0.50526,-3.99829,1.13785,-4.0072,-6.15484,-6.12762,0.514,0.513172,-0.0531618,2.97142,27.5947
2.12901e+07,0.919096,-0.5125,9.929,-2.94223,9.22994,-2.86555,9.05242,5.28162,-3.98303,1.3912,-3.95218,-8.13958,-8.01191,0.514,0.512425,-0.0496645,2.97131,27.5624
2.13101e+07,0.0262589,-1.28801,10.7453,-6.83527,-4.26624,-5.33025,-4.15166,0.139022,-0.379974,1.11574,-0.451345,-7.52889,-7.43862,0.514,0.511903,-0.0412727,2.97053,27.5476
2.13301e+07,1.3875,-1.89493,8.82474,-11.9762,1.1078,-6.09949,1.07285,8.73933,0.917736,4.40084,0.840733,-7.92584,-7.79228,0.511,0.509552,-0.0476267,2.9713,27.5682
2.13501e+07,-0.167557,0.154631,9.51077,0.931316,5.58109,-0.538124,5.46279,-1.00918,-1.76929,0.371428,-1.80339,-6.01744,-5.98481,0.511,0.51,-0.0443401,2.97154,27.5624
2.13701e+07,0.234141,-1.79137,9.62602,-10.5389,-5.70136,-6.09199,-5.59289,1.36986,-3.81509,0.768618,-3.80669,-6.90294,-6.83594,0.511,0.5093,-0.0441447,2.97125,27.5712
2.13901e+07,0.00714477,-1.24707,10.2539,-6.9342,-0.693722,-4.22311,-0.680226,0.0396309,-5.32654,0.318742,-5.30498,-5.65103,-5.62779,0.509,0.508379,-0.0411879,2.97208,27.5653
2.14101e+07,-0.714341,0.0390269,9.71524,0.229541,-3.54868,-2.01845,-3.47439,-4.20523,-6.2731,-0.787345,-6.23499,-7.68156,-7.61214,0.509,0.507969,-0.0461909,2.97134,27.5506
2.14301e+07,0.654153,-0.900254,9.66507,-5.30939,-5.18227,-4.08053,-5.08767,3.85536,0.398652,2.19157,0.324283,-6.84187,-6.77923,0.509,0.507597,-0.0523038,2.97191,27.5065
2.14501e+07,0.212703,-1.97922,9.05829,-12.322,-3.88456,-5.44921,-3.83483,1.31415,1.52842,1.10677,1.43449,-7.65103,-7.56017,0.507,0.506183,-0.0596992,2.97245,27.5624
2.147e+07,0.212237,-0.302968,10.1104,-1.71603,0.115438,-2.12991,0.111401,1.20203,-1.49448,0.85207,-1.52562,-6.735,-6.66304,0.507,0.506111,-0.0544119,2.97262,27.5712
2.14901e+07,-0.694987,-0.864128,10.9959,-4.48454,-2.0067,-4.3895,-1.94445,-3.60545,-2.48684,-0.842452,-2.51273,-8.12431,-8.01371,0.507,0.505292,-0.0429707,2.97279,27.5418
2.15102e+07,0.704409,-1.30005,9.93505,-7.43662,3.22994,-4.62127,3.1858,4.0214,-0.288371,1.68492,-0.343226,-9.42202,-9.20008,0.506,0.504935,-0.0323807,2.97092,27.5712
2.1531e+07,-0.23706,1.07464,10.6353,5.76844,9.21467,-0.318542,9.07737,-1.27044,-2.19677,-0.402262,-2.21343,-7.36095,-7.27065,0.506,0.504663,-0.026574,2.96999,27.5212
2.15511e+07,0.446307,-0.52695,9.21474,-3.2691,1.29101,-2.29807,1.26866,2.76838,3.94064,1.38235,3.81611,-9.62049,-9.45398,0.506,0.505345,-0.0286062,2.9702,27.5388
2.15711e+07,-0.255496,-1.32414,8.93866,-8.42288,-8.77006,-4.0204,-8.62599,-1.61959,1.83377,-0.339719,1.74632,-7.45255,-7.39004,0.507,0.505707,-0.0358149,2.96956,27.5624
2.15911e+07,0.477178,0.0896036,9.13023,0.561513,-6.75479,-1.95543,-6.6459,2.99161,-1.44868,1.07648,-1.46734,-9.57469,-9.34423,0.507,0.505291,-0.0413311,2.97005,27.5653
2.16111e+07,-0.656971,-0.180139,9.28985,-1.10811,-10.022,-1.96296,-9.84457,-4.04442,-5.57081,-1.09574,-5.5427,-7.19301,-7.12697,0.507,0.506014,-0.0473312,2.96933,27.5153
2.16321e+07,0.42491,-0.864128,9.79116,-5.03891,-5.33494,-2.55582,-5.25903,2.47532,-3.28074,1.5784,-3.29357,-7.05561,-6.9536,0.507,0.506136,-0.0558086,2.9689,27.5153
2.16521e+07,-0.86757,1.50575,10.3683,8.23474,3.26048,1.20495,3.21138,-4.73368,-5.37234,-1.87643,-5.33952,-6.65866,-6.59454,0.507,0.505576,-0.0555332,2.96942,27.5535
2.16721e+07,0.09529,-0.510091,9.42638,-3.09728,-2.38838,-2.97332,-2.3382,0.578329,-0.303638,0.429735,-0.355137,-8.06324,-7.91311,0.507,0.505955,-0.054658,2.97026,27.5388
2.16921e+07,-0.181487,-1.27597,10.2659,-7.08399,-3.57922,-3.90756,-3.51073,-1.00507,3.9559,0.447397,3.8204,-6.24645,-6.19838,0.504,0.503976,-0.0577953,2.9697,27.5329
2.17121e+07,-0.54493,0.491809,9.2481,3.03883,-1.48762,-0.451068,-1.46348,-3.36742,2.7956,-1.12271,2.70348,-7.49836,-7.4886,0.504,0.502775,-0.0614501,2.96883,27.5741
2.17321e+07,0.0663179,0.633905,10.9905,3.30097,-3.53342,-0.579092,-3.47646,0.345152,4.15438,-0.361364,4.05299,-8.30752,-8.15882,0.504,0.503038,-0.0526807,2.96901,27.5594
2.17521e+07,-0.0454754,-0.931564,10.0146,-5.31432,-8.1441,-3.1932,-8.02156,-0.259054,3.69636,0.0269306,3.58453,-8.17011,-8.06468,0.502,0.502042,-0.0494939,2.9697,27.5506
2.17721e+07,0.959461,0.306361,9.92316,1.76015,3.62689,0.0157534,3.51791,5.5201,-1.95249,1.46767,-1.94178,-7.98691,-7.84866,0.502,0.501158,-0.0390758,2.97052,27.5329
2.17921e+07,-0.771825,0.67244,10.0891,3.80207,1.55055,-0.0483808,1.50859,-4.36503,-4.39524,-1.83044,-4.36967,-7.8953,-7.81893,0.502,0.501204,-0.0277925,2.97011,27.5506
2.18121e+07,0.618511,-1.53126,9.04204,-9.58979,-3.13647,-6.66619,-3.08092,3.85839,-1.43341,1.67805,-1.45828,-7.16248,-7.0882,0.502,0.500068,-0.0293651,2.96956,27.5359
2.18331e+07,-0.193738,-0.151238,9.66463,-0.896345,-0.403646,-1.04133,-0.423797,-1.14826,0.780331,0.161419,0.700563,-6.90294,-6.83951,0.502,0.501358,-0.0279302,2.96929,27.5329
2.18541e+07,-0.515887,-0.90748,10.0649,-5.14528,-9.04487,-2.78114,-8.89762,-2.92234,3.07041,-0.0651675,2.94738,-7.43729,-7.39822,0.502,0.5012,-0.0337462,2.97038,27.5565
2.18741e+07,-0.411261,0.67244,8.90163,4.3154,-2.46472,2.95359,-2.46576,-2.63771,0.749797,-1.68869,0.691379,-6.24645,-6.19636,0.501,0.500404,-0.0440631,2.97083,27.5712
2.1894e+07,-0.442336,0.79286,10.7561,4.21224,-4.70899,-0.0432879,-4.63756,-2.34855,0.780331,-0.932022,0.721409,-6.12431,-6.09858,0.501,0.500207,-0.0395313,2.97142,27.5418
2.19141e+07,0.267281,-0.750933,9.53981,-4.49904,-7.33494,-3.43732,-7.2197,1.59992,3.39102,0.200696,3.29708,-7.20828,-7.1276,0.501,0.500139,-0.0424111,2.9703,27.5094
2.19351e+07,1.14826,-0.281292,9.00797,-1.77425,-1.28914,-0.00823939,-1.33145,7.26093,4.03224,2.02567,3.94345,-7.07087,-7.01561,0.499,0.498602,-0.0463304,2.97058,27.5359
2.19551e+07,0.12126,0.556836,8.99121,3.54355,-0.205173,0.962379,-0.244611,0.771193,1.75743,0.447219,1.68935,-8.10904,-7.99048,0.499,0.49836,-0.050669,2.97119,27.5241
2.19751e+07,0.0972112,1.16857,9.71635,6.85761,-2.55632,1.78982,-2.5398,0.569119,2.96354,0.541387,2.86329,-7.31515,-7.19404,0.499,0.498278,-0.0480335,2.97142,27.5594
2.19951e+07,-0.678338,-0.625695,11.0817,-3.22558,-9.42655,-1.82029,-9.28621,-3.49729,2.30705,-0.444924,2.19426,-7.05561,-7.0074,0.499,0.498341,-0.0456463,2.97199,27.5594
2.20151e+07,0.613763,-1.63,9.51436,-9.70178,-7.8693,-4.1127,-7.7643,3.63813,2.7956,1.64209,2.68774,-7.17774,-7.06965,0.499,0.498019,-0.0395567,2.97117,27.5182
2.20361e+07,-0.394249,-0.394488,10.4313,-2.16422,-5.64029,-0.702639,-5.57799,-2.16291,-0.94486,-1.1458,-0.976079,-6.49072,-6.45116,0.499,0.49857,-0.0213517,2.97209,27.53
2.20561e+07,-0.678552,0.144997,10.2638,0.807601,-6.02197,-0.379339,-5.93664,-3.782,0.13911,-2.16309,0.0975783,-7.25408,-7.16195,0.497,0.497382,-0.0130982,2.97169,27.5241
2.20761e+07,-0.585467,0.29191,10.9929,1.51895,-5.35021,-1.60342,-5.24915,-3.04755,2.09331,-1.51323,2.01469,-7.88003,-7.73987,0.497,0.49632,-0.00802159,2.97123,27.5506
2.20961e+07,-0.0668582,-1.31932,9.84784,-7.63033,-6.47998,-4.49303,-6.37312,-0.385538,4.33758,-0.173988,4.21882,-5.72736,-5.68923,0.497,0.496143,-0.00885348,2.97214,27.5065
2.21164e+07,0.911834,-0.158463,8.30085,-1.0871,1.41315,-0.868392,1.35512,6.26757,2.59712,2.79287,2.51054,-6.55179,-6.46414,0.499,0.497427,-0.01268,2.98608,27.5506
2.21581e+07,-0.217261,-1.43251,9.53439,-8.54243,-7.77769,-3.16195,-7.66607,-1.29089,-1.79982,-0.0194701,-1.83602,-6.26171,-6.22012,0.499,0.498344,-0.0211764,2.98457,27.5624
2.21781e+07,0.0854815,0.414739,8.4022,2.82573,-5.31968,0.355351,-5.26142,0.582181,-2.33417,0.332044,-2.34404,-6.58232,-6.5032,0.499,0.498415,-0.0276198,2.98363,27.5065
2.21981e+07,-0.287194,1.03611,10.1391,5.83246,-4.87693,1.16839,-4.82029,-1.61409,-1.0212,-0.501222,-1.05198,-6.39912,-6.32743,0.499,0.498443,-0.0283343,2.98274,27.5653
2.22181e+07,0.145199,0.33767,9.13329,2.11707,-3.67082,0.125528,-3.64842,0.910177,1.40629,-0.225572,1.35332,-6.62813,-6.52023,0.499,0.498572,-0.0312219,2.98257,27.5388
2.22391e+07,0.396467,-1.62278,10.0369,-9.17715,-7.67082,-4.16428,-7.56542,2.2331,5.46735,0.498642,5.33405,-4.99454,-4.96449,0.5,0.498914,-0.0259036,2.98257,27.5624
2.22591e+07,-0.527833,-0.880987,11.0004,-4.57361,-3.06013,-2.15564,-3.02354,-2.73836,5.57422,-1.399,5.43232,-4.85713,-4.83478,0.5,0.499388,-0.0156824,2.98216,27.48
2.22791e+07,0.16233,-1.15795,9.81703,-6.72625,-3.35021,-3.51715,-3.3012,0.940808,4.90247,-0.458678,4.78485,-5.49836,-5.43545,0.5,0.499332,-0.0116176,2.981,27.5241
2.22991e+07,0.570303,0.092012,9.65723,0.544936,1.41315,-0.168378,1.35113,3.37949,1.02461,0.133019,0.982385,-5.34568,-5.27158,0.502,0.50102,0.00254859,2.98092,27.5359
2.23191e+07,-0.384898,0.32322,9.70591,1.90582,-2.84639,0.64423,-2.83818,-2.26967,-2.59371,-1.89354,-2.57814,-4.41439,-4.42787,0.502,0.501601,0.0136334,2.98067,27.5006
2.23391e+07,-0.702255,-0.488416,9.89245,-2.81946,-10.7395,-2.50312,-10.558,-4.05563,-1.75402,-1.4534,-1.78542,-5.69683,-5.64995,0.502,0.50158,0.018994,2.97993,27.5359
2.23591e+07,-0.189129,0.446049,10.9334,2.33584,-5.36548,-0.637376,-5.28511,-0.990193,-2.2731,-1.21838,-2.26681,-5.92584,-5.81392,0.502,0.50167,0.0243907,2.97872,27.5271
2.23791e+07,-0.518588,0.219658,9.70824,1.2943,-2.47998,-0.524482,-2.46235,-3.0569,-1.50975,-1.84449,-1.52201,-5.34568,-5.27459,0.502,0.501855,0.0245983,2.97866,27.5329
2.2399e+07,0.150546,-1.71912,9.23446,-10.5443,-5.42655,-7.44003,-5.32725,0.918219,5.11621,-0.151673,4.99322,-5.02507,-4.95649,0.502,0.50011,0.0162342,2.9781,27.5329
2.24191e+07,-0.105217,-0.767792,10.6014,-4.14214,-1.39601,-2.0544,-1.38851,-0.567147,6.47499,-0.0982115,6.31478,-5.88003,-5.77949,0.504,0.503177,0.0222975,2.97816,27.5359
2.24391e+07,0.0142942,-1.19649,9.07396,-7.51166,-4.23571,-3.29034,-4.17693,0.0894835,5.07041,-0.0460004,4.93778,-6.47545,-6.36346,0.504,0.50364,0.0110961,2.97814,27.5624
2.2459e+07,0.572923,-0.743708,8.83678,-4.80067,-0.464715,-1.53294,-0.512653,3.69649,1.74216,0.581786,1.68175,-5.40675,-5.38222,0.504,0.503662,0.00435472,2.97769,27.5418
2.24791e+07,-0.582753,-0.883395,9.12959,-5.51568,-5.27388,-2.3088,-5.21175,-3.63537,-0.013562,-1.43241,-0.0735121,-4.50599,-4.49385,0.505,0.504327,0.00183223,2.97727,27.5329
2.24991e+07,1.02184,-0.741299,9.43708,-4.46547,-4.46472,-1.57511,-4.44043,6.16101,0.0169723,1.85864,-0.0191428,-5.81897,-5.72027,0.505,0.504509,-0.00186062,2.97686,27.5153
2.25391e+07,-0.248745,0.159448,9.31616,0.980182,-1.42655,-0.535004,-1.43138,-1.52923,1.49789,-1.64423,1.4519,-4.27698,-4.2758,0.508,0.506816,0.0132265,2.97661,27.53
2.25591e+07,0.188057,0.780818,10.0884,4.42497,5.56582,1.12262,5.43666,1.06474,5.45209,-0.712278,5.33772,-5.68156,-5.54359,0.508,0.507684,0.0215513,2.97607,27.5506
2.25791e+07,-0.924521,0.219658,11.3088,1.10905,-1.71662,-2.86104,-1.64759,-4.67278,6.07804,-2.15831,5.93849,-4.65866,-4.61071,0.508,0.506625,0.0198782,2.97531,27.5124
2.25991e+07,-0.246268,-0.160871,9.6243,-0.957304,-1.9609,-1.42126,-1.93993,-1.46557,5.52842,-1.31148,5.40683,-5.19301,-5.1018,0.508,0.507672,0.0223084,2.97449,27.5035
2.26191e+07,-0.955662,0.578512,10.3122,3.19723,0.741392,-0.129455,0.73126,-5.28636,0.322316,-3.00833,0.291795,-5.46782,-5.40018,0.508,0.507463,0.022708,2.97355,27.5329
2.26391e+07,-0.749955,-0.690722,9.79483,-4.02204,-4.0525,-2.02031,-3.98916,-4.36759,-0.0288293,-2.74048,-0.0647477,-6.36858,-6.26228,0.508,0.507255,0.0183471,2.97334,27.5359
2.26591e+07,-0.652282,0.130547,11.2182,0.665598,-5.36548,-1.56633,-5.26379,-3.32749,0.0933082,-1.85091,0.0488599,-6.12431,-6.08097,0.509,0.508153,0.0223607,2.97296,27.5447
2.26791e+07,-0.0908906,-0.765383,9.25281,-4.72846,-9.30441,-3.21966,-9.15976,-0.560884,2.9788,-0.668527,2.88961,-6.8724,-6.74488,0.509,0.508542,0.0136174,2.97243,27.5476
2.26991e+07,0.888131,-0.789467,9.42525,-4.76695,-0.464715,-3.06734,-0.480573,5.36435,7.26888,2.23641,7.10069,-6.04797,-5.90628,0.509,0.507353,0.00176943,2.97261,27.5182
2.27191e+07,-0.477577,-1.28319,9.58471,-7.61603,2.22231,-3.72782,2.16685,-2.82733,7.57422,-1.18324,7.3999,-5.17774,-5.16275,0.51,0.508957,0.000714461,2.97202,27.53
2.27392e+07,-0.859837,-0.543809,10.8659,-2.85619,0.451316,-2.55904,0.463541,-4.51884,6.99407,-2.06357,6.8248,-7.11668,-6.98586,0.51,0.509334,0.00253404,2.97069,27.5476
2.27591e+07,-0.422964,-0.175322,9.48909,-1.05743,4.9246,-1.02133,4.81501,-2.55176,3.60476,-1.62257,3.50832,-6.04797,-5.98334,0.51,0.509472,0.000856397,2.97096,27.5359
2.27791e+07,0.121296,0.424373,10.0024,2.42926,0.451316,0.304539,0.421673,0.694151,3.39102,-0.941212,3.31147,-5.34568,-5.2944,0.51,0.509579,0.00249095,2.97121,27.53
2.27991e+07,0.484608,-0.868945,8.90076,-5.56769,-3.77769,-3.11366,-3.74763,3.10171,3.51316,0.0299417,3.43106,-5.88003,-5.82242,0.51,0.509218,0.00357055,2.97102,27.5565
2.28191e+07,0.290707,0.877155,9.96026,5.03066,-2.9838,0.512911,-2.95197,1.66536,1.28415,-0.0259193,1.23437,-7.34568,-7.21732,0.51,0.50942,-0.000158096,2.97076,27.5506
2.28391e+07,0.157093,0.501442,8.5756,3.34589,1.30628,0.396267,1.24875,1.04767,-0.792188,-0.437868,-0.800858,-7.37622,-7.25149,0.511,0.510292,-0.00395532,2.96975,27.5035
2.28601e+07,-0.912812,1.05056,9.54372,6.25345,2.60399,0.868128,2.55699,-5.43085,-2.85326,-2.43886,-2.85397,-6.67393,-6.61802,0.511,0.510254,-0.00926734,2.96973,27.53
2.28801e+07,-0.382166,-0.912296,9.45939,-5.50431,0.436048,-2.52804,0.412351,-2.30286,0.856667,-0.686288,0.784871,-5.8495,-5.82875,0.511,0.510461,-0.0211707,2.96919,27.5476
2.29e+07,-0.540003,-0.0524928,10.2705,-0.292433,-0.70899,-1.21922,-0.689944,-3.00969,5.9559,-1.28636,5.79974,-7.37622,-7.2642,0.511,0.510523,-0.0283421,2.96953,27.48
2.29201e+07,0.374803,-0.998999,9.17131,-6.21138,-4.06777,-3.39956,-4.00571,2.32645,7.49789,0.600953,7.3386,-7.28462,-7.16042,0.511,0.5103,-0.0391386,2.96951,27.5271
2.29401e+07,0.319525,0.289502,9.36574,1.76946,-0.586852,0.274226,-0.609408,1.95303,6.87193,0.217846,6.72152,-8.13958,-7.97449,0.511,0.51046,-0.0431299,2.96848,27.5271
2.29601e+07,0.885567,-0.158463,8.32224,-1.08471,0.0849034,-1.2125,0.0422801,6.07288,3.11621,2.21403,3.03588,-6.79607,-6.73147,0.513,0.511502,-0.0427634,2.96835,27.5241
2.29801e+07,-0.00037294,0.0269849,10.764,0.143638,-6.31204,-1.10753,-6.21962,-0.00198512,0.902468,-0.173513,0.841427,-7.78843,-7.65915,0.513,0.512323,-0.0289881,2.96822,27.5388
2.30001e+07,0.0618287,-0.396896,10.1863,-2.23128,-1.97617,-1.84619,-1.95914,0.347504,-1.17387,-0.700414,-1.18287,-6.84187,-6.75373,0.513,0.512494,-0.0215078,2.96777,27.53
2.30201e+07,-1.38062,0.313586,11.3141,1.57594,1.47422,-1.60137,1.4708,-6.95458,-0.868524,-3.43838,-0.899132,-6.58232,-6.51676,0.51,0.509552,-0.0214969,2.96767,27.5565
2.30403e+07,-0.260263,-1.35785,9.69836,-7.96725,5.74903,-5.38056,5.65725,-1.52236,3.13148,-1.59945,3.04793,-4.46019,-4.47114,0.51,0.508543,-0.0239687,2.96724,27.5212
2.30611e+07,-0.0552752,-0.0380423,9.95909,-0.218857,2.32918,-0.764042,2.27286,-0.317999,7.71163,-1.29637,7.55306,-5.7121,-5.65922,0.51,0.509243,-0.0157898,2.96624,27.4976
2.3082e+07,-0.964843,-0.753341,10.614,-4.0432,-11.7777,-3.02129,-11.5752,-5.18111,7.58949,-1.7011,7.40505,-6.88767,-6.8049,0.51,0.508962,-0.0175255,2.9663,27.53
2.31021e+07,0.128828,-0.900254,8.77756,-5.85533,-4.75479,-3.68051,-4.70177,0.836482,1.02461,0.188136,0.971169,-5.36095,-5.35258,0.51,0.508441,-0.0209253,2.96577,27.53
2.31221e+07,-0.119562,-0.702764,9.62094,-4.17744,-1.47235,-2.59488,-1.4642,-0.710102,-0.547913,-0.398401,-0.596039,-6.64339,-6.57123,0.51,0.5093,-0.019321,2.96628,27.5271
2.31422e+07,0.792829,-1.55293,8.48154,-10.3316,2.57345,-5.07385,2.51096,5.25349,-0.929593,1.57991,-0.955096,-5.49836,-5.36628,0.51,0.508418,-0.0274018,2.96567,27.5182
2.31631e+07,0.00426883,0.508668,9.67976,3.0081,8.58872,-1.01686,8.45337,0.025233,-0.593715,-0.77116,-0.620297,-6.97927,-6.85597,0.51,0.508726,-0.0238072,2.96534,27.4918
2.31831e+07,-0.573449,0.00771757,9.12626,0.0483564,5.65742,-2.04567,5.57294,-3.59546,1.03987,-2.32524,0.996797,-5.46782,-5.44188,0.51,0.508877,-0.0229763,2.96468,27.48
2.32031e+07,-0.6286,0.836212,10.6448,4.48393,0.665056,0.0488434,0.653874,-3.36918,5.78796,-2.24555,5.65945,-5.81897,-5.71062,0.51,0.509063,-0.0174027,2.96508,27.5006
2.32231e+07,-0.642358,-1.21094,10.6652,-6.46605,-6.84639,-3.92956,-6.73733,-3.42476,6.26125,-2.07345,6.12088,-4.49072,-4.51696,0.51,0.508906,-0.00935688,2.96503,27.48
2.32431e+07,-0.133876,-0.748524,10.3664,-4.12964,-6.18991,-3.08993,-6.08866,-0.737982,8.42919,-1.19723,8.24816,-6.36858,-6.26657,0.51,0.509172,-0.00488016,2.96406,27.4829
2.32631e+07,-0.269691,-1.801,9.42463,-10.8142,-5.59449,-5.6537,-5.505,-1.60999,5.48262,-1.07321,5.35214,-6.20065,-6.12484,0.511,0.509537,-0.00467669,2.96415,27.4947
2.32831e+07,0.653925,-0.0813937,9.4432,-0.492657,6.43605,-2.0211,6.31531,3.96116,2.24598,0.255834,2.18937,-5.20828,-5.14035,0.511,0.509548,-8.10881e-05,2.9644,27.4712
2.33031e+07,-0.0288817,-0.495641,9.23657,-3.07157,7.38261,-2.49579,7.23931,-0.1789,-2.65478,-0.803861,-2.63861,-3.7121,-3.74439,0.511,0.51018,0.0046006,2.96422,27.4918
2.33231e+07,-0.363318,0.00290074,9.71725,0.0170917,5.84063,-1.08565,5.73278,-2.14123,-1.14333,-1.22652,-1.17817,-5.33042,-5.27951,0.509,0.508925,-0.000385585,2.96446,27.5212
2.33431e+07,-0.661758,-0.141604,9.72915,-0.831938,-1.28914,-2.0552,-1.26919,-3.89074,-0.83799,-1.62818,-0.867868,-6.6892,-6.61301,0.509,0.508383,-0.00504773,2.96504,27.4535
2.33631e+07,-0.208284,0.636314,9.74188,3.73625,-2.47998,-0.382426,-2.43525,-1.22221,5.02461,-0.505188,4.88715,-6.85713,-6.74402,0.509,0.50835,-0.0121493,2.96516,27.4918
2.33831e+07,0.510601,0.113688,8.98304,0.723918,-0.770058,-1.06131,-0.772187,3.25296,3.7269,1.0967,3.63313,-6.12431,-6.06131,0.511,0.510077,-0.0164246,2.96511,27.4976
2.3403e+07,-0.162423,-1.13628,10.3848,-6.24357,-2.84639,-3.73444,-2.79594,-0.890743,3.46735,-0.665074,3.35428,-5.43729,-5.38221,0.511,0.51022,-0.0168268,2.96506,27.5065
2.34231e+07,0.41094,-2.1454,9.19319,-13.1233,-2.11357,-6.31428,-2.08637,2.49256,-0.731119,0.520296,-0.760492,-5.91057,-5.81886,0.511,0.509319,-0.0231697,2.96484,27.4947
2.34431e+07,0.321797,0.706158,9.72966,4.14886,7.79483,1.77832,7.6503,1.88933,-4.47158,1.78851,-4.46702,-6.75026,-6.68256,0.511,0.51,-0.0230985,2.96532,27.4947
2.34631e+07,0.14763,0.181123,8.8505,1.17222,6.06964,-1.07307,5.95098,0.95543,-5.81509,-0.365907,-5.74757,-5.31515,-5.29743,0.511,0.510248,-0.0221943,2.96509,27.4947
2.34831e+07,-0.910418,1.02648,10.7403,5.43993,2.9246,-0.13597,2.87498,-4.82331,-3.00593,-2.9973,-2.98983,-5.19301,-5.15674,0.511,0.509742,-0.0134878,2.96445,27.5006
2.35031e+07,-0.630203,-1.98645,10.4693,-10.7246,-4.8922,-7.89808,-4.79545,-3.38454,2.42919,-2.89922,2.36267,-3.65103,-3.6199,0.512,0.508696,-0.009446,2.96452,27.4947
2.35231e+07,-0.212441,-1.59147,11.1581,-8.11584,2.14597,-5.787,2.131,-1.07981,8.26125,-1.48692,8.08215,-5.39149,-5.27511,0.512,0.509746,0.00656601,2.96424,27.4976
2.35431e+07,-0.34597,-2.27305,9.84892,-12.9881,2.63452,-7.50441,2.61995,-1.96035,9.36048,-1.7521,9.17393,-4.61286,-4.57505,0.512,0.509305,0.0119469,2.96398,27.4829
2.35631e+07,0.412859,-0.461923,9.29797,-2.84132,10.3902,-3.34656,10.2331,2.53932,6.39865,1.19466,6.25349,-5.23881,-5.18639,0.512,0.510673,0.0167527,2.96349,27.5153
2.35831e+07,0.00951587,-1.18686,8.89117,-7.60329,5.12307,-4.91715,5.03566,0.0607823,-1.93723,-0.362984,-1.93729,-4.56706,-4.55953,0.512,0.510637,0.0167324,2.96335,27.5006
2.36031e+07,-0.48735,-0.483599,10.1606,-2.72185,-1.01433,-2.74888,-0.994353,-2.74298,-5.12807,-1.11433,-5.1029,-4.67393,-4.6419,0.512,0.511244,0.0172156,2.9628,27.5065
2.36231e+07,-0.129246,-0.225899,8.87383,-1.45809,-4.83113,-2.77341,-4.75788,-0.834175,-6.34944,-0.021006,-6.29889,-4.24645,-4.23487,0.513,0.511989,0.0134586,2.96253,27.4565
2.36431e+07,-0.349101,0.400289,9.67277,2.36818,-3.36548,-1.24821,-3.31401,-2.06521,-2.67005,-1.29166,-2.67702,-5.36095,-5.30254,0.513,0.512257,0.0120853,2.96235,27.5065
2.36631e+07,0.377096,-0.657005,8.23641,-4.55598,2.31391,-3.81952,2.2652,2.61311,0.902468,0.259742,0.853681,-4.99454,-4.9317,0.513,0.511753,0.00413999,2.96202,27.4712
2.36831e+07,0.345851,0.0751532,9.33688,0.460852,7.9475,-3.13049,7.83823,2.12127,5.6811,0.102173,5.55418,-5.98691,-5.87306,0.516,0.513904,0.0100765,2.96187,27.4888
2.37031e+07,-0.270247,0.200391,8.95299,1.28163,9.71849,-1.64923,9.57382,-1.72852,3.43682,-0.443585,3.33861,-5.8953,-5.80172,0.516,0.515119,0.00122553,2.96198,27.4741
2.37231e+07,-0.294432,1.30344,9.84511,7.53848,11.9017,0.575616,11.7133,-1.69819,1.05514,-0.932179,1.00316,-5.33042,-5.27286,0.516,0.514903,-0.00733181,2.96167,27.4741
2.37431e+07,-0.711583,-1.29042,9.59914,-7.63569,-7.33494,-3.89291,-7.20849,-4.20191,0.200178,-1.82496,0.147195,-4.46019,-4.43955,0.516,0.514861,-0.00791962,2.9623,27.4888
2.37831e+07,-0.0359482,-0.844861,9.71324,-4.97106,-8.1441,-4.84172,-7.98774,-0.21125,0.719262,0.0522415,0.651244,-6.09378,-5.98516,0.516,0.514312,-0.012007,2.96159,27.4712
2.38031e+07,0.470338,-1.07607,10.5149,-5.83736,5.8559,-4.28317,5.75405,2.54788,-1.2044,0.773921,-1.23512,-4.50599,-4.47403,0.516,0.514101,-0.00813524,2.96188,27.4565
2.38231e+07,-0.0285048,-1.85158,9.25814,-11.3096,10.0849,-5.91965,9.92649,-0.172981,-1.18913,-0.387127,-1.22455,-5.86477,-5.76907,0.516,0.514366,-0.00722908,2.96199,27.4712
2.38431e+07,-0.649632,-0.813551,10.6279,-4.36926,10.146,-3.39392,10.0065,-3.48768,-1.28074,-1.48677,-1.31402,-5.63576,-5.5562,0.516,0.514982,-0.00168274,2.96176,27.4712
2.38631e+07,-0.167462,-0.187364,8.47031,-1.26693,7.96277,-2.46323,7.83801,-1.13234,1.80323,-0.99697,1.73639,-5.02507,-4.965,0.515,0.514153,-0.00672787,2.96062,27.4447
2.38841e+07,-0.571311,0.903647,10.0228,5.14352,1.9017,0.107299,1.86727,-3.24925,3.7727,-1.65994,3.67613,-4.49072,-4.51648,0.515,0.514198,-0.00583014,2.9602,27.4918
2.39041e+07,0.46743,0.797677,9.15987,4.97055,1.07727,0.362326,1.03286,2.91028,3.83377,0.805793,3.73982,-5.77316,-5.71288,0.515,0.514106,-0.0152207,2.96006,27.4859
2.39241e+07,-0.80022,-0.259616,10.8331,-1.36911,-5.64029,-3.14261,-5.52755,-4.22345,-1.34181,-1.63915,-1.36471,-5.91057,-5.87148,0.515,0.513792,-0.0162875,2.95984,27.4565
2.39441e+07,0.675456,-0.225899,9.28151,-1.39055,2.32918,-2.53307,2.28878,4.1611,-4.39524,1.60583,-4.36969,-8.71973,-8.5246,0.515,0.514022,-0.0229272,2.95989,27.4712
2.39641e+07,-0.30816,-0.852086,10.269,-4.7412,6.19177,-3.81826,6.09365,-1.71297,-6.51738,-0.859505,-6.46086,-5.22355,-5.15939,0.515,0.513975,-0.0250077,2.95883,27.4712
2.39841e+07,0.544491,-1.5433,8.98985,-9.72362,5.22994,-5.20731,5.1383,3.41617,-1.99829,0.844667,-2.01878,-6.13958,-6.04081,0.514,0.512772,-0.0331921,2.95884,27.4388
2.40041e+07,-0.0979396,-1.17722,8.84854,-7.57775,-0.724257,-4.34862,-0.707847,-0.628611,0.933003,0.381489,0.850486,-4.30752,-4.32755,0.514,0.512602,-0.0345709,2.95911,27.4771
2.40241e+07,0.274361,-0.449881,9.99851,-2.57531,-0.0677683,-2.54487,-0.0844434,1.57023,5.6811,0.65254,5.54028,-5.74263,-5.65712,0.514,0.513134,-0.0306426,2.95944,27.4594
2.40441e+07,-0.690507,0.200391,10.0954,1.13451,-2.41891,-2.30908,-2.35744,-3.91208,2.41392,-0.963479,2.32549,-5.13194,-5.10234,0.512,0.511147,-0.0382297,2.96027,27.4653
2.40642e+07,0.422116,0.597779,9.80775,3.48463,4.9704,-1.12637,4.88619,2.45988,-0.700585,0.816701,-0.724191,-6.67393,-6.55496,0.512,0.510664,-0.0438078,2.95801,27.4712
2.40851e+07,-0.131347,-1.2567,10.4748,-6.84076,1.13834,-5.53013,1.13417,-0.713301,-2.89906,-0.151236,-2.90493,-5.81897,-5.75424,0.512,0.510185,-0.0377598,2.95807,27.4624
2.4106e+07,-1.03922,0.525527,10.4998,2.85142,5.45895,-1.96893,5.40372,-5.64545,-8.31891,-1.61035,-8.24245,-4.59759,-4.60941,0.508,0.506853,-0.0463076,2.95845,27.4594
2.41261e+07,0.25507,0.229292,10.4175,1.26051,5.18414,-2.29655,5.11372,1.40225,-2.88379,0.510238,-2.88503,-5.37622,-5.308,0.508,0.506448,-0.0441571,2.95924,27.48
2.41461e+07,0.422586,-1.09293,10.4698,-5.95461,3.73376,-2.97242,3.65371,2.29886,0.933003,0.396085,0.875767,-4.62813,-4.63576,0.508,0.507001,-0.0340493,2.95932,27.4594
2.41665e+07,0.928907,-1.44937,9.2722,-8.84068,3.52002,-5.24033,3.44482,5.65273,3.16201,1.85994,3.06827,-6.09378,-5.97178,0.502,0.500917,-0.0399375,2.99205,27.4388
2.41871e+07,-0.37034,-0.507683,10.83,-2.68236,1.67269,-3.0417,1.64529,-1.95637,1.26888,-0.964215,1.2026,-5.16248,-5.11091,0.502,0.500733,-0.0196893,2.9899,27.4594
2.42071e+07,-0.98159,-0.640146,10.8659,-3.35795,-0.693722,-3.60914,-0.662099,-5.15302,-0.731119,-2.33763,-0.765285,-5.11668,-5.06269,0.502,0.500814,-0.00226786,2.98852,27.4329
2.42271e+07,-0.217656,-0.0115497,11.3529,-0.0582782,0.832995,-3.1682,0.854325,-1.09832,-2.1357,-0.471235,-2.14778,-5.74263,-5.67633,0.501,0.499734,0.0137285,2.98739,27.4447
2.42471e+07,-0.117094,-0.991774,10.1309,-5.59082,-0.724257,-4.28121,-0.703808,-0.659048,-2.0441,-0.252026,-2.0621,-5.13194,-5.09656,0.501,0.500116,0.023962,2.98597,27.43
2.42671e+07,0.995628,-0.950831,9.69793,-5.57056,4.25284,-4.58684,4.18148,5.8339,-1.76929,2.34464,-1.78977,-5.60523,-5.53279,0.501,0.498576,0.0207163,2.98412,27.4388
2.42871e+07,-0.140918,-1.18686,9.11448,-7.41824,1.44368,-4.33732,1.41173,-0.87836,-2.15097,-0.143262,-2.17413,-4.70446,-4.6924,0.502,0.500663,0.0244013,2.98245,27.4565
2.43071e+07,-0.0265019,-0.46674,10.0391,-2.66188,1.35208,-2.56477,1.33225,-0.15109,-0.166234,-0.264934,-0.21737,-5.39149,-5.30599,0.502,0.501512,0.0255397,2.98069,27.4182
2.43271e+07,-0.587799,0.0896036,9.57988,0.534884,4.22231,-2.19618,4.16414,-3.51098,-1.09753,-0.738423,-1.14206,-5.33042,-5.30223,0.502,0.501143,0.0186528,2.9796,27.4329
2.43471e+07,0.391166,0.267826,9.72652,1.57601,6.71086,-1.69176,6.60678,2.30212,0.00170517,1.0303,-0.0452432,-6.26171,-6.16603,0.503,0.502011,0.0179177,2.97875,27.4476
2.43671e+07,0.477322,-0.428205,8.816,-2.77669,6.75666,-3.04188,6.63349,3.09548,-0.318906,1.3311,-0.352864,-6.01744,-5.96053,0.503,0.502114,0.0163692,2.97768,27.4476
2.43871e+07,0.603948,-0.681089,9.70345,-4.0073,-1.13647,-3.67052,-1.09931,3.55281,0.215446,1.80836,0.157801,-7.04034,-6.93387,0.503,0.50198,0.00900381,2.977,27.4035
2.4407e+07,0.0310299,-1.27115,9.32075,-7.76596,-3.68609,-5.28307,-3.61582,0.188994,-4.10517,0.991638,-4.1045,-6.49072,-6.41966,0.506,0.504213,0.00729134,2.97636,27.4212
2.44271e+07,-1.00075,-0.418572,10.4484,-2.28365,-4.78533,-3.49068,-4.67292,-5.46678,-6.99066,-1.14897,-6.95721,-6.32278,-6.22224,0.506,0.504582,0.00108069,2.97499,27.4359
2.44471e+07,0.281671,-0.974915,8.49715,-6.54161,4.40551,-3.80899,4.30702,1.88623,-8.57845,1.5248,-8.50085,-6.97927,-6.90904,0.506,0.504918,-0.00793652,2.97377,27.4124
2.4467e+07,-0.0219405,0.303952,9.45153,1.84194,10.0238,-0.233514,9.83428,-0.132936,-7.00593,-0.173604,-6.94662,-6.64339,-6.58073,0.506,0.505551,-0.0144246,2.97295,27.4418
2.44871e+07,-0.95281,-1.09293,10.4686,-5.93574,1.15361,-4.41159,1.15647,-5.17253,-4.73112,-1.76703,-4.71598,-6.17011,-6.15089,0.506,0.504816,-0.0160902,2.97251,27.43
2.45071e+07,0.353298,-0.946014,10.6078,-5.09339,0.710858,-4.33127,0.71507,1.90002,2.38338,1.23299,2.27555,-6.50599,-6.45755,0.506,0.504624,-0.01725,2.97192,27.4094
2.45271e+07,0.63049,-1.67576,9.12964,-10.3768,-0.357845,-5.53577,-0.356811,3.88584,3.92537,2.17098,3.79734,-7.7121,-7.61527,0.506,0.504277,-0.0167726,2.97178,27.4124
2.45471e+07,0.33623,0.32322,11.2509,1.64482,4.29864,-0.419233,4.22253,1.71105,1.28415,1.82576,1.20053,-6.52126,-6.46945,0.506,0.505167,0.00313103,2.97089,27.4329
2.45671e+07,0.317472,-0.914705,9.8529,-5.30118,4.14597,-4.51872,4.08908,1.8376,-0.853257,0.716273,-0.887168,-8.46019,-8.26521,0.506,0.504863,0.0108632,2.97013,27.4653
2.45871e+07,-0.542177,-0.820777,10.0129,-4.67936,2.63452,-4.33444,2.63236,-3.08909,-4.65478,-0.62579,-4.64079,-7.23881,-7.15231,0.506,0.504609,0.0127728,2.96941,27.4212
2.46071e+07,0.95245,-0.242757,8.79215,-1.57238,13.2299,-0.92647,12.9685,6.18039,-2.92959,1.71535,-2.91594,-8.71973,-8.6087,0.506,0.505327,0.0176988,2.9694,27.4359
2.46271e+07,0.279041,-0.105478,8.19939,-0.736592,5.55055,-1.53802,5.44943,1.94897,-4.15097,1.14904,-4.13202,-8.06324,-7.95458,0.506,0.505566,0.010277,2.96838,27.4271
2.46471e+07,-0.747688,-0.257208,9.98546,-1.4714,-5.16701,-2.67011,-5.06002,-4.28077,-3.57081,-0.866866,-3.57672,-7.98691,-7.88034,0.504,0.50349,-0.0007046,2.96757,27.4124
2.46671e+07,1.12681,-0.42098,8.40471,-2.84208,2.37498,-1.07341,2.28216,7.62661,1.17728,2.19529,1.12862,-8.38385,-8.23757,0.504,0.503016,-0.00372827,2.96673,27.4065
2.46871e+07,-0.0576242,-0.17773,8.91421,-1.14218,2.69559,-2.02572,2.63671,-0.370299,0.13911,0.129716,0.0903602,-9.16248,-9.03251,0.504,0.503346,-0.00329528,2.96617,27.4006
2.47071e+07,-0.903011,0.149814,11.2731,0.758959,2.43605,-2.87226,2.42099,-4.5794,-1.296,-0.960723,-1.33303,-8.09378,-8.00892,0.505,0.503466,0.0103236,2.9659,27.4212
2.47271e+07,1.17735,-1.84435,9.39719,-11.0201,6.37498,-6.65752,6.27851,7.0089,2.09331,2.90375,2.00815,-8.10904,-8.02107,0.505,0.502331,0.0165198,2.9659,27.4329
2.47471e+07,0.109798,-1.16036,8.91249,-7.41735,7.12307,-4.61627,7.0081,0.699915,-2.68532,1.3563,-2.70775,-8.20065,-8.11778,0.505,0.503445,0.0235998,2.96573,27.4153
2.47671e+07,-0.540109,0.330445,9.44252,2.001,6.84826,-0.792461,6.73503,-3.27173,-5.93723,-0.277523,-5.90476,-7.22355,-7.20309,0.506,0.505244,0.0242311,2.96531,27.4241
2.47871e+07,1.1319,-1.53608,8.85402,-9.7643,-2.77006,-5.40819,-2.72229,7.17908,-0.608982,3.12076,-0.658963,-8.79607,-8.62176,0.506,0.504664,0.012899,2.96449,27.4124
2.48071e+07,0.456161,-1.61555,7.77896,-11.713,-5.19754,-5.94404,-5.11712,3.28604,-1.43341,2.21232,-1.47859,-7.88003,-7.80768,0.506,0.504294,-0.0071325,2.96405,27.4682
2.48271e+07,-0.511257,-0.382445,8.94039,-2.44547,-1.62502,-1.90528,-1.6162,-3.26992,-3.14333,-0.716405,-3.15314,-7.33042,-7.32347,0.508,0.507074,-0.00909097,2.96296,27.43
2.48471e+07,1.02191,-1.01104,8.88583,-6.44913,2.29864,-4.20335,2.25818,6.51876,0.719262,3.06001,0.648535,-8.65866,-8.54747,0.508,0.506648,-0.0225984,2.9631,27.4476
2.48671e+07,0.107554,-1.67817,8.81907,-10.7732,1.47422,-5.45074,1.454,0.686407,1.45209,1.19975,1.35461,-8.76553,-8.64058,0.508,0.506499,-0.0315866,2.9629,27.4094
2.48871e+07,0.651383,0.47495,10.4009,2.60945,7.47422,-1.5384,7.35502,3.57989,-0.853257,0.663887,-0.866022,-9.19301,-9.04015,0.509,0.507463,-0.0202646,2.96186,27.3829
2.49081e+07,1.10312,-1.07366,9.26791,-6.56218,1.38261,-4.84681,1.36626,6.74304,-0.654783,3.43392,-0.702255,-8.53652,-8.39928,0.509,0.507081,-0.0227191,2.96138,27.4035
2.49281e+07,0.102772,-1.65409,8.99718,-10.4166,-2.08304,-5.79497,-2.03351,0.643655,-2.96013,1.21691,-2.98613,-7.13194,-7.09175,0.509,0.507101,-0.0253077,2.96135,27.4535
2.49481e+07,0.603648,0.397881,10.3462,2.19858,5.59635,0.308861,5.4933,3.33666,-5.49448,2.5628,-5.47375,-7.34568,-7.27512,0.509,0.508133,-0.0176845,2.96115,27.4006
2.49681e+07,0.365338,-1.30728,9.34889,-7.95419,3.062,-5.30437,3.0208,2.21633,-5.34181,1.09446,-5.31171,-7.68156,-7.56223,0.509,0.507619,-0.0173013,2.96054,27.4447
2.49881e+07,-0.229109,-1.76006,9.3012,-10.7122,3.18414,-6.23542,3.16245,-1.38644,-5.08226,0.605175,-5.08355,-6.44492,-6.39897,0.509,0.506878,-0.0208497,2.95996,27.4094
2.50081e+07,0.307589,0.275051,9.62926,1.63533,7.9475,-1.18967,7.81317,1.82884,-2.02883,1.22919,-2.05048,-7.63576,-7.51629,0.509,0.508061,-0.0245045,2.95992,27.4094
2.50281e+07,-0.721142,-1.26392,9.54221,-7.52405,-6.15937,-4.92175,-6.0306,-4.28457,2.65819,-0.980855,2.54127,-6.76553,-6.74618,0.509,0.507583,-0.0286134,2.95987,27.4182
2.50481e+07,-0.389343,-0.866537,10.0649,-4.91708,-5.94563,-3.09387,-5.84502,-2.20712,2.24598,-0.462153,2.14429,-5.95637,-5.93658,0.509,0.508019,-0.0261445,2.9595,27.38
2.50681e+07,-0.0766787,-0.351136,9.54787,-2.10611,-2.66319,-3.69079,-2.60019,-0.45982,-0.822722,0.714071,-0.870326,-7.92584,-7.7836,0.511,0.509068,-0.0197777,2.95956,27.3859
2.50883e+07,-0.542286,-0.428205,10.7234,-2.2838,-1.09067,-3.33321,-1.0386,-2.8927,-6.60898,0.0453079,-6.57497,-6.79607,-6.7093,0.511,0.509559,-0.014588,2.95742,27.4124
2.51091e+07,1.02188,-0.897846,9.53655,-5.34799,6.81773,-3.54001,6.70413,6.08941,-6.86852,3.07227,-6.82393,-6.99454,-6.8938,0.511,0.509698,-0.0227122,2.957,27.4006
2.51301e+07,1.02668,-0.977324,8.38966,-6.59575,7.42841,-2.87062,7.27292,6.93043,-5.49448,2.90319,-5.45837,-6.35332,-6.31708,0.51,0.509044,-0.0376392,2.95795,27.3712
2.51501e+07,-0.511519,0.561653,9.1817,3.49506,4.49712,0.406798,4.40203,-3.18276,-5.72349,-0.899611,-5.68956,-7.19301,-7.12883,0.51,0.50927,-0.0414416,2.9575,27.3918
2.51701e+07,-0.318298,1.26009,10.3484,6.9393,-1.13647,0.64827,-1.11529,-1.74885,-1.1128,-0.709195,-1.14409,-7.68156,-7.56283,0.51,0.508933,-0.0433336,2.95774,27.3976
2.51905e+07,-0.172015,-0.989366,9.11007,-6.19701,2.45132,-3.12877,2.38726,-1.0754,1.16201,0.226664,1.07481,-5.8037,-5.75424,0.511,0.50989,-0.0429734,2.95739,27.3918
2.52111e+07,0.601221,0.537569,9.45849,3.24634,8.45131,0.0562617,8.29394,3.63122,-0.1357,1.70002,-0.18057,-8.18538,-8.06828,0.511,0.510027,-0.0476454,2.9573,27.3624
2.52311e+07,0.603746,0.0438438,8.85701,0.282965,8.84826,-1.38925,8.6912,3.89954,-0.914325,1.76462,-0.93809,-7.49836,-7.40131,0.511,0.509976,-0.0533161,2.9579,27.3947
2.52511e+07,0.50591,-0.192181,9.3007,-1.18199,8.84826,-0.882714,8.68196,3.11286,-2.80746,1.47169,-2.81855,-7.55942,-7.44451,0.506,0.5057,-0.0720178,2.95804,27.4035
2.52711e+07,0.582245,0.0823784,8.42736,0.558723,7.04674,-0.995044,6.90632,3.95209,-5.96776,2.11396,-5.91737,-6.99454,-6.93084,0.506,0.504899,-0.0810742,2.9586,27.3829
2.52911e+07,-0.879032,-0.211448,10.0996,-1.19487,-5.47235,-2.7335,-5.35441,-4.97319,-4.67005,-0.598485,-4.67953,-6.61286,-6.58224,0.506,0.50435,-0.0848218,2.95811,27.3947
2.53111e+07,0.25744,0.294319,8.67015,1.94337,3.24521,-0.277717,3.15443,1.69978,-4.1815,0.981578,-4.16068,-6.70446,-6.64926,0.504,0.502889,-0.0936923,2.95816,27.3829
2.53311e+07,-0.781424,0.843437,10.6117,4.53221,-4.17464,-0.977981,-4.07895,-4.19836,-1.52501,-1.02154,-1.56535,-6.90294,-6.83171,0.504,0.502272,-0.0937245,2.95905,27.3829
2.53511e+07,-0.246345,0.113688,9.42293,0.691005,5.48948,-0.514162,5.38071,-1.49744,-1.58608,-0.569147,-1.61165,-7.7579,-7.60884,0.504,0.50287,-0.0936413,2.95914,27.3388
2.53711e+07,0.424463,0.744692,10.2116,4.16739,5.04674,-0.177517,4.94983,2.37393,-3.35707,0.947293,-3.3409,-7.29988,-7.17559,0.501,0.499884,-0.094455,2.95998,27.3888
2.53911e+07,-0.69029,-0.579935,11.0818,-2.9899,-2.22044,-3.55355,-2.16354,-3.55952,-2.92959,-0.609255,-2.94947,-6.12431,-6.08843,0.501,0.499365,-0.078685,2.95993,27.3771
2.54111e+07,0.23367,-0.0958442,9.84004,-0.557899,7.61162,-2.42719,7.47488,1.36027,-5.05173,0.553495,-5.00838,-5.68156,-5.63531,0.501,0.498996,-0.0629308,2.95997,27.3771
2.54311e+07,-0.069775,0.583328,11.0428,3.02375,5.26048,-1.15267,5.1856,-0.361522,-2.12043,-0.168397,-2.13773,-7.25408,-7.10971,0.498,0.496977,-0.0492672,2.96069,27.3624
2.54511e+07,0.0453234,-1.15073,9.93823,-6.60469,0.313911,-3.84298,0.31618,0.259562,0.474988,0.623457,0.406691,-4.55179,-4.52073,0.498,0.496977,-0.0458462,2.9606,27.3506
2.54711e+07,0.252685,0.21725,8.9858,1.38442,-0.357845,0.457059,-0.367347,1.61029,0.00170517,1.01588,-0.0555798,-5.51362,-5.48353,0.498,0.497454,-0.0476559,2.9607,27.3535
2.54911e+07,-0.532937,0.299136,10.3542,1.65265,-7.39601,-1.48001,-7.26577,-2.94523,0.703995,-0.33575,0.627642,-6.49072,-6.40835,0.495,0.494266,-0.0577292,2.96095,27.3741
2.55111e+07,0.451357,-1.51199,9.24165,-9.28076,-12.6632,-5.20393,-12.45,2.75944,2.91774,1.41775,2.81329,-6.97927,-6.86249,0.495,0.493555,-0.0660371,2.96103,27.38
2.55311e+07,0.57266,0.202799,8.85255,1.3096,1.03147,-0.683167,0.981748,3.70026,0.978804,0.883735,0.931458,-7.02507,-6.89463,0.495,0.494002,-0.0632678,2.96076,27.3771
2.55511e+07,-0.554454,0.393064,9.50674,2.36358,4.78719,-0.516014,4.69543,-3.33499,-2.91433,-1.16501,-2.91339,-4.79607,-4.81034,0.493,0.492391,-0.0683811,2.96076,27.3653
2.55711e+07,0.56309,0.270235,9.33463,1.65522,8.64979,-0.445539,8.48357,3.45061,0.368117,1.49917,0.316641,-7.02507,-6.8989,0.493,0.492155,-0.0703708,2.96084,27.3447
2.55911e+07,0.744882,-0.868945,9.58906,-5.16244,2.32918,-1.80356,2.25139,4.42379,3.25361,1.45913,3.15391,-6.15484,-6.09403,0.493,0.492147,-0.0698103,2.96109,27.3565
2.56111e+07,-0.284355,-0.587161,9.08469,-3.69618,-5.25861,-1.49905,-5.19621,-1.78907,2.42919,-0.23056,2.3277,-6.93347,-6.85542,0.491,0.490551,-0.0754317,2.96209,27.3594
2.56311e+07,0.615593,0.373796,10.1539,2.10443,-4.49525,0.0697251,-4.47006,3.46706,-0.288371,1.25986,-0.319721,-8.30752,-8.17878,0.491,0.490297,-0.0669133,2.96202,27.33
2.56511e+07,0.0213245,-0.717215,11.297,-3.63267,-11.8082,-1.79658,-11.6341,0.107936,0.00170517,0.761062,-0.0652438,-6.39912,-6.34358,0.491,0.490114,-0.0446284,2.9617,27.3653
2.56711e+07,-0.0260768,-1.99608,10.0129,-11.2741,-5.67082,-5.17795,-5.59456,-0.146336,0.444453,-0.163777,0.379172,-6.49072,-6.40919,0.487,0.486419,-0.040087,2.96166,27.3447
2.56911e+07,0.384307,-0.828002,10.7694,-4.39372,1.35208,-2.3808,1.31442,2.03772,-0.532646,0.229652,-0.569535,-6.6892,-6.56158,0.487,0.486388,-0.0171224,2.96102,27.3153
2.57111e+07,-1.06073,0.588145,11.3238,2.96028,-1.33494,-0.740585,-1.29589,-5.34428,-3.26547,-1.98956,-3.2701,-6.30752,-6.2663,0.487,0.486179,-0.000849104,2.96067,27.3447
2.57311e+07,0.0692333,-1.26392,9.79557,-7.35208,-5.01433,-4.18966,-4.92544,0.40162,-1.08226,0.0341841,-1.11579,-8.26171,-8.09188,0.488,0.487165,0.00676316,2.96084,27.3624
2.57511e+07,-0.611299,-1.27115,10.6699,-6.78287,-5.0754,-3.46202,-4.99216,-3.25604,0.13911,-1.16445,0.0699736,-7.60523,-7.54205,0.488,0.487351,0.0114483,2.96092,27.3712
2.57711e+07,-0.592764,0.771185,9.40291,4.6794,0.909331,0.391019,0.881458,-3.59514,-0.715852,-1.83163,-0.735185,-6.99454,-6.94575,0.488,0.487378,0.0111802,2.96032,27.3241
2.57911e+07,-0.351635,0.922915,10.6922,4.93072,1.38261,-0.223706,1.36187,-1.87664,4.30705,-1.18922,4.19626,-8.84187,-8.68383,0.488,0.487305,0.0116033,2.96043,27.33
2.58111e+07,-0.198443,-0.40653,9.64285,-2.41357,0.344445,-2.03894,0.328031,-1.17789,4.18491,-0.215861,4.06738,-7.20828,-7.10859,0.488,0.487703,0.00807312,2.95935,27.3212
2.58311e+07,0.488897,0.881972,9.83189,5.11972,2.71086,1.92343,2.61701,2.83536,2.29178,0.45034,2.22748,-8.42965,-8.34069,0.488,0.487659,0.00769654,2.95908,27.3535
2.58511e+07,0.207259,0.421965,9.28295,2.60199,1.48948,0.436405,1.42621,1.27771,-0.975394,-0.102217,-0.993961,-7.63576,-7.52947,0.49,0.489458,0.0172453,2.95866,27.3565
2.58711e+07,-1.06783,0.354529,10.0769,2.00375,-2.70899,-0.366782,-2.67121,-6.04521,-3.87616,-2.81826,-3.85178,-8.18538,-8.14199,0.49,0.489616,0.0230433,2.95868,27.3388
2.58911e+07,0.792742,-1.23743,8.72896,-8.03595,0.313911,-3.14262,0.269454,5.13812,1.71163,1.97201,1.63299,-6.79607,-6.72539,0.49,0.489511,0.014736,2.95844,27.3241
2.59111e+07,-0.520735,-0.647371,9.21301,-4.01301,0.832995,-1.44958,0.789952,-3.22707,1.55896,-0.896013,1.46728,-7.91057,-7.84372,0.489,0.488925,0.00902577,2.95729,27.3271
2.59321e+07,-0.341963,0.491809,10.0433,2.80185,1.62689,1.03488,1.57024,-1.94778,3.29941,-1.41014,3.204,-7.74263,-7.67241,0.489,0.488934,0.0104945,2.95721,27.3124
2.59521e+07,-0.625792,-0.676272,9.65704,-3.99747,-7.45708,-2.75434,-7.33291,-3.69864,7.42155,-1.16174,7.24392,-7.74263,-7.68263,0.489,0.488567,0.00428108,2.95756,27.3418
2.59721e+07,-1.21803,-0.48119,10.4271,-2.62439,-11.0296,-1.8676,-10.8407,-6.65572,8.29178,-2.11227,8.08417,-7.65103,-7.56181,0.492,0.490966,0.00904693,2.95746,27.3447
2.59921e+07,0.264614,0.255784,9.35149,1.56615,1.33681,1.37237,1.27257,1.62023,4.7956,0.440696,4.67669,-6.81133,-6.75818,0.492,0.491804,0.00795939,2.95729,27.3359
2.60121e+07,-1.17301,0.768776,10.6166,4.11673,-1.99143,0.858384,-1.98146,-6.28858,4.23071,-3.14395,4.12588,-7.20828,-7.13158,0.492,0.491616,0.0205489,2.95645,27.3535
2.60321e+07,-0.296724,0.956633,10.8916,5.01768,-2.75479,1.38252,-2.73886,-1.55456,3.89483,-1.89882,3.80782,-8.01744,-7.90686,0.494,0.493425,0.040234,2.95692,27.3418
2.60521e+07,-1.10572,-0.767792,10.4717,-4.17037,-11.625,-2.9402,-11.4566,-6.01161,5.9559,-4.71496,5.84249,-7.04034,-6.9501,0.494,0.492914,0.0510372,2.95686,27.3476
2.60721e+07,-0.967404,-0.13197,11.192,-0.673065,-6.08304,-1.19832,-5.97761,-4.93988,9.20781,-1.90332,9.00059,-7.23881,-7.10567,0.494,0.493792,0.0602379,2.95579,27.3182
2.60921e+07,0.398314,0.32322,10.4769,1.76579,3.09254,0.36156,3.01997,2.17621,8.61239,0.210289,8.44333,-8.32278,-8.15281,0.497,0.496747,0.0672899,2.95561,27.3624
2.61123e+07,-1.15569,-1.41566,10.1027,-7.92571,1.9475,-2.9951,1.90083,-6.46333,1.7727,-1.9254,1.67129,-6.64339,-6.63816,0.497,0.496755,0.0570938,2.95351,27.33
2.61331e+07,-0.5087,-0.991774,10.504,-5.38751,0.939865,-2.37014,0.914971,-2.76035,-1.296,-1.55081,-1.32402,-7.31515,-7.24509,0.497,0.496984,0.0541835,2.95345,27.3388
2.61541e+07,-0.358491,-0.182547,8.60344,-1.21446,-4.66319,-1.55631,-4.58783,-2.3855,-1.67768,-1.22113,-1.69559,-7.33042,-7.24375,0.503,0.502447,0.0570894,2.95373,27.3682
2.61741e+07,0.317333,-0.416163,10.0531,-2.3693,-2.69372,-1.57382,-2.67172,1.80643,2.20018,0.490007,2.1091,-7.37622,-7.28256,0.503,0.502605,0.0400064,2.95349,27.3535
2.61941e+07,0.613522,-0.762975,8.59217,-5.06167,-0.861661,-1.97423,-0.883202,4.0683,5.9559,1.10697,5.81015,-6.75026,-6.61156,0.503,0.502741,0.0210244,2.95275,27.3535
2.62145e+07,0.119439,-1.48309,8.22819,-10.2165,-0.831127,-4.42737,-0.832673,0.81845,5.55896,-0.106685,5.42347,-7.45255,-7.36179,0.507,0.50589,0.0168547,2.95172,27.3035
2.62351e+07,0.130574,1.40941,9.62649,8.32874,11.5658,2.63787,11.3439,0.768918,2.7956,-0.043213,2.71419,-6.964,-6.89796,0.507,0.506311,-0.000311981,2.95166,27.3153
2.62551e+07,0.300114,1.39737,9.37465,8.47373,8.60399,3.24068,8.42524,1.81358,1.19254,0.210211,1.13843,-9.02507,-8.87108,0.507,0.506218,-0.0105602,2.9517,27.3388
2.62751e+07,0.536595,1.09391,8.92761,6.97325,-0.128837,2.47534,-0.159719,3.41416,-1.296,0.701535,-1.3003,-8.26171,-8.12092,0.508,0.507265,-0.012535,2.9519,27.3359
2.62951e+07,-0.804777,-1.04476,10.8176,-5.50138,-14.8464,-2.40722,-14.6132,-4.23506,-1.92196,-1.48909,-1.95911,-8.01744,-7.90987,0.508,0.50738,-0.00754014,2.95209,27.3418
2.63151e+07,0.355603,-0.649779,9.86754,-3.76506,-14.022,-1.43422,-13.825,2.05946,-1.03646,0.0453763,-1.06475,-8.8724,-8.67529,0.508,0.507678,-0.0048986,2.95125,27.3124
2.63351e+07,0.515709,-1.08329,9.27552,-6.65125,-8.43418,-2.50397,-8.33768,3.16087,0.520789,0.793523,0.472526,-6.09378,-6.0582,0.509,0.508404,-0.00486608,2.9508,27.3506
2.63551e+07,0.0733656,1.05056,10.2053,5.87734,4.40551,1.61643,4.29683,0.409726,2.15438,-1.01923,2.08994,-6.9182,-6.79966,0.509,0.508511,0.0022018,2.95121,27.3624
2.63751e+07,0.176124,0.756734,8.73507,4.95027,7.58109,1.66951,7.42461,1.15078,3.10094,-0.288357,3.02222,-7.00981,-6.9213,0.509,0.50866,0.00263217,2.9511,27.3212
2.63952e+07,-1.00122,1.26732,9.87653,7.27513,4.20704,2.29268,4.12246,-5.74177,1.48262,-2.71383,1.42737,-7.33042,-7.25848,0.513,0.512035,0.012335,2.95133,27.3535
2.64151e+07,0.374987,-1.66131,9.24148,-10.1828,-7.82349,-4.04596,-7.7143,2.28697,7.05514,-0.188813,6.9043,-7.28462,-7.1335,0.513,0.512016,0.00786037,2.95028,27.3447
2.64351e+07,-0.441694,-1.51922,9.34688,-9.22186,-14.6479,-4.02202,-14.4151,-2.67055,3.63529,-1.50609,3.53116,-7.42202,-7.33925,0.513,0.512174,0.00698251,2.95013,27.3388
2.64552e+07,0.555997,0.0173512,8.78341,0.112959,-5.06013,-0.622675,-5.00841,3.62203,1.9559,2.31087,1.8665,-6.13958,-6.13009,0.512,0.5117,-0.00591938,2.94998,27.33
2.64751e+07,0.200482,-0.965282,8.02714,-6.8549,-5.56395,-2.60538,-5.51856,1.42046,-1.14333,0.291476,-1.16921,-6.99454,-6.92124,0.512,0.511456,-0.0152688,2.94993,27.3388
2.64951e+07,-0.358463,-0.2837,9.71204,-1.67207,-1.56395,-0.904261,-1.56441,-2.11287,-3.14333,-1.42083,-3.13728,-6.32278,-6.29003,0.512,0.51166,-0.0127289,2.95022,27.33
2.65151e+07,-0.20815,0.152222,8.91487,0.97797,-1.82349,0.422688,-1.82599,-1.33734,-0.639516,-1.84886,-0.662264,-7.17774,-7.04248,0.513,0.512353,-0.0183621,2.94965,27.3624
2.65351e+07,-0.907936,0.68689,10.1296,3.86387,-3.97617,0.489204,-3.91699,-5.11019,1.11621,-1.99068,1.04401,-6.15484,-6.1233,0.513,0.512394,-0.0194162,2.94928,27.3182
2.65551e+07,0.443597,0.631497,9.3828,3.84613,-2.57159,0.645008,-2.55239,2.7007,4.78033,0.584881,4.66723,-8.33805,-8.1386,0.513,0.512554,-0.0235079,2.94875,27.3418
2.65751e+07,-0.73329,-0.5125,10.4053,-2.81279,-6.34258,-2.33508,-6.25401,-4.02627,4.933,-2.34415,4.81765,-7.33042,-7.2075,0.513,0.512346,-0.0249698,2.95003,27.3418
2.65951e+07,0.22674,-0.938789,9.53717,-5.62021,-5.79296,-2.44126,-5.71068,1.35537,4.49026,0.530908,4.35747,-8.03271,-7.86733,0.513,0.512497,-0.0333923,2.94913,27.3741
2.66151e+07,-0.112226,-1.32414,9.26143,-8.13602,-5.85403,-3.54788,-5.767,-0.687262,-1.09753,-0.544585,-1.1273,-5.78843,-5.70758,0.513,0.51225,-0.0409628,2.94912,27.3476
2.66351e+07,0.436676,-0.240349,8.97304,-1.53253,0.48185,-1.73884,0.452878,2.78512,0.0780411,0.903255,0.0231967,-7.78843,-7.61034,0.513,0.512004,-0.0493153,2.94911,27.3388
2.66551e+07,0.262618,-1.15314,8.03153,-8.16617,-4.37311,-3.57039,-4.32745,1.85381,1.45209,1.07839,1.37244,-6.13958,-6.10888,0.513,0.511896,-0.0573205,2.94961,27.3241
2.66751e+07,0.188353,-0.2837,9.70207,-1.67461,-2.83113,-0.357464,-2.82464,1.11171,1.23835,0.631956,1.16575,-6.61286,-6.57806,0.513,0.512438,-0.0569392,2.94974,27.33
2.66951e+07,-0.850551,0.412331,9.06542,2.59287,-6.08304,-1.15985,-5.9684,-5.35451,1.10094,-1.39886,1.01938,-5.28462,-5.29537,0.512,0.51074,-0.0654083,2.94996,27.3418
2.67151e+07,-0.365941,0.848254,10.2172,4.74291,-3.19754,0.314783,-3.15291,-2.04421,-0.0898979,-1.01837,-0.129457,-6.15484,-6.10286,0.512,0.511012,-0.0611758,2.9494,27.3388
2.67351e+07,0.718359,0.0558858,8.81182,0.362172,3.04674,-0.97937,2.9645,4.66048,-0.700585,1.64939,-0.723267,-5.72736,-5.64495,0.512,0.511119,-0.0646565,2.9498,27.3359
2.67551e+07,0.159843,-0.803918,9.77249,-4.70213,-1.47235,-2.53722,-1.45551,0.933918,1.02461,1.07855,0.940589,-7.22355,-7.04853,0.509,0.508246,-0.0786272,2.94908,27.3447
2.67751e+07,-0.107364,-1.63241,9.00689,-10.2721,-4.51052,-4.72851,-4.44301,-0.672001,-1.09753,0.405168,-1.14671,-6.24645,-6.17117,0.509,0.507579,-0.0893359,2.94907,27.3359
2.67951e+07,-0.415618,-0.832819,10.1742,-4.67569,-6.40365,-2.47233,-6.29706,-2.33146,-0.929593,-0.298614,-0.991755,-6.65866,-6.59245,0.509,0.507861,-0.0918922,2.94932,27.33
2.68151e+07,-0.542591,0.667623,9.26025,4.1166,1.13834,0.0705468,1.10349,-3.34467,-2.37997,-1.48571,-2.38864,-6.88767,-6.8155,0.506,0.504898,-0.102995,2.94997,27.3594
2.68351e+07,0.570165,0.588145,8.69409,3.86183,0.359712,1.15046,0.319167,3.74359,0.810866,1.85505,0.745822,-8.41439,-8.23917,0.506,0.504939,-0.109123,2.94891,27.3182
2.68551e+07,-0.124669,0.486992,9.27622,3.00494,-0.724257,0.560638,-0.739,-0.768927,-1.28074,0.311772,-1.3086,-5.45255,-5.42667,0.506,0.505058,-0.111165,2.94916,27.3329
2.68751e+07,0.0239514,-1.57702,9.07097,-9.86245,-8.64792,-3.8582,-8.52523,0.14905,3.39102,0.278084,3.27538,-7.17774,-7.09555,0.5,0.499205,-0.131505,2.95033,27.3682
2.68951e+07,0.300729,-0.81596,9.73436,-4.78921,-3.77769,-1.79997,-3.74911,1.76333,2.45972,1.23362,2.359,-6.24645,-6.20339,0.5,0.498834,-0.127089,2.95035,27.3359
2.69151e+07,0.498879,-0.669047,8.39536,-4.54842,0.802461,-1.57419,0.7413,3.38998,1.66583,1.11408,1.59394,-7.11668,-7.01051,0.5,0.498624,-0.126754,2.95045,27.3388
2.69351e+07,0.34367,-0.669047,9.44728,-4.0482,-2.8922,-2.49745,-2.86014,2.07817,0.963537,1.00212,0.895707,-7.60523,-7.4467,0.495,0.494195,-0.138226,2.95088,27.3653
2.69561e+07,-0.68073,-0.611245,10.8348,-3.22257,-4.72426,-2.34528,-4.62801,-3.58937,0.780331,-1.32272,0.705836,-6.81133,-6.71686,0.495,0.493649,-0.129522,2.95146,27.3182
2.69761e+07,0.465629,-1.31691,9.47463,-7.90362,-1.09067,-3.72804,-1.0991,2.78678,1.14674,0.388875,1.0886,-7.19301,-7.09208,0.495,0.493527,-0.117752,2.95302,27.3771
2.69961e+07,0.467565,0.308769,10.2275,1.72744,-4.25097,-0.972203,-4.19448,2.61635,-0.853257,0.815427,-0.87711,-7.29988,-7.16324,0.491,0.489997,-0.118104,2.95298,27.3506
2.70161e+07,-1.14164,-0.40653,11.0421,-2.0973,-8.37311,-2.30273,-8.22472,-5.89886,1.57422,-2.15068,1.48511,-7.07087,-7.01897,0.491,0.489619,-0.105661,2.95261,27.33
2.70361e+07,-0.0912769,0.624271,10.1311,3.52592,5.1078,2.75987,4.97601,-0.515218,0.917736,-1.04689,0.870619,-6.97927,-6.88,0.491,0.489813,-0.0946728,2.95192,27.3418
2.70561e+07,0.00654352,0.91569,9.83948,5.31679,3.47422,0.865629,3.40154,0.0379393,5.49789,-0.0763985,5.3671,-8.47546,-8.34478,0.487,0.48633,-0.0967731,2.95202,27.3476
2.70761e+07,-0.573323,-0.447473,10.1464,-2.52117,-1.41128,-2.04672,-1.38647,-3.23091,2.8872,-0.88503,2.7877,-7.07087,-7.03867,0.487,0.48601,-0.0932502,2.95238,27.33
2.70961e+07,0.14549,-0.707581,9.99109,-4.05057,-3.22807,-2.06204,-3.18333,0.832194,0.749797,0.0961156,0.68199,-8.24645,-8.06083,0.487,0.486153,-0.0883014,2.95313,27.3329
2.71161e+07,-0.533153,1.07705,10.6047,5.79202,0.00856745,0.887922,-0.00532094,-2.86342,-4.80746,-0.937828,-4.78285,-7.74263,-7.6598,0.481,0.48054,-0.0974211,2.95343,27.3182
2.71363e+07,0.0212535,-0.461923,9.62833,-2.74668,-7.44181,-2.57377,-7.31899,0.126329,-3.83036,-0.114732,-3.81584,-8.20065,-8.05435,0.481,0.480011,-0.0933686,2.9527,27.3653
2.71571e+07,-0.487221,-0.948423,10.3782,-5.2158,-6.51052,-3.25586,-6.40425,-2.67672,-1.44868,-0.835432,-1.49058,-5.54416,-5.52149,0.481,0.479797,-0.0857042,2.9531,27.3476
2.7178e+07,0.716159,-0.61847,9.12889,-3.86395,5.9933,-1.88691,5.85356,4.47543,1.49789,1.143,1.4333,-7.7579,-7.61805,0.476,0.475056,-0.094112,2.95331,27.33
2.71981e+07,-0.523557,0.91569,9.83282,5.31289,10.2376,1.68074,10.0384,-3.03478,-0.853257,-1.47072,-0.876378,-6.41439,-6.36769,0.476,0.474978,-0.088008,2.95411,27.3476
2.72181e+07,0.0933112,-1.98163,9.05364,-12.3454,1.30628,-4.34384,1.26407,0.576842,4.18491,1.13394,4.04249,-6.8266,-6.76198,0.476,0.474408,-0.0902414,2.95419,27.3506
2.72385e+07,0.498585,0.388247,9.41797,2.35733,9.53528,0.649742,9.34042,3.02783,2.42919,1.57742,2.34281,-7.17774,-7.09906,0.472,0.471437,-0.0984953,2.95359,27.3329
2.72591e+07,-0.0888228,0.385839,9.25228,2.38785,0.405514,-0.676258,0.388369,-0.549551,1.23835,-0.330434,1.17823,-7.48309,-7.34588,0.472,0.470775,-0.0997496,2.95395,27.3153
2.72791e+07,0.866666,-0.883395,9.18294,-5.47076,-2.49525,-1.12927,-2.51263,5.36685,0.200178,1.07712,0.166898,-6.55179,-6.46221,0.472,0.470651,-0.0954136,2.9542,27.3329
2.72991e+07,-0.110273,0.238925,9.13098,1.49878,3.91696,0.00468562,3.80888,-0.691676,-4.77692,0.0972911,-4.74466,-6.29225,-6.29846,0.468,0.467434,-0.106295,2.95537,27.3418
2.73191e+07,0.14751,0.614638,9.80089,3.58805,1.67269,-0.516606,1.64942,0.860583,-1.92196,0.881196,-1.94988,-8.62813,-8.45441,0.468,0.46674,-0.108941,2.95573,27.3565
2.73391e+07,-0.215366,0.342487,9.72954,2.01553,3.58109,0.945999,3.48682,-1.26727,-0.822722,-0.709925,-0.860564,-6.65866,-6.59605,0.468,0.467162,-0.100104,2.95547,27.3859
2.73591e+07,0.603656,0.366571,8.9525,2.33943,2.83299,0.17114,2.75271,3.85433,1.58949,1.71638,1.52289,-7.11668,-7.00489,0.462,0.461545,-0.114985,2.95599,27.3329
2.73791e+07,-0.437301,-0.141604,10.8306,-0.748458,-5.79296,-2.68369,-5.66721,-2.31194,5.10094,-0.511601,4.95571,-6.99454,-6.88862,0.462,0.460557,-0.112093,2.95656,27.3329
2.7399e+07,-0.530631,0.595371,9.78245,3.47769,0.252842,-0.499125,0.247452,-3.09914,2.09331,-1.25589,2.01217,-4.56706,-4.5528,0.462,0.46045,-0.106207,2.95686,27.3329
2.74191e+07,0.481868,0.397881,9.77414,2.32826,3.16887,-0.503708,3.10029,2.82008,-0.0440965,1.14735,-0.0797547,-6.26171,-6.14699,0.455,0.454387,-0.119042,2.95798,27.33
2.74391e+07,-0.714189,-0.507683,10.816,-2.68155,-2.54105,-3.53992,-2.45575,-3.77365,-0.685318,-1.22617,-0.73701,-5.31515,-5.30403,0.455,0.453349,-0.115387,2.95812,27.3065
2.74591e+07,-0.526041,1.2625,10.4459,6.88274,7.58109,1.13399,7.45135,-2.8621,-4.39524,-1.44484,-4.36501,-5.29988,-5.25188,0.455,0.453506,-0.104275,2.95867,27.3094
2.74791e+07,-0.640271,-0.127154,10.2681,-0.708103,-1.60975,-2.0423,-1.57667,-3.56781,-1.89142,-1.29342,-1.91666,-5.14721,-5.05339,0.449,0.44833,-0.109545,2.95954,27.3388
2.74991e+07,0.511,-1.32173,10.638,-7.07442,-8.03723,-3.39641,-7.91254,2.72917,3.46735,0.500065,3.36672,-5.13194,-5.04286,0.449,0.447776,-0.0921933,2.96002,27.3065
2.75191e+07,0.00896015,0.812128,10.6655,4.35438,-4.67846,-0.00615305,-4.62395,0.0479954,4.38338,-0.481831,4.28163,-4.49072,-4.44491,0.449,0.447898,-0.0727121,2.96014,27.3359
2.75391e+07,-0.802637,-0.153646,10.6386,-0.825084,-11.3807,-2.10622,-11.1736,-4.31411,7.60476,-1.22681,7.41758,-5.04034,-4.95021,0.443,0.442461,-0.07328,2.96093,27.3094
2.75591e+07,-0.367813,-1.00622,10.625,-5.40677,-6.70899,-3.46259,-6.59982,-1.97384,5.55896,-1.11418,5.42238,-4.9182,-4.85155,0.443,0.442008,-0.0607842,2.96109,27.3388
2.75791e+07,-0.0480313,-0.327052,9.09678,-2.05901,2.23758,-1.30887,2.16757,-0.302326,0.536056,-0.200803,0.483318,-4.23118,-4.23935,0.443,0.442305,-0.0521513,2.96209,27.3094
2.75991e+07,1.06688,0.426782,9.15163,2.65209,7.71849,0.175003,7.55245,6.64227,-4.86852,2.27959,-4.81412,-5.57469,-5.46862,0.439,0.438446,-0.0575496,2.9621,27.3359
2.76191e+07,-0.325459,1.24805,10.2653,6.92853,4.26811,1.44726,4.18685,-1.80268,-6.97539,-1.09626,-6.90423,-5.63576,-5.54533,0.439,0.438221,-0.0517002,2.96212,27.3624
2.76391e+07,0.508534,-1.03994,9.97599,-5.94361,-3.67082,-2.49304,-3.62991,2.90247,-1.70822,1.49794,-1.74839,-5.16248,-5.10431,0.439,0.438234,-0.0481603,2.96214,27.3594
2.76591e+07,-0.110199,-0.0260002,9.47244,-0.157256,-3.35021,-0.622401,-3.32935,-0.666525,-0.532646,0.200065,-0.584445,-5.60523,-5.57605,0.435,0.434785,-0.0590181,2.9619,27.3094
2.76791e+07,0.016285,0.2317,8.98603,1.47701,-5.0296,-0.28482,-4.97802,0.1038,1.69636,-0.0505119,1.62795,-6.13958,-6.08499,0.435,0.434298,-0.0576498,2.96193,27.3094
2.76991e+07,-0.169559,-1.23262,9.65338,-7.27547,-10.1441,-3.38047,-9.9831,-0.998182,3.17728,0.00553799,3.06496,-5.02507,-5.01361,0.435,0.434245,-0.0563255,2.96229,27.3094
2.77191e+07,0.639992,-1.49754,8.9756,-9.44876,-2.51052,-4.39993,-2.49873,4.02307,1.29941,1.95397,1.21809,-6.50599,-6.3892,0.433,0.432051,-0.0630904,2.96263,27.3418
2.77391e+07,0.792444,-0.168097,9.24826,-1.03749,6.75666,-0.215013,6.6015,4.89667,-4.1357,1.84357,-4.10853,-6.61286,-6.50912,0.433,0.432275,-0.0615238,2.96229,27.3124
2.77591e+07,0.436882,-0.979732,9.75535,-5.7293,-2.84639,-3.7848,-2.78709,2.55139,-5.47921,1.65372,-5.45455,-7.45255,-7.30049,0.433,0.431911,-0.0663667,2.96196,27.3182
2.77791e+07,-0.20552,-0.719623,9.76107,-4.21551,-5.22807,-2.02251,-5.15354,-1.20292,-5.21967,-0.21053,-5.20344,-6.85713,-6.80369,0.432,0.431292,-0.0674843,2.96257,27.3094
2.77991e+07,0.054526,0.104054,8.73175,0.682734,-4.67846,0.337941,-4.64963,0.357757,-3.0212,0.241721,-3.0191,-5.05561,-5.06285,0.432,0.43133,-0.0693201,2.96273,27.3006
2.78191e+07,-0.202971,-1.29764,9.48948,-7.78488,-12.0983,-3.98171,-11.9021,-1.21402,3.55896,0.169258,3.43318,-6.38385,-6.30517,0.432,0.430985,-0.0745983,2.96255,27.2918
2.78391e+07,0.381977,-1.03513,8.73676,-6.75048,-1.18227,-3.42471,-1.19573,2.48605,2.30705,1.28153,2.21318,-7.42202,-7.30301,0.429,0.428197,-0.08146,2.96288,27.2771
2.78591e+07,-0.372677,-0.688314,9.55233,-4.11833,1.12307,-3.54429,1.12219,-2.22845,-1.34181,0.447498,-1.39962,-6.33805,-6.28496,0.429,0.42766,-0.0795901,2.96244,27.3006
2.78791e+07,0.993439,-1.66372,9.01064,-10.3996,8.11544,-4.4897,7.96308,6.18779,-1.49448,2.50693,-1.52079,-7.86477,-7.72783,0.429,0.427548,-0.0791401,2.96227,27.3035
2.7899e+07,-0.361258,1.18302,10.3246,6.53267,14.5429,1.958,14.2792,-1.99095,-1.46394,-0.763928,-1.49072,-6.49072,-6.4451,0.424,0.423552,-0.0796778,2.96295,27.2859
2.79191e+07,0.1502,-0.473965,9.90836,-2.73833,-0.724257,-2.95673,-0.711259,0.867485,2.18491,0.939859,2.09324,-6.52126,-6.48399,0.424,0.422983,-0.0741287,2.96259,27.2976
2.79391e+07,-0.456581,0.496626,10.6108,2.67722,-10.0067,-0.472902,-9.87001,-2.46121,-1.75402,-1.23333,-1.76197,-6.17011,-6.1483,0.424,0.423002,-0.0580683,2.96292,27.3094
2.79591e+07,0.405938,-1.33377,10.9728,-6.92575,-20.083,-4.82234,-19.7445,2.10322,0.276514,0.817652,0.218852,-7.78843,-7.59586,0.423,0.421957,-0.038814,2.96188,27.3006
2.79801e+07,0.147717,-0.13197,10.3576,-0.729913,-3.71662,-2.25854,-3.67503,0.817012,-4.02883,-0.340897,-3.99561,-6.65866,-6.55072,0.423,0.422125,-0.00885968,2.96225,27.3271
2.80001e+07,0.197717,0.388247,10.819,2.05487,7.76429,-1.50668,7.63455,1.04629,-4.67005,0.0257765,-4.62952,-6.964,-6.86113,0.423,0.422324,0.00976814,2.9626,27.3094
2.80201e+07,-0.439352,-1.35304,10.3847,-7.41678,4.75666,-5.02433,4.71856,-2.40233,-1.75402,-0.107585,-1.80753,-7.45255,-7.3136,0.421,0.420177,0.00458862,2.96276,27.3094
2.80401e+07,-0.740861,0.951816,10.7614,5.04263,6.34445,-1.87149,6.28968,-3.92301,0.413919,-1.23595,0.348259,-7.07087,-6.99518,0.421,0.419325,0.00682756,2.96274,27.3212
2.80601e+07,0.0311189,-1.59147,9.85206,-9.17606,-6.25097,-5.06777,-6.13639,0.178659,3.20781,0.603481,3.09262,-6.67393,-6.62857,0.421,0.420056,0.0101885,2.96154,27.2947
2.80801e+07,0.763945,-0.72444,9.22127,-4.47676,-4.0983,-2.01987,-4.06111,4.72142,1.48262,2.05021,1.40775,-8.26171,-8.09411,0.422,0.421523,0.0119145,2.96218,27.3329
2.81001e+07,0.267316,-0.87617,9.9361,-5.03752,-13.8388,-4.66927,-13.587,1.53513,1.45209,1.16048,1.36093,-8.79607,-8.63778,0.422,0.421001,0.00593617,2.96245,27.2947
2.81201e+07,-0.420267,-1.29042,10.0832,-7.28661,-8.23571,-4.19503,-8.10711,-2.36741,-3.0212,-0.843948,-3.03047,-7.52889,-7.45486,0.422,0.421293,0.00925665,2.96261,27.3241
2.81401e+07,0.487008,-0.914705,9.60109,-5.43525,6.60399,-3.36167,6.46212,2.89073,-1.81509,0.592716,-1.82605,-7.69683,-7.61038,0.425,0.424088,0.0264261,2.96277,27.3065
2.81603e+07,0.301053,-1.97922,10.5943,-10.5778,2.9704,-5.82633,2.92917,1.60003,0.795598,0.469847,0.729489,-7.78843,-7.67156,0.425,0.424227,0.0390604,2.96124,27.3006
2.81811e+07,0.0523939,-0.81596,10.7104,-4.35655,6.51238,-2.7578,6.40557,0.279472,1.25361,-0.103176,1.17885,-8.99454,-8.87789,0.425,0.424724,0.0570795,2.96105,27.2947
2.8202e+07,-0.07651,-0.958056,10.0882,-5.42483,-1.01433,-3.53501,-0.991039,-0.432582,2.12384,-0.0258164,2.02804,-7.95637,-7.86001,0.427,0.426436,0.0723421,2.96095,27.2829
2.82221e+07,-0.675893,-0.832819,10.4546,-4.54516,-11.564,-4.43363,-11.3463,-3.6874,-0.273104,-0.986922,-0.330505,-8.46019,-8.36024,0.427,0.426201,0.0716256,2.96068,27.3094
2.82421e+07,0.637565,-1.35785,9.22274,-8.35576,-5.09067,-0.480578,0.690585,3.9125,0.291781,-1.12013,-3.6495,-10.4755,-7.16787,0.427,0.426875,0.0728059,2.95959,27.2829
2.82631e+07,0.133233,0.434007,10.8429,2.29197,1.1078,0.361496,1.07497,0.703428,-1.37234,0.797831,-1.40965,-10.048,-9.92829,0.433,0.432831,0.0903775,2.95737,27.2947
2.82831e+07,-0.546738,-1.59147,9.61039,-9.38787,-4.57159,-5.87224,-4.4711,-3.21241,0.13911,-1.14244,0.0730335,-8.81133,-8.68697,0.433,0.432469,0.0889366,2.95712,27.3241
2.83031e+07,-0.0620524,-1.4277,10.4745,-7.76161,1.59635,-4.88207,1.58619,-0.336316,-0.486845,-0.228028,-0.536987,-8.35332,-8.30326,0.443,0.435972,0.104808,2.95789,27.2918
2.83231e+07,0.856992,-0.442656,9.37597,-2.69182,9.53528,-2.8838,9.35687,5.21672,-0.0288293,1.29549,-0.0531616,-9.26935,-9.14514,0.443,0.441742,0.121977,2.95786,27.2771
2.83431e+07,-0.0860118,-1.13628,10.6815,-6.07199,-2.73952,-4.32731,-2.66633,-0.458771,5.02461,0.318529,4.87017,-8.85713,-8.72221,0.443,0.442707,0.121243,2.95775,27.3006
2.83631e+07,0.900223,-1.34099,8.75245,-8.66574,-0.189906,-4.69946,-0.202454,5.80517,5.23835,1.91957,5.11549,-9.58996,-9.45692,0.451,0.44555,0.122262,2.95503,27.3065
2.83831e+07,0.150363,-1.05921,9.00759,-6.70573,1.38261,-4.68012,1.34363,0.949802,-0.45631,0.567403,-0.487158,-9.19301,-9.12349,0.451,0.450108,0.130426,2.9549,27.2947
2.8403e+07,-0.148254,-0.567893,10.3572,-3.13811,-1.71662,-3.84317,-1.66032,-0.81885,-2.16623,-0.386699,-2.19042,-10.7808,-10.5732,0.451,0.45066,0.125152,2.95409,27.2918
2.84231e+07,0.508948,-2.53075,9.19961,-15.3589,-0.281509,-8.93903,-0.245563,3.05334,-3.57081,0.918283,-3.56601,-10.1396,-9.95473,0.46,0.45236,0.126004,2.954,27.2947
2.84431e+07,-0.967761,1.15171,10.9661,5.97247,6.31391,2.40589,6.20648,-5.01586,-7.0212,-2.72734,-6.95099,-9.48309,-9.38403,0.46,0.458815,0.146337,2.95392,27.3153
2.8463e+07,-0.0217999,-0.201814,9.98729,-1.15762,-4.17464,-3.28769,-4.07833,-0.125037,2.49025,-0.363405,2.39303,-7.72736,-7.66357,0.46,0.459771,0.135176,2.95401,27.2771
2.84831e+07,1.07939,-1.63241,8.51678,-10.7662,-8.83113,-5.02003,-8.70088,7.0952,6.33758,2.82774,6.18073,-9.10141,-8.96985,0.469,0.462954,0.119074,2.95325,27.3094
2.85031e+07,-1.0274,0.939774,9.13764,5.8355,-4.73952,3.64501,-4.69786,-6.38177,-1.52501,-3.40341,-1.53974,-7.91057,-7.85775,0.469,0.468044,0.112453,2.95269,27.2859
2.85231e+07,-0.568893,0.795269,10.1817,4.45926,-2.0983,-1.09709,-2.04368,-3.18834,-2.63952,-0.697048,-2.6544,-10.8266,-10.6528,0.469,0.468582,0.093141,2.95217,27.2712
2.85431e+07,0.147494,0.670031,9.57068,4.0042,-0.0525012,0.0740043,-0.050303,0.880764,-2.53265,0.178748,-2.5353,-10.4602,-10.2658,0.478,0.472221,0.0802278,2.95235,27.3124
2.85631e+07,0.076281,-0.847269,8.54976,-5.65923,2.14597,-4.05911,2.10388,0.508688,-5.52501,0.198616,-5.48185,-8.17011,-8.10555,0.478,0.477235,0.0712291,2.9515,27.2976
2.85831e+07,-0.107976,0.56647,9.57786,3.38453,4.40551,-0.02975,4.3107,-0.644769,-3.81509,-0.0971084,-3.80733,-9.29988,-9.20958,0.478,0.477898,0.0558298,2.95086,27.3006
2.86031e+07,0.08287,1.21915,10.3789,6.69932,1.07727,-0.329645,1.05939,0.454345,-1.21967,0.13686,-1.24225,-8.85713,-8.76734,0.481,0.478079,0.0474404,2.95043,27.2918
2.86231e+07,-0.0426497,-2.50667,9.84829,-14.28,-1.41128,-7.41327,-1.38707,-0.240461,0.536056,0.472858,0.460949,-8.81133,-8.73767,0.481,0.47888,0.0539854,2.94968,27.3006
2.86431e+07,-0.764166,-1.10979,10.3806,-6.08595,11.8559,-6.0899,11.6927,-4.18645,-1.81509,-1.54106,-1.83873,-9.19301,-9.1324,0.481,0.478577,0.0684769,2.94897,27.2888
2.86631e+07,-0.88625,-0.0139582,11.1541,-0.0714743,17.3215,-4.03792,17.0793,-4.5429,-2.39524,-2.22213,-2.39738,-9.42202,-9.28062,0.487,0.480914,0.086213,2.94914,27.2771
2.86831e+07,0.776243,-2.01535,8.89155,-12.724,6.9704,-7.51488,6.87892,4.86651,3.69636,1.50159,3.59534,-11.1625,-11.0147,0.487,0.484079,0.093109,2.94853,27.2594
2.87031e+07,0.759432,-1.67095,8.19647,-11.4747,0.130705,-6.79471,0.124069,5.18745,3.54369,1.84689,3.44823,-9.74263,-9.61843,0.487,0.485059,0.0916112,2.94805,27.3006
2.87231e+07,0.515583,-0.630512,8.49513,-4.23697,-5.64029,-3.61902,-5.56966,3.46361,2.85667,1.52212,2.77231,-10.0938,-9.99372,0.492,0.487963,0.0939688,2.9464,27.2447
2.87431e+07,-0.967075,-1.3145,11.3135,-6.60353,-10.4647,-7.28453,-10.2246,-4.85325,0.413919,-1.79606,0.348223,-8.65866,-8.52834,0.492,0.488895,0.0936548,2.9456,27.2918
2.87631e+07,-0.164661,-1.67336,10.9442,-8.69213,1.56582,-6.98743,1.58205,-0.852075,-2.68532,-0.90797,-2.69184,-10.277,-10.0979,0.492,0.48954,0.096055,2.94568,27.3153
2.87831e+07,0.434532,-1.11701,9.66016,-6.58926,12.0238,-5.02035,11.8485,2.55851,-2.73112,0.468521,-2.73585,-8.30752,-8.18534,0.499,0.493163,0.099404,2.94568,27.2947
2.88031e+07,-0.382211,-0.750933,9.71369,-4.41715,14.0544,-6.06117,13.8689,-2.2466,-3.296,-0.0703253,-3.29765,-7.10141,-7.05141,0.499,0.495941,0.1018,2.94517,27.3153
2.88231e+07,-0.711695,-0.888212,10.7442,-4.71557,9.55055,-6.93052,9.45414,-3.7769,0.322316,-1.2405,0.272622,-6.64339,-6.67212,0.499,0.495341,0.103047,2.94476,27.2712
2.88431e+07,-1.16776,-0.931564,11.3547,-4.66568,3.9475,-6.79769,3.94906,-5.85236,1.02461,-1.61868,0.948333,-9.33042,-9.17227,0.505,0.49762,0.113794,2.9443,27.3212
2.88631e+07,0.491797,-0.960465,9.4633,-5.78755,3.56582,-5.90315,3.5446,2.95974,4.61239,0.698304,4.48954,-9.08614,-8.94964,0.505,0.500955,0.116038,2.94385,27.3035
2.88832e+07,0.7568,-0.791876,8.76057,-5.14592,0.603987,-3.71587,0.591376,4.91741,-0.303638,1.42972,-0.341164,-8.58232,-8.45679,0.505,0.503882,0.10879,2.94234,27.2829
2.89031e+07,1.26779,-0.767792,8.16661,-5.30772,-4.18991,-3.50684,-4.13431,8.78607,-2.68532,3.42176,-2.69002,-8.735,-8.5681,0.512,0.506307,0.0910113,2.94191,27.2947
2.89231e+07,-0.501825,0.0462522,7.98188,0.331351,-7.64029,-1.57662,-7.53172,-3.59742,-5.49448,-0.790523,-5.46313,-7.60523,-7.55982,0.512,0.511462,0.0828106,2.9404,27.2888
2.89431e+07,-0.735915,0.342487,9.19816,2.1256,-5.42655,-1.43239,-5.34446,-4.57115,-3.78455,-1.4771,-3.77978,-6.30752,-6.27857,0.512,0.511607,0.0605158,2.94066,27.2829
2.89631e+07,-0.427865,0.272643,10.1332,1.53985,5.30628,-1.78554,5.20806,-2.41694,0.688728,-1.17036,0.6287,-5.91057,-5.92407,0.512,0.511465,0.044189,2.94099,27.3094
2.89831e+07,-0.0144717,-0.794284,9.10787,-4.98407,11.2452,-5.13969,11.0844,-0.090694,4.03224,-0.194556,3.92355,-8.67393,-8.56324,0.518,0.516024,0.0521665,2.93953,27.2859
2.90041e+07,-0.32507,-0.151238,8.5726,-1.00998,15.291,-4.10448,15.0839,-2.17126,3.45209,-0.525155,3.35125,-7.78843,-7.68429,0.518,0.515936,0.0461466,2.9384,27.2624
2.90241e+07,-0.85528,0.243742,8.7755,1.5835,11.52,-2.2925,11.3686,-5.56447,0.184911,-1.83444,0.138866,-6.50599,-6.47374,0.518,0.51659,0.0350402,2.93723,27.3006
2.90441e+07,0.0929724,-0.762975,10.0005,-4.36265,-1.88456,-2.91629,-1.84657,0.531105,0.505522,0.335935,0.431133,-7.95637,-7.81834,0.52,0.519394,0.0266341,2.93731,27.2594
2.90641e+07,0.121595,-0.649779,9.6137,-3.86637,-11.5487,-1.76672,-11.375,0.722995,-2.42578,0.236694,-2.45453,-7.66629,-7.5492,0.52,0.519848,0.00500833,2.93789,27.2624
2.90841e+07,-0.000289917,-0.271658,7.96669,-1.95299,-9.59449,-1.29885,-9.46247,-0.00208385,-9.96776,-0.337411,-9.85438,-7.00981,-6.90338,0.52,0.519755,-0.0184343,2.93676,27.2918
2.91041e+07,-0.56628,-0.0115497,9.34228,-0.0707043,-5.42655,-0.966546,-5.36288,-3.46873,-9.17387,-0.906218,-9.08671,-6.44492,-6.40407,0.524,0.523199,-0.022971,2.93686,27.2653
2.91241e+07,0.290971,-0.0717601,9.37943,-0.438139,2.31391,-0.751641,2.24562,1.77682,-2.28837,0.460608,-2.29951,-8.30752,-8.22555,0.524,0.523467,-0.0392067,2.93645,27.2506
2.91441e+07,0.900216,-1.3145,8.34412,-8.90176,5.70322,-4.70585,5.58729,6.08316,3.34522,2.44507,3.24562,-7.97164,-7.89054,0.524,0.522379,-0.0549916,2.93589,27.2712
2.91641e+07,-0.602238,0.491809,11.0312,2.54896,10.2528,-2.57459,10.1145,-3.12181,5.74216,-1.45246,5.60047,-7.26935,-7.19086,0.522,0.519873,-0.058925,2.93587,27.2771
2.91843e+07,0.200215,-0.00673292,10.8303,-0.0356133,15.917,-4.50793,15.7013,1.05908,5.78796,-0.0157195,5.65877,-9.62049,-9.43311,0.522,0.518286,-0.0486021,2.93585,27.2947
2.92051e+07,0.150317,-0.895438,10.4633,-4.89091,15.9322,-6.35956,15.7243,0.82007,3.10094,-0.186812,3.02047,-9.42202,-9.26954,0.522,0.518036,-0.0265234,2.93574,27.2565
2.9226e+07,0.205433,-1.59629,10.8942,-8.33456,6.74139,-7.67711,6.69207,1.06889,0.383384,-0.352477,0.340705,-8.6892,-8.53041,0.52,0.516137,-0.00159567,2.93607,27.2594
2.92461e+07,0.408686,-2.6295,9.75036,-15.08,-3.62502,-9.97249,-3.51486,2.31745,-1.1128,0.646338,-1.1458,-9.20828,-9.06602,0.52,0.515186,0.0088983,2.93595,27.2829
2.92661e+07,-0.557036,1.09391,10.27,6.0711,-4.34258,-2.35416,-0.238623,-3.08721,-5.50975,1.01208,-4.48873,-6.35332,-7.62878,0.52,0.517051,0.0171799,2.93626,27.2888
2.92871e+07,0.300194,1.11077,9.54989,6.63116,-10.5563,0.270304,-10.3958,1.78841,-3.72349,0.309742,-3.69619,-6.10904,-6.08704,0.518,0.516832,0.00601393,2.93495,27.2535
2.93071e+07,0.737415,0.222066,7.95498,1.5922,-11.9609,-1.3456,-11.7889,5.29405,-1.69295,2.28883,-1.70545,-7.07087,-6.96086,0.518,0.516841,-0.0100375,2.93532,27.2653
2.93271e+07,0.095142,0.022168,9.85459,0.128881,-5.62502,-1.272,-5.55685,0.553148,1.03987,0.810311,0.959913,-7.39149,-7.35341,0.521,0.518501,-0.0166634,2.93566,27.2829
2.93471e+07,-0.210458,-0.134379,8.69124,-0.885544,4.22231,-1.7747,4.14766,-1.38698,-1.52501,0.322911,-1.56595,-7.46782,-7.30127,0.521,0.520105,-0.0300006,2.93514,27.2976
2.93671e+07,-0.874375,0.214841,9.35478,1.30991,8.23758,-2.14763,8.13553,-5.33842,-3.79982,-1.31159,-3.80384,-7.43729,-7.31805,0.521,0.519521,-0.0409284,2.93549,27.3035
2.93871e+07,0.501529,-1.61074,9.13936,-9.98055,6.81773,-3.97332,6.67976,3.09342,0.429186,1.74672,0.363252,-7.08614,-6.9704,0.519,0.518904,-0.0552246,2.93439,27.3035
2.94071e+07,-0.415483,-1.31932,9.81727,-7.64721,-0.235707,-4.72296,-0.219584,-2.40184,1.63529,-0.169533,1.53916,-5.11668,-5.10985,0.519,0.517567,-0.0634502,2.93461,27.2829
2.94271e+07,-0.153001,-0.671455,9.98903,-3.84515,-4.22044,-3.19659,-4.14099,-0.875547,3.25361,0.140538,3.12941,-7.04034,-6.94042,0.519,0.517734,-0.065929,2.93525,27.3124
2.94471e+07,-0.263027,-0.0043245,9.34203,-0.0265122,-1.99143,-2.39517,-1.96194,-1.61275,-1.52501,-0.107103,-1.54696,-7.42202,-7.36679,0.516,0.516387,-0.0753431,2.93542,27.28
2.9467e+07,-0.318205,0.922915,10.3692,5.08384,-0.0983027,-0.429949,-0.0999686,-1.75079,-3.84562,-0.738572,-3.82906,-6.62813,-6.57102,0.516,0.514649,-0.0748854,2.9361,27.2506
2.94871e+07,0.369694,0.200391,9.74543,1.17713,2.78719,-2.79435,2.7488,2.17202,-4.88379,0.580742,-4.84451,-7.26935,-7.13044,0.516,0.51362,-0.0698989,2.93505,27.3006
2.95071e+07,-0.119346,-1.47827,11.5523,-7.29174,3.9017,-5.59885,3.8618,-0.587112,-0.807455,-0.346253,-0.853562,-6.99454,-6.92554,0.513,0.512765,-0.0562407,2.93524,27.2712
2.95271e+07,0.52564,-2.44886,9.9666,-13.7861,7.32154,-8.60286,7.22953,2.93195,5.65056,0.552498,5.51039,-8.06324,-7.91644,0.513,0.509459,-0.0504941,2.93542,27.3153
2.95471e+07,-0.656495,-1.89252,10.4149,-10.2791,8.55819,-7.54303,8.46957,-3.54887,6.96354,-1.50874,6.79714,-7.20828,-7.16252,0.513,0.509143,-0.031508,2.93618,27.28
2.95671e+07,0.75427,-0.281292,9.3502,-1.71759,10.0391,-3.81888,9.89128,4.60992,5.83377,1.5435,5.70785,-9.97164,-9.78277,0.508,0.507769,-0.026433,2.93648,27.2859
2.95871e+07,-0.277253,-0.367995,9.07317,-2.32148,-2.72426,-3.66467,-2.65748,-1.74883,0.856667,-0.642419,0.80045,-8.7808,-8.65124,0.508,0.506509,-0.0299269,2.93643,27.3035
2.96071e+07,-1.22054,-0.0452675,11.292,-0.228356,-11.1059,-3.83198,-10.8805,-6.16902,-4.31891,-1.80891,-4.3065,-6.90294,-6.8947,0.508,0.505621,-0.0228896,2.93655,27.3329
2.96271e+07,0.728504,-2.08038,9.00783,-12.9637,-5.28914,-7.81148,-5.20461,4.50562,2.52079,0.936084,2.44178,-8.46019,-8.30543,0.508,0.503594,-0.020921,2.93632,27.2947
2.96471e+07,-0.792869,-0.933972,9.49532,-5.59826,1.77956,-4.16114,1.75039,-4.75036,3.54369,-1.77799,3.42447,-6.94874,-6.84183,0.508,0.506169,-0.00672001,2.93585,27.2594
2.96671e+07,0.152672,-0.775017,9.72268,-4.55698,4.52765,-3.55575,4.45903,0.896777,6.23071,0.138845,6.07902,-7.9411,-7.80402,0.508,0.507011,-0.0042056,2.93575,27.28
2.96871e+07,-0.590378,0.776002,9.44803,4.68628,6.89406,0.100291,6.77719,-3.56362,0.230713,-1.19218,0.18292,-7.26935,-7.24756,0.508,0.50729,-0.0116,2.93573,27.2741
2.97071e+07,-0.791088,1.25046,10.3369,6.87765,2.57345,0.422873,2.54018,-4.34478,0.688728,-1.63802,0.624817,-8.81133,-8.69058,0.508,0.506922,-0.0198989,2.93555,27.2682
2.97271e+07,0.195276,0.58092,9.40193,3.5349,-1.64029,-0.513183,-1.61188,1.18759,0.291781,0.123822,0.245197,-8.01744,-7.90416,0.508,0.507085,-0.0269064,2.93571,27.2535
2.97471e+07,-0.534989,-0.90748,9.91775,-5.22049,-8.64792,-2.41183,-8.52579,-3.07487,-0.303638,-0.736348,-0.361646,-6.61286,-6.62918,0.504,0.50591,-0.0291581,2.93587,27.3124
2.97671e+07,-0.632855,-1.03513,10.6845,-5.52398,-9.53342,-3.57363,-9.37797,-3.37397,0.444453,-1.14278,0.367739,-9.31515,-9.17036,0.504,0.503392,-0.0409453,2.93483,27.3006
2.97871e+07,0.761832,-1.7143,9.08911,-10.6446,-7.21281,-5.14084,-7.10849,4.70859,3.62003,1.81821,3.49981,-10.3381,-10.1324,0.504,0.502542,-0.0492449,2.93326,27.3035
2.98072e+07,-0.700251,0.894014,10.2437,4.97628,6.43605,-0.441421,6.32702,-3.89586,-0.013562,-1.73823,-0.0533284,-7.13194,-7.12711,0.503,0.502228,-0.047927,2.93286,27.3094
2.98271e+07,0.453137,0.674848,9.84583,3.91687,12.8483,-0.688218,12.6319,2.62892,3.8643,0.976142,3.76203,-8.71973,-8.62585,0.503,0.501634,-0.0515606,2.93299,27.3035
2.98471e+07,0.551185,0.147406,9.49827,0.887621,9.79483,-1.45744,9.62205,3.32075,2.96354,0.838282,2.8841,-9.78843,-9.59587,0.503,0.501828,-0.0488245,2.9332,27.3153
2.98671e+07,-0.534805,-1.5722,10.921,-8.18243,-4.18991,-5.17329,-4.09673,-2.77499,3.00934,-0.914221,2.89915,-8.6892,-8.58284,0.5,0.500311,-0.0378913,2.93331,27.2947
2.98871e+07,0.305437,-0.570302,10.8696,-3.00223,0.115438,-2.34312,0.0978778,1.60738,4.56659,0.0179742,4.45034,-9.57469,-9.48789,0.5,0.499171,-0.0301981,2.93316,27.2682
2.99071e+07,-0.465765,-0.823185,9.57119,-4.90993,-8.47998,-3.80091,-8.34616,-2.77577,3.97117,-2.44991,3.87136,-9.81897,-9.68038,0.5,0.49835,-0.027831,2.93142,27.28
2.99271e+07,-0.694947,-1.00863,9.72067,-5.90894,-7.33494,-4.36601,-7.19011,-4.06745,3.28415,-1.18331,3.17515,-9.02507,-8.9427,0.496,0.49696,-0.0290513,2.93145,27.2535
2.99471e+07,-1.02223,-0.48119,11.0371,-2.48574,-2.87693,-2.7763,-2.81006,-5.28649,1.29941,-1.19539,1.21191,-8.20065,-8.1582,0.496,0.495093,-0.0340166,2.93148,27.2888
2.99671e+07,-0.413176,-1.0279,11.1616,-5.25812,-0.479982,-3.87808,-0.455674,-2.11107,0.994072,-0.723876,0.917059,-7.51362,-7.4283,0.496,0.494952,-0.0321458,2.93168,27.2535
2.99871e+07,0.0830722,0.491809,8.42132,3.34214,6.69559,0.571149,6.55917,0.564215,-1.66242,-0.292358,-1.66352,-8.79607,-8.69733,0.495,0.494891,-0.0324554,2.93153,27.2535
3.00071e+07,-1.00811,0.258193,9.75858,1.50756,0.145972,-1.45715,0.150778,-5.89594,-1.34181,-2.51536,-1.35838,-8.35332,-8.27569,0.495,0.494128,-0.0298978,2.92944,27.3065
3.00271e+07,-1.02724,0.378613,11.2213,1.92442,-6.72426,-2.08524,-6.58796,-5.22754,3.9101,-2.25533,3.80519,-7.25408,-7.20733,0.495,0.493578,-0.0240874,2.92881,27.2565
3.00471e+07,0.618492,-1.46382,8.46521,-9.78512,-7.89983,-4.57614,-7.79662,4.11787,9.31468,1.59067,9.11472,-9.81897,-9.64681,0.493,0.493022,-0.0325537,2.9278,27.2565
3.00671e+07,-0.104885,-1.96236,9.01111,-12.2848,-3.8693,-6.2801,-3.81494,-0.651594,4.76506,-0.53702,4.64717,-8.90294,-8.85024,0.493,0.491314,-0.0331364,2.92818,27.2976
3.00871e+07,-0.312968,-0.736482,9.92496,-4.24176,3.71849,-2.74348,3.64307,-1.80118,-0.761654,-1.09817,-0.786906,-9.43729,-9.36413,0.493,0.492056,-0.0221894,2.9282,27.2624
3.01072e+07,0.295802,-0.271658,9.8492,-1.57921,0.0696362,-2.3945,0.0680652,1.7196,1.7727,0.314628,1.69629,-10.9945,-10.8074,0.494,0.492552,-0.0161365,2.92704,27.3035
3.01271e+07,0.119269,-0.873762,9.07914,-5.49665,-5.38075,-4.38649,-5.2737,0.74917,2.21545,0.00246405,2.13529,-9.13194,-8.99636,0.494,0.49287,-0.0126286,2.9278,27.2947
3.01471e+07,-0.103149,0.38343,10.0097,2.19358,-0.418913,0.322893,-0.425747,-0.589977,0.597125,0.341808,0.535074,-8.23118,-8.16383,0.494,0.493404,-0.0119388,2.92801,27.2712
3.01671e+07,0.297883,0.831395,9.68952,4.90186,0.10017,0.659368,0.0607866,1.75444,-0.883791,-0.0995261,-0.89915,-9.45255,-9.28794,0.491,0.492099,-0.0182472,2.92805,27.2859
3.01871e+07,0.639503,0.260601,8.37536,1.77703,-1.04487,-0.650929,-1.05471,4.36426,1.78796,1.87008,1.71098,-8.59759,-8.50862,0.491,0.490331,-0.0278022,2.92825,27.2947
3.02071e+07,-0.843186,-0.312601,11.505,-1.55224,-5.30441,-1.8646,-5.22535,-4.19011,2.03224,-2.07005,1.95789,-6.8724,-6.83054,0.491,0.490358,-0.0186684,2.92709,27.2918
3.02271e+07,0.637507,-1.14832,9.76915,-6.69,-2.1441,-3.59789,-2.11827,3.70821,7.87957,1.37495,7.69913,-7.04034,-6.94055,0.49,0.489901,-0.0232621,2.92632,27.2976
3.02471e+07,0.365482,-1.82749,9.10114,-11.345,-3.22807,-5.22599,-3.18456,2.25468,5.66583,1.08522,5.51908,-7.8953,-7.79805,0.49,0.488881,-0.0327025,2.92577,27.2859
3.02671e+07,0.240737,0.248559,10.1184,1.4068,1.42841,-0.181333,1.39715,1.36252,0.0169723,1.27477,-0.0403298,-7.26935,-7.18992,0.49,0.489289,-0.0302326,2.92591,27.2918
3.02871e+07,1.04085,-0.428205,8.8535,-2.75008,-0.541051,-2.17006,-0.573607,6.69738,1.55896,2.18898,1.49829,-7.68156,-7.56659,0.488,0.488137,-0.0350996,2.92537,27.2918
3.03071e+07,-0.0241891,-0.196998,8.71472,-1.29496,-4.28151,-1.12421,-4.24639,-0.158992,1.60476,-0.125929,1.53357,-7.19301,-7.10326,0.488,0.487453,-0.035899,2.92537,27.2771
3.03271e+07,0.510727,-0.341502,10.1409,-1.9263,-6.03723,-2.5022,-5.95238,2.88152,3.68109,0.674608,3.58445,-6.8266,-6.72126,0.488,0.487295,-0.028872,2.92469,27.2476
3.03471e+07,-0.63552,-0.0380423,9.84563,-0.220923,-3.85403,-2.27759,-3.79312,-3.6932,3.08567,-2.464,3.00795,-6.53652,-6.45272,0.489,0.487223,-0.0187458,2.92506,27.2447
3.03671e+07,-0.838824,1.17339,10.5197,6.34464,1.21467,-0.00391315,1.20661,-4.53106,1.60476,-2.4798,1.54469,-6.20065,-6.15216,0.489,0.48767,-0.00875522,2.92465,27.2682
3.03871e+07,-0.547004,-0.637737,9.85647,-3.69634,-2.28151,-2.57035,-2.24484,-3.16987,-0.395241,0.210934,-0.467006,-5.58996,-5.58423,0.489,0.487998,-0.0165969,2.92519,27.2624
3.0407e+07,-0.611815,0.585737,10.4069,3.21586,-4.03723,-0.299671,-3.9624,-3.3592,-1.41814,-0.991083,-1.45962,-8.12431,-8.00576,0.488,0.487935,-0.0220096,2.92536,27.2712
3.04271e+07,0.171584,-0.0910274,9.06135,-0.575452,-7.51815,-1.55951,-7.39846,1.08476,-1.1586,0.330693,-1.18319,-7.81897,-7.68621,0.488,0.487501,-0.0326032,2.92587,27.2888
3.04471e+07,0.0762509,-0.738891,10.3425,-4.08629,-7.50288,-2.3658,-7.39886,0.421337,2.16964,-0.128466,2.07856,-6.7808,-6.677,0.488,0.487413,-0.035662,2.92601,27.2535
3.0467e+07,0.255558,-1.52644,9.01387,-9.6077,-10.2357,-4.72627,-10.0757,1.60121,4.47499,1.3636,4.33558,-8.15484,-8.00223,0.486,0.48614,-0.0469946,2.92648,27.2741
3.04871e+07,-0.76654,-1.16036,10.447,-6.32109,-8.22044,-4.12592,-8.06853,-4.17095,4.12384,-0.91156,3.9885,-6.50599,-6.44501,0.486,0.484753,-0.0504765,2.92659,27.2888
3.05071e+07,-0.420423,-0.726849,9.15582,-4.53424,2.66506,-2.68525,2.6026,-2.62087,2.58186,-1.35908,2.49337,-6.79607,-6.72628,0.486,0.484597,-0.0427018,2.92602,27.28
3.05271e+07,-0.425228,-0.620878,10.6328,-3.33921,3.64216,-2.78754,3.58504,-2.28628,1.58949,-1.4941,1.51806,-7.17774,-7.10058,0.485,0.484756,-0.0247458,2.92615,27.2682
3.05471e+07,1.01496,-1.78896,9.70607,-10.3878,3.07727,-5.68909,3.01135,5.87154,0.261247,1.58233,0.221173,-7.29988,-7.22517,0.485,0.483238,-0.0172442,2.92645,27.2624
3.05671e+07,-0.291947,0.951816,10.8536,5.00998,-1.42655,-0.0355329,-1.39735,-1.53492,-2.48684,0.13231,-2.50622,-7.25408,-7.16821,0.485,0.48366,-0.00845987,2.92656,27.28
3.05871e+07,0.692092,0.0582943,9.14662,0.364118,-6.73952,-1.18989,-6.65065,4.32704,-1.38761,2.00584,-1.40864,-8.30752,-8.16841,0.483,0.48357,-0.0139697,2.92548,27.2624
3.06071e+07,-0.59503,0.330445,9.4117,2.00683,-9.64029,-0.450148,-9.50031,-3.61533,-3.67768,-1.35128,-3.66521,-5.8037,-5.79693,0.483,0.482645,-0.0214767,2.92497,27.2594
3.06271e+07,0.389358,-1.81786,8.90407,-11.5282,-14.4952,-5.06121,-14.2784,2.4533,-0.899058,1.21848,-0.942467,-7.86477,-7.75966,0.483,0.481924,-0.0322814,2.9238,27.2859
3.06471e+07,-0.248469,-0.835227,10.2476,-4.65819,-6.46472,-2.35108,-6.37144,-1.38436,0.642926,0.464164,0.559199,-6.52126,-6.49167,0.485,0.482971,-0.0343635,2.92405,27.2653
3.06671e+07,0.55154,-1.12905,9.67904,-6.64277,0.634522,-3.7347,0.607492,3.23944,2.64293,1.05183,2.54995,-7.78843,-7.66046,0.485,0.484022,-0.0371496,2.92445,27.2535
3.06871e+07,0.615642,0.200391,9.46031,1.21091,5.97803,-1.18861,5.87059,3.72251,-0.883791,1.43621,-0.910115,-7.8495,-7.72245,0.485,0.483739,-0.0347583,2.92491,27.28
3.07071e+07,0.4533,0.0871952,9.1255,0.546777,2.16124,-0.766685,2.09431,2.84364,-1.32654,0.344039,-1.32729,-7.8495,-7.76382,0.485,0.484121,-0.0271572,2.92443,27.2829
3.07271e+07,-0.855361,0.53516,10.8059,2.82641,-3.09067,-0.704558,-3.05697,-4.52039,-1.09753,-2.51226,-1.11472,-7.98691,-7.92438,0.483,0.48236,-0.0153893,2.92312,27.2418
3.07471e+07,-0.515836,-1.09052,10.257,-6.06128,-13.1365,-4.05643,-12.9125,-2.86295,2.07804,-2.04515,2.0113,-8.49072,-8.39448,0.483,0.481952,-0.00421311,2.92331,27.28
3.07671e+07,-0.704643,-0.486007,11.7681,-2.36067,-10.6937,-3.38026,-10.4956,-3.42372,3.89483,-1.53029,3.78313,-8.94874,-8.85982,0.483,0.481881,0.00719135,2.92367,27.2741
3.07871e+07,0.484854,-1.75524,9.62823,-10.3189,-7.79296,-5.55321,-7.67059,2.83617,3.36048,0.466701,3.27121,-9.25408,-9.12253,0.484,0.482775,0.0123277,2.92425,27.2418
3.08071e+07,0.305265,0.0486606,9.29889,0.299662,1.062,-1.14059,1.02728,1.88021,0.322316,0.587707,0.267616,-7.40675,-7.31239,0.484,0.483391,0.00851499,2.92329,27.2682
3.08273e+07,0.885771,-0.890621,8.04329,-6.28087,0.619254,-3.37299,0.583156,6.24653,-2.94486,2.20097,-2.9325,-9.65103,-9.49004,0.484,0.483121,-0.000519325,2.92187,27.2829
3.08481e+07,-0.415952,0.36898,9.15282,2.30615,0.603987,0.0696273,0.57194,-2.59992,-5.72349,-0.62742,-5.68324,-7.29988,-7.3017,0.486,0.485389,-0.00242444,2.92154,27.2653
3.08681e+07,0.238697,-1.00141,8.95537,-6.37818,-8.06777,-3.53275,-7.94932,1.51735,-1.58608,0.647996,-1.61553,-9.62049,-9.4875,0.486,0.485478,-0.0136495,2.92122,27.28
3.08881e+07,-0.881363,-0.416163,9.75739,-2.43236,-12.0525,-2.11479,-11.85,-5.15673,0.24598,-1.00332,0.162863,-8.13958,-8.05251,0.486,0.485273,-0.0257639,2.92024,27.2771
3.0908e+07,-0.0573758,-1.07125,9.69865,-6.30287,-8.95326,-4.29631,-8.79561,-0.336901,4.36812,0.264878,4.22518,-9.6663,-9.5121,0.486,0.484965,-0.0343628,2.92007,27.2535
3.09281e+07,-0.738343,0.484583,10.1315,2.73111,1.24521,-0.596617,1.20809,-4.16339,-2.30364,-2.17098,-2.29903,-8.12431,-8.06054,0.486,0.485116,-0.0310271,2.91882,27.2888
3.09481e+07,0.567776,0.590554,10.0593,3.3545,4.63452,-0.992997,4.55278,3.22498,-1.09753,0.829166,-1.10962,-9.46782,-9.31955,0.486,0.484782,-0.0288974,2.9183,27.2741
3.09681e+07,0.314876,-0.165688,10.0749,-0.941721,4.61925,-2.6228,4.52788,1.78987,-1.96776,-0.30135,-1.95767,-10.277,-10.1282,0.485,0.483742,-0.01928,2.9178,27.2771
3.09881e+07,0.0932349,-1.70707,10.7801,-8.99794,-2.23571,-5.8851,-2.17424,0.489427,1.14674,-0.190336,1.07103,-9.17774,-9.02693,0.485,0.483335,-0.00556198,2.91733,27.2594
3.10081e+07,0.594706,-1.79618,9.33367,-10.8714,2.8788,-6.26889,2.83329,3.58023,-0.56318,0.580275,-0.587425,-9.74263,-9.59813,0.485,0.482894,0.00688141,2.91647,27.2712
3.10281e+07,-0.177172,0.38343,11.1826,1.96355,1.53528,-0.11938,1.50776,-0.90716,-1.08226,-0.248431,-1.11445,-8.94874,-8.88382,0.485,0.484453,0.0268532,2.91471,27.2653
3.10481e+07,0.713796,-0.70999,9.40416,-4.30516,-3.9151,-3.90044,-3.84367,4.32828,0.169644,1.63516,0.116612,-9.51362,-9.34442,0.485,0.484117,0.0202743,2.91381,27.28
3.10681e+07,-0.152723,-1.66854,9.05673,-10.4372,-11.4723,-5.78474,-11.2794,-0.950099,-2.16623,-0.0680343,-2.19537,-8.03271,-7.99566,0.485,0.483786,0.00639833,2.91388,27.2859
3.10881e+07,-0.24109,-1.61074,9.40591,-9.71436,-10.8922,-5.09166,-10.7145,-1.44721,-3.50975,0.547182,-3.53727,-8.04797,-8.01804,0.487,0.485431,0.00205804,2.91377,27.2771
3.11081e+07,0.238304,0.412331,7.90348,2.98511,-1.42655,-0.488492,-1.41703,1.7247,-7.23494,0.783396,-7.15777,-9.10141,-8.98164,0.487,0.486012,-0.00973277,2.91308,27.2712
3.11281e+07,-0.841054,0.607413,9.65453,3.58646,-0.373112,-0.792687,-0.357104,-4.96898,-6.50211,-1.22348,-6.45755,-8.61286,-8.50645,0.487,0.48606,-0.0194716,2.91226,27.2976
3.11481e+07,0.188201,0.263009,10.071,1.49571,4.74139,-1.84397,4.67606,1.07022,0.871934,0.195184,0.812506,-9.46782,-9.25842,0.488,0.486815,-0.022035,2.91139,27.2418
3.11681e+07,-0.508603,-1.33859,11.0377,-6.90748,6.75666,-4.59363,6.65363,-2.61909,5.7727,-1.08899,5.62333,-6.42965,-6.41956,0.488,0.486753,-0.0104883,2.90973,27.2741
3.11881e+07,0.343838,-1.27356,11.246,-6.45798,11.4895,-5.21597,11.3058,1.74012,7.51316,-0.699546,7.36516,-8.00217,-7.86811,0.488,0.486019,0.00732745,2.91,27.2594
3.12081e+07,0.873798,-0.7702,9.00268,-4.86712,11.2757,-4.6118,11.0908,5.5237,5.11621,1.18635,5.01255,-9.23881,-9.08284,0.489,0.48636,0.0239635,2.90958,27.2624
3.12281e+07,-0.795392,-0.447473,10.9278,-2.33867,-6.37311,-4.50005,-6.21521,-4.15954,-3.09753,-1.10422,-3.105,-6.75026,-6.71533,0.489,0.486999,0.0286825,2.90919,27.2829
3.12481e+07,0.283931,-0.517317,10.554,-2.80517,-7.1212,-3.64309,-6.98517,1.5392,-5.87616,0.608278,-5.83687,-8.42965,-8.3178,0.489,0.487843,0.0248482,2.90814,27.2565
3.12681e+07,0.737787,-1.1146,8.91202,-7.10476,-9.45708,-4.16328,-9.31514,4.69605,-8.48684,2.00458,-8.40475,-7.98691,-7.86923,0.489,0.488133,0.00667296,2.90714,27.2271
3.12881e+07,0.135762,-0.0741685,9.0994,-0.466951,-5.36548,-2.01229,-5.28645,0.854755,-9.43341,1.13,-9.35357,-8.88767,-8.69366,0.489,0.488169,-0.00431355,2.90619,27.2741
3.13081e+07,0.763932,-0.67868,8.27878,-4.66679,3.61162,-3.84095,3.53623,5.25456,-5.14333,1.82338,-5.10724,-9.98691,-9.76647,0.489,0.487451,-0.0119209,2.90588,27.2535
3.13281e+07,-0.647481,0.0390269,9.78166,0.228099,10.9093,-2.20141,10.7295,-3.78705,-3.64715,-1.7344,-3.63572,-8.26171,-8.15427,0.49,0.488664,-0.00634399,2.90482,27.2653
3.13481e+07,-0.0140927,-2.15745,10.1883,-11.9561,8.06964,-7.54732,7.97436,-0.0775334,3.55896,-0.364446,3.45555,-8.23118,-8.14331,0.49,0.487679,-0.00451856,2.905,27.2329
3.13681e+07,-0.419989,-2.2875,10.6135,-12.1536,8.9704,-8.04544,8.87172,-2.21527,4.09331,-1.01732,3.97491,-8.00217,-7.9516,0.49,0.486781,0.00640353,2.9045,27.2594
3.13881e+07,-0.150445,-1.27356,11.0826,-6.55481,11.6269,-4.82718,11.4539,-0.772655,2.15438,-0.678381,2.07335,-9.05561,-8.95345,0.488,0.48647,0.0161014,2.9047,27.2535
3.1408e+07,-0.0479362,-0.669047,9.08911,-4.20988,2.80246,-4.99981,2.79592,-0.301362,-4.63952,-0.544049,-4.59775,-10.0327,-9.88621,0.488,0.486062,0.0191513,2.90378,27.2565
3.14281e+07,-0.327018,-1.73116,9.43191,-10.3943,-6.15937,-6.755,-6.02017,-1.95313,-11.0975,-0.115911,-10.9806,-9.46782,-9.37036,0.488,0.485925,0.0153555,2.90284,27.2624
3.14481e+07,0.367163,0.715791,9.81273,4.16915,6.66506,-0.914219,6.54226,2.13716,-16.7159,-0.692224,-16.4675,-9.98691,-9.79925,0.492,0.489924,0.0293798,2.90252,27.2829
3.1468e+07,0.00682941,-0.112703,9.6289,-0.670597,7.18414,-3.39453,7.07535,0.0406349,-13.9983,-0.203233,-13.8239,-9.63576,-9.49531,0.492,0.490472,0.0287373,2.90223,27.2888
3.14881e+07,-0.716258,-1.65168,9.89535,-9.45187,7.73376,-6.80989,7.64844,-4.08374,-4.63952,-1.34654,-4.63802,-7.14721,-7.14593,0.492,0.489847,0.0263429,2.90093,27.2859
3.15081e+07,-0.570738,-1.15555,10.3519,-6.3598,18.207,-5.38123,17.9434,-3.1363,2.82613,-1.35838,2.71664,-7.28462,-7.22948,0.494,0.491842,0.0376423,2.90038,27.2859
3.15281e+07,0.119453,-1.53367,9.04009,-9.62782,7.62689,-7.54167,7.55942,0.746381,9.37575,-0.515192,9.1913,-8.964,-8.83432,0.494,0.491096,0.0353503,2.89969,27.2447
3.15481e+07,0.100632,-2.54761,9.00525,-15.7954,-3.22807,-8.80016,-3.14015,0.616067,9.34522,0.1708,9.14829,-9.52889,-9.41692,0.494,0.490982,0.0316528,2.89776,27.2506
3.15681e+07,-0.68357,1.01443,10.0753,5.73638,2.06964,2.16753,2.0245,-3.86189,-1.55555,-2.13915,-1.56204,-7.72736,-7.68276,0.495,0.493572,0.0397444,2.89711,27.2565
3.15881e+07,-0.836444,1.20229,10.7595,6.35689,0.37498,-0.575442,0.383704,-4.41785,-10.4105,-1.9229,-10.2886,-8.64339,-8.55125,0.495,0.493612,0.032399,2.89717,27.2653
3.16081e+07,-0.423188,0.629088,10.4852,3.43072,4.40551,-2.25916,4.36587,-2.30709,-13.0517,-1.27667,-12.8951,-8.52126,-8.42346,0.495,0.493266,0.0286893,2.89655,27.2682
3.16281e+07,0.129183,-2.17671,8.75177,-13.9656,10.5429,-10.027,10.4023,0.82067,-12.0594,0.157862,-11.9174,-7.20828,-7.10374,0.497,0.492901,0.019013,2.89563,27.2094
3.16481e+07,-0.730828,-0.779834,9.83265,-4.52225,17.0009,-4.47757,16.7377,-4.23753,-8.02883,-2.30463,-7.94156,-7.28462,-7.23809,0.497,0.494903,0.0254556,2.8939,27.3035
3.16681e+07,-1.05354,0.508668,10.8417,2.67365,15.3826,-2.51847,15.1651,-5.54426,0.490255,-2.69696,0.441817,-7.51362,-7.47508,0.497,0.494924,0.0266371,2.89311,27.2888
3.16881e+07,0.941005,-2.01776,8.3762,-13.4625,7.65742,-10.7283,7.57815,6.23305,13.7116,2.38386,13.4473,-8.61286,-8.4663,0.501,0.495278,0.0220332,2.89261,27.2329
3.17081e+07,0.890858,-2.01053,8.11271,-13.8389,5.58109,-7.80579,5.48936,6.08395,10.7651,2.50065,10.5508,-8.23118,-8.11275,0.501,0.497494,0.0275704,2.89188,27.2712
3.17281e+07,0.771354,-1.60833,7.85467,-11.5181,0.756659,-6.49336,0.741145,5.49535,-0.212035,2.31573,-0.244625,-8.33805,-8.27613,0.501,0.498491,0.0225837,2.89034,27.2476
3.17481e+07,-1.18495,0.766368,11.0393,3.94861,-1.09067,-3.37122,-1.01482,-6.11204,-13.0365,-2.34716,-12.8743,-6.47545,-6.44077,0.503,0.499538,0.0215685,2.88973,27.2771
3.17681e+07,-0.449506,0.814536,10.1982,4.56213,2.43605,-1.34427,2.41394,-2.51578,-17.3418,-1.0511,-17.1153,-8.21591,-8.10913,0.503,0.501302,0.0126589,2.88881,27.2682
3.17881e+07,0.183472,0.0944205,10.1562,0.532569,6.35971,-2.49703,6.25933,1.0349,-11.8914,-0.327816,-11.746,-7.49836,-7.36796,0.503,0.501751,0.00772271,2.88827,27.2918
3.18081e+07,-0.654284,-1.2567,9.72023,-7.35028,6.34445,-4.11992,6.24048,-3.81917,-1.73875,-1.12788,-1.79034,-6.53652,-6.48511,0.507,0.505603,0.0113125,2.88809,27.2653
3.18281e+07,-0.0217115,-0.519725,9.322,-3.19107,9.84063,-2.48674,9.67182,-0.133238,5.10094,-0.202166,4.96045,-7.98691,-7.85467,0.507,0.506301,0.00348949,2.88759,27.2476
3.18482e+07,0.728067,-0.507683,8.93675,-3.24068,8.83299,-2.82081,8.68055,4.65007,9.43682,1.35475,9.23948,-8.7808,-8.62146,0.507,0.505856,-0.00916067,2.8856,27.2329
3.18681e+07,-0.621184,-0.0717601,9.18078,-0.446812,1.30628,-2.92241,1.30596,-3.87069,2.76506,-0.937435,2.67746,-7.97164,-7.92231,0.506,0.504425,-0.0252344,2.88522,27.2359
3.18881e+07,-0.984166,0.0366185,10.2924,0.202922,0.894064,-3.42653,0.913153,-5.46201,-3.12807,-1.57444,-3.12704,-7.20828,-7.21941,0.506,0.503865,-0.0274815,2.88477,27.2771
3.19081e+07,-1.43785,0.00771757,11.1831,0.0392176,3.71849,-4.02915,3.69665,-7.32651,-6.15097,-2.87772,-6.10266,-8.03271,-7.98256,0.506,0.503326,-0.025187,2.88528,27.2506
3.19281e+07,0.864602,-2.04907,9.36864,-12.2866,6.25284,-6.11054,6.14643,5.15161,0.978804,0.483984,0.937255,-9.81897,-9.67659,0.505,0.502622,-0.0203004,2.88509,27.2182
3.19481e+07,0.692719,-2.19839,8.92694,-13.7947,6.0391,-7.87059,5.95315,4.30896,3.13148,0.771436,3.05187,-9.97164,-9.81374,0.505,0.50179,-0.0139701,2.88372,27.2388
3.19691e+07,0.668605,-1.35063,8.23505,-9.28413,1.62689,-5.34277,1.5966,4.58074,0.856667,1.94627,0.807419,-8.00217,-7.94986,0.505,0.502799,-0.0147587,2.88361,27.2565
3.19901e+07,1.03126,-0.2837,7.55029,-2.13209,-3.36548,-2.68583,-3.3191,7.77223,-1.90669,3.05948,-1.9109,-9.46782,-9.2825,0.505,0.502827,-0.0265962,2.88392,27.2271
3.20101e+07,0.369974,-0.806326,8.07948,-5.69328,-6.70899,-3.41562,-6.62402,2.6089,-5.76929,0.844649,-5.71099,-8.07851,-7.99034,0.505,0.503955,-0.0324412,2.88346,27.2535
3.20301e+07,-0.418067,-0.613653,8.89483,-3.94224,-6.66319,-2.1816,-6.45235,-2.68461,-8.62425,1.45965,-4.55931,-7.54416,-7.67138,0.505,0.503969,-0.0347972,2.88344,27.2565
3.20511e+07,0.512975,0.164264,9.66215,0.972612,0.390247,-1.99407,0.383844,3.03861,-5.12807,0.693292,-5.08404,-8.01744,-7.87446,0.506,0.50467,-0.0402629,2.88283,27.2712
3.20711e+07,-0.348888,-0.365587,9.50772,-2.20055,4.43605,-3.02376,4.36638,-2.09999,-2.31891,-1.43295,-2.31988,-6.15484,-6.11905,0.506,0.504831,-0.0432251,2.8831,27.2476
3.20911e+07,-1.22533,0.022168,11.0903,0.113834,10.0849,-3.1782,9.95599,-6.30483,3.58949,-2.22254,3.47374,-5.25408,-5.29608,0.504,0.503283,-0.0453175,2.88344,27.2565
3.21111e+07,0.568536,-2.14059,9.00787,-13.342,12.4971,-6.89781,12.2982,3.51386,8.49026,0.991549,8.31096,-8.32278,-8.15129,0.504,0.501532,-0.0451592,2.88359,27.23
3.21311e+07,-0.355625,-1.90215,9.94449,-10.8218,5.65742,-6.08433,5.58136,-2.01164,2.933,-1.28905,2.84714,-6.17011,-6.121,0.504,0.501849,-0.0283588,2.88373,27.2535
3.21513e+07,-0.518171,-1.28078,10.5059,-6.94229,-2.96853,-4.75148,-2.91399,-2.80292,-3.23494,-1.74903,-3.22045,-6.00217,-6.00363,0.501,0.501139,-0.0193667,2.88328,27.2447
3.21721e+07,0.278986,0.092012,8.52735,0.61788,-8.46472,-1.41751,-8.3379,1.87375,-7.03646,0.415156,-6.96229,-6.41439,-6.34087,0.501,0.500132,-0.0269663,2.88336,27.2712
3.21921e+07,-0.666582,0.0342101,9.07652,0.215371,-11.1823,-1.86952,-11.0079,-4.20025,-11.3876,-1.69973,-11.2485,-4.85713,-4.88913,0.501,0.500116,-0.0301156,2.8841,27.2771
3.22121e+07,0.271717,0.472541,9.43255,2.86676,-0.81586,-0.547689,-0.824919,1.64796,-7.64715,0.174807,-7.562,-6.12431,-6.06773,0.502,0.500558,-0.0334509,2.88414,27.2594
3.22321e+07,-0.783685,0.388247,10.4685,2.11804,5.04674,-1.72486,4.98025,-4.27832,-4.1357,-1.99713,-4.12006,-6.35332,-6.29584,0.502,0.500766,-0.033138,2.88493,27.2359
3.22521e+07,0.17622,0.412331,9.44441,2.49944,8.20704,-0.829995,8.07023,1.06792,2.04751,0.178743,1.97052,-7.81897,-7.72749,0.502,0.501064,-0.0397541,2.88577,27.2594
3.22721e+07,-0.876792,0.320811,9.34783,1.957,-0.0219668,-1.3131,-0.00689078,-5.35532,3.63529,-2.35567,3.53244,-7.54416,-7.4801,0.499,0.49981,-0.0460831,2.88639,27.23
3.22921e+07,0.726049,-1.83713,9.29787,-11.1438,-8.43418,-5.09146,-8.31413,4.38068,7.51316,1.42419,7.34959,-8.49072,-8.34167,0.499,0.49774,-0.0576859,2.88724,27.2329
3.23121e+07,-0.386651,-1.95755,9.92306,-11.1513,-8.8922,-5.74511,-8.75291,-2.18925,3.69636,-1.0312,3.58603,-8.00217,-7.92915,0.499,0.497194,-0.0561879,2.88754,27.2359
3.23321e+07,-0.609103,-0.579935,11.1862,-2.9634,-3.71662,-2.73976,-3.6527,-3.11259,1.80323,-1.45107,1.71742,-7.28462,-7.20734,0.498,0.497541,-0.0491663,2.88808,27.2418
3.23521e+07,-0.341506,-1.15314,9.41386,-6.97904,1.61162,-4.42916,1.57673,-2.06221,-1.32654,-1.48494,-1.33791,-8.59759,-8.55193,0.498,0.496586,-0.0421481,2.88859,27.2418
3.23721e+07,-0.0241837,-0.216265,10.2461,-1.20917,6.69559,-1.59674,6.56941,-0.135205,-1.296,-0.964926,-1.30798,-7.8953,-7.83103,0.498,0.497123,-0.0335136,2.88891,27.2535
3.23921e+07,0.732751,-0.17773,9.62817,-1.05448,6.98567,-1.26588,6.83595,4.35136,-1.92196,0.204189,-1.90584,-7.78843,-7.70369,0.498,0.496868,-0.0298115,2.88954,27.2418
3.2412e+07,-1.29933,-0.0669433,10.4278,-0.364992,-9.68609,-2.41567,-9.49437,-7.10243,-2.83799,-2.36746,-2.85864,-7.37622,-7.31664,0.495,0.493886,-0.0388823,2.89032,27.2741
3.24321e+07,-0.0026262,-0.457106,10.578,-2.47437,-10.6937,-2.29315,-10.5121,-0.0142115,-0.883791,-1.07493,-0.906101,-9.54416,-9.32817,0.495,0.494166,-0.0339925,2.89156,27.2712
3.24521e+07,-0.351075,-1.09052,9.62052,-6.4628,-8.78533,-3.8047,-8.64287,-2.07664,-2.21204,-1.74624,-2.21075,-7.81897,-7.75221,0.495,0.493985,-0.0342708,2.89241,27.2535
3.24721e+07,0.859523,-0.958056,9.00239,-6.0474,5.1078,-3.99674,4.99374,5.42347,-1.00593,1.04719,-1.02056,-8.15484,-8.02232,0.493,0.491633,-0.0393027,2.89312,27.2418
3.24921e+07,-0.193619,-0.582344,9.05613,-3.67843,8.35971,-1.92364,8.19016,-1.22226,0.261247,-1.3685,0.219132,-7.86477,-7.79209,0.493,0.492064,-0.0360661,2.89422,27.2506
3.25121e+07,-0.0217323,-0.445064,9.58566,-2.65834,-0.144104,-2.81947,-0.133628,-0.129759,3.48262,-1.14841,3.39545,-8.32278,-8.16936,0.493,0.492007,-0.030087,2.89519,27.2829
3.25321e+07,-0.764263,-0.760566,10.1556,-4.27093,-4.66319,-2.7065,-4.57952,-4.29172,2.85667,-1.8441,2.76203,-7.28462,-7.23884,0.491,0.490325,-0.0337928,2.89703,27.28
3.25521e+07,-0.728351,-1.10015,11.5558,-5.42765,-5.67082,-3.99141,-5.56446,-3.59033,4.87193,-2.57061,4.75304,-6.76553,-6.69457,0.491,0.48965,-0.024998,2.89887,27.2535
3.25721e+07,-0.766941,0.282277,9.5566,1.68645,-2.63265,-0.592122,-2.60539,-4.5863,2.8872,-2.88415,2.81908,-7.31515,-7.25218,0.491,0.489959,-0.0175164,2.89918,27.2594
3.25921e+07,-0.396896,0.537569,10.9148,2.81777,-2.72426,-0.218489,-2.70459,-2.08003,5.62003,-2.55565,5.51598,-5.57469,-5.54227,0.489,0.488285,-0.0103098,2.90048,27.2447
3.26121e+07,0.568141,-0.722032,9.42563,-4.37257,-2.63265,-3.01481,-2.62948,3.43935,8.06277,-0.418742,7.91944,-6.30752,-6.22481,0.489,0.487767,-0.00294776,2.90088,27.2741
3.26321e+07,-0.621527,1.16376,10.3936,6.3774,-4.69372,2.86823,-4.6389,-3.40095,5.37575,-2.42964,5.25926,-7.37622,-7.24757,0.489,0.487977,0.0070742,2.90117,27.2476
3.26521e+07,0.183435,0.229292,9.04286,1.45219,-0.937997,-0.0806679,-0.953538,1.16171,4.27651,-0.534028,4.18828,-7.65103,-7.50195,0.491,0.49055,0.0112169,2.90288,27.2506
3.26721e+07,-0.442204,0.315995,9.57537,1.88811,0.10017,-0.411863,0.0750828,-2.64268,-1.34181,-1.81871,-1.34715,-6.03271,-6.02896,0.491,0.490651,0.00891532,2.90266,27.2653
3.26921e+07,-0.243789,-0.488416,9.04683,-3.08914,-8.34258,-2.77647,-8.21569,-1.54136,-1.12807,-1.55615,-1.14853,-6.7808,-6.6706,0.491,0.490432,9.8949e-05,2.90294,27.2859
3.27121e+07,-0.745504,0.477358,10.1647,2.68158,-7.73189,-0.247154,-7.60548,-4.1901,-1.83036,-1.43093,-1.84719,-7.23881,-7.19036,0.491,0.490464,-0.00591182,2.90431,27.2682
3.27329e+07,0.53431,0.723016,9.62741,4.28826,-2.75479,0.399322,-2.73867,3.16769,2.39865,0.581496,2.32865,-6.76553,-6.60808,0.491,0.490508,-0.0133463,2.93668,27.2565
3.27531e+07,-1.53823,0.359346,8.4415,2.39811,-7.64029,1.24113,-7.66195,-10.3181,0.673461,-6.45281,0.703958,-9.7121,-9.68614,0.491,0.48928,-0.0276713,2.97417,27.2682
3.27741e+07,-1.16748,-1.94791,7.6255,-14.1713,-5.67082,-6.11221,-5.63035,-8.43764,6.76506,-4.27254,6.72585,-12.9029,-12.9417,0.494,0.491302,-0.0723164,3.00971,27.2565
3.2794e+07,-1.59493,-1.83472,10.43,-9.86432,-3.77769,-6.19906,-3.72899,-8.56467,11.6964,-6.17281,11.701,-15.8495,-15.9299,0.494,0.489814,-0.0997497,3.04364,27.2594
3.28141e+07,-3.27463,1.93445,10.0434,10.3771,8.80246,2.05931,6.86005,-17.7532,29.9864,-17.7177,25.1011,-15.819,-15.6664,0.494,0.474139,-0.182903,3.07612,27.2476
3.28351e+07,-5.86287,1.27695,12.8533,5.16488,8.42078,7.19476,8.44341,-24.4135,48.1086,-21.9171,48.1014,-19.9869,-19.9377,0.489,0.454842,-0.239795,3.10673,27.2594
3.28551e+07,-1.49338,2.22587,-2.31555,38.9325,14.9551,18.2805,14.8707,-24.9363,46.017,-23.6599,45.8824,-8.10904,-8.19786,0.489,0.440168,-0.31937,3.13589,27.28
3.28751e+07,-2.18428,-3.46762,9.94119,-18.8133,4.26811,-16.7064,4.29539,-11.7204,90.8872,9.40715,90.5443,-18.9793,-18.884,0.483,0.44583,-0.409961,3.1636,27.2712
3.28951e+07,3.72335,-3.86501,11.9108,-17.2086,5.45895,-6.0079,5.56584,16.5593,128.902,27.3468,127.773,-16.0938,-16.3055,0.483,0.42558,-0.471113,3.19008,27.2712
3.29161e+07,-18.1172,1.11318,14.1362,2.77335,17.6574,2.99308,17.6085,-51.9505,107.345,-8.39246,107.952,-25.2235,-24.7908,0.483,0.436871,-0.510541,3.21516,27.2888
3.29361e+07,-5.22025,0.226883,5.96578,1.63939,18.3292,3.09323,18.3523,-41.1664,81.4521,-22.6111,81.9691,-18.2312,-18.4506,0.478,0.449879,-0.521003,3.23907,27.23
3.29561e+07,-2.43407,1.7779,11.1441,8.85905,12.8635,3.40103,12.9364,-12.1717,79.9712,-8.48674,80.3133,-20.2006,-20.3277,0.478,0.466925,-0.456089,3.26162,27.2653
3.29761e+07,-1.02999,1.67916,9.36913,10.1012,6.64979,3.78075,6.83155,-6.17597,81.4063,-5.94764,81.6836,-19.819,-19.9668,0.478,0.471506,-0.434381,3.28303,27.2682
3.29961e+07,-0.122448,1.0891,10.8299,5.74219,5.84063,3.38564,5.93569,-0.644534,90.1849,-1.41526,90.2737,-18.6281,-18.8901,0.476,0.472847,-0.398456,3.30347,27.2565
3.30161e+07,-0.186589,-0.100661,11.9297,-0.483382,-5.21281,1.6023,-4.99277,-0.896041,96.0475,1.2589,95.9969,-20.048,-20.1999,0.476,0.472753,-0.356283,3.32296,27.2712
3.3036e+07,1.8046,0.874747,11.3811,4.34106,-8.20517,3.13868,-8.19418,8.9838,92.5971,6.676,92.7011,-24.8724,-24.6862,0.476,0.471232,-0.306972,3.34139,27.2741
3.30561e+07,1.75236,-0.199406,10.7693,-1.04701,-17.1212,0.785074,-17.072,9.24056,98.0475,9.35642,97.9192,-23.6358,-23.6847,0.477,0.468375,-0.275139,3.35874,27.2741
3.30761e+07,3.02716,0.922915,10.4091,4.86627,-20.2968,2.82193,-20.3423,16.1554,90.3834,13.1125,90.4431,-25.2388,-25.2975,0.477,0.465438,-0.256821,3.37437,27.2594
3.30971e+07,2.64518,0.655581,10.8126,3.37051,-26.3884,2.05597,-26.3654,13.7225,83.4674,14.2013,83.5751,-24.9487,-24.9932,0.477,0.461693,-0.245484,3.39024,27.2741
3.31181e+07,3.79624,0.202799,11.5849,0.953035,-29.0907,1.04911,-29.1014,18.1408,75.5437,18.4533,75.5574,-27.4831,-27.5227,0.487,0.45891,-0.238153,3.40522,27.3094
3.3138e+07,4.19753,-0.245166,12.0871,-1.09769,-31.2891,-0.460759,-31.2782,19.147,65.3147,20.2491,65.3477,-29.0251,-29.0109,0.487,0.456208,-0.22409,3.41954,27.2712
3.31581e+07,4.36227,-0.196998,11.833,-0.894914,-29.3349,-0.625753,-29.3174,20.2339,51.9559,21.6056,52.0401,-30.4449,-30.3578,0.487,0.450754,-0.228751,3.43323,27.2888
3.31781e+07,5.11196,0.154631,11.0827,0.725877,-25.1823,-0.299082,-25.1861,24.7597,39.7574,24.5226,39.8348,-29.6663,-29.6161,0.505,0.453836,-0.229895,3.44565,27.2741
3.31991e+07,5.71853,-0.0549012,12.0481,-0.235865,-20.0525,-1.24719,-20.1147,25.3906,28.4292,25.2855,28.4747,-27.59,-27.6649,0.505,0.455091,-0.242298,3.45812,27.2829
3.32191e+07,6.13657,-0.666638,12.6902,-2.70764,-16.0983,-1.87892,-16.1289,25.7759,13.5742,26.2289,13.6224,-29.0403,-29.0116,0.505,0.451433,-0.261173,3.46979,27.3212
3.32391e+07,5.50363,-0.088619,10.3507,-0.433117,-11.7319,-1.15142,-11.7208,27.9994,0.154377,27.292,0.23206,-27.193,-27.1869,0.53,0.461946,-0.261613,3.48106,27.3006
3.32591e+07,4.28352,-0.348728,9.10487,-1.98492,-7.31968,-1.42006,-7.33286,25.1791,-9.61662,26.0647,-9.61325,-28.0785,-28.0581,0.53,0.470925,-0.285398,3.49167,27.3182
3.32791e+07,5.53949,-0.252391,10.5498,-1.21342,-5.35021,-1.40879,-5.36996,27.6962,-20.3189,26.8673,-20.2579,-25.8953,-25.9761,0.53,0.471288,-0.332079,3.50133,27.2888
3.32991e+07,6.51847,-0.115112,13.4933,-0.440117,-2.18991,-0.592399,-2.19045,25.7839,-33.3571,25.9669,-33.3111,-28.0022,-27.8871,0.556,0.487548,-0.287068,3.51093,27.3124
3.3319e+07,5.88336,-0.295743,13.1469,-1.17629,1.00093,-0.882582,0.987814,24.1036,-46.2273,24.5949,-46.1831,-27.5136,-27.5416,0.556,0.500223,-0.242436,3.52014,27.3065
3.33391e+07,5.35559,-0.100661,12.6396,-0.420135,3.19941,-0.487121,3.18898,22.9625,-55.9525,23.1851,-55.9283,-25.3915,-25.4894,0.556,0.506425,-0.219037,3.52888,27.3329
3.33591e+07,4.99504,-0.139196,11.7162,-0.626149,2.86353,-0.375275,2.87112,23.0887,-65.0823,22.547,-65.0432,-25.9716,-25.9633,0.577,0.522971,-0.170592,3.53719,27.3153
3.33791e+07,4.35031,-0.100661,10.7221,-0.498428,3.45895,-0.413077,3.44274,22.0832,-72.5174,21.4663,-72.4723,-26.7961,-26.7754,0.577,0.535182,-0.143846,3.54508,27.3418
3.33991e+07,3.82493,0.0847868,11.3401,0.40591,4.17651,-0.067296,4.14154,18.6384,-78.6701,18.9372,-78.6357,-27.6663,-27.6196,0.577,0.542726,-0.12471,3.55258,27.3153
3.34191e+07,4.07806,0.0318017,13.6761,0.127677,3.0162,-0.156653,3.0161,16.604,-82.38,16.8479,-82.3742,-27.8342,-27.8011,0.61,0.568219,-0.0195267,3.55962,27.3124
3.34391e+07,4.1163,-0.0958442,15.1929,-0.348866,3.41315,-0.415529,3.41261,15.1592,-85.6319,15.0893,-85.6367,-27.88,-27.8613,0.61,0.586216,0.0971581,3.56639,27.3153
3.3459e+07,3.24714,-0.158463,13.5055,-0.653608,3.19941,-0.513585,3.20148,13.5182,-87.983,13.2546,-87.9882,-27.9716,-27.986,0.61,0.593168,0.179044,3.57282,27.3094
3.34791e+07,2.10336,-0.151238,10.1565,-0.835391,2.23758,-0.678613,2.24448,11.699,-88.4258,11.4285,-88.4253,-28.5518,-28.5783,0.651,0.62194,0.271519,3.57885,27.2859
3.34991e+07,1.67116,-0.127154,9.8245,-0.73101,0.878797,-0.559091,0.884308,9.65288,-88.4258,9.68949,-88.4239,-29.7732,-29.7734,0.651,0.640566,0.297352,3.58466,27.3241
3.35191e+07,2.00305,-0.0717601,13.4189,-0.30304,0.054369,-0.351227,0.0556301,8.4898,-86.838,8.54334,-86.8417,-30.0174,-29.9684,0.651,0.644863,0.324154,3.59009,27.3212
3.35391e+07,1.86461,-0.245166,14.0954,-0.987861,0.252842,-0.807894,0.244354,7.53449,-82.8075,7.34211,-82.8153,-28.9029,-28.8775,0.702,0.678072,0.484082,3.59567,27.3241
3.35591e+07,1.29391,-0.221082,11.4083,-1.10313,0.0391018,-0.893582,0.0457341,6.46952,-78.7159,6.04551,-78.7328,-29.1625,-29.1512,0.702,0.699321,0.567746,3.60073,27.3535
3.35791e+07,0.945233,-0.0476759,9.4715,-0.286977,0.436048,-0.25504,0.442163,5.69904,-74.5479,5.39261,-74.5624,-29.1319,-29.1095,0.702,0.702293,0.544327,3.60544,27.3418
3.35991e+07,0.749439,-0.0813937,9.04663,-0.513724,-0.495249,-0.846968,-0.485202,4.73548,-70.151,4.4035,-70.1773,-28.5213,-28.5293,0.77,0.743906,0.623677,3.61009,27.3418
3.36191e+07,0.644379,-0.0982526,8.90186,-0.630716,-0.739524,-0.838793,-0.741064,4.14,-66.609,4.2316,-66.6319,-29.5594,-29.553,0.77,0.769142,0.644153,3.61434,27.3418
3.36391e+07,0.77576,-0.278884,9.71582,-1.63896,-2.0525,-1.4138,-2.05476,4.56323,-62.3647,4.3672,-62.3726,-28.5518,-28.5489,0.77,0.771684,0.601866,3.61854,27.3653
3.36591e+07,0.81394,-0.187364,10.0388,-1.06574,-2.32731,-1.11782,-2.3257,4.63455,-57.5861,4.36987,-57.6006,-29.361,-29.3593,0.845,0.816634,0.704556,3.62237,27.3447
3.36791e+07,0.675455,-0.221082,8.48377,-1.48805,-2.20517,-1.38144,-2.20623,4.55059,-52.9143,4.33793,-52.9377,-29.2846,-29.2871,0.845,0.844312,0.731671,3.626,27.3624
3.36991e+07,0.60142,-0.17773,6.8908,-1.47188,-2.47998,-1.28952,-2.47242,4.98641,-50.2578,5.12696,-50.2621,-28.8724,-28.8517,0.845,0.845916,0.644252,3.62937,27.3771
3.37191e+07,0.725591,-0.189772,6.57727,-1.64272,-2.96853,-1.61924,-2.96948,6.2927,-47.3113,5.57449,-47.3241,-29.2999,-29.3222,0.919,0.889362,0.672681,3.63265,27.3976
3.37391e+07,0.890413,-0.411346,8.19125,-2.85804,-2.22044,-2.65315,-2.22978,6.19612,-45.1128,6.03816,-45.1132,-29.2999,-29.2942,0.919,0.91504,0.660967,3.63594,27.3506
3.37591e+07,0.9167,-0.486007,7.99405,-3.45648,1.62689,-3.3452,1.61589,6.52974,-43.2502,6.30303,-43.2522,-28.4755,-28.4793,0.919,0.916385,0.59382,3.63898,27.3565
3.37791e+07,0.799708,-0.52695,6.65027,-4.49823,5.76429,-4.10119,5.74396,6.83578,-41.9067,6.74419,-41.9112,-29.193,-29.1882,0.992,0.958024,0.629216,3.6422,27.3682
3.37991e+07,0.933448,-0.60402,7.32906,-4.67376,10.7719,-4.41119,10.757,7.234,-41.1433,6.86368,-41.1414,-28.3533,-28.36,0.992,0.983685,0.609958,3.64434,27.3741
3.38191e+07,1.16753,-0.86172,8.98328,-5.4339,20.4971,-5.38373,20.4458,7.37158,-40.0746,7.11265,-40.0753,-28.4297,-28.4318,0.992,0.984173,0.544652,3.64704,27.3624
3.38391e+07,1.09592,-0.958056,8.76951,-6.18701,32.4971,-5.92817,32.4496,7.08158,-38.3036,7.08188,-38.3137,-27.3762,-27.3871,1.057,1.02154,0.608483,3.64995,27.3388
3.38591e+07,0.900086,-0.847269,7.16963,-6.68765,43.4131,-6.46524,43.3701,7.10663,-37.6166,7.08109,-37.6172,-26.8113,-26.814,1.057,1.04395,0.594558,3.6522,27.3329
3.38791e+07,0.751988,-0.659413,6.0423,-6.18089,53.2147,-6.22666,53.1855,7.05276,-35.9067,7.03664,-35.9112,-25.651,-25.6673,1.057,1.04569,0.495751,3.65434,27.3594
3.38991e+07,0.646913,-0.623287,5.14261,-6.85705,60.1307,-6.61195,60.1011,7.11828,-35.1128,6.98843,-35.1082,-24.3991,-24.4114,1.108,1.07542,0.470511,3.65604,27.3741
3.39201e+07,0.568103,-0.584752,5.14274,-6.44803,66.207,-6.34271,66.1814,6.2637,-34.0136,6.51104,-34.023,-23.9411,-23.9473,1.108,1.09435,0.405828,3.65807,27.3859
3.39401e+07,0.613514,-0.736482,6.59311,-6.3466,73.0773,-5.96241,73.053,5.28361,-32.7311,5.57347,-32.7373,-22.8724,-22.8888,1.108,1.0982,0.316624,3.66,27.3594
3.39601e+07,0.747254,-0.811143,8.4519,-5.46081,81.9322,-5.47319,81.8942,5.02954,-30.5632,4.94627,-30.5729,-21.8495,-21.8591,1.146,1.12253,0.330209,3.66193,27.3859
3.39801e+07,0.656508,-0.782242,9.06695,-4.91812,92.0238,-4.65036,91.9861,4.1261,-27.0059,4.15108,-27.0216,-20.8571,-20.8672,1.146,1.13913,0.343154,3.66375,27.3712
3.40001e+07,0.441557,-0.61847,9.20036,-3.84137,99.9017,-3.62524,99.8823,2.74154,-23.4334,2.91886,-23.4434,-20.048,-20.0537,1.146,1.14339,0.321331,3.66489,27.3624
3.40201e+07,0.295853,-0.452289,9.82042,-2.63576,105.612,-2.4811,105.592,1.72376,-18.38,1.84896,-18.4006,-19.2083,-19.2134,1.176,1.16378,0.360237,3.66682,27.3976
3.40401e+07,0.030742,-0.235532,9.55746,-1.41169,108.268,-1.22284,108.266,0.184238,-12.7922,0.512266,-12.815,-18.6281,-18.6338,1.176,1.17658,0.375168,3.66865,27.3359
3.40601e+07,-0.150823,0.0847868,9.28747,0.522979,106.512,0.537178,106.523,-0.930329,-6.12043,-0.8383,-6.14497,-18.109,-18.1131,1.176,1.17819,0.34848,3.67039,27.4006
3.40801e+07,-0.368187,0.340079,9.62283,2.02256,99.6422,2.00856,99.6771,-2.18981,1.05514,-1.96765,1.02378,-17.6663,-17.6734,1.213,1.19959,0.385233,3.67196,27.3918
3.41001e+07,-0.607049,0.619455,9.75169,3.6277,88.4818,3.66035,88.5441,-3.55496,9.22308,-3.2555,9.18219,-17.0556,-17.0683,1.213,1.21085,0.393457,3.67286,27.3653
3.41211e+07,-0.865017,0.910873,9.97319,5.19906,73.3368,5.19497,73.4015,-4.93666,17.9559,-4.6117,17.9176,-16.4755,-16.4855,1.213,1.20813,0.361989,3.67414,27.4006
3.41421e+07,-1.15641,1.19747,10.2968,6.59239,49.917,6.57573,50.0005,-6.36538,29.7727,-5.96859,29.7323,-15.9869,-15.9898,1.25,1.2301,0.408451,3.67535,27.3771
3.4162e+07,-1.29975,1.42627,10.3614,7.77747,24.7872,7.65983,24.9083,-7.08381,41.4674,-6.84491,41.4119,-15.1625,-15.1731,1.25,1.23348,0.401815,3.67684,27.3741
3.41821e+07,-1.32601,1.40219,9.31908,8.4727,-0.693722,8.32475,-0.592537,-8.00925,52.7498,-7.59502,52.7078,-13.9411,-13.9505,1.25,1.23008,0.364771,3.67792,27.3976
3.42024e+07,-1.05369,1.03852,7.18146,8.14257,-23.8082,8.31389,-23.7243,-8.26236,62.6124,-7.98093,62.5761,-12.5823,-12.5939,1.271,1.24291,0.345968,3.67869,27.3859
3.42231e+07,-0.798122,0.783227,5.17698,8.50408,-42.7243,8.4345,-42.663,-8.66704,70.7193,-8.30676,70.6932,-11.6205,-11.6271,1.271,1.24571,0.253833,3.67993,27.38
3.42431e+07,-1.03697,1.00721,7.0152,8.08377,-59.3655,8.07644,-59.2929,-8.32428,77.788,-8.05327,77.7565,-10.8419,-10.847,1.271,1.24675,0.16253,3.68086,27.4212
3.42631e+07,-1.54809,1.43591,10.9386,7.40551,-81.9151,7.32096,-81.8176,-7.98769,87.8948,-7.69176,87.8502,-9.65103,-9.66059,1.256,1.23809,0.117674,3.68207,27.3682
3.42831e+07,-1.24233,1.05056,9.72919,6.11368,-105.686,5.99363,-105.608,-7.23519,100.109,-7.07138,100.066,-8.36858,-8.38099,1.256,1.23903,0.128008,3.68323,27.4212
3.43031e+07,-0.630876,0.434007,5.4873,4.49281,-119.701,4.45269,-119.658,-6.53827,108.139,-6.10247,108.116,-7.63576,-7.63765,1.256,1.24397,0.0801861,3.68356,27.4153
3.43231e+07,-0.322774,0.178715,3.43054,2.96905,-126.648,2.77219,-126.628,-5.3678,112.46,-5.01503,112.446,-6.94874,-6.9571,1.206,1.211,-0.13912,3.68431,27.4094
3.43431e+07,-0.38005,0.0631111,5.95896,0.605564,-131.518,0.590888,-131.503,-3.64905,116.109,-3.40911,116.091,-6.41439,-6.4201,1.206,1.20242,-0.261281,3.68535,27.43
3.43631e+07,-0.296361,-0.348728,10.8871,-1.83395,-131.869,-1.91759,-131.882,-1.55848,122.307,-1.52506,122.278,-5.91057,-5.91627,1.206,1.20289,-0.257851,3.68634,27.4241
3.43831e+07,0.0451868,-0.659413,8.88486,-4.24452,-124.129,-4.26431,-124.165,0.290595,129.086,0.383056,129.061,-5.34568,-5.34971,1.077,1.10508,-0.527794,3.68728,27.4035
3.4403e+07,0.157354,-0.437839,4.22451,-5.91309,-116.175,-6.24611,-116.198,2.1218,132.2,2.47121,132.196,-4.76553,-4.76934,1.077,1.07014,-0.679293,3.68817,27.4212
3.44231e+07,0.307823,-0.565485,3.77307,-8.49589,-110.419,-8.31136,-110.445,4.61281,133.07,4.52129,133.068,-4.33805,-4.34032,1.077,1.06048,-0.786755,3.68902,27.4212
3.44431e+07,1.0316,-1.51199,8.04216,-10.5632,-97.0754,-10.4645,-97.1632,7.18512,133.559,7.10483,133.557,-3.26935,-3.28711,1.077,1.04924,-0.847785,3.68991,27.4094
3.4463e+07,2.31428,-2.9739,13.3973,-12.3384,-61.167,-12.342,-61.3454,9.57212,134.75,9.6,134.746,-0.460188,-0.490939,1.077,1.03629,-0.799909,3.69034,27.4124
3.4483e+07,2.40252,-2.58374,10.848,-13.091,-14.709,-13.1004,-14.8772,12.1583,133.895,12.2074,133.903,3.87569,3.83556,1.077,1.02401,-0.744909,3.69066,27.4271
3.45031e+07,1.75752,-1.56257,6.41986,-13.2114,16.375,-13.2044,16.2812,14.8956,130.46,14.8498,130.474,6.99019,6.96806,0.427,0.551588,-2.17481,3.69147,27.4476
3.45231e+07,1.97717,-1.45901,6.03283,-12.9428,37.5353,-12.7077,37.4575,17.6694,125.895,17.6402,125.911,9.43294,9.40707,0.427,0.398298,-2.58855,3.69215,27.4153
3.45431e+07,3.51511,-2.05388,9.1954,-11.7849,61.6727,-11.7728,61.5618,20.4593,120.567,20.3018,120.592,12.578,12.5444,0.427,0.377762,-2.55483,3.6928,27.4124
3.45631e+07,4.8595,-2.20802,11.5065,-10.0249,92.7719,-10.0533,92.647,22.5267,112.628,22.5931,112.664,17.6314,17.5777,0.426,0.371711,-2.4414,3.69359,27.4329
3.45831e+07,4.57991,-1.41566,9.64186,-7.55463,120.253,-7.57797,120.171,25.1718,102.658,25.1339,102.696,22.4864,22.4519,0.426,0.367396,-2.34568,3.69417,27.4065
3.46031e+07,3.33322,-0.591977,6.31084,-4.74152,132.421,-4.86338,132.392,27.7384,94.2002,27.6038,94.2287,24.7917,24.7761,0.426,0.36211,-2.31321,3.69472,27.4006
3.46231e+07,3.11821,-0.187364,5.41896,-1.71654,135.169,-1.87949,135.17,29.9024,86.2918,29.7617,86.3213,25.0665,25.0718,0.388,0.331072,-2.39224,3.69524,27.4329
3.46431e+07,3.81537,0.137772,6.08841,1.09849,132.497,1.04068,132.516,32.0671,77.7269,31.87,77.7617,24.4253,24.4348,0.388,0.316224,-2.42237,3.69574,27.4535
3.46631e+07,5.20017,0.643539,7.82359,3.91887,124.161,3.88131,124.205,33.5221,66.3528,33.4324,66.4028,22.0436,22.0687,0.388,0.30877,-2.42123,3.69629,27.43
3.46831e+07,5.78744,1.13726,8.23699,6.44541,108.009,6.36173,108.097,34.8385,51.0857,34.734,51.1594,17.6467,17.7061,0.388,0.30235,-2.41326,3.69673,27.4653
3.47031e+07,4.7917,1.19266,6.45726,8.43678,89.0925,8.48599,89.1674,36.119,36.5208,36.0016,36.5753,12.3795,12.4283,0.388,0.296029,-2.4203,3.69682,27.4182
3.47231e+07,4.3189,1.19747,5.64332,9.56494,70.3903,9.69174,70.4659,36.8201,23.8032,36.8725,23.8521,6.82226,6.87743,0.388,0.290652,-2.44001,3.69648,27.4476
3.47441e+07,5.1832,1.58041,6.56201,10.7024,48.2528,10.7681,48.3641,37.5214,9.00934,37.3934,9.08239,0.303171,0.381946,0.388,0.286969,-2.45398,3.69691,27.4388
3.47641e+07,6.94048,2.19456,8.69116,11.1617,20.8177,11.2003,20.935,37.7494,-8.10517,37.6849,-8.03275,-8.04797,-7.95872,0.388,0.28465,-2.45383,3.69732,27.4565
3.47841e+07,7.71884,2.4354,9.73554,11.0905,-12.4036,11.137,-12.2698,37.5657,-28.7159,37.5414,-28.6332,-18.1701,-18.0718,0.388,0.284627,-2.43564,3.69771,27.4094
3.48041e+07,6.44151,1.84775,8.32778,9.9542,-44.541,10.1098,-44.4034,37.0577,-48.5326,37.0017,-48.4517,-27.9411,-27.8386,0.388,0.287164,-2.41131,3.69825,27.4594
3.48241e+07,5.09016,1.24564,6.81085,8.33443,-67.167,8.44561,-67.0888,36.3221,-62.5479,36.2682,-62.4993,-34.6739,-34.6198,0.388,0.291186,-2.39291,3.69868,27.4241
3.48441e+07,5.02578,0.922915,7.10242,6.0549,-84.1746,6.2839,-84.1167,35.0579,-74.1357,35.0534,-74.0908,-39.6205,-39.5787,0.388,0.296911,-2.36918,3.69892,27.4653
3.48641e+07,5.89503,0.674848,8.91756,3.61226,-98.4189,3.7376,-98.3813,33.3918,-86.4105,33.4266,-86.3633,-43.4526,-43.4227,0.388,0.304179,-2.32433,3.6994,27.4653
3.48841e+07,6.48974,0.178715,10.5165,0.828543,-106.862,0.97093,-106.842,31.6751,-99.0517,31.6789,-98.9985,-45.59,-45.5775,0.388,0.311707,-2.25504,3.69961,27.4741
3.4904e+07,5.97651,-0.384854,10.5231,-1.82146,-107.304,-1.776,-107.316,29.5775,-110.365,29.5552,-110.322,-45.7121,-45.7138,0.275,0.230477,-2.43379,3.69989,27.4388
3.49241e+07,4.7278,-0.852086,9.32923,-4.65764,-99.1975,-4.61412,-99.2366,26.7788,-119.723,26.9226,-119.694,-43.7121,-43.7361,0.275,0.22686,-2.36761,3.69956,27.4535
3.49441e+07,4.0832,-1.29042,9.08929,-7.37895,-85.6708,-7.20287,-85.7348,23.9782,-126.349,24.1358,-126.326,-40.8877,-40.9198,0.275,0.231334,-2.27737,3.70001,27.4947
3.49641e+07,4.08334,-1.80823,10.3136,-9.25855,-64.9533,-9.15133,-65.0492,21.3044,-131.403,21.4008,-131.385,-37.1472,-37.1867,0.221,0.190958,-2.30476,3.70026,27.4741
3.49841e+07,3.89964,-2.38143,11.5616,-11.0438,-32.8617,-10.8218,-32.9928,18.2813,-135.678,18.3349,-135.664,-31.9258,-31.9693,0.221,0.190058,-2.17493,3.70076,27.4771
3.50041e+07,2.91817,-2.14059,10.39,-11.2189,0.542919,-11.2427,0.414779,15.3808,-138.258,15.4509,-138.252,-27.0098,-27.0534,0.221,0.193344,-2.03843,3.70115,27.4682
3.50241e+07,2.19938,-1.94551,9.71429,-11.0524,31.5658,-11.0278,31.4507,12.5166,-138.869,12.5686,-138.868,-23.1014,-23.1357,0.183,0.163974,-2.0136,3.70144,27.4682
3.50441e+07,1.66208,-1.8299,9.88114,-10.3496,61.5353,-10.358,61.426,9.39142,-137.891,9.52368,-137.897,-19.8495,-19.8803,0.183,0.16355,-1.9017,3.70179,27.4771
3.50641e+07,1.24415,-1.62519,10.397,-8.82222,87.6422,-8.84157,87.5459,6.74269,-135.418,6.78634,-135.428,-17.4984,-17.5189,0.183,0.166133,-1.77565,3.70196,27.4976
3.50841e+07,0.77126,-1.27115,10.6829,-6.76821,109.505,-6.86636,109.427,4.10052,-131.189,4.08842,-131.209,-15.8037,-15.8169,0.152,0.140876,-1.7289,3.70246,27.4771
3.51041e+07,0.284019,-0.832819,11.1945,-4.25334,125.245,-4.28272,125.198,1.44935,-124.869,1.422,-124.894,-14.5823,-14.5959,0.152,0.139959,-1.60487,3.70276,27.4947
3.51241e+07,-0.186541,-0.271658,11.6398,-1.3368,132.268,-1.3914,132.254,-0.917905,-116.823,-0.969254,-116.856,-13.8953,-13.9047,0.152,0.141183,-1.47087,3.70229,27.4682
3.51451e+07,-0.611732,0.287094,11.0404,1.4873,129.642,1.47902,129.667,-3.17037,-107.464,-3.15587,-107.503,-13.5289,-13.5346,0.09,0.0856586,-1.51779,3.70277,27.4829
3.5166e+07,-0.970068,0.862704,10.0207,4.89781,114.314,4.83033,114.377,-5.50913,-95.4029,-5.55856,-95.4403,-12.8419,-12.8451,0.09,0.0797307,-1.4161,3.70306,27.5124
3.5186e+07,-1.27584,1.32753,10.2544,7.32065,93.5811,6.86087,98.4447,-7.03415,-84.6548,-7.00917,-86.9424,-12.109,-12.2538,0.09,0.0793529,-1.34702,3.70342,27.4918
3.5206e+07,-1.59832,1.74418,10.5521,9.28171,66.0544,9.19741,66.172,-8.49946,-72.6853,-8.53765,-72.7344,-10.9487,-10.9579,0.115,0.102432,-1.17258,3.70367,27.4653
3.52263e+07,-1.77507,1.95372,10.2629,10.6242,31.8101,10.5841,31.9398,-9.64295,-59.1586,-9.70838,-59.2112,-9.34568,-9.36439,0.115,0.10367,-1.0914,3.70324,27.4947
3.52471e+07,-1.83955,1.98021,9.73832,11.2994,-2.52578,11.1907,-2.39191,-10.4873,-46.2578,-10.5423,-46.3079,-7.55942,-7.57764,0.095,0.0966414,-1.05103,3.70359,27.5065
3.52671e+07,-1.88252,1.92481,9.55783,11.1771,-38.2815,11.144,-38.1162,-10.9284,-32.5021,-11.0337,-32.5657,-5.74263,-5.76082,0.095,0.0855131,-1.03202,3.70401,27.5271
3.52871e+07,-1.94218,1.81644,9.67879,10.426,-70.8311,10.372,-70.7085,-11.1567,-19.2655,-11.2222,-19.3173,-3.74263,-3.7603,0.095,0.0847236,-0.982992,3.70406,27.4859
3.53071e+07,-1.98272,1.59727,9.91352,8.97804,-100.648,8.92857,-100.53,-11.1696,-5.73875,-11.1868,-5.79088,-2.03271,-2.04445,0.086,0.0821051,-0.940081,3.70446,27.5271
3.53271e+07,-2.01844,1.25046,10.3641,6.75396,-127.06,6.75619,-126.948,-10.9431,8.45972,-10.9766,8.39351,-0.292249,-0.307801,0.086,0.0778474,-0.897773,3.70407,27.5006
3.53471e+07,-1.844,0.788044,10.1424,4.37146,-145.304,4.29474,-145.245,-10.2741,21.4521,-10.3656,21.4006,0.791721,0.785173,0.086,0.0781959,-0.843709,3.70446,27.5035
3.53671e+07,-1.67193,0.275051,10.0393,1.54805,-155.274,1.46032,-155.247,-9.45166,33.5742,-9.52196,33.5287,1.64668,1.64076,0.074,0.0746352,-0.807607,3.70483,27.5006
3.53871e+07,-1.47119,-0.310193,10.0572,-1.74801,-156.083,-1.62356,-156.094,-8.3184,45.5895,-8.45976,45.5447,1.96729,1.96508,0.074,0.068332,-0.779686,3.7051,27.5182
3.5407e+07,-1.21315,-0.844861,9.91844,-4.8329,-148.007,-4.77716,-148.052,-6.94846,56.1544,-7.01307,56.1131,2.01309,2.01721,0.074,0.0680135,-0.734874,3.70528,27.5153
3.54271e+07,-0.952753,-1.29764,9.86525,-7.45917,-131.396,-7.46978,-131.474,-5.4695,65.849,-5.57128,65.814,2.01309,2.0147,0.079,0.069955,-0.684984,3.70561,27.5359
3.54471e+07,-0.658931,-1.72152,9.82871,-9.91292,-106.159,-9.95636,-106.264,-3.77811,74.9177,-3.79096,74.8851,1.98256,1.98123,0.079,0.072855,-0.634536,3.70601,27.5006
3.5467e+07,-0.334096,-2.03943,9.87065,-11.6674,-75.7319,-11.6845,-75.8594,-1.8985,82.3834,-1.8941,82.3552,2.1505,2.15293,0.079,0.0731503,-0.59096,3.70613,27.5153
3.54871e+07,0.00743535,-2.29232,9.88657,-13.054,-40.9533,-12.9955,-41.0957,0.0419766,88.7803,0.00202646,88.759,2.71538,2.7081,0.089,0.0766997,-0.539163,3.70634,27.5006
3.55071e+07,0.401446,-2.35253,9.88851,-13.3716,-1.65555,-13.3284,-1.80117,2.26172,94.3376,2.19244,94.3196,3.75355,3.74259,0.089,0.0824441,-0.481983,3.70662,27.5418
3.55271e+07,0.728524,-2.15022,9.43745,-12.7983,34.5887,-12.9157,34.453,4.30432,98.1086,4.35113,98.0968,5.1734,5.15352,0.089,0.0831921,-0.450553,3.70663,27.5241
3.55471e+07,1.06514,-1.9166,9.13838,-11.7676,66.6956,-11.7973,66.5775,6.5079,100.368,6.5241,100.362,6.66958,6.65631,0.078,0.0795297,-0.445384,3.70681,27.5388
3.55671e+07,1.49011,-1.67336,9.35208,-10.0207,95.6269,-10.0112,95.5268,8.91387,101.269,8.88266,101.267,8.53218,8.51324,0.078,0.0734331,-0.450452,3.70689,27.4947
3.55871e+07,1.96043,-1.35063,9.83654,-7.66925,118.238,-7.69827,118.158,11.1693,101.04,11.1873,101.042,10.1963,10.1837,0.078,0.072835,-0.435671,3.70698,27.5359
3.56071e+07,2.37577,-0.852086,9.78237,-4.8382,133.81,-4.95936,133.761,13.6011,99.4826,13.4465,99.4922,11.5551,11.5416,0.079,0.0730625,-0.420937,3.70722,27.5241
3.56271e+07,2.62873,-0.310193,9.43401,-1.81416,141.016,-1.88081,141.003,15.5622,95.9712,15.5485,95.9826,12.0436,12.0449,0.079,0.073251,-0.418888,3.70746,27.5271
3.56471e+07,2.98199,0.212433,9.34907,1.24014,139.062,1.23001,139.083,17.6864,91.8948,17.646,91.9128,11.723,11.728,0.079,0.0725812,-0.428315,3.70768,27.5388
3.56671e+07,3.39255,0.723016,9.54422,4.0828,128.909,4.08397,128.964,19.5164,86.5819,19.5491,86.6046,10.0131,10.0286,0.071,0.0688205,-0.450404,3.70789,27.5271
3.56871e+07,3.64076,1.19988,9.40469,6.78511,110.299,6.82266,110.377,21.0072,79.5284,21.1116,79.5569,6.92913,6.96247,0.071,0.063321,-0.480076,3.70809,27.5476
3.57071e+07,3.70514,1.53465,8.68815,9.22873,87.0009,9.09538,87.0985,22.7803,71.6353,22.8516,71.6685,2.82226,2.86592,0.071,0.061578,-0.511924,3.70828,27.5653
3.57271e+07,3.9367,1.73937,8.54108,10.4783,60.0696,10.4828,60.181,24.306,62.6429,24.2453,62.6803,-2.15484,-2.10334,0.068,0.0593103,-0.552835,3.70838,27.5447
3.57471e+07,4.21124,1.97057,8.67892,11.5453,28.3139,11.5336,28.4366,25.3227,52.3834,25.47,52.4206,-8.33805,-8.28025,0.068,0.0565517,-0.597046,3.70856,27.5418
3.57671e+07,4.34972,2.02597,8.50557,11.9734,-3.1212,11.8736,-2.99984,26.4494,42.0322,26.4874,42.0735,-14.6892,-14.6273,0.068,0.0554675,-0.638418,3.70856,27.53
3.57871e+07,4.38557,1.88628,8.29638,11.3653,-33.854,11.4429,-33.7357,27.2692,31.4521,27.2566,31.4935,-21.2388,-21.177,0.066,0.0540994,-0.684561,3.70864,27.5682
3.58071e+07,4.39518,1.70324,8.10614,10.4653,-63.3807,10.3973,-63.2773,27.9512,20.4292,27.9272,20.4693,-27.5442,-27.488,0.066,0.0525631,-0.734026,3.7088,27.5418
3.58271e+07,4.42868,1.42627,8.17927,8.71793,-87.7472,8.72419,-87.6572,28.0756,10.1544,28.1346,10.1948,-32.8724,-32.8214,0.066,0.0521951,-0.779795,3.70887,27.5124
3.58471e+07,4.57204,1.10114,8.40655,6.56407,-108.633,6.59884,-108.562,28.3362,-0.303638,28.3356,-0.264538,-37.4068,-37.3636,0.066,0.0520603,-0.821545,3.70835,27.58
3.58671e+07,4.56977,0.691707,8.51511,4.09407,-123.228,4.12321,-123.179,28.1425,-9.90669,28.2431,-9.86986,-40.4449,-40.4229,0.066,0.0520209,-0.859091,3.70861,27.53
3.58871e+07,4.60572,0.197982,8.72559,1.14954,-131.518,1.30108,-131.496,27.8208,-18.7769,27.8879,-18.7422,-42.1701,-42.1606,0.066,0.0520676,-0.892317,3.70878,27.5594
3.59071e+07,4.53899,-0.26925,8.75814,-1.5635,-132.755,-1.40153,-132.76,27.3848,-27.1739,27.2952,-27.1371,-42.4449,-42.4479,0.063,0.0512697,-0.920969,3.70885,27.5388
3.59271e+07,4.26213,-0.712398,8.50126,-4.28412,-126.77,-4.23245,-126.804,26.5468,-34.212,26.4596,-34.1828,-41.1319,-41.1493,0.063,0.0498391,-0.947928,3.709,27.5624
3.59473e+07,4.10226,-1.11942,8.50311,-6.76203,-114.343,-6.70214,-114.403,25.5625,-40.6395,25.4893,-40.6126,-38.5671,-38.5968,0.063,0.0497626,-0.966986,3.7083,27.5682
3.59681e+07,7.42187,-2.99076,14.0529,-10.6577,-75.7166,-9.74196,-76.185,27.3194,-61.0059,25.8594,-60.7073,-31.2388,-31.4408,0.063,0.0495891,-0.964534,3.70849,27.5535
3.59881e+07,3.00628,-1.26874,5.85893,-10.9053,11.3215,-9.713,11.2538,26.6332,-126.411,23.5419,-126.388,-14.9793,-15.0081,0.063,0.0504651,-0.973651,3.70866,27.5418
3.60081e+07,3.15198,-1.42047,9.98735,-7.72406,30.8635,-8.38806,30.769,17.3516,-131.647,18.6913,-131.613,-11.5594,-11.6252,0.063,0.0517365,-0.961873,3.70882,27.5535
3.60281e+07,2.88454,-1.40843,11.0892,-7.00755,52.6956,-7.47842,52.6168,14.4694,-134.502,15.4702,-134.498,-8.7808,-8.79449,0.053,0.0495955,-0.934999,3.70889,27.5947
3.60481e+07,2.26362,-1.12665,9.77728,-6.4053,71.3673,-6.27105,71.308,12.9526,-135.357,12.921,-135.368,-6.26171,-6.27524,0.053,0.0452706,-0.904018,3.7082,27.5741
3.60681e+07,1.67374,-0.811143,9.18236,-4.96682,85.1383,-4.71916,85.093,10.2911,-135.494,10.2278,-135.486,-4.39912,-4.42269,0.053,0.045712,-0.860138,3.7083,27.5506
3.60881e+07,1.20322,-0.396896,9.48971,-2.37593,93.0925,-2.51135,93.0709,7.21983,-132.991,7.19644,-133.002,-3.55942,-3.56408,0.053,0.0465322,-0.818359,3.70856,27.5712
3.61081e+07,0.797191,-0.0645349,10.3714,-0.355462,95.291,-0.469833,95.2932,4.39526,-129.067,4.49661,-129.088,-3.04034,-3.04323,0.053,0.0472174,-0.767992,3.70881,27.5359
3.61281e+07,0.298041,0.265418,10.0566,1.51116,91.917,1.45849,91.9394,1.69695,-123.647,1.71433,-123.669,-2.9182,-2.91742,0.053,0.0477853,-0.713273,3.70897,27.58
3.61481e+07,-0.134237,0.549611,9.20035,3.41831,82.5887,3.35377,82.6314,-0.834425,-116.288,-0.7487,-116.316,-2.79607,-2.79293,0.053,0.0481134,-0.673961,3.70836,27.5418
3.61691e+07,-0.499636,0.761551,9.06093,4.79704,69.3979,4.85573,69.4542,-3.14513,-108.655,-3.08139,-108.687,-2.56706,-2.57047,0.053,0.0481961,-0.647691,3.70862,27.5741
3.61901e+07,-0.948637,1.07464,9.62926,6.33755,48.3292,6.26612,48.4058,-5.59191,-97.7388,-5.48611,-97.7803,-2.23118,-2.2321,0.053,0.0481796,-0.611342,3.70878,27.6153
3.621e+07,-1.31879,1.21192,9.85535,6.94921,26.1765,7.02258,26.2625,-7.56542,-86.212,-7.50358,-86.257,-1.49836,-1.50558,0.051,0.0469442,-0.579797,3.70911,27.5829
3.62301e+07,-1.48361,1.42868,10.9622,7.35903,-2.83113,7.25507,-2.61587,-7.64363,-68.7159,-8.32114,-68.8727,-1.39149,-1.36274,0.051,0.04624,-0.546875,3.70933,27.5918
3.62503e+07,-0.9485,0.58092,8.65978,3.81505,-131.167,4.32875,-131.052,-6.23674,33.8948,-7.77227,33.8071,10.4558,10.4657,0.051,0.046607,-0.515564,3.70912,27.6065
3.62711e+07,-1.42356,0.154631,8.53842,1.02339,-140.587,1.50802,-140.561,-9.464,43.4826,-8.41958,43.4468,11.0055,11.0127,0.045,0.0431638,-0.536891,3.70926,27.5976
3.62911e+07,-3.8601,-5.05718,25.4604,-11.1106,-82.2357,-6.92456,-83.3934,-8.45827,104.628,-7.77232,103.609,20.0589,19.6828,0.045,0.0411333,-0.451075,3.70948,27.6182
3.63111e+07,-0.272593,0.051069,6.58802,0.443757,84.2528,-0.4919,84.17,-2.36931,190.048,-5.83436,190.013,15.2497,15.3017,0.045,0.0411875,-0.455391,3.70943,27.6006
3.63311e+07,2.06351,-2.81976,24.6065,-6.51456,174.146,-5.67109,173.538,4.7626,204.765,2.55238,204.662,16.3948,16.4049,0.045,0.0417973,-0.350198,3.70964,27.6094
3.63511e+07,1.31732,1.43591,7.37711,10.8471,51.5506,3.98743,52.4723,9.94179,-17.7846,6.60539,-16.73,-10.1854,-10.2049,0.045,0.0419684,-0.377415,3.70908,27.6124
3.63711e+07,-0.0676831,1.64785,12.8322,7.31746,-93.396,6.84538,-92.8499,-0.29974,-78.4563,4.50273,-78.7276,-14.9182,-14.7588,0.045,0.0416761,-0.306394,3.70922,27.5712
3.63911e+07,-0.129028,-1.01104,8.01548,-7.18818,-65.3044,-4.20611,-65.8642,-0.91498,-49.7082,-0.265838,-49.9491,-10.4755,-10.6386,0.045,0.0425801,-0.272018,3.70953,27.5829
3.6411e+07,-1.10766,-2.39347,16.4284,-8.27066,48.207,-7.97457,48.282,-3.81706,-21.5403,-3.74186,-21.6977,-7.39149,-7.45295,0.045,0.0425598,-0.263158,3.70964,27.5859
3.64311e+07,-0.702616,0.812128,9.9444,4.65725,-5.25861,4.74724,-5.10222,-4.02812,8.07804,-3.84938,7.93032,-6.35332,-6.3576,0.045,0.0428911,-0.258933,3.70984,27.6241
3.64511e+07,0.00473416,-1.16518,10.1377,-6.55655,-23.0754,-2.28521,-23.4758,0.0265814,40.4445,-1.19872,40.2873,-5.69683,-5.73133,0.042,0.0413125,-0.251936,3.70995,27.6065
3.64711e+07,-0.621388,0.660398,10.3121,3.65767,13.0162,1.66003,13.1766,-3.44134,69.4979,-1.89059,69.3707,0.593247,0.612316,0.042,0.0402917,-0.244088,3.70987,27.5653
3.64911e+07,2.54489,0.67244,4.88426,6.96111,-17.9456,4.58713,-17.953,27.3014,10.704,16.6911,11.5446,-1.42202,-1.37959,0.042,0.0395908,-0.24535,3.70998,27.5859
3.65111e+07,-0.392441,1.6912,12.6569,7.60709,21.3521,4.69921,21.4935,-1.76032,-9.05173,-0.345299,-9.21877,-0.139577,-0.155856,0.032,0.033951,-0.242185,3.71016,27.5829
3.65311e+07,0.956955,0.730242,9.94283,4.18124,-26.7701,3.52558,-26.6148,5.48287,10.8567,2.91047,10.9855,-1.92584,-1.90284,0.032,0.0305918,-0.243475,3.71025,27.6182
3.65511e+07,-0.00786654,1.21433,11.0936,6.24688,10.7719,2.57351,10.8528,-0.0403877,2.68873,0.330455,2.59033,0.684851,0.668059,0.032,0.0303912,-0.214925,3.71033,27.6094
3.65711e+07,-0.475366,-0.644963,9.33881,-3.94563,-1.30441,-2.50159,-1.50351,-2.90706,-3.38761,-0.0119272,-3.45535,0.669583,0.616123,0.048,0.0363295,-0.187311,3.71049,27.5859
3.6591e+07,0.319615,-0.0356339,9.98964,-0.204273,-3.24334,0.697012,-3.27592,1.83252,-2.50211,2.23754,-2.43719,0.303171,0.259254,0.048,0.0457659,-0.148828,3.71073,27.6153
