timestamp_us,AccX,AccY,AccZ,Roll_Acc,Roll_Gyr,Roll_Kalman,RollRate_Kalman,Pitch_Acc,Pitch_Gyr,Pitch_Kalman,PitchRate_Kalman,YawRate_Gyr,YawRate_Kalman,Alt_ToF,Alt_Kalman,Vz_Kalman,temp,PosX,PosY,VelX,VelY,TiltCmdPitch,TiltCmdRoll,InnovV,Salud,FlowDx,FlowDy,DerotPitch,DerotRoll,M1,M2,M3,M4
3.58842e+08,0.966714,-0.0163666,9.76356,-0.095577,0.2425,0.207656,0.244851,5.65456,0.115286,5.35406,0.115842,0.604591,0.596546,0.036,0.0353912,-0.064931,29.88,0,0,0,0,0,0,0,1,0,0,0,0,0,0,0,0
3.58862e+08,0.9094,0.00771757,9.75177,0.0451481,0.592249,0.205273,0.592162,5.3277,-0.129241,5.35798,-0.126608,0.571825,0.571206,0.035,0.0345441,-0.0676659,29.88,0,0,0,0,0,0,0,1,0,0,0,0,0,0,0,0
3.58882e+08,0.907002,0.0438438,9.76371,0.256181,1.19925,0.216321,1.20036,5.30722,-0.357647,5.34843,-0.354376,0.569541,0.572187,0.035,0.0343914,-0.0679004,29.8741,0,0,0,0,0,0,0,1,0,0,0,0,0,0,0,0
3.58902e+08,0.918952,0.00290074,9.6924,0.0170709,1.22435,0.232593,1.22762,5.41611,-0.127773,5.33849,-0.124921,0.536464,0.542174,0.035,0.0343764,-0.0679577,29.8594,0,0,0,0,0,0,0,1,0,0,0,0,0,0,0,0
3.58922e+08,0.907007,0.0245765,9.74468,0.14388,0.502735,0.249812,0.506915,5.31759,-0.0357449,5.33123,-0.0357736,0.549442,0.549468,0.035,0.0343772,-0.0674288,29.8771,0,0,0,0,0,0,0,1,0,0,0,0,0,0,0,0
3.58942e+08,0.907006,0.0293933,9.75181,0.171955,-0.169576,0.24899,-0.170685,5.31371,-0.203139,5.32672,-0.201955,0.471058,0.471115,0.035,0.0343788,-0.0673315,29.88,0,0,0,0,0,0,0,1,0,0,0,0,0,0,0,0
3.58962e+08,0.911791,-0.00673292,9.69477,-0.0396165,-0.320765,0.235192,-0.324557,5.37285,-0.00397611,5.32064,-0.00462606,0.408157,0.410379,0.035,0.0343802,-0.0673184,29.8888,0,0,0,0,0,0,0,1,0,0,0,0,0,0,0,0
3.58982e+08,0.954767,0.0125344,9.74462,0.0733477,-0.0599914,0.21874,-0.062085,5.59591,0.118031,5.32676,0.119151,0.436781,0.440968,0.035,0.0343795,-0.0673474,29.88,0,0,0,0,0,0,0,1,0,0,0,0,0,0,0,0
3.59002e+08,0.887911,0.000492326,9.78977,0.00286962,1.35817,0.216889,1.35046,5.18242,-0.277715,5.32219,-0.282738,0.678958,0.673383,0.035,0.0343801,-0.0670825,29.88,0,0,0,0,0,0,0,1,0,0,0,0,0,0,0,0
3.59022e+08,0.890285,0.051069,9.74474,0.29902,1.07667,0.251467,1.08677,5.22001,-0.27829,5.32793,-0.270245,0.645602,0.651098,0.035,0.0343798,-0.0672903,29.8535,0,0,0,0,0,0,0,1,0,0,0,0,0,0,0,0
3.59042e+08,0.91894,0.0486606,9.78032,0.283815,0.0673795,0.257361,0.0685516,5.36757,0.669141,5.31486,0.665728,0.490852,0.494645,0.036,0.0352264,-0.0644321,29.8888,0,0,0,0,0,0,0,1,0,0,0,0,0,0,0,0
3.59062e+08,0.818658,0.022168,9.70914,0.130356,0.845102,0.2519,0.838835,4.81967,0.348091,5.31158,0.3421,0.534766,0.534561,0.036,0.0353813,-0.0638839,29.8741,0,0,0,0,0,0,0,1,0,0,0,0,0,0,0,0
3.59082e+08,0.892683,0.0149428,9.70669,0.0878323,0.719333,0.263826,0.719746,5.25446,0.0260425,5.31795,0.024916,0.593407,0.596091,0.036,0.0353969,-0.0641641,29.8506,0,0,0,0,0,0,0,1,0,0,0,0,0,0,0,0
3.59102e+08,0.887902,0.0342101,9.72572,0.200702,-0.442246,0.267235,-0.436027,5.21628,0.2842,5.32595,0.285731,0.331715,0.337338,0.036,0.0353981,-0.0640211,29.8947,0,0,0,0,0,0,0,1,0,0,0,0,0,0,0,0
3.59123e+08,0.923727,0.00771757,9.67341,0.0455043,-1.2785,0.244152,-1.2773,5.45471,0.526595,5.33747,0.528671,0.421846,0.422577,0.036,0.0353945,-0.064801,29.9006,0,0,0,0,0,0,0,1,0,0,0,0,0,0,0,0
3.59143e+08,0.930886,0.022168,9.72804,0.12997,-0.556072,0.209849,-0.56239,5.46604,0.417939,5.34542,0.419391,0.405065,0.403716,0.036,0.0353913,-0.0650343,29.8624,0,0,0,0,0,0,0,1,0,0,0,0,0,0,0,0
3.59163e+08,0.899848,0.00771757,9.73754,0.0452176,0.574113,0.195915,0.569383,5.27972,0.142278,5.35275,0.139664,0.479686,0.480236,0.035,0.0345459,-0.0673979,29.8594,0,0,0,0,0,0,0,1,0,0,0,0,0,0,0,0
3.59183e+08,0.918945,0.0293933,9.80166,0.171068,0.845824,0.206217,0.847306,5.35603,-0.117697,5.35626,-0.115358,0.59959,0.597962,0.035,0.0343926,-0.0676625,29.8682,0,0,0,0,0,0,0,1,0,0,0,0,0,0,0,0
3.59203e+08,0.907015,-0.0043245,9.74701,-0.0253113,0.400248,0.212312,0.402934,5.31639,0.0501502,5.3549,0.0524855,0.536518,0.529229,0.035,0.0343755,-0.0679465,29.8418,0,0,0,0,0,0,0,1,0,0,0,0,0,0,0,0
3.59223e+08,0.926119,-0.00914133,9.78735,-0.0532759,0.307534,0.210812,0.305487,5.40547,0.202561,5.35046,0.199924,0.397092,0.401948,0.035,0.0343734,-0.0679282,29.8712,0,0,0,0,0,0,0,1,0,0,0,0,0,0,0,0
3.59243e+08,0.928493,0.0414354,9.73044,0.242879,0.473708,0.208728,0.476299,5.45069,0.110246,5.35755,0.111723,0.532411,0.537169,0.035,0.0343744,-0.0678525,29.8976,0,0,0,0,0,0,0,1,0,0,0,0,0,0,0,0
3.59263e+08,0.887908,0.010126,9.78029,0.059078,0.304097,0.212387,0.305256,5.1874,0.0945387,5.35302,0.0956546,0.49986,0.495231,0.035,0.0343728,-0.0678645,29.8565,0,0,0,0,0,0,0,1,0,0,0,0,0,0,0,0
3.59283e+08,0.871202,-0.0211834,9.71615,-0.124418,0.501393,0.207039,0.499863,5.12373,-0.0587301,5.34975,-0.0554636,0.452062,0.45483,0.034,0.0335309,-0.0702167,29.8565,0,0,0,0,0,0,0,1,0,0,0,0,0,0,0,0
3.59303e+08,0.916546,0.0679279,9.72575,0.398401,1.23113,0.217445,1.22787,5.38347,-0.257005,5.34832,-0.254324,0.572199,0.570044,0.034,0.0333764,-0.0708646,29.8771,0,0,0,0,0,0,0,1,0,0,0,0,0,0,0,0
3.59323e+08,0.926099,0.0631111,9.74235,0.369492,1.28685,0.236161,1.28721,5.43005,-0.332534,5.34772,-0.330177,0.615704,0.612344,0.034,0.0333608,-0.0705241,29.8918,0,0,0,0,0,0,0,1,0,0,0,0,0,0,0,0
3.59344e+08,0.890288,0.0390269,9.7186,0.229122,0.64108,0.255984,0.646998,5.23402,-0.19396,5.33766,-0.194264,0.460524,0.468253,0.035,0.0342083,-0.0674473,29.8506,0,0,0,0,0,0,0,1,0,0,0,0,0,0,0,0
3.59365e+08,0.902221,0.0631111,9.75424,0.36913,-0.336772,0.260097,-0.21355,5.28444,-0.147534,5.33653,-0.101523,0.534739,0.439641,0.035,0.0343635,-0.0668257,29.8624,0,0,0,0,0,0,0,1,0,0,0,0,0,0,0,0
3.59386e+08,0.904623,0.010126,9.75178,0.05924,0.000401497,0.243498,-0.00404175,5.29987,0.0508571,5.33596,0.0511574,0.456609,0.454543,0.035,0.0343817,-0.0667845,29.8947,0,0,0,0,0,0,0,1,0,0,0,0,0,0,0,0
3.59406e+08,0.952382,0.00290074,9.68763,0.0170736,0.975742,0.239539,0.972477,5.61466,0.00516915,5.3383,0.00719122,0.530975,0.532137,0.035,0.0343814,-0.0672725,29.7976,0,0,0,0,0,0,0,1,0,0,0,0,0,0,0,0
3.59426e+08,0.878364,-0.0139582,9.71853,-0.0819565,1.6273,0.252413,1.62461,5.16437,-0.29917,5.33211,-0.300949,0.666052,0.666668,0.035,0.0343808,-0.0669576,29.8476,0,0,0,0,0,0,0,1,0,0,0,0,0,0,0,0
3.59446e+08,0.91895,0.010126,9.77314,0.0591036,1.80365,0.282372,1.80453,5.37162,-0.298353,5.33,-0.296017,0.678708,0.681349,0.035,0.0343841,-0.0664938,29.8594,0,0,0,0,0,0,0,1,0,0,0,0,0,0,0,0
3.59466e+08,0.899837,0.0462522,9.70199,0.271976,1.65893,0.311094,1.66019,5.29884,-0.2059,5.32312,-0.203863,0.569273,0.57286,0.036,0.0352911,-0.0639589,29.8682,0,0,0,0,0,0,0,1,0,0,0,0,0,0,0,0
3.59486e+08,0.885516,0.0269849,9.74233,0.158049,1.28641,0.339746,1.28824,5.19353,0.328553,5.31954,0.325883,0.536368,0.539897,0.036,0.0353873,-0.0639804,29.83,0,0,0,0,0,0,0,1,0,0,0,0,0,0,0,0
3.59506e+08,0.926095,0.0775616,9.74475,0.45398,-1.23443,0.348991,-1.22077,5.42864,0.860909,5.32908,0.859417,0.351105,0.352711,0.036,0.035398,-0.0637227,29.8359,0,0,0,0,0,0,0,1,0,0,0,0,0,0,0,0
3.59526e+08,0.904618,0.0293933,9.72095,0.1725,-4.1707,0.307079,-4.16295,5.31653,0.964073,5.34578,0.963827,-0.0770943,-0.0713413,0.037,0.036303,-0.0616152,29.8271,0,0,0,0,0,0,0,1,0,0,0,0,0,0,0,0
3.59546e+08,0.916575,-0.0356339,9.70422,-0.209457,-2.67348,0.205102,-2.68989,5.39561,0.410775,5.36302,0.417022,0.166988,0.162795,0.037,0.0363993,-0.0613859,29.8359,0,0,0,0,0,0,0,1,0,0,0,0,0,0,0,0
3.59566e+08,0.935679,-0.0380423,9.64009,-0.225045,2.47352,0.161893,2.4584,5.54379,-0.0176504,5.37363,-0.0172993,0.760789,0.754238,0.037,0.0364072,-0.0621611,29.8506,0,0,0,0,0,0,0,1,0,0,0,0,0,0,0,0
3.59586e+08,0.916549,0.0582943,9.70199,0.342731,3.163,0.216322,3.16811,5.39663,-0.261269,5.36754,-0.262104,0.772847,0.777102,0.037,0.036405,-0.0622332,29.8271,0,0,0,0,0,0,0,1,0,0,0,0,0,0,0,0
3.59606e+08,0.895054,0.0727447,9.69254,0.428188,0.0252759,0.264303,0.0390401,5.27585,0.0140471,5.36554,0.0134147,0.541254,0.538115,0.037,0.0364032,-0.0625415,29.8241,0,0,0,0,0,0,0,1,0,0,0,0,0,0,0,0
3.59626e+08,0.899851,-0.00191609,9.71141,-0.0112564,-1.28443,0.239262,-1.28588,5.29386,0.242486,5.36922,0.243648,0.264868,0.269688,0.037,0.0364019,-0.0626292,29.8212,0,0,0,0,0,0,0,1,0,0,0,0,0,0,0,0
3.59646e+08,0.899848,0.010126,9.73279,0.0593573,0.535073,0.20795,0.526379,5.28227,0.0741031,5.37655,0.0737941,0.538095,0.534629,0.034,0.0336825,-0.0705021,29.8682,0,0,0,0,0,0,0,1,0,0,0,0,0,0,0,0
3.59666e+08,0.933277,0.0125344,9.70665,0.0736475,1.96466,0.221309,1.9649,5.492,-0.170004,5.38292,-0.170831,0.795256,0.787082,0.034,0.033389,-0.0712366,29.8153,0,0,0,0,0,0,0,1,0,0,0,0,0,0,0,0
3.59686e+08,0.892674,0.0462522,9.77322,0.270029,0.599608,0.25688,0.60823,5.21879,-0.0473464,5.37508,-0.0467828,0.533307,0.532758,0.034,0.0333587,-0.0708124,29.8271,0,0,0,0,0,0,0,1,0,0,0,0,0,0,0,0
3.59706e+08,0.945204,0.0534774,9.7162,0.313868,-1.23166,0.25149,-1.22685,5.55624,0.394907,5.37886,0.392827,0.302633,0.303499,0.036,0.0351716,-0.0651073,29.8418,0,0,0,0,0,0,0,1,0,0,0,0,0,0,0,0
3.59726e+08,0.911787,0.010126,9.73991,0.0593076,-0.951178,0.213234,-0.957728,5.34807,0.149483,5.38013,0.150977,0.286487,0.283044,0.036,0.0353668,-0.0647928,29.8624,0,0,0,0,0,0,0,1,0,0,0,0,0,0,0,0
3.59746e+08,0.90463,-0.0139582,9.72325,-0.0818969,0.866412,0.195171,0.860985,5.31536,-0.0188093,5.38104,-0.0187867,0.651291,0.642386,0.036,0.0353856,-0.0651394,29.8271,0,0,0,0,0,0,0,1,0,0,0,0,0,0,0,0
3.59766e+08,0.902235,0.010126,9.71855,0.0594422,1.63981,0.212824,1.63751,5.30393,-0.170979,5.37787,-0.171552,0.618461,0.620257,0.035,0.034482,-0.0676075,29.8447,0,0,0,0,0,0,0,1,0,0,0,0,0,0,0,0
3.59786e+08,0.875956,0.0558858,9.69727,0.328856,0.871097,0.241544,0.874946,5.16144,-0.0786073,5.36736,-0.0792468,0.463514,0.465658,0.035,0.0343839,-0.0681501,29.8388,0,0,0,0,0,0,0,1,0,0,0,0,0,0,0,0
3.59806e+08,0.90223,0.0293933,9.72807,0.172378,-0.153354,0.248696,-0.1521,5.29871,-0.0175056,5.36628,-0.0160588,0.324308,0.329193,0.035,0.0343738,-0.0680056,29.8388,0,0,0,0,0,0,0,1,0,0,0,0,0,0,0,0
3.59826e+08,0.897465,-0.00914133,9.70902,-0.0537166,-0.503094,0.233706,-0.501604,5.28119,0.180696,5.36396,0.1798,0.490829,0.486515,0.035,0.0343718,-0.0682377,29.8506,0,0,0,0,0,0,0,1,0,0,0,0,0,0,0,0
3.59846e+08,0.883134,0.00530915,9.70431,0.0312171,-0.44026,0.21493,-0.439717,5.19984,0.13416,5.36435,0.136458,0.397864,0.395059,0.035,0.0343715,-0.0682868,29.7947,0,0,0,0,0,0,0,1,0,0,0,0,0,0,0,0
3.59866e+08,0.907007,0.0245765,9.6972,0.144578,0.00380731,0.202174,-7.00703e-05,5.34348,0.179402,5.36822,0.178251,0.503181,0.500294,0.035,0.0343714,-0.0682554,29.8124,0,0,0,0,0,0,0,1,0,0,0,0,0,0,0,0
3.59886e+08,0.883144,-0.0308171,9.74936,-0.180369,0.522229,0.191124,0.5201,5.17597,0.0110636,5.3654,0.0105046,0.424946,0.427803,0.036,0.0352778,-0.0653724,29.8124,0,0,0,0,0,0,0,1,0,0,0,0,0,0,0,0
3.59906e+08,0.909396,0.022168,9.70431,0.130312,0.825048,0.198966,0.823584,5.35357,-0.141823,5.3682,-0.137412,0.49906,0.502654,0.036,0.0353768,-0.0651955,29.7976,0,0,0,0,0,0,0,1,0,0,0,0,0,0,0,0
3.59926e+08,0.892685,0.00771757,9.67107,0.0455288,0.440488,0.204001,0.444328,5.27372,0.087348,5.36697,0.0858902,0.45107,0.455243,0.036,0.035385,-0.0657859,29.8447,0,0,0,0,0,0,0,1,0,0,0,0,0,0,0,0
3.59946e+08,0.892686,0.00290074,9.76365,0.0169516,0.40828,0.207739,0.408531,5.224,0.0416613,5.36055,0.0384568,0.52558,0.52339,0.036,0.0353849,-0.0656005,29.8418,0,0,0,0,0,0,0,1,0,0,0,0,0,0,0,0
3.59966e+08,0.890304,-0.018775,9.73988,-0.109987,0.635242,0.20799,0.634376,5.22278,0.0264349,5.35688,0.026124,0.416929,0.416309,0.036,0.0353839,-0.0659637,29.8388,0,0,0,0,0,0,0,1,0,0,0,0,0,0,0,0
3.59986e+08,0.907002,0.0414354,9.75658,0.242284,0.815387,0.217887,0.814796,5.31108,0.0417306,5.35641,0.0408276,0.521841,0.518486,0.036,0.0353832,-0.0658962,29.8035,0,0,0,0,0,0,0,1,0,0,0,0,0,0,0,0
3.60006e+08,0.914162,0.0558858,9.71861,0.328022,0.187043,0.228051,0.189738,5.37352,0.148349,5.35523,0.148605,0.535195,0.531766,0.035,0.0345366,-0.0689191,29.83,0,0,0,0,0,0,0,1,0,0,0,0,0,0,0,0
3.60026e+08,0.952381,0.00530915,9.70662,0.0311888,-1.13947,0.220556,-1.13703,5.60373,0.269735,5.36729,0.26827,0.350498,0.341794,0.035,0.0343823,-0.0693351,29.8124,0,0,0,0,0,0,0,1,0,0,0,0,0,0,0,0
3.60047e+08,0.880749,-0.00673292,9.71854,-0.039532,-0.615995,0.18654,-0.620505,5.17832,0.0244443,5.36999,0.028837,0.303529,0.300821,0.035,0.0343656,-0.0692951,29.8329,0,0,0,0,0,0,0,1,0,0,0,0,0,0,0,0
3.60068e+08,0.902231,0.0245765,9.72569,0.144165,1.15491,0.174348,1.14458,5.30002,-0.0520864,5.36814,-0.0509549,0.500412,0.497611,0.035,0.0343626,-0.0695174,29.83,0,0,0,0,0,0,0,1,0,0,0,0,0,0,0,0
3.60089e+08,0.916564,0.00530915,9.76364,0.0310192,2.10845,0.194801,2.12392,5.36294,-0.295563,5.36301,-0.250802,0.512879,0.604296,0.035,0.0343618,-0.0696981,29.8182,0,0,0,0,0,0,0,1,0,0,0,0,0,0,0,0
3.6011e+08,0.935648,0.0727447,9.71387,0.427089,0.925482,0.241691,0.932716,5.50165,-0.0508394,5.36088,-0.0499647,0.480029,0.482354,0.035,0.0343647,-0.0690909,29.7976,0,0,0,0,0,0,0,1,0,0,0,0,0,0,0,0
3.6013e+08,0.902227,0.0390269,9.71147,0.229263,-1.48582,0.23975,-1.47896,5.30769,0.299728,5.36319,0.300602,0.234288,0.235092,0.036,0.0352715,-0.0664906,29.8212,0,0,0,0,0,0,0,1,0,0,0,0,0,0,0,0
3.6015e+08,0.928506,-0.00673292,9.75411,-0.0393713,-1.58521,0.195294,-1.59258,5.43767,0.267789,5.3689,0.270715,0.218268,0.220199,0.036,0.0353698,-0.0660009,29.7829,0,0,0,0,0,0,0,1,0,0,0,0,0,0,0,0
3.60171e+08,0.904636,-0.0356339,9.72322,-0.209075,0.677607,0.154401,0.665681,5.31539,0.023067,5.37348,0.0213436,0.430856,0.426808,0.036,0.0353813,-0.0658939,29.8006,0,0,0,0,0,0,0,1,0,0,0,0,0,0,0,0
3.60192e+08,0.904624,0.00771757,9.69717,0.0454021,2.38091,0.175837,2.38115,5.32955,-0.19029,5.37163,-0.191717,0.673032,0.667095,0.036,0.0353831,-0.0659308,29.8094,0,0,0,0,0,0,0,1,0,0,0,0,0,0,0,0
3.60213e+08,0.911771,0.0655195,9.68301,0.385975,1.07282,0.226071,1.52455,5.3791,-0.0976899,5.3611,-0.0384985,0.547817,0.50626,0.036,0.0353814,-0.0663394,29.8094,0,0,0,0,0,0,0,1,0,0,0,0,0,0,0,0
3.60234e+08,0.890298,0.00290074,9.73516,0.0170012,-0.988703,0.247365,-0.707555,5.22527,0.19224,5.35879,0.145365,0.256249,0.288481,0.036,0.035379,-0.0666605,29.8065,0,0,0,0,0,0,0,1,0,0,0,0,0,0,0,0
3.60255e+08,0.861643,0.00530915,9.74469,0.0310949,-0.907809,0.212124,-0.912865,5.05306,0.267735,5.35143,0.267423,0.255225,0.255964,0.036,0.0353772,-0.0668796,29.8447,0,0,0,0,0,0,0,1,0,0,0,0,0,0,0,0
3.60276e+08,0.945231,-0.0404507,9.71605,-0.237416,0.84919,0.186714,0.492712,5.55651,-0.0840094,5.35027,0.023496,0.436867,0.492659,0.036,0.0353757,-0.066996,29.8241,0,0,0,0,0,0,0,1,0,0,0,0,0,0,0,0
3.60297e+08,0.890283,0.0558858,9.74,0.327381,1.37831,0.20243,1.51779,5.22252,-0.16001,5.35092,-0.174493,0.541541,0.619589,0.036,0.0353766,-0.066849,29.7829,0,0,0,0,0,0,0,1,0,0,0,0,0,0,0,0
3.60318e+08,0.907004,0.0342101,9.71146,0.200958,-0.0448354,0.23093,-0.0391413,5.33564,0.0235059,5.34252,0.0234948,0.341222,0.344663,0.036,0.0353762,-0.0672024,29.8212,0,0,0,0,0,0,0,1,0,0,0,0,0,0,0,0
3.60338e+08,0.887902,0.0318017,9.76608,0.185808,-0.470734,0.222412,-0.473087,5.19485,0.00814486,5.33818,0.00842209,0.40116,0.395485,0.036,0.0353741,-0.0673671,29.8035,0,0,0,0,0,0,0,1,0,0,0,0,0,0,0,0
3.60358e+08,0.926117,0.000492326,9.70426,0.00289364,0.750726,0.206133,0.747632,5.45145,-0.0530293,5.34,-0.0524029,0.399607,0.397689,0.035,0.0347739,-0.0696684,29.8271,0,0,0,0,0,0,0,1,0,0,0,0,0,0,0,0
3.60379e+08,0.883117,0.0679279,9.76377,0.396988,1.17428,0.227731,1.17484,5.16812,-0.0375748,5.33569,-0.0373098,0.382292,0.387974,0.035,0.0344001,-0.0705111,29.7594,0,0,0,0,0,0,0,1,0,0,0,0,0,0,0,0
3.604e+08,0.875965,0.0245765,9.65211,0.145291,-0.049903,0.239944,-0.0445314,5.18558,0.0541174,5.33586,0.0529368,0.319551,0.321809,0.035,0.0343618,-0.0705651,29.8124,0,0,0,0,0,0,0,1,0,0,0,0,0,0,0,0
3.60421e+08,0.902228,0.0366185,9.71622,0.215011,-0.764879,0.229746,-0.841306,5.30512,0.053468,5.33319,0.161311,0.302789,0.329554,0.035,0.0343569,-0.0706928,29.8065,0,0,0,0,0,0,0,1,0,0,0,0,0,0,0,0
3.60442e+08,0.899848,0.00771757,9.67818,0.0454925,0.412235,0.203726,0.406808,5.31192,0.0226231,5.33309,0.0226073,0.393171,0.395618,0.035,0.0343574,-0.0705661,29.7976,0,0,0,0,0,0,0,1,0,0,0,0,0,0,0,0
3.60463e+08,0.909392,0.0366185,9.70671,0.215205,1.34023,0.212013,1.33466,5.3522,-0.0992877,5.33566,-0.0993,0.437219,0.441165,0.035,0.0343558,-0.0708008,29.8124,0,0,0,0,0,0,0,1,0,0,0,0,0,0,0,0
3.60484e+08,0.895064,0.0366185,9.73284,0.214661,0.541945,0.227869,0.547879,5.2543,-0.0532236,5.33067,-0.0521101,0.450679,0.448591,0.035,0.0343568,-0.0703995,29.8271,0,0,0,0,0,0,0,1,0,0,0,0,0,0,0,0
3.60505e+08,0.926119,-0.00914133,9.67338,-0.0538979,-0.404958,0.222135,-0.415836,5.46876,0.0843751,5.32499,-0.0674537,0.296178,0.354979,0.035,0.0343605,-0.0698584,29.8124,0,0,0,0,0,0,0,1,0,0,0,0,0,0,0,0
3.60526e+08,0.907014,0.000492326,9.70903,0.00289276,0.130265,0.20575,0.129305,5.33706,0.0993419,5.33278,0.0987665,0.310091,0.312043,0.035,0.0343612,-0.0699832,29.7888,0,0,0,0,0,0,0,1,0,0,0,0,0,0,0,0
3.60546e+08,0.91179,-0.00191609,9.71614,-0.0112497,0.632586,0.201732,0.630249,5.3611,0.068789,5.335,0.0649974,0.491766,0.48966,0.035,0.0343617,-0.0697262,29.8094,0,0,0,0,0,0,0,1,0,0,0,0,0,0,0,0
3.60566e+08,0.923724,0.0173512,9.72804,0.101737,0.340459,0.202114,0.340826,5.42424,-0.0991075,5.33634,-0.0996683,0.337375,0.340169,0.035,0.0343642,-0.0693247,29.7976,0,0,0,0,0,0,0,1,0,0,0,0,0,0,0,0
3.60587e+08,0.907009,0.0173512,9.80877,0.100923,0.202158,0.202393,0.200992,5.28306,0.0535209,5.33481,0.0546416,0.381609,0.38434,0.035,0.0343651,-0.0690608,29.78,0,0,0,0,0,0,0,1,0,0,0,0,0,0,0,0
3.60608e+08,0.916551,0.051069,9.69011,0.300617,0.384435,0.201651,0.384667,5.40324,-0.0838535,5.334,-0.0801179,0.395572,0.393374,0.035,0.034369,-0.0688763,29.8212,0,0,0,0,0,0,0,1,0,0,0,0,0,0,0,0
3.60629e+08,0.911783,0.022168,9.74942,0.129712,0.793612,0.203372,0.734239,5.34285,-0.113706,5.32728,-0.174057,0.393494,0.472035,0.035,0.0343675,-0.0691625,29.7829,0,0,0,0,0,0,0,1,0,0,0,0,0,0,0,0
3.6065e+08,0.897456,0.022168,9.74469,0.129792,0.668537,0.211425,0.668575,5.26191,-0.174027,5.32019,-0.177229,0.300246,0.306344,0.035,0.0343675,-0.0690342,29.78,0,0,0,0,0,0,0,1,0,0,0,0,0,0,0,0
3.6067e+08,0.890294,0.0173512,9.72806,0.101769,0.467687,0.220703,0.470045,5.22903,-0.31081,5.3162,-0.309904,0.359726,0.361221,0.035,0.0343671,-0.069156,29.7976,0,0,0,0,0,0,0,1,0,0,0,0,0,0,0,0
3.6069e+08,0.952385,-0.00914133,9.72797,-0.0535844,0.648781,0.223268,0.648213,5.59154,-0.355968,5.31351,-0.353581,0.48017,0.480214,0.035,0.0343674,-0.0691568,29.8153,0,0,0,0,0,0,0,1,0,0,0,0,0,0,0,0
3.60711e+08,0.892675,0.0438438,9.70911,0.257644,0.905244,0.233609,0.904669,5.25306,-0.354863,5.30366,-0.351049,0.402173,0.400975,0.035,0.0343698,-0.068828,29.83,0,0,0,0,0,0,0,1,0,0,0,0,0,0,0,0
3.60732e+08,0.904625,0.00530915,9.7494,0.0310676,1.09971,0.248013,1.09825,5.30116,-0.15529,5.29102,-0.155604,0.461428,0.460762,0.036,0.0352798,-0.0656053,29.8094,0,0,0,0,0,0,0,1,0,0,0,0,0,0,0,0
3.60753e+08,0.880737,0.0366185,9.7376,0.214585,0.759431,0.257864,0.821481,5.16814,-0.00164318,5.28444,-0.0951308,0.474655,0.401369,0.036,0.0353795,-0.0654153,29.8006,0,0,0,0,0,0,0,1,0,0,0,0,0,0,0,0
3.60774e+08,0.907,0.0486606,9.74235,0.284944,0.177588,0.268277,0.238599,5.31877,-0.169514,5.28137,-0.0312765,0.351086,0.365177,0.037,0.0353912,-0.06509,29.8065,0,0,0,0,0,0,0,1,0,0,0,0,0,0,0,0
3.60794e+08,0.871192,0.0149428,9.73283,0.0876158,-0.0360565,0.258754,-0.0386849,5.11495,0.120849,5.2762,0.120195,0.288566,0.291338,0.037,0.0363394,-0.0622946,29.7976,0,0,0,0,0,0,0,1,0,0,0,0,0,0,0,0
3.60814e+08,0.902243,-0.0163666,9.73275,-0.095937,0.284356,0.246002,0.283683,5.29627,0.0903928,5.27762,0.0863018,0.409441,0.406638,0.037,0.036401,-0.0624348,29.8418,0,0,0,0,0,0,0,1,0,0,0,0,0,0,0,0
3.60835e+08,0.938049,0.0245765,9.74466,0.143837,0.557249,0.2519,0.557285,5.4985,-0.215177,5.28875,-0.215393,0.407806,0.410417,0.036,0.0360409,-0.0638595,29.8065,0,0,0,0,0,0,0,1,0,0,0,0,0,0,0,0
3.60856e+08,0.887898,0.0486606,9.69013,0.286518,0.143152,0.259818,0.145574,5.23527,0.0598567,5.28136,0.0610328,0.390971,0.393521,0.036,0.0354591,-0.0657119,29.8271,0,0,0,0,0,0,0,1,0,0,0,0,0,0,0,0
3.60877e+08,0.890285,0.0486606,9.71624,0.285748,-0.725775,0.25513,-0.661969,5.23525,0.196632,5.28213,0.275157,0.267363,0.301289,0.036,0.0353946,-0.0661189,29.8271,0,0,0,0,0,0,0,1,0,0,0,0,0,0,0,0
3.60898e+08,0.868802,0.0245765,9.74709,0.143896,-0.493759,0.227226,-0.497893,5.09355,0.0897944,5.28222,0.0874107,0.296769,0.298769,0.037,0.035986,-0.0640653,29.8241,0,0,0,0,0,0,0,1,0,0,0,0,0,0,0,0
3.60918e+08,0.911783,0.0245765,9.69482,0.144607,0.575561,0.212075,0.569022,5.37276,-0.0171413,5.2776,-0.020878,0.310765,0.315545,0.037,0.0363603,-0.0630726,29.8241,0,0,0,0,0,0,0,1,0,0,0,0,0,0,0,0
3.60938e+08,0.895066,0.0293933,9.75182,0.171974,0.893018,0.221261,0.893609,5.24415,-0.0325961,5.27515,-0.0316862,0.40081,0.403596,0.037,0.0363999,-0.0628017,29.7859,0,0,0,0,0,0,0,1,0,0,0,0,0,0,0,0
3.60959e+08,0.902231,0.0245765,9.72332,0.1442,0.41667,0.232523,0.419678,5.30131,0.0128353,5.27598,0.0158076,0.414378,0.417139,0.037,0.0364045,-0.0629199,29.8182,0,0,0,0,0,0,0,1,0,0,0,0,0,0,0,0
3.6098e+08,0.909394,0.0293933,9.73519,0.172242,-0.316171,0.231523,-0.314689,5.33666,0.0434768,5.27789,0.0436925,0.290928,0.28768,0.037,0.036404,-0.0630354,29.7976,0,0,0,0,0,0,0,1,0,0,0,0,0,0,0,0
3.61001e+08,0.875963,0.0318017,9.74472,0.186232,0.554669,0.216742,0.274767,5.13655,-0.185251,5.28187,-0.245287,0.396209,0.365219,0.037,0.0364029,-0.063257,29.8271,0,0,0,0,0,0,0,1,0,0,0,0,0,0,0,0
3.61022e+08,0.859253,0.0149428,9.77082,0.0872872,1.64968,0.226192,1.6464,5.02569,-0.16978,5.27223,-0.167957,0.486059,0.485955,0.037,0.0364027,-0.0630849,29.8153,0,0,0,0,0,0,0,1,0,0,0,0,0,0,0,0
3.61042e+08,0.904606,0.0703363,9.72814,0.412473,0.606202,0.256808,0.614516,5.31244,0.0749404,5.27275,0.0737427,0.346774,0.355524,0.037,0.0364043,-0.0630143,29.7741,0,0,0,0,0,0,0,1,0,0,0,0,0,0,0,0
3.61062e+08,0.885504,0.0703363,9.78751,0.410065,-0.889741,0.257723,-0.886412,5.1695,0.0286694,5.27625,0.0298407,0.269029,0.273763,0.037,0.0364063,-0.0623497,29.78,0,0,0,0,0,0,0,1,0,0,0,0,0,0,0,0
3.61082e+08,0.890299,0.000492326,9.74228,0.00288342,0.12064,0.232495,0.111166,5.22147,-0.108801,5.2718,-0.10935,0.237567,0.237538,0.036,0.0356602,-0.0645416,29.8153,0,0,0,0,0,0,0,1,0,0,0,0,0,0,0,0
3.61103e+08,0.899852,-0.0043245,9.71852,-0.0253866,1.70541,0.233152,1.69944,5.29001,-0.291097,5.26687,-0.29109,0.419373,0.419295,0.036,0.0354219,-0.0651395,29.8035,0,0,0,0,0,0,0,1,0,0,0,0,0,0,0,0
3.61124e+08,0.938027,0.104054,9.74003,0.609257,1.49927,0.270283,1.50902,5.50067,0.288278,5.2734,0.295295,0.539384,0.544115,0.036,0.0353939,-0.0656537,29.8065,0,0,0,0,0,0,0,1,0,0,0,0,0,0,0,0
3.61145e+08,0.873576,0.0293933,9.71148,0.172717,-0.0613234,0.285465,0.0200921,5.14007,-0.261466,5.2694,0.044489,0.216921,0.293666,0.035,0.0346435,-0.0674781,29.8035,0,0,0,0,0,0,0,1,0,0,0,0,0,0,0,0
3.61166e+08,0.938043,0.0462522,9.75419,0.270434,-0.182874,0.274155,-0.181708,5.49308,-0.262069,5.27161,-0.251608,0.276831,0.280896,0.035,0.0343939,-0.0682956,29.8359,0,0,0,0,0,0,0,1,0,0,0,0,0,0,0,0
3.61186e+08,0.921331,0.0342101,9.6877,0.201419,1.3426,0.270156,1.33745,5.43264,1.26615,5.25456,1.25314,0.413056,0.414231,0.035,0.0343776,-0.0685926,29.8006,0,0,0,0,0,0,0,1,0,0,0,0,0,0,0,0
3.61206e+08,0.804325,0.0414354,9.70444,0.2438,2.06883,0.297012,2.06613,4.73793,-0.442136,5.25467,-0.460773,0.64028,0.631163,0.037,0.0360666,-0.0631805,29.8006,0,0,0,0,0,0,0,1,0,0,0,0,0,0,0,0
3.61227e+08,0.861627,0.0631111,9.72579,0.370339,1.1144,0.340037,1.12077,5.06263,-1.43488,5.25761,-1.42304,0.363195,0.367435,0.037,0.0363727,-0.0623476,29.8153,0,0,0,0,0,0,0,1,0,0,0,0,0,0,0,0
3.61248e+08,0.940419,0.0871952,9.71626,0.511776,-0.201292,0.351837,-0.191841,5.52811,0.596014,5.24696,0.603249,0.285323,0.291508,0.037,0.0364027,-0.0631529,29.7918,0,0,0,0,0,0,0,1,0,0,0,0,0,0,0,0
3.61269e+08,0.942827,0.0149428,9.74701,0.0874301,-1.28085,0.326371,-1.29627,5.52502,0.931145,5.24158,0.800001,0.238411,0.195459,0.037,0.036403,-0.063587,29.8006,0,0,0,0,0,0,0,1,0,0,0,0,0,0,0,0
3.6129e+08,0.799562,-0.00191609,9.68775,-0.0112938,0.142799,0.287029,0.132907,4.71811,0.090941,5.24921,0.0826694,0.329123,0.32628,0.037,0.0364012,-0.0637372,29.8241,0,0,0,0,0,0,0,1,0,0,0,0,0,0,0,0
3.6131e+08,0.887905,0.022168,9.65685,0.130974,1.84871,0.290134,1.84658,5.25331,-0.61187,5.26078,-0.606727,0.449653,0.445745,0.037,0.0363992,-0.0641934,29.7976,0,0,0,0,0,0,0,1,0,0,0,0,0,0,0,0
3.6133e+08,0.909391,0.0390269,9.76132,0.228087,1.7795,0.32422,1.78454,5.32242,-0.213347,5.25278,-0.212437,0.478099,0.479692,0.036,0.0354911,-0.0667206,29.8124,0,0,0,0,0,0,0,1,0,0,0,0,0,0,0,0
3.6135e+08,0.859242,0.0558858,9.71153,0.328427,0.248327,0.349618,0.252567,5.05607,-0.120111,5.23948,-0.124845,0.293325,0.296211,0.036,0.0353919,-0.067284,29.8182,0,0,0,0,0,0,0,1,0,0,0,0,0,0,0,0
3.61371e+08,0.875944,0.101646,9.78994,0.592495,-0.60604,0.3553,-0.60338,5.11258,0.261279,5.23133,0.260085,0.3227,0.320832,0.036,0.0353834,-0.0666976,29.8241,0,0,0,0,0,0,0,1,0,0,0,0,0,0,0,0
3.61392e+08,0.899836,0.0534774,9.71387,0.314081,-1.27439,0.337285,-1.27083,5.29236,0.427845,5.23913,0.428444,0.199664,0.20157,0.036,0.0353835,-0.0668554,29.7712,0,0,0,0,0,0,0,1,0,0,0,0,0,0,0,0
3.61413e+08,0.890289,0.0342101,9.73759,0.200455,-0.886713,0.304447,-1.1023,5.22389,0.303805,5.24551,0.335499,0.168429,0.165905,0.036,0.0353823,-0.0669653,29.8094,0,0,0,0,0,0,0,1,0,0,0,0,0,0,0,0
3.61434e+08,0.895066,0.0293933,9.70434,0.172808,0.885209,0.281782,0.405398,5.26967,0.0129423,5.25593,0.0314555,0.396435,0.375883,0.036,0.035382,-0.0670632,29.7712,0,0,0,0,0,0,0,1,0,0,0,0,0,0,0,0
3.61454e+08,0.902226,0.0438438,9.69011,0.258122,1.50587,0.304795,1.50765,5.3193,-0.276624,5.25947,-0.276611,0.34877,0.357587,0.036,0.035381,-0.0670641,29.7859,0,0,0,0,0,0,0,1,0,0,0,0,0,0,0,0
3.61474e+08,0.895063,0.0414354,9.78033,0.241728,0.463129,0.328057,0.469368,5.22891,-0.0925457,5.25307,-0.0928753,0.392995,0.394395,0.036,0.0353825,-0.0666464,29.8094,0,0,0,0,0,0,0,1,0,0,0,0,0,0,0,0
3.61494e+08,0.892676,0.0390269,9.76371,0.228067,-0.376804,0.330688,-0.208661,5.22387,-0.12254,5.24761,-0.107677,0.254509,0.23953,0.036,0.0353836,-0.066662,29.78,0,0,0,0,0,0,0,1,0,0,0,0,0,0,0,0
3.61515e+08,0.849705,0.00290074,9.73995,0.0169992,0.0517911,0.312901,0.0488002,4.98581,0.0302916,5.24179,0.0311505,0.314696,0.310382,0.036,0.0353852,-0.0663825,29.8153,0,0,0,0,0,0,0,1,0,0,0,0,0,0,0,0
3.61536e+08,0.883122,0.0486606,9.72337,0.285559,0.813564,0.31541,0.81089,5.18957,0.0913126,5.24089,0.0892456,0.328718,0.333283,0.036,0.0353871,-0.0662835,29.7829,0,0,0,0,0,0,0,1,0,0,0,0,0,0,0,0
3.61557e+08,0.868789,0.0703363,9.70443,0.41361,0.168787,0.327076,0.493903,5.11563,0.136848,5.23743,-0.0786275,0.296609,0.253259,0.036,0.0353867,-0.0664824,29.7947,0,0,0,0,0,0,0,1,0,0,0,0,0,0,0,0
3.61578e+08,0.878342,0.0631111,9.69491,0.371453,-1.63089,0.324262,-1.62254,5.17666,0.54671,5.24591,0.549398,0.0666122,0.0701711,0.036,0.0353856,-0.0664911,29.7888,0,0,0,0,0,0,0,1,0,0,0,0,0,0,0,0
3.61599e+08,0.942821,0.0390269,9.69719,0.229507,-2.55355,0.277507,-2.55266,5.55315,0.681028,5.26003,0.686594,0.0206789,0.0220357,0.036,0.035385,-0.066581,29.8124,0,0,0,0,0,0,0,1,0,0,0,0,0,0,0,0
3.6162e+08,0.907026,-0.0452675,9.75169,-0.264823,0.0792962,0.218982,0.0652396,5.31386,0.145384,5.26587,0.145941,0.310636,0.304123,0.037,0.0359833,-0.0645089,29.7947,0,0,0,0,0,0,0,1,0,0,0,0,0,0,0,0
3.61641e+08,0.899841,0.0342101,9.69959,0.201215,2.78902,0.232151,2.70975,5.30018,-0.358787,5.27605,-0.186289,0.58314,0.595486,0.037,0.0363555,-0.0638218,29.7947,0,0,0,0,0,0,0,1,0,0,0,0,0,0,0,0
3.61662e+08,0.873563,0.0751532,9.7068,0.441808,2.19791,0.299682,2.20506,5.14232,-0.0677295,5.26341,-0.0683467,0.550337,0.550448,0.037,0.0363945,-0.0641462,29.7624,0,0,0,0,0,0,0,1,0,0,0,0,0,0,0,0
3.61683e+08,0.861612,0.118505,9.66652,0.699596,-1.01274,0.334273,-0.997456,5.09314,0.542288,5.25941,0.539333,0.121086,0.130328,0.036,0.0356476,-0.0666212,29.8065,0,0,0,0,0,0,0,1,0,0,0,0,0,0,0,0
3.61704e+08,0.949982,0.0462522,9.68295,0.272373,-4.31526,0.291616,-4.30777,5.60322,0.799311,5.27066,0.798124,-0.18446,-0.178739,0.036,0.0354095,-0.0669359,29.7624,0,0,0,0,0,0,0,1,0,0,0,0,0,0,0,0
3.61725e+08,0.895084,-0.0332255,9.69949,-0.195435,-2.08261,0.191607,-2.90807,5.27238,0.231609,5.28492,0.326749,0.0606856,-0.137253,0.036,0.0353835,-0.0670008,29.7741,0,0,0,0,0,0,0,1,0,0,0,0,0,0,0,0
3.61746e+08,0.883143,-0.0260002,9.77786,-0.151737,2.40701,0.148053,2.39141,5.16097,-0.287643,5.2866,-0.285838,0.609268,0.602012,0.037,0.0361298,-0.064424,29.7918,0,0,0,0,0,0,0,1,0,0,0,0,0,0,0,0
3.61766e+08,0.906992,0.07997,9.76851,0.467033,3.70679,0.212404,3.70888,5.30444,-0.819699,5.27548,-0.8191,0.667818,0.669168,0.037,0.0363718,-0.0634387,29.7682,0,0,0,0,0,0,0,1,0,0,0,0,0,0,0,0
3.61787e+08,0.859239,0.0655195,9.68781,0.385975,1.96924,0.279099,1.9768,5.06835,-0.465683,5.25455,-0.469202,0.512601,0.515629,0.037,0.0363997,-0.0633105,29.8124,0,0,0,0,0,0,0,1,0,0,0,0,0,0,0,0
3.61808e+08,0.880731,0.0607027,9.73527,0.355801,0.0257473,0.304667,0.138094,5.16927,-0.3868,5.23817,-0.41976,0.266493,0.270897,0.036,0.0356511,-0.0664752,29.7741,0,0,0,0,0,0,0,1,0,0,0,0,0,0,0,0
3.61829e+08,0.794761,0.0871952,9.60717,0.518235,-0.172726,0.30139,0.450885,4.72888,0.223887,5.20733,0.0852827,-0.176255,-0.122965,0.036,0.0354129,-0.0667386,29.7976,0,0,0,0,0,0,0,1,0,0,0,0,0,127,175,22
3.6185e+08,0.28603,0.523118,9.24506,3.237,-0.981886,0.341347,-0.971244,1.76926,-0.356266,5.1595,-0.346186,-0.176255,-0.132493,0.036,0.0353808,-0.069421,29.7829,0,0,0,0,0,0,0,1,0,0,0,0,52,191,277,138
3.61871e+08,0.484318,0.173898,9.97084,0.997999,-1.10402,0.347468,-1.09937,2.78044,0.956712,5.04486,0.9375,0.999318,0.993851,0.036,0.0353882,-0.0653903,29.7976,0,0,0,0,0,0,0,1,0,0,0,0,110,280,369,199
3.61892e+08,0.973858,0.0558858,9.73993,0.327118,0.163152,0.346081,0.175883,5.70971,-2.75321,5.08546,-2.71848,0.571837,0.57522,0.036,0.035417,-0.0620531,29.7918,0,0,0,0,0,0,0,1,0,0,0,0,253,322,376,307
3.61913e+08,0.589418,0.0486606,9.54556,0.29152,2.31582,0.350413,3.34011,3.53336,-2.18833,5.06729,-2.39238,2.72451,2.9422,0.036,0.0354188,-0.0627498,29.7506,0,0,0,0,0,0,0,1,0,0,0,0,367,445,412,334
3.61934e+08,1.07416,0.0269849,9.95347,0.154438,3.38453,0.44765,3.35112,6.15937,-1.83718,5.05475,-1.77538,-1.91671,-1.86101,0.036,0.0354175,-0.0629824,29.8153,0,0,0,0,0,0,0,1,0,0,0,0,451,546,508,413
3.61954e+08,1.53267,-0.146421,9.90769,-0.836734,3.09445,0.49885,3.11838,8.79271,-1.08909,4.99775,-1.14199,-3.44343,-3.30647,0.036,0.0354386,-0.0589395,29.8153,0,0,0,0,0,0,0,1,0,0,0,0,516,626,593,483
3.61974e+08,0.952267,0.417148,8.85019,2.68314,11.7204,0.620402,11.532,6.13455,-4.49367,5.02118,-4.36819,2.93825,2.74104,0.036,0.0354395,-0.0623776,29.7447,0,0,0,0,0,0,0,1,0,0,0,0,754,776,505,483
3.61994e+08,2.33285,-1.06884,10.302,-5.77803,-5.40937,0.718209,-5.16157,12.6933,1.5216,5.02558,1.36676,-2.83274,-2.72227,0.038,0.0372577,-0.0530667,29.8006,0,0,0,0,0,0,0,1,0,0,0,0,521,702,888,707
3.62014e+08,4.17376,-0.647371,2.11713,-7.87556,-0.90555,0.623155,-0.951666,62.0571,2.81931,5.41015,2.61177,-13.5045,-13.1027,0.038,0.0374363,-0.0745475,29.8124,0,0,0,0,0,0,0,1,0,0,0,0,627,858,932,701
3.62035e+08,-5.76672,-1.00863,1.00925,-9.77536,-9.4857,-0.018266,-9.48783,-76.1024,-16.9059,4.27632,-16.2993,-2.84801,-3.31757,0.038,0.0373015,-0.107601,29.7712,0,0,0,0,0,0,0,1,0,0,0,0,856,518,853,1191
3.62056e+08,-15.9243,6.40446,19.6842,14.1953,18.667,-0.387553,18.1939,-37.5708,-48.5547,4.01268,-47.0766,-6.17626,-6.57178,0.039,0.0381865,-0.0917915,29.7682,0,0,0,0,0,0,0,1,0,0,0,0,1736,537,123,1322
3.62077e+08,1.61514,3.82987,-0.98847,63.6908,-2.29486,0.0158892,1.86875,22.2122,15.1552,4.31257,19.352,-36.7717,-36.6079,0.039,0.0389805,0.0683777,29.7888,0,0,0,0,0,0,0,1,0,0,0,0,670,1318,1339,691
3.62098e+08,13.888,6.05765,-9.34329,19.8953,18.0563,-0.188451,19.9239,51.2779,-33.4708,4.70311,-45.5466,-32.5427,-35.6137,0.038,0.0387559,-0.0699206,29.7624,0,0,0,0,0,0,0,1,0,0,0,0,1879,750,280,1409
3.62119e+08,-3.11123,-1.76728,21.8895,-4.57013,17.1097,-0.219734,16.9516,-8.06359,-15.3028,5.63235,-15.5681,-18.2068,-18.0994,0.038,0.0369325,-0.0666247,29.7594,0,0,0,0,0,0,0,1,0,0,0,0,1577,1149,927,1025
3.6214e+08,-5.53722,-1.97682,13.8188,-7.56397,8.91124,0.290013,11.322,-21.6364,-58.5089,6.23615,-67.2448,-26.9701,-29.4037,0.038,0.0369033,-0.109061,29.7124,0,0,0,0,0,0,0,1,0,0,0,0,2337,403,419,1818
3.62161e+08,1.55802,3.14588,14.075,12.525,-4.66128,-0.156229,-8.96127,6.16569,-14.7227,5.35104,-14.0213,-28.8022,-31.3077,0.04,0.0377306,-0.116663,29.7624,0,0,0,0,0,0,0,1,0,0,0,0,1415,897,1510,1456
3.62182e+08,-1.41603,-1.16277,11.8863,-5.54815,-9.60784,-0.280155,-9.59835,-6.76171,20.1628,5.05103,20.1456,-28.7411,-28.5888,0.04,0.0392279,-0.0595944,29.7418,0,0,0,0,0,0,0,1,0,0,0,0,1016,1454,2066,1103
3.62203e+08,-2.84482,1.93204,14.1955,7.60113,5.06392,-0.552819,4.84206,-11.2312,-6.17306,5.24597,-5.82938,-29.8862,-29.8948,0.04,0.0394623,-0.0329872,29.7241,0,0,0,0,0,0,0,1,0,0,0,0,1646,1361,1598,1332
3.62224e+08,-2.33543,-0.86172,13.1744,-3.685,12.0868,-0.568126,12.1267,-10.0314,-43.654,4.74811,-43.5108,-33.4434,-33.3653,0.031,0.0342915,-0.0235267,29.7359,0,0,0,0,0,0,0,1,0,0,0,0,2368,990,1058,1822
3.62245e+08,0.694636,-0.502866,9.9672,-2.88127,-9.83685,-0.296525,-5.04493,3.98157,-30.5089,3.8554,-43.6324,-35.4434,-35.2422,0.031,0.0311369,-0.015535,29.7329,0,0,0,0,0,0,0,1,0,0,0,0,2232,797,1346,2131
3.62266e+08,-0.616316,-0.404121,11.3384,-2.03825,6.22422,-0.529083,5.9608,-3.10936,9.6132,3.11673,9.58589,-34.4358,-34.4614,0.031,0.0309821,0.0128685,29.6682,0,0,0,0,0,0,0,1,0,0,0,0,1684,1695,1944,1294
3.62286e+08,0.942395,1.57078,11.6631,7.64576,21.0028,-0.339168,20.69,4.57837,54.8193,3.65072,54.6843,-35.4587,-35.361,0.017,0.0205801,-0.00157099,29.7153,0,0,0,0,0,0,0,1,0,0,0,0,1335,2605,2448,521
3.62306e+08,-0.238933,-0.779834,11.9785,-3.72411,-6.56967,-0.0764213,-6.23714,-1.1403,25.1094,4.41506,25.2337,-35.8709,-35.8735,0.017,0.0173939,0.0190828,29.6653,0,0,0,0,0,0,0,1,0,0,0,0,1394,1875,2458,1308
3.62327e+08,-1.06263,-1.17722,11.9857,-5.58774,-18.4475,-0.33137,-18.356,-5.04233,-50.9059,4.0691,-50.6581,-40.8327,-40.8752,0.017,0.0172388,0.0491661,29.6594,0,0,0,0,0,0,0,1,0,0,0,0,2317,641,1615,2530
3.62348e+08,-1.00821,0.624271,12.4492,2.86138,-10.2491,-0.800034,-10.4439,-4.62426,-66.4631,2.67923,-66.4054,-41.8556,-41.9014,0.035,0.0309227,0.116321,29.6653,0,0,0,0,0,0,0,1,0,0,0,0,2630,451,1236,2632
3.62369e+08,-0.446714,-0.637737,11.421,-3.19358,24.3006,-0.813228,22.045,-2.23641,12.7277,1.73039,1.33662,-40.7869,-40.8918,0.035,0.0354707,0.158346,29.6476,0,0,0,0,0,0,0,1,0,0,0,0,2157,1820,1700,1270
3.6239e+08,0.0709683,1.08428,11.0529,5.6026,28.6212,-0.0219755,28.8728,0.366121,68.1017,2.32632,67.9409,-39.4587,-39.4538,0.035,0.0361752,0.185677,29.6447,0,0,0,0,0,0,0,1,0,0,0,0,1356,2895,2543,260
3.6241e+08,0.422491,-0.750933,10.4609,-4.10259,-30.0353,0.0922812,-29.6919,2.30686,21.4911,3.44905,21.9711,-43.6419,-43.611,0.059,0.056632,0.261869,29.6624,0,0,0,0,0,0,0,1,0,0,0,0,1124,1399,2700,1603
3.6243e+08,-0.783534,-0.153646,11.8565,-0.740825,-65.3941,-0.851237,-65.4149,-3.78055,-61.9288,3.14909,-61.348,-46.0541,-46.0124,0.059,0.0604237,0.288911,29.6182,0,0,0,0,0,0,0,1,0,0,0,0,1793,0,2080,3274
3.62451e+08,0.138524,-1.41806,11.2388,-7.19079,0.285289,-1.75391,-0.0358266,0.700608,-70.6921,1.56531,-70.7744,-47.6114,-47.649,0.059,0.0609516,0.302886,29.6241,0,0,0,0,0,0,0,1,0,0,0,0,2879,475,1071,2573
3.62472e+08,-0.313137,-0.127154,11.6354,-0.625887,73.8578,-1.08445,73.7053,-1.54151,13.888,0.630011,13.4555,-42.8938,-42.9733,0.083,0.0815013,0.380897,29.6212,0,0,0,0,0,0,0,1,0,0,0,0,2688,2615,1105,358
3.62493e+08,1.43956,-0.199406,9.4922,-1.18985,31.583,0.535054,63.0554,8.62172,94.972,1.49274,83.9614,-47.1992,-43.7175,0.083,0.0852865,0.398039,29.6124,0,0,0,0,0,0,0,1,0,0,0,0,1607,3509,2236,0
3.62514e+08,-1.39961,-0.103069,11.9972,-0.488906,-92.6002,0.281582,-92.2596,-6.65387,24.3308,3.38504,24.8355,-50.0847,-50.1384,0.083,0.0855584,0.390125,29.5888,0,0,0,0,0,0,0,1,0,0,0,0,323,608,3696,2456
3.62534e+08,-1.70286,-0.112703,12.413,-0.515374,-107.501,-1.98475,-107.722,-7.811,-86.7379,3.00172,-86.1411,-55.993,-55.9031,0.107,0.107313,0.448167,29.6006,0,0,0,0,0,0,0,1,0,0,0,0,1496,0,2306,4095
3.62554e+08,0.0524983,-1.19167,11.3295,-6.00443,35.7204,-3.19703,34.9056,0.264038,-107.914,0.927365,-107.984,-60.2526,-60.2104,0.107,0.10966,0.449588,29.5888,0,0,0,0,0,0,0,1,0,0,0,0,3935,356,166,2601
3.62574e+08,-0.387079,-0.418572,11.4379,-2.09461,158.484,-1.28119,158.179,-1.93695,-8.60054,-0.64599,-9.10222,-46.2526,-46.4245,0.107,0.110042,0.453142,29.5506,0,0,0,0,0,0,0,1,0,0,0,0,4095,3306,0,0
3.62595e+08,0.923688,0.144997,10.6518,0.776971,85.4761,1.48066,85.9264,4.95564,98.0101,0.175376,97.6516,-48.5274,-48.4342,0.144,0.143799,0.55128,29.5506,0,0,0,0,0,0,0,1,0,0,0,0,1798,3973,2081,0
3.62616e+08,0.481654,1.16616,11.5418,5.76451,-122.478,1.39918,-121.914,2.37755,96.2239,2.63428,96.259,-55.1839,-55.2126,0.144,0.147222,0.542947,29.5447,0,0,0,0,0,0,0,1,0,0,0,0,0,178,4095,857
3.62637e+08,1.2768,1.18062,10.5131,6.36109,-205.684,-2.19593,-220.88,6.88175,-45.5624,3.52301,-27.0855,-50.5427,-47.8516,0.189,0.147356,0.525355,29.5329,0,0,0,0,0,0,0,1,0,0,0,0,0,0,3896,4095
3.62658e+08,-0.11746,0.325628,10.6221,1.75578,-48.4323,-6.0078,-49.4494,-0.633256,-131.761,1.62583,-131.416,-63.2755,-63.1317,0.189,0.18937,0.632331,29.5594,0,0,0,0,0,0,0,1,0,0,0,0,2970,0,1026,4045
3.62678e+08,-0.508923,-0.189772,10.7878,-1.00668,179.262,-4.83031,178.333,-2.70054,-81.8066,-0.803299,-82.1802,-54.5427,-54.8109,0.189,0.192181,0.620905,29.53,0,0,0,0,0,0,0,1,0,0,0,0,4095,1196,0,0
3.62699e+08,1.1198,-0.970098,9.48886,-5.79743,222.01,-0.621159,222.21,6.69589,47.2926,-1.36416,46.6627,-37.8098,-37.7714,0.231,0.208323,0.641316,29.5124,0,0,0,0,0,0,0,1,0,0,0,0,3304,4095,0,0
3.6272e+08,2.17764,-1.05198,7.98968,-7.23973,55.2624,2.69177,56.2931,15.1215,130.392,0.534341,129.926,-55.4892,-55.0685,0.231,0.23275,0.684171,29.5065,0,0,0,0,0,0,0,1,0,0,0,0,995,4006,2954,0
3.62741e+08,2.15105,0.0944205,9.87905,0.53506,-223.715,1.76078,-177.843,12.2832,52.8651,2.83586,85.8376,-59.306,-59.6289,0.231,0.235052,0.667571,29.4682,0,0,0,0,0,0,0,1,0,0,0,0,0,0,4095,1086
3.62762e+08,0.432108,-0.986957,9.85981,-5.71077,-255.226,-3.99327,-255.442,2.49693,-70.7685,3.1219,-70.4511,-54.7259,-54.6929,0.271,0.258711,0.694828,29.4829,0,0,0,0,0,0,0,1,0,0,0,0,0,0,2754,4095
3.62783e+08,1.83359,-0.327052,8.8055,-2.08246,-88.5391,-7.70965,-89.4338,11.7548,-131.364,1.08819,-131.319,-74.2526,-74.1094,0.271,0.272185,0.699582,29.4741,0,0,0,0,0,0,0,1,0,0,0,0,1955,0,1166,4095
3.62804e+08,0.653853,0.178715,10.2793,0.994025,152.606,-7.27134,151.573,3.63904,-86.5853,-1.42598,-86.8667,-71.764,-71.9821,0.271,0.273173,0.675396,29.48,0,0,0,0,0,0,0,1,0,0,0,0,4095,876,0,0
3.62825e+08,-1.23015,0.178715,11.3684,0.89541,253.614,-2.96053,253.622,-6.17509,71.4605,-1.96267,55.2826,-49.1992,-52.6267,0.328,0.30871,0.754479,29.4976,0,0,0,0,0,0,0,1,0,0,0,0,3236,4095,0,0
3.62846e+08,-0.446451,-1.58424,9.11648,-9.84673,90.27,1.90628,91.2513,-2.76231,140.59,0.520747,140.422,-71.8862,-71.5686,0.328,0.331717,0.780175,29.4682,0,0,0,0,0,0,0,1,0,0,0,0,955,4095,2270,0
3.62866e+08,1.64458,0.987942,10.2798,5.42105,-151.684,1.84729,-150.687,9.04828,87.5369,3.21882,87.8585,-84.8327,-84.7677,0.328,0.332563,0.743186,29.4682,0,0,0,0,0,0,0,1,0,0,0,0,0,0,4095,776
3.62887e+08,-0.664488,1.0891,10.1727,6.09793,-256.768,-2.3704,-256.867,-3.7161,-69.5624,3.45391,-69.0505,-74.9701,-74.9759,0.371,0.364489,0.801614,29.4506,0,0,0,0,0,0,0,1,0,0,0,0,0,0,3002,4095
3.62908e+08,-0.088326,-1.4012,11.1274,-7.17688,-154.844,-6.81564,-155.329,-0.451223,-152.585,1.28185,-152.571,-93.5656,-93.3799,0.371,0.373256,0.787124,29.3976,0,0,0,0,0,0,0,1,0,0,0,0,358,0,774,4095
3.62929e+08,-0.979256,-0.445064,11.8088,-2.15104,121.385,-7.88321,79.1769,-4.73713,-107.517,-1.70132,-120.334,-103.138,-104.779,0.371,0.37274,0.743044,29.4359,0,0,0,0,0,0,0,1,0,0,0,0,4095,0,0,1289
3.6295e+08,0.964162,0.576103,8.41832,3.88955,227.4,-3.6528,227.439,6.51858,52.2392,-2.9071,51.4503,-76.6648,-76.7114,0.437,0.429767,0.866397,29.4094,0,0,0,0,0,0,0,1,0,0,0,0,3613,4095,0,0
3.6297e+08,2.57327,1.64303,9.56302,9.4201,129.385,0.501579,129.887,14.8529,161.201,-0.716595,160.926,-88.619,-88.3707,0.437,0.441425,0.851227,29.3947,0,0,0,0,0,0,0,1,0,0,0,0,607,4095,1427,0
3.6299e+08,-0.234217,-0.565485,10.4166,-3.10657,-100.051,1.07275,-99.2756,-1.28618,123.919,2.99204,124.78,-101.535,-101.594,0.437,0.442121,0.796484,29.3741,0,0,0,0,0,0,0,1,0,0,0,0,0,331,4095,0
3.6301e+08,0.0358832,-1.55053,7.77705,-11.2752,-222.371,-2.23697,-222.054,0.259258,-14.0204,4.48906,-13.448,-81.9167,-82.1871,0.475,0.473164,0.835992,29.3918,0,0,0,0,0,0,0,1,0,0,0,0,0,0,4095,3525
3.63031e+08,-1.81252,-0.794284,10.9993,-4.07551,-151.272,-6.04013,-151.706,-9.33349,-158.906,2.97219,-158.195,-93.2908,-93.061,0.475,0.477238,0.798211,29.3741,0.00679122,0.00470463,0.339561,0.235231,2.6065,-1.98785,-0.1,0,0,0,-0.1,0,501,0,513,4095
3.63052e+08,0.451243,-1.10256,10.0068,-6.28122,57.0945,-7.08439,56.4134,2.56641,-162.005,-0.515834,-162.488,-106.054,-106.116,0.475,0.476689,0.748689,29.3859,0.0109342,0.0187195,0.207148,0.700745,1.82267,-4.74928,-0.1,0,0,0,-0.1,0,4095,0,0,1747
3.63073e+08,0.381588,0.364163,9.2186,2.26025,201.446,-4.37194,198.971,2.36846,-9.07382,-2.99096,-43.1679,-74.161,-78.9089,0.543,0.534899,0.882407,29.3888,0.00517925,0.037805,-0.287746,0.954276,-2.29697,-6.25511,0.1,0,0,0,-0.1,0,4095,2098,0,0
3.63094e+08,-1.34468,-0.13197,11.6244,-0.646136,123.843,0.220593,124.424,-6.59809,130.911,-1.88091,130.689,-73.4892,-73.4137,0.543,0.547524,0.854491,29.3594,-0.00806916,0.0467652,-0.662421,0.448009,-4.5199,-3.25628,0.1,0,0,0,-0.1,0,1106,4095,1258,0
3.63114e+08,0.577271,0.795269,10.2614,4.42465,-80.4017,1.07012,-79.661,3.21026,154.941,1.60196,155.497,-91.5503,-91.5359,0.543,0.54839,0.801969,29.3535,-0.021792,0.0384853,-0.686143,-0.413994,-4.6629,3.0395,0.1,0,0,0,0.1,0,0,907,4095,0
3.63134e+08,2.17293,-1.2856,8.75381,-8.11208,-219.272,-2.01211,-218.921,13.7983,38.9872,4.12896,39.5995,-76.0694,-76.255,0.581,0.581709,0.842247,29.3565,-0.0248858,0.0196654,-0.154689,-0.940998,-1.51389,6.16609,0.1,0,0,0,0.1,0,0,0,4095,2132
3.63155e+08,1.25577,-0.478782,9.63911,-2.8198,-171.073,-6.0352,-171.434,7.41358,-109.41,3.43404,-109.231,-75.2755,-75.1493,0.581,0.582829,0.791716,29.3535,-0.0141172,0.00714911,0.538428,-0.625814,3.78133,4.30031,-0.1,0,0,0,0.1,0,0,0,1694,4095
3.63176e+08,1.29416,-1.11942,9.01837,-7.00471,25.5067,-7.75982,24.7253,8.10495,-168.509,0.425413,-168.76,-93.8862,-93.8166,0.581,0.581171,0.734605,29.3388,-0.00411399,0.0173433,0.500162,0.509712,3.55637,-3.61686,-0.1,0,0,0,-0.1,0,4095,0,0,2789
3.63197e+08,0.235777,0.913281,8.87297,5.87461,217.72,-5.46824,211.037,1.51414,-39.4555,-2.47558,-73.657,-66.2984,-73.1655,0.649,0.643553,0.875638,29.3388,-0.00260182,0.0332049,0.0756081,0.793077,0.963502,-5.29903,-0.086983,0,0,0,-0.1,0,4095,1178,0,0
3.63218e+08,-1.98255,1.01203,12.4649,4.5843,185.339,-0.0707054,185.623,-9.00811,99.5979,-2.18009,99.2948,-58.4969,-58.5068,0.649,0.65332,0.842551,29.3359,-0.0112809,0.0421876,-0.433953,0.449137,-3.16636,-3.26227,0.1,0,0,0,-0.1,0,1924,4095,0,0
3.63238e+08,-0.944249,2.47152,12.7702,10.9244,-12.8597,1.729,23.5283,-4.15207,168.606,0.237918,171.53,-83.4282,-79.6551,0.691,0.654212,0.793248,29.2888,-0.023295,0.0352749,-0.600705,-0.345638,-4.1568,2.63486,0.1,0,0,0,0.1,0,0,3844,4046,0
3.63259e+08,0.88117,-1.51922,7.15195,-11.9051,-204.585,-0.407555,-204.163,6.87203,68.972,3.74022,69.4381,-75.5503,-75.872,0.691,0.693127,0.851606,29.2947,-0.0271025,0.016916,-0.190376,-0.917945,-1.72578,6.02989,0.1,0,0,0,0.1,0,0,0,4095,1302
3.6328e+08,0.905148,-1.87807,8.30997,-12.6626,-217.333,-4.90212,-217.503,6.06456,-77.9899,3.80351,-77.437,-69.4129,-69.4716,0.691,0.693351,0.787059,29.3329,-0.0176798,0.00197591,0.471135,-0.747003,3.38191,5.01935,-0.1,0,0,0,0.1,0,0,0,2569,4095
3.63322e+08,-0.408769,0.296727,10.3208,1.64553,207.797,-5.91323,207.055,-2.26715,-79.9593,-2.03319,-80.3876,-75.306,-75.6612,0.752,0.749834,0.859983,29.2888,0.00845971,0.018551,0.542604,0.871571,3.8101,-5.76154,-0.1,0,0,0,-0.1,0,4095,856,0,0
3.63342e+08,0.622531,1.18784,9.53311,7.08759,231.568,-1.25293,231.484,3.70763,66.1323,-2.342,65.5393,-56.9701,-56.9538,0.752,0.755601,0.816074,29.28,0.0054135,0.0417674,-0.152311,1.16082,-1.49459,-7.47968,0.1,0,0,0,-0.1,0,2933,4095,0,0
3.63362e+08,-2.1064,-0.153646,10.8724,-0.79486,56.209,2.09992,57.0741,-10.9635,166.56,0.134231,166.065,-77.4282,-77.0887,0.798,0.784523,0.852256,29.2888,-0.00785536,0.0477839,-0.663443,0.300824,-4.52627,-2.38396,0.1,0,0,0,-0.1,0,115,4095,3146,0
3.63382e+08,1.09598,-1.17241,9.89693,-6.71519,-165.058,1.38787,-164.148,6.27562,112.285,3.60156,112.752,-89.8251,-89.8202,0.798,0.800566,0.841114,29.3035,-0.0185542,0.0305717,-0.534942,-0.860606,-3.76662,5.68781,0.1,0,0,0,0.1,0,0,0,4095,0
3.63403e+08,1.49926,-0.233124,10.5534,-1.25288,-238.631,-2.74767,-238.381,8.08367,-31.7456,4.39814,-31.2009,-75.0312,-74.9189,0.798,0.800753,0.782554,29.2741,-0.0135315,0.00133959,0.251135,-1.46161,2.07867,9.25457,-0.1,0,0,0,0.1,0,0,0,3988,4095
3.63423e+08,-2.2351,-1.03513,11.0278,-5.25612,-108.112,-6.50372,-108.739,-11.4086,-162.707,2.36563,-162.154,-90.5274,-90.2339,0.852,0.830435,0.828238,29.2565,0.00983094,-0.0053072,1.16812,-0.332339,7.51729,2.56302,-0.1,0,0,0,0.1,0,1513,0,207,4095
3.63444e+08,-0.145698,-1.17,8.69902,-7.65911,149.919,-6.68654,111.87,-0.950987,-108.952,-0.679603,-142.304,-93.7335,-98.8744,0.852,0.84939,0.838078,29.2771,0.030308,0.00434489,1.02385,0.482605,6.66569,-3.45407,-0.1,0,0,0,-0.1,0,4095,0,0,264
3.63465e+08,-0.573181,-0.958056,9.10334,-5.99603,222.652,-3.19014,221.4,-3.58307,38.514,-2.34346,1.49815,-68.2831,-72.3724,0.852,0.854098,0.79604,29.2476,0.0386028,0.0255863,0.41474,1.06207,3.0572,-6.89196,-0.1,0,0,0,-0.1,0,4095,3148,0,0
3.63486e+08,3.55537,-0.868945,6.3838,-6.78165,108.392,1.45347,109.159,28.892,171.43,-0.158207,170.728,-84.0541,-83.6382,0.906,0.897317,0.860354,29.2506,0.0386028,0.0255863,0.41474,1.06207,0,0,0,1,0,0,0,0,257,4095,1905,0
3.63506e+08,1.26255,0.922915,8.30941,6.26645,-114.463,1.84171,-113.516,8.58753,169.186,3.19467,168.899,-97.8404,-97.8003,0.906,0.909195,0.850456,29.2388,0.0386028,0.0255863,0.41474,1.06207,0,0,0,1,0,0,0,0,0,17,4095,0
3.63527e+08,2.17952,0.773593,10.4927,4.1288,-235.058,-1.70341,-234.774,11.7036,20.2086,5.07557,20.7944,-83.6724,-83.7046,0.906,0.908438,0.796971,29.2271,0.0386028,0.0255863,0.41474,1.06207,0,0,0,1,0,0,0,0,0,0,4095,2556
3.63548e+08,-0.458591,-0.86172,10.8746,-4.52674,-132.768,-6.01474,-165.618,-2.40725,-139.578,4.06725,-135.272,-92.39,-87.1652,0.947,0.935698,0.815351,29.2447,0.0386028,0.0255863,0.41474,1.06207,0,0,0,1,0,0,0,0,55,0,1314,4095
3.63569e+08,1.77171,-1.06403,8.36989,-7.08946,95.9189,-7.51411,44.5485,11.859,-154.448,0.94312,-180.692,-101.55,-103.247,0.947,0.943253,0.784459,29.2065,0.0386028,0.0255863,0.41474,1.06207,0,0,0,1,0,0,0,0,4095,0,0,2240
3.6359e+08,-0.477547,-1.39157,9.75548,-8.10861,236.499,-3.87554,236.095,-2.77445,-50.4937,-2.10869,-50.9398,-71.8098,-72.1646,0.947,0.947837,0.740035,29.2329,0.0386028,0.0255863,0.41474,1.06207,0,0,0,1,0,0,0,0,4095,1815,0,0
3.6361e+08,1.61341,1.44313,9.28574,8.70549,194.423,0.721523,194.594,9.74216,103.186,-1.78973,102.467,-63.9014,-63.8379,1.015,1.00844,0.868461,29.23,0.0386028,0.0255863,0.41474,1.06207,0,0,0,1,0,0,0,0,2050,4095,0,0
3.6363e+08,-0.626219,0.862704,12.4445,3.96065,-20.0201,3.12382,-19.1468,-2.87387,164.728,1.08777,165.014,-86.3137,-86.1881,1.015,1.01851,0.859751,29.2212,0.0386028,0.0255863,0.41474,1.06207,0,0,0,1,0,0,0,0,0,2763,4095,0
3.63651e+08,1.83623,-1.24947,9.14353,-7.63084,-215.073,0.732774,-214.397,11.2534,94.1017,4.09283,94.5662,-78.9549,-79.1408,1.015,1.01844,0.804628,29.1888,0.0386028,0.0255863,0.41474,1.06207,0,0,0,1,0,0,0,0,0,0,4095,580
3.63672e+08,1.02883,-0.127154,8.17734,-0.883882,-235.379,-4.20176,-235.466,7.17011,-40.5089,4.64998,-40.1195,-61.2602,-61.2553,1.049,1.0441,0.794517,29.2506,0.0386028,0.0255863,0.41474,1.06207,0,0,0,1,0,0,0,0,0,0,3752,4095
3.63693e+08,2.04149,-0.912296,8.47199,-5.97637,-26.3559,-7.49743,-77.9274,13.4732,-154.372,2.4893,-153.328,-80.5274,-78.7252,1.049,1.04494,0.750643,29.1594,0.0386028,0.0255863,0.41474,1.06207,0,0,0,1,0,0,0,0,2362,0,695,4095
3.63714e+08,0.0761605,-0.413755,9.69484,-2.4437,194.407,-6.15604,193.491,0.449684,-104.616,-1.05944,-104.933,-71.1534,-71.4311,1.049,1.04626,0.699149,29.1565,0.0386028,0.0255863,0.41474,1.06207,0,0,0,1,0,0,0,0,4095,356,0,0
3.63734e+08,1.22925,0.434007,9.03042,2.72644,248.484,-1.47111,248.535,7.74283,45.0788,-1.91707,44.3146,-46.0541,-46.1901,1.117,1.11296,0.847719,29.1682,0.0386028,0.0255863,0.41474,1.06207,0,0,0,1,0,0,0,0,3519,4095,0,0
3.63755e+08,-2.10874,-0.305376,11.601,-1.48356,110.545,2.54206,111.305,-10.2988,141.079,-0.0249651,141.196,-61.9167,-61.7428,1.117,1.12109,0.827153,29.1712,0.0386028,0.0255863,0.41474,1.06207,0,0,0,1,0,0,0,0,907,4095,1641,0
3.63775e+08,-1.99951,1.8911,12.3856,8.57188,-112.051,2.69916,-111.371,-9.06733,139.369,3.11348,139.854,-79.2602,-79.2295,1.117,1.12004,0.774905,29.1947,0.0386028,0.0255863,0.41474,1.06207,0,0,0,1,0,0,0,0,0,242,4095,0
3.63796e+08,-0.471039,0.966266,10.0869,5.46599,-234.509,-0.964612,-234.452,-2.66149,4.74297,4.78908,5.31332,-62.6343,-62.7083,1.146,1.14476,0.793001,29.1947,0.0386028,0.0255863,0.41474,1.06207,0,0,0,1,0,0,0,0,0,0,4095,3149
3.63817e+08,0.665642,0.7182,9.45872,4.33146,-132.173,-5.48624,-177.217,4.01395,-145.578,3.5914,-123.568,-76.1305,-71.4723,1.146,1.14475,0.745784,29.1653,0.0386028,0.0255863,0.41474,1.06207,0,0,0,1,0,0,0,0,0,0,1511,4095
3.63838e+08,1.7022,-0.112703,8.43083,-0.750736,85.4151,-7.08208,38.2953,11.4137,-142.83,0.468257,-153.513,-87.0312,-88.4338,1.209,1.14241,0.698953,29.1476,0.0386028,0.0255863,0.41474,1.06207,0,0,0,1,0,0,0,0,4095,0,0,2495
3.63859e+08,0.073391,0.959041,9.15809,5.97807,237.247,-3.38669,236.887,0.45665,-16.0051,-1.89779,-16.6372,-61.2908,-61.4809,1.209,1.20577,0.826979,29.13,0.0386028,0.0255863,0.41474,1.06207,0,0,0,1,0,0,0,0,4095,2834,0,0
3.6388e+08,-0.544918,0.450866,10.9693,2.35077,194.041,1.32065,194.456,-2.84152,114.835,-1.13716,114.56,-60.4816,-60.4208,1.209,1.2131,0.801076,29.1359,0.0386028,0.0255863,0.41474,1.06207,0,0,0,1,0,0,0,0,1691,4095,0,0
3.63901e+08,1.66849,0.867521,8.09529,5.99169,-68.875,3.42149,-25.143,11.5815,176.911,1.77941,169.015,-90.9701,-86.231,1.252,1.22792,0.800372,29.1565,0.0386028,0.0255863,0.41474,1.06207,0,0,0,1,0,0,0,0,0,2577,4095,0
3.63922e+08,-0.774122,0.347304,8.87531,2.23246,-233.669,0.265596,-233.06,-4.98104,55.6743,4.76696,56.0602,-75.7182,-75.9641,1.252,1.25175,0.799274,29.1565,0.0386028,0.0255863,0.41474,1.06207,0,0,0,1,0,0,0,0,0,0,4095,1613
3.63942e+08,-1.46873,-0.577527,11.0872,-2.95603,-218.799,-4.28843,-218.946,-7.53596,-90.8143,4.36688,-90.4276,-74.4205,-74.4275,1.252,1.25103,0.75431,29.1182,0.0386028,0.0255863,0.41474,1.06207,0,0,0,1,0,0,0,0,0,0,2501,4095
3.63962e+08,1.93898,-1.50477,9.09555,-9.19104,-21.9895,-7.08484,-22.8575,11.8773,-159.059,1.46542,-159.144,-94.2221,-94.1572,1.299,1.27597,0.788013,29.1359,0.0386028,0.0255863,0.41474,1.06207,0,0,0,1,0,0,0,0,3488,0,80,3510
3.63982e+08,0.140775,-0.926747,8.9437,-5.91515,188.423,-5.43982,187.66,0.896965,-95.0891,-1.65486,-95.6304,-81.3518,-81.6897,1.299,1.29486,0.798313,29.1359,0.0386028,0.0255863,0.41474,1.06207,0,0,0,1,0,0,0,0,4095,464,0,0
3.64003e+08,-0.621252,0.173898,10.176,0.977218,231.614,-1.01871,231.575,-3.49311,44.6972,-2.46897,44.1565,-59.8251,-59.9718,1.299,1.30134,0.766416,29.13,0.0386028,0.0255863,0.41474,1.06207,0,0,0,1,0,0,0,0,3703,4095,0,0
3.64024e+08,-0.355518,-2.28509,7.7952,-16.322,70.499,2.3228,71.4652,-2.50599,165.72,-0.413654,165.314,-78.1457,-77.8435,1.346,1.32016,0.774257,29.0947,0.0386028,0.0255863,0.41474,1.06207,0,0,0,1,0,0,0,0,434,4095,2929,0
3.64045e+08,0.799017,1.95853,10.2417,10.794,-172.386,1.9114,-142.928,4.38186,126.972,2.88486,154.598,-86.8175,-86.9656,1.346,1.34643,0.809043,29.13,0.0386028,0.0255863,0.41474,1.06207,0,0,0,1,0,0,0,0,0,0,4095,0
3.64066e+08,-0.907983,0.857888,11.6945,4.18307,-238.89,-2.70714,-238.874,-4.42781,-16.6921,4.61066,-16.0861,-66.5121,-66.45,1.346,1.34631,0.751423,29.1359,0.0386028,0.0255863,0.41474,1.06207,0,0,0,1,0,0,0,0,0,0,4095,3678
3.64086e+08,0.501485,-1.45419,9.92785,-8.32272,-126.188,-6.65256,-126.761,2.86124,-135.425,3.023,-135.199,-75.5198,-75.4677,1.346,1.34166,0.692612,29.1094,0.0386028,0.0255863,0.41474,1.06207,0,0,0,1,0,0,0,0,1067,0,1238,4095
3.64106e+08,0.22202,-1.13628,9.96422,-6.50408,100.072,-7.00868,99.3226,1.26822,-140.768,-0.207421,-141.266,-82.6343,-82.7111,1.346,1.34003,0.644682,29.1329,0.0386028,0.0255863,0.41474,1.06207,0,0,0,1,0,0,0,0,4095,0,0,821
3.64126e+08,-0.444351,-0.551034,9.54787,-3.29948,242.591,-4.2108,236.154,-2.66016,-25.0128,-2.09178,-53.2912,-53.5656,-58.0189,1.346,1.34375,0.628964,29.1182,0.0386028,0.0255863,0.41474,1.06207,0,0,0,1,0,0,0,0,4095,1810,0,0
3.64147e+08,-1.25354,-1.59629,9.55639,-9.40396,185.491,1.42335,186.195,-7.37199,106.392,-1.74432,106.045,-52.0694,-51.9284,1.346,1.34864,0.594632,29.0976,0.0386028,0.0255863,0.41474,1.06207,0,0,0,1,0,0,0,0,1909,4095,0,0
3.64168e+08,1.36363,-1.92142,6.68079,-15.7375,-42.5391,3.37744,-41.1484,11.0982,170.85,1.27166,170.723,-76.4663,-76.2015,1.346,1.34769,0.542201,29.0888,0.0386028,0.0255863,0.41474,1.06207,0,0,0,1,0,0,0,0,0,2188,4095,0
3.64189e+08,-0.921706,-1.31691,7.68328,-9.65803,-241.99,0.789512,-228.303,-6.74325,51.9185,4.08161,81.6801,-57.8556,-65.7441,1.346,1.34646,0.503474,29.1241,0.0386028,0.0255863,0.41474,1.06207,0,0,0,1,0,0,0,0,0,0,4095,991
3.6421e+08,1.1534,-1.58906,8.65686,-10.3123,-233.669,-5.21673,-233.958,7.46586,-78.3868,3.97021,-77.881,-53.7946,-53.8401,1.346,1.34249,0.436123,29.1006,0.0386028,0.0255863,0.41474,1.06207,0,0,0,1,0,0,0,0,0,0,2680,4095
3.64231e+08,-2.12082,0.190757,10.5501,1.01555,-34.2338,-8.13781,-35.139,-11.3646,-160.219,1.50863,-159.908,-69.535,-69.3312,1.346,1.33617,0.385637,29.0594,0,0,0,0,0,0,0,1,0,0,0,0,0,0,0,0
3.64252e+08,1.11989,-1.27597,7.99261,-8.98405,189.72,-6.70913,188.995,7.87761,-132.02,-1.48672,-132.109,-65.3518,-65.5132,1.346,1.33718,0.346731,29.0859,0,0,0,0,0,0,0,1,0,0,0,0,0,0,0,0
3.64273e+08,0.666221,-1.36267,7.63435,-10.0827,368.713,-1.3659,346.125,4.91014,-136.463,-4.46262,-124.43,-55.8709,-61.1717,1.346,1.34258,0.277938,29.0888,0,0,0,0,0,0,0,1,0,0,0,0,0,0,0,0
3.64294e+08,-0.0957687,-0.396896,-2.07167,-10.8342,477.72,8.09267,477.432,-2.59957,-147.227,-8.96198,-147.235,-59.7488,-59.5979,1.346,1.32684,0.0292588,29.1124,0,0,0,0,0,0,0,1,0,0,0,0,0,0,0,0
3.64315e+08,-0.804073,5.0124,-2.34017,63.726,502.148,18.9851,502.148,-8.27033,-160.723,-13.6817,-160.688,-48.3289,-48.5649,1.346,1.26402,-0.389903,29.0771,0,0,0,0,0,0,0,1,0,0,0,0,0,0,0,0
3.64336e+08,2.76349,-4.03601,-0.638812,-54.9018,502.148,26.9676,502.148,34.0701,-127.226,-14.0365,-127.652,-20.3137,-20.7543,1.346,1.18251,-0.87496,29.0506,0,0,0,0,0,0,0,1,0,0,0,0,0,0,0,0
3.64357e+08,4.43496,-3.96617,-4.15163,-33.1395,502.148,34.5306,502.148,37.6832,-37.425,-16.8403,-84.1964,-29.3824,-38.1204,1.346,1.08827,-1.37335,29.08,0,0,0,0,0,0,0,1,0,0,0,0,0,0,0,0
3.64378e+08,-11.9262,-5.10294,-9.42672,-18.5558,502.148,42.9326,502.148,-48.0508,69.7353,-18.5748,68.7505,8.80084,8.60996,1.346,0.958405,-2.0485,29.0918,0,0,0,0,0,0,0,1,0,0,0,0,0,0,0,0
3.64398e+08,0.784866,1.32271,12.425,6.06458,502.148,51.0657,502.148,3.59422,221.201,-15.9849,220.631,-5.68771,-4.70721,1.029,0.657835,-3.02095,29.0741,0,0,0,0,0,0,0,1,0,0,0,0,0,0,0,0
3.64418e+08,16.2409,2.94839,4.93305,9.85423,502.148,57.7014,502.148,70.5132,394.102,-9.71101,391.967,-17.9472,-16.8827,1.029,0.554695,-3.39704,29.08,0,0,0,0,0,0,0,1,0,0,0,0,0,0,0,0
3.64438e+08,5.87943,-3.36647,-3.53462,-26.1386,502.148,63.2638,502.148,50.2997,496.926,-0.563073,496.894,-41.9014,-41.8362,1.029,0.466924,-3.71933,29.0388,0,0,0,0,0,0,0,1,0,0,0,0,0,0,0,0
3.64458e+08,-5.30887,1.22397,2.95693,11.3879,502.148,68.3922,502.148,-58.918,496.926,5.89003,496.926,-88.4816,-87.6877,1.029,0.381079,-3.98559,29.0506,0,0,0,0,0,0,0,1,0,0,0,0,0,0,0,0
3.64479e+08,-13.4592,3.47824,-2.52163,14.2522,502.148,73.4099,502.148,-72.2971,496.926,11.0075,496.926,-109.825,-109.45,1.029,0.29239,-4.18857,29.0859,0,0,0,0,0,0,0,1,0,0,0,0,0,0,0,0
3.645e+08,-4.68517,-0.5125,-0.76206,-6.16229,502.148,78.0105,502.148,-78.9098,496.926,15.962,496.926,-108.802,-109.115,1.029,0.204843,-4.36911,29.0947,0,0,0,0,0,0,0,1,0,0,0,0,0,0,0,0
3.64521e+08,-8.53495,1.58041,-0.206932,10.4876,502.148,82.5767,502.148,-79.4219,496.926,21.002,496.926,-99.1076,-118.831,1.029,0.122381,-4.50581,29.0712,0,0,0,0,0,0,0,1,0,0,0,0,0,0,0,0
3.64542e+08,-2.42766,4.49459,8.37293,27.2741,502.148,89.3132,502.148,-14.3304,496.926,27.0269,496.926,-71.4129,-71.6774,1.029,0.0121081,-4.60927,29.0976,0,0,0,0,0,0,0,1,0,0,0,0,0,0,0,0
3.64563e+08,-8.12613,8.38659,6.05022,39.6182,498.27,95.6318,498.345,-38.1604,496.926,33.0202,496.926,15.0757,14.5369,1.229,-0.0896709,-4.68166,29.0653,0,0,0,0,0,0,0,1,0,0,0,0,0,0,0,0
3.64584e+08,-4.13529,5.66267,4.81018,41.755,276.301,100.015,277.212,-29.0991,496.926,38.9435,496.926,111.976,111.437,1.229,-0.177994,-4.69784,29.0535,0,0,0,0,0,0,0,1,0,0,0,0,0,0,0,0
3.64605e+08,-2.28425,3.99846,2.15865,51.832,19.5372,100.366,64.2474,-26.6888,496.926,44.2484,496.926,210.16,197.491,1.229,-0.192777,-4.51895,29.08,0,0,0,0,0,0,0,1,0,0,0,0,0,0,0,0
3.64626e+08,-0.829507,2.01874,5.72743,19.2303,-178.112,95.0658,-177.308,-7.77812,496.926,51.1424,496.926,267.32,266.952,1.229,-0.127304,-4.12265,29.1006,0,0,0,0,0,0,0,1,0,0,0,0,0,0,0,0
3.64646e+08,-5.03037,4.36935,9.63569,21.8989,-349.715,86.5662,-348.946,-25.4291,489.003,56.0227,489.155,316.557,316.264,1.229,-0.0239786,-3.64122,29.0359,0,0,0,0,0,0,0,1,0,0,0,0,0,0,0,0
3.64666e+08,-1.06414,4.27302,12.0776,19.4141,-498.386,74.2871,-498.318,-4.74829,359.812,59.7243,360.201,364.251,364.258,1.229,0.100488,-3.11622,29.0682,0,0,0,0,0,0,0,1,0,0,0,0,0,0,0,0
3.64686e+08,-3.74428,-0.784651,12.3733,-3.4734,-498.386,60.3035,-498.386,-16.8045,190.514,60.384,191.151,381.992,382.104,1.229,0.235178,-2.5868,29.0653,0,0,0,0,0,0,0,1,0,0,0,0,0,0,0,0
3.64707e+08,-8.39674,-5.96033,13.6321,-20.419,-498.386,46.1574,-498.386,-29.4389,-6.57001,57.4945,-5.67705,363.274,363.52,1.229,0.385348,-2.02518,29.1006,0,0,0,0,0,0,0,1,0,0,0,0,0,0,0,0
3.64728e+08,-6.15552,-11.0999,13.4059,-36.9598,-344.509,32.2292,-345.755,-19.4771,-131.578,51.3516,-131.206,276.266,277.384,1.229,0.571791,-1.37018,29.0888,0,0,0,0,0,0,0,1,0,0,0,0,0,0,0,0
3.64749e+08,-6.31513,-12.4582,8.96879,-48.6372,46.5448,23.402,-21.5471,-22.3617,-185.15,43.8145,-176.819,130.877,154.504,1.229,0.751176,-0.773774,29.1124,0,0,0,0,0,0,0,1,0,0,0,0,0,0,0,0
3.6477e+08,-6.95801,-10.4737,7.62396,-45.4186,344.117,21.3842,343.036,-28.2405,-180.906,34.4733,-180.964,13.9459,15.1147,1.229,0.905448,-0.32287,29.0918,0,0,0,0,0,0,0,1,0,0,0,0,0,0,0,0
3.64791e+08,-8.95184,-10.5098,9.03117,-39.5738,502.148,25.7467,502.146,-32.863,-163.333,27.0669,-163.327,-98.8938,-97.8951,1.229,0.970614,-0.169422,29.0682,0,0,0,0,0,0,0,1,0,0,0,0,0,0,0,0
3.64812e+08,-8.98629,-6.85145,9.68998,-27.4041,502.148,31.6006,502.148,-37.1336,-170.158,19.9953,-170.054,-177.764,-177.301,1.229,0.983644,-0.194849,29.0565,0,0,0,0,0,0,0,1,0,0,0,0,0,0,0,0
3.64833e+08,-11.6831,-3.5182,8.31347,-13.7856,502.148,37.9306,502.148,-52.3075,-208.509,12.5688,-206.388,-221.55,-220.286,1.229,0.958139,-0.314568,29.0447,0,0,0,0,0,0,0,1,0,0,0,0,0,0,0,0
3.64854e+08,-14.0932,-0.765383,10.7013,-2.47665,502.148,45.9791,502.148,-52.7192,-221.181,2.90547,-221.135,-217.352,-217.466,1.229,0.878713,-0.584835,29.0506,0,0,0,0,0,0,0,1,0,0,0,0,0,0,0,0
3.64875e+08,-12.1526,1.96576,9.63562,7.22365,502.148,52.9315,502.148,-51.0197,-204.845,-4.88556,-204.959,-170.802,-171.311,1.229,0.77313,-0.939817,29.0388,0,0,0,0,0,0,0,1,0,0,0,0,0,0,0,0
3.64896e+08,-11.5035,3.22054,5.35158,14.243,502.148,60.0016,502.148,-61.4999,-156.677,-11.9516,-156.861,-95.2144,-95.9053,1.229,0.640342,-1.39943,29.0535,0,0,0,0,0,0,0,1,0,0,0,0,0,0,0,0
3.64917e+08,-13.6215,3.17478,5.76171,12.1152,485.186,66.6801,502.148,-64.2218,-43.3792,-17.5495,-65.715,1.35046,-15.2772,1.229,0.499744,-1.89819,29.08,0,0,0,0,0,0,0,1,0,0,0,0,0,0,0,0
3.64938e+08,-10.99,2.81111,4.52188,13.3086,381.934,72.9817,382.332,-64.1507,76.5445,-21.1736,76.1015,80.1596,79.5522,1.229,0.354148,-2.42433,29.0506,0,0,0,0,0,0,0,1,0,0,0,0,0,0,0,0
3.64959e+08,-9.04842,1.91277,3.71865,11.0632,296.209,75.8408,296.526,-65.1959,175.766,-21.645,175.378,141.06,140.675,1.229,0.280216,-2.7018,29.0182,0,0,0,0,0,0,0,1,0,0,0,0,0,0,0,0
3.6498e+08,-11.5101,1.38774,5.92321,6.11899,219.995,76.7339,220.301,-62.1416,255.048,-20.2374,254.719,186.037,185.657,1.229,0.249717,-2.84178,29.0447,0,0,0,0,0,0,0,1,0,0,0,0,0,0,0,0
3.65001e+08,-13.9575,0.749509,10.243,2.47892,110.499,75.7378,128.374,-53.6531,327.109,-17.1133,318.9,235.9,227.481,1.229,0.26003,-2.8533,29.0771,0,0,0,0,0,0,0,1,0,0,0,0,0,0,0,0
3.65022e+08,-12.2451,-0.404121,11.3675,-1.38555,18.6212,72.0551,18.9284,-47.1106,340.041,-11.9758,340.06,264.48,264.332,1.229,0.325589,-2.67745,29.0712,0,0,0,0,0,0,0,1,0,0,0,0,0,0,0,0
3.65042e+08,-7.62186,-1.77933,9.73017,-8.19195,-31.9743,68.208,-26.0804,-37.6159,303.308,-8.37653,313.489,266.068,270.142,0.752,0.399075,-2.4646,29.0359,0,0,0,0,0,0,0,1,0,0,0,0,0,0,0,0
3.65062e+08,-5.70899,-2.51389,9.58726,-12.6964,-40.4933,61.5152,-40.506,-29.9421,239.308,-3.7248,239.585,246.725,246.928,0.752,0.326394,-2.68959,29.0829,0,0,0,0,0,0,0,1,0,0,0,0,0,0,0,0
3.65083e+08,-4.82059,-2.9739,9.93476,-15.0729,-21.959,56.1134,-22.0575,-24.9311,154.987,-1.16368,155.341,215.702,215.998,0.752,0.381346,-2.50303,29.0918,0,0,0,0,0,0,0,1,0,0,0,0,0,0,0,0
3.65104e+08,-3.78408,-3.64344,9.66451,-19.3432,21.9494,51.3572,21.7335,-20.1215,59.9338,-0.244249,60.3155,178.725,179.048,0.732,0.431176,-2.3352,29.0565,0,0,0,0,0,0,0,1,0,0,0,0,0,0,0,0
3.65125e+08,-4.23504,-4.85487,12.4004,-20.3295,100.927,47.7925,85.5677,-17.6417,-64.9059,-1.05028,-41.7147,124.144,134.39,0.732,0.464949,-2.20732,29.0653,0,0,0,0,0,0,0,1,0,0,0,0,0,0,0,0
3.65146e+08,-5.06378,-4.30093,12.8223,-17.3268,168.652,45.6302,168.373,-20.5268,-185.104,-4.6876,-184.575,81.8695,82.3392,0.732,0.49107,-2.07565,29.0712,0,0,0,0,0,0,0,1,0,0,0,0,0,0,0,0
3.65167e+08,-4.71562,-2.63672,9.29892,-14.1921,203.003,45.3732,202.933,-26.0069,-268.326,-10.1455,-268.08,51.152,51.3679,0.732,0.493472,-2.04671,29.0624,0,0,0,0,0,0,0,1,0,0,0,0,0,0,0,0
3.65188e+08,-4.38872,-1.77451,7.01364,-12.1054,211.751,45.7276,211.738,-31.2421,-310.066,-16.8737,-309.939,33.8848,34.0148,0.732,0.480636,-2.09976,29.0859,0,0,0,0,0,0,0,1,0,0,0,0,0,0,0,0
3.65209e+08,-6.5069,-1.17963,7.6171,-6.71573,197.11,46.3429,201.387,-40.1706,-333.15,-24.1947,-330.402,27.9001,28.4651,0.732,0.455801,-2.20558,29.08,0,0,0,0,0,0,0,1,0,0,0,0,0,0,0,0
3.6523e+08,-9.30079,-0.762975,8.60311,-3.44625,164.865,46.823,165.016,-47.1197,-325.196,-33.2543,-325.284,33.0146,32.8962,0.417,0.277849,-2.80298,29.08,0,0,0,0,0,0,0,1,0,0,0,0,0,0,0,0
3.65251e+08,-9.12171,-0.741299,6.31898,-3.82191,128.239,46.5499,128.377,-55.1045,-282.081,-40.3944,-282.326,47.1367,47.0083,0.417,0.209958,-3.06922,29.0535,0,0,0,0,0,0,0,1,0,0,0,0,0,0,0,0
3.65272e+08,-7.92544,-0.594386,4.56838,-3.7176,105.888,45.6892,105.977,-59.8315,-223.12,-46.4708,-223.364,56.9688,56.8678,0.417,0.185362,-3.21733,29.0741,0,0,0,0,0,0,0,1,0,0,0,0,0,0,0,0
3.65293e+08,-7.89922,-0.440247,3.69489,-2.89003,81.4609,44.5274,85.6247,-64.7767,-141.059,-51.225,-156.083,68.6482,66.9442,0.442,0.176718,-3.32169,29.1124,0,0,0,0,0,0,0,1,0,0,0,0,0,0,0,0
3.65314e+08,-9.24353,-0.60402,3.70528,-3.47094,64.3769,42.7307,64.4351,-67.8958,-51.425,-54.9681,-51.7965,78.6634,78.5683,0.442,0.165169,-3.47128,29.0829,0,0,0,0,0,0,0,1,0,0,0,0,0,0,0,0
3.65334e+08,-8.48173,-0.871353,3.23172,-5.48362,53.9799,40.9169,54.0053,-68.4644,47.4453,-56.0424,47.0673,84.3276,84.304,0.442,0.161619,-3.58672,29.0947,0,0,0,0,0,0,0,1,0,0,0,0,0,0,0,0
3.65355e+08,-7.60773,-1.04476,3.12623,-7.23907,49.5219,38.9414,49.536,-66.5745,131.308,-55.1718,131.008,81.3199,81.3593,0.442,0.167563,-3.64912,29.0712,0,0,0,0,0,0,0,1,0,0,0,0,0,0,0,0
3.65376e+08,-10.0337,-1.44937,4.70654,-7.45075,46.4227,36.9726,46.4302,-63.8576,211.018,-52.6093,210.716,76.1902,76.2433,0.442,0.182452,-3.68879,29.0771,0,0,0,0,0,0,0,1,0,0,0,0,0,0,0,0
3.65397e+08,-10.3297,-1.801,5.74139,-8.6649,46.0105,35.041,45.7489,-59.7783,296.392,-48.5481,283.425,65.8695,68.2214,0.442,0.204955,-3.7053,29.0741,0,0,0,0,0,0,0,1,0,0,0,0,0,0,0,0
3.65418e+08,-8.39789,-1.83472,5.6447,-10.2772,49.5219,32.7981,49.5084,-54.7484,342.865,-42.0577,342.711,52.3886,52.5494,0.325,0.174896,-3.8491,29.0918,0,0,0,0,0,0,0,1,0,0,0,0,0,0,0,0
3.65438e+08,-7.08224,-1.6589,6.10682,-10.0593,49.6288,31.075,49.6359,-48.2185,354.651,-35.8691,354.651,39.3199,39.4394,0.325,0.191849,-3.78527,29.0859,0,0,0,0,0,0,0,1,0,0,0,0,0,0,0,0
3.65458e+08,-7.35678,-1.89252,8.00132,-9.87704,45.7357,29.4426,45.7577,-41.8208,338.56,-29.6587,338.66,26.4344,26.5628,0.325,0.213086,-3.67118,29.0624,0,0,0,0,0,0,0,1,0,0,0,0,0,0,0,0
3.65478e+08,-7.16566,-2.21043,9.50828,-10.5176,42.2548,27.8043,42.2605,-36.2805,295.949,-23.9905,296.144,10.5108,10.666,0.34,0.242791,-3.49451,29.0624,0,0,0,0,0,0,0,1,0,0,0,0,0,0,0,0
3.65499e+08,-5.22446,-1.78655,8.06375,-10.5332,40.8196,26.2099,40.8348,-32.3157,238.575,-19.3359,238.813,-6.11519,-5.96491,0.34,0.259499,-3.34112,29.1241,0,0,0,0,0,0,0,1,0,0,0,0,0,0,0,0
3.6552e+08,-3.9137,-1.20131,6.8337,-8.67336,30.9876,24.7068,31.0399,-29.4255,177.751,-15.9069,177.992,-18.2679,-18.1724,0.34,0.271095,-3.21108,29.0712,0,0,0,0,0,0,0,1,0,0,0,0,0,0,0,0
3.65541e+08,-3.67974,-1.03994,6.7744,-7.68253,8.89598,23.1139,12.8316,-28.2311,101.186,-13.7734,113.976,-29.0159,-27.1587,0.34,0.279482,-3.09499,29.0859,0,0,0,0,0,0,0,1,0,0,0,0,0,0,0,0
3.65562e+08,-4.58702,-1.3988,8.47693,-8.25752,-9.59257,20.8709,-9.52858,-28.0977,34.0712,-12.9789,34.3503,-37.703,-37.6098,0.34,0.28701,-2.94975,29.0918,0,0,0,0,0,0,0,1,0,0,0,0,0,0,0,0
3.65583e+08,-4.98336,-1.52644,8.73112,-8.63367,-25.0277,18.7221,-24.9547,-29.3461,-38.5547,-13.8672,-38.2329,-48.8785,-48.7512,0.698,0.412102,-2.45439,29.08,0,0,0,0,0,0,0,1,0,0,0,0,0,0,0,0
3.65604e+08,-4.6205,-1.21335,7.30677,-7.98933,-41.5773,16.433,-41.5087,-31.9566,-92.8448,-16.1251,-92.6654,-57.535,-57.4607,0.698,0.607164,-1.80968,29.0535,0,0,0,0,0,0,0,1,0,0,0,0,0,0,0,0
3.65625e+08,-5.21269,-1.17481,6.78026,-7.82154,-61.6536,13.9818,-58.4762,-37.1446,-129.425,-19.3515,-125.097,-64.7717,-63.676,0.698,0.625936,-1.7483,29.1065,0,0,0,0,0,0,0,1,0,0,0,0,0,0,0,0
3.65646e+08,-7.03688,-1.60592,7.80206,-8.69027,-72.2185,10.8149,-72.1929,-41.4576,-140.509,-23.9248,-140.492,-71.4129,-71.3437,0.708,0.623503,-1.76491,29.08,0,0,0,0,0,0,0,1,0,0,0,0,0,0,0,0
3.65666e+08,-8.27372,-1.83954,8.26098,-8.94136,-75.2109,8.15568,-75.2025,-44.351,-136.204,-27.8204,-136.244,-79.2755,-79.204,0.708,0.612529,-1.81424,29.1006,0,0,0,0,0,0,0,1,0,0,0,0,0,0,0,0
3.65686e+08,-7.59329,-1.47105,6.63701,-8.29889,-79.2109,5.63741,-79.1882,-48.1627,-117.135,-31.4809,-117.232,-85.077,-85.0387,0.708,0.594453,-1.90635,29.1094,0,0,0,0,0,0,0,1,0,0,0,0,0,0,0,0
3.65706e+08,-6.32784,-1.09052,4.92234,-7.74624,-85.7147,3.21393,-85.6896,-51.454,-84.7227,-34.6603,-84.8588,-87.9473,-87.9288,0.735,0.587749,-1.98684,29.1182,0,0,0,0,0,0,0,1,0,0,0,0,0,0,0,0
3.65727e+08,-6.65976,-1.06162,4.72798,-7.40593,-90.3712,0.847047,-90.3553,-53.96,-45.2112,-37.1543,-45.3774,-90.0236,-90.01,0.735,0.576651,-2.0923,29.1065,0,0,0,0,0,0,0,1,0,0,0,0,0,0,0,0
3.65748e+08,-8.23091,-1.23502,5.83308,-6.97954,-95.5926,-1.43447,-95.5513,-54.0808,3.21625,-38.7238,2.98041,-90.5121,-90.5121,0.735,0.562315,-2.20892,29.0918,0,0,0,0,0,0,0,1,0,0,0,0,0,0,0,0
3.65769e+08,-9.52988,-1.28801,6.90015,-6.2474,-102.844,-3.62789,-100.948,-53.6261,61.1857,-39.231,51.3937,-87.9167,-88.5777,0.766,0.568453,-2.2597,29.1124,0,0,0,0,0,0,0,1,0,0,0,0,0,0,0,0
3.6579e+08,-9.99788,-1.32654,7.38958,-6.09047,-112.448,-6.24145,-112.408,-53.096,108.377,-38.5533,108.196,-83.1534,-83.2056,0.766,0.577568,-2.3102,29.0888,0,0,0,0,0,0,0,1,0,0,0,0,0,0,0,0
3.6581e+08,-9.24097,-1.21094,7.36062,-5.85232,-124.402,-8.48042,-124.353,-51.0886,148.926,-36.9541,148.804,-77.3976,-77.4486,0.766,0.585638,-2.3366,29.1182,0,0,0,0,0,0,0,1,0,0,0,0,0,0,0,0
3.6583e+08,-8.74191,-1.23502,7.85399,-5.9993,-137.699,-10.8204,-137.647,-47.7144,166.346,-34.6799,166.308,-72.7564,-72.7985,0.674,0.542195,-2.49743,29.0624,0,0,0,0,0,0,0,1,0,0,0,0,0,0,0,0
3.6585e+08,-8.56757,-1.33136,8.36177,-6.34571,-151.806,-13.2982,-151.768,-45.3379,166.315,-32.1784,166.33,-69.703,-69.7131,0.674,0.536011,-2.51309,29.0771,0,0,0,0,0,0,0,1,0,0,0,0,0,0,0,0
3.65871e+08,-8.4075,-1.62037,8.7909,-7.58764,-160.906,-15.9197,-160.883,-43.245,155.995,-29.7951,156.048,-70.5121,-70.4884,0.674,0.542887,-2.47075,29.08,0,0,0,0,0,0,0,1,0,0,0,0,0,0,0,0
3.65892e+08,-7.74125,-1.77692,8.76396,-8.64056,-162.967,-18.5666,-162.969,-40.8824,135.919,-27.6852,136.015,-75.6419,-75.5745,0.563,0.477682,-2.63241,29.1124,0,0,0,0,0,0,0,1,0,0,0,0,0,0,0,0
3.65913e+08,-7.25646,-1.98645,8.88429,-9.82444,-158.112,-21.101,-159.399,-38.5581,97.3231,-26.0269,104.245,-86.7411,-84.6165,0.563,0.456351,-2.63824,29.1241,0,0,0,0,0,0,0,1,0,0,0,0,0,0,0,0
3.65934e+08,-8.10884,-2.25619,9.83904,-10.035,-149.73,-23.8474,-149.768,-38.7749,63.1857,-24.9684,63.3172,-98.1152,-98.0143,0.563,0.450534,-2.57098,29.1094,0,0,0,0,0,0,0,1,0,0,0,0,0,0,0,0
3.65955e+08,-8.21863,-2.46572,9.92902,-10.8299,-137.822,-25.8091,-137.877,-38.7762,31.7201,-24.8663,31.8373,-110.772,-110.638,0.52,0.418151,-2.59489,29.1094,0,0,0,0,0,0,0,1,0,0,0,0,0,0,0,0
3.65976e+08,-8.13984,-2.40792,9.69637,-10.7689,-122.295,-27.3948,-122.351,-39.1707,2.55976,-25.3804,2.66108,-125.52,-125.391,0.52,0.40274,-2.57011,29.1124,0,0,0,0,0,0,0,1,0,0,0,0,0,0,0,0
3.65997e+08,-8.53393,-2.06834,9.44558,-9.22878,-111.593,-28.5775,-112.41,-41.4307,-20.6158,-26.4315,-17.9752,-138.39,-136.85,0.52,0.394114,-2.53598,29.1065,0,0,0,0,0,0,0,1,0,0,0,0,0,0,0,0
3.66018e+08,-8.72265,-1.7721,9.02361,-8.03702,-114.341,-29.6577,-114.32,-43.4869,-25.4555,-28.1515,-25.455,-142.222,-142.205,0.531,0.391633,-2.49624,29.0976,0,0,0,0,0,0,0,1,0,0,0,0,0,0,0,0
3.66038e+08,-9.36741,-1.61074,9.34732,-6.9398,-123.44,-30.5256,-123.395,-44.6424,-20.5853,-29.6156,-20.6145,-141.26,-141.277,0.531,0.38336,-2.49847,29.1241,0,0,0,0,0,0,0,1,0,0,0,0,0,0,0,0
3.66058e+08,-10.3011,-1.50477,9.91811,-6.00716,-138.28,-31.4993,-138.208,-45.7593,-9.59291,-30.9235,-9.6496,-136.069,-136.136,0.531,0.374152,-2.51192,29.0976,0,0,0,0,0,0,0,1,0,0,0,0,0,0,0,0
3.66078e+08,-10.6665,-1.27115,9.7526,-5.02629,-160.906,-32.7057,-160.814,-47.3222,10.7735,-31.9503,10.6862,-125.459,-125.572,0.572,0.389708,-2.46298,29.1153,0,0,0,0,0,0,0,1,0,0,0,0,0,0,0,0
3.66099e+08,-10.6832,-1.30005,9.6671,-5.15599,-183.272,-34.2533,-183.19,-47.6029,34.7582,-32.5306,34.6665,-113.459,-113.568,0.572,0.384242,-2.48883,29.0829,0,0,0,0,0,0,0,1,0,0,0,0,0,0,0,0
3.6612e+08,-9.86417,-1.32895,9.22711,-5.6192,-201.073,-36.1253,-201.011,-46.6176,55.1399,-32.6057,55.0688,-103.031,-103.128,0.572,0.374931,-2.52672,29.1065,0,0,0,0,0,0,0,1,0,0,0,0,0,0,0,0
3.66141e+08,-8.72518,-1.26152,8.21482,-6.0093,-216.325,-38.2095,-214.388,-46.3923,73.1857,-32.2955,70.6908,-94.4969,-95.7507,0.635,0.403726,-2.45185,29.0771,0,0,0,0,0,0,0,1,0,0,0,0,0,0,0,0
3.66162e+08,-8.706,-1.55534,8.33067,-7.35494,-220.768,-40.863,-220.766,-45.7716,83.4758,-31.5701,83.4437,-90.5579,-90.5785,0.635,0.395275,-2.49341,29.1094,0,0,0,0,0,0,0,1,0,0,0,0,0,0,0,0
3.66183e+08,-9.41982,-2.08038,9.48432,-8.84607,-213.302,-43.0363,-213.35,-44.1315,87.0483,-30.7415,87.0473,-93.0312,-92.9844,0.721,0.404723,-2.46302,29.0829,0,0,0,0,0,0,0,1,0,0,0,0,0,0,0,0
3.66204e+08,-9.30512,-2.38384,9.69741,-10.0581,-196.173,-44.9311,-196.248,-42.9782,82.743,-29.8793,82.7675,-100.466,-100.428,0.721,0.425738,-2.39207,29.1359,0,0,0,0,0,0,0,1,0,0,0,0,0,0,0,0
3.66225e+08,-8.28794,-2.23933,8.83967,-10.4704,-170.89,-46.3764,-175.342,-42.2669,71.8269,-29.1437,74.0018,-112.207,-109.953,0.721,0.420156,-2.40133,29.1124,0,0,0,0,0,0,0,1,0,0,0,0,0,0,0,0
3.66246e+08,-7.48325,-2.19116,8.19089,-11.1721,-146.402,-47.4736,-146.495,-41.4307,59.5369,-28.5272,59.5858,-123.291,-123.183,0.821,0.448743,-2.3063,29.1241,0,0,0,0,0,0,0,1,0,0,0,0,0,0,0,0
3.66266e+08,-7.76975,-2.32122,8.60404,-11.3223,-122.112,-47.838,-122.202,-41.084,44.2544,-28.2868,44.3179,-134.39,-134.291,0.821,0.467697,-2.24684,29.1829,0,0,0,0,0,0,0,1,0,0,0,0,0,0,0,0
3.66286e+08,-7.29946,-1.92624,8.05582,-10.048,-101.791,-47.692,-101.867,-41.3887,26.6514,-28.3766,26.7284,-143.337,-143.259,0.821,0.469967,-2.24198,29.1388,0,0,0,0,0,0,0,1,0,0,0,0,0,0,0,0
3.66306e+08,-6.31579,-1.47105,6.83297,-8.98389,-91.959,-47.1712,-91.9956,-42.1012,13.3995,-28.8097,13.4445,-147.596,-147.566,0.949,0.518237,-2.10761,29.1212,0,0,0,0,0,0,0,1,0,0,0,0,0,0,0,0
3.66327e+08,-6.02454,-1.24947,6.41284,-8.08222,-87.272,-46.4848,-87.2811,-42.6795,3.32312,-29.4799,3.3544,-148.512,-148.511,0.949,0.550064,-2.04168,29.0859,0,0,0,0,0,0,0,1,0,0,0,0,0,0,0,0
3.66348e+08,-6.98922,-1.26152,7.36334,-7.08326,-88.5544,-45.7398,-88.5393,-43.0932,-4.40207,-30.316,-4.37443,-146.405,-146.44,0.949,0.556132,-2.05822,29.1094,0,0,0,0,0,0,0,1,0,0,0,0,0,0,0,0
3.66369e+08,-6.73856,-1.03272,6.88627,-6.11797,-96.1269,-45.0469,-96.2328,-44.0604,-8.67688,-31.2772,-8.30522,-139.825,-141.229,1.085,0.588241,-1.99742,29.1212,0,0,0,0,0,0,0,1,0,0,0,0,0,0,0,0
3.6639e+08,-5.96018,-0.840044,5.85312,-5.74239,-104.6,-44.4078,-104.569,-45.2272,-7.02802,-32.4656,-7.04229,-132.894,-132.958,1.085,0.637606,-1.91237,29.1359,0,0,0,0,0,0,0,1,0,0,0,0,0,0,0,0
3.6641e+08,-5.72621,-0.705173,5.37591,-5.13036,-113.318,-44.0551,-113.285,-46.5633,-0.783746,-33.3997,-0.815087,-124.772,-124.845,1.085,0.638107,-1.97441,29.1094,0,0,0,0,0,0,0,1,0,0,0,0,0,0,0,0
3.6643e+08,-6.06288,-0.762975,5.61353,-5.27579,-121.089,-43.8664,-121.06,-46.9423,9.04832,-34.1795,9.0026,-116.604,-116.676,1.205,0.677435,-1.91793,29.1212,0,0,0,0,0,0,0,1,0,0,0,0,0,0,0,0
3.6645e+08,-6.75769,-0.933972,6.15518,-5.83407,-126.677,-43.8456,-126.662,-47.3467,22.8956,-34.7322,22.8385,-108.1,-108.174,1.205,0.699401,-1.92193,29.1035,0,0,0,0,0,0,0,1,0,0,0,0,0,0,0,0
3.66471e+08,-6.8078,-1.06884,6.15739,-6.64165,-127.073,-43.9447,-127.08,-47.4485,38.1323,-34.9755,38.0744,-100.543,-100.654,1.205,0.698,-1.99508,29.1271,0,0,0,0,0,0,0,1,0,0,0,0,0,0,0,0
3.66492e+08,-6.02701,-0.941197,5.37817,-6.646,-123.211,-44.0366,-123.231,-47.8264,52.743,-34.9157,52.6884,-96.9549,-97.0392,1.14,0.67323,-2.13529,29.0918,0,0,0,0,0,0,0,1,0,0,0,0,0,0,0,0
3.66513e+08,-5.53512,-0.936381,4.98126,-7.16719,-115.669,-44.0514,-117.069,-47.5197,67.7659,-34.5819,65.5994,-92.2526,-92.9603,1.14,0.659947,-2.23041,29.1359,0,0,0,0,0,0,0,1,0,0,0,0,0,0,0,0
3.66534e+08,-5.53748,-1.04235,5.0262,-7.93486,-106.646,-43.9356,-106.688,-47.17,77.3079,-33.8934,77.2761,-89.9625,-89.9742,1.14,0.663667,-2.27582,29.13,0,0,0,0,0,0,0,1,0,0,0,0,0,0,0,0
3.66555e+08,-5.82397,-1.21094,5.39656,-8.67158,-94.7376,-43.6795,-94.7865,-46.4793,84.575,-33.1423,84.5513,-89.4892,-89.4906,1.147,0.674438,-2.2837,29.1418,0,0,0,0,0,0,0,1,0,0,0,0,0,0,0,0
3.66576e+08,-6.09613,-1.40843,5.83096,-9.47859,-76.1575,-43.1922,-76.2237,-45.4618,88.3155,-32.2601,88.3077,-91.1534,-91.1352,1.147,0.686692,-2.27974,29.1124,0,0,0,0,0,0,0,1,0,0,0,0,0,0,0,0
3.66597e+08,-5.18882,-1.17722,5.07079,-9.21654,-56.8292,-42.4024,-59.912,-44.9072,87.6437,-31.3623,88.0322,-92.7717,-92.6212,1.147,0.701724,-2.26478,29.1212,0,0,0,0,0,0,0,1,0,0,0,0,0,0,0,0
3.66618e+08,-4.60862,-0.994183,4.59336,-8.68712,-44.1422,-41.1219,-44.1864,-44.4393,83.8269,-30.3728,83.8453,-92.5274,-92.5346,1.238,0.773221,-2.08787,29.1094,0,0,0,0,0,0,0,1,0,0,0,0,0,0,0,0
3.66638e+08,-5.26764,-1.09052,5.42951,-8.20298,-34.6307,-39.8539,-34.6655,-43.567,77.3995,-29.6462,77.4302,-91.4282,-91.443,1.238,0.803232,-2.03523,29.0859,0,0,0,0,0,0,0,1,0,0,0,0,0,0,0,0
3.66658e+08,-6.24659,-1.32414,6.46989,-8.37581,-25.8827,-38.4713,-25.9155,-43.4068,66.3613,-29.0835,66.4107,-90.3747,-90.3843,1.238,0.825634,-1.99795,29.1388,0,0,0,0,0,0,0,1,0,0,0,0,0,0,0,0
3.66678e+08,-5.92904,-1.20131,6.23714,-7.94695,-17.6384,-37.0023,-17.6671,-43.0285,52.3766,-28.7878,52.4287,-88.8633,-88.8807,1.31,0.88854,-1.83648,29.1124,0,0,0,0,0,0,0,1,0,0,0,0,0,0,0,0
3.66699e+08,-4.83789,-0.86172,5.08999,-6.99587,-13.5315,-35.4501,-13.5379,-43.1413,40.6361,-28.7736,40.6752,-85.6572,-85.6955,1.31,0.915511,-1.79952,29.0947,0,0,0,0,0,0,0,1,0,0,0,0,0,0,0,0
3.6672e+08,-4.83077,-0.72444,5.0071,-5.94439,-14.0048,-33.8864,-13.9941,-43.6766,30.4224,-28.9872,30.4621,-80.1457,-80.2067,1.31,0.933195,-1.7964,29.0976,0,0,0,0,0,0,0,1,0,0,0,0,0,0,0,0
3.66741e+08,-5.98167,-0.840044,6.09531,-5.61781,-20.3101,-32.4235,-19.1518,-44.1915,18.7888,-29.401,20.4894,-70.5732,-72.1501,1.261,0.916184,-1.89458,29.1241,0,0,0,0,0,0,0,1,0,0,0,0,0,0,0,0
3.66762e+08,-6.46637,-0.962873,6.38044,-6.05039,-23.8827,-30.9425,-23.8754,-45.0607,13.1399,-30.1371,13.1526,-62.848,-62.9183,1.261,0.920255,-1.92791,29.0947,0,0,0,0,0,0,0,1,0,0,0,0,0,0,0,0
3.66783e+08,-5.9697,-0.95324,5.86244,-6.49965,-22.9666,-29.8657,-22.9726,-45.1456,12.1323,-30.8284,12.1311,-56.5274,-56.5807,1.261,0.924235,-1.95525,29.0918,0,0,0,0,0,0,0,1,0,0,0,0,0,0,0,0
3.66804e+08,-6.2443,-0.950831,6.04787,-6.24214,-21.501,-28.8316,-21.5014,-45.5659,13.9033,-31.5029,13.8943,-50.2831,-50.3477,1.248,0.918273,-2.01389,29.1329,0,0,0,0,0,0,0,1,0,0,0,0,0,0,0,0
3.66825e+08,-6.74812,-1.01586,6.40197,-6.23267,-19.562,-27.8217,-20.056,-46.1521,18.5292,-32.1147,17.2142,-42.2373,-43.8537,1.248,0.919851,-2.04732,29.0947,0,0,0,0,0,0,0,1,0,0,0,0,0,0,0,0
3.66846e+08,-7.16118,-1.15795,6.64427,-6.7601,-15.6078,-26.8423,-16.6155,-46.7167,26.285,-32.6252,24.344,-36.3137,-37.4974,1.242,0.922407,-2.07652,29.1182,0,0,0,0,0,0,0,1,0,0,0,0,0,0,0,0
3.66867e+08,-7.46202,-1.23262,6.92931,-6.90175,-10.7681,-25.6676,-10.7864,-46.6747,35.3689,-33.0018,35.3324,-30.8175,-30.8659,1.242,0.922755,-2.11619,29.1006,0,0,0,0,0,0,0,1,0,0,0,0,0,0,0,0
3.66888e+08,-7.05372,-1.18445,6.52067,-7.0293,-5.05822,-24.6548,-5.08287,-46.7849,44.1017,-33.1003,44.0734,-25.077,-25.1281,1.242,0.928445,-2.13165,29.0947,0,0,0,0,0,0,0,1,0,0,0,0,0,0,0,0
3.66909e+08,-6.08906,-1.06643,5.73178,-7.26754,5.21659,-23.607,3.13461,-46.2444,50.6208,-33.0333,49.641,-20.848,-21.5171,1.213,0.928075,-2.1663,29.1153,0,0,0,0,0,0,0,1,0,0,0,0,0,0,0,0
3.6693e+08,-5.42766,-0.962873,5.14732,-7.33488,14.0257,-22.2192,13.994,-46.0264,53.9949,-32.8141,53.9859,-17.8251,-17.8585,1.213,0.925831,-2.21124,29.0888,0,0,0,0,0,0,0,1,0,0,0,0,0,0,0,0
3.6695e+08,-4.95013,-0.828002,4.77911,-6.86182,19.6441,-20.9427,19.6288,-45.5835,53.6895,-32.5701,53.696,-13.5198,-13.5638,1.213,0.935627,-2.2128,29.1065,0,0,0,0,0,0,0,1,0,0,0,0,0,0,0,0
3.6697e+08,-4.34365,-0.707581,4.42265,-6.51185,22.041,-19.6608,22.0309,-44.1218,49.8575,-32.3163,49.8766,-8.46633,-8.51243,1.163,0.922383,-2.28418,29.1329,0,0,0,0,0,0,0,1,0,0,0,0,0,0,0,0
3.6699e+08,-4.30306,-0.705173,4.36326,-6.5642,24.1479,-18.4056,24.1369,-44.2327,43.5063,-32.1582,43.5394,-3.53503,-3.58825,1.163,0.91678,-2.32775,29.0947,0,0,0,0,0,0,0,1,0,0,0,0,0,0,0,0
3.67011e+08,-5.91477,-0.998999,6.03802,-6.74063,26.6975,-17.1871,26.6853,-44.0225,36.6972,-32.1196,36.7254,0.693974,0.653201,1.163,0.922628,-2.32711,29.0976,0,0,0,0,0,0,0,1,0,0,0,0,0,0,0,0
3.67032e+08,-6.68363,-1.0857,6.9265,-6.43554,27.9494,-15.9951,27.9499,-43.6303,28.7582,-32.2014,28.7897,5.22832,5.1769,1.103,0.898823,-2.40726,29.0594,0,0,0,0,0,0,0,1,0,0,0,0,0,0,0,0
3.67053e+08,-6.5953,-1.02549,6.79357,-6.18143,25.5983,-14.863,26.1586,-43.8291,18.6819,-32.4375,20.4246,12.8619,11.4912,1.103,0.883969,-2.45309,29.0741,0,0,0,0,0,0,0,1,0,0,0,0,0,0,0,0
3.67074e+08,-6.60006,-1.06403,6.7294,-6.44054,23.8883,-13.6512,23.8905,-44.0905,11.1094,-32.9159,11.1355,18.923,18.8683,1.103,0.882945,-2.45693,29.1094,0,0,0,0,0,0,0,1,0,0,0,0,0,0,0,0
3.67094e+08,-7.29011,-1.19408,7.30436,-6.60018,24.5143,-12.7429,24.5086,-44.5663,6.92618,-33.4621,6.93647,24.1291,24.0826,1.062,0.85609,-2.54021,29.0976,0,0,0,0,0,0,0,1,0,0,0,0,0,0,0,0
3.67114e+08,-7.92048,-1.27838,7.71076,-6.59688,26.7891,-11.871,26.7784,-45.3804,7.5674,-34.0674,7.55527,29.4726,29.4196,1.062,0.84511,-2.57064,29.0918,0,0,0,0,0,0,0,1,0,0,0,0,0,0,0,0
3.67134e+08,-7.29249,-1.22298,7.0289,-6.88496,30.1632,-11.0152,30.1455,-45.6274,11.7353,-34.609,11.7185,34.1138,34.0729,1.062,0.84111,-2.5826,29.0771,0,0,0,0,0,0,0,1,0,0,0,0,0,0,0,0
3.67155e+08,-6.49735,-1.17722,6.19256,-7.47206,36.209,-10.1561,36.1753,-45.8678,18.117,-35.0344,18.0848,37.7169,37.682,1.062,0.838607,-2.59549,29.1094,0,0,0,0,0,0,0,1,0,0,0,0,0,0,0,0
3.67176e+08,-6.36604,-1.10497,6.00974,-7.19358,44.0257,-9.21789,43.9952,-46.1734,25.4758,-35.316,25.445,40.0833,40.0602,1.062,0.837435,-2.60721,29.0947,0,0,0,0,0,0,0,1,0,0,0,0,0,0,0,0
3.67197e+08,-6.77197,-1.12665,6.40893,-6.88993,50.6517,-8.18395,49.9467,-46.1422,35.9643,-35.4472,34.2942,44.007,43.072,1.062,0.837771,-2.6148,29.0918,0,0,0,0,0,0,0,1,0,0,0,0,0,0,0,0
3.67218e+08,-6.87466,-1.06643,6.6038,-6.38325,52.0105,-6.89015,52.0107,-45.7827,43.1857,-35.3365,43.1662,49.1825,49.1262,0.258,0.288692,-4.26722,29.0829,0,0,0,0,0,0,0,1,0,0,0,0,0,0,0,0
3.67239e+08,-6.34936,-0.977324,6.188,-6.29048,50.3311,-5.86365,50.3362,-45.3845,46.3155,-35.1054,46.3112,54.7398,54.6882,0.258,0.190133,-4.46514,29.0624,0,0,0,0,0,0,0,1,0,0,0,0,0,0,0,0
3.6726e+08,-5.67363,-0.873762,5.68187,-6.21039,47.4609,-4.94078,47.4737,-44.6236,45.4147,-34.8106,45.4245,60.1444,60.0898,0.258,0.181084,-4.3847,29.0565,0,0,0,0,0,0,0,1,0,0,0,0,0,0,0,0
3.67281e+08,-4.67318,-0.685906,4.84558,-5.81774,42.6059,-4.12146,43.4318,-43.6784,40.4224,-34.5584,41.4068,66.9688,65.843,0.243,0.171158,-4.31458,29.0829,0,0,0,0,0,0,0,1,0,0,0,0,0,0,0,0
3.67302e+08,-4.5896,-0.700356,4.798,-6.02132,38.2395,-3.3036,38.2601,-43.4266,32.7277,-34.3574,32.765,71.9917,71.9415,0.243,0.170674,-4.20265,29.0506,0,0,0,0,0,0,0,1,0,0,0,0,0,0,0,0
3.67323e+08,-5.52797,-0.87617,6.06162,-6.09614,32.957,-2.77164,32.9801,-42.0689,19.8422,-34.3318,19.8996,77.1062,77.0643,0.243,0.171501,-4.10555,29.0741,0,0,0,0,0,0,0,1,0,0,0,0,0,0,0,0
3.67344e+08,-5.86942,-0.917113,6.47971,-5.98837,26.9112,-2.38123,26.9352,-41.8882,3.58267,-34.548,3.6439,82.068,82.0221,0.212,0.148692,-4.07765,29.0771,0,0,0,0,0,0,0,1,0,0,0,0,0,0,0,0
3.67365e+08,-5.00029,-0.7702,5.42979,-5.95685,21.8731,-2.13782,22.3898,-42.3577,-12.5242,-35.0759,-10.2464,87.4573,86.6842,0.212,0.145955,-3.99682,29.0624,0,0,0,0,0,0,0,1,0,0,0,0,0,0,0,0
3.67386e+08,-5.02891,-0.873762,5.39166,-6.75858,21.9036,-1.98421,21.5221,-42.6361,-23.3639,-35.8347,-21.3546,90.5413,90.1149,0.178,0.144812,-3.92216,29.0829,0,0,0,0,0,0,0,1,0,0,0,0,0,0,0,0
3.67406e+08,-5.54702,-1.08329,5.94022,-7.5921,26.1326,-1.8517,26.1076,-42.5723,-32.7227,-36.9466,-32.6861,91.9001,91.8947,0.178,0.117212,-3.91669,29.08,0,0,0,0,0,0,0,1,0,0,0,0,0,0,0,0
3.67426e+08,-5.69026,-1.18686,5.89032,-8.2457,35.4303,-1.68135,35.3796,-43.4408,-39.425,-38.0198,-39.4069,90.9382,90.9602,0.178,0.114022,-3.85632,29.0918,0,0,0,0,0,0,0,1,0,0,0,0,0,0,0,0
3.67446e+08,-6.40656,-1.36267,6.32751,-8.60537,47.7815,-1.4191,45.0591,-44.7063,-37.5929,-38.9468,-38.5238,88.9688,89.5346,0.136,0.112462,-3.81273,29.1241,0,0,0,0,0,0,0,1,0,0,0,0,0,0,0,0
3.67467e+08,-7.53835,-1.55293,7.23277,-8.45505,61.9189,-0.760423,61.8611,-45.5399,-29.2265,-40.2224,-29.2677,86.6329,86.6527,0.136,0.0797168,-3.84535,29.0829,0,0,0,0,0,0,0,1,0,0,0,0,0,0,0,0
3.67488e+08,-7.75323,-1.62037,7.33019,-8.63526,75.7815,0.0616224,75.7332,-45.9239,-16.9822,-41.0469,-17.0306,84.2207,84.2352,0.136,0.0766015,-3.8042,29.0888,0,0,0,0,0,0,0,1,0,0,0,0,0,0,0,0
3.67509e+08,-7.61718,-1.43974,7.0407,-7.90221,88.667,1.08173,86.7971,-46.6668,0.0864828,-41.5886,-3.29808,82.4497,82.5546,0.082,0.0609003,-3.80819,29.0829,0,0,0,0,0,0,0,1,0,0,0,0,0,0,0,0
3.6753e+08,-8.12339,-1.46382,7.49695,-7.5434,96.1784,2.50565,96.1532,-46.762,17.8727,-41.8504,17.7986,82.2054,82.2094,0.082,0.036078,-3.83271,29.0829,0,0,0,0,0,0,0,1,0,0,0,0,0,0,0,0
3.67551e+08,-7.86316,-1.32414,7.36875,-7.00512,99.583,3.77662,99.579,-46.4046,34.6819,-41.6593,34.6282,83.2741,83.2608,0.082,0.0347201,-3.79425,29.0653,0,0,0,0,0,0,0,1,0,0,0,0,0,0,0,0
3.67572e+08,-31.5896,-6.71176,19.9474,-10.1845,96.7433,4.99427,96.8142,-56.3268,317.857,-40.5631,315.549,35.4726,36.2455,0.029,0.0111528,-3.87856,29.0771,0,0,0,0,0,0,0,1,0,0,0,0,0,0,0,0
3.67593e+08,-2.77711,-1.11942,6.28441,-9.25374,37.0792,5.25517,31.7881,-23.5118,496.926,-32.6801,496.926,-28.1763,-19.7329,0.029,-0.00217979,-3.92354,29.1035,0,0,0,0,0,0,0,1,0,0,0,0,0,0,0,0
3.67614e+08,7.28208,1.69842,16.4277,5.39943,109.659,6.12835,109.432,23.7941,496.926,-18.4456,496.926,-18.161,-18.4792,0.029,0.000157162,-3.6937,29.0124,0,0,0,0,0,0,0,1,0,0,0,0,0,0,0,0
3.67634e+08,17.0119,3.88526,14.6611,9.81518,-162.921,6.37727,-162.598,48.281,-117.914,-8.09541,-114.892,1.07565,0.858724,0.035,0.0094531,-3.0905,29.1006,0,0,0,0,0,0,0,1,0,0,0,0,0,0,0,0
3.67654e+08,0.174196,-0.895438,4.10979,-12.2808,-21.8979,3.73973,-22.409,2.37149,-251.349,-10.0889,-251.47,14.3734,14.4768,0.035,0.0131862,-2.95912,29.0594,0,0,0,0,0,0,0,1,0,0,0,0,0,0,0,0
3.67674e+08,-2.13945,-1.50236,5.66594,-13.9316,76.9723,2.95445,76.5544,-20.0514,-185.959,-14.8098,-186.299,1.70161,1.83568,0.035,0.0136021,-2.88825,29.0653,0,0,0,0,0,0,0,1,0,0,0,0,0,0,0,0
3.67695e+08,-4.95005,-1.12424,12.3121,-4.84259,165.491,4.48482,165.386,-21.8203,-16.57,-17.7043,-17.5241,-9.56557,-9.49542,0.033,0.0123705,-2.7535,29.0918,0,0,0,0,0,0,0,1,0,0,0,0,0,0,0,0
3.67716e+08,-1.78063,4.77397,10.7922,23.5791,54.7738,7.65216,55.4744,-8.58061,167.552,-16.0148,167.43,-23.0312,-23.018,0.033,0.0129359,-2.57848,29.0624,0,0,0,0,0,0,0,1,0,0,0,0,0,0,0,0
3.67737e+08,2.70934,1.78031,9.556,10.1617,-118.157,8.07065,-113.909,15.5746,28.8956,-11.8957,45.2618,-8.84801,-8.86404,0.033,0.014549,-2.39791,29.0535,0,0,0,0,0,0,0,1,0,0,0,0,0,0,0,0
3.67758e+08,-0.0117973,-1.82509,9.08248,-11.362,-34.6002,4.99962,-35.0463,-0.0729632,-7.18069,-10.3795,-7.16231,-7.6419,-7.74359,0.038,0.0204294,-2.22165,29.1035,0,0,0,0,0,0,0,1,0,0,0,0,0,0,0,0
3.67779e+08,0.608479,0.197982,9.7096,1.16583,62.8629,4.62884,62.646,3.58516,-15.4469,-9.78042,-15.3225,9.67344,9.59525,0.038,0.0222036,-2.09741,29.0859,0,0,0,0,0,0,0,1,0,0,0,0,0,0,0,0
3.678e+08,0.137523,2.18011,10.3139,11.9343,43.9163,6.08885,44.1439,0.747413,-53.7675,-9.59547,-53.7217,7.49024,7.54911,0.038,0.0232171,-1.95591,29.08,0,0,0,0,0,0,0,1,0,0,0,0,0,0,0,0
3.67821e+08,-1.20651,1.02166,9.38247,6.16411,-17.2755,6.63945,-12.6451,-7.28496,16.9714,-10.1439,3.39659,-1.7327,0.113356,0.034,0.0206584,-1.85709,29.0682,0,0,0,0,0,0,0,1,0,0,0,0,0,0,0,0
3.67842e+08,0.426836,0.797677,10.093,4.51484,-18.8952,6.08774,-18.9202,2.4141,25.7823,-8.94358,25.897,-2.69315,-2.71266,0.034,0.021023,-1.72549,29.0624,0,0,0,0,0,0,0,1,0,0,0,0,0,0,0,0
3.67863e+08,0.223984,0.385839,9.37785,2.35536,6.47947,5.66873,6.31908,1.36706,-8.42392,-8.03215,-8.31882,1.17331,1.12378,0.034,0.0218454,-1.62542,29.0535,0,0,0,0,0,0,0,1,0,0,0,0,0,0,0,0
3.67884e+08,-0.0962347,1.27936,10.0752,7.23642,10.5357,5.89749,10.6021,-0.542893,-10.1351,-7.7312,-10.1672,1.68501,1.70132,0.035,0.0234662,-1.52266,29.1006,0,0,0,0,0,0,0,1,0,0,0,0,0,0,0,0
3.67905e+08,-0.334865,0.725425,9.4406,4.39128,-6.5209,5.97724,-6.39091,-2.0255,6.91242,-7.4178,5.94143,-0.470136,-0.372433,0.035,0.0242488,-1.43129,29.0829,0,0,0,0,0,0,0,1,0,0,0,0,0,0,0,0
3.67926e+08,0.121227,0.67244,9.78914,3.92931,1.81215,5.79584,0.238315,0.70784,-5.28567,-6.83676,-2.56226,0.874787,0.668264,0.034,0.0249037,-1.34758,29.0918,0,0,0,0,0,0,0,1,0,0,0,0,0,0,0,0
3.67947e+08,-0.232264,0.999984,9.88019,5.7777,2.40857,5.78851,2.43387,-1.33982,0.762884,-6.50714,0.713808,0.276044,0.304877,0.034,0.0246959,-1.25186,29.0859,0,0,0,0,0,0,0,1,0,0,0,0,0,0,0,0
3.67968e+08,-0.000574471,0.751917,9.40237,4.57227,-2.96082,5.74194,-2.97096,-0.00348955,2.72193,-6.07587,2.73086,-0.166843,-0.16517,0.034,0.0251913,-1.18078,29.0506,0,0,0,0,0,0,0,1,0,0,0,0,0,0,0,0
3.67989e+08,-0.0460024,0.963858,10.077,5.46361,1.7257,5.68552,1.96754,-0.260369,-2.02642,-5.67776,-2.12235,0.488359,0.47474,0.034,0.025707,-1.10911,29.0653,0,0,0,0,0,0,0,1,0,0,0,0,0,0,0,0
3.6801e+08,-0.0889634,0.891605,9.53325,5.34286,-0.643284,5.68753,-0.635574,-0.53234,1.68545,-5.3201,1.67778,0.0441856,0.0532155,0.034,0.026317,-1.02835,29.0653,0,0,0,0,0,0,0,1,0,0,0,0,0,0,0,0
3.68031e+08,-0.112822,0.821761,9.7326,4.82594,0.0615132,5.62986,0.0532031,-0.661801,-0.440412,-4.99436,-0.431997,0.104639,0.113486,0.034,0.0267589,-0.970018,29.0771,0,0,0,0,0,0,0,1,0,0,0,0,0,0,0,0
3.68052e+08,-0.189239,0.843437,9.80867,4.9138,0.213012,5.58879,0.214525,-1.10121,0.507741,-4.74708,0.497933,0.0883681,0.0921973,0.036,0.0283856,-0.906396,29.0565,0,0,0,0,0,0,0,1,0,0,0,0,0,0,0,0
3.68073e+08,-0.0674748,0.898831,9.54512,5.37935,0.974399,5.56746,0.712438,-0.403236,-0.592792,-4.47099,-0.388341,0.316269,0.387273,0.036,0.0295357,-0.850778,29.0741,0,0,0,0,0,0,0,1,0,0,0,0,0,0,0,0
3.68094e+08,0.0327977,0.959041,9.73032,5.62898,-0.386916,5.57752,-0.379684,0.192193,0.583585,-4.16119,0.577047,0.254157,0.253621,0.036,0.0300554,-0.791832,29.0535,0,0,0,0,0,0,0,1,0,0,0,0,0,0,0,0
3.68115e+08,-0.0364108,0.819353,9.75627,4.80053,0.668088,5.5369,0.657932,-0.213079,-0.501763,-3.90579,-0.494856,0.222644,0.226586,0.033,0.028176,-0.75013,29.0594,0,0,0,0,0,0,0,1,0,0,0,0,0,0,0,0
3.68136e+08,-0.184476,0.889197,9.68291,5.2459,0.327615,5.53821,0.338672,-1.08688,-0.285323,-3.72178,-0.291535,0.267117,0.271965,0.033,0.0277852,-0.70907,29.0888,0,0,0,0,0,0,0,1,0,0,0,0,0,0,0,0
3.68157e+08,-0.225078,0.918098,9.81594,5.34201,0.0694302,5.49106,-0.257303,-1.30784,-0.0432556,-3.53435,0.813508,0.556585,0.00982189,0.033,0.0280129,-0.66722,29.0947,0,0,0,0,0,0,0,1,0,0,0,0,0,0,0,0
3.68178e+08,-0.151043,0.877155,8.99908,5.56635,0.298442,5.45645,0.292168,-0.957044,1.32906,-3.33037,1.32117,0.616188,0.596633,0.037,0.0316952,-0.619272,29.0741,0,0,0,0,0,0,0,1,0,0,0,0,0,0,0,0
3.68199e+08,-0.0794536,1.04093,10.7301,5.54078,-3.93868,5.42687,-3.93379,-0.42227,1.12314,-3.09964,1.13121,0.949873,0.941975,0.037,0.0325734,-0.571011,29.0741,0,0,0,0,0,0,0,1,0,0,0,0,0,0,0,0
3.6822e+08,-0.0412327,0.985534,9.23421,6.09185,1.0002,5.39442,0.98371,-0.254391,-1.47323,-2.92801,-1.4621,4.13248,4.10213,0.037,0.032964,-0.532296,29.0712,0,0,0,0,0,0,0,1,0,0,0,0,0,0,0,0
3.68241e+08,-0.0268628,0.831395,9.96046,4.77137,-4.09651,5.42359,-2.89108,-0.153988,1.60308,-2.78095,-0.400393,1.64024,2.55467,0.036,0.0322886,-0.518447,29.0771,0,0,0,0,0,0,0,1,0,0,0,0,0,0,0,0
3.68262e+08,0.00664596,0.547202,10.5155,2.97884,-2.13947,5.21949,-2.17334,0.0361627,1.59126,-2.53727,1.61804,0.353263,0.365648,0.036,0.0324421,-0.465203,29.0947,0,0,0,0,0,0,0,1,0,0,0,0,0,0,0,0
3.68283e+08,-0.0435697,0.802494,9.30752,4.9278,6.75319,5.17146,6.73712,-0.267215,-3.841,-2.40665,-3.82101,-0.318268,-0.322783,0.036,0.0326754,-0.441267,29.0829,0,0,0,0,0,0,0,1,0,0,0,0,0,0,0,0
3.68304e+08,-0.217927,0.963858,10.0273,5.4893,0.856582,5.28546,0.882632,-1.23932,-1.62602,-2.38613,-1.65061,-1.06407,-1.06671,0.035,0.0319346,-0.417454,29.0771,0,0,0,0,0,0,0,1,0,0,0,0,0,0,0,0
3.68325e+08,-0.0698694,0.922915,9.40982,5.6015,3.21934,5.27113,2.10155,-0.423391,0.87418,-2.26232,1.65901,-1.34676,-1.83941,0.035,0.0320268,-0.392909,29.08,0,0,0,0,0,0,0,1,0,0,0,0,0,0,0,0
3.68346e+08,-0.122418,0.980717,9.39572,5.9584,0.153769,5.3832,0.183025,-0.742438,-1.2303,-2.13222,-1.23614,0.120277,0.126687,0.035,0.0321706,-0.37346,29.1153,0,0,0,0,0,0,0,1,0,0,0,0,0,0,0,0
3.68367e+08,-0.0650582,0.795269,10.1646,4.47355,-1.56473,5.32055,-1.57896,-0.365597,2.47602,-2.02208,2.47904,-0.184949,-0.189485,0.035,0.0323239,-0.346968,29.0565,0,0,0,0,0,0,0,1,0,0,0,0,0,0,0,0
3.68388e+08,-0.105654,0.802494,9.51175,4.82225,2.38811,5.28747,2.37769,-0.634144,-2.7625,-1.90689,-2.74767,0.562551,0.554861,0.035,0.0325011,-0.325827,29.0976,0,0,0,0,0,0,0,1,0,0,0,0,0,0,0,0
3.68409e+08,-0.0627025,0.910873,9.88465,5.26485,-1.64852,5.31902,-0.760823,-0.361913,2.38762,-1.89408,1.81451,-0.0649266,0.0723579,0.035,0.0326142,-0.310606,29.0976,0,0,0,0,0,0,0,1,0,0,0,0,0,0,0,0
3.6843e+08,0.0280555,0.83862,9.76099,4.91052,0.616991,5.26766,0.595494,0.164077,-0.870898,-1.705,-0.85111,0.347253,0.336634,0.035,0.0327847,-0.285604,29.0506,0,0,0,0,0,0,0,1,0,0,0,0,0,0,0,0
3.68451e+08,-0.163017,1.00239,9.60472,5.95723,1.3422,5.31997,1.35849,-0.967114,-0.787693,-1.66788,-0.80432,0.345598,0.349068,0.035,0.0329052,-0.270286,29.0712,0,0,0,0,0,0,0,1,0,0,0,0,0,0,0,0
3.68472e+08,-0.053115,0.780818,9.90105,4.50907,-1.96808,5.30496,-1.96892,-0.306414,1.63625,-1.58818,1.64092,0.0245591,0.021095,0.035,0.0330115,-0.254335,29.0888,0,0,0,0,0,0,0,1,0,0,0,0,0,0,0,0
3.68493e+08,-0.115226,0.879563,9.6306,5.21798,1.6651,5.2551,1.70643,-0.682648,-1.82952,-1.49397,-1.5933,0.390194,0.400212,0.035,0.0331328,-0.238024,29.0859,0,0,0,0,0,0,0,1,0,0,0,0,0,0,0,0
3.68514e+08,-0.108071,0.910873,9.57366,5.43462,-0.628036,5.27421,-0.619908,-0.643844,1.42466,-1.46136,1.41932,0.0226877,0.0272146,0.035,0.0332443,-0.223977,29.1094,0,0,0,0,0,0,0,1,0,0,0,0,0,0,0,0
3.68535e+08,-0.117578,0.749509,9.86069,4.34637,-0.121724,5.2476,-0.124802,-0.681192,-0.532668,-1.37144,-0.524854,0.0524236,0.0629868,0.034,0.0327365,-0.211804,29.1212,0,0,0,0,0,0,0,1,0,0,0,0,0,0,0,0
3.68556e+08,0.128327,0.903647,9.72777,5.30672,0.256575,5.26641,0.270846,0.752551,0.276301,-1.30353,0.277852,0.341913,0.324662,0.034,0.0324511,-0.201662,29.1212,0,0,0,0,0,0,0,1,0,0,0,0,0,0,0,0
3.68577e+08,0.0209188,0.742284,9.66587,4.39136,0.73248,5.23671,0.134586,0.123635,0.976594,-1.2632,1.28104,-0.1323,0.231062,0.034,0.032498,-0.190201,29.1182,0,0,0,0,0,0,0,1,0,0,0,0,0,0,0,0
3.68598e+08,-0.155822,0.886789,9.7636,5.18905,-0.0938344,5.22521,-0.0994395,-0.910583,-0.641623,-1.20094,-0.652045,0.447124,0.441932,0.033,0.0318388,-0.178614,29.1153,0,0,0,0,0,0,0,1,0,0,0,0,0,0,0,0
3.68619e+08,0.199951,0.942182,9.79187,5.49499,1.24778,5.22182,1.24332,1.16445,0.335635,-1.14707,0.334935,0.0795243,0.0759599,0.033,0.0316754,-0.169061,29.0976,0,0,0,0,0,0,0,1,0,0,0,0,0,0,0,0
3.6864e+08,-0.39458,0.79286,9.57135,4.73139,1.61228,5.22064,1.59709,-2.35264,-0.430094,-1.19207,-0.489627,0.245841,0.248154,0.033,0.0317069,-0.162517,29.1153,0,0,0,0,0,0,0,1,0,0,0,0,0,0,0,0
3.68661e+08,0.0614739,0.879563,9.76578,5.14641,-2.81319,5.24566,-3.31735,0.359208,0.013423,-1.07631,1.92263,0.154438,-0.0605121,0.034,0.0325198,-0.147785,29.0976,0,0,0,0,0,0,0,1,0,0,0,0,0,0,0,0
3.68682e+08,-0.122395,0.898831,9.72798,5.27852,2.37496,5.21007,2.39587,-0.717787,-0.655252,-1.04747,-0.651581,0.183635,0.203662,0.034,0.0328404,-0.140044,29.1006,0,0,0,0,0,0,0,1,0,0,0,0,0,0,0,0
3.68703e+08,-0.131907,0.756734,9.68977,4.46511,-1.50158,5.20708,-1.51467,-0.777553,1.68019,-1.03338,1.67057,-0.0306067,-0.0215663,0.034,0.0329132,-0.131162,29.1359,0,0,0,0,0,0,0,1,0,0,0,0,0,0,0,0
3.68724e+08,-0.0555202,0.843437,9.81093,4.91351,1.23086,5.17826,1.23222,-0.323043,-1.45209,-0.974672,-1.44352,0.457333,0.449623,0.034,0.0329704,-0.123603,29.1418,0,0,0,0,0,0,0,1,0,0,0,0,0,0,0,0
3.68745e+08,-0.0173449,0.951816,9.69948,5.60452,-0.664285,5.1891,-0.398741,-0.101968,1.37286,-0.962224,1.3088,0.0440749,0.0728716,0.034,0.0330209,-0.117015,29.1124,0,0,0,0,0,0,0,1,0,0,0,0,0,0,0,0
3.68766e+08,-0.0579034,0.826578,9.8109,4.81577,0.985952,5.17226,0.976055,-0.336959,-0.598156,-0.892127,-0.596008,0.348877,0.341018,0.034,0.0330756,-0.109066,29.1388,0,0,0,0,0,0,0,1,0,0,0,0,0,0,0,0
3.68787e+08,-0.143894,0.927732,9.64495,5.49368,-0.421674,5.19938,-0.412616,-0.850811,0.608838,-0.890537,0.60629,-0.00336874,0.00715677,0.035,0.0340217,-0.101665,29.08,0,0,0,0,0,0,0,1,0,0,0,0,0,0,0,0
3.68808e+08,-0.0172927,0.76396,9.77516,4.46876,0.389938,5.15898,0.379151,-0.101051,-0.660878,-0.850523,-0.64827,0.20991,0.201289,0.035,0.0341614,-0.0947878,29.0976,0,0,0,0,0,0,0,1,0,0,0,0,0,0,0,0
3.68829e+08,-0.151054,0.91569,9.69004,5.39765,-0.423466,5.17776,0.202822,-0.889127,0.563233,-0.860502,0.231469,-0.00497031,0.250529,0.035,0.0342068,-0.0909906,29.1476,0,0,0,0,0,0,0,1,0,0,0,0,0,0,0,0
3.6885e+08,-0.0411858,0.816945,9.68504,4.82151,0.0527996,5.15226,0.0472586,-0.242788,0.407129,-0.815765,0.415357,-0.0202541,-0.0247097,0.035,0.0342463,-0.0852209,29.1006,0,0,0,0,0,0,0,1,0,0,0,0,0,0,0,0
3.68871e+08,-0.0627012,0.906056,9.68758,5.34308,-0.604057,5.16803,-0.601525,-0.369221,-0.966078,-0.79075,-0.962467,0.147326,0.15252,0.035,0.0342698,-0.0825745,29.1094,0,0,0,0,0,0,0,1,0,0,0,0,0,0,0,0
3.68892e+08,-0.0937183,0.816945,9.78955,4.7701,0.710783,5.13747,0.695932,-0.546593,0.562484,-0.788819,0.555599,-0.158411,-0.143514,0.035,0.0343034,-0.0767546,29.1329,0,0,0,0,0,0,0,1,0,0,0,0,0,0,0,0
3.68913e+08,-0.084171,0.831395,9.6851,4.90621,-0.0077759,5.14071,-0.193091,-0.496107,-1.57356,-0.76124,-1.643,0.177494,0.00387662,0.035,0.0343336,-0.0733637,29.1565,0,0,0,0,0,0,0,1,0,0,0,0,0,0,0,0
3.68934e+08,-0.0793966,0.836212,9.61863,4.96845,0.967219,5.13914,0.966361,-0.471158,-0.89695,-0.79014,-0.895869,0.176431,0.177392,0.035,0.0343555,-0.0710293,29.1329,0,0,0,0,0,0,0,1,0,0,0,0,0,0,0,0
3.68955e+08,-0.105662,0.831395,9.83707,4.83068,-0.544153,5.14318,-0.545589,-0.613213,-2.32516,-0.806949,-2.32717,0.129974,0.128081,0.032,0.0325758,-0.0730856,29.1212,0,0,0,0,0,0,0,1,0,0,0,0,0,0,0,0
3.68976e+08,-0.108069,0.901239,9.83956,5.233,0.997149,5.12928,0.993811,-0.626637,-0.0294623,-0.824263,-0.0384156,0.159562,0.166642,0.032,0.0314953,-0.0700549,29.1182,0,0,0,0,0,0,0,1,0,0,0,0,0,0,0,0
3.68997e+08,-0.103275,0.836212,9.68513,4.93439,-0.43924,5.14479,-0.464758,-0.608672,-1.23295,-0.813028,-1.10608,0.26551,0.190574,0.032,0.0314034,-0.0678327,29.1212,0,0,0,0,0,0,0,1,0,0,0,0,0,0,0,0
3.69018e+08,-0.174932,0.913281,9.78265,5.33267,0.431315,5.131,0.428047,-1.02001,-0.588392,-0.83046,-0.585494,0.279923,0.2851,0.033,0.0321681,-0.0604035,29.0771,0,0,0,0,0,0,0,1,0,0,0,0,0,0,0,0
3.69039e+08,-0.105683,0.908464,9.70186,5.34916,0.0327438,5.14778,0.0354482,-0.621384,-1.19535,-0.841752,-1.1979,-0.223742,-0.22552,0.033,0.0324268,-0.0576526,29.1241,0,0,0,0,0,0,0,1,0,0,0,0,0,0,0,0
3.6906e+08,-0.299103,0.927732,10.2244,5.18245,-2.31641,5.12975,-2.29338,-1.6688,3.88851,-0.847857,3.84008,0.342012,0.314428,0.033,0.0324862,-0.0499301,29.0976,0,0,0,0,0,0,0,1,0,0,0,0,0,0,0,0
3.69081e+08,-0.0483259,0.73265,9.61606,4.35691,0.918472,5.05371,-1.31973,-0.287108,-3.48766,-0.690365,-1.70901,1.04637,0.855552,0.034,0.0332609,-0.0499712,29.1212,0,0,0,0,0,0,0,1,0,0,0,0,0,0,0,0
3.69102e+08,-0.21319,1.10355,9.79724,6.42511,2.12648,5.11139,2.15308,-1.23874,0.67602,-0.777374,0.656823,0.17312,0.224036,0.034,0.0335262,-0.0437983,29.1153,0,0,0,0,0,0,0,1,0,0,0,0,0,0,0,0
3.69123e+08,-0.0960787,0.7182,9.51636,4.31571,-1.16716,5.08745,-1.18786,-0.576808,-0.319216,-0.755004,-0.309072,-0.391518,-0.375019,0.034,0.0335436,-0.0463687,29.1153,0,0,0,0,0,0,0,1,0,0,0,0,0,0,0,0
3.69144e+08,-0.065091,0.913281,9.61636,5.42507,2.03577,5.10304,2.0343,-0.386079,-4.79968,-0.763764,-4.78262,-0.238405,-0.232402,0.035,0.0343821,-0.0443286,29.1212,0,0,0,0,0,0,0,1,0,0,0,0,0,0,0,0
3.69165e+08,-0.0197046,0.850662,9.43103,5.15402,2.53342,5.11421,1.66209,-0.119226,-6.54673,-0.812146,-5.89251,0.951465,0.867826,0.035,0.0345297,-0.0455474,29.1065,0,0,0,0,0,0,0,1,0,0,0,0,0,0,0,0
3.69186e+08,-0.325369,0.925323,10.4476,5.05893,4.13669,5.19295,4.14029,-1.77683,-7.79731,-1.00863,-7.81602,0.521538,0.520132,0.035,0.0345495,-0.0391325,29.0829,0,0,0,0,0,0,0,1,0,0,0,0,0,0,0,0
3.69207e+08,-0.339682,0.874747,9.79461,5.10044,0.354609,5.23728,0.36968,-1.97838,2.29253,-1.14564,2.27001,-0.0294791,-0.0210208,0.035,0.0346338,-0.0268446,29.1241,0,0,0,0,0,0,0,1,0,0,0,0,0,0,0,0
3.69228e+08,-0.759932,0.83862,9.81391,4.86968,-5.48847,5.24204,-5.42779,-4.4118,28.7536,-1.42917,28.546,-9.41043,-9.30172,0.035,0.0346434,-0.0284623,29.1212,0,0,0,0,0,0,0,1,0,0,0,0,0,0,0,0
3.69249e+08,0.863758,0.987942,9.76763,5.75321,-33.9007,4.94789,-31.5561,5.02804,40.1123,-0.431145,45.0313,-2.75394,-4.11579,0.035,0.0346784,-0.0240412,29.1182,0,0,0,0,0,0,0,1,0,0,0,0,0,0,0,0
3.6927e+08,0.517753,0.154631,9.21103,0.960251,-8.66579,4.13627,-8.82778,3.21677,7.59686,0.637309,7.73435,-0.646189,-0.667333,0.034,0.0337509,-0.0352331,29.1418,0,0,0,0,0,0,0,1,0,0,0,0,0,0,0,0
3.69291e+08,0.0495963,0.657989,9.94587,3.78496,18.3516,4.1111,18.3092,0.285087,-14.4191,0.636753,-14.3858,3.47088,3.45222,0.034,0.0336629,-0.0363194,29.1418,0,0,0,0,0,0,0,1,0,0,0,0,0,0,0,0
3.69312e+08,0.187949,1.16857,9.93945,6.70425,9.94762,4.53703,10.0161,1.07589,-7.1004,0.408155,-7.14959,2.25213,2.27097,0.032,0.0329432,-0.0321321,29.1182,0,0,0,0,0,0,0,1,0,0,0,0,0,0,0,0
3.69333e+08,-0.0936788,0.674848,9.56615,4.03508,0.0731275,4.636,-1.01524,-0.559674,-1.06595,0.280051,-1.7547,0.48986,0.715789,0.032,0.0317903,-0.035063,29.1447,0,0,0,0,0,0,0,1,0,0,0,0,0,0,0,0
3.69354e+08,-0.143888,0.908464,9.72326,5.33718,-0.313285,4.66091,-0.279923,-0.844146,3.92651,0.182342,3.88166,-0.519033,-0.501351,0.032,0.0316521,-0.0360642,29.1094,0,0,0,0,0,0,0,1,0,0,0,0,0,0,0,0
3.69375e+08,-0.509166,0.684482,10.058,3.88822,-12.8097,4.58748,-12.7717,-2.89134,15.709,0.241818,15.6546,-2.17828,-2.17086,0.032,0.0316681,-0.0301196,29.13,0,0,0,0,0,0,0,1,0,0,0,0,0,0,0,0
3.69396e+08,0.252774,-0.103069,9.52661,-0.619647,32.5746,4.30816,32.3832,1.51981,36.6125,0.654445,36.6145,10.7395,10.7366,0.032,0.0316669,-0.0367822,29.1418,0,0,0,0,0,0,0,1,0,0,0,0,0,0,0,0
3.69417e+08,1.88272,3.31929,10.9647,16.6129,-13.8987,5.10917,10.0387,9.33266,-45.4944,1.37251,-26.1463,-0.634548,1.80012,0.032,0.0316585,-0.0195932,29.1065,0,0,0,0,0,0,0,1,0,0,0,0,0,0,0,0
3.69438e+08,-0.850387,-0.17773,8.60862,-1.17701,-11.0761,4.85552,-11.1882,-5.64036,-0.308564,0.435716,-0.555106,1.7158,1.68411,0.031,0.0309791,-0.0291006,29.1124,0,0,0,0,0,0,0,1,0,0,0,0,0,0,0,0
3.69459e+08,0.725288,0.898831,9.92668,5.16017,-1.391,4.82493,-1.33321,4.1619,2.18081,0.545877,2.25521,1.73231,1.64649,0.031,0.0306656,-0.0379645,29.1212,0,0,0,0,0,0,0,1,0,0,0,0,0,0,0,0
3.6948e+08,0.479385,0.739875,8.18633,5.15554,19.2818,4.8624,19.0515,3.33779,-0.707704,0.599863,-0.798881,3.20755,3.04637,0.031,0.0306314,-0.0432488,29.1271,0,0,0,0,0,0,0,1,0,0,0,0,0,0,0,0
3.69501e+08,0.701363,1.06742,11.6317,5.2338,13.2206,5.20282,16.9363,3.43622,-25.898,0.479004,-26.622,7.29659,3.84719,0.033,0.0320662,-0.0341999,29.1212,0,0,0,0,0,0,0,1,0,0,0,0,0,0,0,0
3.69522e+08,-0.568925,0.910873,8.88553,5.84118,16.3328,5.4912,16.3497,-3.6445,-2.41871,-0.115073,-2.47284,4.24345,4.21501,0.033,0.0327044,-0.0162125,29.13,0,0,0,0,0,0,0,1,0,0,0,0,0,0,0,0
3.69543e+08,-0.370773,1.05297,9.42691,6.36853,-2.27541,5.80665,-2.27312,-2.23845,-2.5614,-0.203796,-2.56473,1.8147,1.84735,0.033,0.0326559,-0.0291376,29.1388,0,0,0,0,0,0,0,1,0,0,0,0,0,0,0,0
3.69564e+08,0.142677,0.821761,9.82022,4.78289,11.1829,5.7697,11.1031,0.829485,-6.74675,-0.237005,-6.70529,3.12045,3.08755,0.031,0.0309588,-0.0306347,29.0888,0,0,0,0,0,0,0,1,0,0,0,0,0,0,0,0
3.69585e+08,-1.76289,1.06019,9.29517,6.39395,9.25707,6.00569,8.84143,-10.6714,-0.133701,-0.56575,-6.40065,10.8925,9.49703,0.031,0.030669,-0.0294329,29.1271,0,0,0,0,0,0,0,1,0,0,0,0,0,0,0,0
3.69606e+08,0.41715,1.28177,10.628,6.87161,-6.56421,6.17053,-6.50838,2.23157,2.74701,-0.363632,2.85835,0.214501,0.192237,0.031,0.0306372,-0.0207116,29.1624,0,0,0,0,0,0,0,1,0,0,0,0,0,0,0,0
3.69627e+08,-0.435177,0.809719,9.27225,4.98536,6.13781,6.03188,6.07537,-2.67694,-4.44341,-0.477809,-4.48374,2.09903,2.11958,0.033,0.0325135,-0.0134193,29.0976,0,0,0,0,0,0,0,1,0,0,0,0,0,0,0,0
3.69648e+08,-0.664476,1.04574,9.72393,6.12401,-5.66143,6.11472,-5.58546,-3.88683,4.92008,-0.698913,4.86166,4.80537,4.7579,0.033,0.0326689,-0.0183408,29.1447,0,0,0,0,0,0,0,1,0,0,0,0,0,0,0,0
3.69669e+08,-0.0818648,1.12522,9.74018,6.58958,-22.8459,5.95215,-21.4179,-0.47837,16.8456,-0.538822,15.3503,4.17188,4.10834,0.033,0.0326908,-0.0177022,29.1241,0,0,0,0,0,0,0,1,0,0,0,0,0,0,0,0
3.6969e+08,0.474423,1.40941,8.9709,8.91647,-37.5329,5.48236,-37.4736,2.99063,34.7082,-0.0123935,34.6477,2.47723,2.48272,0.036,0.0355338,-0.0160837,29.1035,0,0,0,0,0,0,0,1,0,0,0,0,0,0,0,0
3.69711e+08,0.305092,0.670031,9.97416,3.84138,-23.6092,4.79019,-23.7206,1.74809,20.7235,0.814911,20.843,0.477227,0.416344,0.036,0.0357029,-0.0194638,29.1535,0,0,0,0,0,0,0,1,0,0,0,0,0,0,0,0
3.69732e+08,0.620463,0.0342101,9.4268,0.207478,-3.95786,4.37279,-3.97276,3.7657,3.96316,1.04245,3.96801,6.5403,6.50463,0.038,0.0364758,-0.0188476,29.1212,0,0,0,0,0,0,0,1,0,0,0,0,0,0,0,0
3.69753e+08,1.73559,0.0197596,10.3803,0.107574,6.52054,4.23021,3.86773,9.49209,0.505724,1.27369,4.09879,4.16196,3.54409,0.038,0.0376644,-0.0081654,29.1241,0,0,0,0,0,0,0,1,0,0,0,0,0,0,0,0
3.69774e+08,-0.736353,1.91759,9.77763,11.0655,-4.82652,4.54022,-4.63775,-4.2266,1.24735,1.00409,1.12888,16.4696,16.5249,0.038,0.0378756,0.00414623,29.1535,0,0,0,0,0,0,0,1,0,0,0,0,0,0,0,0
3.69795e+08,0.367246,0.417148,10.1328,2.35589,-25.6498,4.12335,-25.6789,2.07393,24.6135,1.2447,24.5894,3.80359,3.90871,0.032,0.0343142,-0.00549101,29.1594,0,0,0,0,0,0,0,1,0,0,0,0,0,0,0,0
3.69816e+08,0.806565,0.573695,9.35865,3.49498,-22.3521,3.64641,-22.3731,4.91662,24.3997,1.84644,24.4069,0.612749,0.668834,0.032,0.0320966,-0.0143126,29.1476,0,0,0,0,0,0,0,1,0,0,0,0,0,0,0,0
3.69837e+08,0.405447,0.431598,9.07149,2.72122,-8.74944,3.3278,-10.2342,2.55623,12.1168,2.36928,13.9242,-4.52222,-4.85093,0.032,0.0318186,-0.0227714,29.1624,0,0,0,0,0,0,0,1,0,0,0,0,0,0,0,0
3.69858e+08,0.195405,0.116096,9.78818,0.67941,-0.948134,2.97281,-1.01976,1.14359,4.95293,2.54352,4.97383,3.7421,3.67119,0.035,0.0339735,-0.0234734,29.13,0,0,0,0,0,0,0,1,0,0,0,0,0,0,0,0
3.69879e+08,0.178624,0.354529,9.73397,2.08555,9.10882,2.97263,9.08667,1.0506,8.58645,2.41288,8.53363,10.6284,10.6112,0.035,0.0347083,-0.0172809,29.1329,0,0,0,0,0,0,0,1,0,0,0,0,0,0,0,0
3.699e+08,0.753926,0.959041,9.66084,5.65216,6.36616,3.24279,6.41858,4.44054,5.84807,2.5424,5.87574,12.0088,11.9122,0.035,0.0347606,-0.0223549,29.1094,0,0,0,0,0,0,0,1,0,0,0,0,0,0,0,0
3.69921e+08,0.45308,0.879563,10.0551,4.99415,-6.83953,3.34084,-3.92668,2.57019,10.4961,2.82602,7.58741,3.45859,5.57589,0.034,0.0340208,-0.0183055,29.1035,0,0,0,0,0,0,0,1,0,0,0,0,0,0,0,0
3.69942e+08,-0.0121012,-0.731665,10.1503,-4.12294,-17.1829,3.14825,-17.2669,-0.0681318,17.6986,3.06149,17.2278,-9.39014,-9.78378,0.034,0.0336796,-0.0393356,29.13,0,0,0,0,0,0,0,1,0,0,0,0,0,0,0,0
3.69963e+08,0.673048,-0.151238,10.0485,-0.860353,-13.6859,2.83053,-13.6728,3.83151,-0.578505,3.34269,-0.588839,8.13429,8.02319,0.034,0.0335178,-0.057614,29.1418,0,0,0,0,0,0,0,1,0,0,0,0,0,0,0,0
3.69984e+08,1.12891,0.609821,10.0161,3.46224,4.2517,2.74222,4.26297,6.41888,-5.19925,3.24908,-5.29116,7.01966,7.2014,0.035,0.0343786,-0.0484956,29.1418,0,0,0,0,0,0,0,1,0,0,0,0,0,0,0,0
3.70005e+08,1.15041,0.571286,10.0113,3.2447,5.68197,2.84984,6.08819,6.54467,-2.9516,3.32893,-3.43759,-2.98957,-1.72884,0.035,0.0345719,-0.0422862,29.1712,0,0,0,0,0,0,0,1,0,0,0,0,0,0,0,0
3.70026e+08,0.773129,0.597779,9.95702,3.4254,-0.345687,2.96285,-0.320704,4.43196,-4.49441,3.39869,-4.49696,-4.51498,-4.52084,0.035,0.0346251,-0.0360875,29.1476,0,0,0,0,0,0,0,1,0,0,0,0,0,0,0,0
3.70047e+08,0.596491,0.373796,10.3676,2.06147,-2.30687,2.88304,-2.31833,3.29071,-3.66772,3.35624,-3.6756,-4.10032,-4.1051,0.035,0.0346682,-0.0282861,29.1094,0,0,0,0,0,0,0,1,0,0,0,0,0,0,0,0
3.70068e+08,0.479443,0.530343,9.9453,3.04893,5.48065,2.87529,5.42789,2.75607,-3.0121,3.26814,-3.01239,-8.15454,-8.1165,0.035,0.0347457,-0.0184486,29.1271,0,0,0,0,0,0,0,1,0,0,0,0,0,0,0,0
3.70089e+08,1.3391,0.419556,9.01368,2.63611,18.5191,3.08332,17.3812,8.4412,-29.9032,3.18039,-25.6236,-11.3787,-10.9632,0.035,0.0347315,-0.0271302,29.1271,0,0,0,0,0,0,0,1,0,0,0,0,0,0,0,0
3.70171e+08,0.441335,0.181123,9.98513,1.03818,0.751898,3.73097,0.720239,2.53036,-9.72179,0.364114,-9.66052,-18.8234,-18.6888,0.03,0.0298511,-0.0267778,29.1447,0,0,0,0,0,0,0,1,0,0,0,0,0,0,0,0
3.70191e+08,-0.829004,0.207616,9.22652,1.28389,21.1177,3.66781,21.0018,-5.13295,-13.9736,-0.0383345,-13.9933,-19.2969,-19.4162,0.03,0.0297587,-0.0296452,29.1594,0,0,0,0,0,0,0,1,0,0,0,0,0,0,0,0
3.70211e+08,-0.315915,1.27695,9.46996,7.67536,29.0108,4.35965,29.0857,-1.89354,-6.01936,-0.48351,-6.04681,8.97794,8.78655,0.035,0.0315051,-0.0319679,29.1624,0,0,0,0,0,0,0,1,0,0,0,0,0,0,0,0
3.70232e+08,-0.21808,1.51298,9.56997,8.9816,-5.97719,4.98185,-1.09737,-1.28942,5.26978,-0.624563,1.04197,1.8766,3.51502,0.035,0.0343722,-0.0209314,29.1594,0,0,0,0,0,0,0,1,0,0,0,0,0,0,0,0
3.70273e+08,0.133196,0.56647,10.2092,3.1756,4.09035,4.52521,0.806008,0.74633,-2.94331,-0.162227,0.36633,0.330436,-0.221941,0.033,0.0339544,-0.0283241,29.1447,0,0,0,0,0,0,0,1,0,0,0,0,0,0,0,0
3.70293e+08,-0.280021,1.00239,9.50748,6.01598,5.02669,4.60126,6.32109,-1.67774,-4.44927,-0.250785,-5.51784,0.49581,0.787787,0.033,0.0328326,-0.0280648,29.2094,0,0,0,0,0,0,0,1,0,0,0,0,0,0,0,0
3.70313e+08,-0.139067,0.742284,9.77998,4.33989,-1.61901,4.69019,-1.39365,-0.812327,2.28713,-0.374056,1.78075,-0.100735,0.0399425,0.033,0.0326958,-0.0302703,29.1476,0,0,0,0,0,0,0,1,0,0,0,0,0,0,0,0
3.70333e+08,-0.0244649,0.795269,9.64226,4.71492,0.902253,4.65529,0.603011,-0.144882,-0.176512,-0.343109,0.367481,-0.00857162,-0.00044682,0.036,0.0337858,-0.0251338,29.1418,0,0,0,0,0,0,0,1,0,0,0,0,0,0,0,0
3.70375e+08,-0.0411751,0.77841,9.76808,4.55618,0.121531,4.68421,0.116745,-0.240753,0.235837,-0.327445,0.237379,0.00687468,0.00200441,0.036,0.0357371,-0.0177451,29.1712,0,0,0,0,0,0,0,1,0,0,0,0,0,0,0,0
3.70395e+08,-0.141456,0.747101,9.72063,4.39449,-0.108608,4.68177,-0.106426,-0.831265,0.326584,-0.342739,0.326277,-0.160653,-0.159299,0.036,0.0357517,-0.0183009,29.1594,0,0,0,0,0,0,0,1,0,0,0,0,0,0,0,0
3.70415e+08,-0.0913044,0.723016,9.79415,4.22181,0.227911,4.66053,0.223148,-0.532666,-0.13265,-0.355463,-0.129316,-0.0378978,-0.0434106,0.036,0.0357549,-0.0174936,29.1476,0,0,0,0,0,0,0,1,0,0,0,0,0,0,0,0
3.70435e+08,-0.0841603,0.79286,9.72778,4.65941,0.180272,4.66994,0.185893,-0.494046,0.265192,-0.373898,0.260657,-0.0834627,-0.0821608,0.036,0.0357624,-0.0165909,29.1476,0,0,0,0,0,0,0,1,0,0,0,0,0,0,0,0
3.70455e+08,-0.0698493,0.850662,9.70411,5.00961,-0.124816,4.67668,-0.125699,-0.410827,0.385441,-0.362546,0.388669,-0.235557,-0.228165,0.034,0.0345638,-0.0205209,29.1329,0,0,0,0,0,0,0,1,0,0,0,0,0,0,0,0
3.70475e+08,-0.0555095,0.804902,9.76101,4.71392,0.302041,4.68118,0.302328,-0.324728,-0.255807,-0.353182,-0.254324,-0.0824575,-0.0802579,0.034,0.0338221,-0.02151,29.1624,0,0,0,0,0,0,0,1,0,0,0,0,0,0,0,0
3.70496e+08,-0.0960981,0.788044,9.73965,4.62555,-0.171666,4.68539,-0.171334,-0.56346,0.598712,-0.361102,0.59654,-0.143038,-0.147628,0.034,0.0337453,-0.0213034,29.1535,0,0,0,0,0,0,0,1,0,0,0,0,0,0,0,0
3.70516e+08,-0.0746036,0.773593,9.78709,4.51926,0.073074,4.66384,0.0730509,-0.435379,0.0932248,-0.360209,0.0941602,-0.111994,-0.110072,0.036,0.0344737,-0.0178464,29.1624,0,0,0,0,0,0,0,1,0,0,0,0,0,0,0,0
3.70536e+08,-0.103259,0.77841,9.64467,4.61401,0.132936,4.65722,0.136222,-0.611416,0.139093,-0.368835,0.134991,-0.0201874,-0.0194362,0.036,0.0356406,-0.0147925,29.1359,0,0,0,0,0,0,0,1,0,0,0,0,0,0,0,0
3.70556e+08,-0.0459716,0.853071,9.71359,5.01892,-0.111467,4.66863,-0.111135,-0.270122,0.306098,-0.361488,0.307233,-0.126623,-0.1266,0.036,0.0357614,-0.0151032,29.1594,0,0,0,0,0,0,0,1,0,0,0,0,0,0,0,0
3.70576e+08,-0.0602819,0.79286,9.76337,4.64258,0.178192,4.68023,0.343749,-0.352596,0.0612473,-0.346854,0.0293086,-0.0499122,-0.038118,0.034,0.0345755,-0.0184803,29.1565,0,0,0,0,0,0,0,1,0,0,0,0,0,0,0,0
3.70597e+08,-0.0793725,0.749509,9.70633,4.41539,-0.0661236,4.67693,-0.186643,-0.467129,0.274584,-0.350008,0.228602,-0.0495178,-0.0954045,0.034,0.0338318,-0.0204896,29.1888,0,0,0,0,0,0,0,1,0,0,0,0,0,0,0,0
3.70618e+08,-0.117579,0.751917,9.7586,4.40572,0.0560338,4.66447,0.0563169,-0.688267,0.136242,-0.363532,0.135712,-0.0950483,-0.0949649,0.034,0.0337491,-0.0203713,29.1506,0,0,0,0,0,0,0,1,0,0,0,0,0,0,0,0
3.70638e+08,-0.0984806,0.768776,9.71113,4.52612,0.162192,4.65896,0.163071,-0.579205,0.135978,-0.375586,0.134788,-0.155884,-0.153589,0.035,0.0343444,-0.018625,29.1594,0,0,0,0,0,0,0,1,0,0,0,0,0,0,0,0
3.70658e+08,-0.0674534,0.821761,9.74918,4.81798,0.0549672,4.66989,0.0546634,-0.395016,0.333713,-0.379441,0.33308,-0.109655,-0.108968,0.035,0.034719,-0.0169087,29.1859,0,0,0,0,0,0,0,1,0,0,0,0,0,0,0,0
3.70678e+08,-0.0316338,0.814536,9.761,4.77014,0.115658,4.67696,0.115931,-0.185042,0.180184,-0.36801,0.182177,-0.0634643,-0.0620889,0.035,0.0347632,-0.0161485,29.1476,0,0,0,0,0,0,0,1,0,0,0,0,0,0,0,0
3.70699e+08,-0.0913198,0.77841,9.78237,4.5494,0.222103,4.6814,0.219793,-0.533163,0.10358,-0.367338,0.101829,-0.0326153,-0.036121,0.035,0.0347732,-0.0151612,29.1829,0,0,0,0,0,0,0,1,0,0,0,0,0,0,0,0
3.7072e+08,-0.129523,0.768776,9.72303,4.52043,0.0233643,4.6777,0.0248166,-0.76083,0.209939,-0.376337,0.20931,-0.00193858,-0.00330312,0.035,0.0347772,-0.0151242,29.1565,0,0,0,0,0,0,0,1,0,0,0,0,0,0,0,0
3.70741e+08,-0.0817624,0.756734,9.78232,4.42328,0.175644,4.67335,0.173469,-0.477451,-0.0809968,-0.390124,0.283617,-0.0320611,-0.0940141,0.035,0.034774,-0.015878,29.1712,0,0,0,0,0,0,0,1,0,0,0,0,0,0,0,0
3.70762e+08,-0.0650482,0.759143,9.7467,4.45351,0.0834125,4.66739,0.0839743,-0.381224,0.14781,-0.395913,0.146332,-0.199896,-0.189688,0.032,0.0325282,-0.0219825,29.1506,0,0,0,0,0,0,0,1,0,0,0,0,0,0,0,0
3.70783e+08,-0.0555115,0.812128,9.75627,4.75835,0.037461,4.67243,0.0376948,-0.324876,0.162255,-0.389255,0.16259,-0.138542,-0.13446,0.032,0.0318151,-0.0230211,29.1565,0,0,0,0,0,0,0,1,0,0,0,0,0,0,0,0
3.70804e+08,-0.0674467,0.797677,9.72065,4.69107,0.0219468,4.67465,0.022508,-0.396209,-0.0670836,-0.384348,-0.0644563,-0.18379,-0.182977,0.032,0.0317405,-0.0230441,29.1271,0,0,0,0,0,0,0,1,0,0,0,0,0,0,0,0
3.70825e+08,-0.0865468,0.788044,9.71115,4.63911,0.15877,4.6709,0.20445,-0.50894,0.00902486,-0.388483,0.114531,-0.0305424,-0.320924,0.035,0.033983,-0.0159418,29.1594,0,0,0,0,0,0,0,1,0,0,0,0,0,0,0,0
3.70846e+08,-0.100863,0.749509,9.73959,4.40028,0.265348,4.66147,0.263836,-0.591584,0.131224,-0.399781,0.129711,-0.0606742,-0.0614992,0.035,0.0347369,-0.0129126,29.1594,0,0,0,0,0,0,0,1,0,0,0,0,0,0,0,0
3.70866e+08,-0.115206,0.804902,9.71833,4.73428,0.00480735,4.66597,0.00720436,-0.676862,0.131103,-0.411585,0.127589,-0.0299218,-0.0345453,0.035,0.0347892,-0.0125561,29.1447,0,0,0,0,0,0,0,1,0,0,0,0,0,0,0,0
3.70887e+08,-0.100876,0.795269,9.78478,4.64632,0.00523961,4.6655,0.0020227,-0.588727,0.404949,-0.409565,0.401135,0.0160483,0.00919827,0.034,0.0339516,-0.0144942,29.1388,0,0,0,0,0,0,0,1,0,0,0,0,0,0,0,0
3.70908e+08,-0.0292232,0.73265,9.69914,4.31976,0.157866,4.65542,0.15693,-0.172139,0.22098,-0.402501,0.218893,0.0469333,0.0399672,0.034,0.0338008,-0.0150076,29.1506,0,0,0,0,0,0,0,1,0,0,0,0,0,0,0,0
3.70929e+08,-0.155806,0.831395,9.76351,4.86657,0.231653,4.6637,0.423981,-0.910953,-0.0381203,-0.410903,-0.207419,-0.120719,0.127221,0.034,0.0337763,-0.0164205,29.1271,0,0,0,0,0,0,0,1,0,0,0,0,0,0,0,0
3.7095e+08,-0.0698292,0.77841,9.76098,4.55941,0.703595,4.66199,0.701391,-0.408585,0.860599,-0.41519,0.861497,-0.16594,-0.170559,0.033,0.0328674,-0.0186515,29.1712,0,0,0,0,0,0,0,1,0,0,0,0,0,0,0,0
3.70971e+08,-0.0459448,0.756734,9.67308,4.47314,1.76802,4.67508,1.76416,-0.27131,0.918621,-0.397176,0.914829,-0.104782,-0.0958344,0.033,0.0327671,-0.0196291,29.1947,0,0,0,0,0,0,0,1,0,0,0,0,0,0,0,0
3.70992e+08,-0.0435576,0.759143,10.0197,4.33269,0.297083,4.67635,0.300295,-0.248362,0.442512,-0.379357,0.443115,-0.363467,-0.362957,0.033,0.0327573,-0.0177429,29.1476,0,0,0,0,0,0,0,1,0,0,0,0,0,0,0,0
3.71013e+08,0.142686,0.788044,9.35007,4.81707,2.76712,4.6549,1.95698,0.871201,0.852203,-0.318546,0.743827,-0.42255,-0.577399,0.035,0.0345983,-0.00997969,29.1771,0,0,0,0,0,0,0,1,0,0,0,0,0,0,0,0
3.71034e+08,-0.0245982,1.27454,9.79498,7.41377,1.89826,4.84587,1.92208,-0.142684,-0.799066,-0.245078,-0.784208,-0.115372,-0.126041,0.035,0.034758,-0.0161271,29.1624,0,0,0,0,0,0,0,1,0,0,0,0,0,0,0,0
3.71054e+08,-0.248959,0.93014,10.1579,5.23033,-1.4149,4.93163,-1.22771,-1.39813,-0.672213,-0.288753,-0.951486,-0.023626,0.0196436,0.036,0.0347799,-0.00974042,29.1476,0,0,0,0,0,0,0,1,0,0,0,0,0,0,0,0
3.71074e+08,-0.2751,0.477358,9.72506,2.80901,-0.831545,4.83081,-0.825924,-1.61839,0.79296,-0.3867,0.791437,-0.145803,-0.13939,0.036,0.0357708,-0.00384373,29.1388,0,0,0,0,0,0,0,1,0,0,0,0,0,0,0,0
3.71095e+08,-0.303722,0.364163,9.80563,2.12586,-0.246815,4.63949,-0.257877,-1.77291,0.667094,-0.459833,0.673001,-0.358791,-0.350366,0.036,0.0358429,-0.00391559,29.1653,0,0,0,0,0,0,0,1,0,0,0,0,0,0,0,0
3.71116e+08,-0.0126027,1.07224,9.58808,6.38088,2.00678,4.62373,2.251,-0.0748439,-0.555048,-0.488789,-0.411981,0.145281,0.167645,0.035,0.0354753,-0.00828367,29.1947,0,0,0,0,0,0,0,1,0,0,0,0,0,0,0,0
3.71137e+08,0.187947,1.1758,9.7329,6.88705,0.307677,4.77935,0.345104,1.09829,0.972848,-0.446015,0.413688,-0.129828,0.0470846,0.035,0.0348778,-0.00995503,29.1888,0,0,0,0,0,0,0,1,0,0,0,0,0,0,0,0
3.71158e+08,0.230978,0.995167,9.7397,5.8324,-0.196734,4.90374,-0.194056,1.35149,1.05985,-0.294913,1.06312,-0.0682527,-0.0731237,0.035,0.0348066,-0.0102037,29.1565,0,0,0,0,0,0,0,1,0,0,0,0,0,0,0,0
3.71178e+08,-0.0292292,0.754326,9.80602,4.39878,-0.499425,4.88067,-0.503904,-0.17028,0.064029,-0.233951,0.072614,-0.250759,-0.253359,0.035,0.0348046,-0.00936875,29.1771,0,0,0,0,0,0,0,1,0,0,0,0,0,0,0,0
3.71198e+08,-0.270366,0.629088,9.70156,3.70866,1.04192,4.81194,1.03917,-1.59298,-0.57563,-0.291006,-0.579125,-0.204029,-0.205391,0.035,0.0348122,-0.00915637,29.18,0,0,0,0,0,0,0,1,0,0,0,0,0,0,0,0
3.71218e+08,-0.275167,0.7182,9.67559,4.24346,0.184296,4.77288,0.185583,-1.62454,0.0973623,-0.389581,0.0958313,-0.12711,-0.129016,0.035,0.0348074,-0.0107179,29.1712,0,0,0,0,0,0,0,1,0,0,0,0,0,0,0,0
3.71239e+08,-0.093717,0.812128,9.7658,4.75358,0.808562,4.75835,0.806764,-0.547928,-0.146972,-0.430137,-0.147477,-0.0350609,-0.0389608,0.035,0.0348009,-0.0112547,29.1565,0,0,0,0,0,0,0,1,0,0,0,0,0,0,0,0
3.7126e+08,-0.0435924,0.88438,9.79437,5.15947,0.332515,4.79355,0.333216,-0.253975,0.509908,-0.430517,0.503673,-0.0655164,-0.0637642,0.035,0.0348067,-0.00951049,29.1712,0,0,0,0,0,0,0,1,0,0,0,0,0,0,0,0
3.71281e+08,0.0662529,0.867521,9.7064,5.10719,-0.415462,4.83292,-0.412782,0.389525,0.82671,-0.370606,1.0078,-0.324635,-0.177422,0.035,0.0348092,-0.00938701,29.1506,0,0,0,0,0,0,0,1,0,0,0,0,0,0,0,0
3.71302e+08,-0.0602839,0.800086,9.65891,4.73513,-0.0475612,4.83127,-0.0505751,-0.356373,0.106925,-0.318813,0.111304,-0.0795878,-0.0863959,0.035,0.0348064,-0.0102629,29.1859,0,0,0,0,0,0,0,1,0,0,0,0,0,0,0,0
3.71323e+08,-0.146233,0.751917,9.64467,4.45737,0.150333,4.82159,0.151539,-0.866026,0.137728,-0.340761,0.134701,0.0124308,0.00936798,0.035,0.0347959,-0.0123005,29.1859,0,0,0,0,0,0,0,1,0,0,0,0,0,0,0,0
3.71344e+08,-0.115198,0.776002,9.818,4.51888,0.104163,4.80427,0.102396,-0.670148,-0.213601,-0.360136,-0.209184,-0.0483093,-0.0503993,0.035,0.0347931,-0.0115323,29.18,0,0,0,0,0,0,0,1,0,0,0,0,0,0,0,0
3.71365e+08,-0.0985081,0.867521,9.73503,5.09211,0.437993,4.80371,0.489971,-0.577464,-0.349397,-0.381891,-0.335312,-0.0481268,0.0365367,0.035,0.0347948,-0.0118231,29.1565,0,0,0,0,0,0,0,1,0,0,0,0,0,0,0,0
3.71386e+08,-0.0125505,0.88438,9.75635,5.17951,-0.020551,4.82892,-0.0242923,-0.0734039,0.13934,-0.376347,0.140505,-0.0936626,-0.0982235,0.035,0.0347954,-0.0112594,29.1565,0,0,0,0,0,0,0,1,0,0,0,0,0,0,0,0
3.71407e+08,-0.0865669,0.860296,9.74925,5.04265,-0.265109,4.84562,-0.260332,-0.506766,0.215388,-0.366609,0.213593,-0.0629249,-0.0649445,0.035,0.0347986,-0.0106602,29.1271,0,0,0,0,0,0,0,1,0,0,0,0,0,0,0,0
3.71428e+08,-0.100865,0.756734,9.7491,4.43822,-0.645217,4.82981,-0.642348,-0.590989,0.626057,-0.362449,0.623721,-0.15435,-0.15265,0.036,0.0356441,-0.00832366,29.1624,0,0,0,0,0,0,0,1,0,0,0,0,0,0,0,0
3.71449e+08,-0.0984799,0.766368,9.6494,4.54074,0.302157,4.79177,0.388144,-0.582894,-0.0174429,-0.359945,0.125407,0.0139383,0.0262943,0.036,0.0357973,-0.00868394,29.1771,0,0,0,0,0,0,0,1,0,0,0,0,0,0,0,0
3.7147e+08,-0.0435817,0.845846,9.75157,4.95735,0.0116425,4.7883,0.00933174,-0.255107,-0.245795,-0.361489,-0.245216,-0.0775861,-0.0768885,0.036,0.0358053,-0.00984402,29.1741,0,0,0,0,0,0,0,1,0,0,0,0,0,0,0,0
3.7149e+08,0.0137211,0.865113,9.71594,5.08823,0.575408,4.81642,0.575658,0.0805957,-0.0618882,-0.355674,-0.0621891,0.105906,0.0988522,0.035,0.0348945,-0.0130731,29.1682,0,0,0,0,0,0,0,1,0,0,0,0,0,0,0,0
3.71511e+08,0.00895546,0.828987,9.75387,4.85792,-0.523723,4.83581,-0.525701,0.0524168,0.334854,-0.33324,0.330173,-0.24482,-0.245397,0.035,0.0347949,-0.0129918,29.1594,0,0,0,0,0,0,0,1,0,0,0,0,0,0,0,0
3.71532e+08,-0.0746076,0.788044,9.69215,4.64821,0.499109,4.82984,0.500755,-0.439588,-0.123729,-0.333146,-0.122825,-0.0307976,-0.0313422,0.035,0.0347843,-0.0135185,29.1653,0,0,0,0,0,0,0,1,0,0,0,0,0,0,0,0
3.71553e+08,-0.108041,0.802494,9.78005,4.69057,-0.295344,4.82856,-0.427453,-0.630808,0.440236,-0.345838,0.663321,-0.168103,-0.0286148,0.035,0.0347788,-0.0139174,29.1271,0,0,0,0,0,0,0,1,0,0,0,0,0,0,0,0
3.71574e+08,-0.105658,0.816945,9.7397,4.79434,0.482936,4.81403,0.484315,-0.619353,-0.0341091,-0.348531,-0.0337305,-0.0455875,-0.043479,0.035,0.0347824,-0.0132593,29.1682,0,0,0,0,0,0,0,1,0,0,0,0,0,0,0,0
3.71595e+08,-0.0268722,0.865113,9.68036,5.10682,0.236708,4.83804,0.240517,-0.158418,0.454051,-0.338407,0.452243,-0.121729,-0.123746,0.036,0.0351442,-0.0129594,29.1476,0,0,0,0,0,0,0,1,0,0,0,0,0,0,0,0
3.71615e+08,0.0137291,0.836212,9.73963,4.90718,0.190937,4.84804,0.186492,0.0804689,0.223609,-0.3097,0.221357,-0.197676,-0.191661,0.036,0.0357242,-0.011009,29.1653,0,0,0,0,0,0,0,1,0,0,0,0,0,0,0,0
3.71636e+08,-0.0626884,0.860296,9.63527,5.10208,0.388147,4.86074,0.389018,-0.371292,-0.356875,-0.306672,-0.351566,-0.0599334,-0.0564715,0.036,0.0357852,-0.0115311,29.1565,0,0,0,0,0,0,0,1,0,0,0,0,0,0,0,0
3.71657e+08,-0.105645,0.771185,9.73963,4.52697,0.0362411,4.85872,-0.00873457,-0.619518,0.376281,-0.323442,0.0418547,-0.212281,-0.0755789,0.033,0.0346944,-0.0149597,29.1565,0,0,0,0,0,0,0,1,0,0,0,0,0,0,0,0
3.71678e+08,-0.0961102,0.831395,9.71123,4.89302,0.402069,4.84321,0.401707,-0.56496,0.48188,-0.339148,0.479241,-0.0742487,-0.0783916,0.033,0.032874,-0.0201416,29.1565,0,0,0,0,0,0,0,1,0,0,0,0,0,0,0,0
3.71698e+08,-0.0841703,0.828987,9.72309,4.87305,0.309067,4.84432,0.309665,-0.49419,0.129994,-0.342684,0.131093,-0.211503,-0.196584,0.033,0.0327531,-0.0205079,29.1712,0,0,0,0,0,0,0,1,0,0,0,0,0,0,0,0
3.71718e+08,-0.0388027,0.833803,9.69219,4.91692,0.338758,4.85309,0.335285,-0.228538,0.114073,-0.336374,0.113532,-0.165284,-0.164979,0.036,0.0345372,-0.0150181,29.1594,0,0,0,0,0,0,0,1,0,0,0,0,0,0,0,0
3.71738e+08,-0.0722525,0.906056,9.68284,5.34565,0.352404,4.88121,0.354189,-0.425669,0.114057,-0.330405,0.113975,-0.0732285,-0.0726016,0.036,0.0356545,-0.0119449,29.1594,0,0,0,0,0,0,0,1,0,0,0,0,0,0,0,0
3.71759e+08,-0.10806,0.86993,9.7754,5.08514,0.000254154,4.89922,0.00344431,-0.630845,0.128868,-0.334088,0.129702,-0.103654,-0.0974575,0.036,0.0357733,-0.011402,29.1888,0,0,0,0,0,0,0,1,0,0,0,0,0,0,0,0
3.7178e+08,-0.108042,0.804902,9.76818,4.71027,0.0465548,4.88396,0.0441646,-0.63156,-0.0852039,-0.349615,-0.0822882,0.140901,0.133182,0.036,0.0357909,-0.0106266,29.1653,0,0,0,0,0,0,0,1,0,0,0,0,0,0,0,0
3.71801e+08,-0.148643,0.833803,9.72077,4.902,0.121814,4.87011,0.23233,-0.872854,0.25035,-0.36619,0.0848396,-0.0274689,0.13453,0.036,0.0357935,-0.010924,29.1565,0,0,0,0,0,0,0,1,0,0,0,0,0,0,0,0
