timestamp_us,AccX,AccY,AccZ,Roll_Acc,Roll_Gyr,Roll_Kalman,RollRate_Kalman,Pitch_Acc,Pitch_Gyr,Pitch_Kalman,PitchRate_Kalman,YawRate_Gyr,YawRate_Kalman,Alt_ToF,Alt_Kalman,Vz_Kalman,temp,PosX,PosY,VelX,VelY,TiltCmdPitch,TiltCmdRoll,InnovV,Salud
5.29488e+07,0.921317,0.0847868,9.79225,0.493905,-0.174151,0.576647,-0.172073,5.37473,-0.0978055,4.97069,-0.0957104,-0.115585,-0.10881,0.037,0.0367769,-0.0113758,43.5006,-2.98773,1.23628,-0.105048,0.0122405,0,0,0.101585,0
5.29688e+07,0.83295,0.147406,9.86603,0.852943,-0.143653,0.578516,-0.139207,4.82528,-0.0367122,4.97787,-0.0360905,-0.0850769,-0.0774015,0.038,0.0373763,-0.00990442,43.5035,-2.98697,1.23532,-0.122065,0.0142111,0,0,0.11867,0
5.29888e+07,0.775644,0.14018,9.84707,0.813074,0.024323,0.588089,0.0234371,4.50338,-0.0820985,4.95556,-0.0821389,-0.0238148,-0.0186597,0.038,0.0377485,-0.00920883,43.4771,-2.98658,1.23435,-0.139043,0.0162095,0,0,0.135798,0
5.30098e+07,0.816249,0.0968289,9.91107,0.55786,0.0394928,0.595961,0.0395048,4.70788,0.162138,4.93675,0.161257,0.0677735,0.0662865,0.038,0.0377892,-0.00887064,43.4918,-2.9865,1.23348,-0.155938,0.0182376,0,0,0.15255,0
5.30308e+07,0.864,0.118505,9.91581,0.682129,0.115834,0.598144,0.053629,4.97945,-0.0217109,4.93931,0.0719566,-0.0852108,0.00728756,0.037,0.0371953,-0.0107834,43.4859,-2.98674,1.23269,-0.172821,0.0202812,0,0,0.169239,0
5.30508e+07,0.849689,0.0607027,9.84213,0.352065,-0.0369096,0.597179,0.0688248,4.93412,0.0851483,4.94394,0.00938544,-0.069896,-0.101685,0.037,0.0368202,-0.0123139,43.5035,-2.98735,1.23187,-0.18972,0.0223318,0,0,0.186318,0
5.30718e+07,0.906995,0.0679279,9.92282,0.390591,-0.0217268,0.586602,-0.0205673,5.22248,-0.0218668,4.95223,-0.0209744,0.0830183,0.0739838,0.037,0.0367748,-0.0126694,43.4829,-2.98854,1.2309,-0.210016,0.0247582,0,0,0.2032,0
5.30918e+07,0.880719,0.104054,9.89441,0.600154,-0.0524795,0.583148,-0.0503891,5.08631,0.0391431,4.96264,0.0362447,0.14378,0.150231,0.038,0.0375207,-0.0103838,43.4653,-2.98985,1.23028,-0.226971,0.0267591,0,0,0.220126,0
5.31118e+07,0.85684,0.104054,9.83745,0.603729,-0.0676591,0.576192,-0.0667503,4.97762,-0.128806,4.97019,-0.126451,-0.146444,-0.137557,0.038,0.0377601,-0.00973127,43.4976,-2.99155,1.22958,-0.243954,0.0287406,0,0,0.237183,0
5.31318e+07,0.837739,0.0992373,9.86595,0.574228,-0.052256,0.577503,-0.0513811,4.85322,-0.158899,4.97014,-0.157455,-0.0854858,-0.0778729,0.038,0.0377831,-0.0100439,43.4976,-2.99355,1.22898,-0.260955,0.0307141,0,0,0.254289,0
5.31528e+07,0.859231,0.0944205,9.86592,0.546257,-0.0215007,0.578973,-0.0221053,4.97715,0.085644,4.96587,0.0835652,-0.100753,-0.0951904,0.037,0.037184,-0.0124261,43.4682,-2.99591,1.22838,-0.277934,0.0326986,0,0,0.271255,0
5.31738e+07,0.871175,0.0775616,9.89675,0.447293,-0.128358,0.576251,-0.12571,5.03042,0.0243433,4.96377,0.0260843,0.0823796,0.079145,0.037,0.0368093,-0.0135543,43.5094,-2.99859,1.22788,-0.294905,0.0346769,0,0,0.288076,0
5.31948e+07,0.856828,0.147406,9.90162,0.849725,0.115861,0.578965,-0.0054048,4.94518,0.00899601,4.96919,0.0242717,0.0210872,0.0311577,0.037,0.0367677,-0.0140829,43.5182,-3,1.2274,-0.311885,0.0366518,0,0,0.305044,0
5.32158e+07,0.880717,0.111279,9.89679,0.64167,0.0700235,0.588527,0.0685106,5.08504,-0.0672662,4.97383,-0.0646506,0.0364895,0.0337315,0.038,0.0375103,-0.0117514,43.4741,-3,1.22681,-0.332282,0.0390639,0,0,0.322111,0
5.32358e+07,0.906983,0.111279,9.90864,0.640757,-0.18942,0.587678,-0.18562,5.22964,-0.0672901,4.98417,-0.0669576,0.051672,0.0476356,0.038,0.0377499,-0.0108428,43.5035,-3,1.2264,-0.349303,0.0410786,0,0,0.339061,0
5.32558e+07,0.892647,0.142589,9.84698,0.826224,-0.0672092,0.590684,-0.0651635,5.17928,0.0701389,4.98745,0.066974,0.0362957,0.0453819,0.038,0.0377742,-0.0112673,43.4947,-3,1.22604,-0.366349,0.0430869,0,0,0.356126,0
5.32758e+07,0.847284,0.123321,9.88497,0.712154,0.0396608,0.59098,0.0405149,4.89872,-0.143759,4.99017,-0.141387,0.0361385,0.036774,0.037,0.0370268,-0.0134705,43.4829,-3,1.22573,-0.383404,0.0451088,0,0,0.373121,0
5.32958e+07,0.856833,0.130547,9.85174,0.756335,0.100523,0.597851,0.0958734,4.97023,0.115808,4.98758,0.114318,-0.0861919,-0.0826709,0.037,0.0367884,-0.0141028,43.4653,-3,1.22545,-0.40046,0.047147,0,0,0.390238,0
5.33158e+07,0.840124,0.108871,9.90395,0.627555,-0.0524286,0.595643,-0.0520789,4.84834,-0.0825915,4.9795,-0.0814561,0.00560868,0.00819147,0.037,0.0367655,-0.0135712,43.4771,-3,1.22515,-0.417497,0.0491891,0,0,0.407256,0
5.33358e+07,0.878328,0.116096,9.86356,0.671694,-0.0521214,0.596137,-0.0552879,5.08828,0.0242913,4.98114,0.0262597,0.0209754,0.0234956,0.037,0.0367639,-0.0136448,43.4682,-3,1.2249,-0.434523,0.0512277,0,0,0.424359,0
5.33558e+07,0.883103,0.116096,9.92054,0.667839,0.100551,0.599335,0.100518,5.08658,-0.0366309,4.97998,-0.0349465,0.0209159,0.0222122,0.037,0.036764,-0.0134119,43.4859,-3,1.22474,-0.451552,0.0532761,0,0,0.441353,0
5.33758e+07,0.887878,0.118505,9.86593,0.685405,0.0545186,0.60497,0.0548022,5.14207,0.024462,4.979,0.0239077,0.066707,0.0627205,0.037,0.0367646,-0.0135849,43.4947,-3,1.2246,-0.468572,0.0553388,0,0,0.458422,0
5.33958e+07,0.890269,0.106463,9.91577,0.612679,0.0391068,0.606058,0.0390796,5.13015,-0.00619459,4.98359,-0.00702062,0.0359062,0.0398632,0.037,0.0367644,-0.0133408,43.4918,-3,1.22457,-0.485601,0.057413,0,0,0.47533,0
5.34158e+07,0.890269,0.106463,9.81605,0.618852,0.0543401,0.605688,0.0545183,5.18197,0.0549235,4.98629,0.0548732,0.0203491,0.0252683,0.037,0.0367689,-0.0128432,43.4976,-3,1.22458,-0.502641,0.059493,0,0,0.492412,0
5.34358e+07,0.86401,0.0823784,9.83028,0.478287,0.100217,0.600977,0.0986711,5.0228,0.00909805,4.98826,0.00879922,-0.10176,-0.100302,0.037,0.0367701,-0.0127609,43.5094,-3,1.22453,-0.519689,0.0615599,0,0,0.509452,0
5.34558e+07,0.883107,0.101646,9.90865,0.585415,0.069868,0.594849,0.0695398,5.09276,0.0549972,4.99323,0.0555403,0.0508183,0.0519755,0.037,0.0367677,-0.0128208,43.4918,-3,1.22461,-0.536756,0.0636063,0,0,0.52657,0
5.34758e+07,0.911767,0.0823784,9.88722,0.475349,-0.0827903,0.589154,-0.0798256,5.26854,0.101067,5.0017,0.0981067,0.0660653,0.0691711,0.037,0.0367666,-0.0131366,43.5006,-3,1.22468,-0.553841,0.0656292,0,0,0.543621,0
5.34958e+07,0.902211,0.0968289,9.83502,0.561718,-0.0827523,0.588675,-0.0820986,5.24108,-0.280613,5.01163,-0.276774,0.035548,0.0279742,0.037,0.0367635,-0.0136003,43.5006,-3,1.22477,-0.57096,0.0676396,0,0,0.560702,0
5.35158e+07,0.844909,0.0751532,9.88964,0.433812,-0.143759,0.585904,-0.146025,4.88299,-0.112578,5.00884,-0.107906,-0.0712328,-0.0612231,0.037,0.0367617,-0.0137486,43.4771,-3,1.22487,-0.58809,0.0696493,0,0,0.577928,0
5.35358e+07,0.840133,0.0751532,9.85878,0.435178,0.146428,0.583578,0.143159,4.87065,0.177606,5.00186,0.174348,-0.0863008,-0.0875964,0.037,0.0367619,-0.0136831,43.4947,-3,1.225,-0.605199,0.071658,0,0,0.594905,0
5.35558e+07,0.883104,0.113688,10.0013,0.648749,0.084958,0.585733,0.0849478,5.04576,0.0247502,5.00627,0.021574,-0.0556781,-0.0529254,0.037,0.0367629,-0.013088,43.4918,-3,1.22521,-0.622315,0.0736542,0,0,0.611959,0
5.35758e+07,0.902202,0.130547,9.89681,0.752612,0.146175,0.590754,0.144346,5.20829,0.00917697,5.00711,0.008031,0.00538123,0.0026171,0.037,0.0367676,-0.0126905,43.4712,-3,1.22549,-0.639424,0.0756704,0,0,0.62908,0
5.35958e+07,0.856832,0.135363,9.97283,0.774787,-0.128718,0.596619,-0.125791,4.91015,0.115913,5.00676,0.11532,-0.0861821,-0.0808691,0.037,0.0367696,-0.0121676,43.5006,-3,1.22576,-0.656546,0.0776998,0,0,0.646277,0
5.36158e+07,0.828192,0.0823784,9.89679,0.475243,-0.12879,0.589489,-0.123202,4.78337,0.100719,5.00227,0.0969391,0.0817719,0.0763577,0.037,0.036772,-0.0121177,43.4859,-3,1.22614,-0.673657,0.0797225,0,0,0.66335,0
5.36358e+07,0.86878,0.101646,9.81132,0.591252,0.0851356,0.590192,0.0848143,5.06,0.0393708,4.99985,0.0396596,0.112102,0.107991,0.037,0.0367714,-0.0125202,43.5065,-3,1.22658,-0.690753,0.081738,0,0,0.680451,0
5.36558e+07,0.892663,0.0871952,9.82077,0.506608,0.00860643,0.588442,0.00773732,5.19345,0.11572,5.00284,0.113686,0.0662798,0.0600561,0.037,0.0367705,-0.0126781,43.4976,-3,1.227,-0.70785,0.0837584,0,0,0.69759,0
5.36758e+07,0.892663,0.0847868,9.81839,0.492734,0.0544835,0.586776,0.0529652,5.19471,0.0394104,5.00449,0.0350262,-0.0101013,-0.00949642,0.037,0.0367686,-0.0129623,43.5035,-3,1.22746,-0.724961,0.0857715,0,0,0.714594,0
5.36958e+07,0.861625,0.0727447,9.892,0.41975,-0.00655866,0.580873,-0.00690836,4.97795,-0.00671959,5.00713,-0.00496113,-0.0560575,-0.0513072,0.038,0.0375156,-0.0106162,43.4947,-3,1.228,-0.742081,0.0877706,0,0,0.731826,0
5.37158e+07,0.871161,0.12573,9.86359,0.727471,0.0696207,0.581621,0.0687234,5.04691,0.0239639,5.00885,0.0227556,0.0051986,0.00166156,0.038,0.0377561,-0.00988914,43.5212,-3,1.22851,-0.759202,0.0897615,0,0,0.74889,0
5.37358e+07,0.840132,0.07997,9.91577,0.460427,-0.0374421,0.581053,-0.035679,4.84277,-0.0678082,5.00957,-0.065169,0.112231,0.100778,0.038,0.037781,-0.00979944,43.4947,-3,1.22907,-0.776333,0.0917548,0,0,0.766077,0
5.37558e+07,0.854456,0.0896036,9.9229,0.515459,-0.00689232,0.580296,-0.0083003,4.92137,0.0090425,4.99995,0.00724493,-0.0557899,-0.0525278,0.037,0.0370372,-0.0117363,43.4947,-3,1.22968,-0.793441,0.0937405,0,0,0.783252,0
5.37758e+07,0.854444,0.132955,9.88498,0.767732,0.130491,0.585507,0.12726,4.93985,-0.067122,4.99051,-0.0665575,0.0359993,0.0261844,0.037,0.0367994,-0.0123985,43.4918,-3,1.23031,-0.810512,0.0957302,0,0,0.800367,0
5.37958e+07,0.849671,0.12573,9.88735,0.725872,-0.00705647,0.593914,-0.00645248,4.91126,-0.036442,4.98089,-0.0344252,0.0510008,0.0498349,0.037,0.0367754,-0.0122395,43.4829,-3,1.23108,-0.82755,0.0977512,0,0,0.817429,0
5.38158e+07,0.892668,0.0679279,9.90146,0.391478,0.0540769,0.58943,0.0537664,5.15146,-0.0517955,4.97712,-0.0497555,-0.0558532,-0.0602929,0.037,0.0367752,-0.0119248,43.4976,-3,1.23179,-0.844559,0.0997778,0,0,0.834333,0
5.38358e+07,0.887881,0.108871,9.89678,0.627744,0.0541173,0.585466,0.0517729,5.1262,-0.0518327,4.98297,-0.0497537,-0.0406193,-0.0372015,0.037,0.0367762,-0.0116022,43.5035,-3,1.23259,-0.861585,0.101782,0,0,0.851384,0
5.38558e+07,0.873553,0.113688,9.82795,0.660154,-0.129342,0.591545,-0.126947,5.07902,0.0395138,4.99653,0.0410003,0.218926,0.210572,0.037,0.0367748,-0.0120815,43.4653,-3,1.23346,-0.878652,0.103798,0,0,0.868347,0
5.38758e+07,0.9046,0.0944205,9.85401,0.546689,0.19142,0.594135,0.187324,5.24482,0.0396247,5.00702,0.0355112,-0.0560372,-0.0538659,0.037,0.0367709,-0.0125837,43.5124,-3,1.2343,-0.895759,0.105828,0,0,0.885355,0
5.38958e+07,0.875948,0.0871952,9.87302,0.504024,-0.0225363,0.593857,-0.0228349,5.06989,0.146788,5.0118,0.142364,0.00513315,0.00660054,0.037,0.0367698,-0.0124712,43.5006,-3,1.23518,-0.912887,0.107868,0,0,0.902749,0
5.39158e+07,0.871172,0.0871952,9.88014,0.503685,-0.022446,0.593169,-0.0238938,5.03877,0.146665,5.01198,0.145441,-0.0711498,-0.0691839,0.037,0.0367698,-0.0124024,43.5035,-3,1.23609,-0.930024,0.109899,0,0,0.919769,0
5.39358e+07,0.799531,0.106463,9.90398,0.613879,-0.174918,0.594729,-0.173701,4.61512,-0.21993,5.00221,-0.214915,-0.132056,-0.128552,0.038,0.037369,-0.0105259,43.5153,-3,1.23702,-0.947144,0.111935,0,0,0.93684,0
5.39558e+07,0.890276,0.0823784,9.81602,0.478863,-0.0375104,0.606426,-0.0351601,5.18215,-0.0366631,5.00138,-0.0360148,0.066444,0.0637824,0.038,0.0377445,-0.00933224,43.5094,-3,1.23807,-0.96424,0.114,0,0,0.954009,0
5.39758e+07,0.880731,0.0607027,9.88722,0.350376,0.0237448,0.598838,0.0230968,5.09025,0.0244789,4.9954,0.0250169,0.0966519,0.101172,0.038,0.0377842,-0.00930122,43.4741,-3,1.23922,-0.981322,0.116065,0,0,0.971049,0
5.39958e+07,0.861613,0.116096,9.83034,0.674047,0.069427,0.599109,0.0696935,5.00873,-0.0213473,4.99177,-0.0213362,-0.0257497,-0.0215079,0.037,0.0371889,-0.0114717,43.5329,-3,1.24036,-0.998395,0.118114,0,0,0.98815,0
5.40158e+07,0.840135,0.0703363,9.86827,0.406898,-0.00699091,0.601229,-0.00698034,4.86602,0.177199,4.99317,0.175986,-0.0867522,-0.0834213,0.037,0.0368128,-0.0130125,43.4976,-3,1.24147,-1.01547,0.12018,0,0,1.00529,0
5.40358e+07,0.890266,0.118505,9.85406,0.686209,0.0692265,0.598951,0.069249,5.16201,-0.17408,4.99332,-0.172894,0.20339,0.193656,0.037,0.0367717,-0.0131136,43.4918,-3,1.24269,-1.03253,0.122227,0,0,1.02216,0
5.40558e+07,0.868777,0.113688,9.94192,0.652673,0.00807655,0.605091,0.00777771,4.99379,0.100558,4.99213,0.100598,-0.0867906,-0.0841096,0.038,0.0373635,-0.0117378,43.4947,-3,1.24387,-1.0496,0.124293,0,0,1.03944,0
5.40758e+07,0.880716,0.113688,10.0891,0.643157,0.878396,0.606539,0.864353,4.9886,0.54371,4.99471,0.529815,-0.071543,-0.0657748,0.038,0.0377315,-0.0108782,43.4947,-3,1.24514,-1.06668,0.126372,0,0,1.05632,0
5.40958e+07,0.918874,0.284685,9.98726,1.6259,-0.068886,0.620737,-0.0393303,5.25455,0.0547326,5.0008,0.0699629,0.00477374,0.000737709,0.038,0.0377692,-0.0111237,43.4624,-3,1.24646,-1.08377,0.128465,0,0,1.07376,0
5.41158e+07,0.93084,0.188349,9.98472,1.07602,-0.740833,0.621849,-0.710449,5.32514,-0.418514,4.99557,-0.400236,-0.026072,-0.0261077,0.037,0.0371729,-0.0132684,43.4947,-3,1.24787,-1.10084,0.13056,0,0,1.09074,0
5.41358e+07,0.84012,0.123321,9.91347,0.710165,-1.01572,0.626074,-0.995957,4.8436,-0.555614,4.9864,-0.542546,-0.0259067,-0.0281737,0.037,0.0367991,-0.0144487,43.4888,-3,1.24921,-1.11789,0.132674,0,0,1.1076,0
5.41558e+07,0.83537,0.0293933,9.76137,0.171899,-0.878018,0.622071,-0.872171,4.89139,-0.723421,4.98343,-0.716587,0.111309,0.108768,0.037,0.0367594,-0.0150326,43.5212,-2.99824,1.24911,-0.0102803,0.00136558,0,0,1.12464,0
5.41758e+07,0.799564,-0.0115497,9.77796,-0.0674527,0.0383247,0.611383,0.0165507,4.67479,-0.310867,4.97642,-0.318831,0.0347724,0.0375369,0.037,0.0367574,-0.0145883,43.4976,-2.99557,1.24794,-0.027304,0.00348221,0,0,0.0169238,0
5.41958e+07,0.859238,0.0679279,9.80177,0.395546,0.648568,0.610111,0.629333,5.00971,0.422017,4.98019,0.410446,-0.0262281,-0.0168723,0.037,0.036759,-0.014386,43.5124,-2.99327,1.24675,-0.0443328,0.00559174,0,0,0.0341572,0
5.42158e+07,0.864012,0.0751532,9.88488,0.433948,0.541512,0.616973,0.528375,4.99524,0.330485,4.98197,0.324116,-0.0568165,-0.0491721,0.037,0.0367624,-0.0137032,43.5006,-2.9913,1.24564,-0.0613729,0.00771956,0,0,0.0512117,0
5.42358e+07,0.923685,0.157039,9.96331,0.899152,0.388458,0.615557,0.389378,5.29602,0.360407,4.99809,0.360868,-0.0414687,-0.0421248,0.038,0.0373639,-0.0111661,43.4771,-2.98968,1.24455,-0.0784372,0.0098319,0,0,0.0682487,0
5.42558e+07,0.938027,0.104054,9.91335,0.598701,-0.0696336,0.605871,-0.0594585,5.40508,-0.143715,5.0128,-0.135241,-0.0260969,-0.0247813,0.038,0.0377364,-0.0104059,43.5124,-2.98841,1.24349,-0.0955485,0.0119127,0,0,0.0851834,0
5.42758e+07,0.914156,0.0775616,9.91808,0.446165,-0.374968,0.600106,-0.36747,5.26595,-0.0979257,5.02674,-0.0926042,-0.19398,-0.187567,0.038,0.0377731,-0.0106459,43.4947,-2.98749,1.24246,-0.112705,0.0139668,0,0,0.102392,0
5.42958e+07,0.809098,0.051069,9.87777,0.295233,-0.160901,0.59366,-0.164221,4.68264,-0.0823524,5.02675,-0.0834292,0.00467002,0.00309998,0.037,0.0371768,-0.0127954,43.5212,-2.98689,1.24151,-0.129897,0.0160046,0,0,0.11956,0
5.43158e+07,0.82819,0.0896036,9.84932,0.519398,0.0987592,0.595104,0.095218,4.80627,-0.0669391,5.01741,-0.071562,-0.163336,-0.15168,0.037,0.036802,-0.014301,43.48,-2.98665,1.24058,-0.14707,0.0180444,0,0,0.136712,0
5.43358e+07,0.792357,0.144997,9.87318,0.838687,0.174945,0.60844,0.172257,4.58786,0.177615,4.99635,0.17404,-0.0258039,-0.0262035,0.037,0.0367604,-0.0146189,43.5094,-2.98675,1.23972,-0.164186,0.0201125,0,0,0.154094,0
5.43558e+07,0.799529,0.116096,9.92299,0.668149,-0.00847185,0.614003,-0.00877678,4.60625,0.192941,4.9725,0.189682,0.00472379,0.000740008,0.038,0.0373582,-0.012153,43.4888,-2.98718,1.2389,-0.181219,0.0222138,0,0,0.171063,0
5.43758e+07,0.852053,0.147406,9.90163,0.84976,-0.0234855,0.624435,-0.0243958,4.91775,0.101105,4.9631,0.1005,-0.0410112,-0.0364561,0.038,0.0377335,-0.0110222,43.5153,-2.98796,1.2381,-0.198196,0.0243419,0,0,0.187966,0
5.43958e+07,0.916548,0.0631111,9.89669,0.363813,0.00699627,0.618847,0.0081439,5.29105,0.100811,4.96818,0.100834,0.0811679,0.0803689,0.038,0.0377772,-0.0103491,43.4918,-2.98907,1.23738,-0.215167,0.0264719,0,0,0.204928,0
5.44158e+07,0.887895,0.0582943,9.90383,0.335894,-0.0999995,0.609175,-0.0987805,5.12288,0.00901222,4.97986,0.00848057,0.0351518,0.0405498,0.038,0.0377817,-0.0102776,43.4947,-2.9905,1.23674,-0.232177,0.0285756,0,0,0.221855,0
5.44358e+07,0.94996,0.12573,9.86827,0.726597,-0.038934,0.605213,-0.036905,5.49814,0.039535,5.01093,0.0360541,-0.0566893,-0.0514884,0.038,0.037777,-0.0112493,43.5035,-2.99227,1.23613,-0.249266,0.0306474,0,0,0.238918,0
5.44558e+07,0.86878,0.101646,9.90629,0.585628,-0.0540824,0.600375,-0.0532067,5.01175,0.0245368,5.0287,0.0227347,-0.0719494,-0.0713324,0.038,0.0377689,-0.0121828,43.4976,-2.9944,1.23552,-0.26644,0.0327061,0,0,0.256199,0
5.44758e+07,0.844905,0.0896036,9.93715,0.514767,0.0375534,0.600013,0.0398212,4.85968,-0.0365324,5.01882,-0.0338997,-0.102245,-0.0972669,0.037,0.0371681,-0.0139156,43.4859,-2.9969,1.23489,-0.283614,0.0347644,0,0,0.273431,0
5.44958e+07,0.809073,0.14018,10.0773,0.794402,0.907877,0.602271,0.886651,4.58978,0.528694,4.99729,0.512533,0.0352502,0.0358219,0.037,0.0367976,-0.0144449,43.4624,-2.99971,1.23437,-0.300735,0.0368283,0,0,0.290366,0
5.45158e+07,0.87112,0.275051,9.99441,1.57046,0.693328,0.616319,0.710966,4.97948,0.405958,4.9873,0.414828,-0.102149,-0.0992448,0.037,0.0367625,-0.0137618,43.4976,-3,1.23386,-0.317805,0.0389149,0,0,0.30763,0
5.45358e+07,0.923672,0.202799,10.018,1.15481,-0.4368,0.616799,-0.408651,5.26678,0.0088892,4.97819,0.0225739,0.00500762,-0.00823705,0.037,0.0367622,-0.0133065,43.4947,-3,1.23337,-0.33482,0.0410023,0,0,0.324798,0
5.45558e+07,0.904586,0.144997,9.92769,0.833312,-0.803043,0.612756,-0.779693,5.20571,-0.342439,4.97918,-0.328789,0.218692,0.2099,0.037,0.0367641,-0.013054,43.5065,-3,1.23303,-0.351823,0.0430804,0,0,0.341552,0
5.45758e+07,0.871179,0.0631111,9.7424,0.369681,-1.16936,0.599201,-1.14891,5.10977,-0.953015,4.98174,-0.936312,0.11157,0.107426,0.037,0.0367685,-0.0128543,43.5359,-3,1.23272,-0.368837,0.0451251,0,0,0.358499,0
5.45958e+07,0.828217,-0.00673292,9.72808,-0.0395121,-0.542723,0.599169,-1.27766,4.86624,-0.387653,4.9965,-0.646887,0.0503244,0.0588885,0.038,0.0367686,-0.012548,43.4829,-3,1.23249,-0.382469,0.0467435,0,0,0.375528,0
5.46768e+07,0.89265,0.132955,9.91106,0.765468,0.205587,0.585868,0.210968,5.14605,0.116162,5.00953,0.120363,-0.0261071,-0.0201171,0.038,0.0377778,-0.0108314,43.5094,-3,1.2316,-0.454426,0.0551543,0,0,0.444199,0
5.46968e+07,0.871161,0.128138,9.93957,0.735781,-0.328671,0.580934,-0.317189,5.00852,-0.158635,5.00503,-0.151088,-0.0873032,-0.0876797,0.038,0.0377769,-0.0108284,43.4918,-3,1.2315,-0.471538,0.057139,0,0,0.461307,0
5.47178e+07,0.835359,0.0703363,9.87777,0.406526,-0.22155,0.574778,-0.215054,4.83385,-0.204389,5.00086,-0.200182,0.0195864,0.0214354,0.037,0.0374133,-0.0118066,43.5535,-3,1.23145,-0.488642,0.0591095,0,0,0.478412,0
5.47388e+07,0.861616,0.104054,9.87543,0.6014,0.0537721,0.578141,-0.207875,4.98607,0.10147,4.98571,0.0352003,-0.0262356,-0.124844,0.037,0.0368331,-0.0133583,43.5182,-3,1.23142,-0.505712,0.0610891,0,0,0.495501,0
5.47598e+07,0.895052,0.07997,9.88961,0.461413,0.0691175,0.570262,0.0667224,5.17126,0.192607,4.98968,0.192603,0.0349013,0.0289842,0.037,0.0367689,-0.0134428,43.5124,-3,1.23142,-0.52617,0.0634517,0,0,0.512564,0
5.47798e+07,0.87833,0.106463,9.88967,0.614349,0.130154,0.560662,0.127483,5.075,0.131427,4.99287,0.129909,-0.0411468,-0.0491803,0.037,0.0367669,-0.0130585,43.5094,-3,1.23138,-0.543236,0.0653831,0,0,0.529395,0
5.47998e+07,0.918928,0.092012,9.88249,0.531152,0.0384825,0.566695,0.0390315,5.31217,-0.00594139,5.00811,-0.00420193,0.0656439,0.0642544,0.037,0.0367673,-0.0129019,43.5271,-3,1.23151,-0.560335,0.0673178,0,0,0.546672,0
5.48198e+07,0.844907,0.0823784,9.83742,0.478023,-0.144597,0.564332,-0.143135,4.90875,-0.143139,5.01559,-0.141667,0.0653938,0.0641873,0.037,0.0367653,-0.0133385,43.4771,-3,1.23171,-0.577478,0.0692594,0,0,0.563773,0
5.48398e+07,0.866394,0.0944205,9.82555,0.54845,-0.1139,0.566568,-0.111567,5.03894,-0.036051,5.01509,-0.0357196,-0.0871488,-0.0863902,0.037,0.0367639,-0.0135096,43.5359,-3,1.23182,-0.594625,0.071196,0,0,0.581047,0
5.48598e+07,0.83774,0.0968289,9.86832,0.560159,-0.022159,0.567649,-0.020729,4.85208,-0.00550723,5.00991,-0.00519663,-0.0415361,-0.0378325,0.037,0.036762,-0.0136556,43.5006,-3,1.23208,-0.611764,0.0731351,0,0,0.598099,0
5.48798e+07,0.823411,0.104054,9.87072,0.601882,-0.0833708,0.578121,-0.0813249,4.76828,-0.0973325,5.00372,-0.0929362,0.110972,0.106149,0.037,0.0367625,-0.0135584,43.48,-3,1.2324,-0.628883,0.0750978,0,0,0.615176,0
5.48998e+07,0.835355,0.0847868,9.86593,0.490627,0.0846815,0.571397,0.0814776,4.83955,-0.0817983,4.99772,-0.0815173,0.126113,0.119982,0.038,0.0373608,-0.011891,43.4888,-3,1.23272,-0.645984,0.0770645,0,0,0.632224,0
5.49198e+07,0.84492,0.0366185,9.86584,0.211885,-0.0373791,0.564426,-0.037668,4.89489,-0.0511572,4.99631,-0.0497051,-0.0724363,-0.067581,0.038,0.037733,-0.0110523,43.4859,-3,1.23303,-0.66307,0.0790137,0,0,0.649527,0
5.49398e+07,0.847284,0.120913,9.90159,0.697084,-0.159599,0.56957,-0.156357,4.89055,0.17786,4.98799,0.174357,0.00382268,0.00732835,0.038,0.0377731,-0.0109123,43.4859,-3,1.23343,-0.680134,0.0809545,0,0,0.666497,0
5.49598e+07,0.875938,0.123321,9.88732,0.711808,-0.0831624,0.575678,-0.0802632,5.06234,0.00994229,4.98782,0.0104683,0.0800213,0.0818627,0.037,0.0371792,-0.0127122,43.5506,-3,1.23388,-0.697185,0.0829107,0,0,0.683484,0
5.49798e+07,0.895049,0.092012,9.87301,0.531775,-0.0678315,0.575987,-0.0675045,5.17983,-0.0206318,4.99832,-0.0200492,0.0951642,0.084686,0.037,0.0368035,-0.0143357,43.4888,-3,1.23435,-0.71426,0.0848834,0,0,0.700665,0
5.49998e+07,0.875947,0.0896036,9.87539,0.517822,-0.113789,0.576633,-0.110258,5.06866,-0.00551414,5.00861,-0.00489797,-0.103397,-0.0965925,0.037,0.0367609,-0.0145822,43.5329,-3,1.23482,-0.731376,0.0868537,0,0,0.717672,0
5.50198e+07,0.899827,0.0847868,9.84213,0.491523,0.069481,0.569224,0.0688607,5.22361,0.00981212,5.0134,0.007212,0.0191903,0.0122039,0.037,0.036756,-0.0146457,43.4947,-3,1.23524,-0.748507,0.0888113,0,0,0.734715,0
5.50398e+07,0.856837,0.116096,9.84696,0.672946,0.145723,0.576301,0.140756,4.97274,-0.0665016,5.01188,-0.0673941,-0.0267123,-0.0245898,0.037,0.0367541,-0.0149357,43.5035,-3,1.23581,-0.765645,0.0907747,0,0,0.751938,0
5.50598e+07,0.871161,0.12573,9.88495,0.72591,0.0540991,0.576997,0.0511718,5.03606,-0.0509322,5.01563,-0.0526853,0.0494863,0.050008,0.037,0.0367496,-0.0154272,43.5124,-3,1.23646,-0.78279,0.0927493,0,0,0.769117,0
5.50798e+07,0.868769,0.14018,9.80426,0.815957,-0.0376226,0.58417,-0.0352829,5.06332,0.0102057,5.01066,0.0110646,-0.0269134,-0.0199842,0.037,0.0367507,-0.0153595,43.4918,-3,1.2371,-0.79993,0.0947372,0,0,0.786338,0
5.51008e+07,0.875935,0.132955,9.8446,0.77071,-0.0221442,0.592326,-0.0215687,5.08411,0.117267,5.00375,0.115732,0.217249,0.209054,0.037,0.0367492,-0.0156183,43.5065,-3,1.23785,-0.817049,0.0967532,0,0,0.803368,0
5.51218e+07,0.890269,0.106463,9.91577,0.612679,0.00846624,0.588634,0.00992915,5.13015,-0.0511038,5.00279,-0.0447007,0.0341636,0.0277858,0.037,0.0367496,-0.0151205,43.5476,-3,1.23849,-0.834148,0.0987724,0,0,0.820498,0
5.51428e+07,0.890273,0.092012,9.86352,0.532306,0.0695188,0.585277,-0.0373536,5.15727,-0.0204835,5.00335,0.00891771,-0.164485,0.0915344,0.037,0.0367535,-0.0147123,43.5065,-3,1.23928,-0.851253,0.100778,0,0,0.837507,0
5.51638e+07,0.904606,0.0727447,9.85635,0.421094,0.00831914,0.587233,0.00629602,5.24372,0.0560563,5.01306,0.0542655,-0.0879197,-0.0825086,0.037,0.0367544,-0.0147246,43.5182,-3,1.24016,-0.871804,0.103191,0,0,0.871854,0
5.51838e+07,0.890275,0.0871952,9.82789,0.506254,-0.0374914,0.581367,-0.0371754,5.17589,-0.112058,5.02486,-0.111997,-0.0419989,-0.0404904,0.037,0.0367542,-0.0147482,43.4947,-3,1.24098,-0.888969,0.105188,0,0,0.888954,0
5.52038e+07,0.832967,0.0871952,9.83032,0.506387,-0.144407,0.574386,-0.13917,4.84317,-0.203287,5.01499,-0.199508,0.00393391,-0.00190012,0.038,0.0375021,-0.0127278,43.48,-3,1.24183,-0.906133,0.107161,0,0,0.906288,0
5.52238e+07,0.832953,0.135363,9.90162,0.780476,0.084628,0.582786,0.0843129,4.80812,-0.157259,5.00564,-0.154256,0.0191733,0.0160076,0.038,0.0377409,-0.0118888,43.4859,-3,1.24276,-0.923257,0.109141,0,0,0.923324,0
5.52438e+07,0.8043,0.132955,9.87553,0.768786,-0.0987087,0.593259,-0.095179,4.65569,-0.264062,4.99995,-0.260228,-0.209862,-0.20151,0.038,0.0377683,-0.0116759,43.5094,-3,1.24368,-0.940366,0.111155,0,0,0.940419,0
5.52638e+07,0.873555,0.104054,9.89441,0.600192,-0.0984855,0.595309,-0.0955982,5.04515,-0.0805948,4.99287,-0.0773576,-0.133262,-0.123404,0.038,0.0377703,-0.0119482,43.5447,-3,1.24462,-0.95744,0.113193,0,0,0.957481,0
5.52838e+07,0.842513,0.104054,9.8612,0.602361,0.0387267,0.590317,0.0413446,4.88306,-0.0347524,4.98567,-0.0333164,0.217952,0.208964,0.038,0.0377717,-0.0118253,43.5212,-3,1.24571,-0.974489,0.115211,0,0,0.974491,0
5.53038e+07,0.928476,0.104054,9.83976,0.603193,0.0997506,0.593477,0.0960093,5.39015,-0.0196269,4.99238,-0.0198644,-0.118113,-0.118552,0.038,0.0377721,-0.0118591,43.53,-3,1.24676,-0.991539,0.117238,0,0,0.991485,0
5.53238e+07,0.906986,0.0992373,9.88726,0.572648,-0.00723743,0.59461,-0.00636733,5.24097,0.0718596,5.00954,0.0689396,-0.026709,-0.0217815,0.037,0.0371713,-0.0137965,43.4888,-3,1.24795,-1.00864,0.119274,0,0,1.00858,0
5.53438e+07,0.88549,0.118505,9.9063,0.682649,-0.0223296,0.592516,-0.0211332,5.10754,0.0108213,5.01916,0.00937993,-0.0570514,-0.0562659,0.037,0.036796,-0.0149756,43.5065,-3,1.24904,-1.0258,0.1213,0,0,1.02582,0
5.53638e+07,0.799512,0.176307,9.84948,1.02213,-0.0528357,0.594745,-0.0516608,4.63996,-0.00424504,5.01508,-0.0048281,-0.0416417,-0.0384244,0.037,0.0367543,-0.0154107,43.4682,-3,1.2502,-1.04296,0.123325,0,0,1.04303,0
5.53838e+07,0.828188,0.0992373,9.8897,0.572905,0.00817597,0.596826,0.00844233,4.78668,0.0873015,5.00296,0.0867198,0.0500423,0.0459855,0.037,0.0367509,-0.0151416,43.4771,-3,1.25143,-1.06008,0.125364,0,0,1.06004,0
5.54038e+07,0.892671,0.0558858,9.88245,0.322694,-0.144321,0.599098,-0.143119,5.16138,0.0415051,5.0087,0.0414939,-0.0721364,-0.0660681,0.037,0.0367496,-0.0154549,43.5094,-3,1.25269,-1.0772,0.127423,0,0,1.07721,0
5.54238e+07,0.854446,0.128138,9.87073,0.740981,0.0848724,0.606619,0.0831046,4.94698,0.010793,5.01196,0.0130886,0.172,0.164332,0.037,0.0367491,-0.0153513,43.5094,-3,1.25409,-1.09433,0.129484,0,0,1.09428,0
5.54438e+07,0.880721,0.0944205,9.90152,0.544205,-0.0679065,0.606362,-0.0661611,5.08275,-0.00461531,5.01317,-0.00401628,0.0802952,0.0734655,0.037,0.0367508,-0.0149698,43.4947,-3,1.25545,-1.11146,0.131561,0,0,1.11142,0
5.54638e+07,0.871166,0.108871,9.8968,0.627836,0.023675,0.606242,0.025687,5.03019,-0.0958951,5.0178,-0.0950597,0.0648172,0.0652473,0.037,0.0367513,-0.014981,43.4771,-3,1.25689,0.000137891,3.2644e-05,0,0,1.12875,0
5.54838e+07,0.842514,0.101646,9.88019,0.587297,-0.05267,0.604764,-0.0529475,4.87374,0.133215,5.0183,0.129402,0.0187203,0.0187863,0.037,0.0367514,-0.0150007,43.5124,-2.99711,1.25572,-0.0170208,0.0021058,0,0,0.0169938,0
5.55038e+07,0.883093,0.154631,9.85413,0.895423,-0.0524843,0.605834,-0.0507284,5.12034,-0.0653021,5.02214,-0.0646656,-0.0727135,-0.0744697,0.038,0.0373542,-0.0125233,43.5035,-2.99462,1.25446,-0.0341853,0.00416728,0,0,0.0342243,0
5.55238e+07,0.849675,0.108871,9.92768,0.626015,0.0850936,0.601891,0.0807031,4.89153,0.0415726,5.00713,0.0421108,-0.118603,-0.113695,0.038,0.0377338,-0.0102439,43.5329,-2.99244,1.25332,-0.0513253,0.00623486,0,0,0.0512976,0
5.55438e+07,0.890274,0.0896036,9.93474,0.514687,0.0240877,0.608244,0.0223184,5.12052,0.133059,5.01627,0.13159,-0.0115147,-0.0155875,0.038,0.0377749,-0.0104404,43.5153,-2.99063,1.25218,-0.0684615,0.00831405,0,0,0.0683955,0
5.55638e+07,0.887875,0.128138,9.89444,0.739,0.161652,0.615937,0.159823,5.12726,0.0260961,5.01511,0.0277862,-0.1184,-0.121941,0.037,0.0371797,-0.012499,43.5182,-2.98915,1.25109,-0.0856033,0.0104116,0,0,0.0856004,0
5.55838e+07,0.852069,0.0871952,9.89203,0.503169,-0.174322,0.613002,-0.16995,4.92294,-0.0656359,5.00695,-0.0607247,0.0497561,0.0441381,0.037,0.036809,-0.0129828,43.5065,-2.98802,1.25004,-0.102733,0.0125183,0,0,0.102713,0
5.56038e+07,0.854444,0.132955,9.90635,0.766088,-0.00652933,0.613626,-0.00298674,4.92925,0.0259485,4.99521,0.0265311,0.126125,0.120408,0.037,0.0367735,-0.0124231,43.5182,-2.98722,1.24907,-0.119818,0.0146139,0,0,0.119787,0
5.56238e+07,0.883107,0.101646,9.89203,0.586391,-0.0983015,0.610066,-0.0975926,5.10127,-0.142362,5.00091,-0.14168,0.247881,0.244011,0.037,0.0367708,-0.0123042,43.4918,-2.98672,1.24825,-0.136903,0.0167012,0,0,0.136819,0
5.56438e+07,0.854448,0.120913,9.93482,0.694727,-0.113383,0.612698,-0.115689,4.91529,-0.0050478,5.00371,-0.0052854,-0.118692,-0.114546,0.037,0.0367715,-0.0120101,43.5065,-2.98662,1.24732,-0.154006,0.0187961,0,0,0.153937,0
5.57038e+07,0.883105,0.108871,9.9229,0.626131,0.115508,0.604868,0.114882,5.08543,0.0557518,5.0038,0.0592222,0.00371945,0.0039255,0.036,0.0358062,-0.0139854,43.4712,-2.98835,1.24484,-0.20535,0.0250485,0,0,0.205229,0
5.57238e+07,0.849685,0.0751532,9.89914,0.433381,-0.0676836,0.602618,-0.0668089,4.90577,-0.0968373,4.99692,-0.0968593,-0.0725093,-0.0709716,0.036,0.0357683,-0.0138563,43.4888,-2.98963,1.24407,-0.222445,0.0271149,0,0,0.222516,0
5.57438e+07,0.864008,0.0871952,9.90152,0.502638,-0.0220022,0.594804,-0.0204945,4.98682,-0.249634,4.99493,-0.245711,-0.0112121,-0.0137874,0.038,0.0369638,-0.00998559,43.5212,-2.99124,1.24334,-0.239524,0.0291575,0,0,0.239522,0
5.57638e+07,0.856832,0.135363,9.89448,0.780876,-0.0218656,0.598181,-0.0218495,4.94883,0.147528,4.98445,0.145185,0.0802772,0.075739,0.038,0.0377116,-0.00761571,43.4947,-2.99316,1.24274,-0.256577,0.0311993,0,0,0.256543,0
5.57838e+07,0.864013,0.0727447,9.85164,0.421448,-0.0981506,0.591292,-0.097846,5.01202,0.0710301,4.98374,0.0701331,0.0953946,0.0913474,0.038,0.0377927,-0.00761428,43.5388,-2.99541,1.24218,-0.273617,0.0332343,0,0,0.273581,0
5.58038e+07,0.887889,0.07997,9.85875,0.462875,-0.0217398,0.592004,-0.0217398,5.14606,-0.0816567,4.98265,-0.0807922,-0.118385,-0.11098,0.038,0.0377996,-0.00793509,43.5035,-2.99804,1.24159,-0.290647,0.0352641,0,0,0.290684,0
5.58238e+07,0.844904,0.092012,9.85406,0.533027,-0.0672106,0.590113,-0.0672287,4.90044,-0.081135,4.97834,-0.0840688,0.0194067,0.0119153,0.038,0.0377985,-0.00815562,43.5065,-3,1.241,-0.307679,0.0372859,0,0,0.307861,0
5.58438e+07,0.840125,0.106463,9.89445,0.614259,-0.067064,0.586832,-0.06732,4.85299,0.0564346,4.98397,0.0546721,0.0348035,0.0321138,0.038,0.0377974,-0.0082417,43.5006,-3,1.24049,-0.324717,0.0392949,0,0,0.324737,0
5.58638e+07,0.832965,0.0944205,9.88969,0.545077,0.0550361,0.582654,0.0553356,4.81419,0.0565751,4.98526,0.054867,-0.0109298,-0.00948527,0.037,0.0371969,-0.0103349,43.4888,-3,1.24002,-0.341763,0.0412962,0,0,0.341812,0
5.58838e+07,0.880726,0.0775616,9.89199,0.447468,-0.021544,0.581209,-0.0212223,5.08772,-0.050009,4.99084,-0.050592,0.126518,0.121676,0.037,0.0368221,-0.0116278,43.5035,-3,1.23964,-0.35882,0.0432936,0,0,0.358949,0
5.59038e+07,0.837734,0.118505,9.88022,0.684723,-0.113207,0.588849,-0.111727,4.84611,-0.0652592,4.99269,-0.0634916,-0.102397,-0.101553,0.037,0.0367824,-0.0115082,43.5212,-3,1.23921,-0.375889,0.0452947,0,0,0.375899,0
5.59238e+07,0.821021,0.111279,9.87548,0.643376,0.0394775,0.587881,0.0400276,4.75219,-0.0652425,4.98207,-0.0626209,-0.132669,-0.128048,0.037,0.0367788,-0.0114995,43.5006,-3,1.23882,-0.392935,0.0473053,0,0,0.39294,0
5.59438e+07,0.828192,0.0823784,9.8873,0.475697,0.0241746,0.582585,0.0255777,4.78794,-0.0958829,4.97308,-0.0920478,0.126952,0.123266,0.037,0.0367777,-0.0115899,43.4771,-3,1.23857,-0.409946,0.0493096,0,0,0.409917,0
5.59638e+07,0.86878,0.104054,9.82319,0.604535,0.0545515,0.578262,0.0530894,5.0539,0.0108216,4.97021,0.012292,0.0811067,0.0770243,0.037,0.0367794,-0.011606,43.5182,-3,1.23834,-0.426935,0.0512946,0,0,0.426848,0
5.59838e+07,0.88072,0.0992373,9.85641,0.574562,0.00873971,0.574678,0.00699879,5.10585,0.010705,4.97357,0.0130071,-0.0563899,-0.0605325,0.037,0.0367774,-0.0118813,43.5124,-3,1.23814,-0.443933,0.0532697,0,0,0.443892,0
5.60038e+07,0.871179,0.0607027,9.81837,0.352844,-0.00661123,0.572654,-0.0080354,5.07045,-0.019738,4.97437,-0.022311,-0.0104488,-0.00888743,0.037,0.0367761,-0.012052,43.5241,-3,1.23796,-0.460938,0.0552377,0,0,0.460978,0
5.60238e+07,0.868773,0.128138,9.88496,0.739829,0.100114,0.573858,0.10123,5.02231,-0.187549,4.97588,-0.184906,0.0201885,0.0178898,0.037,0.0367751,-0.0120586,43.4888,-3,1.23782,-0.477945,0.0571931,0,0,0.478036,0
5.60438e+07,0.842513,0.104054,9.84933,0.603082,-0.00674081,0.577083,-0.00846502,4.88892,-0.0193739,4.97487,-0.0182377,-0.0410829,-0.0375634,0.037,0.0367768,-0.011826,43.5271,-3,1.23778,-0.494954,0.0591687,0,0,0.49499,0
5.60638e+07,0.81865,0.051069,9.87301,0.295351,-0.0219443,0.574092,-0.0222329,4.73994,-0.126338,4.97347,-0.125385,0.0354172,0.0357441,0.037,0.0367775,-0.0115561,43.5124,-3,1.23772,-0.511961,0.0611447,0,0,0.511958,0
5.60838e+07,0.930865,0.0968289,9.93709,0.55585,-0.0831572,0.572359,-0.0791157,5.35136,0.0265706,4.97617,0.0256892,-0.117286,-0.11049,0.037,0.0367783,-0.0114068,43.5329,-3,1.23769,-0.528964,0.0631094,0,0,0.529005,0
5.61038e+07,0.892649,0.137772,9.90158,0.793951,0.100344,0.567994,-0.0950166,5.15092,0.0722537,4.97964,-0.0187439,-0.0101914,-0.114278,0.037,0.0367771,-0.0117942,43.5124,-3,1.23769,-0.54258,0.0646634,0,0,0.529005,0
5.61248e+07,0.844908,0.0775616,9.90627,0.446968,0.0849936,0.567885,0.0826659,4.87483,0.194273,4.98215,0.194491,0.0511131,0.0455735,0.037,0.0367786,-0.0111801,43.4771,-3,1.23773,-0.563023,0.0670003,0,0,0.562949,0
5.61458e+07,0.904598,0.101646,9.91338,0.585025,0.0697042,0.571149,0.0690893,5.21354,0.0260828,4.99292,0.0252464,-0.101531,-0.0959835,0.037,0.0367807,-0.0108938,43.5271,-3,1.23781,-0.580079,0.0689535,0,0,0.580038,0
5.61668e+07,0.813859,0.104054,9.88497,0.601068,-0.0674371,0.565805,-0.0366779,4.70646,-0.0347817,4.99565,-0.124175,0.112391,-0.169159,0.037,0.0367825,-0.0105998,43.4888,-3,1.23794,-0.597155,0.0708933,0,0,0.597233,0
5.61878e+07,0.830571,0.116096,9.94196,0.666713,0.131159,0.568792,0.129951,4.77519,0.0414369,4.99507,0.0408828,0.0511665,0.049598,0.037,0.0367823,-0.0106394,43.5124,-3,1.23823,-0.617649,0.0732207,0,0,0.614193,0
5.62078e+07,0.902213,0.092012,9.88725,0.530981,-0.113359,0.570855,-0.109829,5.21358,0.0110421,4.99386,0.010709,0.0206839,0.0213074,0.037,0.0367837,-0.0106936,43.4829,-3,1.23845,-0.634719,0.0751752,0,0,0.631353,0
5.62278e+07,0.875946,0.092012,9.87777,0.531612,-0.0215719,0.570254,-0.0218056,5.06743,-0.0501316,4.99299,-0.0506472,0.00529742,0.00597018,0.038,0.0373807,-0.00921666,43.5212,-3,1.23876,-0.651786,0.0771242,0,0,0.648335,0
5.62478e+07,0.861613,0.113688,9.8612,0.658015,-0.00619411,0.57623,-0.00794573,4.99316,0.0567436,4.99765,0.05757,-0.0864856,-0.0781903,0.038,0.0377513,-0.00860105,43.5065,-3,1.23911,-0.668865,0.0790887,0,0,0.66545,0
5.62678e+07,0.821017,0.12573,9.93486,0.722601,0.0854216,0.574712,0.0850731,4.72381,0.0259709,4.99275,0.024847,0.096712,0.0960358,0.038,0.0377914,-0.00804646,43.5182,-3,1.2395,-0.685943,0.0810545,0,0,0.682445,0
5.62878e+07,0.852078,0.0558858,9.89673,0.322348,-0.0366666,0.566978,-0.0366453,4.92078,0.0413661,4.99396,0.0401579,0.0355985,0.0348141,0.037,0.0371975,-0.0100373,43.5388,-3,1.2399,-0.703016,0.0830106,0,0,0.699646,0
5.63078e+07,0.883113,0.0823784,9.87775,0.475926,0.161868,0.558474,0.158332,5.10872,-0.00439334,5.00332,-0.00470378,0.173081,0.157552,0.037,0.036823,-0.0114351,43.4947,-3,1.24034,-0.720113,0.0849302,0,0,0.716706,0
5.63278e+07,0.878325,0.12573,9.92768,0.722765,0.0855441,0.56374,0.0834549,5.05552,-0.0500674,4.99996,-0.0489367,-0.0103409,-0.00886394,0.037,0.0367804,-0.0117296,43.5065,-3,1.24084,-0.73721,0.0868509,0,0,0.733836,0
5.63478e+07,0.885501,0.07997,9.90624,0.460684,-0.00627851,0.564313,-0.00513055,5.10783,-0.0195651,5.00038,-0.0180959,0.0811934,0.0804066,0.036,0.036177,-0.0136142,43.4771,-3,1.24138,-0.7543,0.0887832,0,0,0.75087,0
5.63678e+07,0.854448,0.118505,9.86359,0.68577,-0.0368854,0.573468,-0.0331329,4.95062,-0.0196574,4.99879,-0.0204836,0.111635,0.10553,0.036,0.0358027,-0.0148223,43.5182,-3,1.24196,-0.771396,0.0907314,0,0,0.767945,0
5.63878e+07,0.880719,0.104054,9.94189,0.59731,-0.0675408,0.572966,-0.0666319,5.06215,-0.126474,4.99849,-0.123248,0.0811187,0.0789369,0.036,0.0357652,-0.0141905,43.5006,-3,1.24254,-0.788484,0.0926977,0,0,0.785085,0
5.64078e+07,0.864005,0.0992373,9.94427,0.569609,-0.0673809,0.576152,-0.0664733,4.96541,-0.156868,5.00202,-0.158794,0.0505289,0.049107,0.037,0.036363,-0.011866,43.4859,-3,1.24318,-0.805582,0.0946641,0,0,0.802209,0
5.64278e+07,0.87595,0.0775616,9.89437,0.44738,-0.0367606,0.578477,-0.0344333,5.05906,-0.00414371,5.00377,-0.00386102,0.081093,0.0777036,0.037,0.0367379,-0.0105895,43.5388,-3,1.24384,-0.822682,0.0966393,0,0,0.819281,0
5.64678e+07,0.863995,0.135363,9.88735,0.781386,-0.158191,0.577282,-0.158181,4.99358,0.0113387,5.00009,0.011323,-0.0561295,-0.0568303,0.037,0.0367805,-0.0111323,43.5418,-3,1.24522,-0.856879,0.100598,0,0,0.853427,0
5.64878e+07,0.847288,0.106463,9.92531,0.612325,-0.0203986,0.571996,-0.0192743,4.87903,0.102713,4.99718,0.105031,-0.117108,-0.114748,0.037,0.0367794,-0.0110696,43.4859,-3,1.24596,-0.873969,0.102564,0,0,0.870473,0
5.65078e+07,0.840119,0.12573,9.92772,0.723001,0.0563235,0.570046,0.0548203,4.83667,0.0722442,4.98319,0.0698994,-0.0559376,-0.0526231,0.037,0.0367805,-0.0108811,43.5359,-3,1.24677,-0.891024,0.104517,0,0,0.887638,0
5.65278e+07,0.83534,0.137772,9.885,0.795671,-0.294351,0.573916,-0.293994,4.82988,-0.0956416,4.97591,-0.0938695,-0.0710179,-0.0730955,0.038,0.037381,-0.00902642,43.4829,-3,1.24758,-0.908049,0.106475,0,0,0.904666,0
5.65478e+07,0.887886,0.0896036,9.87776,0.517643,-0.308687,0.577798,-0.30547,5.13616,-0.0188265,4.97408,-0.0197145,-0.0555767,-0.0577444,0.038,0.0377528,-0.00856954,43.4947,-3,1.24843,-0.925052,0.10845,0,0,0.921818,0
5.65678e+07,0.873567,0.0607027,9.85873,0.351403,-0.124578,0.561706,-0.125761,5.06357,-0.0950017,4.98086,-0.092697,0.0514058,0.048512,0.038,0.0377898,-0.00889154,43.5035,-3,1.24936,-0.942073,0.110395,0,0,0.938724,0
5.65878e+07,0.885486,0.132955,9.95618,0.762076,-0.200282,0.560741,-0.198816,5.08197,-0.110048,4.97837,-0.109483,-0.0402074,-0.0418414,0.036,0.0365939,-0.0126704,43.5094,-3,1.25032,-0.959094,0.112315,0,0,0.955767,0
5.66078e+07,0.852067,0.0968289,9.85881,0.560626,0.0599014,0.561429,0.0557709,4.93939,-0.170994,4.98403,-0.168002,-0.0249504,-0.0208118,0.036,0.0358461,-0.0151481,43.48,-3,1.25133,-0.976125,0.114239,0,0,0.97276,0
5.66278e+07,0.875953,0.0679279,9.85399,0.393408,-0.168492,0.557298,-0.168523,5.07973,-0.0332117,4.99009,-0.032082,-0.0707746,-0.0644631,0.036,0.035765,-0.0153659,43.4918,-3,1.25238,-0.993178,0.116161,0,0,0.989898,0
5.66478e+07,0.868784,0.0896036,9.88015,0.517607,-0.0610707,0.547173,-0.0596754,5.02501,-0.124475,4.98809,-0.121599,-0.0248853,-0.0334211,0.038,0.0369537,-0.0116621,43.5124,-3,1.25345,-1.01023,0.118046,0,0,1.00694,0
5.66678e+07,0.852064,0.106463,9.87069,0.615663,-0.106348,0.54841,-0.108106,4.9334,0.104895,4.98319,0.104525,-0.0856104,-0.086668,0.038,0.0377016,-0.0092486,43.5006,-3,1.25447,-1.02727,0.119919,0,0,1.02399,0
5.66878e+07,0.840132,0.07997,9.90153,0.461084,-0.0295992,0.551413,-0.0313689,4.8497,-0.108874,4.98134,-0.107961,0.0214065,0.0200702,0.038,0.037783,-0.00876896,43.4888,-3,1.25561,-1.04431,0.12181,0,0,1.0409,0
5.67278e+07,0.887896,0.0534774,9.86583,0.309317,-0.181718,0.542885,-0.181077,5.14253,-0.0781283,4.97812,-0.077813,-0.0394425,-0.0415977,0.037,0.036819,-0.0122927,43.5006,-3,1.25797,-1.07836,0.125566,0,0,1.07504,0
5.67478e+07,0.863998,0.123321,9.89445,0.711373,0.108779,0.545077,0.105281,4.99011,-0.0779629,4.98225,-0.0779306,-0.10028,-0.102274,0.037,0.036778,-0.0121731,43.5006,-3,1.25916,-1.09539,0.127424,0,0,1.09204,0
5.67678e+07,0.84969,0.0558858,9.89673,0.322354,0.246323,0.543741,0.238995,4.90705,-0.0932236,4.97956,-0.0929078,0.067742,0.0662535,0.037,0.0367753,-0.0120206,43.5065,-3,1.26048,-1.11242,0.129295,0,0,1.10902,0
5.67878e+07,0.849686,0.0703363,9.88488,0.406186,0.0321598,0.540698,0.0304032,4.91284,-0.0778768,4.97828,-0.0740806,-0.0391061,-0.0371147,0.037,0.0367744,-0.0121761,43.5035,-2.9994,1.26127,-0.00337526,0.000517125,0,0,1.12607,0
5.68078e+07,0.840131,0.0847868,9.90154,0.488855,0.230517,0.538288,0.227841,4.84967,-0.0930526,4.9766,-0.0919283,0.0521775,0.0509807,0.037,0.0367732,-0.0122429,43.4682,-2.99657,1.26014,-0.0204009,0.00236184,0,0,0.0170292,0
5.68278e+07,0.883108,0.0992373,9.85166,0.574825,0.24551,0.541242,0.077584,5.12207,0.0593805,4.97924,0.180174,-0.0243424,0.0419188,0.037,0.0367734,-0.0123206,43.4976,-2.99456,1.25921,-0.0340172,0.00384151,0,0,0.0339352,0
5.68488e+07,0.887875,0.128138,9.92768,0.736546,0.138342,0.543784,0.13857,5.11019,0.166221,4.9906,0.163855,0.0214829,0.0207942,0.037,0.0367711,-0.0125229,43.53,-2.99199,1.25782,-0.0544723,0.00607069,0,0,0.0510487,0
5.68698e+07,0.864015,0.0655195,9.91573,0.377155,0.29112,0.541628,0.286936,4.97982,-0.0783875,4.99144,-0.0758033,-0.0852779,-0.0824948,0.037,0.0367724,-0.0122081,43.5212,-2.99025,1.25665,-0.0715354,0.00793562,0,0,0.0680058,0
5.68908e+07,0.885494,0.106463,9.95614,0.610241,0.153504,0.538374,0.193812,5.08219,0.0742323,4.98512,0.239362,-0.0543958,-0.145177,0.036,0.0364096,-0.0132231,43.5153,-2.98886,1.25549,-0.0885894,0.00978747,0,0,0.0852305,0
5.69118e+07,0.887875,0.130547,9.93481,0.749854,-0.0448509,0.542666,-0.0419592,5.10652,0.104616,4.98513,0.107767,-0.00888932,-0.00923822,0.036,0.0358052,-0.0143177,43.4859,-2.98757,1.25432,-0.10904,0.0120117,0,0,0.10218,0
5.69318e+07,0.868785,0.0847868,9.97749,0.485042,0.337141,0.533562,0.335551,4.97627,-0.0631912,4.99001,-0.0637688,-0.0546672,-0.054784,0.036,0.0357647,-0.0144852,43.4888,-2.98691,1.2533,-0.126095,0.0138483,0,0,0.119213,0
5.69518e+07,0.880716,0.113688,9.96565,0.651062,0.153808,0.532466,0.155222,5.05008,-0.0630612,4.98749,-0.0601405,0.00651002,0.00310471,0.037,0.0363596,-0.0126536,43.4947,-2.98659,1.25232,-0.143146,0.0156708,0,0,0.136424,0
5.69718e+07,0.899817,0.118505,9.91341,0.682076,-0.197696,0.538341,-0.187719,5.18603,0.028903,4.98384,0.0288906,0.174484,0.166145,0.037,0.0367324,-0.0116104,43.5006,-2.98659,1.25142,-0.160187,0.0175025,0,0,0.153483,0
5.69918e+07,0.84729,0.101646,9.93242,0.584207,0.09273,0.543932,0.0976022,4.87558,-0.00146651,4.97226,-0.00376745,-0.0395018,-0.0387682,0.037,0.0367725,-0.0116048,43.5124,-2.98693,1.25056,-0.177201,0.019358,0,0,0.170415,0
5.70118e+07,0.921309,0.113688,9.85878,0.657819,0.00123191,0.537619,0.00410371,5.33847,-0.108538,4.97813,-0.103272,-0.100718,-0.0981957,0.037,0.0367743,-0.0123029,43.4712,-2.98762,1.24974,-0.1942,0.0212014,0,0,0.187407,0
5.70318e+07,0.883101,0.12573,9.87545,0.726526,0.0929153,0.537799,0.0917239,5.10961,-0.0930333,4.98057,-0.0907227,-0.0240283,-0.0218,0.037,0.0367693,-0.0130265,43.4859,-2.98868,1.24885,-0.211224,0.0230356,0,0,0.204458,0
5.70518e+07,0.811475,0.0896036,9.90394,0.516625,0.138504,0.538807,0.138755,4.68385,-0.0623834,4.97522,-0.0614361,0.128751,0.127056,0.037,0.0367666,-0.0132367,43.5065,-2.99005,1.24808,-0.228247,0.0248802,0,0,0.221469,0
5.70718e+07,0.863999,0.120913,9.87071,0.699147,-0.0140988,0.538631,-0.0123924,5.00207,0.0442722,4.97914,0.0454424,-0.0396286,-0.0321493,0.037,0.0367654,-0.0135323,43.5241,-2.99173,1.24743,-0.24526,0.0267222,0,0,0.23841,0
5.70918e+07,0.866403,0.0631111,9.92047,0.363112,-0.0137987,0.531422,-0.0112282,4.99115,-0.0319235,4.98551,-0.0319299,-0.0241541,-0.0258712,0.037,0.0367648,-0.0133235,43.5212,-2.9938,1.24668,-0.262297,0.0285552,0,0,0.255489,0
5.71118e+07,0.828176,0.14018,9.93962,0.80521,0.0319235,0.535542,0.0339526,4.76245,-0.0622699,4.98604,-0.0582457,-0.145939,-0.143769,0.037,0.0367638,-0.0134105,43.4653,-2.99623,1.2459,-0.279347,0.0303795,0,0,0.272643,0
5.71318e+07,0.840119,0.128138,9.88024,0.740364,0.138898,0.533542,0.139669,4.85978,0.0293984,4.98084,0.0308506,-0.0541068,-0.0511419,0.037,0.0367633,-0.0136755,43.5476,-2.99898,1.24524,-0.296383,0.0322042,0,0,0.289581,0
5.71518e+07,0.868771,0.132955,9.87785,0.768185,0.0778472,0.534857,0.079255,5.02586,0.0295491,4.97307,0.0277908,0.0221769,0.0217446,0.037,0.0367633,-0.0137073,43.5182,-3,1.24468,-0.31339,0.0340268,0,0,0.306595,0
5.71718e+07,0.880716,0.113688,9.88968,0.656025,0.108363,0.535247,0.106639,5.08866,-0.0469658,4.97952,-0.0437234,-0.160886,-0.155387,0.037,0.0367634,-0.0137008,43.4859,-3,1.24406,-0.330404,0.0358596,0,0,0.323585,0
5.71918e+07,0.849675,0.111279,9.87545,0.643221,0.0319602,0.538207,0.0345496,4.91725,0.0905287,4.97807,0.0895925,-0.145537,-0.139301,0.037,0.0367634,-0.0136847,43.4947,-3,1.24353,-0.347427,0.037693,0,0,0.340627,0
5.72118e+07,0.852069,0.0871952,9.91103,0.502211,0.0320154,0.53107,0.0328795,4.91355,0.0749488,4.98488,0.0740962,-0.0690717,-0.0635232,0.037,0.0367633,-0.013614,43.5241,-3,1.24303,-0.364461,0.0395213,0,0,0.357531,0
5.72318e+07,0.856856,0.0462522,9.86347,0.267664,0.0319486,0.520623,0.0325085,4.96486,0.0596142,4.98672,0.0570423,0.0529269,0.0529881,0.037,0.0367636,-0.0137408,43.5035,-3,1.24265,-0.381504,0.0413189,0,0,0.374631,0
5.72518e+07,0.863985,0.17149,9.9254,0.986122,0.107998,0.529856,0.10943,4.9742,0.013685,4.99175,0.0130982,-0.0845549,-0.0797744,0.037,0.0367615,-0.0137887,43.5241,-3,1.24225,-0.398565,0.0431074,0,0,0.39171,0
5.72718e+07,0.849669,0.130547,9.95146,0.748858,0.138443,0.542427,0.134364,4.87974,0.0594435,4.98968,0.0605586,0.0377494,0.0324228,0.037,0.0367617,-0.0135719,43.4447,-3,1.24186,-0.415629,0.0449449,0,0,0.408828,0
5.72918e+07,0.809095,0.0631111,9.89915,0.364065,0.0316051,0.533848,0.0327137,4.67252,0.0594258,4.98329,0.0582285,0.0989357,0.0908351,0.037,0.036764,-0.0134173,43.4888,-3,1.24152,-0.432685,0.0467874,0,0,0.425827,0
5.73118e+07,0.81146,0.144997,9.87554,0.838357,0.184187,0.538648,0.183007,4.69686,0.0136926,4.97162,0.0130604,0.00720584,0.00519524,0.037,0.0367657,-0.0133359,43.5065,-3,1.24124,-0.449703,0.0486174,0,0,0.44292,0
5.73318e+07,0.849674,0.113688,9.88258,0.656671,0.0161223,0.543256,0.0178408,4.91371,-0.00151968,4.96941,-0.00319422,0.129241,0.126459,0.037,0.0367676,-0.0131002,43.4771,-3,1.24104,-0.466698,0.0504645,0,0,0.459901,0
5.73518e+07,0.852076,0.0631111,9.86113,0.365326,-0.0600706,0.546305,-0.0586414,4.93842,0.0291183,4.97455,0.030803,0.0222942,0.0191205,0.037,0.0367687,-0.0129315,43.4888,-3,1.24082,-0.483697,0.0523406,0,0,0.476988,0
5.73718e+07,0.87834,0.0703363,9.86824,0.406763,0.19948,0.536684,0.195966,5.08618,0.029258,4.97737,0.0281093,0.0682142,0.0625244,0.038,0.0373687,-0.0109176,43.5153,-3,1.24062,-0.500706,0.0541892,0,0,0.493907,0
5.73918e+07,0.852058,0.128138,9.8731,0.740819,0.107617,0.536828,0.105317,4.93204,0.105416,4.97628,0.105362,-0.0387332,-0.0367623,0.038,0.0377411,-0.00995019,43.5006,-3,1.24047,-0.517724,0.0560229,0,0,0.510894,0
5.74118e+07,0.828182,0.120913,9.87549,0.699027,0.0464476,0.544725,0.0449955,4.79338,0.0135505,4.97522,0.0144539,-0.0387858,-0.0406738,0.038,0.0377826,-0.00964128,43.4712,-3,1.24038,-0.534737,0.057878,0,0,0.527828,0
5.74318e+07,0.89982,0.108871,9.88728,0.628275,-0.0297933,0.549114,-0.0289071,5.19973,-0.00163651,4.98068,-0.00283866,-0.00784051,-0.0114198,0.038,0.0377877,-0.00960257,43.4859,-3,1.24021,-0.551758,0.0597525,0,0,0.544941,0
5.74518e+07,0.840117,0.132955,9.866,0.769293,0.061831,0.545337,0.0618199,4.86671,-0.0166409,4.97423,-0.0189756,0.0532477,0.0409003,0.038,0.0377851,-0.0103058,43.5153,-3,1.24019,-0.568778,0.0616178,0,0,0.562045,0
5.74718e+07,0.837733,0.120913,9.87785,0.698804,-0.0299456,0.546304,-0.0282161,4.84725,0.0443358,4.97562,0.0440317,-0.0536278,-0.0495756,0.038,0.037781,-0.0108096,43.5006,-3,1.24018,-0.585792,0.0634823,0,0,0.579002,0
5.74918e+07,0.875952,0.0727447,9.93472,0.417906,-0.0603118,0.553881,-0.0594479,5.03865,-0.00143552,4.97991,-0.000266596,0.12928,0.131273,0.037,0.0371822,-0.0121694,43.4624,-3,1.24034,-0.602808,0.0653753,0,0,0.596018,0
5.75118e+07,0.911765,0.0896036,9.82788,0.520134,0.153389,0.5546,0.151937,5.30013,0.0293,4.98757,0.0278083,-0.084501,-0.0829922,0.037,0.0368087,-0.0136831,43.5271,-3,1.24039,-0.619847,0.0672765,0,0,0.613069,0
5.75318e+07,0.856855,0.051069,9.84449,0.296104,0.076721,0.547505,0.0772599,4.97437,0.0138428,4.99197,0.0121688,0.0530095,0.0514575,0.037,0.0367648,-0.0142898,43.5153,-3,1.24051,-0.636912,0.0691606,0,0,0.630012,0
5.75518e+07,0.890273,0.0944205,9.82791,0.548201,-0.121754,0.551771,-0.0440077,5.17584,0.0139341,4.99416,0.0271843,-0.0388421,0.169297,0.038,0.036761,-0.0139632,43.5035,-3,1.24068,-0.650571,0.0706651,0,0,0.647216,0
5.75718e+07,0.854449,0.116096,9.8802,0.670713,-0.0606136,0.550706,-0.0588396,4.94235,0.15143,4.99138,0.147012,-0.0236028,-0.0182538,0.038,0.037707,-0.0112001,43.4976,-3,1.24092,-0.671056,0.0729257,0,0,0.664231,0
5.75918e+07,0.861615,0.106463,9.90867,0.61327,0.000623941,0.549458,0.00116693,4.96941,-0.0776703,4.98908,-0.0762293,0.006989,0.00759673,0.038,0.0377692,-0.0110614,43.4947,-3,1.24114,-0.688116,0.0748042,0,0,0.681282,0
5.7633e+07,0.890275,0.0871952,9.892,0.503,0.0461043,0.541413,0.0460825,5.14254,0.0592937,4.98513,0.0619385,0.0222859,0.0240606,0.037,0.036829,-0.014081,43.4447,-3,1.24172,-0.722201,0.0785339,0,0,0.715333,0
5.76538e+07,0.897444,0.0679279,9.84448,0.393708,-0.0607547,0.535361,-0.0607387,5.20868,-0.0781403,4.98998,-0.0766667,-0.0388719,-0.0354895,0.037,0.0367663,-0.0144449,43.5006,-3,1.24207,-0.739251,0.0803759,0,0,0.732362,0
5.76739e+07,0.875938,0.123321,9.8802,0.712317,0.0308591,0.531711,0.032279,5.06597,-0.108692,4.99674,-0.106885,-0.0996022,-0.100967,0.038,0.0371227,-0.0134512,43.5153,-3,1.24235,-0.756322,0.0821952,0,0,0.74948,0
5.76948e+07,0.866389,0.113688,9.89919,0.655482,0.000116229,0.53906,-0.0151732,5.00152,0.0136619,4.99396,-0.0797168,-0.0536165,0.0665351,0.038,0.037705,-0.0113465,43.5212,-3,1.24274,-0.773403,0.0840346,0,0,0.766582,0
5.77158e+07,0.849676,0.106463,9.86832,0.615822,-0.0148952,0.537001,-0.014946,4.92082,-0.032109,4.98863,-0.0312122,0.00772727,0.00865162,0.038,0.0377724,-0.0110829,43.4947,-3,1.24321,-0.793877,0.0862455,0,0,0.783741,0
5.77358e+07,0.90938,0.0775616,9.90859,0.446609,0.0309657,0.533964,0.0309711,5.24358,-0.00159264,4.99611,-0.00213628,-0.00753403,-0.0116351,0.037,0.0371767,-0.013038,43.5212,-3,1.24371,-0.810951,0.088076,0,0,0.800696,0
5.77558e+07,0.821031,0.0727447,9.89916,0.419594,-0.0147765,0.529283,-0.0165229,4.74111,-0.047168,4.99208,-0.0474627,-0.00714982,-0.0179396,0.037,0.0368061,-0.0136444,43.4771,-3,1.24414,-0.828026,0.0898947,0,0,0.817808,0
5.77758e+07,0.885498,0.0896036,9.88963,0.517038,0.000464201,0.53632,0.00246562,5.1163,-0.016531,4.98457,-0.0171187,0.0845184,0.0791077,0.037,0.0367676,-0.013725,43.5006,-3,1.24471,-0.845072,0.0917225,0,0,0.834893,0
5.77958e+07,0.897448,0.051069,9.87769,0.295009,-0.0145974,0.527328,-0.0134677,5.19135,0.0292754,4.98274,0.0287047,-0.0223966,-0.0210136,0.037,0.0367645,-0.0134436,43.4918,-3,1.2453,-0.862103,0.0935407,0,0,0.851926,0
5.78158e+07,0.866384,0.130547,9.83748,0.757358,-0.0908628,0.531159,-0.0896827,5.0326,0.120542,4.98825,0.119086,0.00827563,0.00702944,0.037,0.0367671,-0.0131165,43.4859,-3,1.24591,-0.87915,0.0953467,0,0,0.868824,0
5.78358e+07,0.892658,0.104054,9.88015,0.600948,0.0313569,0.535359,0.031645,5.16229,-0.0628765,4.99449,-0.0610974,-0.113773,-0.107545,0.037,0.0367659,-0.0132377,43.4829,-3,1.24654,-0.896219,0.097172,0,0,0.885897,0
5.78558e+07,0.859234,0.0847868,9.87778,0.489942,0.107653,0.538465,0.108164,4.97127,0.059268,4.99608,0.0595622,-0.037434,-0.0367307,0.037,0.0367654,-0.0133434,43.4888,-3,1.24727,-0.913298,0.0990114,0,0,0.903064,0
5.78758e+07,0.897434,0.104054,9.89914,0.599779,0.031131,0.535553,0.0308656,5.17986,-0.154453,4.99518,-0.153283,-0.00686014,-0.00471802,0.037,0.0367643,-0.0134076,43.5065,-3,1.24801,-0.93037,0.100842,0,0,0.920036,0
5.78958e+07,0.856838,0.111279,9.93955,0.639065,-0.0147094,0.540722,-0.0138443,4.92669,0.0288215,4.9958,0.0290774,0.206859,0.197755,0.037,0.0367652,-0.0130196,43.5329,-3,1.24884,-0.947451,0.102681,0,0,0.937276,0
5.79158e+07,0.821023,0.104054,9.88021,0.601319,-0.167408,0.551654,-0.163606,4.74997,0.0747149,4.99738,0.0735228,-0.0221939,-0.0224365,0.037,0.0367675,-0.0127778,43.5065,-3,1.24963,-0.964541,0.104557,0,0,0.954316,0
5.79358e+07,0.854465,0.0607027,9.86112,0.351378,0.0921438,0.546831,0.0926606,4.95221,-0.0930707,4.99061,-0.0930717,0.0848014,0.0820119,0.037,0.0367702,-0.0125672,43.4976,-3,1.25047,-0.981609,0.106437,0,0,0.971377,0
5.79558e+07,0.840134,0.0727447,9.86353,0.421031,-0.167547,0.548904,-0.164565,4.86833,0.0596066,4.98384,0.0598844,-0.00694513,-0.00361719,0.037,0.0367729,-0.0122143,43.4947,-3,1.25138,-0.998655,0.108316,0,0,0.988512,0
5.79758e+07,0.868782,0.0968289,9.88966,0.558809,-0.137002,0.552737,-0.133216,5.02016,0.12062,4.99152,0.118842,-0.05278,-0.0478032,0.037,0.0367723,-0.0122839,43.4771,-3,1.25231,-1.01571,0.110196,0,0,1.00543,0
5.79958e+07,0.880723,0.0896036,9.8469,0.519286,-0.0147074,0.553057,-0.017025,5.11082,-0.00184035,4.99467,-0.000935823,-0.0224009,-0.0196437,0.037,0.0367708,-0.0127394,43.5212,-3,1.25333,-1.03278,0.112088,0,0,1.02246,0
5.80158e+07,0.866398,0.0823784,9.90863,0.474524,0.0462493,0.553791,0.045119,4.99699,-0.215598,4.99136,-0.211774,0.0844367,0.0843087,0.037,0.0367725,-0.0119709,43.5153,-3,1.25436,-1.04985,0.113987,0,0,1.03956,0
5.80358e+07,0.840125,0.104054,9.85171,0.602949,-0.0456359,0.55709,-0.0444379,4.87396,-0.0777714,4.98268,-0.077191,-0.0684258,-0.0606909,0.038,0.0373738,-0.0102071,43.5271,-3,1.25542,-1.06689,0.115888,0,0,1.05679,0
5.80558e+07,0.859227,0.106463,9.87544,0.615331,0.0153954,0.558812,0.015129,4.9723,0.0900631,4.98439,0.0883182,0.0536554,0.049106,0.038,0.0377459,-0.00933486,43.5094,-3,1.25654,-1.08393,0.117799,0,0,1.07371,0
5.80758e+07,0.840129,0.0896036,9.88255,0.517611,-0.0457591,0.559734,-0.0443176,4.85891,-0.0780277,4.98143,-0.0782384,0.129936,0.123216,0.038,0.037786,-0.0091305,43.5212,-3,1.25768,-1.10096,0.119713,0,0,1.09069,0
5.80958e+07,0.868782,0.0944205,9.8944,0.544651,0.183053,0.562906,0.180101,5.01778,0.0134356,4.98469,0.0143233,-0.0535089,-0.0511149,0.037,0.0371904,-0.0112532,43.5153,-3,1.25886,-1.11799,0.121638,0,0,1.10775,0
5.81158e+07,0.842508,0.123321,9.90397,0.710827,0.045369,0.565472,0.0450977,4.86194,-0.108694,4.98209,-0.106074,0.00768805,0.00560188,0.037,0.0368155,-0.0125612,43.5153,-2.99825,1.25856,-0.010258,0.00122742,0,0,1.12477,0
5.81358e+07,0.852074,0.0703363,9.88726,0.406081,-0.0616213,0.558946,-0.0618266,4.9254,-0.0782743,4.98805,-0.0759294,-0.205973,-0.196311,0.037,0.0367776,-0.0120975,43.4947,-2.99562,1.25728,-0.0273062,0.00314988,0,0,0.0170566,0
5.81558e+07,0.864015,0.0655195,9.92285,0.376886,-0.0616314,0.557541,-0.0598583,4.97627,-0.0933876,4.98921,-0.0918919,0.00797963,0.00661168,0.038,0.0373745,-0.0098268,43.4918,-2.99331,1.25608,-0.0443603,0.00506012,0,0,0.034171,0
5.81758e+07,0.847306,0.0438438,9.88247,0.253263,0.151965,0.557575,0.149622,4.90041,-0.0932708,4.98724,-0.0906276,-0.05295,-0.055551,0.038,0.0377462,-0.00933499,43.5094,-2.99137,1.2549,-0.06141,0.00697004,0,0,0.051233,0
5.82558e+07,0.830579,0.0871952,9.84457,0.50567,-0.107952,0.554266,-0.104726,4.82239,0.0747159,4.99264,0.0726767,-0.00698638,-0.00478882,0.037,0.0367775,-0.0124791,43.5329,-2.98693,1.2507,-0.129626,0.0146582,0,0,0.119296,0
5.82758e+07,0.847292,0.092012,9.89442,0.530858,0.0448824,0.556064,-0.0182388,4.89428,0.0289087,4.99242,-0.0621407,0.0389285,-0.0475817,0.037,0.0367722,-0.0123694,43.4918,-2.98671,1.24992,-0.143282,0.0161789,0,0,0.136431,0
5.83758e+07,0.847291,0.0968289,9.91105,0.557716,-0.00132334,0.543658,-0.00161751,4.88608,0.150897,5.00064,0.148818,0.0238585,0.019176,0.038,0.0377842,-0.00888145,43.4888,-2.99054,1.24556,-0.232128,0.0259793,0,0,0.221846,0
5.83958e+07,0.873552,0.116096,9.88256,0.670442,0.166548,0.542001,-0.000532509,5.05108,-0.0171692,4.99927,0.132945,-0.0525484,0.0239491,0.038,0.0377891,-0.00929884,43.4976,-2.99193,1.245,-0.245803,0.0274659,0,0,0.238951,0
5.84758e+07,0.871175,0.0775616,9.85164,0.449325,-0.017036,0.536477,-0.0158662,5.05333,-0.00160456,4.98931,-0.00414867,0.130607,0.126339,0.037,0.0368412,-0.0124292,43.5035,-3,1.24244,-0.317525,0.0352177,0,0,0.307361,0
5.84958e+07,0.828189,0.0944205,9.89681,0.54471,-0.123741,0.5362,-0.121686,4.78329,-0.0169387,4.98622,-0.0152199,-0.0527794,-0.0506851,0.037,0.0367791,-0.0124205,43.5153,-3,1.24192,-0.334577,0.0370538,0,0,0.324331,0
5.85758e+07,0.875948,0.0847868,9.9015,0.488705,-0.108255,0.535655,0.0876351,5.05539,0.089582,4.98886,-0.0587827,0.0392239,0.0191757,0.038,0.0367704,-0.012606,43.5094,-3,1.24018,-0.399363,0.0440196,0,0,0.392486,0
5.85958e+07,0.85206,0.120913,9.89683,0.697388,-0.062253,0.528822,-0.0628031,4.92033,0.028595,4.98426,0.0276753,-0.0217452,-0.0235933,0.038,0.0377179,-0.0096512,43.5359,-3,1.23974,-0.419826,0.0461944,0,0,0.409558,0
5.86758e+07,0.832957,0.120913,9.86599,0.699667,0.0145128,0.53864,0.0142136,4.82552,-0.0781124,4.98457,-0.078334,-0.0829279,-0.0784528,0.037,0.0367799,-0.0123211,43.4918,-3,1.23878,-0.487999,0.0535007,0,0,0.477697,0
5.86958e+07,0.859236,0.0775616,9.911,0.446701,-0.0617714,0.538205,0.131556,4.95472,-0.00179434,4.98077,0.0276218,-0.021845,-0.0202641,0.036,0.0367731,-0.0126475,43.4888,-3,1.23866,-0.501622,0.054979,0,0,0.4948,0
5.88758e+07,0.840133,0.0775616,9.85641,0.449231,0.106309,0.524567,-0.0446597,4.8718,0.089402,4.97069,-0.0177538,0.00934815,0.00802596,0.037,0.0367771,-0.0118846,43.4888,-3,1.23868,-0.654723,0.0713055,0,0,0.64788,0
5.88968e+07,0.837744,0.0823784,9.91341,0.474415,-0.030849,0.51968,-0.0320698,4.8302,0.104703,4.97336,0.102058,0.0400528,0.0330797,0.037,0.0367776,-0.0115456,43.5182,-3,1.23889,-0.675124,0.0734497,0,0,0.664926,0
5.89168e+07,0.847296,0.0775616,9.8849,0.447918,-0.0612235,0.518855,-0.0617897,4.89905,-0.0328636,4.97379,-0.0334342,-0.0666356,-0.0712575,0.037,0.0367774,-0.0118802,43.5212,-3,1.23907,-0.692125,0.0752346,0,0,0.681862,0
5.89378e+07,0.885504,0.0679279,9.90384,0.391409,-0.061223,0.51837,-0.0588899,5.10912,0.0890269,4.9696,0.0884684,0.0400857,0.0435951,0.036,0.0364128,-0.0128042,43.5271,-3,1.23941,-0.709113,0.0770107,0,0,0.698911,0
5.89588e+07,0.859234,0.0847868,9.85166,0.49123,0.0457822,0.522621,-0.0905321,4.98438,-0.155259,4.96997,-0.121943,0.0248095,0.0201224,0.036,0.0358321,-0.0144363,43.5212,-3,1.23972,-0.7261,0.0787899,0,0,0.715786,0
5.89798e+07,0.887887,0.0871952,9.88013,0.503611,0.122094,0.522972,0.119744,5.13494,-0.185662,4.9749,-0.181273,-0.0822452,-0.0761578,0.036,0.0357655,-0.0146776,43.4976,-3,1.24017,-0.746496,0.0809344,0,0,0.732997,0
5.89998e+07,0.859242,0.0558858,9.88485,0.322712,-0.0153592,0.523718,-0.0444729,4.96787,-0.00221443,4.97241,-0.122667,0.009601,-0.196589,0.036,0.035763,-0.0143402,43.5241,-3,1.24044,-0.760098,0.0823701,0,0,0.749951,0
5.90198e+07,0.85684,0.104054,9.92292,0.598568,-0.0154562,0.516049,-0.0176903,4.93496,0.0587046,4.96648,0.0578295,0.0551569,0.0552841,0.036,0.0357651,-0.013937,43.4888,-3,1.24102,-0.780485,0.084496,0,0,0.766905,0
5.90398e+07,0.86639,0.108871,9.83032,0.632075,0.0152376,0.51895,0.0154698,5.03641,-0.246763,4.97419,-0.240966,0.0854343,0.0847967,0.036,0.035766,-0.0141039,43.5035,-3,1.24156,-0.797481,0.086265,0,0,0.783804,0
5.90598e+07,0.866402,0.0679279,9.90623,0.391382,-0.0153089,0.520812,0.0446376,4.99827,-0.0479267,4.97681,-0.0465196,0.14643,0.0773035,0.037,0.0357644,-0.014031,43.5035,-3,1.24196,-0.811086,0.0876935,0,0,0.801003,0
5.90808e+07,0.83773,0.132955,9.866,0.769308,-0.0458065,0.524658,-0.0449258,4.85295,-0.00208044,4.97673,-0.000932121,-0.0978192,-0.0984153,0.037,0.0367129,-0.0110232,43.5006,-3,1.24257,-0.831505,0.0898352,0,0,0.817962,0
5.91018e+07,0.880716,0.113688,9.88255,0.656494,-0.0154552,0.537627,-0.0134149,5.09231,-0.0785418,4.9781,-0.0784916,0.0398784,0.0348912,0.037,0.0367745,-0.0111662,43.5124,-3,1.24308,-0.848518,0.09166,0,0,0.834855,0
5.91228e+07,0.859226,0.111279,9.98229,0.636336,0.076246,0.536419,0.045731,4.91931,0.0891516,4.97481,0.101627,0.100695,0.0873601,0.038,0.037146,-0.00968193,43.4976,-3,1.24375,-0.865533,0.0934948,0,0,0.851886,0
5.91438e+07,0.918925,0.101646,9.90862,0.585226,0.0151781,0.539226,0.0131377,5.29818,-0.109556,4.9804,-0.106297,-0.0522815,-0.0474021,0.038,0.0377573,-0.00762814,43.5035,-3,1.24459,-0.885949,0.0957061,0,0,0.885922,0
5.91638e+07,0.856844,0.0896036,9.9039,0.516429,0.0303844,0.536355,0.0315487,4.94448,-0.0486963,4.98301,-0.0440554,-0.00662494,-0.00390159,0.038,0.0377965,-0.00770934,43.4947,-3,1.24532,-0.902982,0.0975487,0,0,0.902893,0
5.91838e+07,0.885503,0.0727447,9.82313,0.42258,-0.0305005,0.534021,-0.0339599,5.15085,-0.0335646,4.98755,-0.0286415,0.0391297,0.0333997,0.037,0.0371982,-0.010428,43.48,-3,1.24606,-0.920023,0.099382,0,0,0.919972,0
5.92038e+07,0.866387,0.120913,9.8897,0.6978,-0.0153189,0.539537,-0.0141658,5.00624,0.164689,4.99181,0.162373,-0.0984068,-0.0915075,0.037,0.0368208,-0.0117955,43.4771,-3,1.24683,-0.937087,0.10122,0,0,0.936956,0
5.92838e+07,0.856856,0.0486606,9.94182,0.279398,0.060616,0.542394,0.0629446,4.92592,0.0113788,5.00207,0.012255,0.00906694,0.0108703,0.037,0.0367718,-0.012139,43.4976,-3,1.25008,-1.00547,0.108644,0,0,1.00543,0
5.93038e+07,0.871169,0.0968289,9.9134,0.557469,0.014731,0.543351,0.0144493,5.0219,0.0112481,4.99818,0.0115371,-0.0518671,-0.0524137,0.037,0.0367724,-0.0120407,43.5212,-3,1.25097,-1.02256,0.110501,0,0,1.02251,0
5.93238e+07,0.840129,0.0896036,9.88017,0.517735,-0.0463601,0.54249,-0.0446035,4.86008,0.0568213,4.99459,0.057942,0.0398211,0.0338923,0.037,0.0367726,-0.0123722,43.4859,-3,1.25194,-1.03964,0.112357,0,0,1.03955,0
5.93438e+07,0.8664,0.0727447,9.85638,0.421238,-0.000666261,0.54346,-0.000349397,5.02339,-0.0806639,4.99444,-0.0780474,-0.0213579,-0.0133059,0.037,0.03677,-0.0128719,43.5153,-3,1.25296,-1.05671,0.114216,0,0,1.05672,0
5.93638e+07,0.887886,0.092012,9.86352,0.532317,0.0146279,0.539068,0.0140569,5.14352,-0.126411,4.99665,-0.123801,-0.112937,-0.106767,0.036,0.0361688,-0.0149779,43.4918,-3,1.25398,-1.07379,0.116063,0,0,1.07382,0
5.93838e+07,0.89982,0.108871,9.92052,0.626187,0.0758332,0.534963,0.0749241,5.1824,-0.0651305,5.00205,-0.0651259,0.00933421,0.0106573,0.036,0.0357956,-0.0156166,43.4859,-3,1.25505,-1.09088,0.117897,0,0,1.09093,0
5.94038e+07,0.852061,0.118505,9.87071,0.685293,0.13666,0.540738,0.134088,4.93331,-0.0498476,4.99904,-0.0474808,-0.0211397,-0.0238565,0.036,0.0357585,-0.015264,43.5006,-3,1.25615,-1.10797,0.119741,0,0,1.10797,0
5.94838e+07,0.849675,0.111279,9.90394,0.641385,0.0448167,0.551611,0.0456374,4.90318,-0.0804734,4.99366,-0.0804687,-0.0513147,-0.0451537,0.038,0.037787,-0.00936928,43.5065,-2.99249,1.2536,-0.0513473,0.00571047,0,0,0.0514166,0
5.95038e+07,0.84251,0.116096,9.92295,0.667914,-0.0620615,0.550577,-0.0608867,4.85274,-0.0956025,4.99968,-0.0941283,-0.0359157,-0.0378532,0.038,0.0377876,-0.00936699,43.5094,-2.99067,1.25244,-0.0684351,0.00759307,0,0,0.0684875,0
5.96048e+07,0.823416,0.0847868,9.90867,0.488574,-0.0616571,0.549749,-0.0608084,4.75022,0.0416343,4.98398,0.0431039,0.0403553,0.0404859,0.037,0.0367745,-0.0120677,43.5271,-2.98666,1.24744,-0.15373,0.0170207,0,0,0.153613,0
5.96248e+07,0.873566,0.0655195,9.91097,0.377303,-0.0310472,0.556326,-0.0296284,5.037,-0.00407743,4.98337,-0.00635665,-0.097247,-0.0904012,0.037,0.0367737,-0.0121164,43.5094,-2.98688,1.24657,-0.170771,0.0189227,0,0,0.170815,0
5.97048e+07,0.899827,0.0847868,9.88724,0.489299,-0.0619755,0.555428,-0.06106,5.19991,0.0878561,4.98639,0.0843367,-0.0664291,-0.0614833,0.038,0.0377859,-0.00907007,43.5153,-2.99121,1.24333,-0.238973,0.0265294,0,0,0.238957,0
5.97248e+07,0.87594,0.113688,9.88493,0.656365,0.106162,0.554878,0.104943,5.06363,-0.0497162,4.98426,-0.0493897,0.146991,0.143554,0.037,0.0374277,-0.00989542,43.5212,-2.99308,1.24276,-0.256013,0.0284265,0,0,0.255992,0
5.99048e+07,0.859226,0.113688,9.92293,0.653966,0.0300581,0.55479,0.0297693,4.94857,0.0266945,4.97379,0.0301772,-0.0364983,-0.0392254,0.038,0.0371398,-0.0106162,43.5035,-3,1.23826,-0.409342,0.0454838,0,0,0.409232,0
5.99248e+07,0.859238,0.0703363,9.83264,0.408294,0.0145122,0.557772,0.0174126,4.99405,0.0572319,4.97119,0.056905,-0.0211586,-0.0210936,0.038,0.0377239,-0.00905107,43.4888,-3,1.23793,-0.426337,0.0473908,0,0,0.426329,0
5.99448e+07,0.847282,0.128138,9.91347,0.737856,0.0449029,0.557733,0.0472097,4.88467,-0.110862,4.97151,-0.109317,-0.112775,-0.108683,0.038,0.0377848,-0.00897566,43.4918,-3,1.23764,-0.443338,0.0492972,0,0,0.44333,0
5.99648e+07,0.875945,0.0968289,9.91814,0.557181,0.136571,0.556682,0.133622,5.04688,-0.126211,4.97823,-0.124931,0.0247022,0.025241,0.037,0.037425,-0.0103555,43.5124,-3,1.23741,-0.46035,0.0512041,0,0,0.460326,0
5.99848e+07,0.868781,0.0992373,9.85167,0.574898,0.0144124,0.554127,0.0129876,5.0394,0.026489,4.98233,0.0230634,-0.00560153,-0.00780695,0.037,0.0368435,-0.0121103,43.5094,-3,1.23715,-0.477383,0.0531056,0,0,0.477351,0
6.00048e+07,0.859244,0.0486606,9.90858,0.280323,0.029683,0.547671,0.0296775,4.95607,-0.187357,4.98272,-0.184093,-0.0210903,-0.0178065,0.037,0.0367805,-0.0121287,43.5182,-3,1.23704,-0.494422,0.0549864,0,0,0.494443,0
6.00248e+07,0.866396,0.0896036,9.8944,0.516879,0.105815,0.548036,0.106027,5.0041,0.102626,4.98639,0.102899,0.0244662,0.0266511,0.037,0.0367727,-0.0124318,43.4918,-3,1.23699,-0.511466,0.0568617,0,0,0.511353,0
6.00448e+07,0.830566,0.132955,9.92299,0.764968,-0.138529,0.551978,-0.137016,4.78415,0.0108569,4.98479,0.0103082,-0.036761,-0.0340359,0.037,0.0367746,-0.0116715,43.5182,-3,1.23694,-0.528518,0.0587401,0,0,0.528486,0
6.00648e+07,0.871177,0.0703363,9.91336,0.404952,-0.0926372,0.549987,-0.0920395,5.02207,-0.248899,4.98468,-0.241028,0.10051,0.101657,0.037,0.036777,-0.0115726,43.5182,-3,1.23695,-0.545559,0.0606304,0,0,0.545556,0
6.00848e+07,0.87357,0.051069,9.86584,0.295424,-0.0774269,0.54613,-0.0765232,5.05999,0.0414028,4.98611,0.0407713,-0.0370404,-0.0277364,0.037,0.036775,-0.0122357,43.5065,-3,1.23695,-0.562603,0.0625114,0,0,0.562602,0
6.01048e+07,0.801931,0.0631111,9.9229,0.36322,0.0447148,0.540988,0.0449703,4.62029,-0.0960331,4.98116,-0.0919541,0.0391631,0.0357885,0.037,0.0367734,-0.0121829,43.4947,-3,1.23703,-0.579644,0.0643726,0,0,0.579671,0
6.01258e+07,0.864007,0.0944205,9.89916,0.544414,0.0294521,0.539891,0.0291363,4.98796,0.163892,4.97792,0.160338,-0.0217571,-0.0186855,0.037,0.0367737,-0.0122183,43.5035,-3,1.23705,-0.596663,0.0662201,0,0,0.596726,0
6.01458e+07,0.854453,0.101646,9.85881,0.5885,0.0292246,0.541876,0.0314925,4.95313,0.0111639,4.97757,0.0102764,-0.0522656,-0.0501271,0.037,0.0367723,-0.0126295,43.4888,-3,1.23714,-0.613685,0.0680743,0,0,0.613707,0
6.01658e+07,0.864003,0.106463,9.91105,0.613111,-0.0471303,0.54421,-0.0454126,4.98192,0.0110219,4.98213,0.0112996,-0.0216689,-0.0182631,0.037,0.0367717,-0.0124029,43.5271,-3,1.23726,-0.630716,0.0699349,0,0,0.630667,0
6.01858e+07,0.84968,0.0944205,9.87068,0.546041,-0.108243,0.543604,-0.105006,4.91974,0.209573,4.98186,0.205733,-0.189656,-0.178943,0.037,0.0367714,-0.0125561,43.5359,-3,1.23742,-0.647754,0.0717987,0,0,0.647727,0
6.02058e+07,0.864015,0.0655195,9.85162,0.37959,0.0597259,0.540895,0.0602752,5.01206,0.132949,4.98493,0.129735,0.0546082,0.055701,0.037,0.0367716,-0.012588,43.5212,-3,1.23769,-0.664794,0.0736583,0,0,0.664715,0
6.02268e+07,0.852074,0.0703363,9.85877,0.407246,0.181845,0.537858,-0.0777084,4.93956,0.0410631,4.9904,0.116579,0.00887406,0.0385225,0.037,0.0367723,-0.0122203,43.5535,-3,1.23791,-0.681851,0.0755026,0,0,0.681789,0
6.03069e+07,0.859233,0.0871952,9.94426,0.500515,-0.0321031,0.53401,0.0283965,4.93818,-0.065937,4.99452,0.0225484,-0.142834,-0.0567464,0.036,0.0357652,-0.0149523,43.5006,-3,1.23902,-0.750157,0.0828515,0,0,0.750182,0
6.03268e+07,0.873558,0.0944205,9.87066,0.545928,0.18168,0.536213,0.0145838,5.0573,-0.00486112,4.99127,0.0245467,-0.00534713,0.0510818,0.036,0.0357609,-0.0143393,43.5271,-3,1.23943,-0.767228,0.0846858,0,0,0.767231,0
6.04068e+07,0.859251,0.022168,9.92041,0.127555,0.0138513,0.528836,0.0138504,4.95028,-0.0203671,4.99655,0.0865568,-0.0361122,0.0421509,0.038,0.0376581,-0.00816394,43.5124,-3,1.24158,-0.835521,0.0919408,0,0,0.835447,0
6.04278e+07,0.856842,0.0968289,9.88255,0.559266,0.0596461,0.523144,0.0587918,4.95506,-0.00506735,4.9924,-0.00537172,0.086023,0.0832709,0.038,0.0377893,-0.00810708,43.5271,-3,1.24234,-0.85601,0.0940875,0,0,0.852608,0
6.05078e+07,0.852063,0.111279,9.86833,0.643669,0.181418,0.539874,0.0590007,4.93455,0.0258017,4.98138,-0.109337,0.0253348,-0.0839535,0.037,0.0377859,-0.0100362,43.5271,-3,1.2449,-0.920802,0.101027,0,0,0.920842,0
6.05278e+07,0.835354,0.0896036,9.8778,0.517879,0.0592146,0.544032,0.0583441,4.83373,0.0564156,4.97527,0.055512,-0.00516653,-0.00710182,0.037,0.0368373,-0.0130634,43.5065,-3,1.24584,-0.941225,0.103261,0,0,0.937852,0
6.06278e+07,0.852057,0.130547,9.91347,0.751691,0.0590358,0.553904,0.028797,4.91204,-0.141831,4.9752,-0.0337984,-0.143015,-0.033864,0.037,0.0377738,-0.0114037,43.53,-3,1.2503,-1.02291,0.112311,0,0,1.02296,0
6.06478e+07,0.852069,0.0896036,9.89678,0.516819,0.0743357,0.557201,0.0717351,4.92057,-0.0501742,4.98146,-0.0467151,0.0403597,0.0403209,0.037,0.0368293,-0.0139965,43.4888,-3,1.25148,-1.04334,0.114601,0,0,1.03995,0
6.07278e+07,0.856844,0.0896036,9.87066,0.518155,0.0888095,0.536235,0.0879572,4.96104,0.0569594,4.98916,0.0537715,-0.0512069,-0.0458199,0.038,0.0377633,-0.0119872,43.5094,-3,1.25589,-1.11157,0.122067,0,0,1.1082,0
6.07478e+07,0.887887,0.0871952,9.87063,0.504091,-0.0181592,0.534785,0.0417636,5.13986,-0.00417829,4.99186,-0.0482735,0.0861094,0.058123,0.036,0.0377698,-0.0119195,43.5153,-3,1.25688,-2.36886e-05,3.4396e-05,0,0,1.1252,0
6.10278e+07,0.864003,0.106463,9.86831,0.615746,0.0726495,0.533644,0.0718034,5.00339,-0.0647683,4.98048,-0.0647253,-0.0825667,-0.0772295,0.037,0.0367696,-0.0139312,43.5212,-2.99136,1.24298,-0.241882,0.026061,0,0,0.238486,0
6.10478e+07,0.832976,0.0534774,9.83264,0.310503,0.0572263,0.534265,0.0408185,4.8422,-0.0648022,4.97989,-0.0189715,-0.0517149,0.00246946,0.037,0.0367638,-0.0136826,43.5065,-2.99294,1.24235,-0.255502,0.0275242,0,0,0.25549,0
6.10878e+07,0.809079,0.120913,9.89925,0.697471,-0.00364137,0.527546,-0.00361437,4.67213,-0.0800042,4.96746,-0.0762019,-0.0517648,-0.0529768,0.037,0.0367653,-0.0132418,43.5241,-2.99834,1.24091,-0.292909,0.0315018,0,0,0.289462,0
6.11078e+07,0.856846,0.0847868,9.87303,0.490185,0.133655,0.52771,0.1775,4.95989,0.13397,4.96437,0.0406099,-0.00617146,0.0868835,0.038,0.0367683,-0.0129617,43.4888,-3,1.24049,-0.306492,0.0329474,0,0,0.306574,0
6.11278e+07,0.88311,0.092012,9.81841,0.534766,0.0416161,0.530152,0.044805,5.13937,0.194869,4.97045,0.194205,0.0700425,0.0714926,0.038,0.0377144,-0.010566,43.5388,-3,1.23986,-0.32687,0.0351197,0,0,0.323413,0
6.11478e+07,0.878329,0.111279,9.89205,0.641989,0.0570953,0.533429,0.0550377,5.07375,0.103,4.97503,0.0986995,0.0089258,0.0102491,0.038,0.0377751,-0.0104962,43.5182,-3,1.23934,-0.34387,0.0369405,0,0,0.340374,0
6.11678e+07,0.861621,0.0871952,9.8754,0.503967,-0.00400651,0.536931,0.129713,4.98619,-0.0955553,4.98193,-0.0209311,-0.0826151,-0.0393749,0.038,0.0377796,-0.010676,43.53,-3,1.23893,-0.35749,0.0384131,0,0,0.357462,0
6.11878e+07,0.847304,0.0486606,9.8991,0.280618,-0.0497431,0.533521,-0.0503038,4.8922,0.210121,4.9799,0.206828,-0.03685,-0.0286131,0.038,0.0377787,-0.0110242,43.5388,-3,1.23839,-0.377926,0.040618,0,0,0.374637,0
6.12078e+07,0.854455,0.0944205,9.84456,0.547457,0.0725685,0.529723,0.0716535,4.96031,0.0269542,4.97351,0.0254893,0.00876915,0.0161333,0.038,0.0377779,-0.0112409,43.5329,-3,1.23804,-0.394938,0.0424317,0,0,0.391551,0
6.12278e+07,0.842519,0.0847868,9.88729,0.489544,-0.0193001,0.529388,-0.0157855,4.87036,0.011482,4.97215,0.01176,0.0390612,0.0417201,0.038,0.0377766,-0.0113567,43.5212,-3,1.23773,-0.411939,0.0442432,0,0,0.408468,0
6.12478e+07,0.847285,0.118505,9.90158,0.683201,-0.0346487,0.541374,-0.0334677,4.89057,0.07248,4.97174,0.0721926,0.0389783,0.0370485,0.037,0.0368695,-0.0140288,43.5271,-3,1.23742,-0.428937,0.046081,0,0,0.425513,0
6.12678e+07,0.866383,0.135363,9.81612,0.786995,0.0875659,0.544932,0.0869401,5.04345,-0.0804083,4.97654,-0.0754576,-0.0374037,-0.0281106,0.037,0.0367725,-0.0141009,43.5182,-3,1.23711,-0.445946,0.0479399,0,0,0.442468,0
6.12878e+07,0.828193,0.07997,9.91341,0.460582,0.0110998,0.544433,0.0116768,4.7754,0.0723526,4.97014,0.0700515,0.115064,0.112551,0.037,0.036764,-0.0135449,43.5388,-3,1.23693,-0.462951,0.0498064,0,0,0.459583,0
6.13078e+07,0.875947,0.0896036,9.85403,0.518936,0.0874645,0.539769,0.0854469,5.07959,0.0111537,4.97628,0.00913637,-0.037665,-0.0382921,0.037,0.0367652,-0.0135133,43.5035,-3,1.23669,-0.479956,0.0516553,0,0,0.476508,0
6.13278e+07,0.861621,0.0847868,9.86828,0.490399,0.0110477,0.536626,0.0113247,4.98978,0.0877008,4.97618,0.0861983,0.130266,0.125989,0.037,0.0367647,-0.0135736,43.5212,-3,1.23654,-0.496965,0.0535004,0,0,0.493637,0
6.13478e+07,0.842521,0.0775616,9.86828,0.448685,-0.00441015,0.539811,-0.00153304,4.87974,-0.0498097,4.9771,-0.0486295,-0.00735402,-0.00278541,0.037,0.036765,-0.0134343,43.5212,-3,1.23642,-0.513986,0.0553441,0,0,0.510546,0
6.13678e+07,0.828182,0.120913,9.88498,0.69836,0.0567615,0.542201,0.0558797,4.7888,-0.187198,4.97539,-0.18455,-0.0989522,-0.0922464,0.038,0.0376722,-0.0107355,43.4947,-3,1.23628,-0.531004,0.057193,0,0,0.527608,0
6.13878e+07,0.847286,0.113688,9.88021,0.656841,-0.0655173,0.536949,-0.0631512,4.90114,0.11838,4.9738,0.114616,0.160619,0.160547,0.038,0.0377689,-0.0108024,43.5565,-3,1.23625,-0.548015,0.0590323,0,0,0.544696,0
6.14279e+07,0.871176,0.0727447,9.90624,0.419117,0.041108,0.542333,0.0402825,5.02565,-0.095294,4.97644,-0.0929662,-0.0378926,-0.0420224,0.037,0.0368666,-0.0144964,43.5212,-3,1.23617,-0.582022,0.0627199,0,0,0.578574,0
6.14478e+07,0.866398,0.0823784,9.83503,0.478048,-0.0507444,0.539557,-0.0495579,5.03419,0.16458,4.97133,0.161908,-0.0379609,-0.0377433,0.037,0.0367685,-0.0147405,43.5094,-3,1.23623,-0.599027,0.0645711,0,0,0.595744,0
6.14678e+07,0.859232,0.092012,9.9039,0.530298,-0.0507734,0.537973,-0.0504849,4.95817,-0.110557,4.97936,-0.107586,-0.0837814,-0.0822904,0.037,0.0367577,-0.0146075,43.4947,-3,1.23629,-0.616044,0.0664148,0,0,0.612525,0
6.14878e+07,0.861615,0.108871,9.87781,0.629087,-0.0814588,0.540773,-0.0759759,4.98484,-0.110591,4.98444,-0.105625,0.0230819,0.0217583,0.037,0.036759,-0.0142592,43.5065,-3,1.23642,-0.633075,0.068257,0,0,0.629656,0
6.15278e+07,0.864006,0.0968289,9.96564,0.554604,0.0558527,0.543941,0.0546779,4.95483,-0.0492871,4.98282,-0.0469534,-0.0685222,-0.0612729,0.037,0.0367618,-0.0135271,43.4947,-3,1.23673,-0.667152,0.0719693,0,0,0.663729,0
6.15478e+07,0.811467,0.120913,9.81852,0.703153,0.0405087,0.544627,0.0404979,4.7242,-0.0647111,4.98151,-0.0631977,-0.129561,-0.124602,0.037,0.0367633,-0.013859,43.5094,-3,1.23693,-0.684187,0.0738337,0,0,0.680726,0
6.15678e+07,0.866397,0.0847868,9.88964,0.489328,0.116805,0.539213,0.114744,5.00652,0.103291,4.98428,0.102366,-0.00745559,-0.00591001,0.037,0.0367588,-0.0144091,43.5153,-3,1.23721,-0.701224,0.075688,0,0,0.697838,0
6.15878e+07,0.847289,0.104054,9.91343,0.599186,0.0402586,0.539561,0.0394053,4.88486,0.0878425,4.98271,0.087571,0.05346,0.0545226,0.037,0.0367598,-0.0140198,43.5035,-3,1.23756,-0.718266,0.0775324,0,0,0.714796,0
6.16078e+07,0.854446,0.128138,9.81849,0.744893,-0.203945,0.541778,-0.197262,4.97316,0.103064,4.98829,0.0987183,0.0226268,0.0259563,0.037,0.0367599,-0.0142965,43.5535,-3,1.23796,-0.735318,0.0793807,0,0,0.73189,0
6.16278e+07,0.842518,0.0871952,9.85405,0.505135,0.0253278,0.541928,0.0253105,4.88669,-0.00385237,4.98539,-0.00381383,-0.0690668,-0.0623298,0.037,0.0367581,-0.0144433,43.5035,-3,1.23833,-0.752365,0.0812308,0,0,0.748941,0
6.16478e+07,0.8258,0.0968289,9.90157,0.558348,-0.0359639,0.549552,-0.0333581,4.76726,-0.11078,4.98526,-0.108724,-0.1452,-0.136867,0.037,0.0367604,-0.013855,43.5094,-3,1.23866,-0.769412,0.0831014,0,0,0.765983,0
6.16678e+07,0.847288,0.108871,9.85171,0.63082,-0.0819266,0.555718,-0.0795982,4.91528,0.0266399,4.98101,0.0280483,-0.11455,-0.11158,0.037,0.0367603,-0.0142147,43.5124,-3,1.23907,-0.786449,0.0849961,0,0,0.783049,0
6.16878e+07,0.897441,0.0775616,9.8991,0.447082,-0.173422,0.556147,-0.169604,5.18005,0.0571778,4.9826,0.0551385,0.114513,0.113716,0.037,0.0367596,-0.0142011,43.5241,-3,1.23958,-0.803477,0.0868996,0,0,0.800071,0
6.17078e+07,0.828192,0.0847868,9.87305,0.490305,-0.0817242,0.556224,-0.0785647,4.7948,-0.00378966,4.97977,-0.00495974,0.00753891,0.00690382,0.037,0.0367602,-0.0140403,43.4918,-3,1.2401,-0.820513,0.0888041,0,0,0.817143,0
6.17278e+07,0.890266,0.118505,9.84694,0.686702,-0.157892,0.558721,-0.154967,5.16572,-0.0648675,4.98136,-0.0642808,-0.0230132,-0.0218362,0.037,0.0367598,-0.0142226,43.5182,-3,1.24065,-0.837543,0.0907077,0,0,0.834134,0
6.17478e+07,0.859234,0.0847868,9.87778,0.489942,-0.0203332,0.555945,-0.0171517,4.97127,0.163875,4.98115,0.164414,0.00755191,0.00740498,0.037,0.03676,-0.0141306,43.5359,-3,1.24124,-0.854571,0.092614,0,0,0.851074,0
6.17678e+07,0.813871,0.0607027,9.87778,0.350911,0.040646,0.556103,0.0391943,4.71011,0.0568502,4.98268,0.0568123,0.0991493,0.0949088,0.037,0.0367612,-0.0139114,43.5329,-3,1.24188,-0.871615,0.0945243,0,0,0.868153,0
6.18478e+07,0.835346,0.116096,9.90396,0.669226,-0.0209825,0.552546,-0.0186495,4.82085,0.194203,4.97957,0.187485,0.0230219,0.0186953,0.038,0.0376707,-0.010806,43.5271,-3,1.24469,-0.939757,0.102117,0,0,0.936468,0
6.18678e+07,0.861627,0.0631111,9.88011,0.364599,0.162197,0.54763,0.160131,4.98395,0.0566697,4.97751,0.0554676,-0.00750673,-0.00897985,0.038,0.0377721,-0.010135,43.4976,-3,1.2455,-0.956775,0.103999,0,0,0.953328,0
6.19478e+07,0.854454,0.0992373,9.84931,0.575107,0.0860864,0.542633,0.0848566,4.9579,0.0720544,4.97484,0.0708635,-0.0381285,-0.0390648,0.037,0.036767,-0.0134478,43.5535,-3,1.24913,-1.0248,0.111464,0,0,1.0214,0
6.19678e+07,0.821011,0.144997,9.8969,0.836494,-0.0209932,0.544964,-0.0215633,4.74169,-0.019727,4.97395,-0.0185188,-0.00753975,-0.00159488,0.037,0.0367644,-0.0134938,43.53,-3,1.25012,-1.04181,0.113321,0,0,1.03834,0
6.2048e+07,0.87834,0.0727447,9.91098,0.418891,0.00935411,0.560011,0.00819021,5.06435,-0.142194,4.98169,-0.138929,-0.0681611,-0.0662965,0.037,0.0367665,-0.0130609,43.5182,-3,1.25433,-1.10985,0.120921,0,0,1.10638,0
6.20678e+07,0.818629,0.12573,9.85176,0.728668,0.0246569,0.558235,0.0237871,4.74968,0.0870521,4.97774,0.0841147,-0.0985941,-0.0945717,0.037,0.0367664,-0.0132555,43.5153,-2.99941,1.25499,-0.00332089,0.000369523,0,0,1.12356,0
6.21478e+07,0.866398,0.0823784,9.83028,0.478277,-0.0365977,0.554881,-0.0345584,5.03661,0.209419,4.96825,0.207015,-0.0682638,-0.0623423,0.037,0.0367736,-0.0123921,43.5124,-2.99026,1.25036,-0.0712948,0.00802921,0,0,0.0679166,0
6.21678e+07,0.871174,0.07997,9.87301,0.462281,0.024678,0.555791,0.0240626,5.04244,0.0719225,4.97295,0.0693171,0.0998014,0.0917052,0.037,0.0367746,-0.012175,43.5065,-2.98883,1.24929,-0.0882878,0.00993414,0,0,0.0848544,0
6.21878e+07,0.8258,0.0992373,9.89207,0.57278,-0.0362329,0.552234,-0.0393986,4.7718,-0.0959132,4.9676,-0.0944784,0.0997202,0.0888546,0.037,0.0367723,-0.0125387,43.5329,-2.98773,1.24827,-0.105285,0.0118272,0,0,0.101925,0
6.22078e+07,0.859229,0.101646,9.88255,0.587073,0.0860125,0.554812,0.0822495,4.96877,-0.00467134,4.97759,-0.000878254,-0.0377901,-0.0323509,0.037,0.036773,-0.0122062,43.5271,-2.98699,1.24728,-0.122293,0.0137263,0,0,0.118764,0
6.22278e+07,0.885498,0.092012,9.89201,0.530808,-0.00572681,0.555026,-0.00425793,5.11506,0.010639,4.98895,0.00951293,-0.00720227,-0.00590956,0.037,0.0367748,-0.0119061,43.4918,-2.98659,1.24631,-0.139337,0.0156304,0,0,0.13594,0
6.22478e+07,0.849679,0.0968289,9.88968,0.558901,0.0704123,0.548928,0.0709902,4.91032,0.209045,4.98681,0.207527,0.0844781,0.0823858,0.037,0.0367764,-0.0115658,43.5359,-2.98653,1.24539,-0.156391,0.0175154,0,0,0.152958,0
6.22688e+07,0.840119,0.128138,9.85649,0.742135,-0.0363854,0.550769,-0.0360816,4.87142,-0.0352962,4.98201,-0.0349867,-0.0833832,-0.0852222,0.037,0.0367758,-0.0119706,43.4888,-2.98683,1.24446,-0.173432,0.0193945,0,0,0.170001,0
6.22888e+07,0.82819,0.0896036,9.86594,0.518529,0.0552531,0.549788,0.0535129,4.79821,0.0562401,4.97912,0.0570992,0.0847057,0.0831581,0.037,0.0367724,-0.0125084,43.48,-2.98745,1.24361,-0.190461,0.0212821,0,0,0.187034,0
6.23088e+07,0.856846,0.0847868,9.90152,0.488786,0.0399727,0.548567,0.0387815,4.94569,0.0866718,4.97726,0.0857139,0.114951,0.112177,0.037,0.0367707,-0.0126092,43.5124,-2.98837,1.24289,-0.207476,0.0231609,0,0,0.204037,0
6.23288e+07,0.880721,0.0944205,9.92763,0.542785,0.116454,0.543598,0.112064,5.06945,0.0255134,4.97818,0.0232239,-0.00735271,-0.0100894,0.037,0.0367731,-0.0120965,43.5329,-2.98966,1.24215,-0.224493,0.0250287,0,0,0.221057,0
6.23489e+07,0.878341,0.0679279,9.88011,0.392368,-0.0364023,0.538377,-0.0355038,5.08012,0.0101199,4.98368,0.0118495,0.00780952,0.00730358,0.037,0.0367737,-0.0121876,43.5006,-2.99128,1.24145,-0.241524,0.0268757,0,0,0.238074,0
6.23688e+07,0.863997,0.128138,9.85885,0.741805,0.1773,0.538459,0.173809,5.008,0.0713556,4.98098,0.0678356,-0.0683378,-0.0688273,0.037,0.0367734,-0.0123453,43.5388,-2.99329,1.2407,-0.258554,0.0287132,0,0,0.255206,0
6.23888e+07,0.837744,0.0823784,9.85642,0.477137,0.0550282,0.545528,0.0541692,4.85799,-0.0357263,4.98112,-0.0334142,0.0998007,0.096158,0.037,0.0367736,-0.0122289,43.5006,-2.99561,1.24003,-0.275583,0.0305745,0,0,0.272104,0
6.24088e+07,0.859225,0.116096,9.88732,0.670206,0.146485,0.543591,0.142461,4.96628,-0.00497627,4.98191,-0.00613519,0.0538566,0.056469,0.037,0.0367748,-0.0119706,43.5153,-2.99825,1.23944,-0.292612,0.0324374,0,0,0.289281,0
6.24288e+07,0.847296,0.07997,9.89677,0.461276,0.054516,0.544488,0.0565628,4.89319,0.102048,4.98315,0.0993927,-0.0225602,-0.0166455,0.037,0.036775,-0.0120054,43.5094,-3,1.23887,-0.309649,0.0343042,0,0,0.306296,0
6.24488e+07,0.830576,0.0968289,9.86357,0.56046,-0.021928,0.540028,-0.0202094,4.81309,0.117445,4.97561,0.113903,0.0231117,0.0257147,0.037,0.0367769,-0.0117604,43.5535,-3,1.23838,-0.326674,0.036157,0,0,0.323316,0
6.25288e+07,0.859228,0.104054,9.86831,0.601843,-0.00642049,0.529635,-0.00499097,4.97589,-0.0506496,4.97692,-0.0483159,0.0996499,0.0964046,0.037,0.0367724,-0.0125053,43.5271,-3,1.23656,-0.394692,0.0434879,0,0,0.391249,0
6.25488e+07,0.883104,0.113688,9.89205,0.655854,0.0394069,0.531235,0.0376443,5.10117,0.0104995,4.97653,0.0101781,0.129945,0.124501,0.037,0.0367725,-0.0124309,43.5153,-3,1.23628,-0.411705,0.0453023,0,0,0.40833,0
6.25688e+07,0.823418,0.0775616,9.90154,0.447261,0.0396156,0.532765,0.0372583,4.75367,0.056442,4.97088,0.0532111,-0.0226117,-0.0237645,0.037,0.0367738,-0.0121584,43.5241,-3,1.2359,-0.428711,0.0471262,0,0,0.425361,0
6.25888e+07,0.844907,0.0823784,9.9134,0.474386,0.0091306,0.531481,0.00822704,4.87131,-0.0808828,4.97104,-0.079127,-0.083761,-0.0750578,0.037,0.0367761,-0.0117674,43.48,-3,1.23563,-0.445712,0.0489484,0,0,0.442341,0
6.26088e+07,0.87595,0.0775616,9.90624,0.446848,0.0548711,0.530833,0.0560179,5.05303,0.117743,4.97317,0.115103,-0.00745642,-0.00675247,0.037,0.0367775,-0.0115708,43.5271,-3,1.23541,-0.462711,0.0507681,0,0,0.459363,0
6.26288e+07,0.856841,0.101646,9.81845,0.590889,0.0851372,0.535533,0.087118,4.98721,-0.0502031,4.97679,-0.0493166,0.0385091,0.0343663,0.037,0.0367767,-0.012121,43.5006,-3,1.23518,-0.479725,0.0525961,0,0,0.47632,0
6.26488e+07,0.844906,0.0871952,9.82081,0.506822,-0.0371203,0.529425,-0.0362338,4.91698,0.087121,4.98,0.0865011,-0.0376632,-0.0416556,0.037,0.0367746,-0.0123922,43.5182,-3,1.23495,-0.496741,0.0544104,0,0,0.493309,0
6.26688e+07,0.81624,0.130547,9.81853,0.759138,-0.0371915,0.530566,-0.0377458,4.7518,0.0411794,4.97546,0.040315,0.0386523,0.0411514,0.037,0.0367728,-0.0124997,43.5565,-3,1.23484,-0.513766,0.0562203,0,0,0.510315,0
6.26888e+07,0.861616,0.104054,9.86593,0.601974,0.0849479,0.531038,0.0840401,4.99084,-0.141813,4.97574,-0.14239,0.0692034,0.0610266,0.037,0.0367707,-0.0127773,43.5006,-3,1.23474,-0.530778,0.058036,0,0,0.52745,0
6.27688e+07,0.904601,0.0896036,9.88249,0.517319,0.023937,0.538723,0.0230713,5.22982,0.132786,4.98971,0.131025,0.0385842,0.0392653,0.037,0.0367659,-0.0134383,43.5271,-3,1.23474,-0.598895,0.0653517,0,0,0.595472,0
6.27888e+07,0.847282,0.130547,9.95858,0.748342,-0.0522627,0.538456,-0.0536877,4.86263,0.0716751,4.99052,0.0695967,-0.0226141,-0.0232008,0.037,0.036765,-0.0130756,43.4624,-3,1.23485,-0.61596,0.0671931,0,0,0.612533,0
6.28688e+07,0.852071,0.0823784,9.83267,0.478222,0.0547081,0.545704,0.0555576,4.95254,-0.00514388,4.98638,-0.0060034,0.0836571,0.0842404,0.037,0.0370336,-0.0127895,43.4918,-3,1.23575,-0.684207,0.0746078,0,0,0.680815,0
6.28888e+07,0.856844,0.092012,9.83743,0.533866,0.0242969,0.549311,0.0222781,4.97771,-0.127163,4.9851,-0.125994,-0.145062,-0.143074,0.037,0.0367931,-0.0136078,43.5329,-3,1.2359,-0.701254,0.0764829,0,0,0.697887,0
6.31898e+07,0.830574,0.104054,9.86834,0.60199,0.0538447,0.562884,0.0521096,4.81073,0.163211,4.9753,0.162291,0.0230006,0.0218099,0.037,0.0368024,-0.0121234,43.4976,-3,1.24446,-0.956257,0.105016,0,0,0.952913,0
6.32098e+07,0.859242,0.0558858,9.8991,0.322251,0.0232539,0.560779,0.0240854,4.96076,0.0103881,4.97168,0.00754953,-0.00763774,-0.00760595,0.037,0.0367774,-0.0121214,43.5153,-3,1.24535,-0.973258,0.106942,0,0,0.969805,0
6.32298e+07,0.842512,0.108871,9.83035,0.632207,-0.0380783,0.561583,-0.0362983,4.89828,-0.0352356,4.97255,-0.0352415,0.114286,0.107646,0.036,0.0360238,-0.0150106,43.53,-3,1.24634,-0.990257,0.108862,0,0,0.98692,0
6.32498e+07,0.875957,0.0534774,9.91095,0.307953,-0.0229031,0.555207,-0.021434,5.05076,-0.187791,4.97292,-0.18624,-0.0688393,-0.0687826,0.036,0.0357831,-0.0153783,43.5182,-3,1.24723,-1.00726,0.110773,0,0,1.0039,0
6.32698e+07,0.873554,0.106463,9.87305,0.615401,0.00780845,0.555259,0.00316305,5.056,0.0259676,4.97469,0.0251202,-0.0686742,-0.0652304,0.036,0.0357596,-0.0151899,43.5035,-3,1.24817,-1.02427,0.112669,0,0,1.02087,0
6.32908e+07,0.840131,0.0847868,9.89441,0.489205,0.0687789,0.56014,0.0664953,4.85314,-0.0808561,4.98067,-0.0212447,-0.0226413,-0.051083,0.038,0.0372544,-0.0108396,43.5329,-3,1.24914,-1.04128,0.11458,0,0,1.03789,0
6.33108e+07,0.86161,0.12573,9.91583,0.723728,0.0535297,0.55476,0.0232738,4.9657,-0.0654001,4.97316,0.0233297,0.0688691,0.0808161,0.038,0.0377333,-0.00930551,43.53,-3,1.25022,-1.0583,0.116486,0,0,1.05497,0
6.33308e+07,0.909372,0.106463,9.89201,0.614031,0.0992883,0.553586,-0.0372491,5.25213,0.0414751,4.97554,0.0244999,0.00769603,0.024248,0.038,0.0377866,-0.00880666,43.5182,-3,1.25135,-1.0753,0.118386,0,0,1.0719,0
6.33508e+07,0.864002,0.111279,9.86357,0.64391,-0.0689495,0.559976,0.143145,5.00574,-0.065402,4.97709,-0.033759,0.0228714,0.00165265,0.037,0.0370454,-0.0108458,43.5212,-3,1.2525,-1.09232,0.120295,0,0,1.0889,0
6.33708e+07,0.866394,0.0968289,9.85642,0.56069,0.0683768,0.560819,-0.021498,5.02323,-0.0955777,4.97407,-0.171475,-0.0687985,0.0342045,0.037,0.0368059,-0.0118543,43.5241,-3,1.25369,-1.10933,0.122213,0,0,1.10602,0
6.33908e+07,0.840134,0.0727447,9.82554,0.422647,0.0835295,0.560704,0.0086027,4.88706,0.0878513,4.97507,-0.019617,0.0226278,0.127999,0.037,0.0367782,-0.0120703,43.4741,-2.99939,1.25444,-0.00328072,0.000415257,0,0,1.12306,0
6.34108e+07,0.854453,0.101646,9.90392,0.58584,0.0375041,0.561626,0.140972,4.93068,-0.0190039,4.97668,0.0233491,0.0379877,-0.0310013,0.037,0.0367739,-0.0123057,43.5153,-2.9966,1.25319,-0.0202872,0.00233318,0,0,0.0169019,0
6.34308e+07,0.86162,0.0896036,9.92052,0.515549,0.068157,0.5637,0.0361665,4.96361,-0.0649977,4.97178,0.0840418,0.00755799,-0.111824,0.037,0.036774,-0.0120711,43.5182,-2.99416,1.25197,-0.0372934,0.00426104,0,0,0.0338439,0
6.34508e+07,0.84491,0.0727447,9.82316,0.422731,-0.00836563,0.56028,-0.0221767,4.91589,-0.20235,4.96968,-0.0186045,0.00743008,0.0411663,0.037,0.0367762,-0.011839,43.5212,-2.99204,1.25085,-0.0542897,0.00618691,0,0,0.0508805,0
6.34708e+07,0.859216,0.147406,9.89212,0.850517,-0.0695595,0.56106,-0.00788189,4.96363,0.118483,4.96634,-0.169907,0.0381545,-0.0966386,0.038,0.0373737,-0.0103393,43.53,-2.99029,1.2497,-0.0712716,0.00810378,0,0,0.0679104,0
6.34908e+07,0.866395,0.092012,9.86116,0.532546,-0.0084691,0.567348,-0.0977691,5.02086,0.133729,4.96519,-0.0180672,-0.0688437,0.0526672,0.038,0.0377469,-0.00927628,43.5182,-2.98884,1.24866,-0.088245,0.0100422,0,0,0.0848855,0
6.35108e+07,0.847288,0.108871,9.8802,0.629014,0.17488,0.56084,0.0345952,4.90118,-0.00355148,4.97136,-0.00735166,-0.190767,-0.0349328,0.038,0.0377867,-0.00933296,43.5329,-2.98778,1.24757,-0.105232,0.0119678,0,0,0.101879,0
6.35308e+07,0.866392,0.104054,9.8873,0.600658,0.0374849,0.554194,-0.039171,5.00758,-0.00336671,4.97191,0.040107,0.0995338,0.12545,0.037,0.0371895,-0.0116625,43.5241,-2.98706,1.24652,-0.122231,0.013877,0,0,0.118909,0
6.35508e+07,0.847288,0.106463,9.8707,0.615688,-0.0388908,0.552896,-0.0521889,4.90589,-0.0492644,4.97137,-0.0789092,0.114745,0.0376465,0.037,0.0368146,-0.0129246,43.5153,-2.98665,1.24558,-0.139227,0.0157702,0,0,0.13576,0
6.35708e+07,0.861617,0.101646,9.89205,0.586501,-0.0695385,0.555076,0.14224,4.97775,-0.0796387,4.97111,-0.0332779,0.0383898,0.0913409,0.037,0.0367724,-0.0132725,43.5094,-2.98658,1.24467,-0.156223,0.0176661,0,0,0.152893,0
6.35908e+07,0.84729,0.0992373,9.8327,0.576108,-0.00832629,0.555121,-0.0091982,4.9248,0.134127,4.97136,0.0560858,0.0840257,-0.00407774,0.037,0.0367682,-0.0130489,43.5035,-2.98683,1.24384,-0.173217,0.019571,0,0,0.169852,0
6.36108e+07,0.890273,0.0944205,9.87064,0.545847,-0.00828075,0.559975,-0.0670663,5.15356,0.149285,4.97146,0.161729,0.0687037,-0.0121906,0.037,0.0367669,-0.0133955,43.5418,-2.98744,1.24301,-0.190208,0.0214834,0,0,0.1868,0
6.36908e+07,0.813857,0.111279,9.91347,0.640966,-0.0543617,0.565028,-0.0379619,4.69294,-0.0492427,4.98054,-0.0495533,-0.0536176,0.010263,0.037,0.0367618,-0.0139674,43.5182,-2.99327,1.24011,-0.258266,0.0292482,0,0,0.254882,0
6.37108e+07,0.897442,0.0751532,9.83262,0.436105,-0.0240982,0.567021,0.125796,5.21489,0.0726154,4.97533,0.102076,0.0685389,-0.0488944,0.037,0.0367634,-0.0136178,43.5065,-2.99558,1.23947,-0.275281,0.0311881,0,0,0.271825,0
6.37908e+07,0.852063,0.108871,9.87307,0.629439,-0.0243464,0.564345,0.0655545,4.93221,-0.0957737,4.97468,0.0407937,-0.0229172,0.00521678,0.037,0.0367587,-0.0144885,43.5153,-3,1.23726,-0.343367,0.0389178,0,0,0.339984,0
6.38108e+07,0.84968,0.0944205,9.86593,0.546302,-0.0242369,0.560125,-0.0236696,4.92209,-0.0345175,4.97624,-0.0201257,0.0685698,0.127351,0.037,0.0367598,-0.0141539,43.5329,-3,1.23685,-0.360372,0.0408433,0,0,0.357017,0
6.42118e+07,0.885492,0.111279,9.93715,0.639057,-0.0087924,0.557786,-0.0096797,5.09182,0.0575781,4.98952,0.0538084,-0.0233347,-0.0212823,0.037,0.0367593,-0.0140553,43.5594,-3,1.2361,-0.703818,0.0790886,0,0,0.697,0
6.42318e+07,0.873564,0.0727447,9.82076,0.422727,-0.0545344,0.553582,-0.0536699,5.08298,-0.00363541,4.98934,-0.00361295,0.0684228,0.0613284,0.037,0.0367603,-0.0141692,43.5006,-3,1.23644,-0.720876,0.0809912,0,0,0.714042,0
6.42518e+07,0.871167,0.106463,9.91341,0.612927,0.0830026,0.551611,0.0801199,5.02182,0.0575697,4.99147,0.0541216,0.0988305,0.0933052,0.037,0.0367596,-0.0140259,43.5212,-3,1.23688,-0.737941,0.0828796,0,0,0.731128,0
6.42718e+07,0.861627,0.0655195,9.873,0.378783,-0.0850239,0.549587,-0.0820815,4.98752,0.149394,4.98619,0.146135,-0.0083977,-0.00567126,0.037,0.0367607,-0.0140492,43.5594,-3,1.23739,-0.754995,0.0847625,0,0,0.748282,0
6.43118e+07,0.878332,0.101646,9.87541,0.587395,0.0370605,0.549365,0.0356205,5.08232,-0.0796232,4.98386,-0.0761539,-0.0390962,-0.0376171,0.038,0.0373603,-0.0120146,43.5241,-3,1.23841,-0.789066,0.088534,0,0,0.782298,0
6.43318e+07,0.859234,0.0847868,9.89677,0.489008,0.0979935,0.552278,0.0950903,4.96177,0.0120175,4.98468,0.0119845,-0.14581,-0.140281,0.038,0.0377329,-0.011094,43.5418,-3,1.23889,-0.806105,0.0904188,0,0,0.799276,0
6.43518e+07,0.844892,0.135363,9.90161,0.780398,-0.0241939,0.556359,-0.0230411,4.87671,-0.0336368,4.98229,-0.0333761,-0.0235665,-0.0220272,0.038,0.0377698,-0.0115606,43.5124,-3,1.23948,-0.823147,0.092317,0,0,0.816375,0
6.43718e+07,0.91416,0.0631111,9.86107,0.365124,-0.0395352,0.548214,-0.0369471,5.2963,-0.0793524,4.98394,-0.0796248,0.0374622,0.032332,0.038,0.0377751,-0.0113929,43.5329,-3,1.24012,-0.840179,0.0942108,0,0,0.833375,0
6.43918e+07,0.885494,0.106463,9.87779,0.615042,0.0215325,0.550715,0.0237893,5.12229,0.0580397,4.98926,0.0571423,-0.0083549,-0.00247432,0.038,0.0377722,-0.0119546,43.5447,-3,1.24077,-0.857228,0.0960937,0,0,0.850432,0
6.44118e+07,0.85684,0.106463,9.90393,0.613587,0.0675898,0.550369,0.0631872,4.94435,-0.0643051,4.98763,-0.0619823,0.0374678,0.0313764,0.038,0.0377722,-0.0116693,43.4976,-3,1.24147,-0.874286,0.0979764,0,0,0.867405,0
6.44318e+07,0.830581,0.0775616,9.86354,0.448945,0.0676126,0.548733,0.064697,4.81321,-0.0182467,4.99088,-0.020265,-0.0237013,-0.0232105,0.038,0.0377707,-0.0121633,43.4976,-3,1.24222,-0.891351,0.0998597,0,0,0.884562,0
6.44518e+07,0.84491,0.0703363,9.87777,0.406493,-0.00871277,0.54668,-0.0100992,4.88886,0.0123239,4.98599,0.0111765,-0.115161,-0.113589,0.038,0.0377728,-0.0115745,43.5035,-3,1.24293,-0.908408,0.101731,0,0,0.901622,0
6.44718e+07,0.871168,0.101646,9.85642,0.588555,0.0368917,0.550587,0.0380674,5.05074,0.0122623,4.9812,0.0128662,0.0529698,0.0453345,0.038,0.0377759,-0.0113395,43.5241,-3,1.24373,-0.925439,0.103613,0,0,0.918632,0
6.44918e+07,0.89505,0.0896036,9.81602,0.520838,0.235413,0.553604,0.230409,5.20975,0.0275295,4.97606,0.0272137,0.00728619,0.000443801,0.038,0.0377759,-0.011538,43.4976,-3,1.24453,-0.942453,0.105512,0,0,0.935641,0
6.45118e+07,0.847296,0.0775616,9.91814,0.446428,0.143492,0.552919,0.141159,4.88271,0.195444,4.9787,0.194187,0.114335,0.107951,0.038,0.0377754,-0.0112192,43.5124,-3,1.24538,-0.959477,0.107409,0,0,0.952693,0
6.45318e+07,0.895042,0.118505,9.88255,0.684218,-0.0247885,0.558238,-0.0241504,5.17467,-0.155871,4.98713,-0.154082,0.0381887,0.0344679,0.038,0.0377768,-0.0111555,43.5124,-3,1.24624,-0.976515,0.109312,0,0,0.969582,0
6.45518e+07,0.828188,0.0968289,9.87545,0.559803,-0.0855628,0.555597,-0.085581,4.79357,0.0883183,4.98198,0.0880425,0.0685825,0.0699366,0.037,0.0371789,-0.0128111,43.4947,-3,1.24723,-0.993556,0.111219,0,0,0.98675,0
6.45718e+07,0.832973,0.0631111,9.98223,0.360984,0.0669992,0.557487,0.067549,4.76994,-0.0184655,4.98186,-0.0193081,-0.0231605,-0.0162518,0.037,0.0368082,-0.0131577,43.4624,-3,1.24825,-1.01059,0.113133,0,0,1.00377,0
6.45918e+07,0.847285,0.118505,9.89446,0.683689,0.0517206,0.559898,0.0491262,4.89408,0.0275562,4.98421,0.0269573,-0.0384208,-0.0351228,0.037,0.0367716,-0.0129486,43.5329,-3,1.24927,-1.02763,0.115044,0,0,1.0209,0
6.46118e+07,0.90222,0.0655195,9.88008,0.378376,-0.0705379,0.552742,-0.0693349,5.2175,-0.00294185,4.9889,-0.00324693,-0.0231342,-0.0238829,0.037,0.0367637,-0.0138202,43.5094,-3,1.25033,-1.04468,0.116945,0,0,1.03786,0
6.46318e+07,0.849675,0.108871,9.93243,0.625718,-0.0399412,0.550727,-0.0422135,4.8892,-0.0181973,4.98548,-0.0181478,0.022711,0.0198116,0.037,0.0367625,-0.0135335,43.5271,-3,1.25144,-1.06173,0.118834,0,0,1.05491,0
6.46518e+07,0.856842,0.0992373,9.90867,0.571676,-0.0397085,0.555478,-0.0417161,4.94205,0.149607,4.98342,0.145828,-0.0688972,-0.0666659,0.037,0.0367644,-0.0133294,43.4918,-3,1.25256,-1.07877,0.120731,0,0,1.0719,0
6.46718e+07,0.871169,0.0968289,9.86117,0.560399,0.0367371,0.559594,0.0346808,5.04836,-0.125324,4.99029,-0.123833,-0.0841335,-0.0778185,0.037,0.036764,-0.0136401,43.5065,-3,1.25372,-1.09582,0.122643,0,0,1.08895,0
6.46918e+07,0.871174,0.07997,9.911,0.460523,0.0671613,0.556071,0.0659868,5.02321,0.0123501,4.99103,0.0120284,0.0839339,0.084824,0.037,0.0367638,-0.0133554,43.5182,-3,1.25494,-1.11288,0.12455,0,0,1.10616,0
6.47118e+07,0.85684,0.106463,9.93717,0.61155,-0.0089916,0.555864,-0.00961835,4.9279,0.119342,4.99264,0.115545,-0.129825,-0.121033,0.037,0.0367656,-0.0129835,43.5124,-2.99882,1.25515,-0.00680694,0.000710377,0,0,1.12314,0
6.47318e+07,0.883111,0.0896036,9.93474,0.51472,0.097939,0.555404,0.0964153,5.07953,0.088392,4.99455,0.0872406,0.11459,0.109809,0.037,0.0367676,-0.0126942,43.4947,-2.99609,1.25393,-0.0238784,0.00261247,0,0,0.0169343,0
6.48118e+07,0.842513,0.106463,9.88732,0.614686,0.0364786,0.552289,0.0367844,4.87021,0.0729573,4.9866,0.0717767,-0.0383724,-0.0454015,0.038,0.0377386,-0.0103047,43.5506,-2.98861,1.24947,-0.092131,0.0101724,0,0,0.085256,0
6.48318e+07,0.856851,0.0655195,9.88962,0.378167,0.0517099,0.550805,0.0496923,4.95172,0.149453,4.99295,0.145922,0.0685171,0.0605414,0.038,0.0377769,-0.0106134,43.5182,-2.98759,1.24845,-0.109194,0.0120634,0,0,0.102408,0
6.49118e+07,0.861611,0.120913,9.83272,0.701842,0.0519067,0.551218,-0.0238444,5.00749,-0.0951426,4.9889,-0.0796566,0.0987993,-0.0199965,0.038,0.036766,-0.0133269,43.5065,-2.98685,1.24495,-0.174007,0.0192181,0,0,0.170639,0
6.49318e+07,0.799533,0.101646,9.91347,0.585549,0.0214336,0.558473,0.0179911,4.61075,-0.0491805,4.9805,-0.0506112,-0.0843133,-0.084799,0.038,0.0377112,-0.0104668,43.5182,-2.98767,1.24389,-0.194464,0.0215049,0,0,0.187693,0
6.52118e+07,0.883112,0.0847868,9.92287,0.48763,-0.101009,0.539044,0.0364139,5.08561,-0.00269628,4.97183,0.0440266,-0.160345,0.0408861,0.036,0.0367638,-0.0137413,43.5271,-3,1.2362,-0.429025,0.0473107,0,0,0.425621,0
6.52318e+07,0.837746,0.0751532,9.89677,0.433528,-0.268898,0.539055,-0.263616,4.83832,-0.00294161,4.96729,-0.00146616,-0.0534806,-0.0497911,0.036,0.0358192,-0.0160629,43.5035,-3,1.23587,-0.449417,0.0495225,0,0,0.442546,0
6.53318e+07,0.852079,0.051069,9.86111,0.295621,0.112626,0.556108,0.171734,4.93849,0.118875,4.98153,0.116371,0.00745034,-0.0376499,0.036,0.0377822,-0.00998008,43.5476,-3,1.23515,-0.531005,0.0585251,0,0,0.527522,0
6.53518e+07,0.890265,0.120913,9.86119,0.699652,-0.07081,0.555115,-0.0696015,5.15828,-0.0340645,4.98559,-0.0342583,0.0074451,0.00023993,0.036,0.0358901,-0.0159259,43.5359,-3,1.2351,-0.551446,0.0607917,0,0,0.54449,0
6.53718e+07,0.840128,0.0944205,9.85407,0.547,-0.0402977,0.552059,-0.0382632,4.87286,0.0116661,4.98282,0.011938,0.0075984,0.00409942,0.036,0.0357639,-0.0162539,43.5153,-3,1.23505,-0.568486,0.0626846,0,0,0.561666,0
6.53918e+07,0.899825,0.0896036,9.86825,0.518082,-0.101133,0.551253,-0.00928332,5.20983,0.118344,4.98344,-0.0766677,-0.0685483,-0.0379096,0.037,0.0357506,-0.0165051,43.4976,-3,1.23503,-0.582112,0.0641944,0,0,0.578608,0
6.54118e+07,0.887888,0.0823784,9.86113,0.476701,0.0363952,0.546974,0.0366396,5.14482,0.0876539,4.98648,0.0855987,0.00781703,0.0104191,0.037,0.0366957,-0.013452,43.53,-3,1.2351,-0.602565,0.0664532,0,0,0.595709,0
6.54318e+07,0.840123,0.111279,9.92057,0.64037,-0.0246968,0.547065,-0.0232441,4.84024,0.0266132,4.97963,0.0251772,-0.0684526,-0.0596988,0.037,0.0367592,-0.0130096,43.5153,-3,1.23518,-0.619605,0.0683203,0,0,0.612795,0
6.54518e+07,0.856842,0.0968289,9.90866,0.557803,0.127976,0.548869,0.138403,4.94207,0.0112765,4.97618,-0.0765669,0.114478,0.185349,0.037,0.0367678,-0.0127466,43.4976,-3,1.23538,-0.633219,0.0698209,0,0,0.629784,0
6.54718e+07,0.84968,0.0944205,9.85881,0.546694,-0.0706668,0.55227,-0.0711879,4.92563,0.0115001,4.97585,0.00800143,0.20577,0.201417,0.037,0.0367729,-0.0122641,43.5329,-3,1.23572,-0.653634,0.072085,0,0,0.64688,0
6.54918e+07,0.895049,0.092012,9.85639,0.532664,-0.0400211,0.546827,-0.0385532,5.18852,0.0724859,4.97662,0.0713165,-0.0538008,-0.0517785,0.037,0.0367728,-0.012556,43.5271,-3,1.23589,-0.670642,0.0739639,0,0,0.663861,0
6.55118e+07,0.85685,0.0679279,9.86825,0.39291,0.158624,0.546165,0.0172169,4.96237,0.133485,4.97999,0.119387,0.28217,-0.0471391,0.037,0.0367728,-0.0123067,43.5094,-3,1.23608,-0.684262,0.0754602,0,0,0.680863,0
6.55318e+07,0.844892,0.137772,9.92299,0.792583,-0.0400069,0.543342,-0.0402346,4.86624,0.0266056,4.97907,0.026899,-0.00821579,-0.00625696,0.037,0.0367744,-0.0118854,43.5182,-3,1.23651,-0.704692,0.0776899,0,0,0.697857,0
6.55518e+07,0.85683,0.14018,9.87787,0.810009,-0.0552119,0.545157,-0.0549083,4.95707,-0.034435,4.98369,-0.0358383,-0.0389248,-0.0320895,0.037,0.0367747,-0.0119619,43.5124,-3,1.23688,-0.721729,0.079551,0,0,0.71488,0
6.55718e+07,0.832968,0.0823784,9.88967,0.475564,0.0211494,0.546607,-0.0545665,4.81427,-0.0646977,4.98597,-0.0633208,-0.0387329,-0.126784,0.037,0.0367752,-0.0118279,43.5388,-3,1.23714,-0.735364,0.0810479,0,0,0.732062,0
6.55918e+07,0.868796,0.0462522,9.93944,0.265606,0.00566351,0.542326,0.00768177,4.99541,-0.00350475,4.98299,-0.00466373,0.0530127,0.0520628,0.037,0.0367745,-0.0119981,43.5476,-3,1.23759,-0.755803,0.083286,0,0,0.749032,0
6.56118e+07,0.856841,0.101646,9.86831,0.587926,-0.101193,0.536984,-0.0985822,4.96214,-0.00345421,4.98461,-0.0034708,-0.145672,-0.140701,0.037,0.0367745,-0.0121159,43.5712,-3,1.23805,-0.772844,0.085127,0,0,0.766062,0
6.56318e+07,0.873546,0.135363,9.88022,0.781879,-0.0248555,0.543382,0.0808892,5.05212,0.103528,4.98316,-0.0500102,-0.0692792,0.167302,0.037,0.0367741,-0.0123286,43.5565,-3,1.23844,-0.786475,0.0866112,0,0,0.783094,0
6.56518e+07,0.854467,0.0534774,9.83974,0.310223,-0.131602,0.543923,-0.130134,4.96295,-0.00329232,4.987,-0.00449001,0.0529641,0.0535241,0.037,0.0367708,-0.0128619,43.5329,-3,1.23904,-0.806937,0.0888585,0,0,0.800129,0
6.56718e+07,0.880722,0.092012,9.85403,0.53286,-0.0706058,0.53919,-0.0653619,5.10712,-0.033582,4.98546,-0.0307394,0.114041,0.110707,0.037,0.0367696,-0.0128808,43.5535,-3,1.23961,-0.823977,0.0907068,0,0,0.817297,0
6.56918e+07,0.868778,0.108871,9.85406,0.630551,0.00597572,0.541862,0.00335303,5.03812,-0.140062,4.98471,-0.136616,0.0221651,0.0251463,0.037,0.0367683,-0.013069,43.5035,-3,1.24025,-0.841018,0.0925633,0,0,0.834317,0
6.57118e+07,0.883114,0.0775616,9.87537,0.448206,-0.116222,0.539248,-0.113578,5.10998,-0.201474,4.98999,-0.194716,-0.008214,-0.0109665,0.037,0.0367662,-0.0133443,43.5418,-3,1.24083,-0.858065,0.094414,0,0,0.851154,0
6.57318e+07,0.86162,0.0896036,9.82317,0.520619,0.021171,0.538894,0.0189096,5.01255,-0.0637894,4.98518,-0.06323,-0.22186,-0.216137,0.037,0.0367643,-0.013649,43.4918,-3,1.24142,-0.875109,0.0962605,0,0,0.868337,0
6.58128e+07,0.832965,0.092012,9.85407,0.533081,-0.0861294,0.547205,-0.0867114,4.83152,-0.0328715,4.97431,-0.0302267,0.0227487,0.0214754,0.038,0.0377838,-0.010077,43.5741,-3,1.2444,-0.94315,0.103704,0,0,0.936415,0
6.58328e+07,0.852059,0.12573,9.88735,0.725858,-0.0250583,0.551343,-0.0236173,4.925,-0.063189,4.96748,-0.0629075,0.0228897,0.0161198,0.036,0.0359711,-0.0155318,43.5447,-3,1.2452,-0.960141,0.10558,0,0,0.953379,0
6.58538e+07,0.878326,0.123321,9.87307,0.712811,-0.116671,0.552985,-0.114681,5.08335,-0.0479009,4.96573,-0.047896,-0.00767505,-0.00839845,0.036,0.0357761,-0.0157036,43.5388,-3,1.24609,-0.977118,0.107466,0,0,0.970336,0
6.59338e+07,0.840125,0.106463,9.86358,0.616167,-0.0402777,0.553217,-0.0396907,4.8681,-0.0478196,4.95449,-0.0469654,-0.0690457,-0.0621882,0.037,0.0367715,-0.0126536,43.5065,-3,1.25005,-1.04494,0.115046,0,0,1.03816,0
6.59548e+07,0.859223,0.120913,9.89445,0.697511,0.112367,0.549404,0.168881,4.96268,-0.108867,4.95641,-0.0743759,0.0684336,-0.108602,0.037,0.0367731,-0.0124532,43.5506,-3,1.25111,-1.06188,0.116932,0,0,1.05513,0
6.61548e+07,0.859224,0.118505,9.91582,0.682157,-0.0701541,0.541123,-0.0832122,4.95206,0.0586047,4.97899,-0.135041,-0.023576,-0.181444,0.038,0.0377805,-0.00905075,43.5388,-2.98757,1.24808,-0.108794,0.0118269,0,0,0.101941,0
6.61748e+07,0.878343,0.0607027,9.90384,0.3498,-0.0702153,0.545903,-0.0238231,5.06804,0.0281291,4.98007,0.0105602,-0.130474,0.0532228,0.038,0.0377914,-0.00887524,43.5388,-2.9869,1.24709,-0.12582,0.0136898,0,0,0.119007,0
6.62548e+07,0.847282,0.128138,9.87548,0.740673,-0.0548623,0.553343,-0.0248911,4.90336,-0.0788965,4.97366,0.0738121,-0.114906,-0.0264858,0.038,0.0376871,-0.00846937,43.5329,-2.98764,1.24341,-0.193903,0.0211809,0,0,0.187152,0
6.62748e+07,0.890269,0.106463,9.87304,0.615309,-0.0702032,0.561507,0.126045,5.15223,0.0431533,4.96835,-0.00088197,0.0226523,-0.0349832,0.038,0.0377854,-0.00834538,43.5447,-2.98868,1.24256,-0.2109,0.0230916,0,0,0.204059,0
6.63548e+07,0.830575,0.101646,9.87308,0.587777,-0.0395738,0.558002,-0.0384197,4.80844,0.0578692,4.97938,0.0100546,-0.114616,0.110779,0.037,0.0367795,-0.0115424,43.5094,-2.99619,1.2397,-0.278941,0.0307795,0,0,0.272009,0
6.63748e+07,0.873559,0.092012,9.88015,0.531497,-0.0242096,0.555191,-0.0677342,5.05248,-0.0950096,4.97941,0.0574373,0.0379527,-0.0213464,0.036,0.0358695,-0.0146381,43.5182,-2.99889,1.23912,-0.29596,0.0326832,0,0,0.289131,0
6.64548e+07,0.873561,0.0823784,9.89201,0.475286,0.0215012,0.546107,0.0353686,5.04651,-0.0186803,4.97871,0.0427164,0.00733733,0.169024,0.037,0.0367568,-0.0121872,43.4976,-3,1.23709,-0.36404,0.0402017,0,0,0.357231,0
6.64748e+07,0.866392,0.101646,9.90866,0.585501,-0.0702364,0.552556,-0.0532335,4.99685,0.103422,4.982,-0.0645127,0.0684503,-0.0600295,0.037,0.0367723,-0.0122551,43.5329,-3,1.23666,-0.381067,0.0420798,0,0,0.374178,0
6.64948e+07,0.86162,0.0896036,9.87541,0.517887,0.0518886,0.550817,0.0655019,4.98617,0.149043,4.97959,0.191176,0.0531416,0.0662201,0.039,0.0384659,-0.00675498,43.5359,-3,1.23629,-0.398095,0.0439657,0,0,0.39131,0
6.65148e+07,0.84491,0.0703363,9.89913,0.405622,-0.039873,0.55275,0.170466,4.87836,-0.0188813,4.9802,-0.198985,-0.0996326,-0.0502175,0.039,0.0387732,-0.00603596,43.5329,-3,1.23598,-0.415121,0.0458543,0,0,0.408196,0
6.65348e+07,0.887892,0.0679279,9.86348,0.39299,-0.0243853,0.553687,-0.1022,5.14367,0.0419943,4.98091,-0.0173259,0.0228419,-0.10064,0.039,0.0388057,-0.00588639,43.5212,-3,1.23559,-0.432143,0.0477433,0,0,0.425346,0
6.65548e+07,0.844896,0.120913,9.84698,0.700936,-0.0703822,0.55115,-0.020792,4.90375,-0.0192056,4.98532,-0.0635674,-0.0227214,-0.128125,0.037,0.0371158,-0.011719,43.5182,-3,1.23526,-0.449186,0.0496292,0,0,0.442291,0
6.65748e+07,0.866389,0.113688,9.90156,0.655326,0.052024,0.552264,-0.0272256,5.00033,-0.0800388,4.98354,-0.0651129,-0.129245,-0.146519,0.037,0.0368052,-0.0130651,43.5094,-3,1.23494,-0.466226,0.0515251,0,0,0.459466,0
6.65948e+07,0.844904,0.092012,9.90629,0.530237,0.0521214,0.552705,-0.115007,4.87473,-0.00365162,4.98111,0.0104614,0.0539411,-0.0508076,0.037,0.0367703,-0.0132824,43.5153,-3,1.23476,-0.483264,0.0534206,0,0,0.4765,0
6.66148e+07,0.849688,0.0655195,9.8825,0.378461,0.0521208,0.549888,-0.0830622,4.91404,0.0572119,4.98285,0.190384,0.0996248,0.0956165,0.037,0.036767,-0.0131723,43.5359,-3,1.23464,-0.500296,0.055305,0,0,0.493465,0
6.66348e+07,0.835351,0.0992373,9.84458,0.575477,0.0675335,0.548401,-0.055225,4.84991,0.102761,4.98555,0.0126253,0.0538521,-0.000257581,0.037,0.0367674,-0.0131493,43.4947,-3,1.23452,-0.517335,0.0571784,0,0,0.510413,0
6.66758e+07,0.875954,0.0655195,9.85399,0.37946,0.205118,0.539645,0.201854,5.07975,-0.00427103,4.98788,-0.00512446,-0.0377299,-0.0382495,0.037,0.0367623,-0.0138798,43.53,-3,1.23439,-0.554848,0.0612774,0,0,0.544585,0
6.66958e+07,0.852059,0.12573,9.91346,0.72396,0.0217881,0.543217,0.0212055,4.91209,-0.0346787,4.98811,-0.0346236,0.0844239,0.0829109,0.037,0.0367615,-0.013862,43.4859,-3,1.23441,-0.571903,0.0631313,0,0,0.561743,0
6.67158e+07,0.856851,0.0655195,9.91336,0.377268,0.0370048,0.543565,0.0355857,4.93992,-0.0191875,4.98075,-0.0214946,-0.0226493,-0.0204345,0.037,0.0367606,-0.013946,43.5094,-3,1.23449,-0.588941,0.0649969,0,0,0.578731,0
6.67358e+07,0.852063,0.111279,9.83509,0.645828,0.0826585,0.550148,0.0823603,4.95114,-0.217645,4.98056,-0.213533,-0.0378749,-0.03579,0.038,0.0376689,-0.0112036,43.5388,-3,1.23455,-0.60597,0.0668704,0,0,0.595801,0
6.67558e+07,0.861619,0.0944205,9.83743,0.547816,0.00632191,0.551421,0.00662639,5.00529,0.133869,4.97648,0.130876,-0.0682701,-0.0681776,0.038,0.0377667,-0.0110736,43.5447,-3,1.23463,-0.622988,0.0687574,0,0,0.612856,0
6.67758e+07,0.849678,0.0992373,9.89205,0.572665,0.021576,0.548036,0.0198411,4.90913,0.118433,4.97302,0.117553,0.0234225,0.0254023,0.038,0.037778,-0.0108575,43.5153,-3,1.23478,-0.639997,0.070642,0,0,0.629829,0
6.67958e+07,0.866391,0.106463,9.8778,0.615146,0.0522683,0.542424,0.0513366,5.01235,0.194747,4.96844,0.19293,0.0385349,0.0424915,0.038,0.0377796,-0.010905,43.4918,-3,1.23502,-0.656991,0.0724966,0,0,0.646765,0
6.68158e+07,0.906986,0.101646,9.91575,0.584873,-0.100356,0.545798,-0.099193,5.22598,-0.0801566,4.97324,-0.0767037,-0.00724995,-0.00447662,0.038,0.0377797,-0.0107486,43.5035,-3,1.23523,-0.673985,0.0743606,0,0,0.663741,0
6.68358e+07,0.868788,0.0751532,9.89912,0.43331,0.128552,0.548605,0.126752,5.01552,-0.0954821,4.97247,-0.0911299,-0.114262,-0.108033,0.038,0.0377811,-0.0105141,43.5447,-3,1.23552,-0.690985,0.0762369,0,0,0.680795,0
6.68558e+07,0.873558,0.0944205,9.9039,0.54411,0.00630403,0.550456,0.00600527,5.04041,0.0876172,4.97241,0.0876018,0.00811219,0.011241,0.037,0.0368753,-0.0130521,43.5447,-3,1.23578,-0.707988,0.0781185,0,0,0.697755,0
6.68758e+07,0.844904,0.092012,9.85168,0.533154,-0.0240968,0.553191,-0.0255166,4.90162,0.0418074,4.97644,0.0406434,0.0536619,0.0568647,0.037,0.0367793,-0.013024,43.5035,-3,1.2362,-0.724997,0.0800131,0,0,0.714747,0
6.68958e+07,0.878329,0.111279,9.88255,0.642601,0.0675168,0.549614,0.0680447,5.0786,-0.0956056,4.98032,-0.0912775,0.175731,0.171279,0.037,0.0367701,-0.0128353,43.4918,-3,1.23662,-0.742013,0.081902,0,0,0.731814,0
6.69758e+07,0.878346,0.051069,9.88958,0.294708,-0.100513,0.540471,-0.0984561,5.07536,0.0113513,4.98814,0.0113303,0.0532652,0.0536324,0.037,0.0367676,-0.0129422,43.5329,-3,1.23857,-0.810093,0.0893924,0,0,0.799791,0
6.69958e+07,0.880732,0.0558858,9.86584,0.323268,0.204817,0.537274,0.202158,5.10124,-0.110893,4.98505,-0.110549,0.0226889,0.0227694,0.037,0.0367673,-0.0131891,43.5094,-3,1.23914,-0.827142,0.0912354,0,0,0.816873,0
6.70758e+07,0.871161,0.12573,9.86359,0.727471,-0.0706732,0.540664,-0.0689102,5.04691,-0.0497615,4.97744,-0.0480372,-0.0378423,-0.041616,0.038,0.037783,-0.0104292,43.5565,-3,1.24161,-0.895225,0.0986195,0,0,0.884977,0
6.70958e+07,0.871179,0.0631111,9.85161,0.365615,0.0667695,0.534882,0.0667425,5.05342,-0.00390768,4.97779,-0.00594168,-0.0838099,-0.0767391,0.037,0.0368755,-0.0132441,43.5447,-3,1.24239,-0.912243,0.100466,0,0,0.902013,0
6.72158e+07,0.84729,0.101646,9.86357,0.588255,0.0206057,0.546523,0.019464,4.90945,0.0270238,4.95911,0.0267518,0.038188,0.0397903,0.038,0.0377846,-0.0103119,43.5006,-3,1.24768,-1.01427,0.111617,0,0,1.00416,0
6.72358e+07,0.847294,0.0847868,9.87066,0.490343,0.0206578,0.544545,0.0191615,4.90604,-0.171021,4.96687,-0.171018,-0.0686027,-0.0693267,0.038,0.0377805,-0.0109069,43.5447,-3,1.24864,-1.03126,0.113483,0,0,1.0211,0
6.72558e+07,0.871171,0.092012,9.90627,0.530117,-0.0253119,0.547212,-0.0209933,5.02552,-0.0640287,4.96558,-0.0633917,0.0538086,0.0489358,0.038,0.0377779,-0.0111462,43.5624,-3,1.24963,-1.04823,0.11535,0,0,1.0382,0
6.73358e+07,0.842523,0.0679279,9.86589,0.393052,0.0511087,0.546906,0.0514146,4.88096,-0.0943131,4.97521,-0.0916462,0.0388141,0.0399293,0.038,0.0376028,-0.012013,43.5094,-3,1.25406,-1.11618,0.122821,0,0,1.10601,0
6.73558e+07,0.883106,0.106463,9.86829,0.615642,-0.0405643,0.548918,-0.0382859,5.11344,0.0276766,4.98264,0.0280093,-0.06815,-0.0654457,0.038,0.0377549,-0.0118735,43.5329,-2.99825,1.2538,-0.010257,0.00120663,0,0,1.12295,0
6.73758e+07,0.906981,0.118505,9.9229,0.681384,0.0816132,0.557429,0.0789803,5.22211,-0.0487211,4.98709,-0.0469864,0.115035,0.112309,0.038,0.0377706,-0.0116498,43.4947,-2.99558,1.25262,-0.0273006,0.00309884,0,0,0.0170017,0
6.73958e+07,0.887887,0.0871952,9.83027,0.506144,-0.0101695,0.555709,-0.00784062,5.16085,0.0581238,4.98621,0.0564171,-0.0986764,-0.0997844,0.037,0.0369264,-0.0146065,43.5124,-2.99329,1.2514,-0.0443434,0.00500186,0,0,0.0341313,0
6.74758e+07,0.861623,0.0775616,9.88963,0.447649,-0.0568283,0.55475,-0.0558857,4.97911,-0.0329568,4.99227,-0.0355856,-0.0677518,-0.0661164,0.036,0.0357613,-0.0167658,43.5271,-2.98751,1.24699,-0.112659,0.0125657,0,0,0.102497,0
6.74958e+07,0.883107,0.104054,9.85879,0.602292,-0.0721856,0.559697,-0.0718524,5.11836,0.0280974,4.99662,0.0255248,0.115457,0.113765,0.036,0.0357464,-0.0168565,43.5476,-2.9869,1.24605,-0.129734,0.0144747,0,0,0.119559,0
6.75158e+07,0.85446,0.0751532,9.88726,0.43388,0.126222,0.552553,0.122427,4.93911,-0.0482287,4.98988,-0.0450685,-0.0372493,-0.0391236,0.037,0.0365899,-0.0142255,43.5271,-2.98665,1.24509,-0.146802,0.0163761,0,0,0.136586,0
6.75358e+07,0.835353,0.092012,9.88256,0.531544,-0.026624,0.552412,-0.0283146,4.83141,0.0894418,4.98929,0.0848124,-0.0068835,-0.00443311,0.037,0.036744,-0.0136257,43.4829,-2.98672,1.24424,-0.163867,0.018267,0,0,0.153677,0
6.75558e+07,0.883111,0.0896036,9.84452,0.519399,0.095327,0.550847,0.0955998,5.12583,-0.093914,4.98994,-0.0907159,0.0388235,0.0393079,0.037,0.0367613,-0.0137356,43.5271,-2.98713,1.24341,-0.180921,0.0201529,0,0,0.170684,0
6.75758e+07,0.887894,0.0607027,9.87771,0.350688,-0.0725656,0.545731,-0.0728492,5.13634,0.150248,4.99309,0.14822,0.0696176,0.0595178,0.037,0.0367636,-0.0134856,43.5153,-2.98793,1.24252,-0.197978,0.022028,0,0,0.187731,0
6.75958e+07,0.847293,0.0896036,9.85168,0.519189,0.0802617,0.546991,0.0793368,4.91542,-0.0941999,4.99019,-0.0938783,0.0849602,0.0841028,0.037,0.0367652,-0.0133616,43.5241,-2.98904,1.24172,-0.215041,0.0239016,0,0,0.204675,0
6.76158e+07,0.830569,0.123321,9.90873,0.71056,0.0649426,0.548021,0.0620051,4.79107,0.135062,4.98115,0.132113,-0.0983046,-0.0927738,0.037,0.0367665,-0.0130628,43.5212,-2.9905,1.24095,-0.232086,0.0257746,0,0,0.221955,0
6.76358e+07,0.914147,0.108871,9.90863,0.626849,0.0496724,0.550743,0.0473388,5.27074,-0.109301,4.98789,-0.106663,0.0392365,0.0349747,0.037,0.0367705,-0.0124512,43.5182,-2.99229,1.24023,-0.249124,0.0276547,0,0,0.238897,0
6.76558e+07,0.844898,0.113688,9.83272,0.660003,-0.118087,0.55713,-0.116347,4.91088,-0.0632823,4.98551,-0.062102,0.0543716,0.0529424,0.037,0.0367724,-0.0123919,43.5329,-2.9944,1.2396,-0.26617,0.0295553,0,0,0.25601,0
6.76758e+07,0.88311,0.092012,9.89914,0.53044,-0.0721432,0.558173,-0.0712734,5.09769,-0.170192,4.99037,-0.168114,0.0390702,0.0362632,0.037,0.0367713,-0.012373,43.5271,-2.99686,1.23897,-0.283222,0.0314623,0,0,0.272952,0
6.76958e+07,0.840135,0.0679279,9.82791,0.394568,-0.0568322,0.557586,-0.0533407,4.88592,-0.0326569,4.98904,-0.0337823,0.130578,0.123666,0.037,0.0367723,-0.0124234,43.5359,-2.99965,1.23842,-0.300282,0.0333766,0,0,0.290096,0
6.77158e+07,0.835353,0.092012,9.85169,0.533198,0.00430489,0.554221,0.00545769,4.84647,-0.0633168,4.98687,-0.060384,0.0389785,0.0339643,0.037,0.0367701,-0.0127424,43.4947,-3,1.23784,-0.317336,0.0352719,0,0,0.30712,0
6.77358e+07,0.868785,0.0847868,9.91813,0.487922,-0.0873765,0.555243,-0.0838788,5.0059,0.0591218,4.98693,0.057359,-0.0526462,-0.0492068,0.037,0.0367722,-0.012074,43.5271,-3,1.23731,-0.334385,0.0371753,0,0,0.324196,0
6.77558e+07,0.87116,0.130547,9.88259,0.753897,-0.148462,0.562982,-0.144643,5.03722,-0.0172305,4.99203,-0.0172358,-0.0984813,-0.0976192,0.038,0.0376178,-0.00974107,43.5124,-3,1.23683,-0.351446,0.0390888,0,0,0.341207,0
6.77758e+07,0.847285,0.118505,9.8636,0.685813,-0.148309,0.566459,-0.147106,4.90931,-0.0935464,4.99492,-0.0895115,0.00853813,0.0104899,0.038,0.0377683,-0.00991029,43.5418,-3,1.23638,-0.368525,0.041023,0,0,0.358305,0
6.77958e+07,0.840124,0.108871,9.8897,0.628453,-0.0719293,0.564878,-0.0704217,4.85529,-0.0169225,4.99501,-0.0152164,0.115472,0.111142,0.038,0.0377858,-0.00932404,43.5565,-3,1.23598,-0.385609,0.0429554,0,0,0.375452,0
6.78158e+07,0.842526,0.0582943,9.8825,0.336747,0.142037,0.557971,0.138218,4.87285,-0.0016973,4.99374,-0.00258374,-0.0220522,-0.0204274,0.037,0.0369434,-0.0118577,43.5006,-3,1.23563,-0.402691,0.0448788,0,0,0.392401,0
6.78358e+07,0.840126,0.101646,9.87545,0.587589,-0.147826,0.55558,-0.145777,4.86232,-0.0476501,4.99385,-0.0461863,0.0847721,0.0754436,0.037,0.0367912,-0.0120719,43.5035,-3,1.23534,-0.419766,0.0467831,0,0,0.409509,0
6.78558e+07,0.852063,0.111279,9.90157,0.641524,-0.0409505,0.554997,-0.0403242,4.91807,-0.0783474,4.99605,-0.0779875,-0.0371062,-0.0394019,0.037,0.0367733,-0.0123896,43.53,-3,1.23496,-0.436848,0.0486821,0,0,0.426543,0
6.78758e+07,0.868778,0.111279,9.93242,0.639454,-0.0561029,0.551897,-0.0578276,4.99856,0.074332,4.99602,0.0740387,0.0544258,0.0458294,0.036,0.0360241,-0.0142183,43.5182,-3,1.23475,-0.45393,0.0505734,0,0,0.443701,0
6.78958e+07,0.859236,0.0775616,9.87064,0.448514,0.0202253,0.547833,0.0190617,4.97488,0.0130155,4.99925,0.0130165,-0.0830864,-0.077581,0.036,0.0357864,-0.0148773,43.5241,-3,1.23454,-0.471018,0.0524567,0,0,0.460652,0
6.79158e+07,0.899814,0.130547,9.87782,0.754064,-0.0256206,0.55372,-0.0241518,5.20451,0.257055,4.99849,0.252972,-0.11335,-0.109359,0.036,0.0357602,-0.0149832,43.5476,-3,1.2343,-0.4881,0.0543413,0,0,0.477807,0
6.79958e+07,0.849692,0.051069,9.87061,0.295345,-0.0714871,0.54625,-0.0709336,4.92,0.0888424,4.99027,0.0867918,0.0242062,0.0193467,0.037,0.0367794,-0.0111878,43.5535,-3,1.23398,-0.556444,0.0619175,0,0,0.546186,0
6.80158e+07,0.883112,0.0847868,9.82315,0.49254,0.00497591,0.53888,0.0043609,5.13695,-0.00270081,4.9936,-0.00498543,0.0852149,0.0772987,0.037,0.0367773,-0.0118565,43.58,-3,1.23403,-0.573513,0.0637727,0,0,0.563279,0
6.80958e+07,0.856848,0.0775616,9.9395,0.445439,-0.0105528,0.551166,-0.0111293,4.92693,0.0277557,4.98713,0.0262645,0.0390787,0.0402294,0.037,0.0367805,-0.0109379,43.4947,-3,1.23456,-0.641774,0.0712033,0,0,0.631507,0
6.81158e+07,0.868774,0.123321,9.96568,0.706299,-0.0256679,0.550907,-0.0257068,4.98188,0.10403,4.98288,0.101696,0.0240091,0.0244731,0.037,0.0367825,-0.0106048,43.5035,-3,1.23471,-0.658811,0.0730871,0,0,0.648615,0
6.83358e+07,0.852065,0.101646,9.85169,0.588935,0.0200943,0.567793,0.0206424,4.9429,-0.0484412,4.9839,-0.0458357,-0.052892,-0.0481182,0.037,0.0367774,-0.0121929,43.5565,-3,1.23957,-0.846339,0.0940702,0,0,0.836093,0
6.83558e+07,0.871164,0.116096,9.88969,0.669977,0.096472,0.566659,0.0949587,5.03374,0.104217,4.98319,0.106717,-0.0987139,-0.0965313,0.038,0.0375232,-0.00986029,43.5241,-3,1.24022,-0.863373,0.096005,0,0,0.853151,0
6.83758e+07,0.852074,0.0703363,9.89438,0.405791,-0.0104663,0.567126,-0.00845986,4.92187,0.0886431,4.9807,0.0883339,-0.113953,-0.105853,0.038,0.0377614,-0.00929958,43.5006,-3,1.24091,-0.88041,0.0979503,0,0,0.870089,0
6.84968e+07,0.864007,0.0944205,9.9134,0.543638,-0.0253679,0.547283,-0.0253361,4.98083,0.104667,4.99189,0.104342,0.0696847,0.07281,0.037,0.0367703,-0.0125308,43.5065,-3,1.24579,-0.982738,0.109339,0,0,0.972466,0
6.85168e+07,0.852079,0.051069,9.90859,0.294215,0.0664829,0.547347,0.0652628,4.91494,-0.00254774,4.99148,-0.00107229,-0.113727,-0.103971,0.037,0.0367686,-0.0127884,43.5241,-3,1.24676,-0.99981,0.111218,0,0,0.98947,0
6.85368e+07,0.847294,0.0871952,9.8588,0.504873,0.0817772,0.549384,0.0803135,4.9119,-0.00252509,4.98948,-0.00200315,0.0235711,0.023612,0.037,0.036768,-0.0130542,43.5006,-3,1.24781,-1.01687,0.113098,0,0,1.00656,0
6.85568e+07,0.835348,0.111279,9.82323,0.646695,0.142629,0.553855,0.14314,4.86031,0.0432742,4.9858,0.042959,-0.0831859,-0.0823167,0.037,0.0367701,-0.0126827,43.5094,-3,1.24879,-1.03392,0.114984,0,0,1.02373,0
6.85768e+07,0.868784,0.0871952,9.91576,0.5019,-0.0254403,0.55448,-0.0234006,5.00708,-0.109436,4.98519,-0.107968,-0.0220168,-0.0187895,0.037,0.0367686,-0.01292,43.5359,-3,1.24984,-1.05097,0.116883,0,0,1.04071,0
6.86178e+07,0.887878,0.120913,9.89443,0.697336,0.0967537,0.549496,0.0958732,5.12733,-0.0935163,4.97952,-0.093789,0.0543373,0.0412045,0.037,0.0367696,-0.0127417,43.5212,-3,1.25209,-1.08503,0.120655,0,0,1.0749,0
6.86378e+07,0.868786,0.07997,9.92525,0.459877,0.0814539,0.54377,0.0788322,5.00236,0.135535,4.97101,0.13467,0.0543642,0.0508273,0.037,0.0367712,-0.012391,43.4976,-3,1.25326,-1.10203,0.122526,0,0,1.09196,0
6.86578e+07,0.873545,0.14018,9.8731,0.810278,0.0814701,0.549358,0.0814256,5.0557,-0.0478585,4.97299,-0.0444104,0.130873,0.125175,0.038,0.0373718,-0.0105134,43.5271,-3,1.25444,-1.11903,0.124398,0,0,1.10872,0
6.86778e+07,0.821029,0.0823784,9.87781,0.476179,0.0355386,0.549172,0.0338205,4.75126,-0.0785432,4.96737,-0.0759155,0.0391257,0.0383654,0.038,0.0377452,-0.00952379,43.5388,-2.99824,1.25421,-0.0102428,0.00118321,0,0,1.12578,0
6.8698e+07,0.873562,0.07997,9.92049,0.460076,-0.0866956,0.545549,0.00292203,5.03211,0.104978,4.96554,-0.106501,0.0693752,0.0976954,0.038,0.0377845,-0.00954983,43.5418,-2.99555,1.25306,-0.0272242,0.00305615,0,0,0.0171034,0
6.87188e+07,0.878332,0.101646,9.88966,0.586556,-0.0713505,0.544541,-0.0837769,5.07503,0.0436244,4.96741,0.0445413,-0.129168,0.0195973,0.037,0.0371896,-0.0115023,43.5388,-2.99323,1.2519,-0.0442055,0.00491688,0,0,0.0340021,0
6.87388e+07,0.859227,0.108871,9.84695,0.631056,0.0203178,0.546766,0.0958,4.98659,-0.0480306,4.97564,-0.0163192,0.0083133,0.0520387,0.037,0.0368153,-0.0127071,43.5271,-2.99127,1.25075,-0.0612055,0.00678309,0,0,0.0509534,0
6.87588e+07,0.837742,0.0871952,9.88967,0.50335,-0.147531,0.552964,-0.0709589,4.84171,-0.108822,4.97631,-0.0331392,0.130564,0.0764009,0.037,0.0367716,-0.0133849,43.5388,-2.98965,1.24962,-0.0782192,0.0086653,0,0,0.0680012,0
6.87788e+07,0.849678,0.101646,9.84457,0.58937,-0.0253049,0.553561,0.00525013,4.93267,0.0438571,4.97914,0.0893873,0.0693276,-0.037264,0.037,0.0367666,-0.0134175,43.5359,-2.98834,1.2486,-0.0952366,0.010557,0,0,0.0851284,0
6.87988e+07,0.832962,0.104054,9.91107,0.599401,-0.0557749,0.554125,0.0649681,4.80379,-0.00203443,4.98016,0.0717887,-0.0833894,0.0134332,0.037,0.036765,-0.0135487,43.5447,-2.98739,1.24759,-0.112257,0.0124528,0,0,0.102025,0
6.88188e+07,0.837742,0.0896036,9.93953,0.514675,-0.0862696,0.556343,0.0361733,4.81752,-0.139345,4.97487,0.0251736,0.160938,-0.0798294,0.037,0.0367661,-0.0134375,43.4859,-2.98679,1.2466,-0.129275,0.014352,0,0,0.119043,0
6.88388e+07,0.830577,0.0944205,9.85407,0.547044,-0.0709873,0.555833,0.00539676,4.81772,-0.032419,4.96816,0.0758915,0.0692292,-0.0514938,0.038,0.0373667,-0.0111219,43.5447,-2.98652,1.24568,-0.14627,0.0162546,0,0,0.136146,0
6.88588e+07,0.8664,0.0727447,9.87775,0.420334,0.14267,0.55489,0.0669753,5.01258,0.0133169,4.96863,0.0430273,-0.0224187,0.00806075,0.038,0.0377398,-0.0102264,43.5329,-2.98659,1.24479,-0.163256,0.0181531,0,0,0.153033,0
6.88788e+07,0.873558,0.0944205,9.89202,0.544758,-0.0863336,0.558429,-0.0973537,5.04643,-0.0321965,4.97188,-0.0616139,-0.0529855,0.0232804,0.038,0.0377803,-0.0101884,43.5271,-2.987,1.24393,-0.180244,0.0200573,0,0,0.170099,0
6.88988e+07,0.873557,0.0968289,9.95139,0.555346,-0.11656,0.55451,0.0476057,5.01647,0.120421,4.97749,-0.043504,-0.0375189,-0.0561723,0.038,0.0377849,-0.0100075,43.5418,-2.98777,1.24305,-0.197251,0.0219592,0,0,0.187082,0
6.89188e+07,0.871165,0.113688,9.88731,0.656236,0.00590873,0.553985,0.0174114,5.03496,0.135659,4.97999,-0.00347182,-0.0832803,0.0240028,0.038,0.0377876,-0.00967637,43.5153,-2.98887,1.24225,-0.214274,0.0238543,0,0,0.203994,0
6.89388e+07,0.856845,0.0871952,9.89678,0.502908,0.036334,0.557762,0.153361,4.94803,0.0895834,4.9861,0.104902,-0.0375488,0.0633455,0.038,0.0377865,-0.0099036,43.5359,-2.9903,1.24152,-0.231316,0.0257606,0,0,0.221077,0
6.90188e+07,0.856855,0.051069,9.83024,0.29653,0.0669826,0.564132,0.0203167,4.98154,0.119736,4.97914,0.121241,0.0233386,0.0245176,0.037,0.0367727,-0.0121697,43.4829,-2.9994,1.23896,-0.299457,0.0334433,0,0,0.289223,0
6.90388e+07,0.866395,0.092012,9.85167,0.533055,0.0210111,0.557426,0.051598,5.02567,0.0277278,4.98424,0.103289,-0.0835639,-0.0223598,0.037,0.0367736,-0.01206,43.5388,-3,1.23841,-0.316487,0.0353577,0,0,0.306108,0
6.91188e+07,0.849677,0.104054,9.8327,0.604056,-0.0401008,0.556586,-0.0248376,4.93858,-0.00244498,4.97604,-0.137857,-0.0531338,-0.0335702,0.037,0.0367752,-0.0118956,43.5153,-3,1.23661,-0.384603,0.0429428,0,0,0.374474,0
6.91388e+07,0.854453,0.101646,9.93004,0.584311,0.036322,0.55673,-0.0682934,4.91778,-0.048456,4.97601,0.0420411,-0.0073396,0.0093491,0.038,0.0373732,-0.0101979,43.5241,-3,1.23625,-0.401614,0.0448467,0,0,0.391381,0
6.93188e+07,0.859233,0.0871952,9.84454,0.505546,0.0817457,0.567362,0.0368887,4.98795,0.0891256,4.97459,0.0268765,-0.0385578,0.139242,0.037,0.0367733,-0.0122052,43.5329,-3,1.2349,-0.55483,0.0621686,0,0,0.544649,0
6.93388e+07,0.904596,0.106463,9.91813,0.612455,-0.00990331,0.561708,-0.0240214,5.21102,-0.0484028,4.97652,0.0417775,-0.0538174,0.0654722,0.037,0.0367734,-0.0122585,43.4976,-3,1.23493,-0.571839,0.0641021,0,0,0.561624,0
6.93588e+07,0.868792,0.0607027,9.87298,0.350915,-0.0404835,0.560495,-0.0248822,5.0288,-0.0330765,4.97814,-0.196193,0.0987644,-0.031092,0.037,0.0367746,-0.0121522,43.5535,-3,1.23501,-0.588862,0.0660247,0,0,0.578636,0
6.93788e+07,0.873565,0.0703363,9.88249,0.406199,0.00535762,0.555319,0.0514441,5.05141,0.119654,4.9788,0.0427376,0.113893,0.0185036,0.037,0.0367748,-0.0121095,43.4918,-3,1.23515,-0.60588,0.0679284,0,0,0.595719,0
6.93988e+07,0.883114,0.0775616,9.90149,0.447033,0.00523829,0.555668,0.157068,5.09657,-0.0482013,4.97991,0.0128162,-0.11513,0.00417763,0.037,0.0367744,-0.0120933,43.5418,-3,1.23529,-0.622908,0.0698247,0,0,0.612686,0
6.9519e+07,0.861623,0.0775616,9.89676,0.44733,-0.101926,0.556425,-0.071383,4.97554,-0.0485775,4.98236,0.0568703,0.128856,0.079615,0.037,0.0367722,-0.0125087,43.5388,-3,1.23699,-0.725039,0.0812217,0,0,0.71479,0
6.95398e+07,0.835358,0.0727447,9.88727,0.420044,0.0966495,0.548265,0.0951761,4.82922,-0.048481,4.97837,-0.0481609,-0.115421,-0.116415,0.037,0.0367737,-0.0121489,43.5418,-3,1.23746,-0.745474,0.0834859,0,0,0.73184,0
6.96398e+07,0.864011,0.07997,9.85877,0.462973,0.0967958,0.536182,0.091835,5.00837,-0.0183184,4.98599,-0.0191877,-0.130143,-0.126029,0.037,0.0368202,-0.0119742,43.5124,-3,1.23992,-0.830651,0.0928103,0,0,0.816998,0
6.96598e+07,0.88072,0.0992373,9.8944,0.572374,-0.0713344,0.540889,-0.070719,5.08635,-0.0337439,4.98982,-0.0328679,-0.0688475,-0.0658948,0.037,0.0367785,-0.0121068,43.53,-3,1.2405,-0.847705,0.0946593,0,0,0.833996,0
6.96798e+07,0.890283,0.0582943,9.9062,0.335807,0.00521326,0.533929,0.0046247,5.13536,-0.110079,4.99313,-0.106582,-0.17576,-0.169915,0.037,0.0367728,-0.0122857,43.4976,-3,1.24116,-0.864768,0.0964961,0,0,0.851137,0
6.96998e+07,0.840135,0.0679279,9.84453,0.393907,0.0357391,0.534039,0.0343087,4.87771,0.241054,4.99388,0.238101,0.0994219,0.09188,0.037,0.0367704,-0.0127838,43.5212,-3,1.24182,-0.881842,0.0983262,0,0,0.868178,0
6.97198e+07,0.875946,0.092012,9.92051,0.52934,0.00511062,0.535728,0.00714485,5.04571,-0.0795803,4.98875,-0.079526,0.0383221,0.0321688,0.037,0.036769,-0.0126642,43.5094,-3,1.24255,-0.898905,0.100156,0,0,0.885192,0
6.97398e+07,0.849674,0.116096,9.8992,0.669463,-0.0100793,0.539235,-0.0115046,4.90548,0.149367,4.98758,0.148758,0.282468,0.275118,0.037,0.0367706,-0.0124529,43.5447,-3,1.24341,-0.915959,0.101998,0,0,0.902371,0
6.97598e+07,0.885486,0.132955,9.93006,0.764064,-0.00997818,0.541206,-0.00855436,5.09526,0.0577772,4.98954,0.0542911,0.0991223,0.0935884,0.037,0.0367716,-0.0122712,43.5065,-3,1.24422,-0.933016,0.103845,0,0,0.919307,0
6.97798e+07,0.885504,0.0703363,9.84924,0.407515,0.0509108,0.539578,0.0512275,5.13728,-0.00342464,4.99245,-0.0028368,0.0987142,0.102006,0.037,0.0367714,-0.0125419,43.5359,-3,1.24518,-0.950081,0.105696,0,0,0.936416,0
6.97998e+07,0.873553,0.111279,9.87068,0.643395,0.0813026,0.537018,0.0809932,5.05717,0.103777,4.98596,0.0982441,0.00708282,0.0090137,0.037,0.0367711,-0.012545,43.5271,-3,1.24605,-0.967135,0.107535,0,0,0.953493,0
6.98198e+07,0.8831,0.128138,9.89444,0.739032,0.0964648,0.543388,0.0972748,5.09983,0.0578661,4.99208,0.0558485,-0.00821257,-0.00639455,0.037,0.0367715,-0.0123219,43.5506,-3,1.24697,-0.984195,0.109386,0,0,0.970602,0
6.98398e+07,0.852061,0.118505,9.91345,0.682361,-0.0411541,0.550918,-0.0405722,4.91215,-0.0643191,4.9889,-0.0628399,-0.0693582,-0.0650366,0.037,0.0367723,-0.01217,43.5094,-3,1.24794,-1.00126,0.111264,0,0,0.987587,0
6.98598e+07,0.890275,0.0871952,9.90862,0.502163,0.0655509,0.55589,0.0675312,5.13396,-0.0950358,4.99256,-0.093251,-0.0235481,-0.0214297,0.037,0.0367741,-0.0119568,43.5594,-3,1.24894,-1.01832,0.113158,0,0,1.00464,0
6.98798e+07,0.880723,0.0896036,9.89913,0.516568,-0.0109125,0.556348,-0.00921004,5.08399,0.134083,4.99051,0.131146,0.0374926,0.0316877,0.037,0.036774,-0.0120045,43.5241,-3,1.24998,-1.03539,0.115063,0,0,1.02173,0
6.98998e+07,0.8473,0.0631111,9.85401,0.365603,-0.0259655,0.549756,-0.0254118,4.91441,0.0729909,4.98894,0.0706738,0.0220877,0.031208,0.037,0.0367735,-0.0122371,43.5388,-3,1.25108,-1.05245,0.116956,0,0,1.03878,0
6.99198e+07,0.885496,0.0968289,9.87302,0.559659,0.0504009,0.549137,0.0489715,5.12481,0.0578351,4.98741,0.0531675,-0.0237288,-0.0223103,0.037,0.0367707,-0.0128379,43.5359,-3,1.25218,-1.06949,0.118834,0,0,1.05583,0
6.99398e+07,0.844898,0.116096,9.86597,0.671729,-0.0260754,0.549056,-0.0220723,4.89439,0.271857,4.98118,0.266497,-0.115079,-0.114177,0.037,0.0367698,-0.0127851,43.5124,-3,1.25324,-1.08653,0.120713,0,0,1.07298,0
6.99598e+07,0.866387,0.120913,9.78523,0.705191,0.0656686,0.549955,0.061322,5.0594,0.0883582,4.98255,0.0863565,-0.0388565,-0.036185,0.037,0.0367686,-0.013263,43.53,-3,1.25446,-1.10356,0.12259,0,0,1.08993,0
7.00398e+07,0.828198,0.0631111,9.89676,0.364094,-0.0562366,0.544822,-0.0554004,4.78348,-0.0644791,4.97429,-0.0641968,-0.114952,-0.106849,0.039,0.0375538,-0.00938458,43.58,-2.99288,1.25247,-0.0477506,0.00535184,0,0,0.0340777,0
7.00598e+07,0.868783,0.092012,9.84691,0.533299,0.127096,0.54695,0.123593,5.04187,0.0424166,4.97577,0.0426938,0.098979,0.0977939,0.039,0.0386747,-0.00641086,43.4535,-2.99098,1.25133,-0.0647571,0.00721873,0,0,0.0511975,0
7.01398e+07,0.835356,0.07997,9.88966,0.461652,-0.0254842,0.555158,-0.0265655,4.82802,0.118903,4.9744,0.115705,-0.0233853,-0.0239715,0.038,0.03779,-0.0104047,43.5447,-2.98679,1.24723,-0.132855,0.0148336,0,0,0.119271,0
7.01598e+07,0.864004,0.104054,9.86118,0.602249,0.0355887,0.553562,-0.0257608,5.007,0.0272644,4.97642,-0.048268,-0.115029,0.109686,0.038,0.0377829,-0.0105108,43.5359,-2.9866,1.2465,-0.146464,0.0163481,0,0,0.136189,0
7.03398e+07,0.890268,0.111279,9.8398,0.645301,0.0200075,0.542745,0.0934653,5.1695,-0.00262523,4.9774,-0.092547,0.114231,0.0940461,0.038,0.0357459,-0.0167656,43.5476,-2.99955,1.2397,-0.29954,0.0334342,0,0,0.289322,0
7.03608e+07,0.847294,0.0871952,9.8493,0.505356,0.0965198,0.536714,0.0915803,4.91662,-0.0331488,4.98086,-0.0322724,0.0989226,0.090791,0.038,0.0376395,-0.0110167,43.5447,-3,1.23907,-0.319971,0.0356542,0,0,0.306417,0
7.03808e+07,0.852067,0.0944205,9.87068,0.54603,-0.0104918,0.5365,-0.012482,4.93349,-0.0330651,4.9801,-0.0327776,0.0378126,0.0318956,0.038,0.0377665,-0.0105281,43.4976,-3,1.23856,-0.337001,0.0374913,0,0,0.323339,0
7.04008e+07,0.892667,0.0727447,9.85399,0.42124,-0.0867615,0.534044,-0.0861137,5.17612,-0.048249,4.98439,-0.0464981,0.0378447,0.0344505,0.037,0.0374139,-0.0120539,43.5153,-3,1.23808,-0.354036,0.0393215,0,0,0.340462,0
7.04208e+07,0.892667,0.0703363,9.85636,0.407197,-0.0406988,0.534,-0.0415916,5.1749,-0.185668,4.98802,-0.182464,-0.0690303,-0.066224,0.037,0.0368316,-0.0138191,43.5447,-3,1.23762,-0.371085,0.0411503,0,0,0.357449,0
7.04408e+07,0.828194,0.0775616,9.90153,0.447243,-0.0560596,0.536057,-0.0537372,4.78111,-0.0327916,4.9836,-0.0330962,-0.0383422,-0.0394948,0.037,0.0367649,-0.014542,43.5506,-3,1.23719,-0.388135,0.0429884,0,0,0.374559,0
7.04608e+07,0.875936,0.130547,9.88971,0.753326,0.127138,0.538135,0.126219,5.06107,-0.0326724,4.98918,-0.033016,0.0532677,0.0530471,0.037,0.0367593,-0.0142342,43.5241,-3,1.23684,-0.405185,0.0448227,0,0,0.391547,0
7.05608e+07,0.849681,0.0896036,9.86355,0.518559,-0.0864563,0.544045,-0.0861579,4.9233,0.0126851,4.99816,0.0124084,-0.00765812,-0.00711571,0.037,0.036759,-0.014275,43.5682,-3,1.23554,-0.490567,0.0541176,0,0,0.476744,0
7.05808e+07,0.883107,0.101646,9.89203,0.586391,0.0204786,0.542832,0.0199184,5.10127,-0.0333624,5.00308,-0.0299031,-0.114486,-0.113568,0.037,0.0367589,-0.0140267,43.5124,-3,1.23537,-0.507668,0.0559721,0,0,0.493908,0
7.06608e+07,0.847289,0.104054,9.84458,0.603346,-0.04094,0.543105,-0.0405909,4.91885,0.088516,4.99825,0.0865327,0.0383404,0.0390028,0.037,0.0367613,-0.0138144,43.5241,-3,1.23518,-0.576045,0.0634438,0,0,0.562396,0
7.06808e+07,0.866401,0.0703363,9.85638,0.407292,0.004915,0.545471,0.00577388,5.02341,0.103613,4.99659,0.102666,-0.0533055,-0.0552927,0.037,0.0367643,-0.0133608,43.5212,-3,1.23522,-0.593127,0.0653106,0,0,0.579331,0
7.07608e+07,0.832965,0.092012,9.84457,0.533592,0.0048269,0.535355,0.00279751,4.83616,0.16448,4.99271,0.160091,0.0238397,0.023083,0.038,0.0364882,-0.0127349,43.5418,-3,1.23559,-0.661466,0.0727092,0,0,0.647776,0
7.07808e+07,0.871173,0.0847868,9.88726,0.489424,0.111861,0.533538,0.108308,5.03518,0.14924,4.98895,0.144779,0.0695218,0.0673513,0.038,0.0376516,-0.0092236,43.5153,-3,1.23587,-0.678525,0.0745426,0,0,0.664841,0
7.08008e+07,0.842517,0.092012,9.8873,0.531259,0.21876,0.533201,0.212901,4.87031,-0.0493052,4.98472,-0.0464128,0.145665,0.144636,0.038,0.0377762,-0.00910006,43.5271,-3,1.2362,-0.695576,0.0763746,0,0,0.681954,0
7.08208e+07,0.837749,0.0631111,9.85402,0.365633,0.0811163,0.532307,0.0793927,4.85927,0.195325,4.98229,0.187736,0.0232632,0.0226935,0.038,0.0377888,-0.00941611,43.5124,-3,1.23655,-0.712619,0.0781997,0,0,0.699036,0
7.08408e+07,0.887892,0.0703363,9.94421,0.403646,0.050624,0.537689,0.049443,5.10213,0.0884068,4.98006,0.0857679,-0.129086,-0.131248,0.037,0.0368822,-0.0120018,43.5241,-3,1.23678,-0.729649,0.0800458,0,0,0.716058,0
7.08608e+07,0.82342,0.0703363,9.89203,0.405985,0.0658598,0.535049,0.0657879,4.75825,-0.0186579,4.97711,-0.0166291,0.00839448,0.00464969,0.037,0.0367864,-0.0119753,43.5476,-3,1.23717,-0.746677,0.0818858,0,0,0.73306,0
7.08808e+07,0.871166,0.108871,9.87543,0.629184,-0.0410295,0.535505,-0.0393064,5.04102,-0.0794809,4.97496,-0.0817828,-0.0221246,-0.0175387,0.037,0.0367767,-0.0120303,43.53,-3,1.23757,-0.76369,0.083715,0,0,0.750051,0
7.09008e+07,0.861625,0.0703363,9.88962,0.405951,0.035092,0.539268,0.0362511,4.97915,0.241215,4.97349,0.235917,-0.0373279,-0.0366936,0.037,0.0367743,-0.0123094,43.5476,-3,1.238,-0.780695,0.085558,0,0,0.767182,0
7.09208e+07,0.837732,0.123321,9.87073,0.713232,-0.0107275,0.542721,-0.0109942,4.85071,-0.186485,4.97167,-0.181824,0.115396,0.107929,0.037,0.036774,-0.0122083,43.5241,-3,1.23851,-0.797699,0.0874096,0,0,0.784049,0
7.09408e+07,0.859233,0.0871952,9.86591,0.504459,0.0503107,0.538747,0.0503332,4.9772,0.0272689,4.9769,0.0279008,0.0696334,0.0647365,0.037,0.0367728,-0.0125528,43.5594,-3,1.23901,-0.814705,0.0892585,0,0,0.801158,0
7.09608e+07,0.823407,0.116096,9.87311,0.67137,-0.0259577,0.538776,-0.0254211,4.76705,0.0577919,4.97356,0.0568728,0.0848789,0.0758821,0.037,0.0367747,-0.0119149,43.5359,-3,1.23958,-0.831719,0.0911013,0,0,0.818057,0
7.09808e+07,0.866396,0.0896036,9.93001,0.515039,0.0504698,0.537632,0.0487013,4.98624,0.149103,4.96912,0.148778,0.0237031,0.0256335,0.037,0.0367782,-0.0112563,43.5271,-3,1.24019,-0.848712,0.0929421,0,0,0.835068,0
7.10008e+07,0.859242,0.0558858,9.9086,0.321944,0.141786,0.538306,0.140297,4.95603,-0.064781,4.97231,-0.0638781,0.09992,0.0950894,0.037,0.0367803,-0.011157,43.5359,-3,1.24087,-0.86571,0.0947914,0,0,0.851996,0
7.10208e+07,0.856838,0.111279,9.88969,0.642262,-0.102372,0.533794,-0.100639,4.9514,0.087832,4.96989,0.0869409,0.054,0.0488648,0.036,0.0358763,-0.0134855,43.4947,-3,1.24157,-0.882706,0.0966231,0,0,0.869146,0
7.10408e+07,0.856844,0.092012,9.86354,0.532463,0.0961193,0.531692,0.0963855,4.96459,-0.110577,4.9697,-0.109958,0.0387123,0.0359327,0.036,0.0357777,-0.0140005,43.5241,-3,1.24227,-0.899698,0.0984461,0,0,0.886033,0
7.10608e+07,0.86639,0.111279,9.88968,0.642209,-0.0413518,0.538534,-0.0410807,5.00632,0.0117822,4.96731,0.012087,0.0233147,0.0260002,0.036,0.0357689,-0.0136255,43.5182,-3,1.24305,-0.916677,0.100282,0,0,0.903236,0
7.10808e+07,0.878335,0.0896036,9.93475,0.514741,0.142032,0.535836,0.139099,5.0522,0.0270021,4.96762,0.028432,0.068828,0.0707329,0.037,0.0366769,-0.0105493,43.5594,-3,1.24391,-0.933657,0.102119,0,0,0.920041,0
7.11608e+07,0.87833,0.106463,9.85643,0.616404,0.0500528,0.538836,0.0474525,5.09202,0.0267687,4.97898,0.0255487,-0.0690731,-0.0617458,0.037,0.03679,-0.00994923,43.5329,-3,1.24748,-1.00169,0.109529,0,0,0.988031,0
7.11808e+07,0.856854,0.0558858,9.87773,0.32295,0.0347441,0.535387,0.0341509,4.95769,-0.0192013,4.9789,-0.0174537,-0.0841131,-0.0871626,0.037,0.0367885,-0.010202,43.5241,-3,1.24837,-1.01872,0.111371,0,0,1.00519,0
7.12608e+07,0.878334,0.092012,9.87777,0.531601,0.0041554,0.549339,0.00556299,5.08117,-0.0193694,4.98645,-0.0196627,-0.0226076,-0.0185935,0.038,0.0377953,-0.00852013,43.5418,-3,1.25246,-1.08682,0.118859,0,0,1.07314,0
7.12818e+07,0.852062,0.113688,9.86833,0.657598,0.019601,0.54878,0.0190018,4.93453,0.0874927,4.98711,0.0854752,-0.0225662,-0.0210834,0.038,0.0377947,-0.00866071,43.5212,-3,1.25359,-1.10387,0.120737,0,0,1.09023,0
7.13618e+07,0.835356,0.0823784,9.88017,0.476009,0.0497135,0.543921,0.0491594,4.83263,-0.0351708,4.98536,-0.0351647,0.0841774,0.0870628,0.036,0.0357624,-0.0145501,43.5359,-2.99284,1.25169,-0.0478647,0.005183,0,0,0.0342292,0
7.13828e+07,0.825803,0.0871952,9.91342,0.502203,-0.0418838,0.54204,-0.0410585,4.76165,0.0411508,4.98413,-0.0357676,-0.022718,-0.0504883,0.038,0.0375733,-0.00930209,43.5212,-2.99094,1.25055,-0.0649109,0.00704426,0,0,0.0512416,0
7.14028e+07,0.871163,0.120913,9.80897,0.703468,0.0956028,0.549515,-0.0429281,5.0749,-0.00442481,4.98146,-0.0520353,0.145153,0.108399,0.038,0.0377692,-0.00924535,43.5094,-2.98938,1.24947,-0.0819435,0.00891118,0,0,0.0683147,0
7.14228e+07,0.868791,0.0631111,9.87298,0.364837,-0.0418909,0.55168,0.0623989,5.02879,-0.0501964,4.98344,0.0411454,0.0382278,-0.153813,0.038,0.0377869,-0.00961502,43.5212,-2.98816,1.24843,-0.0989751,0.0108016,0,0,0.0854417,0
7.14428e+07,0.849675,0.111279,9.84934,0.644914,-0.0724167,0.541709,0.0491675,4.93023,0.117418,4.98439,0.177712,-0.0382365,0.0387626,0.036,0.0359739,-0.0148182,43.5476,-2.98728,1.24744,-0.116019,0.0126683,0,0,0.102406,0
7.14628e+07,0.852071,0.07997,9.91576,0.46038,0.0346329,0.54458,-0.0860955,4.91126,-0.0356615,4.98868,0.0410519,0.0991257,0.117508,0.036,0.0357775,-0.0154505,43.5329,-2.98674,1.24648,-0.133069,0.0145297,0,0,0.119268,0
7.14828e+07,0.890276,0.0823784,9.85638,0.476918,0.0194227,0.544854,0.0340802,5.16105,-0.00532627,4.99537,-0.000978525,0.0531603,-0.0228012,0.036,0.0357575,-0.0153244,43.5212,-2.98653,1.24558,-0.150133,0.0163897,0,0,0.136379,0
7.15028e+07,0.85445,0.111279,9.87545,0.643195,0.0803649,0.541803,0.0490173,4.94476,-0.0508378,4.99597,-0.126434,0.0223771,-0.0330367,0.037,0.036601,-0.0125305,43.5418,-2.98666,1.24474,-0.167214,0.018247,0,0,0.153472,0
7.15228e+07,0.892659,0.0992373,9.88489,0.572859,0.110798,0.548833,-0.100973,5.15986,0.0560036,4.99945,-0.0044759,0.00725222,0.00643042,0.037,0.0367567,-0.0117563,43.5241,-2.98717,1.24384,-0.184294,0.0201127,0,0,0.170743,0
7.15428e+07,0.823414,0.092012,9.92293,0.52945,0.0650544,0.549708,-0.0421545,4.74339,0.0101857,4.99965,0.0995198,-0.0691979,-0.00601665,0.037,0.0367731,-0.0119081,43.5329,-2.98799,1.24304,-0.201392,0.0219935,0,0,0.187674,0
7.15628e+07,0.875943,0.104054,9.85642,0.602474,0.0804033,0.546741,-0.027049,5.07827,-0.0969081,4.99323,0.0247293,-0.00829196,0.0524519,0.038,0.0376192,-0.00957699,43.5418,-2.98915,1.2423,-0.218466,0.0238694,0,0,0.204816,0
7.15828e+07,0.866393,0.0992373,9.82793,0.576288,-0.072248,0.543429,-0.0411763,5.0377,0.162508,4.99382,0.132874,0.174874,0.0221027,0.038,0.0377713,-0.009351,43.5476,-2.99067,1.24156,-0.235544,0.0257379,0,0,0.221832,0
7.16028e+07,0.871171,0.092012,9.8944,0.530748,0.019253,0.54474,0.154988,5.03152,0.0401244,4.9953,0.0545989,0.0372959,-0.0217908,0.038,0.0377848,-0.00987143,43.5065,-2.9925,1.24089,-0.25262,0.0276015,0,0,0.238844,0
7.16828e+07,0.875948,0.0847868,9.93474,0.487082,-0.0115123,0.551102,-0.0432281,5.03857,-0.02123,4.99551,0.0551549,-0.00885487,0.121692,0.037,0.0367661,-0.0133972,43.5388,-3,1.23852,-0.32092,0.035108,0,0,0.30721,0
7.17028e+07,0.871169,0.0992373,9.89203,0.572558,-0.0266482,0.551527,-0.041645,5.03267,0.0552273,4.99192,-0.0660611,0.0522372,-0.0987251,0.037,0.0367657,-0.0132159,43.5447,-3,1.23799,-0.337998,0.0369936,0,0,0.324336,0
7.17828e+07,0.861623,0.0775616,9.88488,0.447863,0.0794328,0.548235,0.137688,4.98149,0.0706964,5.0003,-0.0508895,-0.192357,-0.0530291,0.038,0.0377778,-0.0108356,43.5271,-3,1.23637,-0.406273,0.0445331,0,0,0.392586,0
7.18028e+07,0.861619,0.092012,9.86829,0.532187,0.0182911,0.54841,0.00212379,4.98973,0.00976038,4.9955,-0.0835945,0.052161,0.01687,0.036,0.0360877,-0.0158404,43.5418,-3,1.23598,-0.423364,0.046409,0,0,0.409696,0
7.18228e+07,0.878329,0.111279,9.87305,0.643214,0.0947371,0.551798,-0.0723907,5.08346,0.010051,4.99208,-0.230284,-0.0244687,0.109559,0.036,0.0357819,-0.0163792,43.5271,-3,1.23576,-0.44044,0.0482923,0,0,0.426842,0
7.18428e+07,0.852071,0.07997,9.85878,0.463021,0.0487522,0.552158,0.136943,4.9395,-0.0204749,4.99083,-0.0507504,0.0367098,0.0602902,0.036,0.0357515,-0.0161248,43.53,-3,1.23548,-0.457504,0.0501812,0,0,0.443955,0
7.18628e+07,0.864004,0.104054,9.80658,0.605577,-0.0426188,0.546573,-0.0426873,5.03473,0.0405781,4.98899,0.0541551,0.036734,0.00423687,0.037,0.036595,-0.0134768,43.5212,-3,1.23526,-0.474567,0.0520629,0,0,0.460928,0
7.18828e+07,0.856836,0.118505,9.8161,0.689048,-0.0119752,0.543231,-0.0713295,4.98828,0.0558906,4.98571,0.00891653,-0.0702462,-0.135574,0.037,0.036749,-0.0130208,43.5535,-3,1.23511,-0.491623,0.0539236,0,0,0.477956,0
7.19028e+07,0.859236,0.0751532,9.89676,0.433449,0.12538,0.551039,0.0323845,4.96183,-0.0966628,4.98681,-0.111367,0.0672559,0.0181739,0.037,0.0367627,-0.0136692,43.5388,-3,1.23494,-0.508672,0.0557985,0,0,0.495044,0
7.19228e+07,0.866394,0.0968289,9.87541,0.55962,0.110087,0.54725,0.00177279,5.01362,-0.0963988,4.99134,-0.16825,0.0212224,0.00698773,0.038,0.0376078,-0.0112082,43.5182,-3,1.2349,-0.525726,0.0576794,0,0,0.512165,0
7.19428e+07,0.837748,0.0679279,9.89914,0.391757,-0.0426946,0.554955,-0.0118652,4.83721,-0.111391,4.9911,0.0208397,0.0825114,-0.0861287,0.038,0.0377597,-0.0111787,43.5006,-3,1.23477,-0.54279,0.0595674,0,0,0.529231,0
7.19628e+07,0.830577,0.092012,9.82083,0.534883,-0.0580354,0.551413,0.139641,4.83396,0.117647,4.98898,0.0124985,-0.0243347,0.00864221,0.038,0.0377753,-0.0110656,43.5329,-3,1.23474,-0.559847,0.0614551,0,0,0.546301,0
7.19828e+07,0.892666,0.0751532,9.85636,0.435082,-0.103617,0.550166,-0.117827,5.17487,0.087167,4.98735,0.00823941,0.0976071,0.0671863,0.037,0.0369294,-0.0140834,43.5476,-3,1.2348,-0.5769,0.0633417,0,0,0.563204,0
7.20028e+07,0.918938,0.0534774,9.87768,0.308861,-0.057658,0.544934,-0.0149985,5.31496,-0.00457692,4.98964,0.0550907,-0.00927472,-0.0112749,0.037,0.0367748,-0.0147883,43.5535,-3,1.23485,-0.59396,0.0652142,0,0,0.580339,0
7.20228e+07,0.878328,0.113688,9.92292,0.653858,0.034017,0.537269,-0.0864229,5.05803,-0.126635,4.99528,0.0395958,0.0826825,-0.103146,0.037,0.0367574,-0.0145284,43.5271,-3,1.23484,-0.611032,0.0670612,0,0,0.59735,0
7.20428e+07,0.885498,0.0896036,9.85402,0.518891,0.0491726,0.536987,0.152953,5.13469,-0.0196614,4.9975,-0.167466,-0.085428,-0.0639557,0.038,0.0376027,-0.0117833,43.5094,-3,1.23501,-0.628111,0.0689017,0,0,0.61451,0
7.20628e+07,0.873555,0.104054,9.85643,0.602487,0.0795107,0.537902,0.0470317,5.0645,-0.0503247,4.998,0.132106,0.128227,-0.0634027,0.038,0.0377561,-0.0114995,43.5153,-3,1.23519,-0.645199,0.0707394,0,0,0.631536,0
7.20828e+07,0.844905,0.0896036,9.8683,0.518332,0.0336233,0.540041,0.0497558,4.89342,0.0108109,5.00056,0.040464,-0.192432,-0.0390356,0.038,0.0377694,-0.0120563,43.5241,-3,1.2354,-0.662293,0.0725877,0,0,0.64858,0
7.21028e+07,0.895047,0.0992373,9.86827,0.573803,0.0184414,0.539257,-0.102305,5.18226,0.0261815,5.00171,-0.0645824,-0.0854161,0.0795638,0.037,0.0369254,-0.0144627,43.53,-3,1.23559,-0.679383,0.0744375,0,0,0.665718,0
7.2183e+07,0.86401,0.0823784,9.89914,0.474986,0.0183307,0.538665,0.0165993,4.98804,0.0720038,5.00077,0.0414643,-0.0239366,-0.109018,0.038,0.0377578,-0.0111873,43.5241,-3,1.23677,-0.747808,0.0818122,0,0,0.734145,0
7.22038e+07,0.868788,0.0727447,9.84926,0.421531,0.00290501,0.534015,0.00237337,5.04079,-0.0197041,5.00039,-0.0187889,-0.0696183,-0.0634638,0.038,0.0377767,-0.0109325,43.5447,-3,1.23723,-0.768321,0.0840166,0,0,0.76831,0
7.22838e+07,0.86162,0.0896036,9.88728,0.517269,-0.0732955,0.542474,-0.0726962,4.98022,0.0109756,4.99414,0.00977835,0.0683599,0.0668903,0.037,0.0367558,-0.0145382,43.5388,-3,1.23915,-0.836684,0.0913654,0,0,0.836708,0
7.23038e+07,0.87833,0.108871,9.93715,0.625267,0.0336112,0.547976,0.0341761,5.05086,-0.0653677,4.99423,-0.0639101,-0.0691105,-0.0609286,0.037,0.0367566,-0.0143794,43.5006,-3,1.23975,-0.853754,0.0932371,0,0,0.853773,0
7.25048e+07,0.868775,0.120913,9.91344,0.696127,-0.0435686,0.556569,-0.0441186,5.00801,0.163571,4.99705,0.158305,-0.0381093,-0.0341466,0.037,0.0367674,-0.0128792,43.5653,-3,1.24767,-1.02446,0.111961,0,0,1.02447,0
7.25248e+07,0.835348,0.108871,9.86122,0.630281,0.124398,0.55792,0.12319,4.8417,-0.0656993,4.99758,-0.0642468,0.0536338,0.0513923,0.037,0.0367668,-0.0131603,43.5447,-3,1.24866,-1.04155,0.113867,0,0,1.04152,0
7.25448e+07,0.852069,0.0896036,9.86592,0.518424,-0.0588535,0.559892,-0.0585817,4.93589,0.0720165,4.9934,0.0682024,0.114305,0.113563,0.037,0.0367663,-0.013195,43.5418,-3,1.24982,-1.05863,0.115785,0,0,1.0587,0
7.25648e+07,0.868786,0.07997,9.88963,0.46152,-0.0128657,0.55859,-0.0145958,5.02028,0.0872643,4.98911,0.0849257,-0.0230188,-0.0233458,0.037,0.0367663,-0.0130983,43.5094,-3,1.25086,-1.07569,0.117701,0,0,1.07568,0
7.25848e+07,0.871165,0.113688,9.86119,0.65796,-0.0586158,0.557285,-0.0574575,5.04823,0.0261889,4.99543,0.0264391,0.0381293,0.0367672,0.037,0.0367658,-0.0132832,43.5153,-3,1.25196,-1.09276,0.119605,0,0,1.09278,0
7.26048e+07,0.859214,0.154631,9.89926,0.891561,-0.0893186,0.561085,-0.0863916,4.96,-0.126636,4.99943,-0.124559,-0.06871,-0.0697986,0.037,0.0367651,-0.0131981,43.5447,-3,1.25309,-1.10985,0.121515,0,0,1.10984,0
7.26248e+07,0.871157,0.14018,9.88023,0.809715,-0.0587327,0.565759,-0.0575305,5.03834,0.0260534,4.99975,0.0251782,0.0840653,0.0818497,0.037,0.0367681,-0.0126991,43.5506,-3,1.25429,-3.55813e-05,-9.65406e-06,0,0,1.1269,0
7.27048e+07,0.835361,0.0631111,9.9015,0.363899,0.0480392,0.545636,0.04687,4.82236,-0.00523686,4.98255,-0.00259113,-0.0382675,-0.0303607,0.038,0.0377869,-0.00973829,43.5153,-2.99061,1.2496,-0.0683075,0.00764057,0,0,0.0682333,0
7.27248e+07,0.849677,0.104054,9.87544,0.601462,0.047762,0.545847,0.0494867,4.91731,-0.0360184,4.98603,-0.0336569,-0.114475,-0.103739,0.038,0.0377848,-0.0100533,43.5506,-2.98914,1.24847,-0.0853543,0.00951459,0,0,0.0852764,0
7.28049e+07,0.871177,0.0703363,9.84213,0.40786,0.0173651,0.537981,0.0182414,5.05823,0.0860856,4.9893,0.0851889,-0.098884,-0.0893852,0.038,0.0377812,-0.0106622,43.5212,-2.98665,1.24444,-0.15355,0.0169343,0,0,0.153507,0
7.29048e+07,0.87117,0.0944205,9.87778,0.545549,0.169732,0.538339,0.16415,5.03993,0.00974703,4.98703,0.010319,0.0384936,0.035483,0.037,0.0367637,-0.0137404,43.5241,-2.99114,1.2404,-0.238812,0.0261338,0,0,0.238717,0
7.29258e+07,0.864002,0.108871,9.91105,0.62698,0.00193238,0.540064,0.000173861,4.9819,0.0400472,4.98182,0.0414945,0.0689962,0.0689032,0.037,0.0367614,-0.0138805,43.53,-2.99306,1.23971,-0.255851,0.02798,0,0,0.255761,0
7.29458e+07,0.871161,0.12573,9.89445,0.725219,0.0782119,0.539704,0.075313,5.03125,-0.0515206,4.98083,-0.0491983,-0.0380764,-0.0320577,0.039,0.0384536,-0.0085072,43.5124,-2.9953,1.23908,-0.272877,0.029822,0,0,0.272915,0
7.29658e+07,0.8855,0.0847868,9.88962,0.489245,0.00175881,0.546308,0.00406538,5.11633,-0.112591,4.98763,-0.111611,0.00799906,0.00527413,0.039,0.0387595,-0.00791056,43.5359,-2.99793,1.23839,-0.28992,0.0316857,0,0,0.289936,0
7.29858e+07,0.875945,0.0968289,9.8849,0.55904,-0.0595366,0.54915,-0.0577458,5.06376,0.116501,4.98986,0.115309,-0.236308,-0.226421,0.039,0.0387899,-0.00834844,43.5271,-3,1.23776,-0.306974,0.0335605,0,0,0.30694,0
7.30058e+07,0.847296,0.0775616,9.89677,0.447385,-0.0746633,0.548178,-0.0766211,4.89321,-0.173748,4.99512,-0.169641,-0.0680716,-0.0646331,0.037,0.0372936,-0.0129752,43.5388,-3,1.23717,-0.324046,0.0354412,0,0,0.324066,0
7.30258e+07,0.916552,0.0486606,9.88717,0.28078,-0.0743284,0.546236,-0.0763303,5.29618,0.116509,4.99719,0.113605,0.114967,0.116079,0.037,0.0368137,-0.014547,43.5065,-3,1.23673,-0.341122,0.0373243,0,0,0.341106,0
7.30458e+07,0.86639,0.111279,9.90156,0.641445,-0.0286448,0.550381,-0.0277134,5.00035,-0.0362861,4.99538,-0.0385922,0.00811315,0.0120902,0.037,0.0367616,-0.0145836,43.5182,-3,1.23623,-0.358206,0.0392045,0,0,0.358205,0
7.30658e+07,0.83536,0.0679279,9.84928,0.393734,0.0324043,0.546943,0.0306741,4.84778,0.0248544,4.99466,0.0230696,-0.0835587,-0.0814926,0.038,0.0375032,-0.01292,43.5035,-3,1.2358,-0.375289,0.0410834,0,0,0.375298,0
7.30858e+07,0.85446,0.0775616,9.90389,0.447038,-0.181209,0.544141,-0.178257,4.93084,0.0857749,4.99274,0.0860424,-0.144672,-0.136448,0.038,0.03774,-0.0122846,43.5124,-3,1.2354,-0.392355,0.0429508,0,0,0.392287,0
7.31058e+07,0.885496,0.0992373,9.8849,0.572895,0.0783609,0.542884,0.0766543,5.11867,-0.00589037,4.99401,-0.00358999,0.0539161,0.0503808,0.038,0.0377674,-0.0119046,43.5124,-3,1.23505,-0.409427,0.044808,0,0,0.40943,0
7.31258e+07,0.883108,0.0992373,9.85404,0.574687,0.0783775,0.541964,0.0751625,5.12085,-0.0364254,4.99202,-0.0367075,0.0385431,0.0412077,0.037,0.037021,-0.0143695,43.5418,-3,1.23475,-0.426494,0.0466647,0,0,0.426502,0
7.32058e+07,0.854463,0.0679279,9.85639,0.393388,0.0324962,0.533583,0.0327176,4.95454,0.00888753,4.99457,0.0103185,-0.0377625,-0.0337048,0.037,0.0367588,-0.0142022,43.53,-3,1.2338,-0.494761,0.0540103,0,0,0.494689,0
7.32258e+07,0.864006,0.0968289,9.88017,0.559365,0.00190532,0.537106,0.00108463,4.99748,-0.113371,4.99821,-0.111309,-0.00694335,-0.00777447,0.037,0.0367587,-0.0142367,43.53,-3,1.23359,-0.511847,0.0558415,0,0,0.511838,0
7.33268e+07,0.866387,0.120913,9.89445,0.697468,-0.0131612,0.5273,0.121417,5.00385,0.131075,5.00103,0.0690812,0.023468,-0.0778177,0.037,0.0367568,-0.0144057,43.5241,-3,1.23348,-0.597334,0.0649521,0,0,0.597369,0
7.33468e+07,0.854456,0.092012,9.89204,0.530952,-0.104797,0.534769,-0.0129213,4.93664,0.0543251,5.00675,0.131006,0.0235207,-0.0642317,0.037,0.0367575,-0.0145125,43.5329,-3,1.23355,-0.614439,0.0667701,0,0,0.614295,0
7.35268e+07,0.828188,0.0968289,9.83984,0.561814,-0.0278258,0.532269,0.0773614,4.81084,-0.0376315,4.99415,0.067825,-0.098471,0.000465274,0.037,0.0367624,-0.0136263,43.5418,-3,1.23588,-0.768254,0.083325,0,0,0.768273,0
7.35468e+07,0.8258,0.0968289,9.87545,0.559814,-0.0127769,0.529675,0.00369075,4.77981,0.0387449,4.99085,-0.0226297,0.0391316,-0.0776979,0.037,0.0367628,-0.013479,43.4918,-3,1.23627,-0.785319,0.085145,0,0,0.785333,0
7.35668e+07,0.871169,0.0968289,9.82793,0.562279,0.216123,0.533618,0.153688,5.06534,-0.113899,4.98742,-0.0519857,-0.0523716,-0.0651204,0.037,0.0367651,-0.0132793,43.5271,-3,1.23673,-0.802367,0.0869615,0,0,0.802377,0
7.35868e+07,0.866396,0.0871952,9.85166,0.505152,0.0632102,0.538776,0.0923184,5.02571,-0.00676894,4.98535,0.0508828,-0.0217377,-0.124496,0.037,0.0367637,-0.013754,43.5212,-3,1.23722,-0.819415,0.0888007,0,0,0.819507,0
7.36068e+07,0.897431,0.113688,9.92053,0.653903,0.124026,0.539639,0.0788483,5.16869,0.0236101,4.98881,-0.0209952,-0.0827439,-0.106995,0.037,0.036762,-0.0137872,43.5065,-3,1.23775,-0.836469,0.0906451,0,0,0.836414,0
7.36268e+07,0.837736,0.108871,9.88496,0.628765,-0.0744419,0.541356,-0.0721742,4.84387,-0.0985606,4.99139,0.0546543,-0.0366366,-0.0366235,0.037,0.0367628,-0.0136941,43.5388,-3,1.23826,-0.853531,0.092499,0,0,0.853519,0
7.36468e+07,0.849675,0.108871,9.84696,0.631109,-0.0288066,0.544871,0.10781,4.93143,0.0539682,4.98484,0.0984421,-0.036539,-0.065787,0.037,0.0367639,-0.0135077,43.5271,-3,1.23886,-0.870579,0.094358,0,0,0.870529,0
7.37268e+07,0.878333,0.0968289,9.91339,0.557434,-0.0135323,0.551717,0.0902093,5.06298,-0.00732708,4.99278,-0.0663944,-0.0664091,-0.110812,0.038,0.037775,-0.0113606,43.5565,-3,1.24156,-0.938768,0.101829,0,0,0.938747,0
7.37468e+07,0.854456,0.092012,9.8683,0.532219,-0.120531,0.555512,0.0163387,4.94845,0.00776243,4.99396,-0.0343049,-0.00546563,0.0821628,0.038,0.0377729,-0.0120659,43.5565,-3,1.2424,-0.95584,0.103724,0,0,0.955778,0
7.38268e+07,0.849675,0.111279,9.90632,0.641232,0.0476593,0.553213,0.107335,4.90201,0.0532103,4.99415,0.0981722,0.0246713,0.0515045,0.038,0.0377668,-0.01246,43.5329,-3,1.24612,-1.02408,0.111279,0,0,1.02403,0
7.38478e+07,0.842526,0.0582943,9.89437,0.336346,-0.0744367,0.557948,-0.0735948,4.86703,-0.0231183,4.99171,-0.0251637,-0.0517753,-0.0487581,0.037,0.0370181,-0.0147906,43.5329,-3,1.24733,-1.04457,0.113577,0,0,1.04115,0
7.3928e+07,0.849685,0.0751532,9.81366,0.437128,-0.043934,0.557901,-0.043607,4.94829,-0.0232129,4.986,-0.0220656,0.00914454,0.00619121,0.037,0.0367567,-0.0147473,43.53,-3,1.25176,-1.11278,0.121217,0,0,1.10934,0
7.39478e+07,0.892669,0.0655195,9.87534,0.378589,0.139216,0.549385,0.138014,5.16503,0.0225718,4.98774,0.0228059,-0.0822998,-0.0829837,0.037,0.0367565,-0.014526,43.5182,-2.99941,1.2524,-0.00341643,0.000395248,0,0,1.12641,0
7.39678e+07,0.902218,0.0727447,9.93233,0.417908,0.0779448,0.545223,0.0770483,5.19017,-0.0537078,4.99726,-0.0545783,-0.0211586,-0.0210659,0.037,0.0367572,-0.0142632,43.4918,-2.99662,1.25117,-0.0204859,0.00226614,0,0,0.0170879,0
7.39878e+07,0.880721,0.0968289,9.87778,0.559416,-0.013799,0.544991,-0.0109271,5.09488,0.007478,4.9973,0.00768877,0.0704801,0.0675516,0.037,0.0367594,-0.01405,43.4741,-2.99416,1.24998,-0.0375665,0.0041332,0,0,0.034191,0
7.40078e+07,0.885496,0.0968289,9.87302,0.559659,0.0624336,0.54586,0.0624064,5.12481,-0.0686927,5.00315,-0.069276,0.0247387,0.0251442,0.037,0.0367614,-0.0137294,43.5124,-2.99207,1.24881,-0.0546619,0.0059987,0,0,0.051298,0
7.40278e+07,0.880723,0.0896036,9.92288,0.515341,0.0929502,0.542918,0.0914818,5.07189,-0.114464,5.00149,-0.114393,-0.0670727,-0.0635223,0.038,0.0375114,-0.011164,43.4888,-2.99029,1.24773,-0.0717593,0.00786192,0,0,0.0683501,0
7.40478e+07,0.847301,0.0607027,9.88725,0.350478,-0.120881,0.536565,-0.117943,4.89798,-0.0379763,4.99479,-0.0368127,0.131363,0.126493,0.038,0.0377537,-0.0101983,43.5271,-2.98886,1.2467,-0.0888478,0.00971274,0,0,0.0854864,0
7.40678e+07,0.852071,0.0823784,9.83979,0.477879,0.0317611,0.536913,0.0320281,4.94897,-0.022692,5.00127,-0.021789,0.0548933,0.0502543,0.038,0.0377801,-0.0103297,43.5271,-2.98777,1.24569,-0.105937,0.0115507,0,0,0.102524,0
7.40878e+07,0.875942,0.106463,9.88017,0.614948,0.0166112,0.535504,0.0151358,5.06611,0.114681,4.99905,0.116089,0.024152,0.0215897,0.037,0.0370322,-0.0127769,43.5271,-2.98702,1.24474,-0.12303,0.0133857,0,0,0.119602,0
7.41078e+07,0.861623,0.07997,9.91575,0.460342,-0.0293052,0.536566,-0.0286844,4.96604,0.129771,5.00089,0.129423,-0.174454,-0.172505,0.037,0.0367925,-0.0133059,43.5006,-2.98663,1.24377,-0.140125,0.0152251,0,0,0.136644,0
7.41278e+07,0.864008,0.0896036,9.8944,0.516889,-0.0599544,0.537289,-0.0579028,4.99037,0.0990355,5.00604,0.0967137,0.10054,0.094431,0.037,0.0367662,-0.0135359,43.5065,-2.98658,1.24285,-0.157235,0.0170666,0,0,0.153741,0
7.41478e+07,0.868786,0.07997,9.91337,0.460423,0.0774211,0.534091,0.0796725,5.00832,-0.0841758,5.00504,-0.0841271,-0.0369246,-0.0402413,0.037,0.0367641,-0.0132201,43.5035,-2.98689,1.24195,-0.17435,0.0188983,0,0,0.170926,0
7.41678e+07,0.871162,0.123321,9.83984,0.715246,-0.0447326,0.536492,-0.0461518,5.05905,-0.267315,5.00123,-0.262001,-0.0368624,-0.0361387,0.037,0.0367662,-0.0132057,43.5006,-2.98753,1.24109,-0.191451,0.0207304,0,0,0.188056,0
7.41878e+07,0.873556,0.0992373,9.88491,0.572956,0.0469638,0.536928,0.0449345,5.05001,-0.0990033,5.00062,-0.096992,-0.0368009,-0.032063,0.037,0.0367656,-0.0131748,43.5212,-2.98851,1.24026,-0.208547,0.0225693,0,0,0.205257,0
7.42078e+07,0.859241,0.0582943,9.89198,0.336378,-0.075105,0.530655,-0.0733766,4.9643,0.0994384,5.00371,0.0979598,-0.0825286,-0.0793132,0.038,0.0375158,-0.0107342,43.5388,-2.98984,1.23946,-0.225651,0.0244021,0,0,0.222219,0
7.42278e+07,0.866396,0.0871952,9.89202,0.503106,0.00122571,0.536875,0.00323268,5.00531,0.0841885,5.00063,0.0829747,0.0396821,0.0389833,0.038,0.0377553,-0.0100005,43.53,-2.9915,1.23873,-0.242753,0.0262363,0,0,0.23934,0
7.42478e+07,0.861617,0.0992373,9.82556,0.57645,-0.0750418,0.536539,-0.0752808,5.01127,-0.190737,4.99615,-0.18519,0.100751,0.0966312,0.038,0.0377786,-0.0106617,43.5124,-2.9935,1.23804,-0.259838,0.0280716,0,0,0.256381,0
7.42678e+07,0.887886,0.0896036,9.89675,0.516658,-0.0596945,0.532746,-0.0591017,5.12635,0.16062,5.00159,0.157944,0.00926995,0.00720819,0.037,0.0370255,-0.0138924,43.5271,-2.99586,1.23733,-0.276929,0.0298951,0,0,0.273583,0
7.43478e+07,0.852069,0.0896036,9.88254,0.517559,0.032238,0.535347,0.0322161,4.92763,0.0836382,5.00704,0.0810561,0.100606,0.0969772,0.037,0.0367555,-0.0145237,43.5006,-3,1.23514,-0.345376,0.0371901,0,0,0.341894,0
7.43678e+07,0.8449,0.106463,9.8802,0.615113,0.0015626,0.538838,0.00274384,4.88745,0.0225282,5.00811,0.0216684,0.130934,0.129383,0.037,0.0367557,-0.0145167,43.5124,-3,1.23473,-0.3625,0.0390252,0,0,0.359061,0
7.45478e+07,0.885492,0.113688,9.81607,0.660875,-0.0441048,0.537427,-0.0450029,5.15426,0.0522015,5.00986,0.0515527,-0.0519809,-0.0529205,0.037,0.0367574,-0.0144834,43.5418,-3,1.23198,-0.516753,0.0553929,0,0,0.513378,0
7.45678e+07,0.856846,0.0847868,9.89202,0.489251,0.00176299,0.53645,0.0017628,4.95041,0.0217638,5.01114,0.020556,-0.0213366,-0.0212179,0.038,0.0373561,-0.0124076,43.5212,-3,1.23185,-0.533883,0.057235,0,0,0.53049,0
7.45878e+07,0.866391,0.106463,9.85881,0.616322,-0.0133406,0.533516,-0.0130534,5.02195,0.0217378,5.00907,0.0203409,0.116177,0.112571,0.038,0.0377303,-0.0112235,43.4888,-3,1.23177,-0.551012,0.0590607,0,0,0.547578,0
7.46078e+07,0.837739,0.0992373,9.82084,0.576846,0.0324533,0.529307,0.0316047,4.8754,-0.0391984,5.00728,-0.0406454,0.0857279,0.0825127,0.038,0.0377677,-0.0119485,43.4771,-3,1.23171,-0.568139,0.0608725,0,0,0.564761,0
7.46278e+07,0.887886,0.092012,9.91575,0.529536,-0.0440609,0.523157,-0.0420149,5.11657,0.0525494,5.00947,0.0499168,-0.0671031,-0.0629363,0.038,0.0377699,-0.0118095,43.5359,-3,1.23172,-0.585262,0.0626703,0,0,0.581887,0
7.46478e+07,0.823411,0.101646,9.89208,0.586691,-0.0744925,0.533203,-0.0724752,4.75805,-0.0388978,5.00528,-0.0354619,-0.0213753,-0.0198904,0.038,0.037771,-0.0118338,43.5035,-3,1.23178,-0.602383,0.0644858,0,0,0.599016,0
7.46678e+07,0.856836,0.118505,9.85884,0.686084,0.0628191,0.536858,0.0628308,4.96676,0.159389,5.00274,0.157938,0.222814,0.215162,0.038,0.0377702,-0.0121254,43.5741,-3,1.23193,-0.619487,0.0663203,0,0,0.616001,0
7.47478e+07,0.871165,0.111279,9.88493,0.642488,0.0322093,0.541084,0.0307398,5.03618,-0.00867844,5.00324,-0.00717089,-0.0369537,-0.0348414,0.037,0.0367525,-0.0150175,43.5241,-3,1.23259,-0.687883,0.0737034,0,0,0.684437,0
7.47678e+07,0.885488,0.128138,9.86595,0.741133,0.00163162,0.543949,0.00249087,5.12823,-0.161291,5.0022,-0.158077,-0.0826811,-0.079635,0.037,0.0367564,-0.0143155,43.5241,-3,1.23282,-0.704977,0.0755589,0,0,0.701577,0
7.48478e+07,0.85446,0.0775616,9.87302,0.448425,0.10861,0.539227,0.10625,4.94618,0.0979996,4.99797,0.0982217,-0.0214995,-0.0209239,0.037,0.0367585,-0.0140385,43.5241,-3,1.2342,-0.77337,0.0829836,0,0,0.769948,0
7.48678e+07,0.830573,0.108871,9.91583,0.626859,-0.0288253,0.553036,-0.0291033,4.78776,-0.0243709,4.99554,-0.0231673,-0.0978471,-0.0938151,0.036,0.0361587,-0.016071,43.5359,-3,1.23463,-0.790458,0.0848604,0,0,0.786961,0
7.49479e+07,0.852061,0.116096,9.90632,0.668972,0.00156188,0.554915,0.000391341,4.91568,0.143322,4.99661,0.142427,-0.021571,-0.015585,0.038,0.0376893,-0.0107958,43.5594,-3,1.23679,-0.858784,0.0924509,0,0,0.855288,0
7.49678e+07,0.868786,0.0823784,9.87776,0.475986,0.0626,0.557086,0.0605718,5.02627,0.0515373,4.99775,0.0517773,0.00886655,0.00760585,0.038,0.0377665,-0.0114748,43.5241,-3,1.23745,-0.875872,0.0943547,0,0,0.872391,0
7.49878e+07,0.849679,0.0968289,9.8778,0.559568,0.0625086,0.562079,0.0621937,4.91619,-0.0707691,4.99467,-0.0695329,0.100495,0.0968978,0.037,0.0371742,-0.0133174,43.53,-3,1.23813,-0.892956,0.0962683,0,0,0.889481,0
7.50078e+07,0.895047,0.0992373,9.85165,0.574763,-0.135848,0.561078,-0.13494,5.19095,0.0970378,4.99747,0.0953367,0.0392816,0.0382602,0.037,0.0368039,-0.0140679,43.5124,-3,1.23886,-0.910033,0.0981918,0,0,0.90657,0
7.50278e+07,0.878326,0.123321,9.85645,0.714004,0.0171344,0.558523,0.0150934,5.09188,-0.0862753,4.99706,-0.0842527,0.161482,0.148518,0.037,0.0367645,-0.0141631,43.5094,-3,1.2396,-0.927116,0.100104,0,0,0.923662,0
7.50478e+07,0.83774,0.0968289,9.92767,0.556834,0.0323333,0.554394,0.0306042,4.82321,0.0206585,4.99359,0.0195113,-0.0220153,-0.0230283,0.038,0.0373586,-0.0121714,43.5447,-3,1.24042,-0.944195,0.102006,0,0,0.940802,0
7.50688e+07,0.890279,0.0727447,9.87773,0.420245,0.0629457,0.550088,0.0614828,5.15001,-0.0251644,4.99751,-0.0268776,0.00854611,0.00432857,0.038,0.0377339,-0.0106682,43.5153,-3,1.24123,-0.961277,0.103894,0,0,0.957852,0
7.50888e+07,0.832965,0.0944205,9.90868,0.54404,-0.0590281,0.549288,-0.0604756,4.80501,0.0817087,4.995,0.0788046,0.0544112,0.0491271,0.038,0.0377757,-0.0104249,43.5476,-3,1.24208,-0.978361,0.105777,0,0,0.974947,0
7.51088e+07,0.844902,0.101646,9.84458,0.589394,0.0325421,0.550748,0.0317001,4.90508,-0.132053,4.99524,-0.129997,-0.143963,-0.135835,0.038,0.0377803,-0.0106697,43.5271,-3,1.2429,-0.995441,0.107662,0,0,0.992018,0
7.51288e+07,0.887881,0.108871,9.87067,0.629391,0.108931,0.555689,0.108577,5.13969,-0.0555675,4.99034,-0.0564098,0.100558,0.0930652,0.038,0.0377801,-0.0107511,43.5418,-3,1.24381,-1.0125,0.109559,0,0,1.00914,0
7.51488e+07,0.861619,0.092012,9.92527,0.529154,-0.028372,0.55975,-0.0280903,4.96123,-0.116475,4.99561,-0.115002,-0.0370653,-0.0363263,0.038,0.0377775,-0.0110061,43.5418,-3,1.2448,-1.02958,0.111473,0,0,1.02622,0
7.51688e+07,0.868783,0.092012,9.90627,0.530128,0.0480038,0.559493,0.0488467,5.01182,-0.0706234,4.99476,-0.0686106,-0.0982054,-0.0940248,0.037,0.037414,-0.0118528,43.5124,-3,1.24581,-1.04665,0.113387,0,0,1.04326,0
7.51888e+07,0.835343,0.128138,9.87074,0.741101,0.109174,0.565194,0.10653,4.83691,0.066673,4.99075,0.0637744,0.130914,0.126647,0.037,0.0368323,-0.0136583,43.5182,-3,1.24686,-1.06372,0.11531,0,0,1.06027,0
7.52088e+07,0.849669,0.130547,9.89685,0.75296,-0.0130705,0.565821,-0.0130764,4.90653,-0.0252819,4.98558,-0.0217555,-0.0218906,-0.021081,0.037,0.0367712,-0.0134066,43.5388,-3,1.24794,-1.08077,0.117245,0,0,1.07724,0
7.52288e+07,0.847301,0.0607027,9.90624,0.349811,-0.013128,0.567631,-0.0119751,4.88864,-0.131856,4.98067,-0.131813,0.0241079,0.0201471,0.038,0.0371315,-0.0120358,43.53,-3,1.24901,-1.09781,0.119192,0,0,1.09451,0
7.52488e+07,0.811475,0.092012,9.87071,0.532285,-0.0742662,0.569489,-0.072254,4.69954,0.0512791,4.97457,0.051573,-0.00622988,-0.0102519,0.038,0.0377157,-0.00996295,43.5212,-3,1.2501,-1.11483,0.121139,0,0,1.1114,0
7.52688e+07,0.909376,0.0944205,9.86113,0.546274,0.0326198,0.572668,0.033446,5.26857,0.0207841,4.98201,0.0201907,0.00901341,0.00588172,0.038,0.0377792,-0.00981954,43.5124,-2.9994,1.25081,-0.0033933,0.000386219,0,0,1.12846,0
7.52888e+07,0.866395,0.092012,9.88965,0.531023,-0.0283351,0.566815,-0.0294672,5.00647,0.0970249,4.98518,0.0952574,0.100703,0.0961979,0.038,0.0377842,-0.0100516,43.5212,-2.99661,1.24958,-0.0204297,0.00233265,0,0,0.0169879,0
7.53688e+07,0.85206,0.120913,9.82798,0.702237,-0.104488,0.558431,-0.102753,4.95463,-0.0404544,4.99997,-0.0404156,-0.00643146,-0.00648682,0.037,0.0368292,-0.0142699,43.5094,-2.98885,1.24512,-0.0887747,0.0100392,0,0,0.0853527,0
7.53888e+07,0.890263,0.130547,9.94193,0.749305,-0.043282,0.55792,-0.0421185,5.11654,0.188508,5.00366,0.184978,-0.0370499,-0.0370056,0.037,0.0367649,-0.0141531,43.5329,-2.98777,1.24411,-0.105874,0.0119418,0,0,0.102437,0
7.54688e+07,0.854449,0.116096,9.88495,0.670393,0.0939986,0.549122,0.0901895,4.93999,-0.0866513,5.00326,-0.0866743,-0.0216674,-0.0208558,0.038,0.0377732,-0.011398,43.5359,-2.9869,1.24036,-0.174317,0.0195317,0,0,0.170876,0
7.54888e+07,0.856847,0.07997,9.87065,0.46245,0.00233722,0.551587,0.003213,4.96111,-0.0406625,5.00596,-0.041251,-0.00599658,-0.00975043,0.038,0.0377732,-0.0116323,43.5124,-2.98758,1.23942,-0.19143,0.0214184,0,0,0.188073,0
7.55688e+07,0.830576,0.0968289,9.90869,0.557927,0.0326645,0.560935,0.0343945,4.79128,0.0204704,5.00212,0.0195834,-0.0670187,-0.0624287,0.036,0.0357586,-0.0166171,43.5065,-2.99355,1.23645,-0.259829,0.0290285,0,0,0.256445,0
7.55888e+07,0.88549,0.120913,9.96091,0.692734,0.0633368,0.563996,0.0609974,5.07967,0.00502396,5.00135,0.0050523,0.0245715,0.0238425,0.038,0.0364781,-0.0138016,43.5153,-2.99588,1.23583,-0.276924,0.0309519,0,0,0.273441,0
7.56088e+07,0.864007,0.092012,9.85404,0.532939,0.0174167,0.555477,0.0160148,5.01069,-0.0103242,4.99765,-0.0126195,0.101151,0.0960556,0.038,0.0376433,-0.0102244,43.5388,-2.99858,1.23518,-0.294018,0.0328608,0,0,0.290572,0
7.56288e+07,0.813868,0.0727447,9.89204,0.419919,-0.012858,0.550395,-0.0120326,4.70329,-0.0865209,4.99398,-0.0867988,-0.0669236,-0.0648323,0.038,0.0377692,-0.0100434,43.4976,-3,1.23462,-0.311106,0.034756,0,0,0.30774,0
7.56488e+07,0.91892,0.118505,9.85641,0.685866,0.048262,0.553477,0.0473746,5.32595,-0.0556169,4.99948,-0.056489,-0.112702,-0.105659,0.037,0.0374194,-0.0110018,43.5418,-3,1.23408,-0.328182,0.0366442,0,0,0.324892,0
7.56688e+07,0.883105,0.111279,9.90392,0.641198,0.0787742,0.546959,0.0758915,5.09511,-0.0554068,5.00512,-0.0565437,-0.0820347,-0.0804063,0.037,0.0368371,-0.0128411,43.5182,-3,1.23356,-0.345281,0.0385176,0,0,0.341932,0
7.56888e+07,0.85207,0.0847868,9.9039,0.488689,0.0786792,0.551127,0.0774768,4.91709,-0.00950599,5.00098,-0.00922329,-0.00539553,-0.00962508,0.037,0.0367721,-0.0132864,43.5447,-3,1.23305,-0.362387,0.040403,0,0,0.359003,0
7.57888e+07,0.854462,0.0703363,9.87776,0.40646,-0.0434891,0.551348,-0.0414841,4.94386,-0.0395608,5.00299,-0.040704,0.116888,0.110446,0.037,0.0366932,-0.0135991,43.5594,-3,1.23137,-0.447897,0.0498758,0,0,0.444502,0
7.58688e+07,0.885494,0.106463,9.86592,0.615776,-0.0895838,0.547829,-0.0874886,5.12842,-0.0857008,5.00201,-0.082198,-0.00540876,-0.00403316,0.037,0.0367652,-0.0133789,43.5212,-3,1.23074,-0.516321,0.0573334,0,0,0.512911,0
7.58898e+07,0.847304,0.0486606,9.90147,0.280551,0.0326307,0.54278,0.0326148,4.89103,-0.116015,4.99963,-0.115124,0.0100511,0.000440131,0.037,0.0367648,-0.0131337,43.5359,-3,1.23062,-0.533421,0.059197,0,0,0.530078,0
7.59698e+07,0.835357,0.0775616,9.92052,0.446367,-0.0132269,0.539982,-0.0126338,4.81309,-0.0242314,4.99717,-0.0256291,-0.142818,-0.141025,0.037,0.036766,-0.0130365,43.5329,-3,1.23074,-0.601787,0.0666104,0,0,0.598412,0
7.59908e+07,0.859222,0.12573,9.89684,0.725122,0.0326138,0.543202,-0.01291,4.96146,0.0369532,4.99557,-0.0244232,0.0555837,-0.0596526,0.037,0.0367664,-0.0130297,43.5153,-3,1.2309,-0.618868,0.0684628,0,0,0.615486,0
7.60908e+07,0.868782,0.0968289,9.89916,0.558277,-0.104722,0.553062,-0.0134067,5.01537,0.0521688,5.0012,-0.0112464,0.0400629,0.0553295,0.037,0.0366572,-0.0135417,43.5506,-3,1.23211,-0.704323,0.0778699,0,0,0.700954,0
7.61108e+07,0.852077,0.0607027,9.94897,0.348305,-0.028212,0.551821,-0.0743499,4.89504,-0.115698,5.00137,-0.0693379,0.0399761,0.0341218,0.037,0.0367565,-0.0124688,43.5329,-3,1.23247,-0.721421,0.0797628,0,0,0.71801,0
7.61308e+07,0.835363,0.0558858,9.88487,0.322778,-0.0892413,0.545985,-0.0555507,4.83047,0.09798,5.00678,0.141264,-0.051567,-0.00785374,0.037,0.0367699,-0.0122731,43.5212,-3,1.23284,-0.738524,0.0816367,0,0,0.735138,0
7.61508e+07,0.883103,0.116096,9.90155,0.66911,0.00238883,0.539207,0.034075,5.09628,0.00621724,5.00253,0.112253,-0.0973576,-0.0037943,0.036,0.0358631,-0.0153434,43.5359,-3,1.23325,-0.755632,0.0834862,0,0,0.752148,0
7.61708e+07,0.864012,0.0751532,9.89438,0.433534,-0.0891871,0.541576,0.0320732,4.99047,0.143341,5.00239,0.0659672,0.055337,0.100154,0.036,0.0357665,-0.0149733,43.5329,-3,1.23369,-0.772738,0.085341,0,0,0.769206,0
7.61908e+07,0.852066,0.0992373,9.91342,0.571428,-0.0891969,0.542742,0.0626283,4.9123,0.112783,5.0011,-0.100423,-0.158612,0.12797,0.036,0.0357579,-0.0149458,43.53,-3,1.23423,-0.789837,0.087192,0,0,0.786362,0
7.62108e+07,0.840129,0.0896036,9.83032,0.520342,0.170103,0.538361,0.167375,4.8846,-0.131515,4.99966,0.0649496,0.101136,0.0220639,0.037,0.0366662,-0.0118634,43.5182,-3,1.23471,-0.80693,0.0890438,0,0,0.80355,0
7.62308e+07,0.864004,0.104054,9.91342,0.5991,0.0173866,0.540955,0.194029,4.98075,-0.0858228,5.00134,0.126846,0.0399927,-0.020913,0.037,0.0367628,-0.0120033,43.5124,-3,1.23529,-0.824024,0.0908894,0,0,0.820584,0
7.62508e+07,0.868775,0.120913,9.90632,0.696624,0.0631063,0.544791,0.093068,5.01159,-0.101187,5.00186,0.0373735,-0.0517212,-0.0330034,0.037,0.0367744,-0.0117238,43.53,-3,1.23591,-0.84112,0.0927466,0,0,0.837641,0
7.62708e+07,0.832964,0.0968289,9.82559,0.5626,0.124155,0.548298,-0.103168,4.84543,-0.0551884,5.00279,-0.0552111,-0.0819029,0.0616295,0.037,0.0367769,-0.0116102,43.5241,-3,1.23645,-0.858221,0.0946169,0,0,0.854843,0
7.62908e+07,0.854442,0.14018,9.91823,0.806754,-0.089691,0.549989,0.0488658,4.92331,0.0821557,4.99426,0.09656,0.0403908,0.118268,0.037,0.0367759,-0.0116851,43.5094,-3,1.23708,-0.875303,0.0964976,0,0,0.871911,0
7.63108e+07,0.8664,0.0727447,9.86113,0.421037,-0.089467,0.544158,-0.10391,5.02099,-0.0553205,4.9941,-0.112941,-0.0970532,-0.0153939,0.037,0.0367758,-0.0118723,43.5476,-3,1.2378,-0.892379,0.0983782,0,0,0.888879,0
7.63908e+07,0.856842,0.0992373,9.86593,0.574134,0.0327579,0.547904,0.0468817,4.96335,-0.00896907,4.99656,-0.0121646,-0.0202326,-0.0170065,0.037,0.0367696,-0.012701,43.5182,-3,1.24087,-0.960707,0.105868,0,0,0.957345,0
7.64108e+07,0.864018,0.0534774,9.8801,0.308939,-0.0282953,0.551947,0.00194688,4.99775,-0.00886035,4.99757,-0.0394047,0.1019,0.0243683,0.037,0.0367683,-0.0128598,43.5271,-3,1.24177,-0.977787,0.107747,0,0,0.9744,0
7.64908e+07,0.866384,0.130547,9.86122,0.755549,-0.0434172,0.544053,-0.0278841,5.02054,-0.100445,4.99294,-0.0964669,0.0706723,-0.126084,0.037,0.0367693,-0.012602,43.53,-3,1.24588,-1.04611,0.115238,0,0,1.04265,0
7.65118e+07,0.823417,0.07997,9.92291,0.460162,-0.0433782,0.536311,-0.0401856,4.74346,-0.0241349,4.98933,-0.024406,0.101327,0.0909346,0.037,0.0367717,-0.0121324,43.5065,-3,1.24716,-1.06659,0.117457,0,0,1.05977,0
7.66918e+07,0.844902,0.0992373,9.84457,0.57543,0.0786732,0.550709,0.0771668,4.90509,-0.0393476,4.98882,-0.0372966,0.0707905,0.0686677,0.038,0.0376849,-0.00900398,43.5153,-2.98863,1.24512,-0.0920501,0.0101056,0,0,0.0851537,0
7.67118e+07,0.864003,0.106463,9.87068,0.615599,-0.0128415,0.554121,-0.0137235,5.00219,0.082715,4.98896,0.0824111,-0.142915,-0.14122,0.038,0.0377815,-0.00893112,43.5271,-2.98764,1.24405,-0.109103,0.0119985,0,0,0.102254,0
7.67318e+07,0.861622,0.0823784,9.89676,0.475109,0.0177199,0.548758,0.0165614,4.97551,-0.130929,4.99064,-0.127466,0.0401171,0.0429273,0.038,0.0377903,-0.00907551,43.5212,-2.98694,1.24314,-0.126163,0.0138837,0,0,0.119367,0
7.67518e+07,0.871172,0.0871952,9.87777,0.503805,-0.0128001,0.549077,-0.0121961,5.03998,0.0218754,4.98758,0.018993,0.0551757,0.0530656,0.037,0.0368849,-0.0116932,43.5241,-2.98659,1.24225,-0.143212,0.0157654,0,0,0.136388,0
7.67718e+07,0.85923,0.0992373,9.90154,0.572073,0.170347,0.545449,0.167144,4.9593,-0.00841713,4.98651,-0.00931554,-0.0669746,-0.0641933,0.037,0.0367891,-0.0115286,43.5388,-2.98661,1.24131,-0.160257,0.0176432,0,0,0.153542,0
7.67918e+07,0.842508,0.123321,9.91109,0.71032,0.0786984,0.552204,0.0754556,4.85846,-0.0999501,4.98076,-0.0993629,-0.0515133,-0.0533516,0.037,0.036778,-0.011757,43.5006,-2.98699,1.24039,-0.177301,0.0195218,0,0,0.170509,0
7.68118e+07,0.854467,0.0534774,9.91334,0.307937,-0.0284128,0.549919,-0.0266228,4.92628,0.0221715,4.97897,0.0233467,-0.0664285,-0.0620288,0.038,0.0376831,-0.00914869,43.5271,-2.98772,1.23946,-0.19433,0.0214107,0,0,0.187559,0
7.68918e+07,0.82819,0.092012,9.81846,0.535022,-0.04346,0.55874,-0.04428,4.82129,0.00702739,4.97017,0.00499217,0.207969,0.194432,0.037,0.0367887,-0.0119979,43.5094,-2.99383,1.23668,-0.262345,0.0290283,0,0,0.255622,0
7.69118e+07,0.883109,0.0944205,9.90626,0.543935,0.0635351,0.562922,0.0617398,5.09403,0.0529351,4.96868,0.0483014,0.0857327,0.0781757,0.037,0.0367792,-0.0114695,43.5065,-2.99621,1.23604,-0.279328,0.0309504,0,0,0.272545,0
7.70128e+07,0.885498,0.0896036,9.88014,0.517531,0.0328066,0.561698,0.033694,5.12119,0.0527229,4.95305,0.0518205,-0.0826608,-0.0690357,0.037,0.0367863,-0.0104661,43.5006,-3,1.23351,-0.364151,0.0406395,0,0,0.357344,0
7.70328e+07,0.906986,0.101646,9.86827,0.587664,0.0175306,0.555797,0.0160893,5.25099,-0.0390174,4.95998,-0.0398099,-0.00632429,-0.00619149,0.037,0.036786,-0.0106393,43.5153,-3,1.23312,-0.381092,0.0425437,0,0,0.374239,0
7.71128e+07,0.878328,0.113688,9.88493,0.656351,-0.0128449,0.552381,-0.0145863,5.07736,-0.0389426,4.95985,-0.0406667,-0.0828748,-0.0793703,0.037,0.0368906,-0.0111597,43.5329,-3,1.23192,-0.448936,0.050123,0,0,0.442158,0
7.71328e+07,0.871176,0.0727447,9.87775,0.420316,-0.134919,0.549588,-0.131144,5.04007,0.0524499,4.96447,0.0507822,0.0393618,0.0379356,0.037,0.0367928,-0.0112622,43.5153,-3,1.23171,-0.465905,0.0520118,0,0,0.459069,0
7.71528e+07,0.864006,0.0968289,9.89204,0.558699,-0.0128896,0.549474,-0.00998961,4.99151,-0.0849078,4.96105,-0.0837611,0.0699955,0.0589448,0.037,0.036782,-0.0113079,43.5271,-3,1.23151,-0.482874,0.0538948,0,0,0.476108,0
7.71728e+07,0.837736,0.108871,9.83272,0.632081,0.017794,0.547278,0.0165743,4.86947,-0.0847518,4.96472,-0.0823913,0.0851537,0.0900665,0.037,0.0367805,-0.0116441,43.5329,-3,1.23141,-0.499843,0.0557744,0,0,0.493125,0
7.71928e+07,0.844906,0.0871952,9.90866,0.502361,0.0484036,0.547988,0.0486638,4.8736,-0.0691218,4.96346,-0.0700051,0.0544746,0.0492228,0.037,0.0367757,-0.0121162,43.5359,-3,1.23134,-0.516817,0.0576555,0,0,0.510112,0
7.72128e+07,0.866394,0.0944205,9.88016,0.545442,-0.0432831,0.543096,-0.0404006,5.01124,0.022428,4.96441,0.0224342,0.1308,0.120653,0.037,0.0367749,-0.012195,43.5271,-3,1.23129,-0.53379,0.0595171,0,0,0.527022,0
7.72328e+07,0.871161,0.12573,9.90395,0.724529,0.0179218,0.549049,0.0173008,5.02645,0.0378616,4.96635,0.0366587,-0.0375024,-0.0328076,0.037,0.0367747,-0.0120864,43.5065,-3,1.23133,-0.550766,0.0613864,0,0,0.54402,0
7.72528e+07,0.906989,0.0896036,9.88961,0.516938,0.0330198,0.548167,0.0338796,5.2398,0.114303,4.97329,0.108222,0.19168,0.178435,0.037,0.0367729,-0.0125876,43.5006,-3,1.23134,-0.567755,0.0632627,0,0,0.560942,0
7.72728e+07,0.847302,0.0582943,9.8635,0.337377,-0.0588861,0.543691,-0.0559363,4.90973,0.0683005,4.97486,0.0669199,0.0543149,0.0531808,0.037,0.0367716,-0.0125563,43.5124,-3,1.23135,-0.584761,0.0651305,0,0,0.577944,0
7.72928e+07,0.840133,0.0751532,9.91577,0.432695,0.0326834,0.539576,0.0332993,4.8428,-0.069133,4.96974,-0.0659136,-0.0675639,-0.066245,0.037,0.0367723,-0.0122799,43.5065,-3,1.23134,-0.601765,0.066984,0,0,0.594987,0
7.73128e+07,0.880723,0.0896036,9.90863,0.516076,0.0480397,0.535105,0.0468586,5.07915,0.14481,4.96967,0.140427,0.00872445,0.011382,0.037,0.0367718,-0.0125763,43.4976,-3,1.2315,-0.618755,0.0688183,0,0,0.611979,0
7.73328e+07,0.897442,0.0751532,9.86586,0.434648,0.0783821,0.534705,0.0774801,5.19742,-0.0537286,4.96858,-0.0531802,-0.174541,-0.16755,0.037,0.0367729,-0.0123978,43.5271,-3,1.23163,-0.635742,0.0706506,0,0,0.628942,0
7.73528e+07,0.832969,0.0775616,9.90153,0.447226,-0.0592378,0.535485,-0.0588889,4.80856,-0.0536726,4.96479,-0.053694,0.0849661,0.085146,0.037,0.0367705,-0.012876,43.4976,-3,1.23189,-0.65272,0.0724815,0,0,0.64594,0
7.73728e+07,0.837743,0.0847868,9.89204,0.489331,0.0629408,0.536714,0.0634736,4.84057,-0.0381787,4.96239,-0.0407565,-0.0374254,-0.0300177,0.037,0.0367704,-0.0126816,43.5094,-3,1.23217,-0.669692,0.0743198,0,0,0.66295,0
7.73928e+07,0.861618,0.0968289,9.8683,0.560044,0.0629578,0.535412,0.0612392,4.9897,0.0229573,4.958,0.0206456,0.145857,0.137448,0.037,0.0367717,-0.0125608,43.5035,-3,1.23245,-0.686648,0.0761568,0,0,0.679913,0
7.74128e+07,0.842509,0.120913,9.8826,0.698442,0.062865,0.543474,0.0611082,4.87242,0.053473,4.95774,0.0526036,0.160786,0.15794,0.038,0.0376207,-0.00932882,43.5124,-3,1.23285,-0.7036,0.0780066,0,0,0.696843,0
7.74328e+07,0.852071,0.07997,9.92289,0.460052,0.0475299,0.547651,0.0457784,4.90775,-0.0687068,4.95888,-0.0678424,0.0537002,0.0512209,0.038,0.0377754,-0.00876932,43.48,-3,1.23323,-0.720558,0.0798784,0,0,0.713752,0
7.75128e+07,0.880719,0.101646,9.85879,0.588365,-0.0743074,0.541864,-0.0737426,5.10461,-0.114363,4.97112,-0.112601,-0.00730002,-0.0058868,0.037,0.0367795,-0.0118126,43.5271,-3,1.23493,-0.788454,0.0873099,0,0,0.78168,0
7.75328e+07,0.828183,0.116096,9.92296,0.667993,0.0327129,0.539207,0.0335716,4.77059,-0.007231,4.97124,-0.00872761,-0.0835702,-0.0807842,0.037,0.0367776,-0.0116504,43.4888,-3,1.23543,-0.805458,0.0891521,0,0,0.798731,0
7.77338e+07,0.89268,0.0245765,9.86815,0.142114,-0.104671,0.538665,-0.102315,5.16893,0.130319,4.97261,0.130027,0.0229269,0.0194862,0.037,0.0367813,-0.0112477,43.5182,-3,1.24281,-0.975491,0.107756,0,0,0.968627,0
7.77538e+07,0.880728,0.0703363,9.9181,0.404726,0.0939889,0.53718,0.0907631,5.07443,0.00803971,4.98117,0.00690331,0.0839525,0.0833703,0.037,0.0367807,-0.011168,43.5065,-3,1.24376,-0.992513,0.109596,0,0,0.985605,0
7.77738e+07,0.85923,0.0968289,9.88967,0.558855,-0.0434248,0.539113,-0.0442845,4.96524,-0.114252,4.9895,-0.111657,-0.0687492,-0.0674158,0.038,0.0376261,-0.00856289,43.5006,-3,1.2447,-1.00957,0.111437,0,0,1.00271,0
7.77938e+07,0.875946,0.0944205,9.87303,0.545786,-0.0128638,0.538526,-0.0111015,5.06984,0.160526,4.98838,0.160194,0.0840265,0.0784293,0.038,0.0377781,-0.00849285,43.5182,-3,1.2457,-1.02662,0.113282,0,0,1.01983,0
7.7814e+07,0.885494,0.104054,9.82555,0.6043,0.00252795,0.541009,0.00137471,5.14939,-0.00762773,4.98352,-0.00619684,0.205828,0.203727,0.038,0.0377957,-0.00831674,43.5094,-3,1.24685,-1.04366,0.115125,0,0,1.03675,0
7.78348e+07,0.892659,0.101646,9.86828,0.58774,0.0177342,0.543946,0.0626998,5.16849,0.00766397,4.98338,-0.0655445,0.00728321,0.064829,0.038,0.0377962,-0.00823644,43.5006,-3,1.24789,-1.0607,0.116979,0,0,1.05388,0
7.78558e+07,0.837734,0.116096,9.9372,0.66699,0.0636967,0.550282,0.0601823,4.81847,0.221447,4.97914,0.219053,0.0530436,0.0490241,0.038,0.0377958,-0.0083467,43.5271,-3,1.24925,-1.08114,0.119227,0,0,1.07095,0
7.78758e+07,0.835354,0.0871952,9.91341,0.502163,0.0790266,0.543952,0.0764267,4.81647,-0.0536733,4.98026,-0.0536287,-0.0997177,-0.102243,0.038,0.0377961,-0.0083163,43.5065,-3,1.25039,-1.09817,0.121094,0,0,1.08783,0
7.78958e+07,0.887893,0.0655195,9.89672,0.377794,-0.0889473,0.539842,-0.0871963,5.12651,-0.0536423,4.98185,-0.0515856,-0.0385681,-0.031869,0.037,0.0368886,-0.0112767,43.5035,-3,1.25157,-1.11519,0.122949,0,0,1.10502,0
7.79158e+07,0.80431,0.0968289,9.87309,0.560046,-0.0737154,0.540364,-0.0707504,4.65708,-0.0382218,4.98356,-0.036798,-0.130359,-0.12472,0.037,0.0367891,-0.0117063,43.5065,-2.99825,1.25133,-0.0102182,0.00104893,0,0,1.12202,0
7.79358e+07,0.828179,0.130547,9.77578,0.762357,-0.2263,0.542995,-0.22277,4.84196,-0.0227287,4.98003,-0.0256008,0.0225778,0.0177795,0.037,0.0367756,-0.0126007,43.4976,-2.99561,1.25008,-0.0272497,0.00289776,0,0,0.0170764,0
7.79558e+07,0.813865,0.0847868,9.86357,0.490832,-0.34829,0.550214,-0.348102,4.71674,-0.206064,4.97163,-0.201901,-0.0538971,-0.0534671,0.036,0.0358622,-0.0157472,43.5065,-2.99329,1.24893,-0.0442603,0.00477024,0,0,0.0341015,0
7.79758e+07,0.852083,0.0366185,9.82785,0.212685,-0.256747,0.548966,-0.25515,4.95517,-0.0380335,4.97028,-0.0400015,-0.00817311,-0.00542652,0.036,0.035766,-0.0154975,43.5124,-2.99131,1.24782,-0.0612528,0.00665646,0,0,0.0510326,0
7.79958e+07,0.830585,0.0631111,9.81841,0.366972,-0.150059,0.549776,-0.151976,4.83531,-0.160201,4.96661,-0.164725,0.0221988,0.024647,0.036,0.0357563,-0.0155223,43.5094,-2.98966,1.24677,-0.0782372,0.00853844,0,0,0.0679585,0
7.80159e+07,0.887902,0.0342101,9.83256,0.198539,-0.15013,0.5454,-0.154098,5.15991,0.130039,4.96845,0.125961,0.0985801,0.0988116,0.037,0.0366619,-0.0129717,43.5329,-2.98837,1.24571,-0.0952125,0.0104191,0,0,0.0851495,0
7.80358e+07,0.859242,0.0534774,9.86111,0.309543,-0.226305,0.544584,-0.226849,4.97979,-0.0377717,4.97503,-0.0412758,0.0526168,0.0498079,0.037,0.0367618,-0.0121455,43.5035,-2.98741,1.24472,-0.112217,0.0122881,0,0,0.10197,0
7.80558e+07,0.861633,0.0438438,9.76375,0.256287,-0.0125993,0.534383,-0.0172372,5.04313,-0.0530093,4.97309,-0.055049,0.0831851,0.0752053,0.037,0.0367707,-0.0128971,43.5124,-2.9868,1.24374,-0.129223,0.0141348,0,0,0.119062,0
7.80758e+07,0.840145,0.0342101,9.87059,0.197863,-0.119553,0.534597,-0.123272,4.86503,0.0540607,4.9702,0.0522366,-0.0237488,-0.0283358,0.037,0.0367717,-0.0124429,43.4829,-2.98654,1.24278,-0.146223,0.0159783,0,0,0.136102,0
7.80958e+07,0.840126,0.101646,9.82796,0.590407,0.109445,0.537721,0.103621,4.88569,0.0235548,4.96287,0.021182,0.098508,0.090829,0.037,0.0367721,-0.0126613,43.5182,-2.98661,1.24187,-0.163204,0.0178212,0,0,0.153026,0
7.81158e+07,0.864011,0.0775616,9.87776,0.448174,-0.180727,0.532679,-0.179818,4.99881,-0.0224385,4.96811,-0.0195493,-0.0236566,-0.0306579,0.037,0.0367707,-0.012723,43.5182,-2.98703,1.24098,-0.180183,0.0196545,0,0,0.170035,0
7.81358e+07,0.849679,0.0968289,9.8873,0.559034,-0.165238,0.533653,-0.164596,4.91149,0.176283,4.96426,0.171561,0.113818,0.106415,0.037,0.0367713,-0.0125473,43.5476,-2.98778,1.24016,-0.197163,0.0214764,0,0,0.186975,0
7.81558e+07,0.890279,0.0703363,9.91097,0.40498,-0.256644,0.53168,-0.252788,5.13284,0.0538688,4.9718,0.0512702,-0.085,-0.0819353,0.037,0.0367714,-0.0125384,43.4829,-2.98885,1.23941,-0.214149,0.0233001,0,0,0.203901,0
7.81758e+07,0.859232,0.0896036,9.8944,0.516911,-0.195563,0.531777,-0.193168,4.96293,-0.0379007,4.98055,-0.0347082,0.0980088,0.0992776,0.037,0.0367713,-0.0125028,43.5035,-2.99025,1.23874,-0.23117,0.0251202,0,0,0.22095,0
7.81958e+07,0.878335,0.0896036,9.83503,0.519919,-0.134226,0.529211,-0.133606,5.10315,0.00799131,4.98452,0.00829059,-0.00891149,-0.00819115,0.038,0.0376167,-0.0101971,43.4771,-2.99202,1.23801,-0.248202,0.0269301,0,0,0.237987,0
7.82158e+07,0.842523,0.0703363,9.83266,0.408353,-0.118862,0.526458,-0.118264,4.89737,-0.129372,4.98149,-0.129051,0.12848,0.124847,0.038,0.0377686,-0.00990318,43.5182,-2.99411,1.23736,-0.265241,0.0287356,0,0,0.254974,0
7.82358e+07,0.856842,0.0968289,9.88017,0.5594,0.0491253,0.531902,0.0467755,4.95625,-0.160061,4.97592,-0.157661,0.0520703,0.0472392,0.038,0.0377861,-0.00958211,43.5329,-2.99656,1.23672,-0.28226,0.030547,0,0,0.272058,0
7.82558e+07,0.871174,0.07997,9.83027,0.464276,-0.256231,0.530339,-0.250961,5.06424,-0.0835245,4.96935,-0.0851992,-0.0242053,-0.0169616,0.037,0.0369436,-0.012132,43.5359,-2.99936,1.23607,-0.299255,0.0323644,0,0,0.289084,0
7.82758e+07,0.840119,0.12573,9.91347,0.724033,-0.0117992,0.533168,-0.0137947,4.84358,0.0385194,4.95809,0.0399112,0.021705,0.0220647,0.037,0.0367909,-0.0123871,43.5388,-3,1.23548,-0.316222,0.0341843,0,0,0.306048,0
7.82958e+07,0.88311,0.092012,9.87302,0.531832,-0.0576022,0.543611,-0.0570313,5.1111,0.0234766,4.96331,0.022267,0.0674685,0.0692369,0.037,0.0367738,-0.0127301,43.5153,-3,1.23496,-0.333179,0.0360379,0,0,0.323028,0
7.83158e+07,0.883127,0.0293933,9.83018,0.170633,-0.133745,0.535701,-0.131379,5.13355,0.0232608,4.96962,0.0246696,0.128719,0.120369,0.038,0.037617,-0.0101986,43.5006,-3,1.23443,-0.350159,0.0378881,0,0,0.33995,0
7.83358e+07,0.854449,0.116096,9.83747,0.673605,0.0493733,0.534891,0.0513866,4.96372,0.114966,4.97333,0.111152,0.0064702,0.00399601,0.038,0.0377704,-0.00964329,43.5124,-3,1.23397,-0.367161,0.0397153,0,0,0.356943,0
7.83558e+07,0.844901,0.104054,9.91343,0.599198,-0.0118439,0.536537,-0.0109457,4.87116,-0.17524,4.97406,-0.173977,0.0522218,0.0448865,0.038,0.0377872,-0.0093336,43.5212,-3,1.23357,-0.384168,0.0415508,0,0,0.373965,0
7.83758e+07,0.885501,0.07997,9.86113,0.462775,-0.0425993,0.540837,-0.0405426,5.13107,0.023469,4.97503,0.023746,-0.00888491,-0.00628335,0.039,0.0386344,-0.00700244,43.5212,-3,1.23318,-0.401171,0.0434021,0,0,0.391055,0
7.83958e+07,0.880712,0.128138,9.87308,0.740634,0.0185053,0.547571,0.0179511,5.09706,-0.0679839,4.97994,-0.0676636,-0.0237385,-0.0264085,0.039,0.0387859,-0.00692872,43.5006,-3,1.23272,-0.418187,0.0452583,0,0,0.40801,0
7.84158e+07,0.892658,0.104054,9.91814,0.598665,-0.210698,0.553793,-0.207156,5.14263,-0.067688,4.97775,-0.0682327,0.0372543,0.0319773,0.039,0.0388002,-0.00708889,43.4829,-3,1.23244,-0.435207,0.0471426,0,0,0.425089,0
7.84358e+07,0.859242,0.0558858,9.84924,0.32387,-0.0730985,0.556402,-0.0713251,4.98575,-0.0981839,4.97556,-0.0970085,0.0067786,0.00426055,0.038,0.0379563,-0.00979389,43.5271,-3,1.23214,-0.452216,0.0490475,0,0,0.442025,0
7.84568e+07,0.926104,0.0438438,9.91089,0.252364,-0.0578687,0.547294,-0.0581397,5.33834,-0.00643277,4.97613,-0.00504122,-0.069694,-0.0640752,0.038,0.0378014,-0.0103424,43.5094,-3,1.23193,-0.469218,0.0509382,0,0,0.459068,0
7.84768e+07,0.873569,0.0534774,9.89908,0.308326,0.0184056,0.551415,0.0167211,5.04307,-0.0827792,4.98282,-0.0819416,-0.0995842,-0.0970179,0.038,0.0377821,-0.0107385,43.5065,-3,1.23156,-0.486245,0.0528265,0,0,0.475988,0
7.84978e+07,0.852073,0.0727447,9.96086,0.416904,-0.0275182,0.554367,-0.0275399,4.88917,-0.082607,4.98774,-0.0811729,0.0838487,0.0776223,0.037,0.0369335,-0.0132146,43.4829,-3,1.23137,-0.503294,0.0547216,0,0,0.493145,0
7.85188e+07,0.811471,0.106463,9.86836,0.61602,0.0793743,0.551826,-0.116822,4.70056,0.0245488,4.98703,-0.0215753,-0.0997345,-0.0285462,0.037,0.0367801,-0.0140505,43.5212,-3,1.23133,-0.520346,0.056612,0,0,0.510209,0
7.85398e+07,0.868776,0.116096,9.83983,0.673359,-0.0122894,0.547796,-0.0123169,5.04531,0.0398765,4.98461,0.039011,0.0376413,0.0421031,0.037,0.036761,-0.0143865,43.5212,-3,1.23125,-0.540794,0.0588696,0,0,0.527192,0
7.85598e+07,0.828188,0.0992373,9.85646,0.574823,0.0334756,0.543006,0.0331884,4.80275,0.0243893,4.98167,0.0235633,-0.0844513,-0.082999,0.037,0.03676,-0.0140898,43.5035,-3,1.23118,-0.557834,0.0607313,0,0,0.544178,0
7.85798e+07,0.832965,0.092012,9.92292,0.529408,-0.0124228,0.542301,-0.0121891,4.79816,-0.0215831,4.97633,-0.0201355,-0.0693958,-0.0579741,0.037,0.0367591,-0.0142981,43.5388,-3,1.23123,-0.574853,0.0625883,0,0,0.561196,0
7.85998e+07,0.842515,0.0992373,9.84695,0.575304,0.0181855,0.542168,0.0181795,4.89013,-0.0827608,4.97383,-0.0809653,0.129184,0.12108,0.037,0.0367598,-0.0142605,43.5153,-3,1.23128,-0.591863,0.0644445,0,0,0.578206,0
7.86198e+07,0.883117,0.0679279,9.87298,0.392632,0.0334899,0.537849,0.0317273,5.11126,-0.00633836,4.97611,-0.0060555,0.00696945,0.0100241,0.037,0.0367601,-0.0142189,43.4829,-3,1.23135,-0.608869,0.066292,0,0,0.595269,0
7.87398e+07,0.842516,0.0944205,9.90155,0.544385,0.170827,0.539139,0.166471,4.86332,-0.00710249,4.97036,-0.00910932,0.0376499,0.0323961,0.039,0.0385867,-0.00671588,43.5153,-3,1.23253,-0.710992,0.0773738,0,0,0.697295,0
7.87598e+07,0.890276,0.0823784,9.86825,0.476349,-0.0276942,0.537063,-0.027673,5.15487,-0.0680449,4.97488,-0.0682897,0.0987878,0.0977458,0.039,0.0387842,-0.00642083,43.5035,-3,1.23285,-0.727989,0.0792186,0,0,0.714433,0
7.87798e+07,0.875946,0.092012,9.84453,0.533393,-0.0732875,0.534034,-0.0747134,5.08445,0.00835514,4.97962,0.00922003,-0.0693016,-0.06841,0.039,0.0388042,-0.00656969,43.5006,-3,1.23322,-0.745009,0.0810462,0,0,0.73145,0
7.87998e+07,0.818638,0.092012,9.81135,0.535451,-0.134344,0.53701,-0.13083,4.76938,-0.0680749,4.98709,-0.0660239,-0.11518,-0.110856,0.037,0.0371129,-0.0121937,43.4859,-3,1.23364,-0.762059,0.0828864,0,0,0.748397,0
7.88198e+07,0.823406,0.120913,9.8565,0.700392,-0.134186,0.542412,-0.132158,4.77501,0.0234585,4.98438,0.0240296,-0.0387868,-0.0347706,0.037,0.0368017,-0.0135584,43.5035,-3,1.23408,-0.779111,0.0847379,0,0,0.765429,0
7.88398e+07,0.856838,0.113688,9.91819,0.65429,0.0797855,0.547955,0.0791705,4.93723,-0.0376792,4.98227,-0.0376849,-0.0693368,-0.0672141,0.037,0.0367677,-0.0134471,43.5212,-3,1.23455,-0.796146,0.0866037,0,0,0.782464,0
7.88598e+07,0.852053,0.144997,9.86126,0.839274,0.079833,0.553071,0.0777655,4.93779,0.0691097,4.97961,0.0699307,0.00698304,0.00837106,0.037,0.0367664,-0.0132627,43.5035,-3,1.23508,-0.813176,0.0884844,0,0,0.799557,0
7.894e+07,0.897432,0.111279,9.89441,0.641727,-0.0118507,0.551786,-0.0112634,5.18227,-0.159988,4.98953,-0.157372,-0.0383464,-0.0357569,0.037,0.0367728,-0.0121691,43.5212,-3,1.23737,-0.88129,0.0960384,0,0,0.867657,0
7.89598e+07,0.842517,0.092012,9.91342,0.529869,-0.0273144,0.546602,-0.0264159,4.85754,-0.0835376,4.97896,-0.0837703,0.0381794,0.0300289,0.037,0.0367734,-0.0121599,43.5241,-3,1.23803,-0.898323,0.0979164,0,0,0.884795,0
7.90608e+07,0.844913,0.0607027,9.89674,0.350151,-0.118912,0.545372,-0.115392,4.87958,-0.0832753,4.96887,-0.0829209,-0.0230275,-0.0202136,0.038,0.0377639,-0.0107661,43.4829,-3,1.2421,-0.983306,0.107234,0,0,0.969763,0
7.90808e+07,0.847289,0.104054,9.81371,0.605229,0.0337956,0.542707,0.0340515,4.93425,-0.0374706,4.9716,-0.0371437,0.083776,0.0832164,0.038,0.0377778,-0.0111011,43.4741,-3,1.24305,-1.0003,0.109093,0,0,0.9867,0
7.91608e+07,0.852064,0.106463,9.82796,0.61832,-0.0731504,0.542012,-0.0705459,4.95475,-0.174814,4.96468,-0.168662,-0.0388201,-0.0322183,0.037,0.0369297,-0.0142924,43.4859,-3,1.24718,-1.06833,0.116442,0,0,1.05479,0
7.91808e+07,0.868784,0.0896036,9.87303,0.517978,-0.180095,0.542015,-0.175688,5.02862,-0.0372357,4.96351,-0.0380729,0.0835334,0.0764903,0.037,0.036776,-0.0145756,43.4976,-3,1.24824,-1.0853,0.1183,0,0,1.07174,0
7.92008e+07,0.895044,0.108871,9.87304,0.629201,0.0644479,0.54872,0.0630117,5.1797,-0.113667,4.96852,-0.111892,0.02257,0.0235673,0.037,0.0367594,-0.0145886,43.4918,-3,1.24933,-1.10228,0.120164,0,0,1.08872,0
7.92208e+07,0.902211,0.0968289,9.88963,0.558643,0.0798236,0.545735,0.076603,5.2123,0.039032,4.97844,0.038162,-0.00818861,-0.00732917,0.037,0.0367575,-0.0146014,43.4859,-3,1.25055,-1.11928,0.122036,0,0,1.10564,0
7.92408e+07,0.864008,0.0871952,9.87303,0.504077,-0.11848,0.546998,-0.117307,5.00113,0.069618,4.98805,0.0678385,-0.0693099,-0.0651394,0.037,0.0367577,-0.0144032,43.5065,-2.99769,1.2498,-0.0136663,0.00145062,0,0,1.12266,0
7.92608e+07,0.88311,0.092012,9.90151,0.530314,0.0343595,0.545777,0.0311943,5.09647,0.0695348,4.98837,0.0692527,-0.00800097,-0.0153414,0.037,0.0367575,-0.0143696,43.5182,-2.99512,1.24855,-0.0307176,0.00332029,0,0,0.0171283,0
7.92808e+07,0.861622,0.0823784,9.89914,0.474996,0.00379765,0.547185,0.00378139,4.97432,-0.0220165,4.98641,-0.0205979,0.144557,0.140965,0.037,0.0367568,-0.0145416,43.5359,-2.99285,1.24744,-0.0477694,0.00519007,0,0,0.0340785,0
7.93008e+07,0.849674,0.116096,9.89683,0.669623,-0.0267031,0.551318,-0.0264145,4.90665,-0.143993,4.98215,-0.140175,-0.0692002,-0.0670795,0.037,0.0367579,-0.0143535,43.4976,-2.99097,1.24627,-0.0648073,0.00706857,0,0,0.0512552,0
7.93208e+07,0.861619,0.0944205,9.84218,0.547554,-0.0116587,0.551171,-0.0110482,5.00289,-0.00639176,4.97684,-0.00613078,-0.00803804,-0.0087906,0.037,0.0367582,-0.0145017,43.5065,-2.98942,1.24517,-0.0818281,0.00895727,0,0,0.0682859,0
7.93408e+07,0.840144,0.0390269,9.89196,0.225238,0.0646995,0.550897,0.0640681,4.85455,0.207253,4.97403,0.204521,0.0224429,0.0251531,0.037,0.0367594,-0.0141292,43.5006,-2.98819,1.24414,-0.0988423,0.0108503,0,0,0.0851744,0
7.93608e+07,0.880725,0.0823784,9.89675,0.47503,0.0340166,0.554856,0.0342778,5.08526,-0.0675058,4.97424,-0.0680772,-0.0385814,-0.0332766,0.037,0.0367603,-0.0141712,43.4976,-2.98733,1.24311,-0.11585,0.0127497,0,0,0.102257,0
7.93808e+07,0.935634,0.120913,9.87777,0.698193,0.125484,0.553882,0.124554,5.41058,-0.0827475,4.99115,-0.0821047,0.0227635,0.0171732,0.037,0.0367604,-0.0140525,43.4859,-2.98682,1.24207,-0.132886,0.0146454,0,0,0.119322,0
7.94008e+07,0.887893,0.0655195,9.84923,0.379601,0.0947531,0.552855,0.0958794,5.15109,-0.0367861,5.00055,-0.0388201,0.00728321,0.0140172,0.038,0.0376061,-0.0114739,43.5271,-2.98661,1.24119,-0.14997,0.016541,0,0,0.136306,0
7.94208e+07,0.87595,0.07997,9.85639,0.463035,-0.0122029,0.549771,-0.0119039,5.07844,-0.0215795,5.00351,-0.021269,-0.00798869,-0.00524929,0.038,0.0377596,-0.0109329,43.4712,-2.98676,1.2403,-0.167069,0.0184293,0,0,0.153405,0
7.94408e+07,0.828195,0.0727447,9.84692,0.421779,-0.0273114,0.550227,-0.0278944,4.80753,0.0395632,5.00045,0.037507,-0.0996816,-0.0948958,0.038,0.0377758,-0.010998,43.5124,-2.98725,1.23944,-0.184175,0.0203166,0,0,0.170478,0
7.94608e+07,0.859242,0.0558858,9.92759,0.321333,0.0337077,0.550207,0.0331039,4.94659,0.130947,4.9955,0.130339,-0.099564,-0.0973846,0.037,0.0369321,-0.0133411,43.5094,-2.98809,1.2386,-0.201256,0.0222055,0,0,0.187601,0
7.94808e+07,0.871165,0.113688,9.9158,0.654365,-0.134171,0.548378,-0.132087,5.02057,0.0391634,4.98772,0.0374342,-0.0230132,-0.0290279,0.037,0.0367819,-0.0133296,43.5182,-2.98928,1.23778,-0.218316,0.0240824,0,0,0.204551,0
7.95008e+07,0.87595,0.0775616,9.89437,0.44738,-0.118843,0.54266,-0.119055,5.05906,-0.00657487,4.99138,-0.00744006,0.0229776,0.0292702,0.037,0.0367668,-0.0132949,43.4947,-2.99081,1.237,-0.235376,0.0259492,0,0,0.221713,0
7.95208e+07,0.861621,0.0871952,9.79468,0.508089,0.0339251,0.540203,0.032223,5.02707,-0.0677636,4.99286,-0.0651413,-0.0229156,-0.0234841,0.037,0.0367654,-0.0135832,43.4976,-2.99266,1.23631,-0.252444,0.0277999,0,0,0.238816,0
7.95408e+07,0.854454,0.0992373,9.83744,0.575796,0.0796398,0.539391,0.0781994,4.96385,-0.0675783,4.98949,-0.0649852,0.00780785,0.00689084,0.037,0.0367654,-0.0132498,43.53,-2.99487,1.2356,-0.269504,0.0296445,0,0,0.255844,0
7.95608e+07,0.890269,0.106463,9.88253,0.614723,-0.0578144,0.541604,-0.0555358,5.14731,0.0850706,4.99381,0.0841673,-0.00736833,-0.00873025,0.037,0.036765,-0.0133763,43.5271,-2.99741,1.23495,-0.286571,0.0314941,0,0,0.272935,0
7.95808e+07,0.844896,0.120913,9.89684,0.69743,-0.0273298,0.54233,-0.025572,4.87916,0.00876141,4.99019,0.00761934,-0.160145,-0.157798,0.037,0.0367689,-0.0125157,43.5065,-3,1.23435,-0.303639,0.0333479,0,0,0.289998,0
7.96608e+07,0.854458,0.0847868,9.90152,0.488796,-0.118364,0.544291,-0.118027,4.93197,-0.0526063,4.98082,-0.0531378,-0.0531836,-0.0469536,0.037,0.0367781,-0.011507,43.5359,-3,1.23237,-0.37184,0.0408035,0,0,0.358112,0
7.96808e+07,0.885504,0.0679279,9.91571,0.390945,0.0192689,0.539171,0.0192743,5.10304,-0.00698519,4.9928,-0.00717878,0.0383514,0.0357274,0.037,0.0367804,-0.0109812,43.5094,-3,1.232,-0.388887,0.0426555,0,0,0.375219,0
7.97608e+07,0.852063,0.111279,9.88257,0.642748,-0.0106015,0.528406,-0.0082738,4.92747,0.0242319,4.99877,0.021288,-0.0838495,-0.0815405,0.038,0.0377958,-0.00826934,43.5124,-3,1.23076,-0.45735,0.0499192,0,0,0.443725,0
7.97808e+07,0.859233,0.0871952,9.85404,0.505062,-0.0413374,0.52317,-0.0401617,4.98317,0.115689,4.99388,0.114814,-0.0838442,-0.0762045,0.038,0.0377968,-0.00831618,43.5447,-3,1.23054,-0.474432,0.0517147,0,0,0.460846,0
7.98008e+07,0.835356,0.0823784,9.92053,0.474086,0.0808918,0.520328,0.0771502,4.81306,-0.0980375,4.98885,-0.0979886,-0.0532798,-0.0525482,0.038,0.0377952,-0.00853877,43.5035,-3,1.23036,-0.491496,0.0534993,0,0,0.477782,0
7.98208e+07,0.854452,0.106463,9.8612,0.616239,0.0654601,0.527694,0.0660044,4.9519,0.100584,4.98526,0.0951178,-0.02274,-0.0180343,0.037,0.0370452,-0.0110694,43.4976,-3,1.23022,-0.50854,0.0552978,0,0,0.494955,0
7.98408e+07,0.852064,0.106463,9.83745,0.617727,0.0652841,0.531095,0.0652793,4.94999,-0.00635886,4.98884,-0.00780606,0.0842456,0.0755962,0.037,0.0368055,-0.0118291,43.4712,-3,1.2301,-0.525591,0.0571081,0,0,0.511912,0
7.98608e+07,0.864008,0.0896036,9.81605,0.520983,0.0499761,0.53359,0.0482463,5.03,-0.0976317,4.99025,-0.0970512,-0.0838957,-0.0782719,0.037,0.0367797,-0.0118837,43.5124,-3,1.23004,-0.542648,0.05893,0,0,0.529077,0
7.98818e+07,0.861615,0.108871,9.88019,0.628937,-0.0111334,0.531979,-0.011705,4.98364,0.192383,4.98457,0.190877,-0.0685494,-0.0703546,0.037,0.0367739,-0.0122641,43.5094,-3,1.22999,-0.559697,0.0607532,0,0,0.546158,0
7.99818e+07,0.892669,0.0655195,9.92758,0.376613,-0.0110583,0.543421,-0.00965012,5.138,-0.0667851,4.96697,-0.0670966,0.0690175,0.0595535,0.036,0.035771,-0.0133046,43.5153,-3,1.23034,-0.644658,0.0700105,0,0,0.631081,0
8.00018e+07,0.847294,0.0847868,9.89441,0.489175,0.14167,0.540554,0.138716,4.89433,-0.00543761,4.9676,-0.00917422,0.0841311,0.0795915,0.038,0.0372728,-0.00786828,43.4918,-3,1.23057,-0.661647,0.0718649,0,0,0.648187,0
8.00818e+07,0.823419,0.0751532,9.88491,0.434097,0.0503278,0.535843,0.0488808,4.76164,0.0550106,4.96184,0.0564259,0.0380489,0.0381076,0.037,0.0368109,-0.0111625,43.4829,-3,1.23174,-0.729585,0.0792371,0,0,0.715902,0
8.01018e+07,0.849686,0.0727447,9.86589,0.420896,-0.0106981,0.531409,-0.0104426,4.92224,0.100666,4.95876,0.0986377,-0.0385242,-0.0357685,0.037,0.0367839,-0.0115104,43.5241,-3,1.23215,-0.746544,0.081062,0,0,0.732875,0
8.01818e+07,0.825799,0.101646,9.88258,0.587239,0.00490892,0.539852,0.00290247,4.77635,-0.021713,4.97595,-0.0190632,-0.0383623,-0.0364814,0.037,0.0367771,-0.0115096,43.4535,-3,1.23394,-0.814496,0.0883924,0,0,0.8009,0
8.02018e+07,0.825792,0.128138,9.89212,0.739571,-0.0256087,0.54013,-0.0235855,4.77157,-0.113583,4.9711,-0.111721,0.0380412,0.0393296,0.037,0.0367787,-0.0115219,43.5271,-3,1.23449,-0.831503,0.090231,0,0,0.817818,0
8.03818e+07,0.852069,0.0896036,9.83743,0.519914,-0.00980341,0.545583,-0.00923231,4.95011,0.0390146,4.97691,0.038993,0.0990661,0.093113,0.038,0.0378321,-0.00990318,43.5094,-3,1.2411,-0.984679,0.107068,0,0,0.971111,0
8.04028e+07,0.832957,0.120913,9.89448,0.697667,-0.177537,0.544675,-0.0415842,4.81169,0.0847757,4.97529,-0.0673464,0.0377544,-0.0311206,0.038,0.0377903,-0.00990746,43.5329,-3,1.24206,-1.00169,0.108935,0,0,0.988029,0
8.04228e+07,0.864004,0.104054,9.89442,0.600242,0.0363879,0.545058,-0.00944314,4.99027,-0.0984516,4.97513,-0.03483,0.0837224,-0.0134118,0.037,0.0371865,-0.0120714,43.5506,-3,1.24296,-1.0187,0.110805,0,0,1.00509,0
8.04428e+07,0.880733,0.0534774,9.87296,0.309115,0.00576937,0.544081,0.0636994,5.09759,0.00848269,4.97682,0.00872861,-0.114683,-0.111869,0.037,0.0368121,-0.0130388,43.4888,-3,1.24394,-1.03571,0.112671,0,0,1.02214,0
8.04628e+07,0.883105,0.111279,9.90154,0.641351,0.051536,0.543226,-0.0561824,5.09632,0.0850406,4.97705,0.02052,-0.0840319,0.0359005,0.037,0.0367722,-0.0129876,43.5359,-3,1.24493,-1.05273,0.114521,0,0,1.03911,0
8.04829e+07,0.861622,0.0823784,9.91101,0.474431,-0.116426,0.542759,-0.11444,4.96839,0.0696654,4.97921,0.113764,0.0381361,-0.00757855,0.038,0.0373682,-0.0111997,43.4947,-3,1.24598,-1.06975,0.116383,0,0,1.05619,0
8.05028e+07,0.868788,0.0727447,9.85638,0.421229,0.0515513,0.540594,0.0653926,5.03717,-0.113575,4.97842,0.0229783,-0.00776899,0.0803654,0.038,0.0377411,-0.00992716,43.5329,-3,1.2471,-1.08678,0.118238,0,0,1.07313,0
8.05228e+07,0.890283,0.0582943,9.8967,0.336127,0.0512357,0.543219,0.11009,5.14026,0.176382,4.9744,0.113959,0.0379052,-0.102498,0.038,0.03778,-0.0102116,43.4918,-3,1.24827,-1.10379,0.120091,0,0,1.09022,0
8.05428e+07,0.830576,0.0968289,9.82321,0.562747,0.0206431,0.539524,0.0644255,4.83277,0.0386631,4.97409,0.00958855,0.0074147,-0.0846105,0.037,0.0371847,-0.0120267,43.5094,-3,1.24943,-1.12081,0.121939,0,0,1.10707,0
8.05628e+07,0.873558,0.0944205,9.8849,0.545147,-0.132221,0.543375,-0.0230526,5.05005,-0.129174,4.97421,0.0407461,0.0377848,0.214714,0.037,0.0368121,-0.0131141,43.5329,-2.99767,1.24871,-0.0136681,0.00149895,0,0,1.12414,0
8.06638e+07,0.842524,0.0655195,9.90625,0.377583,-0.0250775,0.536622,-0.0233372,4.86119,-0.113173,4.97133,-0.114577,0.0378813,0.0384495,0.037,0.0367689,-0.0128375,43.4976,-2.98796,1.24286,-0.102146,0.0111334,0,0,0.102231,0
8.06838e+07,0.856844,0.0896036,9.90865,0.516184,0.0820271,0.533086,0.0788221,4.94212,0.0700214,4.97651,0.0697336,-0.0230459,-0.0255886,0.037,0.0367695,-0.012737,43.5035,-2.98717,1.24181,-0.119152,0.0129631,0,0,0.119097,0
8.07038e+07,0.852067,0.0944205,9.88492,0.545249,0.127672,0.53663,0.126204,4.92642,0.0240378,4.97917,0.0254737,0.00750732,0.00560277,0.037,0.0367714,-0.0124107,43.5182,-2.98671,1.24084,-0.136174,0.0147956,0,0,0.136123,0
8.09038e+07,0.883109,0.0968289,9.86828,0.559938,-0.177809,0.515168,-0.173391,5.11351,-0.0519979,4.99175,-0.0510511,0.00685441,0.00680253,0.038,0.0377894,-0.00936383,43.4947,-3,1.23338,-0.306711,0.0327729,0,0,0.306701,0
8.09238e+07,0.856835,0.123321,9.82323,0.716536,-0.0404502,0.513751,-0.0381273,4.98464,-0.158831,4.98991,-0.157668,-0.00846446,-0.00658594,0.038,0.0377882,-0.0097907,43.5035,-3,1.23282,-0.323773,0.0345303,0,0,0.323815,0
8.09438e+07,0.84013,0.0871952,9.83269,0.506235,0.0664717,0.515574,0.0647368,4.88345,0.00940037,4.98289,0.00851908,0.0986714,0.0895437,0.038,0.0377846,-0.0103228,43.4712,-3,1.23225,-0.34082,0.0362929,0,0,0.340876,0
8.09638e+07,0.840129,0.0896036,9.83981,0.519843,-0.101586,0.522407,-0.099835,4.87991,0.0704675,4.98158,0.0692979,0.0680969,0.0626006,0.038,0.0377806,-0.010941,43.5241,-3,1.23176,-0.357858,0.0380743,0,0,0.357841,0
8.09838e+07,0.825794,0.120913,9.94434,0.694234,0.0357606,0.529181,0.0340317,4.74669,0.0247264,4.97491,0.0255522,-0.0847127,-0.0811081,0.038,0.037778,-0.0109032,43.4888,-3,1.23131,-0.374877,0.0398759,0,0,0.374911,0
8.10038e+07,0.866394,0.0968289,9.83743,0.561764,-0.0405104,0.533094,-0.0413924,5.03288,-0.0208449,4.9701,-0.0211395,-0.0694733,-0.0666218,0.038,0.0377773,-0.0114751,43.4712,-3,1.2309,-0.391871,0.0416968,0,0,0.391964,0
8.10238e+07,0.89744,0.0823784,9.83026,0.478144,-0.00989962,0.531747,-0.0121838,5.2161,-0.0513082,4.98026,-0.0510148,0.00707889,0.0100304,0.037,0.0371754,-0.0136154,43.4859,-3,1.23048,-0.408883,0.0435217,0,0,0.408916,0
8.11038e+07,0.873563,0.0775616,9.87538,0.448244,-0.0246935,0.527769,-0.0252877,5.05499,-0.112424,4.9924,-0.109491,-0.0541012,-0.0589052,0.037,0.036759,-0.0142366,43.4918,-3,1.22933,-0.477121,0.0507501,0,0,0.477102,0
8.11238e+07,0.849689,0.0607027,9.86113,0.351392,0.051607,0.529347,0.0493182,4.92466,-0.112293,4.98428,-0.10991,0.0834342,0.0789894,0.037,0.0367596,-0.0141442,43.4947,-3,1.22913,-0.494172,0.0525635,0,0,0.494218,0
8.12038e+07,0.840133,0.0751532,9.8754,0.434451,-0.0704529,0.520786,-0.0707361,4.86249,-0.0508595,4.98048,-0.0490749,0.053032,0.0516458,0.038,0.0373701,-0.0106023,43.5153,-3,1.22865,-0.562295,0.0597546,0,0,0.562302,0
8.12238e+07,0.837745,0.0775616,9.88253,0.448061,-0.0398448,0.519217,-0.0377889,4.84525,0.116941,4.9766,0.11605,-0.114948,-0.111372,0.038,0.0377434,-0.00969263,43.5212,-3,1.22861,-0.579313,0.0615335,0,0,0.579219,0
8.13038e+07,0.823411,0.104054,9.90633,0.599733,0.0974177,0.524274,0.0930506,4.75122,0.0407341,4.97163,0.0427473,-0.0391277,-0.0381826,0.037,0.0367677,-0.0136935,43.5065,-3,1.22904,-0.64734,0.0686783,0,0,0.647266,0
8.13238e+07,0.878338,0.07997,9.91337,0.460385,0.0820297,0.520156,0.0825453,5.0631,0.010354,4.97132,0.00829712,0.0220242,0.0201419,0.038,0.0373647,-0.0114862,43.5035,-3,1.22919,-0.664338,0.0704669,0,0,0.6644,0
8.13438e+07,0.866397,0.0847868,9.8659,0.490496,0.0207067,0.520274,0.021893,5.0185,0.0408342,4.97896,0.0434117,0.0677253,0.0651924,0.038,0.0377385,-0.0103372,43.5006,-3,1.22942,-0.681353,0.0722509,0,0,0.681326,0
8.13638e+07,0.895038,0.132955,9.91581,0.765088,-0.116549,0.521922,-0.115663,5.15729,-0.00499654,4.98638,-0.00496921,-0.023965,-0.0259173,0.038,0.0377789,-0.0101234,43.5212,-3,1.22965,-0.698391,0.074027,0,0,0.698393,0
8.13838e+07,0.84729,0.101646,9.9253,0.584624,-0.0858051,0.525278,-0.086371,4.87907,0.147781,4.98074,0.145349,-0.100156,-0.0911227,0.037,0.0371851,-0.0117273,43.5153,-3,1.22986,-0.715427,0.0758214,0,0,0.715422,0
8.14039e+07,0.859226,0.113688,9.88494,0.656461,0.0214077,0.5285,0.0205249,4.96749,-0.035418,4.981,-0.0350756,-0.0696368,-0.0642545,0.037,0.0368114,-0.0132604,43.4888,-3,1.23018,-0.732456,0.0776232,0,0,0.732509,0
8.14238e+07,0.866391,0.106463,9.87306,0.615439,0.0365893,0.529008,0.0365894,5.01474,-0.126868,4.98368,-0.124817,-0.176558,-0.165435,0.037,0.0367694,-0.0134696,43.5359,-3,1.2305,-0.749495,0.0794299,0,0,0.749574,0
8.15038e+07,0.816254,0.07997,9.89443,0.461505,-0.0859833,0.532855,-0.0856349,4.71586,0.102178,4.98518,0.100399,-0.0842488,-0.0813111,0.037,0.0371762,-0.0130324,43.5153,-3,1.23204,-0.817704,0.0867018,0,0,0.817673,0
8.15238e+07,0.823403,0.132955,9.86364,0.769584,0.097249,0.541218,0.0937906,4.77147,0.0409698,4.97856,0.0372397,-0.00817418,-0.00586755,0.037,0.0368056,-0.0138997,43.5035,-3,1.23264,-0.834738,0.0885402,0,0,0.834706,0
8.15438e+07,0.866399,0.0775616,9.86114,0.448914,0.112579,0.539175,0.10937,5.02096,-0.0659053,4.97432,-0.0650185,0.0988264,0.0939263,0.037,0.0367672,-0.0139134,43.4947,-3,1.23318,-0.851747,0.0903933,0,0,0.851775,0
8.15638e+07,0.828194,0.0751532,9.83505,0.436265,-0.131536,0.537912,-0.128621,4.81329,-0.188024,4.96905,-0.183646,-0.160842,-0.150382,0.038,0.0373627,-0.01209,43.5065,-3,1.23375,-0.868747,0.0922373,0,0,0.868787,0
8.15838e+07,0.899837,0.0486606,9.84919,0.281897,-0.253379,0.531057,-0.250427,5.22007,0.010603,4.97069,0.00941219,0.144595,0.136403,0.038,0.0377349,-0.0110897,43.5094,-3,1.23442,-0.885734,0.094065,0,0,0.885734,0
8.1604e+07,0.837745,0.0775616,9.88016,0.448168,0.00640595,0.531048,0.00696034,4.84641,0.0563376,4.9687,0.0549238,0.0528535,0.048112,0.038,0.0377746,-0.0109452,43.5094,-3,1.2351,-0.902728,0.0958875,0,0,0.902693,0
8.16238e+07,0.83297,0.0751532,9.85642,0.435308,-0.0239587,0.526585,-0.0245529,4.83047,-0.0964005,4.96919,-0.0940499,0.00693822,0.00699387,0.037,0.0371784,-0.0131303,43.4741,-3,1.23581,-0.919719,0.0977002,0,0,0.919737,0
8.16438e+07,0.859234,0.0847868,9.8849,0.489591,-0.054324,0.527194,-0.0551953,4.9677,-0.0350933,4.97,-0.0362074,0.0834171,0.0804803,0.037,0.0368054,-0.0141452,43.5388,-3,1.23652,-0.936706,0.0995093,0,0,0.936772,0
8.16638e+07,0.885498,0.092012,9.87064,0.531948,0.113368,0.531174,0.114789,5.12607,0.0106046,4.97082,0.00973491,-0.115023,-0.108892,0.037,0.0367644,-0.0144059,43.5065,-3,1.23724,-0.953695,0.10132,0,0,0.953646,0
8.16838e+07,0.847297,0.0751532,9.86115,0.435047,-0.130981,0.529019,-0.0108409,4.91081,-0.0045588,4.97058,0.041209,0.0379614,-0.0999764,0.038,0.0367601,-0.0145227,43.5035,-3,1.23783,-0.967292,0.10277,0,0,0.953646,0
8.17038e+07,0.832959,0.113688,9.87072,0.657548,0.037127,0.535073,0.0371212,4.82326,0.0717704,4.97047,0.072647,0.0379925,0.0359662,0.038,0.0377047,-0.0116592,43.5124,-3,1.23883,-0.987687,0.10495,0,0,0.987663,0
8.17248e+07,0.87832,0.144997,9.84224,0.840687,-0.115571,0.539476,-0.113803,5.099,0.056375,4.9735,0.0583603,0.0992025,0.0883202,0.038,0.0377667,-0.0118966,43.4918,-3,1.23968,-1.00469,0.106787,0,0,1.00465,0
8.19248e+07,0.906981,0.118505,9.84218,0.686926,-0.0856612,0.547043,-0.0852734,5.2647,0.0410619,4.97455,0.0399429,0.0987042,0.0965595,0.038,0.0364821,-0.0137701,43.5182,-2.99239,1.24337,-0.051035,0.00569053,0,0,0.050974,0
8.19448e+07,0.828186,0.104054,9.92057,0.598855,0.00617409,0.550455,0.005303,4.77182,0.162913,4.9708,0.161163,0.0378636,0.0269649,0.038,0.0376458,-0.0100555,43.5153,-2.99058,1.24218,-0.068034,0.00757327,0,0,0.0679008,0
8.19648e+07,0.797164,0.0318017,9.87062,0.183999,-0.0702962,0.544792,-0.0696749,4.61724,0.116961,4.96757,0.11603,0.0530406,0.0547617,0.038,0.0377702,-0.0103857,43.5153,-2.98908,1.24114,-0.0850252,0.00945458,0,0,0.0849852,0
8.19848e+07,0.859229,0.101646,9.85406,0.588757,0.0823023,0.548428,0.0828413,4.98306,-0.112123,4.96965,-0.108947,-0.053944,-0.0479287,0.038,0.0377802,-0.0108064,43.5329,-2.98792,1.24011,-0.102013,0.0113247,0,0,0.102049,0
8.20048e+07,0.89504,0.12573,9.86594,0.727142,0.00585747,0.547327,0.00701647,5.18327,-0.0203404,4.96982,-0.0226469,0.0836641,0.0758348,0.038,0.0377806,-0.0107363,43.4976,-2.98712,1.23908,-0.119003,0.0131914,0,0,0.11904,0
8.20248e+07,0.85445,0.111279,9.85408,0.644579,-0.0553319,0.549257,-0.0564407,4.95543,-0.0204546,4.96862,-0.0195239,0.0224198,0.0263471,0.038,0.0377806,-0.0108244,43.5124,-2.98664,1.23816,-0.135993,0.015066,0,0,0.135954,0
8.20448e+07,0.844904,0.092012,9.82557,0.534561,-0.00935817,0.546547,-0.0108221,4.91458,-0.0202265,4.97357,-0.0219513,-0.0844789,-0.0843454,0.037,0.0374131,-0.0125825,43.5212,-2.98651,1.23722,-0.152994,0.01694,0,0,0.153073,0
8.21248e+07,0.871171,0.0896036,9.81842,0.520825,0.0366291,0.561735,0.0340082,5.07027,0.0565259,4.9737,0.0570532,0.0523244,0.0563427,0.037,0.0367564,-0.0148948,43.5153,-2.98931,1.23411,-0.22098,0.0245398,0,0,0.220923,0
8.21448e+07,0.868776,0.116096,9.93005,0.667289,-0.00917232,0.562274,-0.0100374,4.99971,-0.218484,4.97468,-0.216645,-0.0851672,-0.0822349,0.037,0.036759,-0.0140075,43.5124,-2.99088,1.23337,-0.237984,0.0264656,0,0,0.237989,0
8.22248e+07,0.81148,0.0727447,9.90629,0.419327,0.00625193,0.554769,0.008248,4.68284,0.239422,4.97628,0.235871,0.113435,0.113685,0.037,0.0367683,-0.0128384,43.5271,-3,1.23086,-0.306048,0.0341182,0,0,0.305928,0
8.22458e+07,0.854448,0.120913,9.87784,0.698704,-0.0549029,0.558381,-0.0511334,4.9435,0.0253353,4.9775,0.0259072,-0.0241292,-0.0266943,0.037,0.0367669,-0.0132442,43.4976,-3,1.23034,-0.323068,0.0360228,0,0,0.323006,0
8.2326e+07,0.871177,0.0703363,9.90861,0.571361,-0.0394611,0.547539,-0.00808016,4.82894,0.0714922,4.98001,-0.110075,-0.0855356,0.0489266,0.039,0.0387877,-0.00685892,43.5153,-3,1.22869,-0.391258,0.0435472,0,0,0.391328,0
8.23468e+07,0.864006,0.0968289,9.9229,0.556974,-0.115713,0.544611,-0.0840767,4.97607,0.0256612,4.97922,0.00893939,-0.0550743,0.0226131,0.037,0.0380711,-0.00935343,43.5006,-3,1.22836,-0.408279,0.0454097,0,0,0.40827,0
8.23668e+07,0.856842,0.0992373,9.86831,0.573997,-0.161015,0.543294,-0.173532,4.96216,-0.0812871,4.98049,-0.0334959,0.0215914,-0.0992135,0.037,0.0369072,-0.0129729,43.5153,-3,1.22797,-0.425307,0.0472707,0,0,0.42528,0
8.23868e+07,0.866389,0.113688,9.8517,0.658617,0.0223702,0.544399,0.0658597,5.02551,-0.0507696,4.98315,-0.0188042,-0.0394902,-0.0241771,0.037,0.0367783,-0.0138345,43.5124,-3,1.22771,-0.442338,0.0491297,0,0,0.442332,0
8.24068e+07,0.861628,0.0607027,9.89198,0.350268,0.037438,0.545179,0.127665,4.97802,0.0255499,4.98723,-0.107272,0.113364,-0.180616,0.037,0.0367629,-0.0140012,43.4888,-3,1.22743,-0.459381,0.0509971,0,0,0.459374,0
8.24268e+07,0.895051,0.0847868,9.89674,0.488854,-0.0388521,0.542898,0.0204716,5.16753,0.0866868,4.98471,0.115214,0.0522569,-0.0352485,0.035,0.0349474,-0.0192534,43.5447,-3,1.22725,-0.476428,0.052852,0,0,0.476453,0
8.24478e+07,0.854457,0.0871952,9.8944,0.503038,-0.00836992,0.543045,-0.00834273,4.93549,0.0256259,4.9885,0.0247445,-0.0393109,-0.0386217,0.035,0.0347441,-0.0193727,43.5124,-3,1.22705,-0.496895,0.0550835,0,0,0.493486,0
8.24678e+07,0.852078,0.0558858,9.87299,0.323117,-0.038761,0.540816,0.0349823,4.93255,0.0104027,4.98863,-0.123579,-0.00874162,0.0231572,0.038,0.0347326,-0.0192588,43.5182,-3,1.22696,-0.510541,0.0565647,0,0,0.510556,0
8.24878e+07,0.821032,0.0703363,9.87541,0.406672,-0.0691403,0.53538,-0.0703105,4.75246,-0.157614,4.98339,-0.152682,-0.0392168,-0.036473,0.038,0.0375737,-0.0104261,43.5182,-3,1.22684,-0.530996,0.0587733,0,0,0.527563,0
8.25078e+07,0.828187,0.101646,9.92057,0.584995,0.0684917,0.537881,0.0652548,4.77184,0.0106614,4.98221,0.00919169,-0.0545956,-0.0524051,0.038,0.0377637,-0.00972012,43.5241,-3,1.22683,-0.548035,0.0606082,0,0,0.544745,0
8.25278e+07,0.859229,0.101646,9.92291,0.584703,-0.0994645,0.54052,-0.03785,4.94866,-0.019733,4.98342,-0.0797191,-0.0698032,0.01711,0.037,0.0377818,-0.0100923,43.5418,-3,1.22682,-0.561665,0.0620826,0,0,0.561714,0
8.25478e+07,0.873553,0.111279,9.89205,0.642016,0.0228751,0.536641,0.0216667,5.0463,0.102227,4.98612,0.101641,-0.0696223,-0.0635545,0.037,0.0368392,-0.0126249,43.4829,-3,1.2268,-0.582113,0.0642906,0,0,0.578643,0
8.25678e+07,0.854462,0.0703363,9.94186,0.403859,-0.0231886,0.53414,-0.0231156,4.91214,0.0107038,4.98339,0.00698356,-0.160972,-0.155298,0.037,0.0367762,-0.0127399,43.5006,-3,1.22679,-0.599157,0.066129,0,0,0.595776,0
8.25878e+07,0.844916,0.0486606,9.88485,0.281025,-0.0381312,0.533049,-0.130089,4.88547,-0.111488,4.98601,-0.0346142,0.0681419,-0.0175331,0.037,0.036771,-0.0126837,43.4888,-3,1.22688,-0.612787,0.0675929,0,0,0.612769,0
8.26078e+07,0.842511,0.113688,9.8541,0.658596,-0.0683916,0.533934,-0.0668966,4.8865,-0.0503402,4.98082,-0.0522973,0.05281,0.0525132,0.037,0.0367707,-0.0126979,43.5094,-3,1.22708,-0.63323,0.069774,0,0,0.629851,0
8.26278e+07,0.79953,0.111279,9.89924,0.641956,0.00802219,0.539936,0.00860945,4.61728,0.0107465,4.97172,0.0127097,-0.00845766,-0.00633175,0.037,0.0367706,-0.012635,43.5212,-3,1.2273,-0.650245,0.0716102,0,0,0.646853,0
8.26488e+07,0.856834,0.128138,9.89684,0.739025,-0.00728953,0.545491,-0.00527672,4.94772,0.132682,4.96901,0.130677,-0.00847268,-0.00457275,0.036,0.0364057,-0.0138433,43.4859,-3,1.22753,-0.667239,0.0734645,0,0,0.66377,0
8.26688e+07,0.87595,0.07997,9.85639,0.463035,-0.0531719,0.546791,-0.0497018,5.07844,0.0560365,4.98022,0.0562759,-0.0849819,-0.0858662,0.036,0.0358222,-0.0158798,43.4976,-3,1.22781,-0.684252,0.0753349,0,0,0.680739,0
8.26888e+07,0.849683,0.0823784,9.93951,0.473129,0.0386925,0.548444,0.0360422,4.88591,-0.0506914,4.97897,-0.052405,-0.0238665,-0.023779,0.036,0.0357576,-0.0159255,43.4888,-3,1.22811,-0.70128,0.0772115,0,0,0.697924,0
8.27088e+07,0.821023,0.104054,9.89921,0.600174,0.0235637,0.541213,0.0214909,4.7409,0.0105677,4.97742,0.00878283,-0.0237713,-0.0236225,0.038,0.0364822,-0.0135155,43.4918,-3,1.22841,-0.718307,0.079071,0,0,0.714971,0
8.27288e+07,0.875942,0.108871,9.91104,0.626915,-0.0376233,0.540567,-0.0373127,5.0504,0.117469,4.97719,0.113678,0.00705326,0.00518402,0.038,0.0376491,-0.00933237,43.5476,-3,1.22871,-0.735322,0.0809208,0,0,0.73193,0
8.27488e+07,0.87834,0.0703363,9.9276,0.40435,-0.174853,0.5424,-0.171607,5.05593,-0.172686,4.9778,-0.168912,-0.099772,-0.0923143,0.038,0.0377782,-0.00859905,43.5535,-3,1.22908,-0.752338,0.0827833,0,0,0.748908,0
8.29488e+07,0.861629,0.0582943,9.8991,0.336131,0.0856011,0.530668,0.0832455,4.97447,-0.0808895,4.97545,-0.0793932,-0.0990981,-0.0956195,0.037,0.0367711,-0.0126379,43.5359,-3,1.23497,-0.922555,0.101279,0,0,0.919147,0
8.29688e+07,0.856844,0.092012,9.91103,0.529931,0.0397141,0.529399,0.0373916,4.94093,0.14827,4.97625,0.142772,-0.00761151,-0.00229692,0.037,0.0367705,-0.0126013,43.5212,-3,1.23582,-0.939568,0.103092,0,0,0.936218,0
8.29888e+07,0.856854,0.0558858,9.87061,0.323181,0.131293,0.527877,0.128089,4.96125,0.0107737,4.98064,0.009333,-0.0381154,-0.0386847,0.037,0.036771,-0.0126689,43.4859,-3,1.23665,-0.956593,0.104904,0,0,0.953156,0
8.30088e+07,0.871165,0.111279,9.90155,0.641418,0.0243373,0.530255,0.0228795,5.02777,0.117784,4.98223,0.114563,0.0076921,0.00815314,0.037,0.0367706,-0.0125558,43.5182,-3,1.23753,-0.973625,0.106714,0,0,0.970267,0
8.30288e+07,0.818648,0.0582943,9.85165,0.337862,0.03958,0.52668,0.0410329,4.75014,0.0109437,4.97479,0.0114582,-0.0991478,-0.0956347,0.037,0.0367711,-0.0127038,43.5035,-3,1.23841,-0.990649,0.10852,0,0,0.987258,0
8.30488e+07,0.878325,0.12573,9.92056,0.72328,-0.0064528,0.534324,-0.00470628,5.05913,0.0721512,4.97858,0.0695513,-0.175405,-0.167663,0.037,0.0367674,-0.0130737,43.5035,-3,1.23932,-1.00767,0.110335,0,0,1.00431,0
8.30688e+07,0.840132,0.07997,9.80656,0.465517,-0.0675447,0.536819,-0.0657547,4.89644,0.0415363,4.97991,0.040372,0.0387064,0.0319102,0.037,0.0367679,-0.0132492,43.5212,-3,1.24025,-1.02469,0.112173,0,0,1.02126,0
8.31488e+07,0.885494,0.106463,9.87304,0.615336,0.130886,0.54298,0.128258,5.12474,0.0721595,4.98407,0.0713126,0.115613,0.112799,0.037,0.0367623,-0.0139552,43.4888,-3,1.2444,-1.09279,0.119568,0,0,1.08932,0
8.31688e+07,0.849684,0.0775616,9.8849,0.447909,0.00837207,0.546797,0.00983095,4.91279,0.0417762,4.98554,0.0411759,0.115615,0.113246,0.037,0.0367614,-0.0139209,43.4976,-3,1.24557,-1.10983,0.121437,0,0,1.10648,0
8.32488e+07,0.871172,0.0871952,9.90151,0.502607,0.100049,0.530109,0.0974169,5.02796,-0.111244,4.98733,-0.110086,-0.0366743,-0.0432841,0.038,0.0377793,-0.010665,43.5124,-2.99207,1.24259,-0.0545782,0.00587408,0,0,0.0511859,0
8.32688e+07,0.825798,0.104054,9.9182,0.599009,-0.00698864,0.526448,-0.00841324,4.75926,-0.00428343,4.98397,-0.00314142,-0.128253,-0.125131,0.037,0.036872,-0.013482,43.5124,-2.99032,1.24145,-0.0716239,0.00767266,0,0,0.0682481,0
8.33488e+07,0.85684,0.106463,9.92292,0.612421,0.00822246,0.527489,0.00671437,4.93494,-0.0806007,4.98707,-0.080823,0.131193,0.124415,0.037,0.0367627,-0.013676,43.5006,-2.98666,1.23746,-0.139783,0.0148542,0,0,0.136344,0
8.33688e+07,0.875954,0.0631111,9.85636,0.365424,-0.00711405,0.528661,-0.00824493,5.07855,-0.0500739,4.98555,-0.0488991,-0.082718,-0.0777614,0.037,0.0367628,-0.0138216,43.5329,-2.9866,1.23653,-0.15683,0.0166703,0,0,0.153419,0
8.33888e+07,0.887887,0.0871952,9.92524,0.50134,-0.0375953,0.52376,-0.0378845,5.11173,-0.0347774,4.9885,-0.0347829,0.0547485,0.053269,0.038,0.0376721,-0.0103692,43.4888,-2.98688,1.23566,-0.173879,0.0184711,0,0,0.170478,0
8.34088e+07,0.875951,0.0751532,9.88012,0.434109,0.11519,0.530224,0.112846,5.06633,-0.0347238,4.98594,-0.0344354,-0.250692,-0.23618,0.038,0.0377719,-0.0102171,43.5094,-2.98753,1.23477,-0.190929,0.0202831,0,0,0.187538,0
8.34288e+07,0.849678,0.0992373,9.82557,0.57651,0.023578,0.535006,0.0247142,4.94217,0.0414093,4.982,0.0425967,-0.0365357,-0.0379948,0.038,0.0377834,-0.0100666,43.5065,-2.98852,1.23389,-0.207964,0.022107,0,0,0.204487,0
8.34488e+07,0.899831,0.0679279,9.83498,0.394076,-0.0220858,0.532286,-0.0212274,5.22748,0.0564868,4.98789,0.0558995,-0.0365852,-0.0315763,0.037,0.0368777,-0.0128336,43.5065,-2.98982,1.23313,-0.225008,0.023937,0,0,0.221531,0
8.34688e+07,0.847296,0.07997,9.8849,0.461826,-0.0678356,0.530347,-0.0683573,4.89904,-0.00466084,4.98774,-0.00723282,-0.0515722,-0.0528676,0.037,0.0367796,-0.0128492,43.4741,-2.9915,1.23231,-0.242062,0.0257573,0,0,0.238623,0
8.35488e+07,0.897429,0.120913,9.93478,0.694467,0.0238369,0.532726,0.0224622,5.16125,-0.00524235,4.99789,-0.00488725,-0.157755,-0.157699,0.037,0.0367693,-0.0124503,43.4947,-3,1.22952,-0.310265,0.0330116,0,0,0.306756,0
8.35688e+07,0.840126,0.101646,9.91818,0.585076,0.0848956,0.536767,0.0839815,4.84147,-0.203792,4.99417,-0.199952,-0.00486851,-0.00293946,0.037,0.0367737,-0.0117271,43.5329,-3,1.22894,-0.327345,0.0348417,0,0,0.323903,0
8.35888e+07,0.880717,0.111279,9.93953,0.638933,-0.0526894,0.53517,-0.0514865,5.06329,-0.0204675,4.997,-0.0190262,-0.0203112,-0.020186,0.037,0.0367757,-0.0116182,43.5182,-3,1.22847,-0.344424,0.0366758,0,0,0.341049,0
8.36088e+07,0.847299,0.0679279,9.94186,0.390054,0.0236617,0.539537,0.0230911,4.87117,-0.020288,4.99405,-0.0223115,0.0255712,0.0253207,0.037,0.0367794,-0.0109771,43.5153,-3,1.22798,-0.361502,0.0385213,0,0,0.358149,0
8.36288e+07,0.837748,0.0655195,9.83028,0.380496,0.0693932,0.537115,0.0676586,4.87094,-0.0507169,4.99008,-0.0498749,0.0411021,0.0367184,0.037,0.0367809,-0.0112366,43.5271,-3,1.22747,-0.378568,0.0403644,0,0,0.375193,0
8.36488e+07,0.852075,0.0679279,9.92287,0.390779,-0.00728106,0.534046,-0.00407102,4.90782,0.224063,4.99152,0.218816,0.05651,0.0543509,0.037,0.0367798,-0.0111748,43.5035,-3,1.22703,-0.39563,0.0421951,0,0,0.392207,0
8.36688e+07,0.864016,0.0607027,9.8896,0.350344,0.0539509,0.529512,0.0521876,4.99294,0.16255,4.99364,0.163377,-0.0200883,-0.0178416,0.037,0.0367802,-0.0112307,43.5271,-3,1.22671,-0.412699,0.044012,0,0,0.409131,0
8.36888e+07,0.871163,0.118505,9.9348,0.680793,-0.220769,0.53786,-0.217246,5.01098,-0.020817,4.9965,-0.0210943,0.041085,0.0393618,0.038,0.0376874,-0.00816697,43.5153,-3,1.22637,-0.429778,0.0458475,0,0,0.426304,0
8.37088e+07,0.852067,0.0944205,9.90154,0.544341,-0.00691545,0.535204,-0.0051856,4.91819,-0.0819001,4.99741,-0.0798495,0.0412991,0.0369392,0.038,0.0377841,-0.00845443,43.4888,-3,1.22602,-0.446866,0.0476848,0,0,0.443444,0
8.37288e+07,0.87594,0.113688,9.89205,0.655896,-0.0375197,0.532442,-0.0369376,5.06,0.0403323,4.99355,0.0394283,0.0565233,0.057068,0.038,0.0377926,-0.00876927,43.5035,-3,1.22577,-0.463942,0.0495076,0,0,0.46056,0
8.37488e+07,0.866392,0.104054,9.8778,0.601231,-0.0374551,0.528494,-0.0365908,5.01236,-0.0971725,4.99489,-0.0948276,0.0717233,0.0683396,0.037,0.0368842,-0.0118605,43.5065,-3,1.22557,-0.481017,0.0513196,0,0,0.477567,0
8.37688e+07,0.868773,0.128138,9.85884,0.741774,0.0388473,0.528105,0.037684,5.03554,0.116749,4.99712,0.111283,0.0105513,0.0110309,0.037,0.0367845,-0.0122931,43.5124,-3,1.2254,-0.498096,0.0531223,0,0,0.494741,0
8.37888e+07,0.844906,0.0847868,9.86117,0.490822,0.145697,0.524091,0.143656,4.89697,0.0862241,4.99549,0.0816067,0.0104601,0.0157115,0.037,0.0367734,-0.0124043,43.5418,-3,1.22528,-0.515177,0.0549213,0,0,0.511764,0
8.38688e+07,0.866388,0.118505,9.86595,0.685535,-0.0373495,0.518478,-0.0385311,5.01825,-0.127479,4.97532,-0.12514,0.086862,0.0807198,0.037,0.0367768,-0.0119698,43.5212,-3,1.22504,-0.583361,0.0620048,0,0,0.579937,0
8.38888e+07,0.854467,0.051069,9.8706,0.295333,-0.113438,0.516652,-0.112276,4.94752,0.0712471,4.9742,0.0694679,-0.00495398,0.00296482,0.037,0.0367777,-0.0116131,43.5094,-3,1.22511,-0.600369,0.063784,0,0,0.597056,0
8.39688e+07,0.85684,0.106463,9.89918,0.613879,-0.0217801,0.512565,-0.0217695,4.94671,0.0407102,4.97599,0.0409997,-0.0810661,-0.0837121,0.037,0.0367802,-0.0110927,43.5182,-3,1.2255,-0.66841,0.0707813,0,0,0.664918,0
8.39888e+07,0.859238,0.0679279,9.91099,0.39122,0.00870728,0.503121,0.00556459,4.95478,-0.0509336,4.97115,-0.0511996,-0.0811327,-0.0782733,0.038,0.0376299,-0.00782593,43.5065,-3,1.22572,-0.685413,0.0725162,0,0,0.681999,0
8.40088e+07,0.840119,0.12573,9.86361,0.727666,0.0240861,0.508374,0.0209205,4.86794,0.0715532,4.96436,0.0692129,-0.17257,-0.170003,0.038,0.0377841,-0.00780191,43.5035,-3,1.2259,-0.702397,0.0742511,0,0,0.699124,0
8.40288e+07,0.849684,0.07997,9.89915,0.461157,0.00874722,0.504612,0.0090026,4.90574,-0.020165,4.96758,-0.0196051,0.0717226,0.0729626,0.038,0.0377989,-0.0079206,43.5153,-3,1.22622,-0.719381,0.0759811,0,0,0.715944,0
8.40488e+07,0.875948,0.0871952,9.86827,0.504265,0.00882232,0.507109,0.00677156,5.07232,-0.0200233,4.96775,-0.0197747,0.0411338,0.0389542,0.036,0.0361092,-0.013237,43.5035,-3,1.22653,-0.736363,0.0777159,0,0,0.733016,0
8.40688e+07,0.866389,0.113688,9.94429,0.652532,-0.174444,0.508348,-0.170331,4.97895,-0.187858,4.9727,-0.186629,0.0257511,0.0264872,0.036,0.0358021,-0.0137563,43.5124,-3,1.2269,-0.753355,0.0794522,0,0,0.749991,0
8.41688e+07,0.866395,0.092012,9.93476,0.528631,0.0395932,0.509177,0.0406971,4.98385,-0.0808702,4.96925,-0.0768294,0.0256652,0.0269284,0.038,0.0376293,-0.00815018,43.53,-3,1.22914,-0.838329,0.0880085,0,0,0.83498,0
8.41888e+07,0.830579,0.0871952,9.91579,0.502063,-0.113224,0.512966,-0.109987,4.78792,0.010556,4.97012,0.0105956,0.0408909,0.0387745,0.038,0.0377836,-0.00773671,43.5124,-3,1.2297,-0.855324,0.0897599,0,0,0.851863,0
8.42688e+07,0.847284,0.120913,9.89446,0.697582,-0.0671026,0.519876,-0.0668036,4.89406,0.0254991,4.98106,0.0234316,-0.0200516,-0.018021,0.036,0.0357727,-0.0133142,43.5271,-3,1.23218,-0.923422,0.0968375,0,0,0.919976,0
8.42888e+07,0.878324,0.128138,9.85646,0.741888,-0.0518602,0.526609,-0.0518326,5.09184,-0.0966432,4.98166,-0.0928577,0.040841,0.0435575,0.038,0.0374629,-0.00791285,43.5212,-3,1.23296,-0.940451,0.0986295,0,0,0.937044,0
8.43688e+07,0.859229,0.101646,9.85643,0.588617,-0.143175,0.53335,-0.141363,4.98187,-0.0502045,4.97531,-0.0502273,0.0716357,0.0630319,0.037,0.0368066,-0.0102694,43.5094,-3,1.23613,-1.00849,0.105889,0,0,1.00513,0
8.43898e+07,0.840111,0.154631,9.8874,0.892769,-0.036245,0.540166,-0.0344659,4.85604,-0.0653443,4.9755,-0.0647297,-0.0047667,-0.00283841,0.037,0.0367894,-0.0102007,43.5271,-3,1.23702,-1.02551,0.107722,0,0,1.02215,0
8.44698e+07,0.856845,0.0871952,9.84217,0.505677,-0.0211644,0.54573,-0.0199901,4.97535,0.13309,4.9786,0.128406,-0.0967442,-0.0938853,0.037,0.0369541,-0.010868,43.4829,-3,1.24105,-1.09358,0.115093,0,0,1.09025,0
8.44898e+07,0.861621,0.0847868,9.90389,0.488649,-0.0515655,0.54398,-0.051832,4.97193,0.0261879,4.97217,0.0247523,0.0865312,0.0836228,0.037,0.0367986,-0.0112511,43.5212,-3,1.24214,-1.11058,0.116959,0,0,1.10717,0
8.45098e+07,0.840127,0.0968289,9.87069,0.560014,0.1317,0.54343,0.128796,4.86468,0.0108283,4.97069,0.00911595,0.132341,0.124718,0.037,0.0367807,-0.0116698,43.4918,-2.99939,1.24278,-0.00343121,0.000351045,0,0,1.12415,0
8.45298e+07,0.837738,0.104054,9.88495,0.600949,-0.0211071,0.547312,-0.0225323,4.84391,0.0111392,4.96561,0.00961957,-0.066124,-0.0652819,0.037,0.0367775,-0.0117665,43.5241,-2.99661,1.24152,-0.0204187,0.00222164,0,0,0.0171318,0
8.45498e+07,0.849681,0.0896036,9.85405,0.519055,0.0855547,0.544172,0.0838539,4.92803,-0.0804591,4.96575,-0.0798558,-0.0048157,-0.00612291,0.037,0.0367795,-0.0113946,43.5329,-2.99418,1.24029,-0.0373947,0.00408687,0,0,0.0340009,0
8.45908e+07,0.830574,0.104054,9.95381,0.596857,0.00934553,0.54502,-0.0650316,4.76961,-0.0345612,4.95546,0.0576749,0.0411136,-0.0637332,0.037,0.0367806,-0.0113544,43.5124,-2.99032,1.23801,-0.0713133,0.00782369,0,0,0.067952,0
8.46108e+07,0.854454,0.0968289,9.88017,0.559411,-0.082112,0.55065,-0.00669015,4.9425,0.0416689,4.95307,0.130447,-0.0352036,0.0780917,0.037,0.0367827,-0.0113381,43.5124,-2.98889,1.23694,-0.0882511,0.00969725,0,0,0.084848,0
8.46308e+07,0.832976,0.0534774,9.93711,0.307262,-0.00571656,0.548207,-0.0495033,4.79154,-0.0652089,4.95305,-0.0525261,-0.0807303,-0.151547,0.037,0.0367812,-0.0113292,43.5212,-2.98784,1.23584,-0.105187,0.011572,0,0,0.101746,0
8.46508e+07,0.885494,0.106463,9.90153,0.613579,0.0400347,0.537097,0.0533014,5.11007,-0.0344751,4.95446,-0.169624,-0.065116,-0.0712029,0.037,0.0367823,-0.0111059,43.5359,-2.98712,1.23476,-0.122119,0.0134241,0,0,0.118768,0
8.46708e+07,0.844893,0.132955,9.86599,0.769261,-0.0514356,0.537636,0.0974703,4.89425,0.0724595,4.95517,0.0719126,-0.110853,-0.0641319,0.037,0.0367837,-0.0108322,43.5212,-2.98672,1.23379,-0.139061,0.0152628,0,0,0.135764,0
8.46908e+07,0.88789,0.0751532,9.85399,0.435204,0.0402508,0.539244,-0.035222,5.14856,-0.019165,4.95447,0.102423,-0.156651,0.0165481,0.037,0.0367837,-0.0112469,43.5212,-2.98665,1.23288,-0.155998,0.0171124,0,0,0.152611,0
8.47108e+07,0.875939,0.118505,9.90393,0.682869,0.0858059,0.539852,0.0726299,5.05393,-0.065073,4.96684,0.0726505,-0.0496306,0.0517001,0.037,0.0367792,-0.0117414,43.5271,-2.98694,1.23196,-0.172962,0.0189546,0,0,0.169521,0
8.47308e+07,0.830577,0.0944205,9.93955,0.542373,-0.0972183,0.534226,-0.0843178,4.77649,-0.0348036,4.97357,0.0715552,-0.0800155,-0.0230035,0.037,0.0367774,-0.0118499,43.5035,-2.98756,1.23109,-0.189957,0.0207982,0,0,0.186463,0
8.47508e+07,0.866393,0.0992373,9.89679,0.57231,0.0249903,0.531849,0.0662312,5.00283,0.026221,4.97127,-0.0167136,0.0267962,0.0261595,0.037,0.0367781,-0.0116618,43.5035,-2.98851,1.2303,-0.206951,0.0226243,0,0,0.203511,0
8.47708e+07,0.825808,0.0679279,9.90627,0.391517,0.040231,0.533091,0.0384847,4.76517,-0.126421,4.97229,-0.0478306,0.0725274,-0.0044965,0.037,0.036779,-0.0114602,43.5124,-2.98978,1.22956,-0.223951,0.0244454,0,0,0.220553,0
8.47908e+07,0.830571,0.113688,9.89922,0.655682,-0.0818475,0.532534,0.0673612,4.79572,-0.0194368,4.97477,-0.0160212,-0.0344131,-0.0278853,0.037,0.036779,-0.011756,43.5094,-2.9914,1.22885,-0.240948,0.0262659,0,0,0.237595,0
8.48108e+07,0.861608,0.132955,9.88972,0.767318,-0.0362316,0.532555,0.115648,4.97868,-0.0802329,4.97768,-0.0655683,0.011331,-0.107765,0.037,0.0367762,-0.0122043,43.4976,-2.99336,1.22818,-0.257958,0.0280884,0,0,0.254635,0
8.48308e+07,0.885496,0.0968289,9.88727,0.558859,0.146924,0.531606,0.0236813,5.11747,0.118451,4.97682,-0.0192583,0.0112249,-0.11712,0.038,0.0375223,-0.0100514,43.5153,-2.99565,1.22756,-0.274976,0.0299147,0,0,0.27166,0
8.48508e+07,0.842523,0.0703363,9.86352,0.407084,-0.0670247,0.533554,-0.0486112,4.88212,-0.0344987,4.97995,0.131791,0.0416414,-0.0305191,0.038,0.0377609,-0.00956252,43.5006,-2.99828,1.22697,-0.291993,0.031741,0,0,0.288534,0
8.48708e+07,0.866392,0.104054,9.90392,0.599658,0.0399787,0.535334,0.0849065,4.99922,-0.0190573,4.97932,0.115465,-0.111026,0.0395284,0.038,0.0377834,-0.00990885,43.5153,-3,1.22639,-0.309017,0.0335682,0,0,0.305669,0
8.48908e+07,0.892663,0.0847868,9.88487,0.489447,-0.082257,0.536043,-0.0814077,5.15997,-0.0494785,4.97635,-0.138535,-0.0652689,0.0403097,0.037,0.0370365,-0.012196,43.53,-3,1.22586,-0.326039,0.0354008,0,0,0.322604,0
8.49108e+07,0.828195,0.0727447,9.86591,0.420973,-0.112695,0.537242,-0.0205267,4.79832,-0.0340383,4.97808,-0.0793057,-0.0501316,0.112407,0.037,0.0367959,-0.0130408,43.5006,-3,1.22539,-0.343062,0.0372344,0,0,0.339736,0
8.50908e+07,0.895047,0.0992373,9.89439,0.572301,-0.00596547,0.529441,0.0260138,5.16865,0.0115099,4.96471,-0.0786226,0.132465,0.0254887,0.037,0.036776,-0.011909,43.5329,-3,1.22268,-0.496248,0.053581,0,0,0.492807,0
8.51118e+07,0.859229,0.101646,9.87068,0.587774,0.0396526,0.531425,0.0390662,4.97471,-0.0188265,4.96802,-0.0183005,0.0866346,0.0808891,0.037,0.0367744,-0.0124101,43.4918,-3,1.22255,-0.516633,0.055765,0,0,0.509933,0
8.51318e+07,0.849684,0.07997,9.90389,0.460937,0.0242271,0.540917,0.0239664,4.9034,0.0730102,4.96209,0.0714861,-0.157571,-0.151874,0.036,0.035929,-0.0146015,43.4859,-3,1.22239,-0.533605,0.0576087,0,0,0.526896,0
8.51518e+07,0.837744,0.0823784,9.87779,0.476113,-0.00655055,0.535739,-0.00335713,4.84753,-0.156228,4.96125,-0.151267,-0.172673,-0.163186,0.036,0.0357794,-0.014545,43.5388,-3,1.22229,-0.550566,0.0594475,0,0,0.543731,0
8.51718e+07,0.864009,0.0847868,9.85878,0.490858,-0.0522161,0.534542,-0.0530542,5.00834,0.118937,4.96962,0.11397,0.102424,0.0935343,0.036,0.0357654,-0.0142869,43.5212,-3,1.22225,-0.567551,0.0612748,0,0,0.56081,0
8.51919e+07,0.861615,0.108871,9.89206,0.628188,-0.00654745,0.533426,-0.00594887,4.97769,-0.156067,4.97173,-0.151721,0.0108263,0.0081023,0.037,0.036609,-0.0116623,43.5182,-3,1.22225,-0.584549,0.0631024,0,0,0.577742,0
8.52118e+07,0.828186,0.104054,9.89208,0.600567,-0.0525423,0.540794,-0.0513063,4.7855,-0.110179,4.96821,-0.107253,-0.0352378,-0.0351584,0.037,0.0367652,-0.0107508,43.5212,-3,1.22236,-0.60154,0.0649418,0,0,0.594767,0
8.52918e+07,0.83535,0.104054,9.92531,0.598534,0.0233911,0.538332,0.0225765,4.81062,-0.033695,4.97609,-0.0310507,0.0411093,0.0417779,0.037,0.0367795,-0.011332,43.5035,-3,1.22296,-0.669613,0.0723596,0,0,0.662833,0
8.53118e+07,0.840113,0.147406,9.89926,0.850048,-0.00734639,0.54439,-0.00705713,4.85032,0.0121558,4.9712,0.0110071,0.102051,0.0953389,0.037,0.0367797,-0.0112923,43.5594,-3,1.22325,-0.68662,0.0742078,0,0,0.679794,0
8.53918e+07,0.81625,0.092012,9.92294,0.529481,0.0685132,0.543794,0.0678986,4.7023,-0.00283289,4.96288,-0.00254569,-0.0207393,-0.0217864,0.036,0.0357965,-0.0134565,43.5359,-3,1.22472,-0.754584,0.0817314,0,0,0.747829,0
8.54118e+07,0.883114,0.0775616,9.94185,0.445232,-0.0230342,0.546701,-0.0235558,5.07599,-0.0487206,4.96514,-0.0464037,0.0249133,0.0236243,0.036,0.0357741,-0.0129342,43.5359,-3,1.22519,-0.771555,0.0835974,0,0,0.764753,0
8.55118e+07,0.866394,0.0968289,9.9229,0.556963,-0.069008,0.54989,-0.0692198,4.98975,-0.140704,4.97086,-0.136003,0.0863029,0.0794861,0.038,0.0377981,-0.00818788,43.5241,-3,1.2278,-0.856487,0.0930136,0,0,0.849639,0
8.55318e+07,0.82102,0.113688,9.94433,0.65278,-0.0079807,0.554591,-0.00944893,4.71942,0.164665,4.96856,0.161162,-0.0056814,0.00218313,0.038,0.0377982,-0.00796659,43.5241,-3,1.22853,-0.873482,0.094906,0,0,0.866659,0
8.55518e+07,0.844906,0.0871952,9.93952,0.500813,0.0837518,0.549198,0.0828371,4.85854,-0.0339537,4.97129,-0.0344755,-0.0821167,-0.0759351,0.036,0.0363005,-0.0126126,43.5447,-3,1.22923,-0.890477,0.0967933,0,0,0.883614,0
8.55718e+07,0.887896,0.0558858,9.8967,0.322247,-0.0995569,0.550508,-0.0989087,5.12656,-0.0190146,4.97521,-0.016951,0.0859185,0.0757442,0.036,0.0358215,-0.0141206,43.5065,-3,1.22996,-0.907479,0.0986773,0,0,0.900605,0
8.55918e+07,0.864001,0.113688,9.87544,0.65706,0.0834856,0.549107,0.0843241,4.99974,0.118673,4.97465,0.116344,-0.0209289,-0.0239896,0.036,0.0357721,-0.0138012,43.5212,-3,1.23069,-0.924488,0.100554,0,0,0.917758,0
8.56118e+07,0.866392,0.101646,9.8683,0.587877,-0.0997002,0.551425,-0.0976445,5.01718,-0.0644455,4.97202,-0.0635708,-0.00559056,-0.00164372,0.037,0.0365153,-0.011733,43.5006,-3,1.23147,-0.94149,0.10244,0,0,0.934716,0
8.56318e+07,0.878335,0.0896036,9.85877,0.518677,0.0379072,0.546017,0.0358894,5.09093,-0.0338981,4.97604,-0.0321193,-0.00538516,-0.00961319,0.037,0.0367552,-0.0108491,43.5212,-3,1.23225,-0.95849,0.104318,0,0,0.951713,0
8.57118e+07,0.844902,0.0992373,9.89206,0.572688,0.0537853,0.544177,0.0514457,4.88167,-0.00258565,4.97751,-0.00433209,0.0556941,0.0570576,0.037,0.0367801,-0.0113966,43.5153,-3,1.23595,-1.02656,0.111765,0,0,1.01979,0
8.57318e+07,0.878334,0.092012,9.91339,0.529706,-0.00748622,0.548851,-0.00429305,5.06302,0.0735655,4.9822,0.0724134,-0.00536537,-0.00536312,0.037,0.0367775,-0.0117158,43.5182,-3,1.23695,-1.04358,0.113632,0,0,1.03673,0
8.57518e+07,0.871169,0.0992373,9.87304,0.573651,0.0993407,0.547879,0.0984159,5.0423,-0.124897,4.98451,-0.123124,0.0402015,0.0394607,0.037,0.036777,-0.0117515,43.4682,-3,1.23807,-1.06061,0.115505,0,0,1.05379,0
8.57718e+07,0.852069,0.0896036,9.8588,0.518796,-0.0229863,0.54863,-0.0203527,4.93944,-0.124764,4.97359,-0.123845,-0.0208327,-0.0201049,0.037,0.0367781,-0.0116172,43.4859,-3,1.23913,-1.07763,0.117381,0,0,1.07086,0
8.57918e+07,0.847296,0.0775616,9.8754,0.448346,-0.00761533,0.546604,-0.00734892,4.90374,0.0278568,4.97474,0.0293155,0.177577,0.175242,0.037,0.0367773,-0.0117421,43.5124,-3,1.24031,-1.09464,0.119253,0,0,1.08787,0
8.58118e+07,0.821026,0.092012,9.92768,0.529209,-0.0535938,0.544891,-0.0506992,4.72744,-0.124963,4.97153,-0.1209,0.0250381,0.0170023,0.037,0.0367763,-0.0117976,43.4624,-3,1.24141,-1.11164,0.121124,0,0,1.10479,0
8.58318e+07,0.909377,0.0896036,9.90148,0.516312,-0.129776,0.547751,-0.128602,5.24725,0.0738752,4.97646,0.0723666,0.0705932,0.0711171,0.037,0.0367743,-0.0122515,43.5006,-2.9988,1.2417,-0.00670165,0.000744179,0,0,1.12194,0
8.58518e+07,0.854457,0.0871952,9.87066,0.504239,-0.00773072,0.552805,-0.00457573,4.9473,-0.0941758,4.98001,-0.0918482,-0.0208526,-0.0249957,0.038,0.0375219,-0.0100747,43.4918,-2.9961,1.24043,-0.0237292,0.00263646,0,0,0.0168884,0
8.58718e+07,0.871167,0.106463,9.91579,0.612782,0.0533202,0.556054,0.0521292,5.02063,-0.0175493,4.98066,-0.0172677,-0.0513768,-0.0473886,0.038,0.0377611,-0.00928363,43.5182,-2.99372,1.23925,-0.0407508,0.00453582,0,0,0.0340329,0
8.58918e+07,0.847282,0.128138,9.88973,0.739614,0.0379496,0.563001,0.0407937,4.89633,0.0281761,4.97817,0.0281701,-0.0819377,-0.0823184,0.038,0.0377868,-0.00940046,43.5006,-2.99168,1.23812,-0.0577732,0.00644545,0,0,0.0509469,0
8.59118e+07,0.847293,0.0896036,9.8493,0.519314,-0.114691,0.558326,-0.11238,4.9166,0.0740232,4.98334,0.0731694,-0.0513321,-0.0488181,0.037,0.0370394,-0.0119353,43.5388,-2.98998,1.23701,-0.0748064,0.00836999,0,0,0.0680075,0
8.59318e+07,0.82819,0.092012,9.88019,0.531703,0.114251,0.556492,0.111059,4.79131,-0.00248623,4.9774,-0.00189303,0.0401952,0.0414949,0.037,0.0367995,-0.0126061,43.5035,-2.98861,1.236,-0.091833,0.0102768,0,0,0.0849637,0
8.59518e+07,0.868792,0.0607027,9.86348,0.35125,0.0989543,0.556148,0.0977355,5.03362,-0.124894,4.97546,-0.122494,-0.0207657,-0.0214284,0.037,0.0367739,-0.0127306,43.5329,-2.98761,1.23494,-0.108837,0.0121889,0,0,0.10193,0
8.59718e+07,0.87594,0.113688,9.82083,0.660615,0.114448,0.558741,0.110057,5.09651,-0.155174,4.9723,-0.153951,-0.0514853,-0.0499534,0.037,0.0367717,-0.0127396,43.4976,-2.98692,1.23401,-0.125838,0.0140991,0,0,0.119102,0
8.59918e+07,0.864021,0.0438438,9.84922,0.254075,0.0686289,0.557593,0.0666105,5.01338,0.180982,4.97739,0.17626,-0.0513406,-0.0539085,0.037,0.0367705,-0.0127461,43.5624,-2.9866,1.23303,-0.142847,0.0160203,0,0,0.136145,0
8.60118e+07,0.864003,0.106463,9.91342,0.612966,-0.0381494,0.554986,-0.0393358,4.98074,-0.00228786,4.97847,-0.00401859,0.00966477,0.0134342,0.037,0.0367681,-0.0130732,43.5065,-2.9866,1.23217,-0.159866,0.0179188,0,0,0.153027,0
8.60318e+07,0.844906,0.0847868,9.89441,0.489185,-0.068934,0.550956,-0.0674259,4.8806,-0.0479703,4.97593,-0.0485196,0.0554278,0.0571212,0.037,0.0367682,-0.0129637,43.5153,-2.98694,1.23133,-0.176881,0.0198148,0,0,0.170121,0
8.6112e+07,0.883125,0.0390269,9.93466,0.224193,-0.0686991,0.538939,-0.0674963,5.07982,0.0132794,4.97522,0.0152314,0.0401903,0.0368952,0.037,0.0367706,-0.0126127,43.4947,-2.99172,1.22827,-0.244975,0.0273574,0,0,0.238192,0
8.61318e+07,0.8664,0.0727447,9.89912,0.419433,-0.0685834,0.537883,-0.0676917,5.00182,0.1354,4.97909,0.134225,-0.0206848,-0.0289485,0.037,0.0367707,-0.0125224,43.5153,-2.99379,1.22754,-0.261997,0.0292012,0,0,0.255171,0
8.61518e+07,0.878336,0.0871952,9.85165,0.505098,-0.0380681,0.539486,-0.0345763,5.09461,-0.0478349,4.98401,-0.0472312,0.0401616,0.0419844,0.037,0.0367709,-0.0127175,43.4888,-2.99615,1.22698,-0.279025,0.0310473,0,0,0.272174,0
8.61718e+07,0.821031,0.0727447,9.85167,0.421603,-0.068719,0.526317,-0.0646501,4.76385,0.120307,4.98029,0.115673,-0.188897,-0.178564,0.037,0.0367714,-0.0125393,43.5388,-2.99888,1.22636,-0.296062,0.0328668,0,0,0.289291,0
8.61918e+07,0.852069,0.0871952,9.85879,0.504852,-0.0228748,0.527665,-0.0220208,4.93946,0.0898044,4.9827,0.088036,-0.0208986,-0.0176549,0.037,0.0367733,-0.0123172,43.4947,-3,1.22582,-0.313095,0.0346698,0,0,0.306326,0
8.62118e+07,0.880731,0.0607027,9.89909,0.349959,0.0383584,0.523447,0.036878,5.08418,-0.0323377,4.98169,-0.0306141,-0.0361311,-0.033592,0.037,0.0367731,-0.0122511,43.5182,-3,1.22529,-0.330126,0.0364688,0,0,0.32333,0
8.62318e+07,0.854443,0.137772,9.81614,0.801079,0.0993228,0.525491,0.0986975,4.97427,-0.0323427,4.98718,-0.0294552,-0.051559,-0.0466339,0.037,0.0367709,-0.0128683,43.5271,-3,1.22485,-0.347173,0.038262,0,0,0.340369,0
8.62518e+07,0.842523,0.0703363,9.92288,0.404667,-0.099169,0.521653,-0.0988253,4.85306,-0.0170195,4.98598,-0.0156223,0.0706991,0.0639018,0.037,0.0367691,-0.0127129,43.48,-3,1.2244,-0.364222,0.0400591,0,0,0.357404,0
8.62718e+07,0.847291,0.0968289,9.90392,0.558114,-0.0229006,0.52528,-0.0214261,4.88957,0.0593598,4.98196,0.0590546,0.0248225,0.0275614,0.037,0.0367692,-0.0128361,43.5006,-3,1.224,-0.381259,0.0418499,0,0,0.374457,0
8.62918e+07,0.816252,0.0847868,9.90393,0.488836,-0.0687327,0.52236,-0.0660888,4.71133,0.12046,4.98257,0.116397,0.040161,0.0381635,0.037,0.0367679,-0.0130056,43.5212,-3,1.22361,-0.398305,0.0436421,0,0,0.391461,0
8.63118e+07,0.911769,0.0751532,9.87772,0.434073,-0.0381191,0.527259,-0.03807,5.27363,-0.00178027,4.9855,-0.0023347,0.0403668,0.0313928,0.037,0.036768,-0.0130125,43.4653,-3,1.22322,-0.41534,0.045441,0,0,0.408506,0
8.63318e+07,0.813865,0.0847868,9.89918,0.489078,-0.190858,0.527568,-0.183847,4.69985,0.0133238,4.98569,0.01302,-0.158231,-0.151996,0.038,0.0373676,-0.0108397,43.5153,-3,1.22292,-0.432395,0.0472487,0,0,0.425525,0
8.64318e+07,0.880726,0.0775616,9.86825,0.448536,-0.0230337,0.532235,-0.0219136,5.09989,0.0287757,4.99196,0.0275728,-0.0208235,-0.0236369,0.037,0.0367671,-0.0138859,43.5153,-3,1.22199,-0.51773,0.05632,0,0,0.510936,0
8.64518e+07,0.811481,0.0679279,9.92053,0.391004,-0.038282,0.532043,-0.0374392,4.67617,-0.0476511,4.989,-0.045883,-0.00558281,-0.00745328,0.037,0.0367627,-0.0135855,43.5124,-3,1.22192,-0.534799,0.0581432,0,0,0.527964,0
8.65318e+07,0.875946,0.092012,9.86353,0.532374,-0.00776958,0.520168,-0.00897235,5.07471,-0.0324874,4.99829,-0.0316623,-0.0659589,-0.0626684,0.038,0.0377374,-0.0104807,43.5065,-3,1.22176,-0.60309,0.0652982,0,0,0.596266,0
8.65518e+07,0.861616,0.104054,9.87306,0.601543,-0.114328,0.524456,-0.113454,4.98726,0.0745246,5.00188,0.073914,-0.0660367,-0.0627675,0.038,0.0377762,-0.0105086,43.5094,-3,1.22188,-0.620185,0.0670849,0,0,0.613403,0
8.65718e+07,0.897428,0.123321,9.87306,0.71269,-0.00720894,0.532347,-0.00806882,5.19332,-0.0323138,4.99401,-0.0317263,0.163149,0.155316,0.037,0.0371818,-0.0123607,43.5329,-3,1.22202,-0.637258,0.0688992,0,0,0.630428,0
8.65918e+07,0.864005,0.0992373,9.87067,0.573824,-0.0375192,0.532319,-0.0375478,5.00224,0.10533,4.99079,0.103806,-0.00507557,-0.0022591,0.037,0.0368076,-0.0136382,43.5182,-3,1.22223,-0.654325,0.0707195,0,0,0.647591,0
8.66118e+07,0.892659,0.0992373,9.84928,0.574913,0.0235651,0.536629,0.024125,5.17842,-0.0167654,4.99183,-0.0147206,0.0711951,0.0677932,0.037,0.0367676,-0.013749,43.4976,-3,1.22247,-0.671386,0.0725464,0,0,0.664594,0
8.66318e+07,0.868777,0.113688,9.86594,0.65766,-0.00685596,0.540995,-0.00916242,5.03205,0.0900619,4.99643,0.0891643,0.086483,0.0795994,0.036,0.0361641,-0.0154883,43.4829,-3,1.22271,-0.688463,0.0743917,0,0,0.681603,0
8.66518e+07,0.883114,0.0775616,9.90386,0.446927,-0.159293,0.540634,-0.155813,5.09536,0.135772,4.99827,0.130546,-0.0357436,-0.0330007,0.036,0.035791,-0.0164343,43.4712,-3,1.22299,-0.705544,0.0762438,0,0,0.698626,0
8.67318e+07,0.859224,0.118505,9.85409,0.686398,0.0393568,0.546821,0.0382317,4.98293,-0.0472257,4.99173,-0.0466106,-0.0660006,-0.0574936,0.038,0.0377699,-0.0109198,43.5124,-3,1.2244,-0.773883,0.083635,0,0,0.767059,0
8.67518e+07,0.854461,0.0727447,9.83265,0.422291,-0.036868,0.545646,0.0812518,4.96641,-0.031831,4.9888,-0.0928814,-0.0202647,0.0407786,0.037,0.0377767,-0.0109714,43.4976,-3,1.22479,-0.787533,0.0851346,0,0,0.784144,0
8.67718e+07,0.880725,0.07997,9.85876,0.462905,0.00886118,0.539663,0.00773652,5.10476,-0.0165708,4.99102,-0.0145969,-0.111933,-0.105664,0.037,0.0368312,-0.0138431,43.5065,-3,1.22538,-0.808002,0.0873641,0,0,0.801227,0
8.67918e+07,0.892653,0.120913,9.92054,0.695485,0.130854,0.549046,0.128759,5.14126,0.0749524,5.0032,0.0712111,-0.0508324,-0.048133,0.037,0.0367655,-0.0143454,43.4888,-3,1.22592,-0.825092,0.0892357,0,0,0.818164,0
8.68118e+07,0.875953,0.0679279,9.91097,0.391163,0.0241442,0.548374,-0.055128,5.05068,-0.00163388,5.00569,0.0724354,0.0255113,0.00771627,0.037,0.0367584,-0.0144426,43.5006,-3,1.22639,-0.838786,0.0907355,0,0,0.835331,0
8.68318e+07,0.875948,0.0847868,9.88014,0.489753,0.131223,0.541436,0.127986,5.06627,0.0292611,5.00239,0.0260344,-0.035708,-0.0343993,0.037,0.0367572,-0.014457,43.4859,-3,1.22715,-0.85932,0.0929714,0,0,0.852545,0
8.68518e+07,0.856826,0.154631,9.88264,0.893068,0.0854831,0.540178,0.0799394,4.95456,0.151428,4.99967,0.150248,0.162798,0.157744,0.037,0.0367566,-0.0145094,43.4976,-3,1.22783,-0.876415,0.0948141,0,0,0.869653,0
8.68718e+07,0.852075,0.0679279,9.91574,0.391058,0.0244147,0.537851,-0.00872967,4.91133,0.0900717,5.00042,0.133366,-0.0053637,-0.132621,0.037,0.0367566,-0.0143419,43.5182,-3,1.2284,-0.890095,0.0962875,0,0,0.886588,0
8.68918e+07,0.873553,0.113688,9.87069,0.657319,-0.0367272,0.539059,-0.0352584,5.05715,0.242652,4.99443,0.240841,-0.0205851,-0.021011,0.037,0.0367611,-0.0137966,43.4771,-3,1.22924,-0.910593,0.0984885,0,0,0.903737,0
8.69118e+07,0.885492,0.111279,9.86355,0.643788,0.0397797,0.538321,0.038593,5.12961,-0.231136,5.00176,-0.226929,-0.0663412,-0.0602125,0.037,0.0367614,-0.0138559,43.4888,-3,1.22997,-0.927679,0.100332,0,0,0.920618,0
8.69318e+07,0.852075,0.0679279,9.88963,0.392083,-0.036666,0.539314,0.0212797,4.92424,0.0134034,5.00286,0.0433573,0.0252949,0.0106972,0.038,0.0367587,-0.0144189,43.4976,-3,1.23061,-0.94136,0.101813,0,0,0.938048,0
8.69528e+07,0.875949,0.0823784,9.90388,0.47471,0.0549856,0.537942,0.0546588,5.0542,-0.0781066,4.99967,-0.0784113,-0.0052551,-0.00588663,0.038,0.0377042,-0.0115299,43.4918,-3,1.2316,-0.961877,0.104024,0,0,0.955033,0
8.69738e+07,0.830571,0.116096,9.85173,0.672775,0.0245976,0.535665,0.0222639,4.81871,-0.016763,4.99716,-0.0165089,-0.0357442,-0.0367113,0.038,0.0377671,-0.0114692,43.4682,-3,1.23245,-0.978971,0.10585,0,0,0.972258,0
8.69948e+07,0.847298,0.0727447,9.93,0.418208,0.0397837,0.534092,0.0227853,4.87694,0.0599828,4.99513,-0.124992,-0.0816427,0.0557071,0.037,0.0374066,-0.0128708,43.5212,-3,1.23338,-0.996057,0.107685,0,0,0.989273,0
8.70158e+07,0.856854,0.0558858,9.89198,0.322488,0.00918818,0.529668,0.0103245,4.95059,-0.0163853,4.98815,-0.0163905,0.0556244,0.0576179,0.037,0.0368016,-0.0144443,43.4947,-3,1.23455,-1.01653,0.109873,0,0,1.00637,0
8.70358e+07,0.880718,0.106463,9.97276,0.609257,-0.0520272,0.532488,-0.0499594,5.04655,0.16663,4.98668,0.166592,-0.0207384,-0.0221238,0.037,0.0367638,-0.0138424,43.5271,-3,1.23552,-1.03358,0.111691,0,0,1.02336,0
8.70558e+07,0.892663,0.0871952,9.892,0.50299,0.0856216,0.529482,0.082684,5.15626,-0.0624945,4.99112,-0.0598892,-0.0358862,-0.0371319,0.037,0.0367617,-0.0138942,43.5124,-3,1.2365,-1.05064,0.113511,0,0,1.04031,0
8.70758e+07,0.89027,0.104054,9.91814,0.598678,0.192479,0.528381,0.187779,5.12894,0.151496,4.99476,0.147638,-0.0815687,-0.0801427,0.037,0.0367616,-0.013723,43.5212,-3,1.23751,-1.06771,0.115324,0,0,1.05749,0
8.70958e+07,0.85446,0.0775616,9.87065,0.448532,0.0854747,0.528575,0.0840444,4.94737,0.0752258,4.99566,0.0722879,0.147325,0.147711,0.037,0.0367652,-0.0131723,43.5006,-3,1.23866,-1.08479,0.117135,0,0,1.07458,0
8.71358e+07,0.840132,0.07997,9.81131,0.465293,-0.0520637,0.534341,-0.0503013,4.89408,-0.138469,4.99343,-0.138054,0.147308,0.141473,0.036,0.0357951,-0.0160992,43.5006,-3,1.24094,-1.11895,0.120764,0,0,1.10875,0
8.71558e+07,0.823412,0.0992373,9.91107,0.571701,0.0855243,0.538924,0.0828801,4.74899,-0.000901937,4.9874,-0.00148398,0.0404104,0.0381517,0.036,0.0357551,-0.0159103,43.4829,-2.99825,1.24066,-0.0102177,0.00109112,0,0,1.1258,0
8.71758e+07,0.88789,0.0751532,9.87774,0.434167,-0.0673181,0.542265,-0.0667028,5.13625,0.121203,4.98448,0.11943,-0.00538146,-0.00887354,0.037,0.0363506,-0.0141296,43.5153,-2.9956,1.23944,-0.027254,0.0029442,0,0,0.0170429,0
8.71962e+07,0.873548,0.128138,9.89683,0.738918,0.00889635,0.550382,0.00976724,5.04375,0.197384,4.98582,0.194952,-0.142581,-0.142368,0.037,0.0367238,-0.0128868,43.4829,-2.99332,1.2382,-0.0442974,0.00481483,0,0,0.033987,0
8.72168e+07,0.86401,0.0823784,9.85165,0.477258,-0.00626016,0.547373,-0.00684846,5.01196,0.0141335,4.98743,0.0140946,-0.0203012,-0.0230716,0.037,0.0367655,-0.0126263,43.4712,-2.99135,1.23706,-0.0613459,0.00669566,0,0,0.0510999,0
8.72378e+07,0.866398,0.07997,9.88014,0.46197,-0.0976553,0.543099,-0.0970572,5.01134,-0.10795,4.9886,-0.105917,-0.0660949,-0.0631348,0.037,0.0367684,-0.0129142,43.4947,-2.98973,1.23596,-0.0784019,0.00856416,0,0,0.0681916,0
8.72588e+07,0.875941,0.111279,9.88968,0.642156,0.0245718,0.544922,0.12719,5.06123,0.0446041,4.988,0.120467,-0.0201229,-0.0790244,0.037,0.0367652,-0.0135873,43.4447,-2.98846,1.23488,-0.0954563,0.0104255,0,0,0.0852993,0
8.72798e+07,0.866396,0.0896036,9.92289,0.515406,0.00912118,0.54594,0.00885565,4.9898,0.0752528,4.98794,0.0743603,-0.0507232,-0.0499585,0.037,0.0367633,-0.0134677,43.4712,-2.98737,1.23368,-0.115926,0.0126683,0,0,0.102209,0
8.72998e+07,0.866394,0.0944205,9.88728,0.545052,-0.00595057,0.545309,-0.00801872,5.00765,-0.0320399,4.9894,-0.028258,0.0715191,0.0678947,0.037,0.0367635,-0.0135438,43.5094,-2.98684,1.23271,-0.132983,0.0145383,0,0,0.11931,0
8.73198e+07,0.85446,0.0775616,9.84453,0.449713,0.0247905,0.542258,0.0239031,4.96042,-0.139294,4.98724,-0.135734,-0.0658784,-0.0592379,0.037,0.0367652,-0.0133958,43.5006,-2.98666,1.23175,-0.150034,0.0163967,0,0,0.136272,0
8.73398e+07,0.899816,0.123321,9.83269,0.715575,0.0247037,0.551276,0.0252588,5.22832,-0.108777,4.98376,-0.107579,-0.0351909,-0.0319355,0.037,0.0367648,-0.0135793,43.5094,-2.98682,1.23083,-0.167068,0.0182724,0,0,0.153351,0
8.73598e+07,0.849682,0.0847868,9.87304,0.490216,-0.0210989,0.551091,-0.0202561,4.91863,0.135347,4.98275,0.134472,-0.0198565,-0.0198269,0.038,0.0375128,-0.0114294,43.4918,-2.98732,1.22997,-0.184104,0.0201607,0,0,0.17046,0
8.74398e+07,0.828193,0.07997,9.84931,0.463559,-0.00590885,0.547148,-0.00622453,4.80633,0.0591414,4.99499,0.0588588,0.0413088,0.0410705,0.038,0.0377788,-0.0109055,43.4771,-2.99269,1.22694,-0.25242,0.027702,0,0,0.238808,0
8.74598e+07,0.828185,0.106463,9.94669,0.611117,0.039709,0.548897,0.0388506,4.75934,0.120255,4.98909,0.117627,0.01089,0.00862244,0.038,0.0377793,-0.0104454,43.4918,-2.9949,1.22625,-0.269488,0.0295773,0,0,0.255803,0
8.75598e+07,0.856834,0.12573,9.91346,0.72393,0.146483,0.548649,0.142072,4.93948,0.0900109,4.99876,0.0862022,-0.00451946,-0.00372991,0.036,0.0358295,-0.0172366,43.4918,-3,1.22357,-0.354787,0.0389579,0,0,0.341091,0
8.75798e+07,0.873551,0.118505,9.87782,0.684675,0.0854152,0.554731,0.0841735,5.05348,-0.0322175,4.99987,-0.0308038,-0.0354632,-0.0249419,0.036,0.0357489,-0.0174574,43.5065,-3,1.22324,-0.37188,0.0408493,0,0,0.358243,0
8.75998e+07,0.847286,0.116096,9.90395,0.669158,-0.00632119,0.554855,-0.00833335,4.88943,0.0439298,5.00273,0.0453613,0.0865597,0.0820309,0.037,0.0363409,-0.0152135,43.4653,-3,1.2229,-0.388982,0.0427436,0,0,0.37531,0
8.76198e+07,0.842525,0.0607027,9.91099,0.349659,0.0394448,0.554941,0.0359975,4.85889,0.120029,5.00255,0.118861,0.132235,0.126625,0.037,0.0367129,-0.0143821,43.5006,-3,1.22259,-0.406086,0.0446496,0,0,0.39231,0
8.76398e+07,0.842507,0.12573,9.88023,0.726436,0.0852352,0.555945,0.0831621,4.87354,0.0739925,4.99438,0.0748196,0.0254346,0.0204802,0.037,0.0367549,-0.01397,43.5153,-3,1.22224,-0.423171,0.0465514,0,0,0.409406,0
8.76598e+07,0.883117,0.0679279,9.8801,0.392351,-0.0675572,0.556573,-0.0658007,5.10759,0.165617,4.99984,0.162963,-0.0356991,-0.0366999,0.038,0.037357,-0.0124526,43.4712,-3,1.22197,-0.440253,0.0484585,0,0,0.426542,0
8.76798e+07,0.871164,0.116096,9.88731,0.670136,0.100554,0.558256,0.0990518,5.03494,0.058769,5.00121,0.0552765,-0.0966008,-0.0924935,0.038,0.0377285,-0.0116343,43.4712,-3,1.22167,-0.457351,0.050366,0,0,0.443638,0
8.77598e+07,0.861617,0.101646,9.92054,0.58483,0.252722,0.564503,0.247977,4.96353,0.0139251,4.98981,0.0130489,-0.035187,-0.0305383,0.037,0.036761,-0.0145618,43.5065,-3,1.22103,-0.525673,0.0580487,0,0,0.512185,0
8.77798e+07,0.856836,0.120913,9.88258,0.698357,0.237275,0.569109,0.234548,4.95487,0.136238,4.98359,0.135611,-0.0807991,-0.0790676,0.038,0.0373573,-0.0124968,43.5094,-3,1.22093,-0.542721,0.0599946,0,0,0.52913,0
8.77998e+07,0.892648,0.14018,9.85409,0.811688,-0.114098,0.577231,-0.106234,5.17558,0.0904169,4.98418,0.09183,0.0566964,0.0537675,0.038,0.037731,-0.0113608,43.5065,-3,1.22093,-0.559759,0.061957,0,0,0.546161,0
8.78198e+07,0.832985,0.022168,9.89669,0.127887,-0.8621,0.56752,-0.851788,4.81112,-0.367764,4.98799,-0.363137,0.0870165,0.089365,0.038,0.037771,-0.0110939,43.4565,-3,1.22102,-0.576808,0.0639071,0,0,0.563237,0
8.78398e+07,0.8115,0.000492326,9.8112,0.00286532,-0.678549,0.555497,-0.678455,4.72826,-0.215282,4.98801,-0.221699,0.056403,0.0556639,0.038,0.0377774,-0.0109147,43.4976,-3,1.22111,-0.593859,0.0658162,0,0,0.58016,0
8.78598e+07,0.811495,0.0197596,9.6949,0.11637,-0.204861,0.55738,-0.21614,4.78468,0.0290484,4.99269,0.0174589,-0.0967257,-0.0883742,0.038,0.0377799,-0.0110967,43.4476,-3,1.22131,-0.610927,0.0677335,0,0,0.597072,0
8.78798e+07,0.83536,0.0655195,9.88726,0.378326,0.558647,0.557254,0.536067,4.82926,0.31929,4.9925,0.303417,-0.0658661,-0.0665554,0.038,0.0377802,-0.0105097,43.4918,-3,1.22138,-0.628008,0.0696608,0,0,0.614275,0
8.78998e+07,0.87595,0.0775616,9.85876,0.448984,0.451498,0.554447,0.442236,5.07724,0.150955,4.99589,0.151078,0.0257317,0.0238448,0.037,0.0371837,-0.0121562,43.4624,-3,1.22159,-0.645089,0.071578,0,0,0.631437,0
8.79198e+07,0.868771,0.135363,9.93721,0.777463,-0.0531832,0.5613,-0.0432717,4.99598,0.318888,4.99766,0.319099,0.117293,0.11156,0.037,0.0368094,-0.0131757,43.4829,-3,1.22184,-0.662174,0.0734939,0,0,0.648554,0
8.79398e+07,0.880695,0.188349,9.92303,1.08314,-0.251787,0.574865,-0.239687,5.07095,-0.322472,5.00025,-0.318872,-0.0351759,-0.0445744,0.037,0.0367708,-0.0128109,43.4976,-3,1.22202,-0.679269,0.075424,0,0,0.665503,0
8.79598e+07,0.864015,0.0631111,9.87774,0.364678,-0.51125,0.571805,-0.505176,4.99889,-0.124505,5.00528,-0.119021,-0.202913,-0.196683,0.037,0.0367674,-0.01277,43.5094,-3,1.22224,-0.696369,0.0773798,0,0,0.682843,0
8.79798e+07,0.861614,0.111279,9.82796,0.646239,-0.435056,0.571673,-0.431297,5.00997,0.120096,5.00609,0.118312,0.026246,0.0247763,0.037,0.0367687,-0.0126095,43.4976,-3,1.22258,-0.71348,0.0793219,0,0,0.699617,0
8.79998e+07,0.842523,0.0679279,9.89201,0.392022,-0.114269,0.568134,-0.1171,4.86814,-0.291841,5.00883,-0.294088,-0.00411296,-0.0034866,0.037,0.03677,-0.0123001,43.48,-3,1.22291,-0.73061,0.0812655,0,0,0.716855,0
8.80198e+07,0.861629,0.0582943,9.79938,0.339525,0.130183,0.571809,0.117939,5.02483,0.074688,5.01066,0.0712527,-0.0804691,-0.073604,0.036,0.0361734,-0.0141651,43.4976,-3,1.22332,-0.747737,0.0832241,0,0,0.734292,0
8.80398e+07,0.844913,0.0607027,9.82552,0.352671,0.0538157,0.57176,0.0482231,4.91478,-0.0167251,5.00843,-0.0202294,-0.111024,-0.102824,0.036,0.0357984,-0.0154591,43.4976,-3,1.22377,-0.764866,0.0851885,0,0,0.751055,0
8.80598e+07,0.825799,0.101646,9.85409,0.588925,-0.0228568,0.569126,-0.0214094,4.79009,-0.0314858,5.00559,-0.0384998,0.0416644,0.0435585,0.036,0.0357576,-0.0156554,43.4888,-3,1.2243,-0.781996,0.0871406,0,0,0.768367,0
8.80798e+07,0.856853,0.0582943,9.9086,0.335825,0.175915,0.563117,0.172329,4.94231,-0.24593,5.01059,-0.240524,-0.0195097,-0.017941,0.036,0.0357529,-0.0153599,43.5153,-3,1.22485,-0.799121,0.0890845,0,0,0.78558,0
8.81598e+07,0.835356,0.0823784,9.90391,0.474876,-0.526805,0.560023,-0.51843,4.8211,0.365168,4.99349,0.359503,0.133131,0.131695,0.037,0.0367242,-0.0123917,43.5212,-3,1.2274,-0.86754,0.0967428,0,0,0.853431,0
8.81798e+07,0.885486,0.135363,9.92532,0.778272,0.0230983,0.553367,0.0260702,5.09766,-0.16947,5.002,-0.176094,0.0106449,0.0186971,0.037,0.0367694,-0.011602,43.4741,-3,1.22819,-0.884639,0.0986322,0,0,0.870885,0
8.81998e+07,0.906983,0.111279,9.89915,0.641366,-0.175614,0.552161,-0.173164,5.23463,-0.124126,5.00602,-0.116187,-0.0809639,-0.0857463,0.037,0.0367754,-0.0116047,43.4624,-3,1.22893,-0.901739,0.10052,0,0,0.888188,0
8.82198e+07,0.830578,0.0896036,9.86831,0.518395,-0.175705,0.554357,-0.172102,4.81083,-0.215343,5.00071,-0.213223,-0.00451219,0.000870744,0.037,0.0367734,-0.0122064,43.48,-3,1.22971,-0.918846,0.102415,0,0,0.905025,0
8.82398e+07,0.864004,0.104054,9.85406,0.602681,-0.20594,0.556555,-0.206451,5.0106,-0.00154829,4.98936,0.000781362,0.0871453,0.0856544,0.037,0.0367705,-0.0127092,43.5065,-3,1.23055,-0.935912,0.104311,0,0,0.922448,0
8.82598e+07,0.842529,0.0486606,9.80888,0.283192,-0.0379589,0.556186,-0.23298,4.90928,-0.0773895,4.98125,-0.142025,0.0413616,-0.0283714,0.037,0.0367701,-0.0126087,43.4653,-3,1.23122,-0.949546,0.105833,0,0,0.939236,0
8.82798e+07,0.842515,0.0968289,9.8968,0.558535,0.236843,0.555104,0.233807,4.86563,-0.245105,4.97359,-0.241625,-0.0654052,-0.0648075,0.037,0.0367677,-0.0131613,43.4888,-3,1.23227,-0.969965,0.108108,0,0,0.956516,0
8.83808e+07,0.84968,0.0944205,9.86355,0.546433,0.0529109,0.546667,0.0581454,4.92327,-0.199441,4.96809,-0.201992,0.0409814,0.0458574,0.037,0.0361184,-0.0146481,43.4829,-3,1.23751,-1.05501,0.117487,0,0,1.04143,0
8.84008e+07,0.842521,0.0751532,9.85878,0.435169,-0.0843756,0.547998,-0.0837333,4.88443,-0.0773976,4.96712,-0.074143,-0.0354574,-0.0318557,0.037,0.0367007,-0.0128052,43.4624,-3,1.23864,-1.07198,0.119369,0,0,1.05856,0
8.84208e+07,0.859236,0.0775616,9.8564,0.449157,-0.221931,0.546006,-0.221565,4.98204,0.457482,4.9691,0.450947,0.0103759,0.0124278,0.037,0.0367613,-0.013235,43.4653,-3,1.23981,-1.08897,0.121243,0,0,1.0754,0
8.84628e+07,0.868793,0.0558858,9.84211,0.324075,-0.0534335,0.552391,-0.0866694,5.04452,-0.000941277,4.99595,0.197659,0.05577,-0.0733184,0.037,0.0367618,-0.0138599,43.4506,-3,1.24235,-1.12308,0.125023,0,0,1.10969,0
8.84828e+07,0.847285,0.118505,9.79712,0.690431,-0.129775,0.548796,-0.11164,4.94246,0.228351,4.99719,-0.0188536,0.0709974,0.0403663,0.037,0.0367597,-0.0142459,43.4594,-2.99769,1.24162,-0.0138223,0.00134136,0,0,1.12635,0
8.85028e+07,0.854453,0.101646,9.86594,0.588079,0.00792789,0.551286,-0.111419,4.94957,-0.107744,5.00033,-0.136538,0.0249854,0.0574369,0.037,0.0367583,-0.0141834,43.4535,-2.99508,1.24048,-0.0309108,0.00322855,0,0,0.0172751,0
8.85238e+07,0.842516,0.0944205,9.96328,0.541036,0.0387965,0.561555,0.0352756,4.83334,0.181762,5.00188,0.184698,-0.082058,-0.0759365,0.037,0.0367579,-0.0140693,43.4653,-2.99242,1.23912,-0.0514262,0.00552347,0,0,0.0511479,0
8.85438e+07,0.890269,0.108871,9.88491,0.628478,0.0538237,0.557648,0.054036,5.14606,0.151417,5.00094,0.149255,0.0402609,0.040609,0.037,0.0367586,-0.0141346,43.4829,-2.99061,1.23799,-0.0685268,0.00744071,0,0,0.0686011,0
8.85638e+07,0.883103,0.118505,9.87543,0.68478,0.0385734,0.556965,0.0374081,5.10967,-0.0473931,5.0026,-0.0461564,-0.00549388,-0.00817753,0.037,0.0367607,-0.0138335,43.4741,-2.98913,1.23689,-0.0856226,0.00934724,0,0,0.0855596,0
8.85838e+07,0.864008,0.0896036,9.8944,0.516889,-0.0226367,0.556228,-0.0229797,4.99037,-0.00129271,5.00101,-0.00185376,-0.066504,-0.0670058,0.037,0.0367607,-0.0139551,43.48,-2.988,1.23583,-0.102722,0.011254,0,0,0.102813,0
8.86038e+07,0.828196,0.0679279,9.87065,0.392912,0.0232065,0.547306,0.0231898,4.79605,-0.184469,4.99803,-0.179477,0.14699,0.146179,0.037,0.0367617,-0.0137686,43.4506,-2.98716,1.23494,-0.119815,0.0131408,0,0,0.119875,0
8.86238e+07,0.85684,0.104054,9.88256,0.600994,0.0383931,0.543832,0.0383771,4.95501,-0.108178,4.99674,-0.104912,0.116454,0.112759,0.038,0.0373598,-0.0122139,43.4418,-2.98671,1.23398,-0.13689,0.0150054,0,0,0.136853,0
8.86438e+07,0.806691,0.120913,9.86126,0.700154,-0.175586,0.544019,-0.172022,4.67626,0.106422,4.98137,0.101648,0.00956964,0.00688239,0.038,0.0377318,-0.0113659,43.4447,-2.98661,1.23304,-0.153947,0.0168614,0,0,0.154188,0
8.86638e+07,0.873565,0.0679279,9.88486,0.392197,0.0536959,0.538543,0.0527813,5.05022,0.0598052,4.98682,0.0595865,0.146948,0.140687,0.038,0.0377688,-0.0118337,43.4418,-2.98682,1.2322,-0.170986,0.0187123,0,0,0.170714,0
8.86838e+07,0.864002,0.111279,9.88969,0.642222,-0.129737,0.544376,-0.125901,4.99259,0.212701,4.98851,0.210599,0.0553805,0.0539448,0.036,0.0365751,-0.0152138,43.4476,-2.9874,1.23133,-0.188047,0.0205651,0,0,0.188083,0
8.87038e+07,0.880729,0.0679279,9.85874,0.393203,0.312931,0.541182,0.30968,5.10484,-0.153767,4.98989,-0.152045,-0.0816718,-0.0879818,0.036,0.0358275,-0.0177875,43.4535,-2.98836,1.2304,-0.205101,0.022429,0,0,0.205181,0
8.87238e+07,0.849686,0.0703363,9.84927,0.407644,0.00707066,0.545915,0.00387891,4.93051,-0.00162864,4.98802,0.00339058,-0.0816386,-0.0755348,0.036,0.0357472,-0.0178444,43.4329,-2.98962,1.22963,-0.222148,0.0242983,0,0,0.22192,0
8.87438e+07,0.842521,0.0751532,9.8659,0.434857,0.373004,0.536505,0.36656,4.88092,0.197022,4.97603,0.194661,-0.340708,-0.332336,0.038,0.0369389,-0.0138361,43.4888,-2.99128,1.22873,-0.239172,0.0261501,0,0,0.239179,0
8.87638e+07,0.859234,0.0847868,9.89677,0.489008,0.310738,0.540461,0.310399,4.96177,-0.169335,4.9785,-0.172719,-0.445852,-0.437863,0.038,0.037686,-0.0112963,43.4124,-2.9934,1.22756,-0.256195,0.0279968,0,0,0.256315,0
8.87838e+07,0.856864,0.0197596,9.88955,0.114051,1.13428,0.535118,1.11977,4.95192,-1.09926,4.97795,-1.09502,-2.32066,-2.25678,0.038,0.0377689,-0.0109185,43.4653,-2.99615,1.22574,-0.273219,0.0298472,0,0,0.273952,0
8.88038e+07,0.873575,0.0318017,9.81595,0.184895,-0.669043,0.549404,-0.674382,5.08564,-0.772906,4.93797,-0.778431,-0.604587,-0.59089,0.038,0.0377798,-0.0112239,43.4535,-2.99927,1.22386,-0.290148,0.0317303,0,0,0.292063,0
8.88238e+07,0.723121,0.106463,9.8067,0.6203,-0.405998,0.535846,-0.424019,4.21696,-1.87958,4.89926,-1.89791,-0.49634,-0.480263,0.038,0.037781,-0.011417,43.4506,-3,1.22295,-0.306988,0.033604,0,0,0.310026,0
8.88438e+07,0.890276,0.0823784,9.89911,0.474876,0.297254,0.533663,0.293278,5.13889,-0.321674,4.89977,-0.309221,-0.32759,-0.323794,0.038,0.03778,-0.0114844,43.4388,-3,1.22223,-0.323707,0.0354448,0,0,0.323507,0
8.88638e+07,0.878336,0.0871952,9.89913,0.502694,-0.267732,0.539852,-0.261632,5.0703,-0.090699,4.88573,-0.0931447,-0.112505,-0.118935,0.038,0.0377804,-0.0114334,43.4594,-3,1.22143,-0.340425,0.0372874,0,0,0.341048,0
8.88838e+07,0.737428,0.176307,9.88278,1.0192,-0.158354,0.54111,-0.158989,4.26668,0.886957,4.86212,0.879082,1.74714,1.72125,0.038,0.037784,-0.0110399,43.4594,-3,1.22211,-0.357083,0.0391433,0,0,0.357009,0
8.89038e+07,0.909387,0.0534774,9.83732,0.310145,-0.750786,0.516564,-0.756908,5.28148,1.94869,4.89787,1.95111,1.84372,1.87606,0.038,0.0377831,-0.0111638,43.4506,-3,1.2244,-0.373753,0.0409593,0,0,0.371029,0
8.89238e+07,0.854463,0.0655195,9.84926,0.379713,-0.124128,0.50381,-0.121679,4.95812,-0.100417,4.92238,-0.100828,1.15114,1.1483,0.038,0.037779,-0.0115266,43.4682,-3,1.22532,-0.390571,0.0426933,0,0,0.389979,0
8.89438e+07,0.79477,0.0558858,9.8303,0.324667,-0.0306627,0.500632,-0.0361013,4.62218,-1.41083,4.91264,-1.41047,2.15352,2.14008,0.038,0.0377804,-0.0114029,43.4476,-3,1.22654,-0.407404,0.0444179,0,0,0.408657,0
8.89638e+07,0.904604,0.0775616,9.90147,0.446947,-0.579853,0.499806,-0.574591,5.21993,-0.735163,4.90311,-0.732282,1.29095,1.29623,0.038,0.0377811,-0.011112,43.4153,-3,1.22804,-0.424167,0.0461347,0,0,0.425348,0
8.90038e+07,0.88787,0.147406,9.94433,0.845873,-1.40094,0.479869,-1.39882,5.10151,-6.19598,4.83046,-6.17635,-1.30236,-1.30086,0.036,0.0358959,-0.0156171,43.4624,-3,1.22642,-0.457501,0.0494839,0,0,0.463651,0
8.90238e+07,0.821037,0.0534774,9.85402,0.309866,-2.26339,0.439083,-2.266,4.76281,-9.02011,4.67834,-9.0154,-2.31926,-2.29571,0.036,0.0357856,-0.0148014,43.4682,-3,1.22442,-0.473723,0.0510554,0,0,0.485259,0
8.90438e+07,1.05267,0.0149428,9.87037,0.0862512,-2.69726,0.400965,-2.64671,6.08753,-10.844,4.54587,-10.5803,-4.97708,-4.27244,0.038,0.0357841,-0.0141192,43.4153,-3,1.22112,-0.48629,0.0521902,0,0,0.485259,0
8.90648e+07,0.715984,0.00771757,9.78756,0.0450578,-1.45182,0.320342,-1.45778,4.18388,-11.5332,4.27781,-11.5294,-8.1526,-8.17541,0.038,0.0376943,-0.00795534,43.4506,-3,1.21125,-0.504367,0.0536175,0,0,0.51977,0
8.90858e+07,0.69926,0.0438438,9.83036,0.254895,-0.791658,0.267906,-0.786105,4.06871,-8.02751,4.06464,-8.03116,-14.675,-14.6334,0.038,0.037831,-0.00797588,43.4006,-3,1.1987,-0.518532,0.0545844,0,0,0.53155,0
8.91068e+07,0.594172,0.123321,9.86145,0.715173,-1.8984,0.259347,-1.99594,3.44775,-11.7975,3.89304,-11.8863,-10.6393,-11.8778,0.038,0.0378588,-0.00636151,43.4447,-3,1.18433,-0.53211,0.0554901,0,0,0.546193,0
8.91268e+07,0.51778,0.0582943,9.83054,0.339285,-0.655879,0.227037,-0.710396,3.01496,-4.11268,3.65634,-5.84816,-9.94131,-10.6368,0.038,0.0378712,-0.00728286,43.4388,-3,1.17337,-0.544906,0.0563139,0,0,0.557483,0
8.91478e+07,0.582226,0.149814,9.89711,0.865731,-0.669344,0.25445,-0.663177,3.36632,-1.97953,3.54284,-1.97987,-1.53138,-1.63626,0.038,0.0378778,-0.00645979,43.4476,-3,1.16552,-0.559591,0.0572911,0,0,0.561035,0
8.91678e+07,0.615679,0.0655195,9.9112,0.378028,-1.10831,0.251448,-1.11177,3.55454,-2.76363,3.49214,-2.76163,2.25214,2.24502,0.04,0.0390887,-0.00152469,43.4741,-3,1.16698,-0.571606,0.0581694,0,0,0.572629,0
8.92478e+07,0.696874,0.0342101,10.0986,0.193634,-1.52259,0.146876,-1.51248,3.94752,-4.65378,3.27754,-4.62009,-1.17238,-1.16586,0.041,0.0409283,0.00694096,43.43,-3,1.16761,-0.617482,0.0607745,0,0,0.616753,0
8.92678e+07,0.577505,-0.0452675,9.93954,-0.2605,-3.34451,0.0951192,-3.34309,3.32521,-12.2538,3.13441,-12.2391,-1.04744,-1.02535,0.041,0.0409902,0.00927852,43.4447,-3,1.16696,-0.628458,0.0612041,0,0,0.637976,0
8.9288e+07,0.381728,-0.139196,9.74487,-0.81773,-1.16398,0.00503403,-1.18895,2.24302,-9.94374,2.85217,-9.98188,-3.16076,-3.14809,0.038,0.0392086,0.00340861,43.4418,-3,1.16429,-0.638618,0.0613509,0,0,0.654304,0
8.93078e+07,0.38886,-0.0260002,9.79966,-0.151896,4.57114,0.00911864,4.5532,2.27235,-2.46715,2.66629,-2.48765,-3.23908,-3.24269,0.038,0.0380884,-0.000570529,43.3918,-3,1.16086,-0.647935,0.0613364,0,0,0.655307,0
8.93278e+07,0.443771,0.00771757,9.96111,0.044347,7.06759,0.119274,7.05816,2.55086,-0.0955925,2.62605,-0.102754,-1.79298,-1.81096,0.038,0.0379732,0.00056299,43.4476,-3,1.15834,-0.656961,0.0615798,0,0,0.656976,0
8.93478e+07,0.505851,0.022168,9.99194,0.126953,11.2003,0.271929,11.1879,2.89817,-0.37135,2.64075,-0.359247,-1.32964,-1.32378,0.038,0.0379702,0.00226369,43.3918,-3,1.15712,-0.665969,0.0622758,0,0,0.663835,0
8.93678e+07,0.412717,0.051069,9.92084,0.294681,13.0164,0.499435,13.0026,2.38215,-2.70023,2.61275,-2.7011,-0.684349,-0.689476,0.038,0.0379844,0.00447618,43.43,-3,1.15628,-0.674979,0.0636754,0,0,0.675618,0
8.93878e+07,0.501007,0.267826,9.96623,1.53742,7.48732,0.779786,7.53044,2.87682,-5.52566,2.56111,-5.5137,1.01061,0.999893,0.038,0.038,0.00689987,43.4182,-3,1.15667,-0.683826,0.0659688,0,0,0.68704,0
8.94078e+07,0.381644,0.161856,9.86644,0.939134,0.570746,0.868688,0.585868,2.21486,-3.44425,2.44427,-3.45976,-1.05152,-1.0283,0.041,0.0398125,0.0130693,43.4212,-3,1.15672,-0.692343,0.0688638,0,0,0.697776,0
8.94278e+07,0.362551,0.12573,9.84741,0.731007,-0.725265,0.864929,-0.73,2.10833,0.852787,2.39072,0.835739,-1.59473,-1.60398,0.041,0.0409368,0.0157841,43.4388,-3,1.15518,-0.700573,0.0718427,0,0,0.701389,0
8.94478e+07,0.393583,0.164264,9.91629,0.948277,4.1716,0.853039,4.14978,2.27259,4.14011,2.42081,4.13762,-2.02939,-2.0398,0.041,0.0410578,0.0163163,43.4065,-3,1.15328,-0.708793,0.0747402,0,0,0.703533,0
8.94678e+07,0.400746,0.164264,9.88542,0.951206,5.03699,0.954251,5.04299,2.32113,3.08575,2.49428,3.0974,-1.39688,-1.39052,0.04,0.0404713,0.0151892,43.4094,-3,1.15206,-0.717234,0.0778563,0,0,0.709874,0
8.94878e+07,0.405498,0.248559,9.92354,1.43361,3.29364,1.05879,3.30477,2.3392,3.1191,2.54802,3.11805,-0.718725,-0.746585,0.04,0.040096,0.0140855,43.4506,-3,1.15095,-0.72588,0.0813344,0,0,0.719784,0
8.95078e+07,0.491483,0.166673,9.96845,0.956737,0.843276,1.10066,0.846284,2.82223,1.42985,2.61277,1.43763,-1.46415,-1.44282,0.04,0.0400586,0.0151764,43.4418,-3,1.15061,-0.734736,0.0850741,0,0,0.7295,0
8.96078e+07,0.446095,0.236517,9.92586,1.36363,2.99521,1.16469,2.99506,2.57257,0.744565,2.57829,0.74233,-0.807736,-0.819952,0.041,0.0411308,0.0195987,43.4241,-3,1.14247,-0.779536,0.104367,0,0,0.77821,0
8.97078e+07,0.491491,0.137772,9.91379,0.795211,-1.65091,1.1516,-2.38532,2.83793,3.91277,2.72204,3.94772,1.29894,0.684326,0.042,0.041081,0.0193216,43.4447,-3,1.14815,-0.822533,0.124984,0,0,0.816765,0
8.97278e+07,0.54162,0.195574,10.0017,1.11859,1.17391,1.12292,1.17349,3.09911,1.2291,2.80349,1.24032,2.26879,2.25444,0.042,0.0420329,0.0236902,43.4624,-3,1.15217,-0.833921,0.129599,0,0,0.827832,0
8.97478e+07,0.427009,0.176307,9.88067,1.0213,0.650211,1.1437,0.652655,2.4742,0.403436,2.80271,0.393139,1.11561,1.13867,0.042,0.0421012,0.0239845,43.4182,-3,1.15554,-0.843526,0.133494,0,0,0.841166,0
8.97678e+07,0.41746,0.169081,9.91153,0.976451,-0.983654,1.14256,-0.76409,2.41144,3.08489,2.8045,2.358,-1.11357,-0.779376,0.041,0.0421045,0.0232097,43.4212,-3,1.1566,-0.851194,0.136629,0,0,0.849265,0
8.97878e+07,0.49862,0.263009,9.9496,1.51232,-2.96247,1.11714,-2.95052,2.86795,4.61075,2.87648,4.61164,-2.06813,-2.07587,0.041,0.0411492,0.0198078,43.4241,-3,1.15621,-0.862848,0.141258,0,0,0.855262,0
8.98078e+07,0.532095,0.101646,9.99205,0.582006,-4.71579,1.03652,-4.72584,3.04807,0.87292,2.94832,0.885625,-1.71002,-1.70588,0.041,0.0410896,0.021074,43.4065,-3,1.15616,-0.872857,0.144956,0,0,0.86641,0
8.98278e+07,0.491505,0.0871952,9.91371,0.503309,1.40115,0.966866,0.0603894,2.8382,-0.501232,2.95643,-0.468958,-0.055444,-0.77704,0.041,0.0410856,0.0207071,43.4241,-3,1.15642,-0.880952,0.147655,0,0,0.880904,0
8.99078e+07,0.49864,0.190757,9.85214,1.1078,-2.29012,1.04653,-2.29308,2.89686,1.87203,2.88488,1.86346,-0.0785829,-0.0873369,0.04,0.040136,0.0175286,43.4329,-3,1.16259,-0.923005,0.162761,0,0,0.920346,0
8.99278e+07,0.453276,0.173898,9.91863,1.00339,-2.26561,1.00824,-2.26916,2.61616,2.6418,2.9199,2.63824,1.50678,1.49752,0.04,0.0400707,0.0173894,43.4565,-3,1.16566,-0.932951,0.16627,0,0,0.927868,0
8.99478e+07,0.496256,0.176307,9.92335,1.01659,-0.992117,0.970294,-1.13028,2.86247,2.72203,2.96119,2.80673,0.906066,1.05103,0.04,0.0400645,0.0174633,43.4124,-3,1.16848,-0.941014,0.168957,0,0,0.937043,0
8.99688e+07,0.558358,0.111279,9.96593,0.638735,-0.773767,0.937584,-0.782038,3.20654,-0.0172276,3.01063,-0.00734765,0.642992,0.643501,0.04,0.0400653,0.0183806,43.4476,-3,1.17223,-0.953308,0.172876,0,0,0.948991,0
9.00108e+07,0.501027,0.195574,9.90201,1.13005,-0.753537,0.903363,-0.55279,2.89605,1.30982,3.00755,1.18909,-0.319358,-0.487982,0.038,0.0393329,0.0154551,43.4094,-3,1.17692,-0.973881,0.179134,0,0,0.971027,0
9.00308e+07,0.510584,0.173898,9.91621,1.00335,-1.52701,0.888103,-1.66309,2.9471,0.587296,3.03122,1.09328,-0.699298,-0.732448,0.038,0.0381661,0.0121394,43.4535,-3,1.1789,-0.98422,0.182205,0,0,0.980386,0
9.00518e+07,0.491493,0.132955,9.91378,0.767413,-3.82278,0.848013,-3.81178,2.83796,-0.618972,3.02314,-0.615406,-0.254612,-0.256607,0.038,0.0380381,0.0126235,43.4741,-3,1.18133,-0.996665,0.185774,0,0,0.992033,0
9.00918e+07,0.548793,0.161856,9.89954,0.935259,0.546102,0.740504,0.539729,3.17259,1.46742,3.02613,1.47358,-0.00511742,-0.0213743,0.041,0.0409542,0.0212289,43.4476,-3,1.18517,-1.01728,0.191041,0,0,1.0115,0
9.01118e+07,0.553589,0.0896036,9.90654,0.517413,0.314816,0.74874,0.317495,3.1983,-0.397846,3.04625,-0.39358,-0.341743,-0.327186,0.041,0.0410756,0.0218051,43.4594,-3,1.18796,-1.02769,0.193601,0,0,1.02203,0
9.01318e+07,0.515354,0.193165,9.91386,1.11473,0.373834,0.755894,0.378609,2.97518,-0.548551,3.02958,-0.5474,-0.919054,-0.91968,0.041,0.0410858,0.0211965,43.4006,-3,1.1898,-1.03808,0.196157,0,0,1.03453,0
9.01518e+07,0.486716,0.135363,9.83544,0.787538,-1.22767,0.752768,-1.22147,2.83276,-0.66768,3.00724,-0.66977,-0.351731,-0.35357,0.041,0.0410864,0.0207863,43.4741,-3,1.19203,-1.0484,0.198747,0,0,1.04525,0
9.01718e+07,0.563128,0.132955,9.96833,0.762935,-1.57368,0.72901,-1.57305,3.23301,0.141792,3.00962,0.14385,-1.67703,-1.66044,0.041,0.0410828,0.0205686,43.4447,-3,1.1938,-1.05868,0.201277,0,0,1.05496,0
9.02118e+07,0.489122,0.0703363,9.90894,0.4062,2.16977,0.706464,2.16574,2.82585,-2.06508,2.95896,-2.05975,0.905737,0.910905,0.041,0.0410914,0.0215688,43.4329,-2.99863,1.19774,-0.00245916,0.00118569,0,0,1.07668,0
9.03118e+07,0.441354,0.111279,9.86631,0.64555,3.23789,0.534633,3.22363,2.56117,-2.37299,2.70742,-2.37588,0.183036,0.152148,0.039,0.039896,0.0169803,43.4212,-2.98896,1.18568,-0.0507182,0.0119299,0,0,0.0499903,0
9.03318e+07,0.436552,0.207616,9.90446,1.19969,2.23262,0.618398,2.24485,2.5232,-0.336124,2.65741,-0.343026,0.471772,0.469667,0.039,0.0391462,0.0145671,43.4212,-2.9869,1.18515,-0.0598711,0.0139295,0,0,0.0589602,0
9.03518e+07,0.42462,0.178715,9.91629,1.03155,-2.59319,0.646057,-2.5709,2.45154,1.49445,2.64943,1.48782,-0.429423,-0.426522,0.039,0.0390658,0.0144835,43.4418,-2.98521,1.1842,-0.068936,0.0161282,0,0,0.0653164,0
9.03718e+07,0.407936,0.0679279,9.96361,0.390287,-4.97349,0.571427,-4.97675,2.34448,2.31181,2.67495,2.3033,-0.290353,-0.295269,0.039,0.0390581,0.0147948,43.43,-2.98384,1.18295,-0.0780574,0.0182159,0,0,0.0721366,0
9.03918e+07,0.45569,0.0775616,9.89236,0.448746,-3.73311,0.475955,-3.74418,2.63738,2.9123,2.71064,2.91076,-0.3657,-0.36333,0.039,0.0390583,0.0148515,43.4447,-2.9826,1.18187,-0.0872781,0.0199692,0,0,0.0802898,0
9.04118e+07,0.541687,-0.0452675,9.92533,-0.260925,0.672316,0.406066,0.651161,3.12386,0.627666,2.77165,0.6452,-0.196045,-0.195878,0.039,0.0390599,0.0154291,43.4653,-2.9816,1.18069,-0.0966855,0.0214398,0,0,0.089102,0
9.04318e+07,0.467632,0.0703363,9.93982,0.404983,4.02112,0.433904,3.81788,2.6935,-2.46821,2.77288,-2.16683,0.261411,0.366143,0.038,0.0390623,0.0156939,43.4476,-2.98074,1.18028,-0.104289,0.022581,0,0,0.10251,0
9.04528e+07,0.460453,0.12573,9.93279,0.724436,2.82913,0.537652,2.84465,2.65394,-2.16896,2.70856,-2.16579,-0.548036,-0.537199,0.038,0.0381176,0.013637,43.4124,-2.97979,1.17939,-0.11552,0.0246043,0,0,0.115055,0
9.04738e+07,0.431794,0.142589,9.89011,0.825208,-0.854763,0.572365,-0.842499,2.49964,-1.94671,2.65582,-1.94936,-1.49024,-1.48675,0.038,0.0380594,0.013852,43.4271,-2.97972,1.1774,-0.124681,0.0265363,0,0,0.123984,0
9.04948e+07,0.403145,0.123321,9.85449,0.716376,-4.72072,0.547142,-4.28149,2.34247,-0.504458,2.60611,-0.925097,-0.843125,-0.97034,0.04,0.038791,0.0170882,43.4506,-2.97979,1.17554,-0.133673,0.0284672,0,0,0.132553,0
9.05148e+07,0.412705,0.0944205,9.87818,0.547167,-3.55899,0.4607,-3.76351,2.39228,1.4318,2.59283,1.58025,-0.611457,-0.790798,0.04,0.0399586,0.0201544,43.4476,-2.97983,1.17426,-0.142545,0.0301606,0,0,0.139509,0
9.05348e+07,0.453314,0.0366185,9.88755,0.211971,-0.525868,0.39332,-1.2891,2.62498,1.04481,2.61105,1.11122,-0.030034,-0.234095,0.04,0.0400886,0.0213112,43.4212,-2.9799,1.17336,-0.151457,0.0315983,0,0,0.145907,0
9.06148e+07,0.419874,0.0727447,9.89713,0.420743,-3.55833,0.440654,-3.51724,2.42918,4.43854,2.61206,3.70307,-3.75122,-3.52782,0.038,0.0380673,0.0150679,43.4124,-2.98342,1.16643,-0.187315,0.0374288,0,0,0.182521,0
9.07348e+07,0.405548,0.0703363,9.81404,0.410276,-12.9659,0.246015,-12.2217,2.36624,6.25618,2.92231,5.54596,-2.67559,-2.6351,0.037,0.0376967,0.0146183,43.4212,-2.99347,1.15858,-0.244286,0.0445201,0,0,0.234949,0
9.07548e+07,1.00731,-0.0308171,10.1196,-0.173623,6.41967,-0.0405091,5.41169,5.68449,-3.85248,3.03927,-2.46877,2.39743,1.81745,0.037,0.0371145,0.0144174,43.4212,-2.9959,1.15715,-0.254499,0.0447361,0,0,0.241756,0
9.07748e+07,0.453315,0.0342101,9.8733,0.198315,-0.233847,0.0712992,0.652911,2.62877,-1.07674,2.9971,-2.30301,1.5922,2.3189,0.037,0.0370574,0.0147108,43.3976,-2.99693,1.15984,-0.264865,0.0448684,0,0,0.263438,0
9.07948e+07,0.436604,0.0197596,9.84717,0.114858,-4.1653,0.0683275,-3.54019,2.53871,1.76269,2.9643,1.08225,1.41841,1.39107,0.038,0.0374174,0.0155417,43.4359,-2.99872,1.16112,-0.275037,0.0451272,0,0,0.272702,0
9.08148e+07,0.498684,0.0342101,9.85427,0.198653,1.71712,-0.0139645,2.30612,2.89701,-0.318667,2.99243,-0.20744,2.51059,2.25503,0.038,0.038,0.0177877,43.4006,-3,1.1627,-0.285231,0.0451546,0,0,0.279071,0
9.08348e+07,0.56794,0.00290074,9.86602,0.0168179,-0.103221,0.0200532,0.0592908,3.29461,0.5965,2.98104,0.865138,1.8295,2.11193,0.038,0.0380628,0.0175063,43.4065,-3,1.16489,-0.295439,0.0451925,0,0,0.291283,0
9.08548e+07,0.517814,-0.0645349,9.93719,-0.371585,3.92375,0.00137187,2.77372,2.98285,1.30992,2.9946,1.52267,1.09092,1.11421,0.039,0.0384339,0.0183446,43.4182,-3,1.16614,-0.305672,0.0452283,0,0,0.300569,0
9.09348e+07,0.269391,0.250967,9.79071,1.4678,5.35783,0.966078,7.99461,1.57558,-6.38655,2.50034,-7.79367,0.214932,0.740332,0.039,0.039107,0.02147,43.4212,-3,1.17469,-0.344703,0.0506196,0,0,0.355787,0
9.10348e+07,0.247904,0.238925,9.79308,1.39714,-0.819769,0.993605,0.614939,1.44965,-2.01086,2.32365,-3.34654,-0.646213,-0.315799,0.041,0.0404901,0.0242989,43.4241,-3,1.16834,-0.386093,0.0668469,0,0,0.390512,0
9.10548e+07,0.357784,0.0968289,9.86873,0.561781,-5.46188,0.969948,-5.66809,2.07621,0.00730062,2.27275,0.140545,-1.64912,-1.4231,0.041,0.0410703,0.0256014,43.4035,-3,1.16731,-0.393906,0.0702466,0,0,0.393994,0
9.10748e+07,0.422247,0.12573,9.91858,0.725596,0.719353,0.856606,-0.626377,2.43749,-2.3862,2.26715,-1.91406,-0.14768,-0.782294,0.041,0.041133,0.0253407,43.4006,-3,1.16619,-0.401668,0.0733059,0,0,0.398894,0
9.10948e+07,0.381634,0.197982,9.86175,1.14924,2.92363,0.88295,3.48499,2.2157,-3.7765,2.20426,-4.13151,1.25344,1.5275,0.041,0.0411437,0.0260009,43.4153,-3,1.1674,-0.409324,0.0762615,0,0,0.409795,0
9.11148e+07,0.384016,0.219658,9.94726,1.26407,-2.59089,0.933505,-1.61996,2.21028,-2.63417,2.12237,-2.59382,-1.46482,-1.01214,0.041,0.0411446,0.025845,43.4418,-3,1.16799,-0.416695,0.0794132,0,0,0.41899,0
9.11348e+07,0.357791,0.0703363,9.96603,0.404104,-1.15972,0.880748,-2.09375,2.05604,-5.71856,2.06369,-5.02154,-1.53456,-1.73303,0.041,0.0411513,0.0268494,43.4153,-3,1.16672,-0.423851,0.0825265,0,0,0.425078,0
9.11548e+07,0.259865,0.159448,9.83093,0.928873,3.8294,0.860381,2.86427,1.51397,-7.04953,1.93125,-7.54415,-0.0492221,-0.541624,0.041,0.0411603,0.027304,43.4182,-3,1.16605,-0.430672,0.085464,0,0,0.436086,0
9.11748e+07,0.281359,0.144997,9.92348,0.836783,3.00443,0.938614,3.57909,1.62389,-4.9644,1.77948,-5.15843,0.437071,0.827754,0.04,0.0402522,0.0243134,43.4124,-3,1.1672,-0.43695,0.0885594,0,0,0.444148,0
9.11948e+07,0.264645,0.144997,9.93299,0.836021,1.17898,0.997634,1.39758,1.52601,-4.01552,1.67847,-3.91835,-0.90572,-0.745681,0.04,0.0401563,0.0242763,43.4006,-3,1.16766,-0.442824,0.0918992,0,0,0.447351,0
9.12148e+07,0.188218,0.200391,9.86192,1.16386,-0.0905745,1.02633,0.111923,1.09315,-1.19416,1.60011,-2.07627,0.0586549,-0.290188,0.04,0.0401479,0.0241229,43.43,-3,1.16768,-0.448398,0.0953746,0,0,0.451445,0
9.13358e+07,0.264655,0.106463,9.93293,0.613863,1.10348,0.932681,0.23731,1.52615,0.0179315,1.73494,0.142045,0.375999,0.135471,0.038,0.0391386,0.0232368,43.38,-3,1.17412,-0.482481,0.114974,0,0,0.478556,0
9.13558e+07,0.247925,0.161856,9.90454,0.935928,3.445,0.971898,3.44143,1.4337,1.51209,1.72433,1.50347,0.587481,0.592222,0.038,0.0381908,0.0207941,43.3859,-3,1.17621,-0.489579,0.118864,0,0,0.485738,0
9.13758e+07,0.302819,0.258193,9.92839,1.48898,-0.336101,1.04252,-0.308663,1.7464,1.12415,1.74851,1.13267,0.142924,0.146771,0.038,0.0381294,0.0212597,43.4241,-3,1.17783,-0.495531,0.12234,0,0,0.490119,0
9.13958e+07,0.245552,0.108871,9.89259,0.630338,-3.39559,1.02112,-3.51741,1.42181,1.82222,1.75739,1.24089,-0.437762,-0.136408,0.04,0.0381278,0.0217812,43.4182,-3,1.17897,-0.500335,0.125182,0,0,0.496258,0
9.14158e+07,0.338678,0.106463,9.93999,0.613289,1.0243,0.942169,1.00528,1.95133,1.37142,1.79637,1.37949,0.0372438,0.0270141,0.04,0.0400298,0.028216,43.4182,-3,1.18016,-0.507625,0.129154,0,0,0.501567,0
9.14358e+07,0.333913,0.0679279,9.93518,0.39151,3.94668,0.971345,3.93529,1.92489,-2.44417,1.79795,-2.43511,0.447393,0.461416,0.04,0.0401613,0.0293089,43.4006,-3,1.18221,-0.513804,0.132435,0,0,0.50852,0
9.14558e+07,0.216867,0.219658,9.84768,1.27749,4.73748,1.04059,4.93786,1.26126,-3.45374,1.73193,-3.53675,0.613789,0.573606,0.039,0.0401778,0.0296631,43.4065,-3,1.1837,-0.518625,0.135204,0,0,0.519749,0
9.15358e+07,0.379263,0.137772,9.97087,0.791058,3.42517,0.916184,3.39582,2.17811,-2.20425,1.76356,-2.18126,1.40164,1.37664,0.04,0.0401124,0.0301558,43.4124,-3,1.18859,-0.542887,0.150433,0,0,0.535359,0
9.15558e+07,0.200148,0.234108,9.90233,1.35404,3.34758,1.0101,3.36451,1.15759,-2.97085,1.69052,-2.97941,1.77622,1.78007,0.04,0.0401824,0.0308516,43.4241,-3,1.19236,-0.548793,0.153745,0,0,0.547839,0
9.16558e+07,0.257456,0.236517,9.88804,1.36976,1.07924,0.995493,1.09442,1.49105,1.08482,1.65425,1.08149,0.939552,0.948207,0.04,0.0401874,0.0299668,43.4565,-3,1.20561,-0.577097,0.170532,0,0,0.574638,0
9.16758e+07,0.238372,0.166673,9.88557,0.965648,-0.493399,0.994695,-0.494541,1.38112,2.87892,1.67318,2.87293,-0.466925,-0.458778,0.04,0.0401847,0.0296889,43.3947,-3,1.20806,-0.58279,0.173952,0,0,0.577681,0
9.17558e+07,0.286127,0.173898,9.90216,1.00568,-0.363647,1.05263,-0.564411,1.65487,2.03616,1.71617,1.53778,-0.227759,-0.297317,0.039,0.0401867,0.0300769,43.4065,-3,1.21858,-0.605259,0.187362,0,0,0.603501,0
9.17758e+07,0.343443,0.144997,9.93055,0.836023,0.156559,1.04268,0.153829,1.98055,1.41776,1.75276,1.42663,0.672425,0.667024,0.039,0.0392378,0.0279526,43.43,-3,1.22194,-0.612382,0.191664,0,0,0.606479,0
9.17958e+07,0.302821,0.248559,9.94025,1.43174,0.124399,1.055,0.130901,1.74438,0.0861104,1.77162,0.0894163,1.17301,1.16215,0.039,0.0391782,0.0283626,43.4094,-3,1.22552,-0.61843,0.195242,0,0,0.612724,0
9.18158e+07,0.278958,0.193165,9.91407,1.11577,-1.53707,1.05254,-1.30257,1.61144,0.269021,1.76156,0.267142,1.88417,1.88119,0.039,0.0391735,0.0284013,43.4153,-3,1.2291,-0.623264,0.19813,0,0,0.62067,0
9.18358e+07,0.262247,0.181123,9.90694,1.04703,-3.52732,1.00531,-3.52224,1.51607,1.13689,1.75223,1.1293,1.54127,1.54247,0.039,0.0391707,0.0279084,43.4035,-3,1.23459,-0.630476,0.202362,0,0,0.626372,0
9.18558e+07,0.314805,0.0871952,9.92099,0.503304,-2.67325,0.923396,-2.68574,1.81739,0.0651655,1.76617,0.0667691,1.03226,1.03541,0.039,0.0391752,0.0288714,43.4182,-3,1.23868,-0.63651,0.205644,0,0,0.631572,0
9.18758e+07,0.276587,0.132955,9.89498,0.769515,1.33123,0.885895,1.31938,1.60099,-0.635384,1.74932,-0.634529,0.448926,0.458602,0.039,0.0391785,0.0289024,43.4035,-3,1.2423,-0.642524,0.208699,0,0,0.639003,0
9.18958e+07,0.238361,0.207616,9.91175,1.19962,0.881895,0.929881,0.892301,1.3773,-0.114873,1.72214,-0.114356,0.355189,0.358331,0.041,0.040999,0.034528,43.4035,-3,1.24579,-0.648452,0.211815,0,0,0.64565,0
9.19158e+07,0.310009,0.159448,9.89262,0.922952,-2.32188,0.937577,-2.31609,1.79468,0.936202,1.72091,0.938222,0.491004,0.490202,0.041,0.0411927,0.0342162,43.4359,-3,1.24925,-0.654332,0.21504,0,0,0.65063,0
9.19358e+07,0.324348,0.118505,9.90916,0.684807,-0.374784,0.883037,-0.389728,1.87461,0.535846,1.73849,0.537687,0.428267,0.435031,0.041,0.0412122,0.0341034,43.4035,-3,1.25275,-0.660254,0.218129,0,0,0.655362,0
9.19558e+07,0.333883,0.176307,9.97097,1.01243,0.951687,0.888456,0.950225,1.91756,-1.26428,1.73284,-1.25918,0.197757,0.202255,0.041,0.0412148,0.0344437,43.4124,-3,1.25623,-0.6662,0.221148,0,0,0.662247,0
9.20558e+07,0.219272,0.157039,9.87845,0.910539,0.408899,0.869609,0.415186,1.27143,0.632214,1.66554,0.617602,-0.479205,-0.459696,0.04,0.0401921,0.0303711,43.4241,-3,1.27398,-0.695236,0.236138,0,0,0.693785,0
9.20758e+07,0.276582,0.152222,9.93774,0.877226,-2.09229,0.867051,-2.0859,1.59403,1.86324,1.67508,1.86498,-0.218091,-0.222435,0.039,0.039279,0.0277148,43.4065,-3,1.27709,-0.700941,0.239124,0,0,0.696845,0
9.21558e+07,0.250311,0.166673,9.88793,0.965388,-2.00845,0.823207,-2.00077,1.44992,0.67316,1.64835,0.676724,-1.12437,-1.11333,0.041,0.0411881,0.0332311,43.4124,-3,1.29277,-0.723934,0.250314,0,0,0.720923,0
9.21758e+07,0.259879,0.108871,9.95193,0.626559,0.180877,0.783746,0.169068,1.49576,0.258233,1.6515,0.264167,-0.738833,-0.742478,0.041,0.0412065,0.0329944,43.4153,-3,1.29557,-0.729578,0.253047,0,0,0.725096,0
9.21958e+07,0.22883,0.132955,9.8594,0.772385,1.21528,0.802369,1.21654,1.32944,-0.793829,1.63274,-0.794094,-0.0809432,-0.0830784,0.04,0.0402992,0.0301175,43.4153,-3,1.29912,-0.735205,0.25576,0,0,0.731535,0
9.22158e+07,0.288517,0.166673,9.91639,0.962519,-0.955567,0.829783,-0.938908,1.66631,0.275774,1.61653,0.27287,-0.903632,-0.900735,0.04,0.0401989,0.0297494,43.4182,-3,1.30234,-0.740748,0.258569,0,0,0.73826,0
9.22358e+07,0.302844,0.166673,9.86652,0.967337,-1.78787,0.804234,-1.79703,1.75784,0.152511,1.6182,0.151934,-0.25929,-0.281281,0.04,0.0401898,0.0298515,43.3947,-3,1.30554,-0.746282,0.261372,0,0,0.74255,0
9.23561e+07,0.264639,0.164264,9.94727,0.945735,1.91967,0.815501,1.92108,1.52374,0.0111523,1.66461,0.0114524,0.330768,0.332568,0.04,0.0401963,0.0314191,43.4212,-3,1.33147,-0.779794,0.277762,0,0,0.775328,0
9.23768e+07,0.276574,0.181123,9.90218,1.04749,-0.253625,0.853339,-0.239029,1.59962,1.42844,1.66381,1.42658,0.375395,0.367743,0.039,0.0392876,0.0286106,43.4447,-3,1.33603,-0.785473,0.280638,0,0,0.781817,0
9.23968e+07,0.276588,0.130547,9.86648,0.757758,-3.3458,0.826838,-3.33862,1.60562,1.33019,1.68322,1.33354,-0.00728297,-0.00275321,0.039,0.0391883,0.028222,43.4212,-3,1.34052,-0.791203,0.283531,0,0,0.785687,0
9.24168e+07,0.250327,0.108871,9.94482,0.627022,-1.74606,0.754652,-1.75511,1.44184,-0.838884,1.68424,-0.829471,-1.19621,-1.17859,0.039,0.039181,0.029011,43.4182,-3,1.34413,-0.796984,0.286204,0,0,0.79202,0
9.24368e+07,0.257498,0.0847868,9.9519,0.487966,2.11817,0.724457,2.09988,1.4821,-1.27689,1.65563,-1.27753,-0.99311,-1.00062,0.04,0.0400941,0.0320378,43.3976,-3,1.34736,-0.802697,0.288705,0,0,0.800359,0
9.24568e+07,0.235982,0.176307,9.95681,1.01415,2.67118,0.791371,2.67899,1.35747,-1.86542,1.61383,-1.86863,-0.333803,-0.335602,0.04,0.0401934,0.0324166,43.4212,-3,1.3512,-0.808287,0.29131,0,0,0.807009,0
9.24768e+07,0.216882,0.166673,9.87371,0.966854,-0.677433,0.831898,-0.664579,1.25815,-0.668044,1.5623,-0.677815,-1.00337,-0.994214,0.04,0.0402038,0.0319494,43.4212,-3,1.35499,-0.813704,0.294127,0,0,0.813157,0
9.25768e+07,0.290911,0.142589,9.93534,0.821881,1.24758,0.828863,1.2505,1.677,1.81673,1.59834,1.82086,0.224659,0.230818,0.039,0.0391849,0.0275889,43.4182,-3,1.37674,-0.840496,0.307933,0,0,0.835198,0
9.25968e+07,0.293281,0.207616,9.98293,1.1909,-1.69965,0.853368,-1.68767,1.6824,-0.0196495,1.61789,-0.0150288,-0.080752,-0.0836514,0.039,0.0391764,0.0283887,43.4212,-3,1.3815,-0.846016,0.310831,0,0,0.840332,0
9.27568e+07,0.295693,0.120913,9.96379,0.694958,-0.347994,0.782104,-0.344657,1.69973,2.10138,1.71381,2.10756,-1.5808,-1.57438,0.041,0.0412055,0.0325854,43.3947,-3,1.42243,-0.891321,0.332138,0,0,0.885965,0
9.27769e+07,0.321957,0.128138,9.88306,0.74243,0.783446,0.777586,0.768823,1.86569,0.415881,1.74775,0.422526,-0.171595,-0.190481,0.041,0.0412047,0.0325466,43.4212,-3,1.42674,-0.89727,0.334815,0,0,0.890763,0
9.27968e+07,0.243137,0.207616,9.89512,1.20162,2.80541,0.831044,2.81327,1.40724,-0.546148,1.74228,-0.542543,1.55199,1.53038,0.042,0.0420522,0.0350932,43.43,-3,1.43279,-0.903253,0.337564,0,0,0.8989,0
9.29168e+07,0.314796,0.120913,9.95191,0.695746,-0.623069,0.901986,-0.636134,1.81163,3.38146,1.80412,3.38325,0.257442,0.251982,0.039,0.0391563,0.0259694,43.4153,-3,1.46454,-0.939097,0.355428,0,0,0.932298,0
9.29368e+07,0.350583,0.229292,9.93068,1.32186,0.24611,0.911565,0.253539,2.02134,1.49275,1.86103,1.5018,1.06351,1.06655,0.039,0.039158,0.0264998,43.4212,-3,1.47118,-0.945394,0.358515,0,0,0.937131,0
9.29568e+07,0.312396,0.164264,9.94485,0.945832,-0.380242,0.91584,-0.373475,1.79899,1.15209,1.88054,1.1529,0.43397,0.437484,0.039,0.0391601,0.0269969,43.4182,-3,1.47771,-0.951806,0.361648,0,0,0.945633,0
9.30778e+07,0.388806,0.166673,9.91868,0.961966,-0.738745,1.04071,-0.74117,2.24449,4.22071,2.13115,4.22631,0.358166,0.379456,0.039,0.0391487,0.0257673,43.4035,-3,1.51709,-0.99228,0.381594,0,0,0.982713,0
9.30978e+07,0.395972,0.159448,9.92816,0.919369,0.407694,1.02143,0.399695,2.28366,1.30817,2.19397,1.3129,-0.496518,-0.493349,0.041,0.0408436,0.0314367,43.3712,-3,1.52299,-0.999723,0.385112,0,0,0.989719,0
9.31778e+07,0.42224,0.152222,9.85215,0.884377,-11.566,0.726498,-11.5548,2.45377,16.1529,2.68699,16.1446,-1.85357,-1.83952,0.039,0.0391502,0.0221242,43.38,-3,1.54348,-1.03173,0.398261,0,0,1.00894,0
9.31978e+07,0.477175,0.0992373,9.86626,0.575603,-15.0865,0.469878,-15.0701,2.76877,18.8932,3.01974,18.8807,-2.01346,-2.02206,0.039,0.039104,0.0214533,43.3888,-3,1.54778,-1.04159,0.400237,0,0,1.01302,0
9.32178e+07,1.01939,-0.546218,9.4184,-3.29991,-0.344337,0.0620473,-0.590392,6.16704,18.0074,3.44693,18.0865,1.59286,1.42874,0.039,0.0390878,0.0212867,43.4241,-3,1.5527,-1.05272,0.401108,0,0,1.01941,0
9.32378e+07,0.465246,0.0631111,9.78549,0.369105,-2.85295,0.220825,-2.78515,2.72199,9.56053,3.61513,9.5127,3.3919,3.46958,0.039,0.0390835,0.0225709,43.38,-3,1.56417,-1.06501,0.401667,0,0,1.03674,0
9.32578e+07,0.637174,0.051069,10.0322,0.291075,-0.686146,0.214355,-0.644832,3.63408,2.56959,3.79918,2.57664,2.15955,2.18009,0.039,0.0390741,0.0232345,43.3947,-2.99754,1.56845,-0.0191593,0.000845288,0,0,1.05866,0
9.32779e+07,0.598978,0.0149428,9.93012,0.086062,-1.0361,0.200584,-1.02617,3.45186,-1.6907,3.81318,-1.68832,-0.287669,-0.263118,0.037,0.0373817,0.0180785,43.4182,-2.99468,1.56759,-0.0322372,0.00154081,0,0,0.0210054,0
9.32988e+07,0.637186,0.00771757,9.88972,0.044619,0.00462878,0.176753,-0.183442,3.68642,-1.08495,3.76512,-1.81732,-1.88671,-1.5062,0.037,0.0370725,0.0163237,43.4271,-2.99294,1.56508,-0.0451982,0.00218103,0,0,0.0398964,0
9.33188e+07,0.613289,0.0751532,9.87323,0.435277,0.842828,0.187662,0.629504,3.55433,1.99734,3.74155,1.62608,-1.06943,-1.61342,0.037,0.0370327,0.0150407,43.3829,-2.99207,1.56145,-0.0580123,0.00279556,0,0,0.0527199,0
9.33388e+07,0.639574,0.00771757,9.98231,0.0442061,0.687535,0.206953,0.565899,3.66597,0.906723,3.7706,1.36912,-1.15782,-0.830729,0.037,0.0370249,0.0148688,43.3976,-2.99078,1.55911,-0.0708626,0.00348374,0,0,0.0611195,0
9.33588e+07,0.639568,0.0293933,9.84464,0.170709,0.623952,0.221025,0.726169,3.71704,1.58987,3.77934,1.30788,-0.450872,-0.948306,0.037,0.0370237,0.0147546,43.4565,-2.98994,1.55641,-0.083784,0.00421052,0,0,0.0742539,0
9.34188e+07,0.687321,0.0414354,9.89922,0.239247,0.0403584,0.268446,0.0113021,3.97174,0.601401,3.82705,0.447388,0.722701,0.580917,0.038,0.0380019,0.016297,43.3947,-2.98684,1.55257,-0.122947,0.00678979,0,0,0.114757,0
9.34388e+07,0.687327,0.0197596,9.87307,0.114393,-0.111901,0.265886,-0.0984867,3.98229,0.370577,3.8388,0.340953,1.00872,1.20531,0.038,0.0380248,0.0161732,43.4006,-2.98587,1.55222,-0.136056,0.00770458,0,0,0.127522,0
9.34588e+07,0.627626,0.0390269,9.90877,0.225214,-0.0507514,0.261529,0.0238809,3.62427,0.247118,3.84518,0.397499,0.989668,0.9584,0.038,0.0380228,0.0154016,43.4418,-2.9852,1.55181,-0.149201,0.00860234,0,0,0.140794,0
9.34788e+07,0.668218,0.0414354,9.88262,0.239678,-0.050451,0.261174,-0.0827589,3.86816,0.581192,3.85045,0.416513,1.09229,1.16733,0.038,0.0380183,0.0148354,43.4094,-2.98473,1.55155,-0.16236,0.00949923,0,0,0.153972,0
9.34988e+07,0.627624,0.0462522,9.91828,0.266654,0.147638,0.256626,0.178567,3.62078,1.69217,3.85151,1.35112,0.935906,0.741854,0.038,0.0380132,0.0138271,43.4359,-2.98459,1.55116,-0.175535,0.0103866,0,0,0.166858,0
9.35188e+07,0.634783,0.0607027,9.93491,0.349362,0.466793,0.265657,0.421362,3.65583,2.29509,3.87735,2.05533,0.353395,0.342307,0.037,0.0372584,0.0112923,43.4329,-2.9849,1.55045,-0.188756,0.0112809,0,0,0.178961,0
9.35388e+07,0.682531,0.092012,9.90168,0.531149,0.449161,0.281532,0.571217,3.94304,2.36184,3.91363,2.60641,0.5657,0.359836,0.037,0.0370148,0.0102147,43.3918,-2.9856,1.5495,-0.20209,0.0122177,0,0,0.191083,0
9.35588e+07,0.68731,0.07997,9.87317,0.46295,0.447148,0.297583,0.521899,3.98203,2.61265,3.95734,2.42661,1.49385,1.22343,0.037,0.0369836,0.0094654,43.4182,-2.98635,1.54902,-0.21557,0.0132199,0,0,0.204148,0
9.35988e+07,0.770891,0.0558858,9.94429,0.32103,1.19,0.312165,1.06551,4.43269,3.42723,4.06847,3.94744,0.81054,1.00394,0.036,0.035982,0.00633229,43.4094,-2.98792,1.5495,-0.243017,0.0153285,0,0,0.230647,0
9.36188e+07,0.79238,0.0631111,9.90392,0.36394,0.621611,0.329097,0.609247,4.57421,1.44752,4.14771,1.92977,0.0610298,0.167436,0.036,0.0359541,0.00636818,43.3918,-2.98971,1.54864,-0.25711,0.0164353,0,0,0.243686,0
9.36988e+07,0.715955,0.113688,9.84471,0.659886,0.217217,0.364138,0.403733,4.15923,1.30564,4.23444,1.10978,-0.378398,-0.282192,0.038,0.0379661,0.00972096,43.3771,-3,1.54309,-0.314599,0.0211825,0,0,0.304301,0
9.37188e+07,0.723141,0.0318017,9.90393,0.183489,0.155122,0.378321,0.274631,4.17605,0.691492,4.24782,0.722323,0.216727,0.367217,0.038,0.0379578,0.0085651,43.4065,-3,1.54205,-0.329111,0.0224631,0,0,0.318843,0
9.38988e+07,0.770887,0.0703363,9.87308,0.406933,0.0912776,0.449638,-0.0139033,4.46447,0.183773,4.48612,0.074862,0.222203,0.327291,0.039,0.038899,0.00655699,43.4388,-3,1.53587,-0.463285,0.0350113,0,0,0.453449,0
9.39198e+07,0.747011,0.0631111,9.88971,0.364589,0.441375,0.448126,0.442494,4.3195,1.46382,4.49711,1.45813,0.0839727,0.0836852,0.039,0.038918,0.0055208,43.3888,-3,1.53512,-0.481717,0.0368546,0,0,0.469344,0
9.39398e+07,0.754162,0.106463,9.85653,0.617037,1.18697,0.459529,1.18244,4.37515,3.04376,4.53306,3.0331,0.0687973,0.0624222,0.038,0.0380649,0.00170408,43.3859,-3,1.53431,-0.497166,0.0384038,0,0,0.483153,0
9.39998e+07,0.799533,0.0992373,9.88735,0.573176,0.155253,0.509433,0.158176,4.62289,0.0997171,4.68878,0.101358,0.476471,0.474741,0.038,0.0378727,-0.000124406,43.4065,-3,1.53342,-0.544742,0.0434191,0,0,0.529575,0
9.40998e+07,0.844902,0.101646,9.91343,0.58533,2.48158,0.543626,2.47174,4.87118,0.187224,4.80321,0.200322,1.32401,1.30887,0.04,0.0398633,0.00110723,43.4212,-3,1.53264,-0.625436,0.0523293,0,0,0.609671,0
9.41198e+07,0.806676,0.176307,9.85423,1.02158,0.869278,0.605567,0.884462,4.6791,-0.0412741,4.80212,-0.0447802,0.510696,0.50475,0.037,0.0376154,-0.00625882,43.3859,-3,1.53309,-0.641867,0.0543167,0,0,0.627626,0
9.43398e+07,0.947585,0.07997,9.80647,0.465061,-0.360256,0.489872,-0.368487,5.51909,0.710793,4.8073,0.721811,0.793064,0.814433,0.039,0.0388286,-0.00489481,43.3976,-3,1.5364,-0.821453,0.073866,0,0,0.807665,0
9.43598e+07,0.811461,0.14018,9.86604,0.811286,-0.026039,0.500183,-0.016088,4.70141,-1.74408,4.80704,-1.7496,0.409877,0.399254,0.038,0.0380756,-0.00755007,43.4124,-3,1.53668,-0.837931,0.0755465,0,0,0.823215,0
9.43998e+07,0.856844,0.0896036,9.9229,0.515448,-0.235713,0.486912,-0.241934,4.93506,-1.56656,4.78162,-1.56915,0.478184,0.483298,0.038,0.0378108,-0.00828019,43.4094,-3,1.5388,-0.870708,0.0789484,0,0,0.858908,0
9.45208e+07,0.861617,0.0992373,9.88492,0.573015,-0.768102,0.470427,-0.760998,4.98134,-2.30025,4.7127,-2.29437,0.119961,0.114935,0.039,0.0388239,-0.00564659,43.4035,-3,1.54139,-0.967768,0.0888065,0,0,0.955972,0
9.45408e+07,0.792379,0.0655195,9.85169,0.379818,-0.642776,0.448315,-0.641895,4.59835,-2.35087,4.66848,-2.35565,0.0886186,0.0989,0.038,0.0380753,-0.00890787,43.4388,-3,1.54184,-0.9838,0.0903671,0,0,0.973903,0
9.45608e+07,0.823407,0.116096,9.93721,0.667069,-0.68573,0.439696,-0.680797,4.73644,-2.83047,4.62734,-2.82339,0.0574621,0.0603476,0.038,0.0378367,-0.00919397,43.4006,-3,1.54228,-0.999679,0.0918777,0,0,0.990476,0
9.45808e+07,0.811466,0.123321,9.93011,0.709152,-1.6282,0.433242,-1.62233,4.67134,-4.6343,4.57274,-4.62209,0.209929,0.207526,0.038,0.0378164,-0.00892201,43.4124,-3,1.54267,-1.0154,0.0933672,0,0,1.00634,0
9.46008e+07,0.825795,0.116096,9.97757,0.664376,-3.00973,0.399969,-2.99966,4.73099,-8.62453,4.4582,-8.6076,0.209481,0.207118,0.038,0.0378245,-0.00767258,43.4035,-3,1.54312,-1.03082,0.0947834,0,0,1.02427,0
9.46408e+07,0.630016,0.0318017,9.8589,0.184441,-4.12516,0.253858,-4.12432,3.6564,-12.1299,3.97764,-12.1457,0.621827,0.595203,0.038,0.0378614,-0.00585819,43.3712,-3,1.54392,-1.05972,0.0969765,0,0,1.0661,0
9.47208e+07,0.570341,-0.0452675,9.89206,-0.261757,-2.08935,-0.0214358,-2.09188,3.29978,-7.81833,3.18616,-7.82316,-0.109159,-0.0724501,0.038,0.0379126,-0.00347348,43.4241,-2.99714,1.54728,0.00525644,-0.00492611,0,0,1.11356,0
9.47408e+07,0.458098,0.00771757,9.82577,0.0449537,-2.34155,-0.0659234,-2.33441,2.66932,-5.3627,3.02796,-5.37887,-1.15824,-1.16737,0.038,0.0379215,-0.00328903,43.38,-2.99482,1.54429,-0.00532169,-0.00510384,0,0,0.00852181,0
9.48208e+07,0.384091,-0.0500844,9.86373,-0.290704,0.739456,-0.135463,0.730964,2.22993,0.74927,2.75961,0.730995,-0.403289,-0.396604,0.037,0.0369426,-0.00225024,43.3594,-2.98769,1.53205,-0.0445925,-0.00664279,0,0,0.0416349,0
9.48408e+07,0.541682,-0.0260002,9.90636,-0.150154,1.23953,-0.12093,1.23601,3.12981,2.60293,2.8037,2.60974,-0.630052,-0.629408,0.036,0.0363423,-0.00333698,43.3888,-2.986,1.52975,-0.0540934,-0.00708326,0,0,0.0466938,0
9.49208e+07,0.336323,-0.0115497,9.82821,-0.0672924,0.686346,-0.19422,0.678492,1.95991,0.442487,2.53789,0.421562,-2.18536,-2.19999,0.037,0.036954,0.00506903,43.3947,-2.98432,1.51426,-0.0915859,-0.00908856,0,0,0.0947326,0
9.49418e+07,0.398407,-0.0115497,9.8709,-0.0669861,2.25477,-0.17627,2.24922,2.3113,4.11295,2.56846,4.10488,-1.3232,-1.33104,0.037,0.0369919,0.00472761,43.3976,-2.9841,1.51086,-0.100308,-0.0097249,0,0,0.0947044,0
9.49618e+07,0.446175,-0.0524928,9.90878,-0.30322,2.36868,-0.14488,2.36452,2.57815,5.4212,2.67167,5.41931,-2.26289,-2.25356,0.035,0.0357953,0.0018985,43.3859,-2.98419,1.50717,-0.1093,-0.0102613,0,0,0.0970429,0
9.49818e+07,0.493907,0.0390269,9.92076,0.225114,1.85598,-0.0913299,1.86157,2.85011,5.41379,2.78638,5.41949,-1.27706,-1.30149,0.035,0.0350504,0.000709256,43.4065,-2.98452,1.50338,-0.118672,-0.010649,0,0,0.103555,0
9.50018e+07,0.474808,0.0245765,9.87089,0.14249,1.75729,-0.0398837,1.7579,2.7539,5.14907,2.88834,5.14475,0.29807,0.287438,0.035,0.0349738,0.00137742,43.4065,-2.98417,1.5013,-0.128423,-0.010854,0,0,0.112755,0
9.50218e+07,0.37931,-0.0332255,9.84239,-0.193272,3.4284,0.0022283,3.41505,2.20699,9.68887,2.98951,9.65419,0.800001,0.798097,0.037,0.0361633,0.00459562,43.4006,-2.98354,1.50017,-0.138506,-0.0109054,0,0,0.123299,0
9.50418e+07,0.5178,-0.0163666,9.86604,-0.0949161,5.13719,0.0706739,5.13064,3.0043,16.4614,3.21635,16.4449,0.980171,0.97231,0.037,0.0369003,0.00624985,43.3918,-2.98299,1.49928,-0.149144,-0.0107689,0,0,0.128888,0
9.51218e+07,0.644346,0.0197596,9.9111,0.113989,1.46124,0.299775,1.46091,3.7197,5.30946,3.99215,5.30101,0.946207,0.938626,0.036,0.03597,0.00722014,43.3859,-2.98244,1.49738,-0.200619,-0.0075837,0,0,0.185884,0
9.51428e+07,0.785222,0.0438438,9.99649,0.250521,1.59063,0.325882,1.62541,4.49131,5.28125,4.11061,5.74899,0.651452,0.772299,0.036,0.0359591,0.00730309,43.3888,-2.98307,1.49676,-0.214505,-0.00650652,0,0,0.196828,0
9.52228e+07,0.809098,0.051069,9.91813,0.29404,0.0393337,0.384274,0.404677,4.66367,0.635386,4.31932,1.32655,1.96414,2.10855,0.036,0.0359493,0.00735831,43.3859,-2.98846,1.49449,-0.272476,-0.00160869,0,0,0.257452,0
9.52438e+07,0.718362,0.0438438,9.86359,0.254006,-0.143615,0.383213,-0.141299,4.16544,-0.0978649,4.33193,-0.0967462,1.83442,1.83354,0.036,0.0359438,0.0063365,43.4241,-2.99041,1.49503,-0.290261,-2.60692e-05,0,0,0.290313,0
9.5324e+07,0.754169,0.0823784,9.84937,0.477802,0.0863041,0.361607,0.0830992,4.37846,0.0967228,4.36006,0.0970708,0.729657,0.733913,0.04,0.0383934,0.0126918,43.3624,-3,1.49446,-0.349811,0.00505884,0,0,0.349418,0
9.53438e+07,0.770889,0.0655195,9.86358,0.379429,0.192537,0.368369,0.191963,4.46877,0.812454,4.36474,0.81125,0.78675,0.802051,0.04,0.0398244,0.0156029,43.3535,-3,1.49413,-0.364718,0.00631297,0,0,0.363885,0
9.53638e+07,0.780435,0.0823784,9.91108,0.474748,0.0999943,0.371101,0.102087,4.50224,0.107786,4.38548,0.112564,0.1439,0.144738,0.04,0.0399727,0.015326,43.4006,-3,1.49307,-0.379692,0.00757569,0,0,0.379055,0
9.53838e+07,0.754186,0.022168,9.90388,0.127876,-0.0832815,0.361702,-0.084131,4.35469,-0.0758383,4.38633,-0.0726,0.203966,0.211983,0.038,0.0384841,0.00997181,43.3829,-3,1.49202,-0.394688,0.00883273,0,0,0.394593,0
9.54038e+07,0.799537,0.0871952,9.8992,0.503028,-0.174271,0.361989,-0.176608,4.61745,-0.410913,4.38759,-0.407675,0.0810634,0.0853096,0.038,0.0380001,0.00754628,43.3624,-3,1.49089,-0.409685,0.0100679,0,0,0.410057,0
9.54238e+07,0.715967,0.0703363,9.84701,0.408174,0.239078,0.359611,0.233643,4.1585,-0.560187,4.36817,-0.568449,0.172038,0.169909,0.038,0.0379454,0.00689123,43.3947,-3,1.48979,-0.424659,0.0113041,0,0,0.425886,0
9.55448e+07,0.747011,0.0631111,9.92058,0.363461,-0.202434,0.348191,-0.20012,4.30611,-0.399514,4.3194,-0.40077,-0.257853,-0.248823,0.037,0.0369075,0.00101559,43.3741,-3,1.4832,-0.513775,0.0185695,0,0,0.514634,0
9.55648e+07,0.792376,0.0775616,9.9443,0.445463,-1.13202,0.342861,-1.12545,4.55564,-2.33392,4.30271,-2.32669,-0.653123,-0.654953,0.038,0.0375033,0.00325827,43.33,-3,1.48158,-0.528521,0.0197566,0,0,0.53063,0
9.56048e+07,0.735076,0.0486606,9.84696,0.28235,-1.74475,0.268914,-1.7437,4.26916,-6.14246,4.1251,-6.14158,-0.47786,-0.489459,0.038,0.0379271,0.0045131,43.3565,-3,1.47756,-0.557397,0.0218348,0,0,0.565643,0
9.56248e+07,0.625249,0.000492326,9.79712,0.00287339,-0.670823,0.23576,-0.675102,3.65164,-2.73362,4.005,-2.74571,-0.170426,-0.17423,0.036,0.036732,-0.000413608,43.3771,-3,1.47605,-0.571237,0.0226866,0,0,0.57712,0
9.56448e+07,0.723133,0.0631111,9.83987,0.366491,0.20051,0.23422,0.198115,4.20303,0.888638,3.96747,0.885684,-0.138967,-0.143835,0.036,0.0359824,-0.00305117,43.4153,-3,1.47479,-0.584823,0.0234808,0,0,0.585205,0
9.56648e+07,0.723133,0.0631111,9.95383,0.362317,0.5964,0.240734,0.593934,4.15508,0.899295,3.98826,0.903465,0.348454,0.357314,0.036,0.035901,-0.00283271,43.3859,-3,1.47419,-0.598422,0.0242923,0,0,0.59681,0
9.57448e+07,0.591797,0.07997,9.90412,0.461796,-1.60711,0.200756,-1.6065,3.41939,-5.19137,3.8584,-5.19435,-0.125431,-0.13136,0.035,0.0344827,-0.00343939,43.3976,-3,1.47043,-0.652868,0.0275138,0,0,0.660041,0
9.57648e+07,0.630014,0.0390269,9.87553,0.225966,-1.49417,0.171117,-1.49564,3.65023,-4.86688,3.76775,-4.86079,-0.521669,-0.514864,0.035,0.0348618,-0.00233603,43.3918,-3,1.46925,-0.665869,0.0281378,0,0,0.672464,0
9.58448e+07,0.711205,0.022168,10.0654,0.125875,-2.22541,0.0852872,-2.21974,4.04171,-6.04468,3.55722,-6.01434,-0.603379,-0.598156,0.038,0.0379727,0.0097669,43.3859,-3,1.46709,-0.715282,0.0297923,0,0,0.720051,0
9.58658e+07,0.551238,-0.0428591,9.83748,-0.249229,-1.74212,0.0342469,-1.75054,3.20715,-9.75174,3.39957,-9.75496,-0.144369,-0.138853,0.038,0.0380004,0.0102523,43.3624,-3,1.46605,-0.727172,0.0299943,0,0,0.739846,0
9.59459e+07,0.522575,-0.0115497,9.88029,-0.0668834,1.29549,0.00794304,1.29013,3.02759,2.09449,3.27689,2.0952,0.0721112,0.0733594,0.037,0.0370253,0.00590417,43.3624,-3,1.46192,-0.771532,0.0299171,0,0,0.768406,0
9.59668e+07,0.591807,0.0414354,9.99428,0.237126,0.22302,0.0310051,0.435157,3.38876,0.560054,3.31677,1.04103,0.117701,0.213683,0.037,0.0369883,0.00686777,43.38,-3,1.4611,-0.782827,0.0299999,0,0,0.780713,0
9.59868e+07,0.670618,-0.00191609,9.91816,-0.0110437,-1.0123,0.0379382,-0.989216,3.86818,-2.62852,3.33812,-1.77915,-1.17945,-0.689426,0.037,0.0369926,0.00853584,43.38,-3,1.4601,-0.794223,0.0301355,0,0,0.794999,0
9.60268e+07,0.582268,-0.00191609,9.85888,-0.0111161,0.580413,-0.00286877,0.315947,3.37998,2.39719,3.21444,2.06891,-0.82293,-0.628488,0.037,0.0369993,0.00787908,43.3594,-3,1.45699,-0.816601,0.0302283,0,0,0.817706,0
9.60468e+07,0.64195,0.0486606,9.95388,0.279514,-0.459987,0.014652,-0.0670652,3.68999,-0.479939,3.26882,0.633858,-0.956474,-1.10842,0.036,0.0363981,0.00700145,43.3741,-3,1.45513,-0.827713,0.0302482,0,0,0.825296,0
9.60678e+07,0.608536,-0.00673292,9.96095,-0.0386559,-2.08866,0.00171766,-2.08447,3.49598,-6.40724,3.24094,-6.38344,-0.586889,-0.584029,0.036,0.0360202,0.00786213,43.3682,-3,1.45315,-0.841127,0.0303036,0,0,0.842937,0
9.60878e+07,0.460481,0.0245765,9.98961,0.140809,-2.50788,-0.0376268,-2.49789,2.63923,-8.25467,3.08769,-8.25508,-1.54392,-1.55171,0.036,0.0360049,0.00865608,43.3741,-3,1.45086,-0.851935,0.0302247,0,0,0.860428,0
9.61078e+07,0.448547,0.00530915,9.84476,0.0308668,-1.7342,-0.0907224,-1.74494,2.60871,-7.58207,2.91346,-7.58483,-1.12534,-1.13923,0.037,0.0367662,0.0114209,43.3653,-3,1.44843,-0.862142,0.0299835,0,0,0.871105,0
9.61278e+07,0.388875,-0.0813937,9.87079,-0.472079,-0.932975,-0.132296,-0.947208,2.25601,-4.07558,2.76036,-4.09591,-0.41887,-0.440394,0.037,0.0370132,0.0124054,43.3888,-3,1.44662,-0.871785,0.0296021,0,0,0.878836,0
9.61479e+07,0.427079,-0.0741685,9.89689,-0.428974,0.396786,-0.156668,0.38789,2.47087,0.771782,2.70524,0.760561,-0.525092,-0.517161,0.037,0.0370388,0.0119098,43.3447,-3,1.44557,-0.881079,0.0290954,0,0,0.881935,0
9.61678e+07,0.572722,-0.0211834,10.0535,-0.12053,-0.659257,-0.139066,-0.646908,3.26045,-0.255225,2.74044,-0.233962,-1.34648,-1.33496,0.036,0.0362942,0.0112398,43.3771,-3,1.44375,-0.890392,0.0285923,0,0,0.887087,0
9.62478e+07,0.314841,-0.0428591,9.80207,-0.250393,0.286038,-0.28842,0.276476,1.83968,0.192223,2.23497,0.177788,-0.00734073,-0.0337549,0.035,0.0350679,0.00942468,43.3947,-3,1.4336,-0.92455,0.0255237,0,0,0.926315,0
9.62678e+07,0.450965,-0.103069,9.84934,-0.598929,0.726754,-0.281842,0.718616,2.62139,2.24817,2.24974,2.24255,1.36277,1.37117,0.035,0.0350457,0.0102552,43.3947,-3,1.43397,-0.932193,0.024558,0,0,0.928879,0
9.63478e+07,0.369763,-0.0476759,9.80913,-0.278278,3.27084,-0.191843,3.26252,2.15876,8.85385,2.48128,8.83662,1.06928,1.0668,0.036,0.0360679,0.0141751,43.4065,-3,1.43091,-0.964472,0.0211692,0,0,0.954463,0
9.65688e+07,0.749404,0.0438438,9.89205,0.25322,-0.00713253,0.316448,-0.00621437,4.33231,0.768545,4.22486,0.775983,0.630176,0.625997,0.036,0.0359978,0.0128702,43.4182,-3,1.43894,-1.10105,0.0268273,0,0,1.09592,0
9.65888e+07,0.732695,0.022168,9.86829,0.128355,-0.0984018,0.318464,-0.100981,4.24626,0.0815523,4.2242,0.0744658,0.612953,0.605259,0.035,0.0353906,0.0103761,43.4329,-3,1.43856,-1.1155,0.0279199,0,0,1.11262,0
9.66088e+07,0.730311,0.010126,9.89439,0.0584778,0.206627,0.305849,0.203437,4.22138,0.874216,4.226,0.871453,0.30565,0.306559,0.035,0.0350099,0.00852806,43.43,-2.99937,1.43802,-0.00331409,0.000317675,0,0,1.12664,0
9.66288e+07,0.732685,0.0607027,9.87072,0.351385,0.387727,0.310982,0.39304,4.24509,1.69361,4.24657,1.69472,0.137198,0.130916,0.035,0.0349644,0.00767975,43.3976,-2.99651,1.4367,-0.0178013,0.00136403,0,0,0.0131467,0
9.66488e+07,0.804319,0.0655195,9.89204,0.378242,-0.0867256,0.33011,-0.0830758,4.64837,-0.0811763,4.27248,-0.0725559,0.136809,0.133828,0.036,0.0355563,0.00947148,43.4065,-2.99394,1.4354,-0.0323798,0.0024701,0,0,0.028124,0
9.66688e+07,0.677772,0.0318017,9.84223,0.184693,0.53844,0.330474,0.534882,3.93936,1.2007,4.26325,1.18998,0.0601461,0.0628999,0.036,0.0359253,0.00951441,43.4124,-2.99167,1.4341,-0.0469737,0.00360509,0,0,0.0438612,0
9.66888e+07,0.725513,0.092012,9.93963,0.52897,0.292137,0.344646,0.293961,4.17454,1.51525,4.28899,1.51619,0.257903,0.259263,0.036,0.0359569,0.00879378,43.4124,-2.98963,1.43297,-0.0616015,0.00476529,0,0,0.0565562,0
9.67688e+07,0.744615,0.0944205,9.84465,0.547944,0.244886,0.353087,0.243748,4.32522,1.05264,4.31405,1.0488,0.300164,0.290647,0.038,0.0379777,0.0118538,43.4418,-2.98441,1.42874,-0.120582,0.0095331,0,0,0.117086,0
9.67888e+07,0.742229,0.0847868,9.8114,0.493708,0.808134,0.363433,0.805999,4.32601,2.23804,4.33875,2.23029,0.192448,0.190698,0.038,0.0379679,0.0103636,43.3829,-2.98386,1.42771,-0.135381,0.0107588,0,0,0.130521,0
9.68688e+07,0.806704,0.0727447,9.89917,0.419643,0.139249,0.426724,0.135412,4.65873,-0.351624,4.54217,-0.348979,-0.133363,-0.120087,0.038,0.0379335,0.0074753,43.3947,-2.98444,1.42436,-0.19655,0.0163623,0,0,0.193603,0
9.68888e+07,0.797158,0.0534774,9.8849,0.308965,-0.0591455,0.423293,-0.0620177,4.61052,0.000729561,4.53666,-0.00257171,0.202108,0.201996,0.038,0.0379278,0.00636273,43.3918,-2.98543,1.42345,-0.212066,0.0178206,0,0,0.209386,0
9.6969e+07,0.7876,0.07997,9.93956,0.45953,-0.171432,0.450186,-0.172349,4.53044,-0.350707,4.62294,-0.352985,0.260127,0.252652,0.04,0.0398477,0.0097889,43.3918,-2.99243,1.42022,-0.27478,0.0238379,0,0,0.271855,0
9.69898e+07,0.804309,0.101646,9.90397,0.586084,-0.0947655,0.447011,-0.0967672,4.6426,-0.0752048,4.6183,-0.071193,0.121988,0.125412,0.04,0.0399251,0.00914875,43.4006,-2.99498,1.41946,-0.290572,0.0253662,0,0,0.287659,0
9.70098e+07,0.778038,0.116096,9.86602,0.672097,-0.277312,0.444446,-0.275319,4.50872,-1.0347,4.60969,-1.03207,0.167327,0.164692,0.039,0.0395643,0.00731695,43.3976,-2.99786,1.41869,-0.306357,0.0268878,0,0,0.304015,0
9.70298e+07,0.780445,0.0462522,9.84217,0.268411,-0.428413,0.436728,-0.430426,4.53379,-0.924319,4.59116,-0.922558,0.151392,0.15333,0.039,0.0389769,0.00439028,43.3888,-3,1.41799,-0.322076,0.0283992,0,0,0.320162,0
9.70498e+07,0.825814,0.0486606,9.83501,0.282485,-0.336599,0.438926,-0.339664,4.79962,0.0529447,4.59681,0.0629468,0.196137,0.199934,0.039,0.0389062,0.00313556,43.43,-3,1.41744,-0.337769,0.029896,0,0,0.33469,0
9.70698e+07,0.797162,0.0390269,9.88488,0.225479,-0.276296,0.441895,-0.269403,4.61058,0.466191,4.59743,0.454317,0.179854,0.188739,0.04,0.0392567,0.00336354,43.4065,-3,1.41689,-0.353497,0.0313965,0,0,0.35071,0
9.70908e+07,0.742234,0.0679279,9.90872,0.39168,0.120071,0.429784,0.213621,4.28376,-0.0239193,4.61701,-0.261831,0.0415155,-0.0116587,0.04,0.0398351,0.00496734,43.4065,-3,1.41633,-0.369256,0.032875,0,0,0.36548,0
9.71108e+07,0.778053,0.0631111,9.87544,0.365025,0.272508,0.431633,0.101738,4.50475,-0.130755,4.61539,-0.130461,0.102223,0.153347,0.04,0.0398971,0.00494048,43.4006,-3,1.41567,-0.385034,0.0343557,0,0,0.381928,0
9.71308e+07,0.78521,0.0871952,9.91108,0.502486,0.16494,0.435314,0.223537,4.52965,0.235521,4.61281,0.14375,0.177895,0.181186,0.04,0.0399018,0.0046288,43.4241,-3,1.41513,-0.400804,0.0358326,0,0,0.39768,0
9.71508e+07,0.773279,0.0582943,9.87069,0.33734,0.393654,0.434925,0.131321,4.47938,0.540058,4.61576,0.292852,0.177062,0.208436,0.04,0.0399,0.00408643,43.3947,-3,1.41466,-0.416587,0.0373297,0,0,0.413191,0
9.71708e+07,0.775656,0.0944205,9.88024,0.545851,0.346232,0.44258,0.45427,4.48864,1.07118,4.627,1.0835,0.298322,0.250821,0.04,0.0398938,0.00319754,43.4182,-3,1.41424,-0.432392,0.038831,0,0,0.428325,0
9.71908e+07,0.804325,0.0438438,9.87776,0.253475,0.329862,0.455139,0.239857,4.65516,0.335114,4.64879,0.252908,0.312824,0.2928,0.039,0.0395226,0.00123057,43.4006,-3,1.41381,-0.448257,0.0403742,0,0,0.44371,0
9.72708e+07,0.866393,0.0992373,9.88966,0.572719,0.0224999,0.456064,0.0869486,5.00642,0.209314,4.68049,0.672869,0.127634,-0.383261,0.038,0.037913,-0.00435666,43.4006,-3,1.41215,-0.512015,0.0465996,0,0,0.507857,0
9.73918e+07,0.809088,0.0871952,9.92768,0.501555,-0.0551363,0.468807,-0.0539554,4.65903,-0.0962458,4.69507,-0.0948337,0.214778,0.210841,0.037,0.0368178,-0.00794934,43.4124,-3,1.41097,-0.611536,0.0564092,0,0,0.605312,0
9.74918e+07,0.80909,0.0823784,9.91818,0.474301,0.0371832,0.466888,0.0363131,4.6635,-0.19978,4.69727,-0.199733,0.0580564,0.0621839,0.037,0.0368189,-0.00790259,43.4241,-3,1.41097,-0.691753,0.0643716,0,0,0.685591,0
9.75918e+07,0.830582,0.0751532,9.87066,0.434693,-0.0384233,0.475163,-0.040447,4.80977,-0.0895584,4.6993,-0.0904472,0.146024,0.152167,0.038,0.0378311,-0.0050565,43.3829,-3,1.41171,-0.772052,0.072371,0,0,0.765828,0
9.76318e+07,0.823415,0.0871952,9.88019,0.50389,0.00736809,0.47745,0.00534503,4.76384,-0.20997,4.69341,-0.210568,0.205515,0.205939,0.038,0.0378321,-0.00571546,43.4035,-3,1.41226,-0.804163,0.0756292,0,0,0.798122,0
9.76518e+07,0.832961,0.106463,9.86596,0.616057,0.0226306,0.481081,0.0191722,4.82563,-0.209461,4.69564,-0.210311,0.0825566,0.0856204,0.038,0.0378293,-0.00618787,43.4271,-3,1.41256,-0.820215,0.077272,0,0,0.813968,0
9.76718e+07,0.85207,0.0847868,9.87303,0.490206,0.0378438,0.482561,0.0372624,4.93238,-0.178175,4.69082,-0.179647,0.203974,0.203198,0.037,0.0372293,-0.00808537,43.4241,-3,1.41292,-0.836255,0.0789225,0,0,0.830103,0
9.76918e+07,0.825803,0.0871952,9.92292,0.501725,0.02245,0.481983,0.0241627,4.75711,-0.17761,4.69267,-0.17673,0.417156,0.407982,0.037,0.0368562,-0.00884385,43.4006,-3,1.41329,-0.852294,0.0805745,0,0,0.846108,0
9.77118e+07,0.84012,0.123321,9.86123,0.713899,0.053041,0.486482,0.0529853,4.86913,-0.161511,4.6945,-0.164696,0.263489,0.265848,0.037,0.0368158,-0.00923487,43.3947,-3,1.41373,-0.868339,0.0822316,0,0,0.862154,0
9.77518e+07,0.797146,0.0992373,9.87548,0.573871,0.114235,0.494825,0.111037,4.61466,-0.282312,4.69409,-0.280791,0.109375,0.114115,0.037,0.0368079,-0.00962607,43.4271,-3,1.4146,-0.900447,0.0855956,0,0,0.89425,0
9.77718e+07,0.818641,0.0823784,9.85407,0.477328,-0.0538186,0.49025,-0.0512025,4.74886,-0.0678713,4.69175,-0.0690373,0.0326266,0.032759,0.037,0.0368072,-0.00979332,43.4594,-3,1.415,-0.91649,0.0872779,0,0,0.910339,0
9.77918e+07,0.823408,0.113688,9.87311,0.657444,-0.0387146,0.48772,-0.036688,4.76707,-0.0978539,4.69599,-0.233105,0.2761,0.301506,0.036,0.0368062,-0.00982265,43.4065,-3,1.41548,-0.92933,0.0886145,0,0,0.926281,0
9.78118e+07,0.818636,0.101646,9.94432,0.583653,-0.0233171,0.492513,-0.0241819,4.70584,-0.142984,4.69949,-0.143564,0.199137,0.197591,0.036,0.0358572,-0.0128496,43.4388,-3,1.41613,-0.948608,0.090631,0,0,0.942431,0
9.78918e+07,0.823415,0.0896036,9.91818,0.515838,-0.0686386,0.494284,-0.0677641,4.74566,-0.171161,4.6971,-0.167986,0.135515,0.135276,0.036,0.0357937,-0.0116871,43.4035,-3,1.41862,-1.01288,0.0973164,0,0,1.0067,0
9.79118e+07,0.830584,0.0679279,9.84216,0.394033,-0.0989965,0.490388,-0.0509216,4.82367,-0.170355,4.69726,-0.199945,-0.0177345,0.0496919,0.036,0.0357969,-0.0115816,43.4329,-3,1.41918,-1.02573,0.0986657,0,0,1.02275,0
9.80118e+07,0.813857,0.111279,9.90635,0.641423,0.146043,0.495933,0.141076,4.6963,0.169283,4.70825,0.165113,0.176937,0.176456,0.037,0.0368127,-0.00758264,43.4212,-3,1.42352,-1.10936,0.107439,0,0,1.10326,0
9.80918e+07,0.823421,0.0655195,9.83979,0.380177,-0.266284,0.489173,0.041125,4.78342,-0.195655,4.7117,-0.0318919,0.28112,0.142539,0.037,0.0368205,-0.00752832,43.4094,-2.99168,1.42024,-0.0515347,0.00537552,0,0,0.0484753,0
9.81328e+07,0.806699,0.092012,9.84934,0.533452,-0.00631094,0.487725,-0.0106403,4.68209,-0.147404,4.71425,-0.148266,0.188177,0.188895,0.037,0.0368203,-0.00759219,43.4153,-2.9879,1.41781,-0.0870069,0.00904451,0,0,0.0812566,0
9.81928e+07,0.816242,0.120913,9.89687,0.697597,0.00893617,0.493089,0.00659648,4.71444,-0.0687513,4.71003,-0.0702386,0.186248,0.181515,0.036,0.0358129,-0.010127,43.4153,-2.98528,1.41475,-0.135333,0.0140703,0,0,0.129188,0
9.82929e+07,0.799529,0.113688,9.93248,0.653668,-0.0213265,0.501803,-0.0230448,4.60188,-0.110968,4.71563,-0.112433,0.275215,0.262975,0.036,0.035949,-0.00932506,43.4035,-2.98741,1.41021,-0.215843,0.0226401,0,0,0.209569,0
9.83138e+07,0.849687,0.0679279,9.86351,0.393122,-0.0822855,0.503254,-0.0836672,4.92344,-0.125268,4.72156,-0.126458,0.198207,0.194917,0.036,0.0358232,-0.0099241,43.4094,-2.9888,1.40943,-0.231979,0.0243659,0,0,0.225861,0
9.84148e+07,0.849678,0.0992373,9.86356,0.574307,-0.03583,0.506097,-0.065515,4.92324,-0.275152,4.71658,-0.0949164,0.225279,0.190818,0.037,0.0368268,-0.00685736,43.4094,-3,1.4061,-0.3127,0.0329711,0,0,0.3065,0
9.84348e+07,0.825807,0.0727447,9.88728,0.420078,-0.0968044,0.502458,-0.065431,4.77426,-0.0607028,4.71682,-0.167133,0.132874,0.139666,0.037,0.0368249,-0.00701228,43.4329,-3,1.40558,-0.328835,0.0347009,0,0,0.322638,0
9.85148e+07,0.821026,0.092012,9.8517,0.533262,-0.0203495,0.494919,0.0104931,4.76373,-0.104037,4.70856,-0.253674,0.237222,0.0927447,0.037,0.0368316,-0.00612426,43.4153,-3,1.40366,-0.393328,0.0415929,0,0,0.38711,0
9.85348e+07,0.864014,0.0679279,9.88249,0.392323,-0.0506684,0.499476,-0.126769,4.99647,-0.179982,4.70528,-0.0129795,0.206009,0.238498,0.037,0.0368307,-0.00606333,43.3976,-3,1.40328,-0.409423,0.0432956,0,0,0.4032,0
9.87148e+07,0.766108,0.0847868,9.84937,0.491725,0.0423704,0.488366,-0.0354965,4.44749,-0.0984583,4.72796,-0.0876279,0.200619,0.157027,0.036,0.0359206,-0.00907488,43.43,-3,1.4012,-0.554641,0.0584298,0,0,0.548421,0
9.87348e+07,0.813861,0.0992373,9.86597,0.574342,-0.125665,0.486976,0.116921,4.71551,-0.143623,4.72409,-0.115504,0.0780587,0.120462,0.036,0.0358216,-0.00946488,43.4124,-3,1.40109,-0.570795,0.0600994,0,0,0.564568,0
9.87548e+07,0.81626,0.0582943,9.90389,0.336099,0.0275456,0.480878,-0.142775,4.71148,-0.0823224,4.73268,-0.0817846,0.092465,0.262577,0.036,0.0358101,-0.00975761,43.4182,-3,1.40113,-0.586962,0.0617554,0,0,0.580633,0
9.87748e+07,0.797158,0.0534774,9.89915,0.308523,-0.0950186,0.481453,-0.223452,4.60391,0.238641,4.72608,0.0547912,0.0922663,0.119904,0.037,0.0367166,-0.00657883,43.4212,-3,1.40103,-0.603134,0.063395,0,0,0.596851,0
9.87948e+07,0.778046,0.0871952,9.85173,0.505523,-0.0643239,0.483115,-0.200067,4.51542,-0.539657,4.73589,-0.399855,0.137589,0.15358,0.037,0.0368171,-0.00625601,43.4241,-3,1.40104,-0.619311,0.0650404,0,0,0.612741,0
9.88148e+07,0.861631,0.0486606,9.87772,0.281186,-0.170705,0.483946,-0.261845,4.98522,-0.263729,4.7266,-0.245206,0.0150367,0.141539,0.037,0.036827,-0.00641045,43.3918,-3,1.40106,-0.635474,0.066692,0,0,0.629499,0
9.88348e+07,0.787607,0.0534774,9.83505,0.310545,-0.10937,0.478914,-0.0183362,4.5785,0.149037,4.72544,0.0847775,0.197719,0.166025,0.037,0.0368262,-0.00689664,43.3976,-3,1.40114,-0.651637,0.0683345,0,0,0.645456,0
9.8915e+07,0.761339,0.0582943,9.90156,0.336325,-0.153576,0.468831,0.013514,4.39679,-0.09008,4.71136,-0.0961167,0.0125645,0.10476,0.037,0.0368223,-0.00730543,43.4506,-3,1.40177,-0.716309,0.0748712,0,0,0.710544,0
9.89358e+07,0.787583,0.14018,9.87318,0.810861,0.0452906,0.468466,-0.0181528,4.56037,-0.302948,4.70974,-0.559041,0.164869,0.0866846,0.038,0.0368228,-0.00728575,43.4153,-3,1.40197,-0.732411,0.0764682,0,0,0.726152,0
9.89558e+07,0.830583,0.0727447,9.91102,0.419062,-0.0610896,0.473466,-0.0605655,4.79029,-0.271996,4.70985,-0.266693,0.103203,0.103519,0.038,0.0377692,-0.00461149,43.4476,-3,1.40232,-0.751724,0.0784175,0,0,0.742483,0
9.89758e+07,0.825811,0.0582943,9.89913,0.336233,-0.457402,0.466757,-0.453277,4.76864,0.0654192,4.70584,0.0588746,0.224574,0.227805,0.038,0.0378315,-0.00456843,43.4182,-3,1.40272,-0.767823,0.0800227,0,0,0.758475,0
9.89958e+07,0.81387,0.0655195,9.8208,0.380937,-0.0440327,0.459704,-0.135532,4.73729,-0.177665,4.69749,-0.306113,0.0558485,0.149637,0.038,0.0378396,-0.00410011,43.4476,-3,1.40305,-0.780683,0.0812845,0,0,0.774626,0
9.90158e+07,0.847293,0.0896036,9.9229,0.51549,-0.0591239,0.462704,-0.0611368,4.88031,-0.31397,4.69014,-0.317134,-0.0208935,-0.0132443,0.038,0.0378402,-0.00442424,43.4035,-3,1.40344,-0.799938,0.0831791,0,0,0.790744,0
9.91158e+07,0.847292,0.092012,9.94428,0.528215,-0.454491,0.455779,-0.407581,4.86986,-0.219149,4.68853,-0.107255,0.159191,0.304795,0.039,0.0368189,-0.00807319,43.4447,-3,1.40586,-0.876982,0.0908546,0,0,0.871351,0
9.91358e+07,0.809094,0.0679279,9.89679,0.391943,-0.0111119,0.45458,-0.0119218,4.67361,-0.203873,4.68886,-0.19685,0.0665861,0.0710343,0.039,0.0387137,-0.00228701,43.4182,-3,1.40665,-0.89622,0.0927244,0,0,0.886879,0
9.91558e+07,0.837743,0.0847868,9.88492,0.489681,-0.37709,0.451163,-0.372071,4.84404,-0.538656,4.69473,-0.538241,0.142485,0.142248,0.039,0.03884,-0.00183599,43.4094,-3,1.40724,-0.912267,0.0942714,0,0,0.902753,0
9.91758e+07,0.801926,0.0823784,9.94193,0.473203,-0.452286,0.44684,-0.146859,4.61139,-1.22245,4.68467,-1.00718,0.309563,0.16244,0.038,0.0388536,-0.00188778,43.4065,-3,1.40782,-0.925088,0.095495,0,0,0.919466,0
9.91958e+07,0.811479,0.0751532,9.88967,0.433933,-0.510719,0.441842,-0.511965,4.69066,-1.35417,4.6559,-1.35718,0.781267,0.775484,0.038,0.0379089,-0.0048839,43.4182,-3,1.40901,-0.944251,0.0973207,0,0,0.936322,0
9.92158e+07,0.811475,0.092012,9.85884,0.532921,-0.462158,0.43364,-0.466271,4.70517,-0.404761,4.63982,-0.40182,0.777988,0.776932,0.038,0.0378446,-0.00557948,43.4153,-3,1.41042,-0.960129,0.0988125,0,0,0.95235,0
9.92358e+07,0.847293,0.0896036,9.92528,0.515368,-0.490555,0.422681,-0.491694,4.87915,-1.80485,4.62716,-1.8021,0.530985,0.539839,0.038,0.0378389,-0.00504815,43.3947,-3,1.41166,-0.975973,0.100278,0,0,0.967333,0
9.92558e+07,0.825814,0.0486606,9.90149,0.280602,-0.884785,0.408895,-0.885662,4.76755,-3.13964,4.59641,-3.12896,0.0717272,0.0800214,0.038,0.0378422,-0.00480415,43.4418,-3,1.4125,-0.991736,0.101706,0,0,0.984827,0
9.92758e+07,0.730304,0.0366185,9.82795,0.212894,-0.576957,0.391102,-0.576051,4.24974,-1.6466,4.52344,-1.66213,0.223563,0.225054,0.038,0.0378449,-0.00523367,43.4182,-3,1.41338,-1.0073,0.103068,0,0,1.00203,0
9.92958e+07,0.809092,0.0751532,9.93004,0.432189,-0.726971,0.383726,-0.725552,4.65799,-1.94732,4.51641,-1.93631,0.19249,0.188953,0.038,0.0378434,-0.0053484,43.4447,-3,1.41418,-1.02275,0.104396,0,0,1.01599,0
9.93158e+07,0.735071,0.0679279,9.88261,0.39273,-1.19608,0.369565,-1.19964,4.25374,-4.4847,4.45915,-4.47694,0.481407,0.480376,0.039,0.0387575,-0.00187743,43.4329,-3,1.41522,-1.0381,0.105686,0,0,1.03168,0
9.93358e+07,0.692101,0.0245765,9.87782,0.142206,-0.689366,0.347278,-0.684365,4.00793,-1.75126,4.36428,-1.77046,0.403344,0.399923,0.039,0.038859,-0.00218146,43.4094,-3,1.41637,-1.05315,0.106899,0,0,1.05005,0
9.93558e+07,0.79954,0.0751532,9.90868,0.433148,-0.549063,0.337072,-0.548797,4.61312,-0.572698,4.35235,-0.566569,1.14892,1.13309,0.039,0.0388699,-0.00210146,43.43,-3,1.4179,-1.06803,0.108065,0,0,1.0618,0
9.94358e+07,0.637167,0.0751532,9.83047,0.437096,-1.06951,0.196978,-1.06344,3.70836,-4.00063,3.94738,-4.01727,-0.033787,-0.0319673,0.037,0.0369835,-0.00499997,43.4065,-2.9953,1.42301,-0.011515,-0.00188769,0,0,0.0112232,0
9.94558e+07,0.625242,0.0245765,9.86126,0.142507,-0.515266,0.175865,-0.524139,3.6279,-2.20236,3.87914,-2.20364,0.22567,0.21805,0.037,0.0368886,-0.00528456,43.4359,-2.99261,1.42163,-0.0248666,-0.00125356,0,0,0.0225755,0
9.95358e+07,0.603757,0.00530915,9.866,0.0307748,-1.24549,0.0893057,-1.24787,3.50189,-3.0148,3.5942,-3.03224,-0.00354719,0.00931461,0.039,0.0389498,0.00438022,43.4359,-2.98463,1.41594,-0.0764321,0.000653195,0,0,0.0768696,0
9.95558e+07,0.587042,0.00530915,9.92537,0.0305945,-0.738248,0.067673,-0.736209,3.38485,-1.44878,3.54771,-1.45094,-0.994215,-0.984877,0.039,0.0389535,0.00428374,43.4065,-2.98357,1.4139,-0.0886271,0.000909122,0,0,0.085914,0
9.97358e+07,0.582267,0.000492326,9.90637,0.00284257,-1.09719,-0.0383968,-1.09857,3.36381,-3.09182,3.0645,-3.08083,-1.08344,-1.08338,0.036,0.0361789,0.00251482,43.4271,-2.98759,1.38889,-0.188167,0.000408394,0,0,0.182258,0
9.97558e+07,0.407954,0.00290074,9.89228,0.0167867,-0.606488,-0.0488765,-0.601478,2.36152,-2.14703,2.98635,-2.1649,-0.3778,-0.385839,0.036,0.0359908,0.00287347,43.4594,-2.98879,1.38677,-0.198515,0.000250079,0,0,0.196473,0
9.97758e+07,0.419897,-0.00914133,9.87088,-0.0530131,1.75953,-0.0570599,1.74927,2.43583,2.77011,2.9569,2.74715,-0.0106844,-0.00478886,0.036,0.0359701,0.0021983,43.4153,-2.98991,1.38528,-0.208649,4.85579e-05,0,0,0.205462,0
9.98158e+07,0.627634,0.00771757,9.92771,0.0444516,1.39236,0.026064,1.40035,3.61745,4.45057,3.17969,4.46648,0.477873,0.480584,0.036,0.0359704,0.0041077,43.4771,-2.9926,1.3826,-0.229608,-5.16962e-05,0,0,0.214203,0
9.98358e+07,0.618088,-0.00914133,9.8897,-0.0528569,0.228715,0.0407549,0.232303,3.57622,0.363463,3.25483,0.374923,0.659049,0.660505,0.036,0.0359762,0.00523096,43.3859,-2.99402,1.38179,-0.240667,7.39599e-05,0,0,0.227823,0
9.98558e+07,0.470058,-0.0669433,9.81851,-0.390193,1.41809,0.0340086,1.41051,2.74086,3.12466,3.24653,3.09326,0.39674,0.41264,0.037,0.0368862,0.00742388,43.4476,-2.99562,1.38108,-0.251785,0.000202293,0,0,0.244238,0
9.98758e+07,0.524957,0.00771757,9.86607,0.0447553,2.66241,0.0676958,2.66054,3.04574,8.84151,3.33155,8.82841,0.288615,0.294651,0.037,0.0369811,0.00768382,43.4506,-2.99761,1.38001,-0.263017,0.000378712,0,0,0.251746,0
9.98958e+07,0.675379,0.051069,9.97285,0.292727,2.31587,0.120463,2.32095,3.87421,7.78276,3.52042,7.79657,0.516079,0.517898,0.037,0.03699,0.00903308,43.3918,-2.99976,1.37909,-0.274799,0.000716876,0,0,0.255678,0
9.99158e+07,0.704031,0.0582943,9.9301,0.335506,1.57476,0.158387,1.57669,4.05534,4.9781,3.67157,4.98317,0.575112,0.567243,0.039,0.0388089,0.0152231,43.3829,-3,1.37828,-0.287166,0.00120585,0,0,0.268851,0
9.99358e+07,0.644341,0.0366185,9.96573,0.210091,1.49237,0.195132,1.48981,3.69932,4.5166,3.7662,4.51611,0.160857,0.178047,0.039,0.0390017,0.0156002,43.4124,-3,1.37738,-0.299925,0.00182817,0,0,0.285068,0
9.99558e+07,0.630016,0.0318017,9.85652,0.184486,2.24842,0.225623,2.24519,3.65727,7.66948,3.85801,7.65641,0.281974,0.287843,0.039,0.0390134,0.0142497,43.4271,-3,1.37634,-0.312979,0.00255121,0,0,0.29839,0
1.00036e+08,0.773286,0.0318017,9.95137,0.18255,1.02985,0.362559,1.03313,4.4433,3.13957,4.31796,3.14924,0.341549,0.34147,0.038,0.0374577,0.0105117,43.4124,-3,1.37159,-0.369477,0.00672482,0,0,0.354106,0
1.00156e+08,0.981024,0.0462522,9.98208,0.264207,1.22434,0.442799,1.21923,5.61286,1.81706,4.68587,1.86629,0.0834569,0.0858097,0.037,0.0370801,0.00491511,43.43,-3,1.3682,-0.46058,0.0147852,0,0,0.440782,0
1.00176e+08,0.770877,0.108871,9.85415,0.631064,0.0305868,0.461343,0.0338637,4.47279,0.686061,4.68744,0.673368,0.144534,0.141201,0.037,0.0369239,0.00406307,43.4241,-3,1.36715,-0.476629,0.0163435,0,0,0.463339,0
1.00196e+08,0.823416,0.0847868,9.96803,0.485685,-0.0455174,0.467651,-0.0446927,4.72207,-1.0567,4.70582,-1.04371,0.067438,0.0702966,0.037,0.0369028,0.00392465,43.4359,-3,1.36631,-0.492697,0.0179341,0,0,0.482329,0
1.00216e+08,0.794759,0.0944205,9.94433,0.542273,-0.258235,0.462644,-0.25707,4.56921,0.0445514,4.68401,0.0491647,0.295859,0.295556,0.038,0.0377462,0.00614393,43.4506,-3,1.36552,-0.508729,0.0195257,0,0,0.499859,0
1.00236e+08,0.751778,0.0944205,9.95861,0.541681,0.32235,0.455783,0.324574,4.31689,0.106479,4.67579,0.100839,0.0810595,0.0695691,0.038,0.0378956,0.00581467,43.4359,-3,1.36479,-0.524737,0.0210861,0,0,0.515193,0
1.00257e+08,0.883107,0.101646,9.95851,0.582507,0.734398,0.457733,0.731264,5.0674,0.0741167,4.69111,0.0824212,0.00440025,-0.000635072,0.038,0.0379078,0.00522516,43.4153,-3,1.36393,-0.540743,0.0226456,0,0,0.53098,0
1.00277e+08,0.813869,0.0679279,9.93715,0.390347,0.412696,0.457693,0.415547,4.68206,0.39587,4.68167,0.392474,0.0501716,0.0505798,0.038,0.0379051,0.00462195,43.4476,-3,1.36305,-0.556762,0.0242179,0,0,0.547217,0
1.00357e+08,0.809103,0.0342101,9.91335,0.197067,0.332131,0.472042,0.322133,4.66597,-0.752889,4.70632,-0.744302,-0.181648,-0.162441,0.039,0.0388941,0.00623436,43.4124,-3,1.36047,-0.621037,0.0306578,0,0,0.611889,0
1.00377e+08,0.770877,0.106463,9.93487,0.612121,0.0707749,0.486083,0.0769997,4.43661,-0.184632,4.67654,-0.18885,-0.120671,-0.112077,0.039,0.0389064,0.0054638,43.43,-3,1.35977,-0.637069,0.032299,0,0,0.628457,0
1.00457e+08,0.80671,0.0534774,9.88964,0.308794,2.5316,0.421007,2.51945,4.66329,2.69958,4.37573,2.70213,-4.90333,-4.9303,0.038,0.0380618,0.000267145,43.4565,-3,1.34529,-0.698853,0.0383015,0,0,0.693909,0
1.00477e+08,0.918956,-0.0115497,9.95829,-0.0661711,9.24564,0.491115,9.21252,5.27235,-3.01287,4.41538,-2.98803,-0.172249,-0.231826,0.038,0.0379075,0.000701484,43.43,-3,1.34212,-0.713916,0.0398626,0,0,0.702096,0
1.00557e+08,0.441384,0.00290074,9.74505,0.0170374,31.8898,1.01761,31.8041,2.59334,-25.8018,3.04626,-25.8451,5.33114,5.24427,0.039,0.0390012,0.009566,43.4506,-3,1.35965,-0.767068,0.0493629,0,0,0.800328,0
1.00577e+08,0.474676,0.499034,9.87165,2.89063,36.3783,1.75488,36.3969,2.74943,-20.1682,2.57823,-20.1783,10.3693,10.3558,0.04,0.0398511,0.0113877,43.4506,-3,1.36868,-0.776481,0.054277,0,0,0.807449,0
1.00757e+08,-0.174911,0.83862,9.79441,4.89309,-16.4239,4.54918,-16.4019,-1.01936,16.2103,-0.74586,16.191,-6.30236,-6.28753,0.04,0.040213,0.0117564,43.4241,-3,1.41219,-0.794037,0.162965,0,0,0.785666,0
1.00777e+08,-0.205893,0.621863,9.96503,3.57013,-19.3745,4.19465,-19.3806,-1.18135,15.5475,-0.37907,15.5686,-5.66675,-5.67992,0.04,0.0399976,0.0131068,43.4624,-3,1.40776,-0.792252,0.177843,0,0,0.771033,0
1.00797e+08,0.137975,0.554428,10.0453,3.15879,-14.1145,3.811,-14.1366,0.785726,9.23423,-0.0863942,9.26505,-3.23448,-3.27218,0.04,0.0400121,0.0165334,43.4594,-3,1.40525,-0.791549,0.191361,0,0,0.770108,0
1.00817e+08,0.169047,0.448457,10,2.56737,-1.58883,3.55297,-1.64099,0.967497,-0.253131,0.0752511,-0.214723,-1.98684,-1.9901,0.041,0.0408012,0.0227473,43.43,-3,1.40515,-0.791627,0.203798,0,0,0.778874,0
1.00837e+08,0.0424656,0.539977,9.95044,3.10618,8.93215,3.57649,8.90403,0.244161,-6.3473,0.0464673,-6.33726,0.292537,0.270602,0.041,0.0410648,0.0257806,43.4212,-3,1.40717,-0.791874,0.215925,0,0,0.791648,0
1.00857e+08,-0.0722023,0.725425,9.82975,4.2206,10.6298,3.79714,10.6447,-0.419705,-5.48179,-0.0859928,-5.49405,1.50956,1.50866,0.041,0.0410908,0.0259156,43.4212,-3,1.41156,-0.791771,0.228585,0,0,0.800322,0
1.00878e+08,-0.0602859,0.807311,9.84649,4.68709,1.92633,3.98613,1.98026,-0.34962,-1.51238,-0.178324,-1.52677,-0.204258,-0.177988,0.04,0.0403326,0.0234099,43.4153,-3,1.41551,-0.79126,0.241992,0,0,0.798985,0
1.00898e+08,-0.0913024,0.715791,9.86774,4.14871,-6.81413,3.98189,-6.79007,-0.528731,1.23818,-0.208486,1.22181,-2.50489,-2.48523,0.04,0.040089,0.0226669,43.4006,-3,1.41735,-0.790577,0.25568,0,0,0.793378,0
1.00918e+08,-0.00531132,0.612229,9.91023,3.5351,-7.24244,3.82385,-7.24881,-0.0306488,2.84693,-0.168319,2.85194,-4.06436,-4.05743,0.04,0.0400703,0.0231812,43.4065,-3,1.41742,-0.789925,0.268989,0,0,0.788631,0
1.00958e+08,0.035284,0.605004,9.90781,3.49431,5.02176,3.67914,5.00076,0.203663,-0.0826907,-0.0775426,-0.0748668,0.852396,0.833959,0.042,0.0420728,0.0313566,43.4418,-3,1.4226,-0.789182,0.2943,0,0,0.787045,0
1.00978e+08,0.0256985,0.727833,9.97687,4.17244,3.09273,3.80146,3.11747,0.147191,-2.85661,-0.0778802,-2.84731,2.32684,2.31631,0.042,0.0421271,0.032722,43.4241,-3,1.42915,-0.788934,0.307133,0,0,0.789243,0
1.00998e+08,-0.0602524,0.68689,9.91515,3.96287,-3.27473,3.81848,-3.25172,-0.347338,-1.22738,-0.136888,-1.24293,-0.411122,-0.38888,0.04,0.0406331,0.0282495,43.4476,-3,1.43477,-0.78855,0.320213,0,0,0.792452,0
1.01018e+08,-0.0124702,0.595371,9.88172,3.44788,-5.378,3.7146,-5.38242,-0.072173,2.2224,-0.138855,2.21007,-2.49715,-2.48341,0.04,0.0401571,0.0265975,43.4094,-3,1.43796,-0.788061,0.333088,0,0,0.790139,0
1.01038e+08,0.0209462,0.643539,9.97199,3.69243,-3.42012,3.61919,-3.42608,0.1201,1.28302,-0.0863265,1.28732,-1.6178,-1.63206,0.04,0.0401132,0.0276204,43.4153,-3,1.44107,-0.7877,0.345586,0,0,0.785385,0
1.01179e+08,-0.0697897,0.636314,9.87471,3.68688,-5.81237,3.55417,-5.67499,-0.404094,2.84543,-0.355844,2.50724,-1.93766,-2.43035,0.04,0.0401188,0.0281758,43.4565,-3,1.48125,-0.783188,0.432126,0,0,0.785967,0
1.01199e+08,-0.0148339,0.508668,9.86971,2.95031,-2.35658,3.43422,-3.5889,-0.0859997,2.72635,-0.293842,3.09615,-0.817733,-0.930963,0.04,0.0401253,0.0290831,43.4388,-3,1.48707,-0.782091,0.444053,0,0,0.779705,0
1.01219e+08,-0.00767305,0.518301,9.96707,2.97678,3.77962,3.38876,2.60277,-0.0440491,1.17586,-0.233558,1.59359,0.466108,0.295654,0.04,0.0401354,0.0301524,43.4359,-3,1.49418,-0.781214,0.455665,0,0,0.777668,0
1.01239e+08,-0.060227,0.595371,9.90076,3.44121,6.09547,3.4675,5.95567,-0.347901,0.196338,-0.215249,0.360586,1.24144,1.24622,0.041,0.0408911,0.0330767,43.4418,-3,1.50274,-0.780468,0.467395,0,0,0.778806,0
1.01259e+08,-0.0196651,0.708566,9.88666,4.09931,2.54805,3.59294,3.76044,-0.113673,0.835897,-0.211105,0.6502,0.42801,0.890394,0.041,0.0411273,0.0336631,43.4624,-3,1.5118,-0.779737,0.479516,0,0,0.779709,0
1.01279e+08,-0.0172452,0.592962,9.91259,3.4233,-4.39544,3.63307,-3.59829,-0.0995009,1.60905,-0.180845,1.58149,-1.66189,-1.09659,0.041,0.0411498,0.0338534,43.4594,-3,1.51955,-0.779065,0.49194,0,0,0.778467,0
1.01299e+08,-0.00528588,0.52071,9.86973,3.02003,-1.64616,3.53168,-3.0702,-0.030643,0.657707,-0.141525,0.708601,-1.22639,-1.91753,0.042,0.0419089,0.0365799,43.4447,-3,1.52587,-0.778529,0.504162,0,0,0.77665,0
1.01319e+08,0.0854433,0.552019,10.005,3.15793,5.72151,3.49908,4.67562,0.488553,-1.43476,-0.117897,-0.6583,0.683403,0.319334,0.042,0.0421534,0.0376444,43.4506,-3,1.53414,-0.778092,0.516134,0,0,0.777165,0
1.01339e+08,-0.0363706,0.674848,9.86762,3.91235,7.25111,3.61862,7.5619,-0.210691,-4.62871,-0.141511,-4.67747,1.76237,1.80518,0.042,0.0421831,0.0388583,43.4388,-3,1.54431,-0.777672,0.528317,0,0,0.778963,0
1.01359e+08,-0.0674173,0.691707,9.83444,4.02319,3.91336,3.77138,4.77341,-0.391801,-2.17038,-0.244173,-2.97742,0.962943,1.1231,0.042,0.0421764,0.0376824,43.4476,-3,1.55489,-0.776974,0.541017,0,0,0.783242,0
1.01379e+08,-0.0697984,0.667623,9.89376,3.86033,0.560662,3.84341,0.803521,-0.403286,0.352659,-0.290225,0.053896,-0.885583,-0.291542,0.042,0.0421648,0.0368247,43.4447,-3,1.56458,-0.776031,0.554094,0,0,0.780556,0
1.01399e+08,0.0113989,0.629088,9.91974,3.62871,1.88587,3.84588,1.38922,0.0657071,0.165922,-0.28046,0.920847,-1.7356,-1.70935,0.042,0.0421612,0.036912,43.4388,-3,1.57292,-0.775044,0.567251,0,0,0.775647,0
1.01479e+08,-0.103251,0.749509,9.98651,4.29189,4.12346,4.22675,3.74079,-0.590701,-12.3019,-0.729291,-12.1691,-1.52164,-1.54273,0.041,0.0411402,0.0359627,43.4506,-3,1.61393,-0.769459,0.622394,0,0,0.786291,0
1.01579e+08,-0.30149,0.922915,9.82551,5.36356,-2.5351,4.83932,-1.29795,-1.74984,2.70445,-1.71373,1.77181,-0.83694,-1.20529,0.041,0.0410596,0.0314654,43.4476,-3,1.67222,-0.746476,0.700787,0,0,0.754835,0
1.016e+08,-0.201183,0.857888,9.94878,4.92744,-8.33239,4.76214,-8.30892,-1.15419,2.24948,-1.63336,2.26025,-1.70358,-1.68869,0.04,0.0403089,0.0293613,43.4594,-3,1.68593,-0.739603,0.720527,0,0,0.741897,0
1.0168e+08,-0.320532,0.706158,9.80857,4.11566,-18.1167,3.93413,-18.1068,-1.86686,11.3954,-1.37871,11.3701,-2.07971,-2.04773,0.04,0.040079,0.0267887,43.4418,-3,1.73356,-0.718578,0.780357,0,0,0.714995,0
1.017e+08,-0.210665,0.609821,9.82731,3.55005,-20.0403,3.55079,-20.0414,-1.22569,15.3552,-1.13478,15.3378,-2.52923,-2.53205,0.04,0.0400908,0.0257277,43.4359,-3,1.74469,-0.714334,0.793044,0,0,0.7038,0
1.0178e+08,0.245482,0.361754,9.89537,2.09304,-36.484,1.80493,-36.4471,1.42014,34.9964,0.87365,35.01,-6.76592,-6.74901,0.041,0.040883,0.0253468,43.4035,-3,1.79043,-0.710722,0.83018,0,0,0.663399,0
1.018e+08,0.38886,-0.0260002,10.151,-0.146646,-39.2169,1.00331,-39.2485,2.19377,28.9658,1.57253,28.9953,-7.1018,-7.12622,0.041,0.041144,0.029874,43.4329,-3,1.79744,-0.715184,0.834772,0,0,0.661848,0
1.0182e+08,0.610965,-0.156055,10.0747,-0.885802,-21.4001,0.266733,-21.4725,3.46996,17.2254,2.12757,17.2721,-4.70485,-4.73966,0.041,0.0411909,0.0328507,43.43,-3,1.8062,-0.721755,0.836586,0,0,0.674214,0
1.0184e+08,0.508287,-0.153646,9.92756,-0.885521,-6.76283,-0.0803973,-6.81087,2.93061,5.64965,2.41336,5.68283,-0.529306,-0.565592,0.038,0.0389458,0.0271467,43.4212,-3,1.81898,-0.7297,0.836695,0,0,0.695979,0
1.0186e+08,0.462915,-0.141604,9.86351,-0.821598,4.51291,-0.172388,4.46924,2.68676,0.781015,2.49235,0.792289,0.98205,0.956175,0.038,0.0382263,0.0251432,43.4506,-3,1.83421,-0.738151,0.836167,0,0,0.720668,0
1.0188e+08,0.396024,-0.0284086,9.90174,-0.164253,11.2298,-0.0320369,11.2082,2.29034,-0.866786,2.48664,-0.869396,2.91331,2.9043,0.038,0.0381481,0.025122,43.4153,-3,1.85148,-0.746693,0.835821,0,0,0.73759,0
1.019e+08,0.3936,0.101646,9.85446,0.590496,14.3695,0.213005,14.3671,2.28713,1.40843,2.46819,1.40024,2.5051,2.51307,0.039,0.0388885,0.0267203,43.43,-3,1.86921,-0.755152,0.836178,0,0,0.74944,0
1.0192e+08,0.369683,0.238925,9.84046,1.38988,10.9715,0.527123,10.9965,2.15083,3.33887,2.49739,3.33223,3.10458,3.10296,0.039,0.039121,0.0265258,43.4447,-3,1.88712,-0.763654,0.837556,0,0,0.755705,0
1.0194e+08,0.307612,0.193165,9.82857,1.12536,2.68127,0.725165,2.71214,1.7923,9.3941,2.56394,9.36053,1.79597,1.81156,0.039,0.0391344,0.0247475,43.4271,-3,1.90458,-0.772318,0.839823,0,0,0.76118,0
1.0196e+08,0.410272,0.255784,9.86894,1.48338,-8.54987,0.760417,-8.50342,2.37973,14.8882,2.77509,14.8705,0.0970899,0.10262,0.04,0.0398726,0.0260525,43.4153,-3,1.92026,-0.781489,0.842437,0,0,0.763206,0
1.0198e+08,0.508231,0.0486606,9.935,0.28026,-15.2042,0.527092,-15.192,2.92841,17.5552,3.09167,17.5504,-2.85999,-2.83605,0.04,0.0400991,0.026265,43.4624,-3,1.93337,-0.791609,0.844609,0,0,0.763749,0
1.02e+08,0.644474,-0.440247,10.5633,-2.38212,-13.875,0.179747,-13.9058,3.48831,16.4021,3.43755,16.4102,-2.45029,-2.47546,0.04,0.0401143,0.0286003,43.43,-3,1.94508,-0.8029,0.845742,0,0,0.769705,0
1.0202e+08,0.565492,0.21725,9.92573,1.25183,3.85851,0.220557,3.89279,3.25997,2.19179,3.63457,2.17132,7.00364,6.98214,0.04,0.0401169,0.0281495,43.4241,-3,1.96499,-0.815258,0.846208,0,0,0.783195,0
1.0204e+08,1.09808,-0.127154,9.73953,-0.74327,0.961435,0.262098,0.843806,6.43207,12.7431,3.85373,12.7378,2.64511,2.70667,0.04,0.0400954,0.0248615,43.4182,-3,1.98501,-0.828003,0.847158,0,0,0.814041,0
1.02101e+08,0.317248,-0.110295,10.0394,-0.629124,1.42366,0.483908,1.44209,1.80986,3.58869,4.63587,3.61945,-0.562896,-0.61957,0.039,0.0390365,0.0206323,43.4447,-3,2.02897,-0.872702,0.851172,0,0,0.835958,0
1.02121e+08,0.8473,0.0655195,9.97747,0.374892,-0.730498,0.462388,-0.725263,4.85388,0.0391927,4.60471,0.0572652,1.89036,1.8871,0.039,0.0390167,0.0200997,43.3829,-3,2.04571,-0.888419,0.852759,0,0,0.868016,0
1.02201e+08,0.813868,0.0727447,9.83981,0.422133,0.126939,0.440141,0.125149,4.72814,0.0270832,4.59565,0.0241159,0.151986,0.155117,0.038,0.0376954,0.0109912,43.4476,-3,2.10896,-0.95127,0.858856,0,0,0.939422,0
1.02221e+08,0.830581,0.07997,9.95614,0.45861,-0.102344,0.442814,-0.100587,4.76864,-0.811877,4.59979,-0.80418,-0.229959,-0.222604,0.038,0.0379249,0.0106397,43.4418,-3,2.12403,-0.96699,0.860368,0,0,0.954568,0
1.02301e+08,0.763707,0.130547,9.89693,0.753484,0.44035,0.471083,0.440595,4.41216,0.573923,4.60535,0.56693,0.381722,0.383871,0.039,0.038937,0.00936938,43.4447,-3,2.18035,-1.02977,0.866473,0,0,1.01527,0
1.02321e+08,0.837738,0.104054,9.8802,0.601236,0.300662,0.489369,0.310853,4.84622,0.418776,4.62392,0.4223,0.288924,0.285613,0.039,0.0389315,0.00810233,43.4329,-3,2.1958,-1.04556,0.868123,0,0,1.03226,0
1.02401e+08,0.792389,0.0293933,9.88012,0.169909,3.74388,0.490593,3.73122,4.58531,-1.37648,4.62197,-1.37596,0.13473,0.113869,0.038,0.0379414,0.00314888,43.4212,-3,2.25698,-1.10885,0.874794,0,0,1.09657,0
1.02421e+08,0.794737,0.173898,9.90647,1.00245,5.78364,0.603626,5.79194,4.58597,-1.67576,4.5942,-1.6737,0.820019,0.81905,0.038,0.0378984,0.00244833,43.4388,-3,2.27282,-1.12459,0.876675,0,0,1.11349,0
1.02501e+08,0.744565,0.272643,9.75947,1.59558,3.37476,0.33675,3.38787,4.36104,-6.5257,4.25305,-6.54594,1.55042,1.44832,0.039,0.0389323,0.00612268,43.4065,-2.99612,2.26095,-0.0557813,0.0155077,0,0,0.0511937,0
1.02521e+08,0.821003,0.176307,9.83047,1.02391,-0.476331,0.413665,-0.473355,4.77328,0.0533869,4.21035,0.0360885,1.96759,1.9907,0.039,0.0389295,0.00456439,43.4153,-2.99226,2.26179,-0.0702061,0.0168636,0,0,0.0665347,0
1.02601e+08,0.723125,0.092012,10.1011,0.520568,18.8468,1.11432,18.8247,4.09458,-23.9018,3.63399,-23.853,4.37978,4.3455,0.038,0.0379592,0.00755265,43.4329,-2.98415,2.25961,-0.126209,0.0261705,0,0,0.135526,0
1.02622e+08,0.620389,0.301544,10.0683,1.71225,25.4728,1.51812,25.4337,3.52443,-33.2147,3.10211,-33.1835,8.45612,8.41733,0.04,0.0391915,0.014483,43.4212,-2.97839,2.26502,-0.137612,0.0307751,0,0,0.159041,0
1.02723e+08,-0.394697,1.21433,9.5554,7.23641,19.0148,5.37472,22.3697,-2.34647,-13.7186,-0.86018,-18.1458,3.92177,4.86914,0.041,0.0409609,0.016701,43.4153,-2.94997,2.2965,-0.156573,0.08978,0,0,0.216942,0
1.02903e+08,-0.0125003,0.703749,9.80355,4.10594,-0.99098,3.70426,-0.414778,-0.072869,0.213203,-0.0272896,-0.22233,-1.23318,-0.990852,0.041,0.041093,0.0256383,43.4359,-2.9681,2.28152,-0.142856,0.227243,0,0,0.145959,0
1.02923e+08,-0.045928,0.696524,9.87954,4.03273,-5.46985,3.68175,-3.97683,-0.265695,1.91941,-0.0220369,1.63931,-1.59385,-1.60756,0.042,0.0416925,0.027371,43.4447,-2.96913,2.28241,-0.142767,0.239884,0,0,0.143824,0
1.02943e+08,0.0209342,0.68689,9.80349,4.00792,-11.7585,3.56685,-10.4309,0.122049,4.82454,0.0143246,3.65618,-2.74627,-2.35583,0.042,0.0420707,0.0285248,43.4212,-2.97058,2.28299,-0.142757,0.252281,0,0,0.140989,0
1.02963e+08,-0.100839,0.662806,9.78931,3.87322,-17.3663,3.33173,-16.3075,-0.588831,11.1767,0.114667,10.0465,-3.83154,-3.80668,0.042,0.042114,0.0273836,43.4153,-2.97323,2.28224,-0.142998,0.264032,0,0,0.138177,0
1.02983e+08,0.123669,0.479767,9.80307,2.80162,-18.2855,2.98124,-18.3522,0.721902,18.6467,0.334448,17.4173,-3.17729,-3.03191,0.041,0.0417559,0.0246795,43.3947,-2.97573,2.28193,-0.143799,0.274746,0,0,0.131037,0
1.03003e+08,0.195325,0.405106,9.97858,2.32435,-21.2478,2.59874,-20.6413,1.12047,18.6771,0.728321,19.2168,-4.52755,-4.14583,0.041,0.0411809,0.0232518,43.4388,-2.9786,2.28137,-0.145737,0.284175,0,0,0.122265,0
1.03023e+08,0.238325,0.33767,9.87872,1.95713,-23.4463,2.15037,-23.3322,1.38119,16.4328,1.11499,16.5822,-5.96267,-5.88283,0.041,0.0411348,0.024436,43.3976,-2.98269,2.27943,-0.149039,0.29217,0,0,0.119437,0
1.03043e+08,0.341037,0.210024,9.96627,1.20654,-19.0035,1.66272,-20.1848,1.95941,16.784,1.45172,17.3901,-5.35198,-5.61158,0.04,0.0407721,0.0233732,43.4418,-2.98729,2.27707,-0.153541,0.298524,0,0,0.12584,0
1.03063e+08,0.364918,0.200391,9.97811,1.14975,-13.2427,1.28675,-14.2673,2.09406,13.6674,1.81051,14.5047,-2.55552,-3.4668,0.04,0.0401961,0.0229233,43.4388,-2.99097,2.27614,-0.159254,0.303405,0,0,0.130961,0
1.03083e+08,0.470007,0.116096,9.94702,0.66795,-9.8373,1.0285,-10.3898,2.70509,11.3116,2.09908,11.6063,-1.05245,-1.28775,0.04,0.0401389,0.0240679,43.4447,-2.9926,2.27814,-0.166054,0.307259,0,0,0.139329,0
1.03103e+08,0.128572,0.022168,9.98515,0.127192,-6.3057,0.820396,-7.62622,0.737715,11.2498,2.3699,11.892,-0.117964,-0.442022,0.039,0.039764,0.0226099,43.3947,-2.99363,2.28119,-0.17381,0.310342,0,0,0.150568,0
1.03123e+08,0.486708,0.166673,9.90197,0.963166,-5.12725,0.710026,-4.18741,2.81357,10.5628,2.58647,11.0869,1.90899,1.89183,0.039,0.0391767,0.0212841,43.4388,-2.99348,2.28605,-0.182318,0.31287,0,0,0.159229,0
1.03143e+08,0.565512,0.144997,9.89237,0.838383,-8.30845,0.600978,-7.521,3.27149,9.43796,2.80954,9.99982,-1.7574,-0.998328,0.039,0.039107,0.0210615,43.4329,-2.99374,2.29066,-0.19163,0.3151,0,0,0.168331,0
1.03223e+08,0.68975,-0.105478,9.83726,-0.612814,-1.77118,0.232409,-2.42181,4.01056,5.07436,3.40371,4.55608,0.525403,0.355354,0.039,0.0384339,0.0203067,43.4212,-3,2.30078,-0.235544,0.319112,0,0,0.222843,0
1.03243e+08,0.744625,0.0558858,9.74962,0.327468,1.09412,0.237724,0.747663,4.3674,5.73064,3.524,4.60556,0.947284,1.43183,0.039,0.0390054,0.0204006,43.4153,-3,2.30632,-0.247446,0.319843,0,0,0.23275,0
1.03323e+08,0.68255,0.0245765,9.8992,0.141909,0.991335,0.449217,1.26961,3.94429,1.85652,4.23504,2.34804,1.39943,2.20265,0.037,0.0369976,0.0123066,43.43,-3,2.32834,-0.301067,0.324728,0,0,0.277162,0
1.03343e+08,0.651503,0.0438438,9.88501,0.253577,0.865202,0.445937,0.855891,3.77077,1.60558,4.23957,1.80283,0.740236,0.559725,0.037,0.0369813,0.0114648,43.4241,-3,2.33324,-0.315574,0.32626,0,0,0.299084,0
1.03363e+08,0.689701,0.0703363,9.90164,0.40601,0.480544,0.452219,0.450841,3.98441,0.792031,4.22971,0.733986,1.0561,1.29541,0.037,0.0369774,0.0113133,43.4153,-3,2.33868,-0.330056,0.327798,0,0,0.316215,0
1.03383e+08,0.706408,0.0992373,9.83994,0.576334,1.42429,0.462234,1.02139,4.106,2.48173,4.24005,1.90976,2.0899,1.34552,0.037,0.0369728,0.0102773,43.4035,-3,2.34405,-0.344535,0.329363,0,0,0.33164,0
1.03403e+08,0.906979,0.12573,9.92054,0.723095,2.02802,0.493068,2.01055,5.22329,4.92409,4.30786,5.01194,3.45182,3.52507,0.039,0.0376911,0.011101,43.3918,-3,2.35146,-0.35914,0.331008,0,0,0.345246,0
1.03423e+08,0.818668,-0.0139582,9.93938,-0.0801905,1.28837,0.539107,1.32303,4.70859,1.74803,4.46117,2.69508,3.31646,3.46931,0.039,0.0388429,0.0139246,43.4094,-3,2.3592,-0.374209,0.332809,0,0,0.355974,0
1.03443e+08,0.539293,-0.0235918,9.95623,-0.135566,0.155216,0.52642,0.281557,3.10047,-0.0568862,4.45616,0.269524,1.99316,1.92755,0.039,0.0389654,0.0143992,43.4153,-3,2.36622,-0.389496,0.334627,0,0,0.372643,0
1.03523e+08,0.754181,0.0414354,9.87542,0.239703,0.857101,0.490317,0.742487,4.36713,0.475792,4.40249,0.0896335,2.14706,2.73373,0.039,0.0389639,0.0109405,43.4359,-3,2.39541,-0.450009,0.341629,0,0,0.439726,0
1.03543e+08,0.785213,0.0751532,9.83984,0.43621,0.91499,0.494962,0.855438,4.56237,1.03709,4.42523,0.993825,0.798529,0.769433,0.039,0.0389541,0.00978373,43.4035,-3,2.40119,-0.465098,0.343315,0,0,0.453219,0
1.03643e+08,0.837723,0.157039,9.8969,0.905826,0.381114,0.566316,0.948734,4.83766,-0.868157,4.56665,-0.53,0.0482488,0.142211,0.037,0.0381852,0.0033635,43.4153,-3,2.42846,-0.541977,0.352425,0,0,0.529313,0
1.03723e+08,0.830565,0.137772,9.97523,0.788556,0.0535436,0.591227,0.390695,4.75917,-1.84514,4.63601,-1.17174,-0.0412257,-0.344179,0.038,0.0377722,0.000710419,43.4124,-3,2.45064,-0.604824,0.36031,0,0,0.590901,0
1.03743e+08,0.868775,0.120913,9.92769,0.695136,0.64826,0.587844,0.82514,5.00086,-1.3952,4.61334,-1.29425,-0.681452,-0.697299,0.038,0.0378685,0.000559751,43.43,-3,2.45515,-0.620636,0.36233,0,0,0.609673,0
1.03944e+08,0.871161,0.128138,9.90395,0.738406,0.437012,0.605063,0.358347,5.02643,-0.733107,4.5755,-0.721387,0.125081,0.0967061,0.039,0.0368486,-0.00461028,43.4182,-3,2.50549,-0.777337,0.382663,0,0,0.765817,0
1.03964e+08,0.842516,0.0944205,9.93716,0.542448,0.221697,0.609006,0.222928,4.84598,-0.638077,4.57663,-0.640745,0.0177484,0.0191552,0.039,0.0387418,0.0010392,43.3918,-3,2.51182,-0.796121,0.385164,0,0,0.797291,0
1.04044e+08,0.852069,0.0871952,9.88728,0.503408,0.338579,0.609134,0.339421,4.92529,-0.671213,4.58899,-0.67469,0.121778,0.12646,0.038,0.0378616,-0.00326444,43.4035,-3,2.53363,-0.858772,0.393536,0,0,0.859851,0
1.04084e+08,0.804309,0.0992373,9.88734,0.573154,0.320844,0.599117,0.318538,4.65039,-0.909396,4.5901,-0.903294,-0.0165864,-0.00284152,0.038,0.03785,-0.00386504,43.4035,-3,2.54459,-0.890168,0.397649,0,0,0.891238,0
1.04104e+08,0.837746,0.0727447,9.92051,0.418639,0.258579,0.598834,0.259726,4.82681,-0.661708,4.58956,-0.664066,0.181331,0.183131,0.038,0.0378485,-0.00394398,43.4271,-3,2.5502,-0.905867,0.399702,0,0,0.90699,0
1.04124e+08,0.804312,0.0896036,9.88021,0.517888,0.364258,0.59773,0.228803,4.65379,-0.674064,4.58719,-0.64756,0.226725,0.148992,0.038,0.0378469,-0.00434801,43.4241,-3,2.55463,-0.918421,0.401342,0,0,0.90699,0
1.04144e+08,0.825811,0.0582943,9.88014,0.336875,0.317185,0.600453,0.318332,4.77776,-0.747428,4.57922,-0.748316,0.150009,0.142462,0.038,0.037847,-0.00421319,43.4359,-3,2.56135,-0.937224,0.40381,0,0,0.938282,0
1.04164e+08,0.809086,0.0944205,9.91107,0.544017,0.361622,0.597726,0.363612,4.66676,-0.744346,4.57273,-0.744108,0.195162,0.194672,0.038,0.0378457,-0.00443946,43.4124,-3,2.56706,-0.95287,0.405857,0,0,0.953945,0
1.04244e+08,0.825801,0.0944205,9.83746,0.547984,0.310807,0.593701,0.324893,4.7982,-0.747368,4.57489,-0.807623,0.224068,0.0612814,0.039,0.0378423,-0.00500336,43.4624,-3,2.58878,-1.0123,0.413598,0,0,1.00084,0
1.04264e+08,0.871173,0.0823784,9.84452,0.47757,0.355526,0.595157,0.352615,5.05694,-0.851266,4.58215,-0.848075,0.162068,0.164891,0.039,0.0387864,-0.00282818,43.4476,-3,2.59589,-1.03108,0.416044,0,0,1.03215,0
1.04344e+08,0.825802,0.0896036,9.90868,0.516319,0.2738,0.598782,0.275555,4.7639,-0.808696,4.58134,-0.804932,0.0374811,0.0383697,0.038,0.0378382,-0.00657241,43.4153,-3,2.61968,-1.09373,0.424219,0,0,1.09472,0
1.04364e+08,0.813869,0.0679279,9.82318,0.394845,0.287888,0.594617,0.288705,4.73613,-0.714277,4.57886,-0.774753,0.14397,0.0339014,0.038,0.0378301,-0.00709194,43.4329,-3,2.62447,-1.10626,0.425853,0,0,1.09472,0
1.04384e+08,0.840131,0.0823784,9.89916,0.475083,0.408692,0.588555,0.408383,4.85084,-0.833746,4.57834,-0.829395,0.219645,0.217562,0.038,0.0378261,-0.00722581,43.4124,-2.99694,2.62327,-0.0146956,0.00243047,0,0,0.0156602,0
1.04404e+08,0.828194,0.0751532,9.89916,0.43346,0.300458,0.587761,0.300496,4.78227,-0.738813,4.56982,-0.739462,0.219231,0.211053,0.038,0.037829,-0.00673395,43.4447,-2.99427,2.62082,-0.0303302,0.00444751,0,0,0.0314664,0
1.04424e+08,0.842515,0.0968289,9.91105,0.557738,0.268761,0.586986,0.269353,4.85867,-0.705364,4.56447,-0.705924,0.0201025,0.0243717,0.038,0.037832,-0.00625462,43.4212,-2.9919,2.61843,-0.0459441,0.00645811,0,0,0.0469521,0
1.04444e+08,0.828189,0.0944205,9.85882,0.546794,0.374497,0.585246,0.37219,4.80163,-0.717949,4.56832,-0.716126,0.141769,0.140388,0.039,0.0387419,-0.0035606,43.4212,-2.98982,2.61611,-0.0615612,0.00845945,0,0,0.062501,0
1.04464e+08,0.806695,0.106463,9.86836,0.616044,0.373135,0.59114,0.371416,4.67302,-0.623711,4.57316,-0.623992,0.0957066,0.0929318,0.039,0.0388387,-0.00356317,43.4006,-2.98814,2.61374,-0.0771965,0.0104714,0,0,0.0780906,0
1.04544e+08,0.804308,0.104054,9.86598,0.602264,0.383715,0.596502,0.38077,4.66038,-0.658104,4.57764,-0.658969,0.185123,0.18764,0.038,0.0378259,-0.007486,43.4359,-2.98424,2.60503,-0.139836,0.018563,0,0,0.140825,0
1.04565e+08,0.825797,0.108871,9.87072,0.629729,0.351904,0.594208,0.349321,4.78201,-0.670719,4.57659,-0.669565,0.215076,0.211633,0.039,0.0387322,-0.005011,43.4153,-2.98404,2.60297,-0.155482,0.0205948,0,0,0.156412,0
1.04645e+08,0.873559,0.092012,9.88965,0.53099,0.224979,0.595072,0.225018,5.04765,-0.827569,4.58771,-0.825253,0.259075,0.250712,0.038,0.0378288,-0.00845146,43.4271,-2.9865,2.59501,-0.218123,0.0287392,0,0,0.219182,0
1.04665e+08,0.792364,0.120913,9.88501,0.698564,0.34595,0.592779,0.345356,4.58258,-0.595708,4.59214,-0.596023,0.120989,0.127002,0.038,0.0378183,-0.00847082,43.48,-2.98787,2.59316,-0.233825,0.0307681,0,0,0.234757,0
1.04745e+08,0.849675,0.111279,9.87308,0.643375,0.142601,0.602657,0.147024,4.91843,-0.752854,4.57966,-0.752815,0.103837,0.110591,0.038,0.0377119,-0.00814003,43.4359,-2.99657,2.58606,-0.29646,0.0389659,0,0,0.297414,0
1.04765e+08,0.899818,0.116096,9.85168,0.672367,0.294058,0.607289,0.294079,5.21836,-0.704546,4.58804,-0.700471,0.118653,0.11802,0.038,0.0378123,-0.00749396,43.3859,-2.99952,2.58439,-0.312126,0.0410313,0,0,0.312988,0
1.04965e+08,0.809094,0.0655195,9.8588,0.379494,0.221931,0.587951,0.221668,4.69155,-0.64756,4.60425,-0.648129,0.114472,0.116016,0.038,0.0378274,-0.00703869,43.4418,-3,2.56995,-0.46945,0.0615945,0,0,0.470334,0
1.04985e+08,0.844908,0.0775616,9.8754,0.448355,0.20568,0.583585,0.205983,4.88999,-0.431319,4.60306,-0.433755,-0.0383636,-0.0311468,0.038,0.0378259,-0.00719393,43.4271,-3,2.56864,-0.485191,0.0635992,0,0,0.486005,0
1.05005e+08,0.854458,0.0847868,9.87303,0.490196,0.265793,0.579044,0.268319,4.94614,-0.581292,4.60908,-0.582855,0.0531242,0.0531852,0.038,0.0378258,-0.0071021,43.4359,-3,2.56741,-0.500946,0.0655843,0,0,0.501929,0
1.05025e+08,0.859237,0.0727447,9.87776,0.42036,0.356164,0.58196,0.354162,4.97134,-0.548216,4.61066,-0.551164,0.0681547,0.066284,0.038,0.0378277,-0.00679015,43.4182,-3,2.56623,-0.516706,0.0675726,0,0,0.517584,0
1.05045e+08,0.837738,0.101646,9.8707,0.587882,0.278784,0.581142,0.278189,4.85088,-0.576122,4.60516,-0.578167,0.17446,0.175127,0.037,0.03692,-0.0096181,43.3771,-3,2.56521,-0.532459,0.0695587,0,0,0.533384,0
1.05065e+08,0.830587,0.0582943,9.88251,0.336781,0.277792,0.583972,0.276887,4.80412,-0.619476,4.60388,-0.61867,0.311278,0.300487,0.037,0.0368222,-0.00977547,43.38,-3,2.56423,-0.548206,0.0715575,0,0,0.549073,0
1.05085e+08,0.83058,0.0823784,9.88967,0.475574,0.307462,0.58789,0.30369,4.80053,-0.601637,4.60729,-0.602523,-0.00974631,-0.0110412,0.037,0.036813,-0.00936435,43.4094,-3,2.56316,-0.563959,0.073567,0,0,0.564851,0
1.05105e+08,0.799524,0.132955,9.91827,0.765525,0.367254,0.595751,0.364387,4.60831,-0.568602,4.60127,-0.569504,-0.01011,-0.000618855,0.038,0.0377228,-0.00614338,43.3976,-3,2.56218,-0.579704,0.0755899,0,0,0.580567,0
1.05125e+08,0.828196,0.0679279,9.90389,0.391602,0.289646,0.594244,0.28933,4.78003,-0.764743,4.59749,-0.758667,0.096398,0.0978171,0.038,0.0378252,-0.00534129,43.4124,-3,2.56126,-0.595434,0.0776284,0,0,0.596302,0
1.05145e+08,0.830581,0.0775616,9.88254,0.448088,0.181668,0.590222,0.182271,4.80401,-0.640064,4.59328,-0.640318,0.233235,0.232209,0.038,0.037838,-0.00525519,43.4006,-3,2.56044,-0.611141,0.0796555,0,0,0.611994,0
1.05165e+08,0.840127,0.0968289,9.86119,0.560549,0.333224,0.587621,0.335241,4.86934,-0.728989,4.59094,-0.727287,0.140944,0.140493,0.038,0.0378399,-0.00521717,43.4447,-3,2.55966,-0.626843,0.081667,0,0,0.627802,0
1.05185e+08,0.840149,0.0197596,9.89906,0.113959,0.270922,0.583348,0.271808,4.85115,-0.634975,4.5951,-0.632939,-0.0273992,-0.0198726,0.038,0.0378372,-0.00561912,43.4329,-3,2.55882,-0.642554,0.083678,0,0,0.643369,0
1.05205e+08,0.830573,0.106463,9.86122,0.616364,0.239122,0.585671,0.239786,4.81417,-0.556018,4.59619,-0.556099,0.231813,0.228275,0.038,0.0378337,-0.00636226,43.4153,-3,2.55809,-0.65827,0.0856769,0,0,0.659163,0
1.05225e+08,0.844908,0.0775616,9.8849,0.447927,0.176891,0.586905,0.179517,4.88531,-0.599415,4.6019,-0.603172,0.0939096,0.095751,0.038,0.0378302,-0.00653188,43.4124,-3,2.55736,-0.673998,0.0876795,0,0,0.674849,0
1.05245e+08,0.816246,0.108871,9.88023,0.629178,0.343831,0.587031,0.342367,4.72243,-0.53583,4.60364,-0.53787,0.200246,0.19998,0.038,0.0378307,-0.0062882,43.3976,-3,2.55674,-0.68974,0.0896876,0,0,0.690601,0
1.05265e+08,0.825808,0.0703363,9.8398,0.408117,0.312228,0.591381,0.310231,4.7972,-0.502742,4.60005,-0.505711,0.0776626,0.0783681,0.038,0.0378306,-0.00668762,43.3859,-3,2.55608,-0.705479,0.0917149,0,0,0.706362,0
1.05285e+08,0.823419,0.0727447,9.9229,0.418589,0.250144,0.593595,0.251301,4.74351,-0.607189,4.59674,-0.606633,0.168895,0.166687,0.038,0.0378293,-0.00650811,43.4153,-3,2.55549,-0.721201,0.0937503,0,0,0.722075,0
1.05365e+08,0.8449,0.106463,9.90157,0.613795,0.367765,0.604259,0.364582,4.87695,-0.734747,4.61335,-0.731514,0.151635,0.156863,0.039,0.0388266,-0.00393756,43.4006,-3,2.55361,-0.784105,0.101973,0,0,0.784911,0
1.05385e+08,0.830577,0.092012,9.90868,0.530174,0.259755,0.603035,0.259471,4.79131,-0.625467,4.61332,-0.62403,-0.00152028,0.00135641,0.039,0.0388429,-0.00377956,43.4006,-3,2.55321,-0.799883,0.104039,0,0,0.800694,0
1.05405e+08,0.821023,0.104054,9.88259,0.601176,0.228318,0.602057,0.225744,4.74883,-0.561998,4.6108,-0.563443,0.0440071,0.0361163,0.038,0.0379984,-0.00649776,43.3976,-3,2.55283,-0.815651,0.106101,0,0,0.816471,0
1.05425e+08,0.806698,0.0968289,9.91583,0.557638,0.227308,0.608708,0.227911,4.65081,-0.788687,4.60412,-0.784617,-0.0325286,-0.035717,0.038,0.0378438,-0.00698955,43.38,-3,2.55245,-0.831408,0.10818,0,0,0.832279,0
1.05445e+08,0.8664,0.0751532,9.86588,0.434768,0.272202,0.599922,0.27107,5.01857,-0.587992,4.60352,-0.587091,0.181037,0.177487,0.038,0.0378278,-0.00716022,43.3947,-3,2.55217,-0.847143,0.110245,0,0,0.847863,0
1.05465e+08,0.852069,0.0896036,9.86829,0.5183,0.301527,0.599921,0.302441,4.93471,-0.433253,4.60862,-0.432734,0.180399,0.175326,0.038,0.0378261,-0.00709978,43.3859,-3,2.55201,-0.862891,0.112297,0,0,0.863571,0
1.05485e+08,0.880723,0.0871952,9.91575,0.501848,0.316018,0.596274,0.312784,5.07553,-0.721098,4.62303,-0.720215,0.195105,0.186564,0.038,0.0378234,-0.0074231,43.4094,-3,2.55187,-0.87868,0.114344,0,0,0.879538,0
1.05505e+08,0.852083,0.0366185,9.87771,0.211619,0.376019,0.583799,0.373641,4.93028,-0.672977,4.63984,-0.670952,0.148597,0.146558,0.038,0.0378204,-0.00784695,43.4476,-3,2.55179,-0.894526,0.11636,0,0,0.895322,0
1.05525e+08,0.837741,0.092012,9.90155,0.530521,0.252941,0.586396,0.250905,4.8359,-0.564018,4.65057,-0.5608,0.148016,0.151448,0.037,0.0369716,-0.0104957,43.3976,-3,2.55174,-0.910419,0.118368,0,0,0.911118,0
1.05545e+08,0.761331,0.0871952,9.91348,0.50246,0.236591,0.586344,0.23634,4.39139,-0.638223,4.64831,-0.637333,0.0559441,0.061299,0.037,0.0368191,-0.0106225,43.3859,-3,2.55167,-0.926326,0.120378,0,0,0.92709,0
1.05565e+08,0.816236,0.142589,9.89453,0.82283,0.281593,0.597762,0.280661,4.71538,-0.666294,4.63837,-0.665678,0.101498,0.102189,0.037,0.0368043,-0.0106999,43.4006,-3,2.55162,-0.942198,0.122402,0,0,0.943066,0
1.05586e+08,0.813868,0.0727447,9.86118,0.421224,0.265177,0.601037,0.26665,4.71795,-0.587431,4.62895,-0.588871,0.0247321,0.0263163,0.039,0.0384947,-0.00558709,43.4065,-3,2.55163,-0.958038,0.124458,0,0,0.958899,0
1.05666e+08,0.8473,0.0631111,9.85401,0.365603,0.261488,0.581144,0.260012,4.91441,-0.639799,4.649,-0.6389,0.145169,0.142477,0.038,0.0378395,-0.00754846,43.4065,-3,2.55216,-1.02143,0.132541,0,0,1.02228,0
1.05687e+08,0.832965,0.0944205,9.88256,0.545467,0.168388,0.583917,0.352419,4.81764,-0.698267,4.65046,-0.471405,-0.0537562,0.0864673,0.038,0.0378214,-0.00772703,43.4182,-3,2.55236,-1.03734,0.134534,0,0,1.03807,0
1.05887e+08,0.835342,0.132955,9.90162,0.766576,0.312646,0.589879,0.236492,4.82186,-0.523381,4.65521,-0.676265,0.0946454,0.171657,0.037,0.0369772,-0.00970241,43.3771,-2.98826,2.54242,-0.0788241,0.0103251,0,0,0.0796198,0
1.05907e+08,0.852076,0.0631111,9.90624,0.363675,0.265937,0.60291,0.205019,4.91604,-0.582458,4.65179,-0.416882,0.0025059,0.0116104,0.037,0.0368228,-0.0103113,43.4359,-2.98686,2.54025,-0.0947345,0.0123745,0,0,0.0954314,0
1.05987e+08,0.832969,0.0775616,9.85879,0.449151,0.308278,0.5962,0.158384,4.8293,-0.497748,4.66335,-0.512869,0.199448,0.0920279,0.038,0.0378153,-0.00792989,43.3859,-2.98458,2.5318,-0.158421,0.0205455,0,0,0.159159,0
1.06007e+08,0.859238,0.0703363,9.89437,0.405766,0.0932454,0.588686,0.233772,4.96305,-0.449776,4.66384,-0.543246,0.137949,0.00161418,0.037,0.0370661,-0.0106131,43.4241,-2.98479,2.52981,-0.174368,0.022574,0,0,0.175125,0
1.06027e+08,0.840128,0.0944205,9.92767,0.542974,0.260458,0.582399,0.318839,4.83691,-0.569873,4.66022,-0.585588,0.198467,0.179359,0.037,0.036827,-0.0109682,43.4271,-2.9853,2.52789,-0.190311,0.0245729,0,0,0.191023,0
1.06047e+08,0.809076,0.130547,9.93013,0.75071,0.137378,0.586214,0.199202,4.65759,-0.476274,4.66221,-0.400605,-0.0616729,0.164668,0.037,0.0368046,-0.0105598,43.3918,-2.98612,2.52603,-0.206249,0.026576,0,0,0.206947,0
1.06087e+08,0.849684,0.0775616,9.8659,0.448765,0.242703,0.58772,0.121873,4.9222,-0.609177,4.66631,-0.607634,0.0444223,0.21018,0.037,0.0368058,-0.00973241,43.4124,-2.9888,2.52232,-0.23814,0.03061,0,0,0.238907,0
1.06107e+08,0.861616,0.104054,9.82795,0.604283,0.134973,0.582651,0.211764,5.01003,-0.591782,4.66253,-0.4435,0.151018,0.0449739,0.037,0.0368062,-0.00986569,43.4212,-2.99064,2.5205,-0.25409,0.0326107,0,0,0.254834,0
1.06127e+08,0.837748,0.0679279,9.89201,0.392037,0.332529,0.591086,0.196754,4.84067,-0.360728,4.66249,-0.482135,-0.0326697,0.178171,0.038,0.0375554,-0.00749368,43.4241,-2.99275,2.51877,-0.270039,0.0346216,0,0,0.270754,0
1.06147e+08,0.785206,0.0992373,9.90873,0.572013,0.239757,0.589052,0.28608,4.53065,-0.495886,4.65921,-0.70923,0.135009,0.133924,0.038,0.0377947,-0.00706041,43.3918,-2.99523,2.51703,-0.285979,0.0366402,0,0,0.286762,0
1.06167e+08,0.801925,0.0871952,9.85409,0.505306,0.254103,0.593469,0.222903,4.65229,-0.661674,4.65272,-0.585189,0.0886683,0.164238,0.038,0.0378223,-0.00670091,43.3712,-2.99796,2.51541,-0.301895,0.0386703,0,0,0.302646,0
1.06187e+08,0.797139,0.123321,9.87789,0.71296,0.146487,0.590018,0.13136,4.61337,-0.44578,4.64708,-0.447058,-0.0186046,0.10212,0.038,0.0378274,-0.00620577,43.4035,-3,2.51379,-0.31779,0.0406928,0,0,0.318543,0
1.06207e+08,0.825802,0.092012,9.89681,0.530827,0.069468,0.595046,0.31188,4.76957,-0.535176,4.64975,-0.582316,0.148884,0.209642,0.038,0.037828,-0.0065582,43.3653,-3,2.51222,-0.333678,0.0427259,0,0,0.334447,0
1.06227e+08,0.844907,0.0823784,9.84455,0.47768,0.160513,0.588648,0.102148,4.90521,-0.67037,4.64632,-0.561066,0.102744,0.116017,0.038,0.0378284,-0.0064043,43.3918,-3,2.51067,-0.349568,0.0447483,0,0,0.35034,0
1.06247e+08,0.816246,0.106463,9.84936,0.617175,0.159836,0.583563,0.11532,4.73717,-0.423882,4.6454,-0.501496,0.10226,0.117629,0.037,0.0370765,-0.00928075,43.4153,-3,2.5092,-0.365456,0.0467492,0,0,0.366229,0
1.06267e+08,0.840137,0.0607027,9.90625,0.349832,0.159246,0.582309,0.115278,4.8475,-0.391508,4.64913,-0.52813,0.132106,0.106502,0.037,0.0368341,-0.0102072,43.4418,-3,2.50782,-0.381347,0.0487454,0,0,0.381989,0
1.06287e+08,0.837742,0.0896036,9.91104,0.516144,0.1889,0.573359,0.353593,4.83131,-0.496693,4.65229,-0.465652,0.0554619,0.0889995,0.037,0.0368077,-0.0105562,43.4065,-3,2.50639,-0.397252,0.0507248,0,0,0.39784,0
1.06307e+08,0.82102,0.113688,9.86124,0.658243,0.249153,0.570697,0.218525,4.759,-0.555486,4.65021,-0.662525,0.0246694,0.26601,0.037,0.0368033,-0.010642,43.38,-3,2.50498,-0.413158,0.0526819,0,0,0.413951,0
1.06387e+08,0.864012,0.0751532,9.84689,0.435609,0.199989,0.571119,0.274827,5.01441,-0.409977,4.64563,-0.458424,0.0390972,0.0547981,0.038,0.037795,-0.00710327,43.4035,-3,2.4997,-0.476704,0.0605182,0,0,0.47741,0
1.06407e+08,0.87357,0.051069,9.82785,0.296557,0.229456,0.567354,0.27831,5.07944,-0.331796,4.65943,-0.454299,0.160761,0.242359,0.038,0.037819,-0.00745108,43.4094,-3,2.49855,-0.492616,0.0624664,0,0,0.49326,0
1.06607e+08,0.83296,0.111279,9.9182,0.64056,0.114567,0.567679,0.26515,4.8003,-0.4952,4.68293,-0.615501,0.111613,0.151885,0.038,0.0375474,-0.00851766,43.3653,-3,2.48888,-0.65228,0.081844,0,0,0.652994,0
1.06627e+08,0.840127,0.0968289,9.83982,0.561758,0.205553,0.566094,0.235631,4.87986,-0.386267,4.67646,-0.613414,0.0502814,0.0781936,0.038,0.0377895,-0.00747882,43.4065,-3,2.48812,-0.668284,0.0837898,0,0,0.669004,0
1.06707e+08,0.794758,0.0992373,9.88023,0.573608,0.171428,0.56943,0.0522817,4.59869,-0.44033,4.67506,-0.382122,0.0182709,0.0335964,0.039,0.0388237,-0.0058143,43.3653,-3,2.48556,-0.732253,0.091573,0,0,0.732779,0
1.06727e+08,0.847292,0.0944205,9.94191,0.542169,0.216642,0.568476,0.200913,4.871,-0.698125,4.6696,-0.350474,0.0942775,0.0672967,0.038,0.0382276,-0.0081875,43.3741,-3,2.485,-0.74822,0.0935227,0,0,0.748829,0
1.06807e+08,0.782828,0.0655195,9.89918,0.378037,0.22841,0.557533,0.31826,4.52145,-0.476538,4.66387,-0.563908,0.0780814,0.183434,0.038,0.0378085,-0.00926046,43.3712,-3,2.48309,-0.812053,0.101265,0,0,0.812656,0
1.06827e+08,0.899813,0.132955,9.83508,0.771282,0.151431,0.550713,0.0904592,5.22697,-0.490036,4.6638,-0.460137,0.230149,0.212796,0.038,0.037811,-0.00847811,43.3859,-3,2.4828,-0.827993,0.103161,0,0,0.828611,0
1.06847e+08,0.830583,0.0727447,9.88016,0.420362,0.242149,0.554071,0.345782,4.80518,-0.411767,4.67188,-0.473516,-0.0450064,0.0438708,0.037,0.0372117,-0.0106443,43.4124,-3,2.48249,-0.843961,0.105053,0,0,0.844636,0
1.06907e+08,0.842509,0.118505,9.9372,0.680798,0.193943,0.56362,0.210019,4.8458,-0.590048,4.66285,-0.376587,0.0763793,0.027591,0.038,0.0373931,-0.00996437,43.4153,-3,2.48171,-0.891831,0.110801,0,0,0.892364,0
1.06927e+08,0.785208,0.0944205,9.88735,0.545419,0.223837,0.568135,0.191719,4.54043,-0.435593,4.66121,-0.405417,0.137131,0.0482877,0.038,0.0377705,-0.00806652,43.3947,-3,2.48154,-0.90777,0.11274,0,0,0.908392,0
1.07107e+08,0.813864,0.0871952,9.82796,0.50659,0.263331,0.570277,0.215101,4.73374,-0.343494,4.68539,-0.375782,0.0888882,0.0174628,0.038,0.0378512,-0.00932205,43.3741,-3,2.48169,-1.05148,0.130299,0,0,1.0521,0
1.07127e+08,0.780431,0.0968289,9.80901,0.563791,0.0488436,0.570386,0.188113,4.5488,-0.403191,4.68528,-0.356816,0.0277939,-0.033122,0.038,0.0378083,-0.00982357,43.3888,-3,2.48184,-1.0675,0.132253,0,0,1.06798,0
1.07147e+08,0.847297,0.0751532,9.86827,0.434736,0.0635375,0.564804,0.230195,4.90728,-0.294808,4.67942,-0.460811,0.0733625,0.0569652,0.038,0.0378019,-0.0101603,43.3712,-3,2.48208,-1.0835,0.134198,0,0,1.08403,0
1.07167e+08,0.825808,0.0703363,9.9039,0.405494,0.21559,0.559652,0.109995,4.7663,-0.446107,4.68274,-0.338916,0.179879,0.0750366,0.038,0.0378047,-0.00921574,43.3624,-3,2.48239,-1.0995,0.136119,0,0,1.09998,0
1.07187e+08,0.868784,0.0871952,9.91339,0.50202,0.184182,0.561967,0.111151,5.00827,-0.337565,4.69022,-0.369858,0.164186,0.0290465,0.038,0.0378072,-0.0091149,43.3859,-3,2.48275,0.000583381,0.000304745,0,0,1.11611,0
1.07207e+08,0.785204,0.108871,9.90874,0.627537,0.290207,0.563611,0.258415,4.53058,-0.564907,4.68891,-0.503905,0.0874873,0.0290806,0.039,0.0384073,-0.0071804,43.3771,-2.99704,2.48039,-0.0154605,0.00222917,0,0,0.0160411,0
1.07227e+08,0.835351,0.0992373,9.85645,0.574789,0.151888,0.569376,0.242226,4.84409,-0.410308,4.68152,-0.427109,-0.0657291,0.165514,0.039,0.038782,-0.00589673,43.4006,-2.99436,2.47811,-0.0314729,0.00416869,0,0,0.0321458,0
1.07247e+08,0.842513,0.104054,9.83271,0.604093,0.196912,0.570173,0.212075,4.89714,-0.561305,4.68015,-0.441205,0.0559509,0.19408,0.039,0.0388212,-0.0061022,43.3565,-2.99203,2.47585,-0.0474773,0.00612136,0,0,0.048062,0
1.07267e+08,0.787596,0.092012,9.84224,0.533918,0.180834,0.567416,0.198877,4.57498,-0.391514,4.679,-0.482624,-0.0206572,0.115906,0.038,0.0382252,-0.00814683,43.3976,-2.99006,2.47359,-0.0634777,0.00806706,0,0,0.0641237,0
1.07287e+08,0.852072,0.0775616,9.78992,0.452212,0.118835,0.569262,0.212057,4.97408,-0.374623,4.67276,-0.496837,0.238858,-0.0510648,0.038,0.0378508,-0.00954061,43.3859,-2.98846,2.4713,-0.0794603,0.0100153,0,0,0.0800273,0
1.07307e+08,0.844908,0.0775616,9.86116,0.448998,0.209708,0.566301,0.284496,4.89702,-0.372956,4.68266,-0.450228,0.161897,0.0893127,0.038,0.037807,-0.00988701,43.38,-2.98706,2.46921,-0.0954592,0.0119609,0,0,0.0960414,0
1.07327e+08,0.837754,0.0438438,9.8991,0.252861,0.0868303,0.561788,0.222992,4.83733,-0.340713,4.68596,-0.255185,0.100462,0.103707,0.038,0.0378038,-0.00966456,43.3771,-2.98603,2.46709,-0.111473,0.0138921,0,0,0.112071,0
1.07407e+08,0.84013,0.0871952,9.92291,0.501665,0.0994104,0.561085,0.0568749,4.83926,-0.349187,4.66632,-0.439981,0.0531862,0.178514,0.037,0.0368617,-0.0117871,43.3594,-2.98512,2.45903,-0.175404,0.0215877,0,0,0.176008,0
1.07428e+08,0.844895,0.12573,9.94433,0.721773,0.236308,0.559025,0.233689,4.85594,-0.317173,4.66866,-0.320382,0.098519,0.103778,0.037,0.0367979,-0.0115605,43.3506,-2.98582,2.45676,-0.194557,0.0238802,0,0,0.19188,0
1.07528e+08,0.842514,0.101646,9.92055,0.584925,0.187583,0.574594,0.18579,4.854,-0.507172,4.66692,-0.508919,0.126606,0.126867,0.038,0.0378158,-0.00778692,43.3888,-2.99364,2.448,-0.274465,0.0336459,0,0,0.271846,0
1.07548e+08,0.804319,0.0655195,9.87779,0.378784,0.12613,0.566607,0.12898,4.65505,-0.444162,4.67275,-0.445716,0.0802989,0.0844102,0.038,0.0378161,-0.00812887,43.3741,-2.99617,2.44636,-0.290447,0.0356065,0,0,0.28793,0
1.07568e+08,0.864008,0.0871952,9.92764,0.501326,0.232594,0.559811,0.234542,4.97376,-0.503592,4.67572,-0.503266,0.125951,0.118886,0.037,0.0372153,-0.00990397,43.4153,-2.99907,2.44469,-0.306433,0.0375286,0,0,0.303808,0
1.07588e+08,0.847285,0.118505,9.92533,0.681579,-0.0274012,0.562947,-0.022102,4.87893,-0.150887,4.67888,-0.153857,-0.0422834,-0.0421165,0.037,0.036841,-0.011148,43.3418,-3,2.44306,-0.322427,0.0394463,0,0,0.319773,0
1.07608e+08,0.828185,0.106463,9.8446,0.617409,0.00274229,0.572716,0.00400195,4.80845,-0.225645,4.6768,-0.228317,0.125288,0.128518,0.037,0.0368018,-0.0112475,43.3947,-3,2.44155,-0.338422,0.041391,0,0,0.335775,0
1.07628e+08,0.809084,0.101646,9.8636,0.588443,-0.0434482,0.574421,-0.0419501,4.68907,-0.392036,4.67728,-0.390635,0.048354,0.0503661,0.038,0.0373953,-0.00964351,43.3888,-3,2.4401,-0.354422,0.0433514,0,0,0.351764,0
1.07648e+08,0.828194,0.0751532,9.8493,0.435639,-0.105221,0.578289,-0.102486,4.80636,-0.558373,4.67425,-0.552798,0.29235,0.282611,0.038,0.0377687,-0.00845093,43.3859,-3,2.43866,-0.370409,0.0453243,0,0,0.367772,0
1.07728e+08,0.811471,0.106463,9.91109,0.613381,0.28938,0.557322,0.291595,4.68038,-0.369026,4.68123,-0.368489,0.0316852,0.026961,0.038,0.0378196,-0.00733911,43.3829,-3,2.43308,-0.434381,0.0530283,0,0,0.431808,0
1.07748e+08,0.806702,0.07997,9.88256,0.462092,0.135992,0.550337,0.13892,4.66649,-0.367125,4.67847,-0.368336,0.122942,0.12147,0.038,0.0378195,-0.00755573,43.3829,-3,2.43183,-0.450384,0.05492,0,0,0.447847,0
1.07828e+08,0.85208,0.0486606,9.92284,0.27994,0.31688,0.543886,0.31277,4.90793,-0.422547,4.67781,-0.421954,0.183188,0.180273,0.038,0.037819,-0.00755705,43.3976,-3,2.42703,-0.514365,0.0624691,0,0,0.511667,0
1.07848e+08,0.871175,0.0751532,9.88013,0.434128,0.178637,0.543066,0.175458,5.03885,-0.390435,4.68564,-0.390757,0.121766,0.122407,0.038,0.0378194,-0.00753556,43.38,-3,2.42594,-0.530371,0.0643325,0,0,0.527717,0
1.07868e+08,0.844896,0.123321,9.91584,0.709968,0.11688,0.548848,0.114581,4.86985,-0.22101,4.69676,-0.22622,0.106256,0.105356,0.038,0.0378176,-0.00762068,43.3918,-3,2.42488,-0.546415,0.0662087,0,0,0.543721,0
1.07888e+08,0.849678,0.0992373,9.90392,0.571983,0.223149,0.549376,0.222221,4.90327,-0.280647,4.70663,-0.28297,-0.0162081,-0.0139322,0.038,0.0378162,-0.00777916,43.3506,-3,2.42386,-0.562497,0.0680918,0,0,0.559778,0
1.07908e+08,0.813861,0.0968289,9.89208,0.558935,0.268267,0.547762,0.266822,4.70314,-0.370775,4.70409,-0.373348,0.166978,0.159352,0.038,0.0378151,-0.00792263,43.3741,-3,2.42285,-0.578586,0.0699581,0,0,0.575883,0
1.07928e+08,0.823413,0.0968289,9.91344,0.557695,0.114694,0.554353,0.117346,4.74788,-0.384439,4.7009,-0.385,0.105681,0.104199,0.038,0.0378148,-0.00783371,43.38,-3,2.42189,-0.594665,0.071847,0,0,0.592011,0
1.07948e+08,0.794767,0.0655195,9.91341,0.377461,0.175097,0.557228,0.173981,4.58355,-0.337188,4.69969,-0.338418,0.120721,0.114623,0.038,0.0378155,-0.00769876,43.3859,-3,2.42099,-0.610744,0.0737572,0,0,0.608036,0
1.07969e+08,0.864019,0.051069,9.82074,0.296796,0.0828558,0.546182,0.0849314,5.02781,-0.24436,4.69691,-0.248095,0.151066,0.148106,0.038,0.0378149,-0.0082639,43.3976,-3,2.42011,-0.626808,0.0756439,0,0,0.624023,0
1.0799e+08,0.847292,0.0944205,9.85881,0.546705,0.204467,0.549368,0.202137,4.91185,-0.227812,4.69876,-0.227568,0.0286425,0.0281321,0.038,0.0378135,-0.00828886,43.4124,-3,2.41927,-0.642867,0.0775212,0,0,0.640102,0
1.08011e+08,0.823418,0.0775616,9.93003,0.445987,0.142895,0.549848,0.0666297,4.74009,-0.455301,4.70286,-0.409533,-0.124349,0.0583041,0.038,0.0378133,-0.00827853,43.3771,-3,2.41849,-0.658941,0.0794046,0,0,0.656139,0
1.08032e+08,0.832973,0.0631111,9.85402,0.365648,0.234208,0.545433,0.232375,4.8317,-0.331589,4.70758,-0.332232,0.0282089,0.0343146,0.038,0.0378138,-0.00820601,43.3506,-3,2.41756,-0.678244,0.0816536,0,0,0.672368,0
1.08052e+08,0.77089,0.0607027,9.86594,0.351451,0.202957,0.543501,0.202123,4.46773,-0.284354,4.69832,-0.284991,0.0125606,0.02274,0.037,0.0370637,-0.0105903,43.3829,-3,2.41688,-0.694323,0.0835174,0,0,0.688408,0
1.08072e+08,0.854459,0.0823784,9.87303,0.476272,0.0954716,0.553537,0.0958005,4.94615,-0.282828,4.6948,-0.28433,-0.0335228,-0.0287623,0.037,0.0368242,-0.0112666,43.3888,-3,2.41622,-0.710374,0.0854008,0,0,0.704474,0
1.08132e+08,0.844914,0.0582943,9.85163,0.337788,0.169733,0.557854,0.170894,4.90183,-0.354598,4.68867,-0.355468,0.0881395,0.0902208,0.038,0.0377694,-0.00838339,43.4241,-3,2.41441,-0.758499,0.0911068,0,0,0.752626,0
1.08152e+08,0.864013,0.0727447,9.88962,0.419842,0.169141,0.556656,0.166848,4.99287,-0.414311,4.69684,-0.414593,-0.110478,-0.104796,0.038,0.0378069,-0.00852244,43.3506,-3,2.41383,-0.774545,0.0930139,0,0,0.768587,0
1.08172e+08,0.875959,0.0462522,9.84921,0.268003,0.15332,0.549732,0.152147,5.08229,-0.229804,4.71192,-0.230669,0.118422,0.112921,0.037,0.0372085,-0.0110818,43.3506,-3,2.41336,-0.790631,0.0949101,0,0,0.784687,0
1.08192e+08,0.866393,0.0992373,9.92528,0.570679,0.21363,0.549578,0.213318,4.98854,-0.28937,4.71815,-0.290889,0.0416861,0.0413617,0.037,0.0368332,-0.0119754,43.4065,-3,2.41295,-0.806758,0.0967838,0,0,0.800805,0
1.08212e+08,0.83773,0.130547,9.90161,0.752677,0.0756167,0.552426,0.0765,4.8356,-0.410339,4.72043,-0.408815,0.209422,0.199276,0.037,0.0367898,-0.0126556,43.3565,-3,2.41258,-0.8229,0.0986679,0,0,0.816862,0
1.08232e+08,0.832974,0.0607027,9.88726,0.35052,0.029318,0.550856,0.030229,4.81555,-0.378386,4.71296,-0.379223,0.209183,0.203432,0.037,0.0367851,-0.0126661,43.3565,-3,2.41222,-0.839022,0.100561,0,0,0.833046,0
1.08252e+08,0.811471,0.106463,9.83274,0.618236,0.120548,0.547978,0.12086,4.71751,-0.346511,4.70717,-0.345652,0.132561,0.12776,0.037,0.0367848,-0.0128542,43.3918,-3,2.41189,-0.85513,0.102436,0,0,0.849193,0
1.08272e+08,0.811469,0.111279,9.91585,0.640826,0.15032,0.550942,0.150057,4.67812,-0.543991,4.70853,-0.540099,-0.081514,-0.0756756,0.037,0.0367849,-0.0125054,43.4035,-3,2.41159,-0.871235,0.104318,0,0,0.86513,0
1.08292e+08,0.849669,0.132955,9.89686,0.766849,0.149842,0.558128,0.150376,4.90651,-0.313542,4.70923,-0.313276,0.0559964,0.0564095,0.037,0.036788,-0.0121312,43.3624,-3,2.41128,-0.887331,0.106217,0,0,0.881406,0
1.08312e+08,0.811486,0.051069,9.91338,0.294174,0.210202,0.551944,0.209585,4.6796,-0.373274,4.7148,-0.372991,0.116561,0.118652,0.037,0.0367903,-0.011703,43.3859,-3,2.41115,-0.90345,0.108119,0,0,0.897451,0
1.08332e+08,0.847297,0.0751532,9.83741,0.43609,0.1331,0.547339,0.134278,4.9226,-0.26512,4.71876,-0.265968,0.0856342,0.0876329,0.037,0.0367905,-0.0120234,43.3653,-3,2.41101,-0.919573,0.109996,0,0,0.913582,0
1.08352e+08,0.828181,0.123321,9.84225,0.715339,0.162981,0.554742,0.162646,4.80947,-0.309546,4.72472,-0.310432,-0.0216269,-0.0146172,0.038,0.037387,-0.0105893,43.3947,-3,2.4109,-0.935722,0.111881,0,0,0.929727,0
1.08372e+08,0.825802,0.092012,9.9158,0.529817,0.147197,0.559228,0.145454,4.76048,-0.247143,4.72159,-0.24834,-0.0672812,-0.0586839,0.038,0.037759,-0.00934176,43.3624,-3,2.41069,-0.951868,0.113791,0,0,0.945889,0
1.08392e+08,0.806701,0.0847868,9.88257,0.489924,0.146768,0.55318,0.144713,4.66646,-0.276544,4.71615,-0.275712,0.0394676,0.0395835,0.038,0.0377985,-0.00954592,43.3741,-3,2.41063,-0.968007,0.115694,0,0,0.961973,0
1.08412e+08,0.875956,0.0558858,9.94182,0.32083,0.0849916,0.551062,0.0864741,5.03515,-0.305742,4.7303,-0.303758,-0.00632071,-0.0075642,0.038,0.0377997,-0.00984831,43.3712,-3,2.41053,-0.984164,0.117585,0,0,0.978172,0
1.08432e+08,0.811487,0.0462522,9.99647,0.264228,0.512072,0.549597,0.500435,4.6409,-0.121083,4.73021,-0.129547,0.0088619,0.0102199,0.038,0.0377972,-0.0102164,43.3918,-3,2.41052,-1.00034,0.119473,0,0,0.994274,0
1.08452e+08,0.780438,0.0727447,9.89207,0.420031,1.07665,0.538678,1.06454,4.5109,0.063571,4.73011,0.0542928,-0.0219151,-0.0201619,0.038,0.0377975,-0.0102698,43.3594,-3,2.41057,-1.01653,0.121344,0,0,1.01061,0
1.08472e+08,0.823393,0.166673,9.97528,0.953999,0.617953,0.541426,0.617033,4.71803,-0.13385,4.71859,-0.140922,0.0693606,0.0664734,0.038,0.0377996,-0.00989391,43.4065,-3,2.4107,-1.03268,0.123194,0,0,1.02657,0
1.08492e+08,0.806681,0.157039,9.90405,0.905411,0.556367,0.544863,0.558447,4.65585,0.172784,4.70914,0.165314,-0.0837464,-0.0784784,0.038,0.0378001,-0.0100009,43.3682,-3,2.41086,-1.0488,0.125054,0,0,1.0429,0
1.08512e+08,0.837735,0.113688,9.9277,0.653775,0.128249,0.548074,0.136103,4.82308,0.326766,4.70037,0.313127,0.0687597,0.0634263,0.038,0.0378028,-0.00955911,43.3859,-3,2.41103,-1.0649,0.126924,0,0,1.05888,0
1.08552e+08,0.878348,0.0414354,9.93467,0.238038,0.326017,0.542197,0.323884,5.05248,0.0388324,4.69809,0.034666,-0.0231365,-0.0175995,0.039,0.0387752,-0.00700156,43.3653,-3,2.41142,-1.09701,0.130674,0,0,1.091,0
1.08572e+08,0.859227,0.108871,9.91105,0.627006,0.631156,0.547688,0.619857,4.9545,0.0554571,4.71405,0.0480244,0.0377077,0.0377163,0.039,0.038811,-0.00769215,43.3594,-3,2.4117,-1.11312,0.132549,0,0,1.1071,0
1.08592e+08,0.883103,0.118505,9.90155,0.682989,0.737446,0.546488,0.727005,5.09626,-0.0194044,4.72867,-0.0248368,0.0678838,0.070032,0.038,0.0382121,-0.0098031,43.3771,-2.99878,2.41099,-0.00594212,0.000906244,0,0,1.12333,0
1.08612e+08,0.875942,0.108871,9.91104,0.626915,0.614657,0.546431,0.611134,5.0504,-0.00288844,4.73724,-0.010043,0.0676494,0.0644173,0.038,0.0378397,-0.0104908,43.3653,-2.99598,2.40868,-0.0221343,0.00277941,0,0,0.0160721,0
1.08632e+08,0.804317,0.0703363,9.92529,0.404698,0.461433,0.54425,0.457482,4.63285,-0.0933208,4.72497,-0.0946728,-0.0852559,-0.0808644,0.038,0.0377987,-0.010777,43.4006,-2.99353,2.40637,-0.038313,0.00465182,0,0,0.032318,0
1.08652e+08,0.816244,0.116096,9.92772,0.667741,0.124859,0.547327,0.130902,4.69989,0.0758321,4.71125,0.0741814,0.1742,0.168637,0.037,0.037197,-0.012319,43.3918,-2.99138,2.40415,-0.0544371,0.00651779,0,0,0.0484608,0
1.08672e+08,0.811469,0.113688,9.89211,0.656254,0.185465,0.557799,0.186913,4.68927,-0.0908725,4.70147,-0.094742,0.112813,0.104304,0.037,0.0368254,-0.0132157,43.4124,-2.98955,2.40196,-0.0705334,0.00841474,0,0,0.0644526,0
1.08692e+08,0.892666,0.0751532,9.92047,0.432293,0.291875,0.561498,0.288929,5.14161,-0.15103,4.70723,-0.148516,0.0207232,0.0261432,0.037,0.0367854,-0.0132023,43.4035,-2.98801,2.39985,-0.0866157,0.0103353,0,0,0.0805768,0
1.08712e+08,0.852077,0.0607027,9.84451,0.351974,0.306672,0.553165,0.300766,4.94673,-0.165047,4.71588,-0.171769,-0.0403429,-0.0348174,0.038,0.0373816,-0.01145,43.3888,-2.98689,2.39766,-0.10273,0.0122439,0,0,0.0965765,0
1.08732e+08,0.852077,0.0607027,9.87062,0.351049,0.4589,0.541076,0.449114,4.93371,-0.133292,4.72028,-0.133967,0.00536358,0.00729268,0.038,0.0377542,-0.0102808,43.3918,-2.98606,2.39556,-0.118864,0.0141214,0,0,0.112934,0
1.08752e+08,0.861624,0.0751532,9.85402,0.435306,0.366429,0.536609,0.363366,4.99702,-0.26942,4.72729,-0.271504,-0.0101203,-0.00461131,0.038,0.0377957,-0.0100603,43.3565,-2.98554,2.39352,-0.135016,0.0159715,0,0,0.128938,0
1.08772e+08,0.844904,0.092012,9.8137,0.535203,0.442399,0.537428,0.435528,4.9205,-0.191508,4.73549,-0.195421,-0.116962,-0.112941,0.037,0.0371987,-0.0123197,43.38,-2.98541,2.39143,-0.151202,0.0178186,0,0,0.145271,0
1.08852e+08,0.885476,0.169081,10.1913,0.946927,0.546134,0.543362,0.557912,4.96503,0.0569575,4.70121,0.0576783,-0.0112437,-0.0188335,0.038,0.0377381,-0.00843708,43.38,-2.98776,2.38391,-0.215557,0.0251992,0,0,0.209294,0
1.08872e+08,0.871147,0.176307,10.0512,1.00116,0.438459,0.547323,0.455511,4.95273,0.333075,4.71158,0.335898,0.171727,0.16358,0.038,0.0377996,-0.0086186,43.3859,-2.98913,2.38214,-0.231661,0.0270538,0,0,0.225787,0
1.08952e+08,0.766101,0.108871,9.90639,0.62778,1.0781,0.541748,0.266351,4.42185,0.139752,4.72869,-0.327045,-0.134669,-0.121862,0.037,0.0388223,-0.00657044,43.4476,-2.99738,2.37565,-0.293093,0.0340767,0,0,0.290305,0
1.08972e+08,0.785192,0.149814,9.97766,0.857577,1.16896,0.547388,1.16523,4.49911,0.125769,4.70903,0.119427,-0.0127258,-0.00712196,0.037,0.0369273,-0.0120547,43.4124,-3,2.37369,-0.312463,0.0363303,0,0,0.306504,0
1.09152e+08,0.813862,0.0944205,9.91345,0.543867,0.277903,0.549162,0.279857,4.69306,-0.245928,4.69563,-0.246203,0.107911,0.106574,0.038,0.0378118,-0.00820234,43.4124,-3,2.36084,-0.457621,0.0533928,0,0,0.451573,0
1.09252e+08,0.832961,0.108871,9.89446,0.628191,0.183055,0.551357,0.244594,4.81178,-0.347579,4.70723,-0.330531,0.0306337,0.136876,0.039,0.0378097,-0.00845202,43.3976,-3,2.35529,-0.534813,0.0624157,0,0,0.531874,0
1.09273e+08,0.828182,0.120913,9.91822,0.696036,0.121488,0.558025,0.120624,4.77283,-0.438098,4.71499,-0.435459,0.091519,0.0893414,0.039,0.0387576,-0.00562825,43.3859,-3,2.35405,-0.554142,0.0646968,0,0,0.548079,0
1.09293e+08,0.789984,0.0944205,9.8826,0.545659,0.151573,0.555431,0.151265,4.57012,-0.177612,4.71287,-0.176717,0.091251,0.093185,0.039,0.0388209,-0.00544725,43.4212,-3,2.35308,-0.57026,0.0665986,0,0,0.564191,0
1.09313e+08,0.837736,0.111279,9.95144,0.63841,0.257936,0.549467,0.255283,4.81165,-0.375035,4.70886,-0.370948,0.091033,0.0910278,0.038,0.0384641,-0.00610863,43.4035,-3,2.35213,-0.586365,0.0684804,0,0,0.580283,0
1.09333e+08,0.825806,0.0751532,9.9134,0.43285,0.135232,0.551248,0.136658,4.76172,-0.205928,4.7135,-0.206519,0.152055,0.140697,0.038,0.0378819,-0.00820187,43.4035,-3,2.35119,-0.602477,0.0703659,0,0,0.596417,0
1.09353e+08,0.83535,0.101646,9.88495,0.587052,0.226197,0.554712,0.224471,4.83018,-0.205069,4.72172,-0.205681,0.136681,0.134431,0.038,0.0378194,-0.00827906,43.3771,-3,2.35029,-0.618616,0.0722556,0,0,0.612458,0
1.09373e+08,0.778077,-0.0235918,9.98926,-0.134908,0.79068,0.545644,0.770187,4.45384,-0.341482,4.71751,-0.34698,-0.0617892,-0.0586813,0.038,0.0378119,-0.00834407,43.4094,-3,2.34936,-0.634759,0.0741522,0,0,0.628538,0
1.09393e+08,0.825785,0.152222,9.95152,0.87335,1.43094,0.552944,1.4162,4.74303,0.0415132,4.71233,0.0289953,0.0142078,0.016577,0.038,0.0378155,-0.00744839,43.3829,-3,2.34861,-0.650891,0.0760536,0,0,0.644909,0
1.09413e+08,0.830567,0.128138,9.97521,0.733424,0.804614,0.568925,0.800344,4.75925,0.195215,4.71188,0.187124,-0.138581,-0.13545,0.038,0.0378166,-0.00760693,43.3918,-3,2.3478,-0.66701,0.0780051,0,0,0.661034,0
1.09433e+08,0.821013,0.137772,9.87315,0.796716,0.681922,0.56652,0.685083,4.7531,0.31866,4.70969,0.309015,-0.0469493,-0.0487167,0.037,0.0374518,-0.00882133,43.3947,-3,2.34704,-0.683127,0.0799545,0,0,0.677154,0
1.09453e+08,0.835328,0.181123,9.84946,1.04974,0.222889,0.569826,0.238843,4.84681,0.0598452,4.71439,0.0601736,0.105666,0.0954983,0.037,0.0368686,-0.0107243,43.4006,-3,2.34635,-0.69925,0.0818819,0,0,0.693131,0
1.09473e+08,0.835347,0.113688,9.88971,0.656281,-0.281477,0.572813,-0.273378,4.82778,-0.0157542,4.71454,-0.0172369,0.105391,0.0986062,0.037,0.0368064,-0.0105124,43.38,-3,2.34573,-0.71537,0.0838228,0,0,0.709131,0
1.09493e+08,0.885511,0.0438438,9.85157,0.253966,0.176285,0.569953,0.168201,5.13619,0.122787,4.72672,0.118211,0.0744603,0.0744622,0.038,0.0371648,-0.00960396,43.3947,-3,2.34518,-0.731518,0.0857796,0,0,0.725447,0
1.09513e+08,0.856861,0.0293933,9.78984,0.171371,0.481181,0.561481,0.47083,5.00207,-0.211886,4.72643,-0.21463,-0.00192928,-1.80512e-05,0.038,0.0377444,-0.00834999,43.4535,-3,2.34456,-0.747687,0.0877272,0,0,0.741577,0
1.09533e+08,0.809081,0.113688,9.97996,0.650529,0.694098,0.568215,0.685367,4.63457,-0.0887675,4.71619,-0.0937485,0.0741947,0.0748038,0.038,0.0378067,-0.00775752,43.3947,-3,2.34406,-0.763829,0.0896698,0,0,0.757721,0
1.09553e+08,0.840119,0.128138,9.91823,0.737549,0.647794,0.577759,0.643981,4.84125,0.0190306,4.71468,0.0162725,0.0740936,0.0675477,0.038,0.0378155,-0.00764968,43.3771,-3,2.34355,-0.779949,0.0916462,0,0,0.773889,0
1.09573e+08,0.883093,0.152222,9.94909,0.873132,0.280806,0.578803,0.285961,5.07176,-0.0254447,4.72424,-0.0256445,-0.0636314,-0.0535263,0.038,0.0378151,-0.0076861,43.3771,-3,2.34311,-0.79609,0.093622,0,0,0.79012,0
1.09593e+08,0.849675,0.111279,9.88258,0.642761,-0.0860205,0.569609,-0.0769527,4.91373,-0.177137,4.72604,-0.176946,0.0281773,0.020507,0.038,0.0378142,-0.00791194,43.4447,-3,2.34262,-0.812253,0.0955763,0,0,0.806095,0
1.09613e+08,0.835351,0.0992373,9.89207,0.572734,-0.132211,0.569673,-0.128263,4.82674,-0.252777,4.72891,-0.247526,-0.0791715,-0.0693361,0.038,0.0378132,-0.00802686,43.3947,-3,2.34231,-0.828418,0.0975161,0,0,0.822247,0
1.09633e+08,0.859239,0.0655195,9.87775,0.37861,-0.102368,0.571891,-0.0949881,4.97139,-0.251817,4.72907,-0.243435,-0.00323939,0.00652678,0.037,0.0369046,-0.0109296,43.38,-3,2.34206,-0.844579,0.0994688,0,0,0.838495,0
1.09653e+08,0.890281,0.0655195,9.89434,0.377876,-0.148639,0.561611,-0.147651,5.14145,-0.265543,4.73331,-0.264973,0.0117234,0.0158707,0.037,0.0368058,-0.0111088,43.4329,-3,2.3418,-0.860756,0.101402,0,0,0.854703,0
1.09673e+08,0.823415,0.0871952,9.89918,0.50293,0.309116,0.559626,0.303227,4.75474,-0.508854,4.7365,-0.505518,0.133546,0.129208,0.037,0.0367975,-0.010688,43.3947,-3,2.34161,-0.876949,0.103317,0,0,0.870778,0
1.09693e+08,0.821025,0.0944205,9.86358,0.546565,0.125408,0.570033,0.124761,4.758,-0.507969,4.73354,-0.498861,-0.0194153,-0.0167132,0.038,0.0377075,-0.00748569,43.4006,-3,2.3414,-0.893136,0.105258,0,0,0.887056,0
1.09713e+08,0.813862,0.0944205,9.87783,0.545814,0.0334501,0.568755,0.0343265,4.70991,-0.354099,4.72668,-0.350839,0.0414015,0.0446107,0.038,0.037806,-0.00738142,43.3859,-3,2.34125,-0.909302,0.107211,0,0,0.903212,0
1.09733e+08,0.837748,0.0655195,9.89201,0.378138,0.139979,0.559834,0.141117,4.84069,-0.261045,4.72187,-0.262835,-0.0350388,-0.033691,0.038,0.0378181,-0.00700062,43.4271,-3,2.34108,-0.925455,0.10914,0,0,0.919455,0
1.09753e+08,0.840127,0.0992373,9.86832,0.574079,0.154907,0.56515,0.155506,4.86582,-0.382506,4.72505,-0.379854,-0.00449884,3.25802e-05,0.037,0.0369115,-0.0100374,43.3829,-3,2.34095,-0.941605,0.111067,0,0,0.93541,0
1.09773e+08,0.8664,0.0727447,9.92998,0.418139,0.0170909,0.559302,0.0180113,4.98635,-0.381552,4.72679,-0.378873,0.148142,0.144567,0.037,0.0368135,-0.0100612,43.3888,-3,2.34088,-0.957758,0.112996,0,0,0.951629,0
1.09793e+08,0.852084,0.0342101,9.89432,0.197372,0.0930169,0.550662,0.0927688,4.92205,-0.059845,4.73218,-0.0593157,0.132539,0.127803,0.037,0.0368019,-0.0102634,43.4094,-3,2.3409,-0.973927,0.114895,0,0,0.967899,0
1.09873e+08,0.832963,0.0992373,9.8707,0.573977,0.122061,0.550855,0.122336,4.82337,-0.223716,4.74573,-0.225937,-0.00540721,3.77188e-05,0.037,0.0369039,-0.0108683,43.4212,-3,2.34113,-1.03883,0.122399,0,0,1.03276,0
1.09894e+08,0.8258,0.0968289,9.85408,0.406179,0.152024,0.557431,-0.01816,4.76053,-0.237753,4.74504,-0.269332,-0.0361598,0.169503,0.037,0.0368072,-0.0108145,43.4094,-3,2.34131,-1.05505,0.124301,0,0,1.04893,0
1.09974e+08,0.828186,0.104054,9.88496,0.462433,0.0892328,0.554459,0.195031,4.82235,-0.188224,4.74888,-0.188756,0.0851194,0.0937025,0.038,0.0378164,-0.00738672,43.4006,-2.99875,2.34135,-0.00610777,0.000864099,0,0,1.11379,0
1.09995e+08,0.825812,0.0558858,9.892,0.322573,0.180614,0.555785,-0.00140773,4.77207,-0.293818,4.75109,-0.415129,-0.00655544,0.0354035,0.037,0.0369086,-0.0101411,43.4094,-2.99599,2.33906,-0.0223525,0.00277036,0,0,0.0161946,0
1.10075e+08,0.873547,0.132955,9.88259,0.767787,0.0863594,0.563219,0.103151,5.05094,-0.229235,4.76027,-0.28967,-0.144679,-0.0801346,0.038,0.0378082,-0.00673237,43.4359,-2.98813,2.33042,-0.0873113,0.0103452,0,0,0.0810419,0
1.10095e+08,0.821019,0.118505,9.83275,0.688102,-0.158017,0.560956,0.147905,4.77269,-0.151838,4.76156,-0.169615,0.0692735,-0.0797304,0.038,0.037817,-0.00707564,43.3888,-2.98707,2.32826,-0.103602,0.0122741,0,0,0.0974807,0
1.10175e+08,0.7924,-0.00914133,9.78034,-0.0533774,-0.128461,0.581516,-0.641254,4.63197,-0.774229,4.73242,-0.612546,0.12929,0.0780001,0.038,0.0377102,-0.0071125,43.4153,-2.98567,2.32051,-0.168487,0.0199982,0,0,0.162259,0
1.10195e+08,0.797172,0.00530915,9.85159,0.0307769,0.833312,0.568489,-0.676208,4.62619,-0.376458,4.73396,-0.681667,0.0986665,0.110412,0.038,0.0378068,-0.00743198,43.4153,-2.98616,2.31863,-0.184656,0.0219527,0,0,0.178523,0
1.10275e+08,0.756558,0.0775616,9.85649,0.449534,-0.436349,0.56303,-0.193734,4.38913,-0.265876,4.75181,-0.157918,0.0825382,0.103928,0.038,0.037813,-0.00790832,43.4153,-2.99128,2.31164,-0.249613,0.0296356,0,0,0.243585,0
1.10295e+08,0.787605,0.0607027,9.77096,0.354798,-0.390744,0.578166,-0.526364,4.60837,-0.325664,4.73337,-0.370027,0.128132,0.0471103,0.038,0.0378153,-0.00735134,43.4329,-2.99336,2.30999,-0.26582,0.0315699,0,0,0.259679,0
1.10315e+08,0.799552,0.0342101,9.85638,0.198214,0.0824409,0.5756,-0.40207,4.63766,-0.294255,4.73326,-0.6854,0.0362492,0.238426,0.038,0.0378167,-0.00724115,43.4212,-2.99576,2.3084,-0.281998,0.033539,0,0,0.275717,0
1.10335e+08,0.799538,0.0847868,9.80423,0.493841,0.570699,0.566867,-0.195828,4.662,-0.232498,4.73969,-0.471481,-0.0400974,0.0169154,0.038,0.0378184,-0.00725622,43.4388,-2.99853,2.30679,-0.298182,0.0354954,0,0,0.292052,0
1.10355e+08,0.861622,0.0823784,9.85878,0.476926,0.310537,0.558595,0.256729,4.99458,0.0890653,4.7381,-0.232877,-0.0553995,0.0177258,0.039,0.0386612,-0.00533165,43.4124,-3,2.30521,-0.314379,0.0374305,0,0,0.308269,0
1.10375e+08,0.83535,0.104054,9.89207,0.600531,0.05045,0.552996,0.306041,4.8267,-0.0319388,4.74799,-0.536672,0.112566,-0.123613,0.039,0.0388111,-0.00532974,43.4476,-3,2.30367,-0.330604,0.0393361,0,0,0.324342,0
1.10395e+08,0.847286,0.116096,9.9182,0.668204,0.248636,0.548717,0.364603,4.88244,-0.168777,4.75654,-0.367424,0.0819478,0.0474889,0.039,0.0388243,-0.00558922,43.4388,-3,2.30219,-0.346852,0.0412255,0,0,0.340649,0
1.10415e+08,0.799541,0.0727447,9.86356,0.421173,-0.0572861,0.550912,0.246168,4.63414,-0.259633,4.75842,-0.00363034,0.0666583,0.00114947,0.039,0.0388253,-0.00557057,43.4124,-3,2.30073,-0.363121,0.0431139,0,0,0.357027,0
1.10435e+08,0.809083,0.106463,9.9016,0.613978,-0.133955,0.553054,-0.0345407,4.67113,-0.105924,4.74817,-0.0490741,0.0816711,0.167182,0.039,0.0388237,-0.00594208,43.43,-3,2.29937,-0.379372,0.0449986,0,0,0.373204,0
1.10455e+08,0.809084,0.101646,9.87547,0.587741,0.0950272,0.552667,-0.0844139,4.68346,-0.135707,4.73593,-0.0635721,0.0964779,0.187234,0.039,0.0388211,-0.00652358,43.3771,-3,2.29811,-0.395591,0.0468893,0,0,0.389365,0
1.10475e+08,0.873556,0.101646,9.87542,0.58742,-0.13458,0.554799,0.0965625,5.05482,-0.302884,4.74076,-0.166806,-0.117635,0.0212535,0.038,0.0379717,-0.00962061,43.4359,-3,2.29687,-0.41179,0.0487869,0,0,0.405557,0
1.10495e+08,0.852069,0.0896036,9.9419,0.514491,0.124609,0.552218,0.0784063,4.89836,-0.302455,4.7526,-0.0265386,0.0349447,0.208503,0.038,0.0378165,-0.00986889,43.4124,-3,2.29558,-0.428026,0.0506851,0,0,0.421787,0
1.10515e+08,0.86402,0.0462522,9.87534,0.267328,0.0478737,0.555473,-0.0572188,5.00018,-0.0723863,4.7607,-0.224982,0.034878,0.0374351,0.038,0.0378033,-0.00941605,43.4594,-3,2.29434,-0.444292,0.0525844,0,0,0.438028,0
1.10535e+08,0.830575,0.0992373,9.91106,0.571667,0.123872,0.550308,0.0035277,4.79012,-0.163358,4.76673,-0.181371,0.156657,0.181178,0.037,0.0369568,-0.0117239,43.4359,-3,2.2932,-0.460591,0.0544728,0,0,0.454274,0
1.10555e+08,0.809078,0.12573,9.8304,0.730298,0.00142312,0.547818,0.137427,4.70466,-0.483109,4.77155,-0.387993,-0.0422959,0.0518218,0.037,0.0368058,-0.0117978,43.43,-3,2.29214,-0.476898,0.0563517,0,0,0.470648,0
1.10575e+08,0.852052,0.149814,9.86602,0.866735,0.00123429,0.554228,0.0784757,4.93538,-0.237417,4.7608,-0.372522,-0.0115681,-0.103699,0.037,0.0367896,-0.0117929,43.4329,-3,2.29094,-0.493189,0.0582416,0,0,0.487163,0
1.10595e+08,0.792362,0.128138,9.89927,0.739243,0.122964,0.55707,0.181267,4.57596,-0.236665,4.75322,-0.0261934,-0.0575429,0.0210421,0.037,0.0367908,-0.0110883,43.4241,-3,2.28988,-0.50946,0.0601568,0,0,0.503332,0
1.10615e+08,0.809088,0.0896036,9.85171,0.519356,0.0156395,0.559069,0.0923556,4.69478,-0.18993,4.74936,-0.295284,0.186827,-0.107164,0.037,0.0367947,-0.0108068,43.4594,-3,2.28878,-0.525703,0.0620752,0,0,0.519452,0
1.10775e+08,0.842523,0.0703363,9.85877,0.407279,0.0893084,0.557949,0.0899412,4.88446,-0.138147,4.77099,-0.273718,0.231486,0.070544,0.037,0.0369695,-0.0104436,43.4271,-3,2.28192,-0.656204,0.0773043,0,0,0.649942,0
1.10795e+08,0.87594,0.116096,9.92767,0.667405,0.119388,0.555099,0.180842,5.04193,-0.259647,4.77698,-0.124105,0.0629762,0.1368,0.037,0.0368114,-0.0109581,43.4035,-3,2.28135,-0.672529,0.0792034,0,0,0.666248,0
1.10815e+08,0.823419,0.0727447,9.96564,0.416806,0.119033,0.553542,0.0436254,4.72326,-0.15163,4.78624,-0.289238,-0.10519,0.0185327,0.037,0.0367965,-0.0104761,43.4271,-3,2.28073,-0.688883,0.0811094,0,0,0.682671,0
1.10835e+08,0.823426,0.0486606,9.85638,0.281883,0.057465,0.554428,0.105923,4.77548,-0.150671,4.77984,-0.257496,-0.0438476,-0.00138143,0.037,0.0367972,-0.0105762,43.4094,-3,2.28001,-0.705235,0.0830038,0,0,0.699053,0
1.10855e+08,0.811477,0.0823784,9.81134,0.479421,0.133486,0.544189,0.0563818,4.7279,-0.149702,4.77988,-0.318176,0.0322243,0.0782407,0.037,0.036796,-0.0106112,43.4006,-3,2.27948,-0.721578,0.0848759,0,0,0.715336,0
1.10875e+08,0.816246,0.108871,9.88735,0.628727,0.0568854,0.54354,-0.0326991,4.71904,-0.22527,4.77748,-0.386494,0.169634,-0.0394033,0.037,0.0367924,-0.0112691,43.4035,-3,2.27891,-0.737914,0.0867397,0,0,0.731713,0
1.10895e+08,0.818639,0.0896036,9.84695,0.519564,0.239986,0.548628,0.10033,4.75223,0.00456381,4.7762,-0.0442393,0.0319673,-0.0242576,0.038,0.0376381,-0.00851854,43.4418,-3,2.27845,-0.754242,0.088614,0,0,0.74805,0
