timestamp_us,AccX,AccY,AccZ,Roll_Acc,Roll_Gyr,Roll_Kalman,RollRate_Kalman,Pitch_Acc,Pitch_Gyr,Pitch_Kalman,PitchRate_Kalman,YawRate_Gyr,YawRate_Kalman,Alt_ToF,Alt_Kalman,Vz_Kalman,temp,PosX,PosY,VelX,VelY,TiltCmdPitch,TiltCmdRoll,InnovV,Salud,FlowDx,FlowDy,DerotPitch,DerotRoll,M1,M2,M3,M4
5.54954e+08,0.856842,0.0992373,9.76859,0.579811,-1.03014,0.47921,-1.02031,5.01255,0.294399,5.05967,0.294953,-0.101074,-0.0987447,0.043,0.0425916,-0.0335153,36.6918,0,0,0,0,0,0,0,1,0,0,0,0,0,0,0,0
5.54974e+08,0.871167,0.106463,9.83032,0.618068,-2.48905,0.463861,-2.25767,5.06405,0.567594,5.06637,0.490477,-0.283608,-0.192192,0.041,0.0425972,-0.0334268,36.6859,0,0,0,0,0,0,0,1,0,0,0,0,0,0,0,0
5.55014e+08,0.849698,0.0293933,9.80647,0.171093,0.36409,0.37512,0.354517,4.9521,0.152123,5.07816,0.154167,0.0536524,0.0515562,0.041,0.0405752,-0.0399996,36.7153,0,0,0,0,0,0,0,1,0,0,0,0,0,0,0,0
5.55034e+08,0.887889,0.07997,9.80889,0.465209,1.56624,0.386671,1.54687,5.17208,0.0142448,5.07751,0.090927,0.190538,0.189903,0.042,0.0405644,-0.0396153,36.6359,0,0,0,0,0,0,0,1,0,0,0,0,0,0,0,0
5.55054e+08,0.821018,0.120913,9.79002,0.705128,0.812517,0.432677,0.818212,4.7934,0.105754,5.07245,0.103965,0.0982833,0.100464,0.042,0.0415068,-0.0371649,36.6741,0,0,0,0,0,0,0,1,0,0,0,0,0,0,0,0
5.55074e+08,0.86879,0.0679279,9.87062,0.392775,-0.303071,0.446853,-0.300666,5.02996,0.105479,5.06755,0.104604,-0.069731,-0.0682439,0.042,0.0415713,-0.0364366,36.7035,0,0,0,0,0,0,0,1,0,0,0,0,0,0,0,0
5.55094e+08,0.859233,0.0871952,9.85879,0.504821,-0.301312,0.447065,-0.39674,4.98078,0.119983,5.06605,0.182081,-0.0542706,-0.0980022,0.041,0.041578,-0.036746,36.68,0,0,0,0,0,0,0,1,0,0,0,0,0,0,0,0
5.55114e+08,0.85686,0.0342101,9.7851,0.19955,0.857988,0.444956,0.854427,5.00447,-0.0482156,5.0652,-0.047307,0.0523404,0.0537949,0.041,0.0406326,-0.0395763,36.6594,0,0,0,0,0,0,0,1,0,0,0,0,0,0,0,0
5.55134e+08,0.818636,0.0992373,9.79949,0.578188,0.594886,0.466691,0.596461,4.77508,0.180521,5.06416,0.179636,0.00608575,0.00978461,0.041,0.0405706,-0.0394668,36.6888,0,0,0,0,0,0,0,1,0,0,0,0,0,0,0,0
5.55154e+08,0.861627,0.0655195,9.83263,0.380326,-0.977581,0.469361,-0.665621,5.00789,0.408442,5.05781,0.376436,-0.116051,-0.126279,0.043,0.0405667,-0.0389918,36.6682,0,0,0,0,0,0,0,1,0,0,0,0,0,0,0,0
5.55174e+08,0.825792,0.128138,9.80427,0.74615,-1.67419,0.450474,-1.67447,4.81412,0.467574,5.06061,0.469056,-0.161328,-0.159976,0.043,0.0424606,-0.0332708,36.6447,0,0,0,0,0,0,0,1,0,0,0,0,0,0,0,0
5.55194e+08,0.911773,0.0582943,9.75898,0.340762,-0.584652,0.416383,-0.59182,5.33751,0.206494,5.07189,0.207414,0.00714493,0.00359603,0.043,0.0425855,-0.0331772,36.6653,0,0,0,0,0,0,0,1,0,0,0,0,0,0,0,0
5.55214e+08,0.887905,0.022168,9.77319,0.129428,1.24655,0.409452,1.01057,5.19112,-0.0381777,5.07135,-0.00760376,0.129083,0.157466,0.042,0.042595,-0.0336068,36.6829,0,0,0,0,0,0,0,1,0,0,0,0,0,0,0,0
5.55234e+08,0.861618,0.0968289,9.84693,0.56125,1.24075,0.439205,1.24435,5.00047,-0.00744176,5.06828,-0.00892258,0.189551,0.188767,0.042,0.041649,-0.0364573,36.6271,0,0,0,0,0,0,0,1,0,0,0,0,0,0,0,0
5.55254e+08,0.856857,0.0438438,9.80649,0.255189,-0.25813,0.460763,-0.253314,4.99358,0.190793,5.06583,0.189602,-0.00933814,-0.00322635,0.042,0.0415861,-0.0367926,36.6682,0,0,0,0,0,0,0,1,0,0,0,0,0,0,0,0
5.55274e+08,0.880726,0.0775616,9.80177,0.451554,-0.897064,0.456085,-0.790758,5.13429,0.327008,5.0676,0.372509,-0.0549192,-0.141744,0.044,0.0415794,-0.0367605,36.6712,0,0,0,0,0,0,0,1,0,0,0,0,0,0,0,0
5.55294e+08,0.864011,0.0775616,9.77329,0.452927,-0.131001,0.434123,-0.13695,5.05196,0.234441,5.07466,0.231861,-0.0089227,-0.00905235,0.044,0.0434703,-0.0314764,36.6565,0,0,0,0,0,0,0,1,0,0,0,0,0,0,0,0
5.55314e+08,0.856855,0.051069,9.76376,0.298533,0.753371,0.435538,0.750696,5.01529,-0.0255613,5.07223,-0.0237865,0.128395,0.124913,0.044,0.0435927,-0.0317259,36.6535,0,0,0,0,0,0,0,1,0,0,0,0,0,0,0,0
5.55334e+08,0.904606,0.0727447,9.75188,0.425566,0.383963,0.449784,0.556213,5.29957,0.142236,5.06766,0.111763,0.051693,0.0405085,0.042,0.0436025,-0.0320389,36.6624,0,0,0,0,0,0,0,1,0,0,0,0,0,0,0,0
5.55354e+08,0.847294,0.0847868,9.72346,0.49771,-1.0351,0.451216,-1.03087,4.97994,0.29412,5.0674,0.293802,-0.14673,-0.14705,0.042,0.0417075,-0.038483,36.6653,0,0,0,0,0,0,0,1,0,0,0,0,0,0,0,0
5.55375e+08,0.868796,0.0462522,9.78036,0.269892,-1.16711,0.42555,-1.17274,5.07624,0.201049,5.07182,0.203438,-0.222541,-0.217771,0.042,0.0415795,-0.0388563,36.6624,0,0,0,0,0,0,0,1,0,0,0,0,0,0,0,0
5.55396e+08,0.916564,0.00530915,9.83012,0.0308113,0.621061,0.402195,0.614465,5.32688,0.0474896,5.08439,0.0507126,0.0678504,0.0637673,0.041,0.0411977,-0.0403452,36.6565,0,0,0,0,0,0,0,1,0,0,0,0,0,0,0,0
5.55417e+08,0.885498,0.0896036,9.84215,0.519512,1.39356,0.419023,1.54836,5.14085,0.0171914,5.08679,-0.0609338,0.112997,0.233809,0.041,0.0406142,-0.0418089,36.6476,0,0,0,0,0,0,0,1,0,0,0,0,0,0,0,0
5.55438e+08,0.854448,0.120913,9.83985,0.701381,-0.517359,0.446109,-0.511331,4.96248,0.245801,5.08958,0.243448,-0.0246143,-0.0259295,0.041,0.040551,-0.0415576,36.6829,0,0,0,0,0,0,0,1,0,0,0,0,0,0,0,0
5.55458e+08,0.866406,0.051069,9.76138,0.29858,-1.45929,0.425697,-1.46076,5.07213,0.275098,5.09574,0.275691,-0.161591,-0.160266,0.042,0.0411467,-0.0398379,36.6388,0,0,0,0,0,0,0,1,0,0,0,0,0,0,0,0
5.55478e+08,0.849702,0.0125344,9.87055,0.0724905,0.178033,0.392423,0.170776,4.92015,0.0757337,5.0953,0.0769173,-0.00848186,-0.00785884,0.042,0.0415187,-0.0384824,36.6241,0,0,0,0,0,0,0,1,0,0,0,0,0,0,0,0
5.55498e+08,0.835365,0.0486606,9.8445,0.282192,1.88387,0.399611,1.88113,4.85021,-0.138004,5.08663,-0.136242,0.189561,0.189535,0.042,0.0415621,-0.0380708,36.6771,0,0,0,0,0,0,0,1,0,0,0,0,0,0,0,0
5.55518e+08,0.840125,0.104054,9.79473,0.606431,1.18941,0.441934,1.19717,4.90217,-0.0610564,5.07759,-0.0613744,0.127699,0.131187,0.042,0.0415684,-0.0380182,36.6418,0,0,0,0,0,0,0,1,0,0,0,0,0,0,0,0
5.55538e+08,0.866393,0.0992373,9.80182,0.577812,-1.22406,0.455707,-1.21301,5.05105,0.304928,5.0773,0.304311,-0.13206,-0.131014,0.042,0.0415676,-0.0383643,36.6682,0,0,0,0,0,0,0,1,0,0,0,0,0,0,0,0
5.55558e+08,0.840133,0.0775616,9.87778,0.448266,-2.39168,0.41626,-2.3917,4.86132,0.440615,5.0857,0.442091,-0.207673,-0.206959,0.042,0.041565,-0.0384325,36.6565,0,0,0,0,0,0,0,1,0,0,0,0,0,0,0,0
5.55578e+08,0.866416,0.0149428,9.76607,0.0873237,-0.765856,0.359497,-0.774531,5.06983,0.225457,5.08777,0.227501,-0.115399,-0.1161,0.041,0.0409659,-0.0406664,36.6859,0,0,0,0,0,0,0,1,0,0,0,0,0,0,0,0
5.55598e+08,0.871182,0.051069,9.86347,0.295501,1.06544,0.354207,1.06329,5.04743,-0.049911,5.08758,-0.0481252,0.0983016,0.0962763,0.041,0.04059,-0.041915,36.6653,0,0,0,0,0,0,0,1,0,0,0,0,0,0,0,0
5.55618e+08,0.818633,0.111279,9.80663,0.647875,0.816524,0.388773,0.819867,4.77154,0.0416231,5.08632,0.041075,0.113189,0.110566,0.041,0.0405509,-0.0416682,36.6329,0,0,0,0,0,0,0,1,0,0,0,0,0,0,0,0
5.55638e+08,0.861616,0.104054,9.8327,0.603993,-0.650067,0.397888,-0.644116,5.00762,0.13273,5.08381,0.13419,-0.0701891,-0.0674059,0.04,0.0399512,-0.0429162,36.6476,0,0,0,0,0,0,0,1,0,0,0,0,0,0,0,0
5.55658e+08,0.875964,0.0293933,9.83731,0.170521,-0.326982,0.378477,-0.330815,5.08846,0.193098,5.09019,0.192818,-0.0697991,-0.0686577,0.04,0.0395806,-0.0434907,36.6624,0,0,0,0,0,0,0,1,0,0,0,0,0,0,0,0
5.55678e+08,0.880725,0.0823784,9.81128,0.479135,0.756463,0.378226,0.753742,5.12932,-0.0208883,5.09225,-0.0217418,0.067555,0.0680426,0.04,0.0395434,-0.0433231,36.6359,0,0,0,0,0,0,0,1,0,0,0,0,0,0,0,0
5.55698e+08,0.840126,0.101646,9.81372,0.591258,0.691836,0.401352,0.694211,4.89275,0.08587,5.08382,0.0849782,0.0671877,0.0673457,0.042,0.0407381,-0.0395357,36.6771,0,0,0,0,0,0,0,1,0,0,0,0,0,0,0,0
5.55718e+08,0.864,0.116096,9.80185,0.675977,-0.728711,0.416419,-0.722434,5.03706,0.268501,5.08579,0.267606,-0.100898,-0.099975,0.042,0.0414848,-0.0372822,36.6506,0,0,0,0,0,0,0,1,0,0,0,0,0,0,0,0
5.55738e+08,0.847309,0.0318017,9.82784,0.184716,-1.27399,0.40057,-1.276,4.92755,0.374103,5.08615,0.375838,-0.0700091,-0.0707944,0.042,0.0415663,-0.0369382,36.6241,0,0,0,0,0,0,0,1,0,0,0,0,0,0,0,0
5.55758e+08,0.873587,-0.0115497,9.77789,-0.0674098,-0.201557,0.370556,-0.207852,5.10542,0.235461,5.08608,0.236336,0.0219589,0.0190449,0.041,0.040977,-0.0387625,36.6271,0,0,0,0,0,0,0,1,0,0,0,0,0,0,0,0
5.55778e+08,0.89506,0.051069,9.82308,0.296642,1.1401,0.375021,1.13655,5.20623,-0.116161,5.08963,-0.11263,0.11334,0.111289,0.041,0.0406043,-0.0397702,36.6035,0,0,0,0,0,0,0,1,0,0,0,0,0,0,0,0
5.55798e+08,0.866388,0.116096,9.78522,0.677102,0.845312,0.404327,0.849763,5.05945,0.0979214,5.08266,0.0949776,0.0975591,0.095068,0.041,0.0405628,-0.0403495,36.6418,0,0,0,0,0,0,0,1,0,0,0,0,0,0,0,0
5.55818e+08,0.844903,0.0968289,9.77097,0.565664,-0.865034,0.413316,-0.859924,4.94188,0.250043,5.08423,0.250013,-0.146935,-0.139915,0.042,0.0411553,-0.0388091,36.6447,0,0,0,0,0,0,0,1,0,0,0,0,0,0,0,0
5.55838e+08,0.875945,0.0968289,9.82317,0.562525,-0.952207,0.396236,-0.955799,5.09542,0.264226,5.0884,0.266243,-0.115887,-0.116524,0.042,0.0415252,-0.0378983,36.6212,0,0,0,0,0,0,0,1,0,0,0,0,0,0,0,0
5.55858e+08,0.895064,0.0366185,9.78982,0.213422,0.78954,0.376393,0.782325,5.22388,0.00410461,5.0887,0.00500403,0.174396,0.166073,0.042,0.0415677,-0.0374467,36.6271,0,0,0,0,0,0,0,1,0,0,0,0,0,0,0,0
5.55878e+08,0.866396,0.0871952,9.77331,0.50917,1.4103,0.397106,1.69875,5.06578,0.00429535,5.08444,-0.0260112,0.173675,0.24593,0.041,0.0415735,-0.0371246,36.6065,0,0,0,0,0,0,0,1,0,0,0,0,0,0,0,0
5.55898e+08,0.821021,0.111279,9.8185,0.647084,-0.120155,0.439176,-0.112066,4.77964,0.263576,5.07729,0.261799,0.0203834,0.0246579,0.041,0.0406291,-0.0397586,36.63,0,0,0,0,0,0,0,1,0,0,0,0,0,0,0,0
5.55918e+08,0.85924,0.0607027,9.83263,0.352374,-1.38412,0.425294,-1.38318,4.9941,0.308386,5.07711,0.308379,-0.101567,-0.102775,0.041,0.0405689,-0.0395885,36.6212,0,0,0,0,0,0,0,1,0,0,0,0,0,0,0,0
5.55938e+08,0.837744,0.07997,9.77807,0.466873,-0.356751,0.40665,-0.743212,4.89674,0.185126,5.07615,0.262829,0.00575745,-0.0569366,0.041,0.0405639,-0.0394519,36.6006,0,0,0,0,0,0,0,1,0,0,0,0,0,0,0,0
5.55958e+08,0.859244,0.0486606,9.80649,0.283219,1.06186,0.401832,1.05742,5.0074,-0.0747399,5.07514,-0.0726778,0.112519,0.109738,0.041,0.0405629,-0.0395105,36.6006,0,0,0,0,0,0,0,1,0,0,0,0,0,0,0,0
5.55979e+08,0.871175,0.0775616,9.83264,0.450186,0.50821,0.424521,0.513583,5.06304,0.01682,5.07677,0.0176854,0.0357097,0.0364463,0.041,0.0405642,-0.0392462,36.6094,0,0,0,0,0,0,0,1,0,0,0,0,0,0,0,0
5.56e+08,0.821022,0.106463,9.78288,0.621315,-0.697547,0.43398,-0.695148,4.79699,0.199532,5.07278,0.200687,-0.0711201,-0.0677353,0.042,0.0409307,-0.0379355,36.6035,0,0,0,0,0,0,0,1,0,0,0,0,0,0,0,0
5.56021e+08,0.842523,0.0703363,9.7828,0.410419,-0.403435,0.421755,-0.665954,4.9222,0.106948,5.07344,0.198137,0.0973299,-0.0416286,0.042,0.041512,-0.0364914,36.6124,0,0,0,0,0,0,0,1,0,0,0,0,0,0,0,0
5.56042e+08,0.849694,0.0438438,9.86585,0.253681,0.695595,0.421116,0.692269,4.92239,0.0607324,5.0692,0.0607393,0.0207882,0.0222425,0.042,0.0415759,-0.0362927,36.6094,0,0,0,0,0,0,0,1,0,0,0,0,0,0,0,0
5.56062e+08,0.873558,0.0944205,9.79231,0.550261,0.204597,0.438899,0.207625,5.09755,0.0910606,5.07047,0.0904575,0.0204855,0.0240252,0.041,0.0409813,-0.0383614,36.6065,0,0,0,0,0,0,0,1,0,0,0,0,0,0,0,0
5.56082e+08,0.87595,0.07997,9.82077,0.464701,-0.649608,0.436569,-0.647225,5.09676,0.166813,5.06445,0.167387,-0.0557613,-0.0550398,0.041,0.0406085,-0.0392932,36.6065,0,0,0,0,0,0,0,1,0,0,0,0,0,0,0,0
5.56103e+08,0.873571,0.0486606,9.86583,0.281493,-0.0213648,0.425518,-0.0272965,5.06,0.0594356,5.06452,0.060291,0.0666108,0.0630052,0.041,0.0405682,-0.0393432,36.5947,0,0,0,0,0,0,0,1,0,0,0,0,0,0,0,0
5.56124e+08,0.849672,0.120913,9.77338,0.706145,0.999595,0.433203,0.999507,4.96828,-0.0321364,5.06268,-0.033007,0.112183,0.109347,0.041,0.0405644,-0.0395524,36.5682,0,0,0,0,0,0,0,1,0,0,0,0,0,0,0,0
5.56145e+08,0.887876,0.12573,9.83033,0.729802,-0.164436,0.458837,0.225997,5.16053,0.120628,5.05852,0.0598457,0.0202866,-0.0200281,0.041,0.040564,-0.0391643,36.6182,0,0,0,0,0,0,0,1,0,0,0,0,0,0,0,0
5.56166e+08,0.868792,0.0582943,9.74002,0.341556,-1.85557,0.448287,-1.84961,5.0971,0.440244,5.06346,0.437894,-0.132002,-0.136595,0.041,0.0405679,-0.0389063,36.5976,0,0,0,0,0,0,0,1,0,0,0,0,0,0,0,0
5.56186e+08,0.887902,0.0318017,9.79219,0.185316,-1.25265,0.408043,-1.2607,5.18107,0.270816,5.07036,0.272279,-0.0853931,-0.0910287,0.04,0.0398172,-0.0414499,36.5976,0,0,0,0,0,0,0,1,0,0,0,0,0,0,0,0
5.56207e+08,0.873563,0.0751532,9.80177,0.437561,1.08452,0.393814,1.07612,5.09277,0.025862,5.06813,0.0270548,0.128518,0.126814,0.04,0.0395782,-0.0419825,36.5829,0,0,0,0,0,0,0,1,0,0,0,0,0,0,0,0
5.56228e+08,0.890275,0.0871952,9.79465,0.507958,1.47535,0.434178,1.47978,5.19336,-0.0807338,5.06431,-0.0807298,0.15838,0.158421,0.04,0.0395553,-0.0415562,36.5653,0,0,0,0,0,0,0,1,0,0,0,0,0,0,0,0
5.56249e+08,0.880727,0.0727447,9.82313,0.422598,-0.847763,0.462256,-0.564702,5.12322,0.148148,5.06053,0.132384,-0.116639,-0.0998642,0.042,0.0410518,-0.0370686,36.5829,0,0,0,0,0,0,0,1,0,0,0,0,0,0,0,0
5.5627e+08,0.87595,0.0775616,9.81127,0.45114,-1.14844,0.431431,-1.15083,5.10168,0.177908,5.0686,0.17821,-0.0397638,-0.041379,0.042,0.0415508,-0.0355584,36.5682,0,0,0,0,0,0,0,1,0,0,0,0,0,0,0,0
5.56291e+08,0.859248,0.0318017,9.77797,0.185632,0.410995,0.417288,0.40438,5.02199,0.0551941,5.06996,0.0560822,-0.00904632,-0.0104939,0.042,0.0415822,-0.0358241,36.5624,0,0,0,0,0,0,0,1,0,0,0,0,0,0,0,0
5.56312e+08,0.804324,0.0462522,9.79941,0.269522,1.26223,0.429297,1.26278,4.6922,-0.00597286,5.06696,-0.0054017,0.112737,0.116809,0.04,0.0398956,-0.0405864,36.5947,0,0,0,0,0,0,0,1,0,0,0,0,0,0,0,0
5.56333e+08,0.878327,0.118505,9.8327,0.687762,-0.695295,0.457651,-0.137999,5.10415,0.222551,5.06175,0.221273,-0.0860813,-0.0652406,0.04,0.0395908,-0.0414186,36.5859,0,0,0,0,0,0,0,1,0,0,0,0,0,0,0,0
5.56354e+08,0.864013,0.0727447,9.80178,0.423575,-1.7586,0.433442,-1.75918,5.03738,0.389345,5.07087,0.389589,-0.0550323,-0.0578856,0.04,0.0395575,-0.0412288,36.5624,0,0,0,0,0,0,0,1,0,0,0,0,0,0,0,0
5.56375e+08,0.873589,-0.0163666,9.84911,-0.0948377,-0.226761,0.39418,-0.234867,5.0687,0.082788,5.076,0.0842825,-0.0545441,-0.0586629,0.041,0.0404629,-0.0381796,36.5888,0,0,0,0,0,0,0,1,0,0,0,0,0,0,0,0
5.56396e+08,0.84251,0.116096,9.79949,0.676266,1.17606,0.400734,1.17249,4.91357,-0.0395336,5.06009,-0.0392342,0.158975,0.154263,0.041,0.0405636,-0.0377313,36.5741,0,0,0,0,0,0,0,1,0,0,0,0,0,0,0,0
5.56417e+08,0.887882,0.104054,9.83267,0.603852,0.728135,0.42726,0.793704,5.15948,-0.0698543,5.05421,0.00475125,0.127984,0.0346679,0.041,0.0405752,-0.0377461,36.5918,0,0,0,0,0,0,0,1,0,0,0,0,0,0,0,0
5.56438e+08,0.861633,0.0438438,9.81598,0.254934,0.161659,0.448286,0.16112,5.01644,0.113253,5.05364,0.112367,0.036114,0.0353031,0.041,0.0405765,-0.0376394,36.5506,0,0,0,0,0,0,0,1,0,0,0,0,0,0,0,0
5.56458e+08,0.830591,0.0438438,9.77564,0.256047,0.465954,0.446467,0.464458,4.85644,0.0367575,5.05198,0.0367468,0.0817103,0.08165,0.041,0.0405777,-0.0376554,36.5712,0,0,0,0,0,0,0,1,0,0,0,0,0,0,0,0
5.56478e+08,0.823407,0.118505,9.80663,0.689908,0.265413,0.458005,0.405553,4.79919,0.15865,5.04882,0.0685427,0.0355581,0.110567,0.043,0.0405773,-0.0375317,36.58,0,0,0,0,0,0,0,1,0,0,0,0,0,0,0,0
5.56498e+08,0.811475,0.092012,9.8161,0.535226,-1.29056,0.455523,-1.28456,4.72556,0.203611,5.04487,0.205937,-0.101805,-0.102972,0.043,0.0424718,-0.0317097,36.58,0,0,0,0,0,0,0,1,0,0,0,0,0,0,0,0
5.56519e+08,0.897446,0.0582943,9.8136,0.338927,-1.78803,0.419103,-1.78919,5.22503,0.370395,5.0478,0.369231,-0.20811,-0.207265,0.043,0.0425967,-0.0317965,36.5829,0,0,0,0,0,0,0,1,0,0,0,0,0,0,0,0
5.5654e+08,0.859246,0.0414354,9.80411,0.241225,-0.408581,0.380151,-0.415209,5.00864,0.216427,5.05636,0.217618,-0.00905013,-0.0125666,0.043,0.0426088,-0.0318419,36.5565,0,0,0,0,0,0,0,1,0,0,0,0,0,0,0,0
5.56561e+08,0.861627,0.0655195,9.75428,0.383357,1.40607,0.376925,1.21732,5.0479,-0.0893428,5.06442,-0.117589,0.0976682,0.0380782,0.043,0.0426082,-0.0320783,36.5624,0,0,0,0,0,0,0,1,0,0,0,0,0,0,0,0
5.56582e+08,0.864014,0.0679279,9.854,0.393449,0.973206,0.412847,0.975643,5.01085,-0.180601,5.06439,-0.178835,0.0207716,0.0257379,0.043,0.042606,-0.0322171,36.5829,0,0,0,0,0,0,0,1,0,0,0,0,0,0,0,0
5.56602e+08,0.875932,0.144997,9.78526,0.845561,-0.0212284,0.433159,-0.0187859,5.11466,-0.0276966,5.05938,-0.0259344,0.00545812,0.00407088,0.041,0.0414091,-0.0360062,36.5771,0,0,0,0,0,0,0,1,0,0,0,0,0,0,0,0
5.56622e+08,0.847298,0.0703363,9.74956,0.41179,0.208035,0.436183,0.203938,4.96676,0.0946975,5.05396,0.0937659,-0.0403286,-0.039542,0.041,0.0406609,-0.0385988,36.5771,0,0,0,0,0,0,0,1,0,0,0,0,0,0,0,0
5.56643e+08,0.861618,0.0968289,9.78995,0.564492,0.359704,0.442929,0.35941,5.02943,0.0792475,5.05019,0.0783833,0.173378,0.167145,0.041,0.0405807,-0.0385762,36.58,0,0,0,0,0,0,0,1,0,0,0,0,0,0,0,0
5.56664e+08,0.895037,0.135363,9.85408,0.783785,-0.602148,0.450129,-0.599098,5.18939,0.262003,5.05928,0.260237,-0.0557491,-0.0523058,0.042,0.0411711,-0.0364944,36.5594,0,0,0,0,0,0,0,1,0,0,0,0,0,0,0,0
5.56685e+08,0.854463,0.0679279,9.83502,0.394236,-1.25347,0.429188,-1.31414,4.96525,0.291282,5.06061,0.260085,-0.162108,-0.117739,0.042,0.0415462,-0.0351169,36.6006,0,0,0,0,0,0,0,1,0,0,0,0,0,0,0,0
5.56706e+08,0.87596,0.0414354,9.78747,0.241595,-0.348959,0.398746,-0.353133,5.11419,0.076586,5.06635,0.0780796,-0.0396285,-0.0376195,0.042,0.0415865,-0.0353837,36.5918,0,0,0,0,0,0,0,1,0,0,0,0,0,0,0,0
5.56727e+08,0.861621,0.0871952,9.78281,0.508701,0.779972,0.396356,0.776987,5.03314,-0.0303216,5.06403,-0.0303166,0.00617266,0.00695927,0.041,0.0408375,-0.0381025,36.5418,0,0,0,0,0,0,0,1,0,0,0,0,0,0,0,0
5.56748e+08,0.83774,0.0968289,9.79709,0.564202,0.837548,0.418963,0.837601,4.88718,-0.213113,5.06117,-0.211935,0.08224,0.0803069,0.041,0.0405965,-0.0390281,36.5153,0,0,0,0,0,0,0,1,0,0,0,0,0,0,0,0
5.56769e+08,0.832957,0.120913,9.77339,0.706247,0.178365,0.434682,0.346926,4.87101,-0.013973,5.05962,-0.0903887,-0.0400841,0.0488103,0.041,0.0405692,-0.0392726,36.5271,0,0,0,0,0,0,0,1,0,0,0,0,0,0,0,0
5.5679e+08,0.844916,0.0486606,9.81363,0.28305,0.177994,0.43652,0.176194,4.92076,0.00147223,5.05147,-0.000263375,0.00573111,0.00768852,0.042,0.0413187,-0.0362203,36.53,0,0,0,0,0,0,0,1,0,0,0,0,0,0,0,0
5.5681e+08,0.8282,0.0558858,9.82552,0.324733,1.06163,0.443408,1.05831,4.81803,-0.242296,5.0446,-0.241689,0.0513878,0.0507215,0.042,0.0415591,-0.035626,36.5712,0,0,0,0,0,0,0,1,0,0,0,0,0,0,0,0
5.5683e+08,0.852065,0.104054,9.79471,0.606369,1.37711,0.472668,1.37744,4.9715,-0.302336,5.03512,-0.302052,0.157736,0.156358,0.042,0.0415841,-0.0359538,36.5624,0,0,0,0,0,0,0,1,0,0,0,0,0,0,0,0
5.56851e+08,0.832966,0.0896036,9.80658,0.521624,0.258671,0.502843,0.262617,4.85482,-0.210026,5.02512,-0.208537,0.0810016,0.0789872,0.043,0.0423359,-0.0334701,36.5565,0,0,0,0,0,0,0,1,0,0,0,0,0,0,0,0
5.56872e+08,0.852059,0.12573,9.80662,0.731787,-1.19024,0.503143,-1.18402,4.96533,0.369843,5.02235,0.368628,-0.117368,-0.117994,0.043,0.0425771,-0.0326868,36.5359,0,0,0,0,0,0,0,1,0,0,0,0,0,0,0,0
5.56893e+08,0.854464,0.0631111,9.75429,0.369289,-1.21398,0.468909,-1.36983,5.00616,0.0329254,5.02489,0.153765,-0.162436,-0.192432,0.043,0.0426008,-0.032998,36.5447,0,0,0,0,0,0,0,1,0,0,0,0,0,0,0,0
5.56914e+08,0.875962,0.0366185,9.78509,0.213562,0.696474,0.439908,0.687522,5.11545,-0.0739179,5.02929,-0.075066,0.0821576,0.0784618,0.043,0.0425998,-0.033711,36.5271,0,0,0,0,0,0,0,1,0,0,0,0,0,0,0,0
5.56934e+08,0.83775,0.0607027,9.85401,0.35168,2.01937,0.463307,2.01723,4.85929,-0.103925,5.02548,-0.105967,0.157897,0.160618,0.043,0.0425972,-0.0338061,36.5329,0,0,0,0,0,0,0,1,0,0,0,0,0,0,0,0
5.56955e+08,0.873551,0.118505,9.75673,0.693104,0.836006,0.50716,0.849389,5.11586,0.59817,5.02408,0.594809,0.0961,0.0976502,0.043,0.0425959,-0.0343337,36.5565,0,0,0,0,0,0,0,1,0,0,0,0,0,0,0,0
5.56976e+08,0.837748,0.0679279,9.86352,0.393162,-1.46842,0.508318,-1.46272,4.85459,0.490546,5.02927,0.482278,-0.0717225,-0.0724746,0.043,0.0425923,-0.0346004,36.5329,0,0,0,0,0,0,0,1,0,0,0,0,0,0,0,0
5.56997e+08,0.854476,0.0197596,9.79458,0.115151,-0.52983,0.464657,-1.16354,4.98583,-0.349655,5.03516,-0.653573,-0.116509,-0.314991,0.043,0.0425935,-0.0341933,36.5329,0,0,0,0,0,0,0,1,0,0,0,0,0,0,0,0
5.57017e+08,0.842519,0.0847868,9.79232,0.494257,2.87118,0.454448,2.26556,4.91736,-0.943763,5.02934,-0.694921,0.26483,0.229583,0.043,0.0425937,-0.0344942,36.5329,0,0,0,0,0,0,0,1,0,0,0,0,0,0,0,0
5.57037e+08,0.847292,0.0944205,9.80895,0.549463,4.13897,0.523153,4.20156,4.9367,-0.193318,5.0122,-0.301967,0.4466,0.473867,0.043,0.042592,-0.0346621,36.5182,0,0,0,0,0,0,0,1,0,0,0,0,0,0,0,0
5.57078e+08,0.87355,0.123321,9.75437,0.721447,-3.06343,0.631106,-3.04314,5.11705,-0.0251951,5.0003,-0.0200625,-0.409679,-0.399748,0.043,0.0425891,-0.035247,36.5594,0,0,0,0,0,0,0,1,0,0,0,0,0,0,0,0
5.57098e+08,0.945196,0.0823784,9.81834,0.478503,-4.75708,0.550776,-4.75532,5.49864,0.490914,5.01786,0.502773,-0.530107,-0.528487,0.041,0.0407713,-0.0412115,36.5506,0,0,0,0,0,0,0,1,0,0,0,0,0,0,0,0
5.57118e+08,0.825823,0.0149428,9.86582,0.0864779,-1.55067,0.443928,-1.56958,4.78481,0.231241,5.01226,0.231424,-0.177223,-0.179099,0.041,0.0405769,-0.04099,36.5388,0,0,0,0,0,0,0,1,0,0,0,0,0,0,0,0
5.57139e+08,0.832972,0.0679279,9.77806,0.39659,2.93603,0.436349,2.92138,4.86903,0.0182247,5.00567,0.0108599,0.387723,0.377099,0.041,0.0405608,-0.0406323,36.5418,0,0,0,0,0,0,0,1,0,0,0,0,0,0,0,0
5.5716e+08,0.86399,0.152222,9.885,0.878896,2.98327,0.516036,2.99139,4.99461,-0.0901699,5.01576,-0.0835905,0.279365,0.28373,0.043,0.0423731,-0.0348019,36.53,0,0,0,0,0,0,0,1,0,0,0,0,0,0,0,0
5.57181e+08,0.852058,0.128138,9.82799,0.744194,-1.55668,0.573183,-0.808359,4.95457,0.702862,5.01063,0.655429,-0.0569967,-0.18589,0.043,0.0425737,-0.033733,36.5241,0,0,0,0,0,0,0,1,0,0,0,0,0,0,0,0
5.57202e+08,0.844907,0.0823784,9.78994,0.480324,-3.75956,0.538755,-3.57324,4.93244,1.06645,5.02392,0.865151,-0.330846,-0.36004,0.043,0.0425958,-0.0337418,36.5212,0,0,0,0,0,0,0,1,0,0,0,0,0,0,0,0
5.57223e+08,0.866417,0.0125344,9.85629,0.072584,-2.50887,0.441891,-2.52075,5.02367,0.513285,5.04502,0.514549,-0.299113,-0.299032,0.043,0.0425977,-0.0334648,36.5624,0,0,0,0,0,0,0,1,0,0,0,0,0,0,0,0
5.57244e+08,0.871177,0.0679279,9.835,0.394178,0.610799,0.400204,0.59939,5.06189,0.190686,5.05407,0.194844,0.190058,0.181515,0.043,0.042599,-0.0332387,36.5006,0,0,0,0,0,0,0,1,0,0,0,0,0,0,0,0
5.57265e+08,0.868778,0.108871,9.78046,0.635259,1.90084,0.430092,1.99491,5.07583,0.0989501,5.05053,-0.022369,0.143297,0.262751,0.042,0.0422351,-0.0346703,36.5271,0,0,0,0,0,0,0,1,0,0,0,0,0,0,0,0
5.57286e+08,0.859217,0.144997,9.77816,0.846298,0.0791012,0.486164,0.0880425,5.02119,0.174891,5.05287,0.174582,-0.0404447,-0.0375883,0.042,0.0416241,-0.036832,36.5006,0,0,0,0,0,0,0,1,0,0,0,0,0,0,0,0
5.57306e+08,0.830573,0.108871,9.81848,0.63303,-1.38381,0.485251,-1.38255,4.835,0.357032,5.05033,0.355873,-0.177578,-0.173467,0.042,0.0415818,-0.0371086,36.5271,0,0,0,0,0,0,0,1,0,0,0,0,0,0,0,0
5.57327e+08,0.87597,0.00530915,9.83727,0.0308005,-1.08795,0.449437,-1.09244,5.08854,0.325084,5.05913,0.325672,-0.0852538,-0.0848492,0.041,0.0409769,-0.0391716,36.5182,0,0,0,0,0,0,0,1,0,0,0,0,0,0,0,0
5.57348e+08,0.835366,0.0462522,9.79464,0.269581,0.516748,0.427753,0.345141,4.8748,0.0491693,5.06172,0.0657212,0.0828615,-0.0199333,0.041,0.0406037,-0.0400375,36.5388,0,0,0,0,0,0,0,1,0,0,0,0,0,0,0,0
5.57369e+08,0.883101,0.12573,9.82796,0.730008,0.727351,0.44624,0.910984,5.13416,-0.0120227,5.06425,0.00326428,0.128308,0.084567,0.041,0.0405648,-0.0399923,36.5182,0,0,0,0,0,0,0,1,0,0,0,0,0,0,0,0
5.5739e+08,0.861611,0.123321,9.83035,0.715991,-0.846046,0.465741,-0.837142,5.00867,0.354157,5.05977,0.351183,-0.0702876,-0.0681939,0.043,0.0420596,-0.0352078,36.5124,0,0,0,0,0,0,0,1,0,0,0,0,0,0,0,0
5.5741e+08,0.864017,0.0558858,9.75902,0.326827,-1.9241,0.436574,-1.92495,5.05942,0.276578,5.06427,0.276294,-0.145977,-0.150148,0.043,0.0425373,-0.03416,36.5329,0,0,0,0,0,0,0,1,0,0,0,0,0,0,0,0
5.5743e+08,0.868806,0.010126,9.75894,0.0592165,-0.696298,0.396195,-0.702354,5.08744,0.198979,5.07721,0.199316,-0.130041,-0.133339,0.043,0.0425831,-0.0350356,36.5182,0,0,0,0,0,0,0,1,0,0,0,0,0,0,0,0
5.57451e+08,0.835363,0.0558858,9.79703,0.325651,1.19638,0.39335,1.19036,4.87357,-0.0760756,5.07601,-0.0740522,0.175224,0.171893,0.041,0.0410881,-0.0395706,36.53,0,0,0,0,0,0,0,1,0,0,0,0,0,0,0,0
5.57471e+08,0.842514,0.101646,9.83271,0.590112,1.12996,0.418606,1.13382,4.89716,-0.121598,5.0719,-0.120723,0.128772,0.130778,0.041,0.040612,-0.0403489,36.4918,0,0,0,0,0,0,0,1,0,0,0,0,0,0,0,0
5.57492e+08,0.849681,0.0896036,9.82556,0.520549,-0.352944,0.435754,-0.349301,4.94224,-0.0753837,5.06005,-0.0748034,-0.131053,-0.127438,0.041,0.0405649,-0.0399952,36.5035,0,0,0,0,0,0,0,1,0,0,0,0,0,0,0,0
5.57574e+08,0.818646,0.0655195,9.78281,0.382391,-2.76412,0.435543,-2.75903,4.78338,0.151612,5.04649,0.152029,-0.252797,-0.257903,0.042,0.0412393,-0.0371335,36.4712,0,0,0,0,0,0,0,1,0,0,0,0,0,0,0,0
5.57594e+08,0.928491,0.0486606,9.8373,0.28216,-1.89869,0.381803,-1.90499,5.39181,0.484542,5.05902,0.493755,-0.206084,-0.204674,0.042,0.0415468,-0.0361559,36.5035,0,0,0,0,0,0,0,1,0,0,0,0,0,0,0,0
5.57614e+08,0.790003,0.0245765,9.83975,0.142647,1.58498,0.350531,1.56766,4.59024,-0.4607,5.04484,-0.471506,0.0386112,0.0351294,0.042,0.0415772,-0.0367127,36.5241,0,0,0,0,0,0,0,1,0,0,0,0,0,0,0,0
5.57635e+08,0.942809,0.0823784,9.8682,0.476118,2.49096,0.404788,2.49983,5.45729,-0.858124,5.05993,-0.846999,0.235966,0.240249,0.041,0.0407332,-0.0393031,36.4682,0,0,0,0,0,0,0,1,0,0,0,0,0,0,0,0
5.57656e+08,0.902202,0.130547,9.81133,0.759113,-0.782124,0.449595,-0.763313,5.2534,0.775278,5.05107,0.781017,-0.0243837,-0.0191012,0.041,0.0405801,-0.0398835,36.4859,0,0,0,0,0,0,0,1,0,0,0,0,0,0,0,0
5.57676e+08,0.861621,0.0847868,9.8659,0.490516,-3.61242,0.413548,-3.60942,4.99098,0.866004,5.05365,0.857883,-0.313557,-0.311756,0.041,0.0405629,-0.0398901,36.4565,0,0,0,0,0,0,0,1,0,0,0,0,0,0,0,0
5.57696e+08,0.864029,0.0149428,9.77557,0.0872414,-1.78273,0.334266,-1.79705,5.05104,-0.0514951,5.0708,-0.0549689,-0.205422,-0.211782,0.041,0.0405618,-0.0398904,36.4918,0,0,0,0,0,0,0,1,0,0,0,0,0,0,0,0
5.57716e+08,0.897462,0.00290074,9.79926,0.0168898,2.08029,0.30744,2.06974,5.23281,-0.449382,5.0788,-0.441,0.115057,0.121669,0.041,0.0405635,-0.0393314,36.4976,0,0,0,0,0,0,0,1,0,0,0,0,0,0,0,0
5.57736e+08,0.856842,0.0992373,9.7947,0.578277,3.45756,0.366691,3.45935,4.99926,-0.188412,5.06547,-0.184376,0.4041,0.403317,0.041,0.0405655,-0.0391802,36.4888,0,0,0,0,0,0,0,1,0,0,0,0,0,0,0,0
5.57757e+08,0.868771,0.135363,9.76151,0.791346,1.47476,0.430897,2.0015,5.08542,0.0577767,5.04733,-0.159133,0.173669,0.160816,0.042,0.0413156,-0.0369646,36.4859,0,0,0,0,0,0,0,1,0,0,0,0,0,0,0,0
5.57777e+08,0.864011,0.07997,9.82078,0.46475,-0.634336,0.462178,-0.336431,5.02764,0.164123,5.04989,0.254138,-0.0556169,-0.0812753,0.042,0.0415524,-0.0365405,36.53,0,0,0,0,0,0,0,1,0,0,0,0,0,0,0,0
5.5788e+08,0.852055,0.14018,9.76866,0.819029,0.574043,0.449539,0.583058,4.9844,0.0249774,5.04734,0.0270178,0.0976111,0.0963854,0.041,0.0405672,-0.0391675,36.4947,0,0,0,0,0,0,0,1,0,0,0,0,0,0,0,0
5.579e+08,0.878349,0.0390269,9.86344,0.225809,-1.62203,0.447302,-1.37348,5.08878,0.253828,5.04531,0.265775,-0.131205,-0.142481,0.041,0.0405675,-0.0392701,36.4682,0,0,0,0,0,0,0,1,0,0,0,0,0,0,0,0
5.57921e+08,0.842533,0.0342101,9.78037,0.199671,-0.94425,0.412715,-1.27003,4.92358,-0.051419,5.03992,-0.143692,-0.115256,-0.104944,0.041,0.0405697,-0.0387693,36.48,0,0,0,0,0,0,0,1,0,0,0,0,0,0,0,0
5.57983e+08,0.821031,0.0727447,9.84455,0.421906,2.04888,0.460969,2.04369,4.76728,-0.432657,5.0268,-0.429298,0.296949,0.27946,0.041,0.0405794,-0.0371273,36.4624,0,0,0,0,0,0,0,1,0,0,0,0,104,189,195,110
5.58003e+08,0.921325,0.0558858,9.47881,0.33622,0.0488809,0.510814,0.0541597,5.55153,0.193298,4.9964,0.192167,0.0374072,0.0350242,0.043,0.042403,-0.0314716,36.4476,0,0,0,0,0,0,0,1,0,0,0,0,161,255,288,194
5.58023e+08,0.706393,0.152222,9.75218,0.891924,-3.18776,0.519566,-3.15382,4.14244,0.315435,4.9851,0.324484,-0.710684,-0.661951,0.043,0.0425972,-0.0311385,36.4712,0,0,0,0,0,0,0,1,0,0,0,0,213,308,386,291
5.58043e+08,0.627657,-0.0741685,9.7234,-0.436127,-0.348066,0.470516,-0.337197,3.69328,-0.84487,4.97485,-0.854795,1.30458,1.26973,0.043,0.0426139,-0.0318982,36.4594,0,0,0,0,0,0,0,1,0,0,0,0,316,394,433,355
5.58085e+08,1.29145,0.010126,9.67785,0.0594221,6.26262,0.522636,1.84845,7.60088,-0.0967789,4.93358,1.34862,-0.741219,-1.43825,0.041,0.0406234,-0.0351082,36.4624,0,0,0,0,0,0,0,1,0,0,0,0,467,575,582,474
5.58106e+08,1.90026,0.328037,10.5373,1.75481,5.16338,0.607346,1.95948,10.2178,-1.36395,4.91686,2.43017,-2.83282,0.251465,0.042,0.0405929,-0.0367899,36.4359,0,0,0,0,0,0,0,1,0,0,0,0,536,660,663,539
5.58126e+08,-0.0264818,-0.538992,6.8409,-4.50497,5.34659,0.634868,5.30723,-0.221112,-4.11205,4.84501,-3.98587,3.65573,3.08095,0.042,0.0415587,-0.0377215,36.4976,0,0,0,0,0,0,0,1,0,0,0,0,697,727,682,652
5.58147e+08,1.36506,1.52261,12.5388,6.88337,2.35422,0.614815,2.42143,6.16818,-9.47082,4.5919,-9.27257,-0.496944,-0.90106,0.042,0.0416189,-0.0285387,36.4653,0,0,0,0,0,0,0,1,0,0,0,0,792,741,737,788
5.58168e+08,-4.14435,-4.6911,8.86065,-25.6208,-5.69158,0.24669,-5.51275,-22.4586,19.9643,4.44049,19.5288,-4.20687,-4.84332,0.041,0.0413735,-0.0184599,36.4418,0,0,0,0,0,0,0,1,0,0,0,0,603,957,1076,722
5.58188e+08,10.0076,6.65253,25.7616,13.5342,20.9344,0.438282,20.4038,20.6128,-26.967,3.08408,-27.0805,-10.0389,-9.81664,0.041,0.0407831,-0.00429279,36.4535,0,0,0,0,0,0,0,1,0,0,0,0,1214,870,615,959
5.58209e+08,-2.34596,19.8241,22.5146,41.2106,46.8122,-0.695372,33.5616,-4.47159,-64.8296,2.93619,-20.7235,-12.4206,-7.41118,0.041,0.0408604,0.0412239,36.4329,0,0,0,0,0,0,0,1,0,0,0,0,1324,1067,655,912
5.5823e+08,-0.326935,15.147,-16.5745,42.4179,70.6748,-0.505823,69.6178,-0.83421,-95.196,2.45847,-93.9257,-48.6801,-48.7158,0.042,0.0422797,0.0238027,36.4447,0,0,0,0,0,0,0,1,0,0,0,0,2200,889,0,1270
5.5825e+08,-11.7553,-1.52885,12.0633,-5.18636,38.5374,-0.220059,37.5177,-44.0311,-18.9975,3.1458,-17.2734,-16.8786,-16.6405,0.042,0.0403962,-0.267015,36.3918,0,0,0,0,0,0,0,1,0,0,0,0,1573,1217,889,939
5.5827e+08,-3.46554,1.4913,10.6079,7.61153,37.087,0.857777,37.0589,-17.927,-48.5853,1.86728,-48.2122,-33.7489,-34.0607,0.042,0.0400895,-0.276871,36.3976,0,0,0,0,0,0,0,1,0,0,0,0,1974,988,795,1162
5.58291e+08,-0.205635,-0.302968,2.63668,-6.53516,6.10995,0.755976,6.28867,-4.43046,-9.10441,3.1207,-8.87625,-34.5885,-34.3858,0.043,0.040474,-0.340474,36.43,0,0,0,0,0,0,0,1,0,0,0,0,1534,1137,1388,1159
5.58312e+08,1.78889,-2.7451,3.99622,-32.0866,-22.6534,0.519129,-22.3984,20.2529,22.3612,3.0753,22.2523,-35.9168,-35.6784,0.043,0.0408657,-0.290942,36.4124,0,0,0,0,0,0,0,1,0,0,0,0,1188,1219,1897,1214
5.58333e+08,2.80543,-0.293334,6.71776,-2.30737,-33.6152,-0.38922,-33.0854,22.6467,3.10933,3.81033,-12.213,-32.0237,-32.5311,0.043,0.0408301,-0.27592,36.4065,0,0,0,0,0,0,0,1,0,0,0,0,1397,985,1811,1626
5.58353e+08,2.35741,-3.52302,8.21586,-22.4002,-14.4702,-0.845838,-4.19812,14.7732,-19.654,3.75766,-35.2603,-37.1687,-36.0608,0.041,0.0398283,-0.253675,36.3212,0,0,0,0,0,0,0,1,0,0,0,0,1852,1078,1538,1649
5.58374e+08,-2.72016,0.144997,12.1436,0.66755,24.7664,-1.08819,24.6295,-12.6249,-65.3945,2.89986,-64.8613,-35.2908,-35.369,0.041,0.0393451,-0.216155,36.3359,0,0,0,0,0,0,0,1,0,0,0,0,2533,1320,1371,1930
5.58395e+08,0.63021,-0.666638,11.3892,-3.34475,20.5374,-0.637402,20.5676,3.16179,-49.883,1.77175,-50.1066,-39.5046,-39.4798,0.041,0.0396157,-0.174065,36.3271,0,0,0,0,0,0,0,1,0,0,0,0,2444,1374,1510,1850
5.58416e+08,-1.0675,-0.825594,12.8125,-3.67414,14.4,-0.253344,14.5341,-4.7529,-23.5166,0.76608,-23.6167,-38.6038,-38.652,0.037,0.0369398,-0.136032,36.3388,0,0,0,0,0,0,0,1,0,0,0,0,2243,1529,1735,1731
5.58437e+08,0.257468,0.190757,11.9369,0.91532,-3.98165,-0.0577696,-0.827712,1.23547,23.3689,0.749195,20.1373,-41.7947,-40.3752,0.037,0.0363324,-0.0905262,36.2682,0,0,0,0,0,0,0,1,0,0,0,0,1840,1731,2167,1524
5.58458e+08,0.718394,-0.0717601,11.8815,-0.345411,-2.21066,-0.254559,-2.28912,3.46002,35.9338,1.3227,35.766,-42.6649,-42.5078,0.037,0.0366238,-0.0326247,36.2624,0,0,0,0,0,0,0,1,0,0,0,0,1720,1827,2310,1409
5.58478e+08,-0.465531,-1.66613,11.918,-7.95239,0.0794153,-0.424533,0.212358,-2.21539,26.346,1.91025,26.4562,-42.3443,-42.3916,0.028,0.0292547,-0.0196329,36.2888,0,0,0,0,0,0,0,1,0,0,0,0,1839,1829,2281,1497
5.58498e+08,-0.382036,-1.38194,11.9706,-6.58201,-1.38623,-0.348041,-1.20669,-1.8159,11.5368,2.37098,11.6813,-42.7412,-42.8014,0.028,0.0281432,0.0184805,36.2682,0,0,0,0,0,0,0,1,0,0,0,0,1944,1730,2205,1615
5.58519e+08,0.758776,0.689299,11.6453,3.38031,17.1329,-0.198117,16.9045,3.72149,-10.2495,2.37921,-10.2295,-47.9168,-47.8052,0.028,0.0282477,0.0523933,36.2153,0,0,0,0,0,0,0,1,0,0,0,0,2267,1696,1956,1630
5.5854e+08,-0.186867,0.898831,12.2732,4.18811,6.46109,0.00721401,6.41399,-0.869965,-31.6693,1.74583,-31.6849,-48.9397,-48.8645,0.05,0.0471785,0.150714,36.2006,0,0,0,0,0,0,0,1,0,0,0,0,2288,1384,1799,1784
5.58561e+08,1.22946,-0.319827,10.5463,-1.72533,-12.7755,-0.13007,-6.72392,6.64633,-19.3334,1.03394,-28.944,-50.5275,-50.332,0.05,0.0507738,0.181748,36.1888,0,0,0,0,0,0,0,1,0,0,0,0,2200,1302,1922,1871
5.58582e+08,0.525163,-0.731665,10.6033,-3.94255,-19.1267,-0.578417,-19.051,2.82873,1.49101,0.6654,1.35524,-52.0237,-51.9929,0.05,0.0513407,0.205356,36.2035,0,0,0,0,0,0,0,1,0,0,0,0,1935,1441,2265,1776
5.58602e+08,0.47276,-1.1989,10.3984,-6.57024,-2.92822,-0.893627,-3.03039,2.58604,18.5444,0.816893,18.4521,-51.7489,-51.7619,0.073,0.0724112,0.280811,36.1653,0,0,0,0,0,0,0,1,0,0,0,0,1863,1617,2221,1485
5.58622e+08,0.119296,-0.96769,10.7576,-5.13986,9.80461,-0.847304,9.69866,0.632798,18.9414,1.15713,19.0246,-52.7259,-52.7317,0.073,0.0747516,0.297937,36.1447,0,0,0,0,0,0,0,1,0,0,0,0,1975,1735,2167,1404
5.58643e+08,0.716081,-0.339094,10.834,-1.78881,16.2474,-0.70274,16.2101,3.77965,7.87269,1.46841,7.85348,-53.1992,-53.1825,0.073,0.0750388,0.302553,36.1447,0,0,0,0,0,0,0,1,0,0,0,0,2140,1744,2086,1468
5.58664e+08,0.0523062,-0.500458,11.0789,-2.58639,15.3924,-0.507975,15.3545,0.27023,-15.4708,1.38875,-15.3347,-54.3748,-54.366,0.09,0.0905416,0.347148,36.1359,0,0,0,0,0,0,0,1,0,0,0,0,2287,1546,1908,1609
5.58685e+08,0.684628,1.13967,10.4589,6.2056,-7.37097,-0.5384,-7.00657,3.72319,-17.7151,0.97374,-25.0587,-56.2374,-54.6205,0.09,0.0921723,0.337396,36.0771,0,0,0,0,0,0,0,1,0,0,0,0,2253,1359,2044,1890
5.58706e+08,0.7995,0.219658,9.96826,1.25831,-6.66868,-0.639358,-6.71579,4.58446,-7.6693,0.623078,-7.74747,-55.2756,-55.2858,0.09,0.0923024,0.328218,36.0829,0,0,0,0,0,0,0,1,0,0,0,0,2158,1493,2183,1784
5.58726e+08,-0.188846,-0.57271,10.806,-3.03335,12.9954,-0.772113,12.7543,-0.9998,3.23147,0.484503,3.19759,-51.8863,-51.9481,0.129,0.127753,0.427778,36.0712,0,0,0,0,0,0,0,1,0,0,0,0,2142,1657,2047,1524
5.58746e+08,0.439138,-0.507683,10.2001,-2.84677,19.7588,-0.607304,19.7609,2.46216,11.7658,0.633097,11.6977,-49.5198,-49.5581,0.129,0.131513,0.422324,36.0712,0,0,0,0,0,0,0,1,0,0,0,0,2130,1830,2055,1468
5.58766e+08,-0.518434,-0.334277,11.3574,-1.68412,17.6214,-0.277481,17.6301,-2.61244,3.06353,0.763654,3.11069,-47.9779,-48.0319,0.129,0.131839,0.412138,36.0506,-0.000169739,0.00056145,-0.00848693,0.0280725,-0.0342528,-0.113299,3.39477e-05,0,0,0,-0.00011229,0,2182,1777,2008,1551
5.58787e+08,-0.850289,-0.531767,10.5597,-2.8736,5.91148,-0.142066,5.88652,-4.59785,-7.60823,0.717074,-7.49147,-47.8557,-47.9011,0.163,0.162733,0.487672,36.0124,-0.000486585,0.00129648,-0.0158423,0.0367515,-0.0641535,-0.149037,9.73171e-05,0,0,0,-0.000259296,0,2059,1501,1896,1590
5.58808e+08,0.594347,-0.502866,8.79679,-3.26431,-18.6076,-0.348412,-18.4316,3.85898,-13.1197,0.612367,-13.0991,-46.9702,-47.0211,0.163,0.165935,0.466108,36.0153,-0.00033652,0.000874249,0.00750327,-0.0211115,0.0296674,0.0835652,6.7304e-05,0,0,0,-0.00017485,0,1932,1296,2042,1827
5.58829e+08,-0.165149,0.0823784,10.2229,0.461631,-24.1801,-0.724976,-15.3291,-0.925492,-14.9212,0.350651,-13.9046,-45.9168,-47.0813,0.199,0.16612,0.444712,36.0182,-0.000201614,0.000605571,0.0067453,-0.0134339,0.0267971,0.0531099,4.03228e-05,0,0,0,-0.000121114,0,1978,1322,2035,1835
5.5885e+08,0.178591,0.472541,9.77689,2.76663,-6.62288,-1.04079,-6.56752,1.04527,-6.55479,0.0727693,-6.63046,-45.7641,-45.7563,0.199,0.200136,0.514655,35.9476,-0.00054394,0.00115746,-0.0171163,0.0275944,-0.0693373,-0.11214,0.000108788,0,0,0,-0.000231492,0,1866,1319,1901,1612
5.5887e+08,-0.706952,-0.7702,10.3217,-4.25752,12.2474,-1.01317,12.1314,-3.90733,-4.24945,0.0415581,-4.13246,-42.8786,-42.9899,0.199,0.202198,0.488917,35.9418,-0.00137304,0.00268412,-0.041455,0.0763331,-0.168,-0.309546,0.000274608,0,0,0,-0.000536824,0,1990,1503,1790,1488
5.5889e+08,-0.386856,-1.22298,10.2899,-6.77324,18.8733,-0.783766,22.9036,-2.13803,-1.02808,0.0865592,2.54583,-40.6038,-42.3705,0.236,0.202257,0.461398,35.9418,-0.00248046,0.00476731,-0.0553708,0.104159,-0.225213,-0.423784,0.000496091,0,0,0,-0.000953462,0,2044,1659,1780,1384
5.58911e+08,0.431863,-0.105478,9.21068,-0.655385,14.2321,-0.429642,14.141,2.6843,-2.61586,0.169375,-2.57877,-41.7336,-41.7195,0.236,0.237201,0.527396,35.9329,-0.00365871,0.00728324,-0.0589128,0.125796,-0.240911,-0.513748,0.000731742,0,0,0,-0.00145665,0,1903,1452,1682,1361
5.58932e+08,-0.346417,-0.666638,9.76365,-3.90351,-13.6763,-0.306124,-3.31752,-2.0273,-14.7227,0.170301,-4.24703,-40.6496,-40.4509,0.236,0.239286,0.495006,35.9212,-0.00499602,0.0101075,-0.0668653,0.141211,-0.274501,-0.579151,0.000999204,0,0,0,-0.00202149,0,1812,1348,1811,1523
5.58953e+08,0.613202,0.385839,9.12109,2.41682,-16.745,-0.574536,-14.3049,3.84273,-9.36395,-0.0650555,-17.2876,-41.413,-40.0819,0.277,0.254294,0.508414,35.9124,-0.00647149,0.0131951,-0.0737735,0.154382,-0.304079,-0.63589,0.0012943,0,0,0,-0.00263902,0,1790,1137,1760,1664
5.58974e+08,-0.475783,0.853071,9.85167,4.94325,-8.95875,-0.914853,-9.1592,-2.75464,-11.196,-0.251156,-11.1702,-39.0466,-39.0705,0.277,0.278986,0.535951,35.9359,-0.00824933,0.0167191,-0.0888922,0.176202,-0.366972,-0.727877,0.00164987,0,0,0,-0.00334383,0,1711,1150,1699,1526
5.58994e+08,0.00421527,0.701341,8.70901,4.60412,-2.66868,-1.05021,-2.67815,0.0276424,-5.65403,-0.279724,-5.61833,-38.4969,-38.4246,0.277,0.280346,0.495355,35.8653,-0.0102605,0.0206201,-0.100557,0.19505,-0.416308,-0.808428,0.00205209,0,0,0,-0.00412403,0,1748,1270,1724,1477
5.59014e+08,0.76631,-0.642554,9.36623,-3.9115,20.8733,-0.832395,20.6592,4.66639,-5.37922,-0.343972,-5.39307,-36.1153,-36.106,0.31,0.300118,0.523691,35.8682,-0.0125737,0.0250449,-0.115662,0.22124,-0.47983,-0.919089,0.00251474,0,0,0,-0.00500899,0,1849,1394,1487,1256
5.59035e+08,-0.795237,-1.00622,9.36462,-6.11105,14.7817,-0.573739,14.8221,-4.82622,-8.76853,-0.36921,-8.64387,-33.3519,-33.5129,0.31,0.31221,0.511611,35.8682,-0.0153969,0.0297255,-0.14116,0.234026,-0.585681,-0.976325,0.00307938,0,0,0,-0.00594509,0,1811,1334,1481,1316
5.59056e+08,1.15523,0.42919,7.99293,3.04206,0.171018,-0.581755,0.289094,8.21242,-1.42502,-0.266223,-1.45335,-35.245,-35.2685,0.31,0.313179,0.457177,35.8447,-0.0185769,0.0345128,-0.159002,0.239366,-0.661284,-1.00384,0.00371539,0,0,0,-0.00690256,0,1708,1321,1691,1402
5.59077e+08,0.0162187,0.470133,9.03627,2.97826,-14.4549,-0.694665,-3.28404,0.102698,-1.56243,-0.25953,-11.2828,-34.3748,-33.3519,0.341,0.331622,0.46913,35.8035,-0.0222191,0.03926,-0.182108,0.23736,-0.758588,-1.00185,0.00444382,0,0,0,-0.007852,0,1700,1192,1599,1464
5.59098e+08,-0.167337,-0.637737,9.32194,-3.91302,-12.6229,-1.02436,-12.66,-1.026,-10.5243,-0.0975271,-10.3414,-32.3748,-32.472,0.341,0.343308,0.441027,35.8418,-0.0259519,0.0441166,-0.186638,0.24283,-0.781508,-1.02999,0.00519037,0,0,0,-0.00882332,0,1621,1137,1679,1532
5.59119e+08,-0.31991,-1.53126,8.68672,-9.99053,-2.72974,-1.21837,-2.63991,-2.07711,-10.2036,-0.184105,-10.155,-31.7336,-31.8388,0.341,0.343731,0.393337,35.8359,-0.0302187,0.0496577,-0.213343,0.277057,-0.894048,-1.17434,0.00604374,0,0,0,-0.00993154,0,1728,1252,1648,1502
5.5914e+08,-0.21513,-0.507683,9.19873,-3.15812,7.60613,-1.4671,7.4999,-1.33769,-10.9975,-0.201652,-10.8609,-32.6801,-32.7006,0.367,0.36296,0.402414,35.7888,-0.0345711,0.0555647,-0.217618,0.295348,-0.916742,-1.25525,0.00691422,0,0,0,-0.0111129,0,1766,1271,1537,1392
5.59161e+08,1.70199,0.638722,8.50326,4.21246,6.04888,-1.34242,9.22128,11.2876,-1.27235,-0.284286,-15.596,-32.8786,-30.875,0.367,0.36889,0.371175,35.7771,-0.0392242,0.0617169,-0.232657,0.307611,-0.982995,-1.3123,0.00784484,0,0,0,-0.0123434,0,1824,1277,1498,1436
5.59182e+08,-1.14899,0.267826,9.32423,1.63295,3.13285,-1.12716,3.06461,-7.02207,-15.6846,-0.450436,-15.5806,-31.184,-31.2013,0.367,0.369227,0.322659,35.7741,-0.0492929,0.0742532,-0.256617,0.315559,-1.09196,-1.36024,0.00985858,0,0,0,-0.0148506,0,1827,1275,1580,1516
5.59203e+08,-0.514036,1.02407,10.0633,5.80306,-9.87478,-1.16673,-9.77705,-2.90915,-8.20365,-0.494665,-8.32682,-30.726,-30.6551,0.393,0.391033,0.347504,35.7476,-0.0546649,0.080663,-0.268602,0.320489,-1.1469,-1.38824,0.010933,0,0,0,-0.0161326,0,1623,1178,1663,1498
5.59224e+08,-0.176914,-0.543809,8.62645,-3.60638,-0.821348,-1.29381,-0.800786,-1.17255,-11.3029,-0.651616,-11.3009,-28.955,-29.0038,0.393,0.394746,0.318697,35.7329,-0.0600635,0.087397,-0.269929,0.336703,-1.15913,-1.46192,0.0120127,0,0,0,-0.0174794,0,1720,1243,1588,1483
5.59245e+08,0.22158,0.44364,8.37839,3.02996,4.46109,-1.38244,-9.33561,1.51281,-7.8067,-0.676652,-6.08718,-28.1458,-28.3255,0.393,0.394882,0.282418,35.7359,-0.065543,0.094303,-0.273974,0.3453,-1.18239,-1.50528,0.0131086,0,0,0,-0.0188606,0,1651,1252,1714,1541
5.59266e+08,0.410443,-0.36077,8.55975,-2.41066,-7.78318,-1.46587,-7.84732,2.74282,-7.01281,-0.569874,-6.94365,-26.5885,-26.6413,0.414,0.413715,0.288985,35.7388,-0.0713253,0.101292,-0.289114,0.34943,-1.25053,-1.53084,0.0142651,0,0,0,-0.0202583,0,1619,1227,1656,1504
5.59286e+08,1.28439,-0.365587,7.86572,-2.62637,6.01835,-1.59241,5.79462,9.26416,-14.8449,-0.590895,-14.8378,-24.5885,-24.6257,0.414,0.415516,0.261034,35.7212,-0.0770011,0.108569,-0.283791,0.36388,-1.23647,-1.59817,0.0154002,0,0,0,-0.0217138,0,1784,1296,1515,1494
5.59306e+08,-0.229793,0.701341,9.90107,4.05068,-5.89005,-1.48127,-5.89666,-1.32621,-16.5701,-0.797532,-16.5282,-24.0084,-24.0541,0.414,0.415501,0.232749,35.6947,-0.082723,0.115957,-0.286096,0.369369,-1.25308,-1.6297,0.0165446,0,0,0,-0.0231913,0,1739,1227,1604,1616
5.59327e+08,0.41281,-0.2837,8.47203,-1.91566,0.735904,-1.37714,0.768608,2.78804,-26.7685,-1.08295,-26.6792,-20.9855,-21.0983,0.434,0.433539,0.260609,35.6947,-0.0885437,0.123602,-0.291034,0.382261,-1.28039,-1.69127,0.0177087,0,0,0,-0.0247204,0,1797,1159,1411,1600
5.59348e+08,0.0207634,1.30104,10.1749,7.28673,0.720637,-1.25299,0.543042,0.115977,-24.967,-1.45635,-24.995,-20.8939,-20.8924,0.434,0.435313,0.246709,35.6829,-0.0946231,0.131328,-0.303971,0.386297,-1.34011,-1.71744,0.0189246,0,0,0,-0.0262656,0,1798,1176,1427,1601
5.59369e+08,0.338711,-0.0115497,10.0443,-0.065846,-17.432,-1.41393,-14.5226,1.93139,-26.3411,-1.64821,-26.2615,-17.2908,-16.6904,0.434,0.435306,0.224095,35.6771,-0.101138,0.13904,-0.325729,0.385591,-1.43577,-1.72458,0.0202275,0,0,0,-0.0278079,0,1699,1094,1527,1758
5.5939e+08,0.976425,-0.589569,9.99768,-3.35891,-9.4015,-1.59567,-9.42031,5.5685,-23.0433,-1.94147,-23.1195,-13.0771,-13.1741,0.454,0.454121,0.271023,35.6624,-0.10774,0.147031,-0.330103,0.399576,-1.46183,-1.79102,0.021548,0,0,0,-0.0294062,0,1628,1092,1423,1647
5.59411e+08,0.254768,1.31549,11.7963,6.3617,-4.30226,-1.6278,-4.46387,1.22962,-19.0281,-2.07697,-19.0736,-11.6572,-11.6829,0.454,0.455251,0.267948,35.6741,-0.114708,0.155486,-0.348389,0.422752,-1.54417,-1.89491,0.0229415,0,0,0,-0.0310972,0,1630,1163,1410,1591
5.59432e+08,-0.140828,-1.51199,10.3414,-8.31736,-14.8672,-1.67234,-14.5485,-0.771989,-27.5777,-2.23732,-27.4632,-6.97023,-7.05948,0.471,0.461526,0.280915,35.6712,-0.121556,0.163799,-0.3424,0.415657,-1.529,-1.87723,0.0243111,0,0,0,-0.0327599,0,1577,1027,1378,1724
5.59453e+08,2.27757,0.236517,8.32405,1.56987,-11.7679,-1.43201,-6.12828,15.2965,-16.5853,-2.49079,-34.7765,-6.75649,-4.72396,0.471,0.471426,0.309736,35.6182,-0.128482,0.172293,-0.346335,0.424698,-1.55375,-1.92452,0.0256965,0,0,0,-0.0344586,0,1644,1004,1207,1683
5.59474e+08,-0.879057,-0.119928,9.51332,-0.71919,3.86567,-1.44669,3.63037,-5.27888,-7.88304,-2.54902,-7.80001,-3.74885,-3.85215,0.471,0.472368,0.283393,35.6006,-0.135432,0.180864,-0.347485,0.428541,-1.56737,-1.95106,0.0270864,0,0,0,-0.0361728,0,1539,1290,1346,1447
5.59494e+08,-0.179359,-0.339094,9.31055,-2.08543,1.40766,-1.30378,1.50303,-1.10288,29.3536,-2.11442,29.168,-6.16107,-6.07008,0.492,0.484953,0.290562,35.5947,-0.14237,0.189975,-0.346924,0.455549,-1.57413,-2.07122,0.0284741,0,0,0,-0.037995,0,1241,1509,1608,1152
5.59515e+08,-0.71253,2.11508,11.098,10.7685,8.82751,-1.00813,8.64426,-3.60877,29.7964,-1.39103,29.9067,-6.0542,-6.01739,0.492,0.492808,0.283396,35.6035,-0.149293,0.19928,-0.34613,0.465247,-1.57994,-2.12221,0.0298586,0,0,0,-0.039856,0,1274,1572,1560,1076
5.59536e+08,-1.24421,-0.784651,10.9062,-4.08863,-19.5542,-0.654006,-19.4077,-6.49168,-9.31815,-1.04933,-8.88535,-2.40534,-2.53609,0.492,0.49376,0.283065,35.5624,-0.155882,0.20852,-0.329424,0.46199,-1.52153,-2.12117,0.0311763,0,0,0,-0.041704,0,1335,1119,1467,1557
5.59557e+08,1.74025,0.436415,8.51715,2.87397,-31.5694,-1.0216,-32.8678,11.5332,-39.9136,-1.24462,-49.6603,-2.63435,-2.77579,0.507,0.499155,0.267399,35.58,-0.161519,0.217544,-0.281871,0.451209,-1.33821,-2.08971,0.0323038,0,0,0,-0.0435088,0,1534,727,1278,1956
5.59578e+08,1.52557,-0.365587,8.23351,-2.4999,-16.2717,-1.61821,-16.4163,10.487,-44.4479,-2.12901,-44.721,-2.75649,-2.82943,0.507,0.507723,0.245912,35.5947,-0.166246,0.226657,-0.236363,0.455671,-1.16195,-2.11951,0.0332492,0,0,0,-0.0453315,0,1626,860,1193,1827
5.59598e+08,-2.46672,-1.00863,10.3134,-5.43338,5.01071,-1.65072,5.15585,-13.3896,-17.9746,-2.69775,-17.91,-1.10763,-1.18578,0.507,0.507797,0.210611,35.5712,-0.170861,0.236414,-0.230732,0.487824,-1.1455,-2.26119,0.0341722,0,0,0,-0.0472828,0,1620,1235,1244,1527
5.59618e+08,1.27471,0.104054,7.21594,0.813556,26.5832,-1.16694,26.6383,10.0171,36.1475,-2.26093,35.8664,-0.283203,-0.342939,0.523,0.517335,0.202986,35.5506,-0.175976,0.246611,-0.255754,0.509883,-1.25263,-2.36298,0.0351952,0,0,0,-0.0493223,0,1378,1780,1460,972
5.59638e+08,0.847168,0.537569,8.96206,3.41744,21.0565,-0.607716,21.1221,5.3904,47.8422,-1.30385,47.8041,-1.42824,-1.44739,0.523,0.523415,0.187054,35.5388,-0.181099,0.256754,-0.256169,0.507113,-1.26108,-2.36512,0.0362199,0,0,0,-0.0513508,0,1257,1843,1597,904
5.5968e+08,-0.408408,-0.998999,9.6041,-5.93311,-50.8214,-0.84151,-50.5064,-2.42195,-35.593,0.00521895,-35.1094,-4.78702,-4.79836,0.529,0.527489,0.133321,35.5565,-0.190183,0.276255,-0.203461,0.478153,-1.06183,-2.27455,0.0380365,0,0,0,-0.0552509,0,1373,779,1590,2017
5.59701e+08,2.33021,-0.172913,7.59446,-1.24695,-48.9435,-1.63379,-48.4514,17.0535,-68.4937,-0.828945,-72.3111,-4.54275,-3.62851,0.529,0.529452,0.120793,35.5124,-0.193088,0.285513,-0.14529,0.462906,-0.832534,-2.22559,0.0386177,0,0,0,-0.0571025,0,1656,516,1310,2304
5.59722e+08,-0.34641,-0.693131,9.87282,-4.01345,-23.2794,-2.38966,-23.2969,-2.00459,-61.4708,-2.21686,-61.5169,0.72443,0.605896,0.529,0.529089,0.108074,35.5182,-0.196627,0.304216,-0.0754692,0.465694,-0.557683,-2.26144,0.0393253,0,0,0,-0.0608432,0,1763,771,1187,2109
5.59742e+08,0.87852,-0.577527,9.13356,-3.60149,6.01835,-2.18649,6.22921,5.48326,-9.86777,-2.96739,-10.327,4.28168,4.35079,0.544,0.539982,0.140814,35.5094,-0.19857,0.314432,-0.0971865,0.510807,-0.647599,-2.45583,0.0397141,0,0,0,-0.0628864,0,1560,1312,1265,1509
5.59762e+08,-1.37586,0.352121,11.1052,1.80233,36.6596,-1.47045,36.5736,-7.05904,23.0941,-2.80591,23.0578,11.2435,11.1677,0.544,0.543679,0.151841,35.5065,-0.201104,0.324858,-0.126661,0.521294,-0.769374,-2.51163,0.0402207,0,0,0,-0.0649716,0,1498,1793,1234,1057
5.59782e+08,0.448988,-1.58184,7.54872,-11.8148,15.5451,-0.916594,15.7376,3.33168,42.0864,-1.88031,41.9454,12.3122,12.2932,0.544,0.544502,0.145248,35.5094,-0.20327,0.334829,-0.1083,0.498556,-0.698835,-2.43362,0.0406539,0,0,0,-0.0669658,0,1209,1806,1520,1063
5.59803e+08,0.331047,1.78994,9.2518,10.9429,-1.4473,-0.755114,-1.65329,2.012,25.5673,-1.01505,25.8036,9.33512,9.35521,0.546,0.546174,0.121504,35.4476,-0.204332,0.34425,-0.0531017,0.471046,-0.479166,-2.33579,0.0408663,0,0,0,-0.06885,0,1224,1582,1567,1297
5.59824e+08,-2.69188,1.51298,11.5498,7.27031,-27.8595,-1.40115,-35.0039,-13.0122,-10.8143,-0.332443,13.1614,6.25115,5.39945,0.546,0.546528,0.0899413,35.5006,-0.204628,0.352957,-0.0148083,0.435374,-0.326331,-2.20434,0.0409256,0,0,0,-0.0705915,0,1103,1260,1775,1636
5.59845e+08,0.295279,1.61172,9.34414,9.78157,-26.1801,-1.79723,-39.4527,1.78365,-27.6846,-0.718976,-18.5188,2.49542,3.73933,0.546,0.546338,0.0751751,35.4741,-0.203491,0.361709,0.0568182,0.437576,-0.037999,-2.22487,0.0406983,0,0,0,-0.0723418,0,1321,995,1598,1912
5.59866e+08,0.233987,-1.23743,9.50582,-7.41462,-24.1038,-2.1748,-23.8496,1.39827,-32.3258,-1.32465,-32.4938,4.34275,4.30954,0.551,0.550256,0.0778768,35.4359,-0.201568,0.370797,0.0961615,0.454385,0.12185,-2.30442,0.0403136,0,0,0,-0.0741593,0,1526,987,1370,1908
5.59886e+08,-0.396353,-1.41806,10.045,-8.02922,-1.58471,-2.1934,-1.38438,-2.23742,-30.1731,-2.06808,-30.3059,6.90764,6.92179,0.551,0.550803,0.0838591,35.4153,-0.199407,0.380079,0.108062,0.464133,0.171939,-2.35591,0.0398814,0,0,0,-0.0760158,0,1663,1158,1197,1748
5.59907e+08,-0.0219954,0.501442,10.4253,2.75372,19.026,-1.69463,18.9827,-0.120744,-5.01281,-2.49369,-5.18107,9.62519,9.66663,0.551,0.550824,0.0874599,35.4329,-0.19743,0.389505,0.0988373,0.471309,0.13707,-2.39729,0.039486,0,0,0,-0.0779011,0,1626,1493,1203,1432
5.59928e+08,-2.37839,-0.950831,11.3818,-4.67486,6.56797,-1.12295,6.8597,-11.7631,19.0177,-2.37766,19.0263,11.8389,11.8062,0.559,0.557756,0.110383,35.4035,-0.195495,0.3985,0.096754,0.449742,0.130795,-2.32286,0.039099,0,0,0,-0.0797,0,1331,1564,1415,1316
5.59949e+08,-0.0702269,2.20901,10.4613,11.9232,-10.2565,-0.912186,-21.9047,-0.376324,23.7811,-1.8397,30.2816,13.0908,11.8507,0.559,0.559213,0.111458,35.3682,-0.19311,0.406942,0.119276,0.422106,0.223776,-2.22341,0.0386219,0,0,0,-0.0813885,0,1038,1445,1700,1431
5.5997e+08,0.964513,-0.688314,8.00081,-4.88191,-39.8137,-1.36535,-39.7236,6.84889,1.99482,-1.26032,2.05534,11.1214,11.1417,0.559,0.559452,0.103378,35.3888,-0.189818,0.414786,0.164588,0.392165,0.409313,-2.11397,0.0379636,0,0,0,-0.0829571,0,1109,1118,1648,1763
5.5999e+08,-2.60327,0.576103,12.6974,2.54496,-29.1267,-1.98914,-29.263,-11.5749,-23.3945,-1.46667,-23.2221,11.1824,11.1529,0.561,0.561145,0.120418,35.4153,-0.185194,0.422407,0.231169,0.381044,0.681837,-2.07975,0.0370389,0,0,0,-0.0844813,0,1343,981,1379,1867
5.6001e+08,-1.38348,2.01152,11.9603,9.48478,2.09468,-2.37366,1.75171,-6.50768,-28.6617,-1.66544,-28.4542,9.13664,9.12842,0.561,0.56108,0.107347,35.4124,-0.179907,0.430179,0.264361,0.388601,0.821294,-2.12064,0.0359815,0,0,0,-0.0860357,0,1621,1158,1141,1694
5.60031e+08,-2.12271,-1.58665,11.3901,-7.79779,14.1863,-2.1976,14.325,-10.4581,-14.9517,-2.21157,-14.9138,12.5412,12.3907,0.561,0.560941,0.110149,35.3741,-0.174444,0.437889,0.273156,0.385531,0.863134,-2.11885,0.0348888,0,0,0,-0.0875778,0,1607,1351,1121,1527
5.60052e+08,0.401035,-0.87617,9.88613,-5.06054,18.9649,-1.53163,19.092,2.3139,6.83452,-2.33947,6.59409,14.4649,14.4637,0.569,0.568366,0.138943,35.3624,-0.168786,0.445678,0.282904,0.389426,0.909056,-2.14511,0.0337572,0,0,0,-0.0891355,0,1453,1517,1183,1306
5.60073e+08,-1.62868,-0.693131,8.77941,-4.43869,-2.88242,-1.08887,3.66894,-10.4777,19.4452,-2.2646,16.6826,12.6634,11.6074,0.569,0.569315,0.148316,35.3476,-0.162935,0.453053,0.292552,0.368764,0.954828,-2.07236,0.032587,0,0,0,-0.0906106,0,1278,1461,1362,1316
5.60094e+08,2.19113,1.93204,8.31497,12.6633,-16.4091,-1.04745,-12.2203,14.3958,31.1093,-1.92206,17.4914,11.6405,12.3936,0.573,0.56949,0.133388,35.3388,-0.156462,0.459503,0.323648,0.322493,1.08742,-1.89576,0.0312924,0,0,0,-0.0919006,0,1164,1371,1494,1438
5.60136e+08,-1.08625,-2.09964,9.86883,-11.9409,-24.3939,-1.7944,-24.2021,-6.14474,2.05589,-1.33769,1.94164,10.4496,10.3889,0.573,0.573463,0.122392,35.3565,-0.141427,0.470419,0.384281,0.254726,1.34902,-1.63944,0.0282854,0,0,0,-0.0940838,0,1183,1161,1497,1637
5.60157e+08,0.536891,0.0269849,9.59305,0.160918,14.2932,-1.88978,7.62462,3.2033,-4.31052,-1.74977,-22.3325,6.7855,6.5316,0.583,0.576977,0.132718,35.3241,-0.132445,0.475684,0.449107,0.263239,1.62009,-1.68109,0.026489,0,0,0,-0.0951367,0,1592,1173,1092,1561
5.60178e+08,-0.425688,1.03129,9.44592,6.22453,30.5985,-1.32916,30.355,-2.56511,-15.3334,-2.25622,-15.102,7.64046,7.55774,0.583,0.582933,0.137384,35.3035,-0.122877,0.481042,0.478378,0.267909,1.74932,-1.70746,0.0245754,0,0,0,-0.0962084,0,1700,1376,947,1339
5.60198e+08,0.422125,0.56647,7.55218,4.28292,14.3237,-0.621743,14.1992,3.19024,9.36887,-2.44565,8.96025,5.79313,5.93222,0.583,0.583334,0.129798,35.3153,-0.112737,0.486371,0.507031,0.266448,1.87682,-1.70921,0.0225473,0,0,0,-0.0972741,0,1440,1436,1233,1277
5.60218e+08,-0.399434,1.07705,9.13732,6.71631,-4.72974,-0.509891,-4.64189,-2.48588,8.34597,-2.52239,8.15079,7.04504,7.12868,0.592,0.588699,0.138477,35.2653,-0.10265,0.490822,0.504323,0.222548,1.87848,-1.53965,0.02053,0,0,0,-0.0981643,0,1290,1283,1338,1407
5.60238e+08,-1.98209,-0.642554,11.7001,-3.09938,-22.0122,-0.7984,-21.9314,-9.6009,23.3689,-2.17315,23.526,4.70916,4.56147,0.592,0.592043,0.136681,35.2859,-0.0927242,0.494584,0.496296,0.1881,1.85863,-1.40714,0.0185449,0,0,0,-0.0989167,0,1055,1253,1588,1406
5.60259e+08,-2.79213,1.35643,10.8018,6.93191,-10.8824,-1.23065,-11.2278,-14.3848,19.8574,-1.71483,20.2259,2.72443,2.61196,0.592,0.592397,0.118687,35.3065,-0.0825119,0.497443,0.510618,0.14299,1.9288,-1.23073,0.0165024,0,0,0,-0.0994887,0,1165,1309,1525,1362
5.6028e+08,1.76681,-0.635329,8.01919,-4.42419,-2.01219,-1.44104,-2.06906,12.3875,24.4681,-1.34461,24.3141,-1.47404,-1.49146,0.599,0.596573,0.111092,35.2976,-0.0717687,0.500085,0.53716,0.1321,2.04866,-1.1913,0.0143537,0,0,0,-0.100017,0,1212,1384,1513,1249
5.60301e+08,-3.4772,0.496626,12.2659,2.23073,17.5451,-1.37766,11.9101,-15.8149,-7.05861,-1.34908,-1.18498,-4.57328,-4.04851,0.599,0.599118,0.101397,35.2771,-0.0602035,0.502658,0.578257,0.128608,2.22795,-1.18146,0.0120407,0,0,0,-0.100532,0,1511,1293,1245,1325
5.60322e+08,0.844704,0.814536,7.66618,6.02874,19.087,-0.893879,19.0392,6.2529,-9.02808,-2.01617,-9.20367,-7.71832,-7.56821,0.599,0.599295,0.102747,35.28,-0.034864,0.507439,0.635146,0.111292,2.48791,-1.11989,0.0069728,0,0,0,-0.101488,0,1650,1262,1134,1320
5.60342e+08,1.79064,-0.457106,8.22601,-3.10793,-3.3557,-0.735252,-3.16388,12.2622,1.03299,-2.61707,0.497547,-6.49694,-6.43943,0.606,0.604405,0.126824,35.2388,-0.0218721,0.508805,0.649597,0.0683218,2.5622,-0.950209,0.00437442,0,0,0,-0.101761,0,1398,1141,1318,1393
5.60362e+08,-3.72975,-1.50477,11.7477,-6.9605,-20.6076,-1.01652,-20.4577,-17.48,-10.3105,-3.24121,-10.0185,-4.17633,-4.30814,0.606,0.605753,0.130922,35.2535,-0.00846275,0.509431,0.670467,0.0313016,2.66279,-0.803455,0.00169255,0,0,0,-0.101886,0,1338,931,1347,1610
5.60382e+08,-4.89751,-1.1411,13.0053,-4.69413,-23.5084,-1.41383,-23.4093,-20.563,11.8269,-3.24471,12.0664,-3.61145,-3.68109,0.606,0.605756,0.13188,35.23,0.0044057,0.507394,0.643422,0,2.57055,-0.677209,-0.000881139,0,0,0,-0.101479,0,1149,1063,1529,1481
5.60403e+08,-0.141412,0.590554,9.47583,3.56578,1.46873,-1.62205,1.31328,-0.853332,38.5292,-2.66392,38.4748,-7.94733,-7.75311,0.617,0.6141,0.136256,35.2035,0.0173195,0.505364,0.64569,0,2.59596,-0.676508,-0.0034639,0,0,0,-0.101073,0,1139,1407,1563,1089
5.60424e+08,-1.33704,-1.87085,9.81244,-10.698,16.6596,-1.4696,16.7582,-7.62363,32.3612,-2.25405,32.5252,-5.67252,-5.74143,0.617,0.616887,0.134105,35.2065,0.0297314,0.505637,0.620593,0.0136335,2.511,-0.732458,-0.00594627,0,0,0,-0.101127,0,1279,1493,1406,1021
5.60446e+08,-0.198445,-0.399304,7.65326,-2.98566,25.4077,-0.973861,25.4221,-1.4833,22.5597,-1.75583,22.2049,-7.82519,-7.85706,0.617,0.617334,0.102824,35.18,0.0430823,0.503614,0.667548,0,2.71623,-0.677079,-0.00861646,0,0,0,-0.100723,0,1436,1492,1290,1024
5.60466e+08,-1.75049,-0.577527,8.40457,-3.84861,9.94201,-0.581865,10.002,-11.7384,-12.3411,-1.93224,-12.186,-13.245,-13.139,0.622,0.621518,0.0944239,35.1712,0.05706,0.502803,0.698885,-0.0405567,2.85964,-0.514318,-0.011412,0,0,0,-0.100561,0,1602,1113,1171,1356
5.60486e+08,-4.23851,-0.96769,10.9513,-4.7109,-9.27936,-0.55269,-9.22047,-21.0832,-27.2265,-2.60509,-26.8378,-12.787,-12.826,0.622,0.621981,0.0837715,35.1829,0.0714795,0.501158,0.720974,-0.0822604,2.96654,-0.345902,-0.0142959,0,0,0,-0.100232,0,1586,870,1203,1619
5.60506e+08,-0.202605,-2.61505,7.32919,-19.6294,-24.5923,-1.09087,-24.4087,-1.49141,2.95666,-2.83138,2.84722,-15.1382,-15.1348,0.622,0.621666,0.0545028,35.1624,0.085754,0.498844,0.713724,-0.115684,2.95561,-0.20985,-0.0171508,0,0,0,-0.0997688,0,1296,976,1564,1542
5.60526e+08,-1.67916,0.52071,10.7473,2.74064,-2.95875,-1.28069,-3.01271,-8.86991,22.1475,-2.96914,22.0991,-13.8099,-13.8642,0.631,0.628159,0.0724877,35.1418,0.0991692,0.496391,0.670759,-0.122628,2.80038,-0.179815,-0.0198338,0,0,0,-0.0992783,0,1277,1242,1520,1235
5.60547e+08,-4.35558,-0.753341,12.2694,-3.31157,6.78171,-1.35064,6.80927,-19.5106,25.5215,-2.73917,25.6312,-16.2985,-16.296,0.631,0.63035,0.0780831,35.1565,0.112568,0.494012,0.669965,-0.118975,2.8143,-0.192372,-0.0225137,0,0,0,-0.0988024,0,1320,1319,1481,1118
5.60568e+08,-0.563606,-1.04235,8.77556,-6.75999,24.2474,-1.11991,24.1401,-3.64917,23.8269,-2.29046,23.691,-15.4893,-15.62,0.631,0.630784,0.0674312,35.1594,0.126294,0.491569,0.686277,-0.122159,2.89725,-0.177424,-0.0252588,0,0,0,-0.0983138,0,1462,1447,1353,1012
5.60589e+08,-0.473949,2.84483,10.6716,14.9127,26.4764,-0.691372,14.2734,-2.45726,-4.8296,-2.58339,2.14137,-17.8405,-17.2336,0.636,0.634639,0.0849405,35.1418,0.140375,0.488631,0.704051,-0.146906,2.98654,-0.075364,-0.028075,0,0,0,-0.0977261,0,1542,1197,1249,1210
5.6061e+08,-4.19346,0.17149,11.435,0.80667,3.43819,-0.474,3.33573,-20.1369,-21.0281,-3.17768,-20.9292,-16.7412,-16.8686,0.636,0.635662,0.0905613,35.1124,0.154507,0.484829,0.706582,-0.190104,3.01479,0.101795,-0.0309013,0,0,0,-0.0969657,0,1636,949,1153,1461
5.60631e+08,-0.850726,1.04093,8.51323,6.93684,-11.7679,-0.635927,-12.002,-5.6647,4.63605,-3.79847,4.24581,-19.7336,-19.6749,0.636,0.635321,0.0838492,35.1153,0.168046,0.480656,0.676987,-0.208634,2.91347,0.180492,-0.0336093,0,0,0,-0.0961312,0,1364,996,1450,1388
5.60652e+08,-0.332251,-0.088619,8.57745,-0.591494,-13.8748,-1.08381,-14.0098,-2.21815,28.2238,-3.87843,27.895,-18.5427,-18.5905,0.643,0.640936,0.0886862,35.1124,0.180834,0.475992,0.639367,-0.23319,2.77903,0.283985,-0.0361667,0,0,0,-0.0951984,0,1170,1148,1636,1245
5.60673e+08,-1.65726,-0.96769,10.0255,-5.43992,7.16338,-1.24142,6.15447,-9.34373,33.8116,-3.12685,50.3296,-19.2756,-19.0645,0.643,0.642184,0.0755525,35.0976,0.193211,0.471525,0.618872,-0.223359,2.71279,0.249321,-0.0386422,0,0,0,-0.094305,0,1144,1457,1666,931
5.60694e+08,1.47321,-1.00622,6.73914,-8.29897,25.7588,-1.02633,25.8043,12.2,34.7276,-2.2185,34.8494,-19.3061,-19.253,0.643,0.642643,0.0471071,35.18,0.20558,0.467231,0.61846,-0.214712,2.72711,0.219194,-0.0411161,0,0,0,-0.0934461,0,1402,1517,1442,901
5.60714e+08,-0.0002859,-0.286109,9.42682,-1.73842,26.6596,-0.534602,26.7204,-0.00173689,6.97192,-2.10786,7.12768,-19.245,-19.2108,0.651,0.650023,0.0537804,35.1388,0.218283,0.462633,0.635111,-0.229886,2.8103,0.285002,-0.0436565,0,0,0,-0.0925266,0,1595,1316,1218,1069
5.60734e+08,-2.29948,-1.3434,8.86442,-8.34546,3.68247,-0.30965,3.89773,-14.385,-20.2189,-2.52582,-20.249,-21.4435,-21.3323,0.651,0.650649,0.0357669,35.0918,0.231281,0.457395,0.64992,-0.261892,2.88651,0.419132,-0.0462562,0,0,0,-0.091479,0,1656,955,1199,1433
5.60754e+08,-3.40032,-1.19408,11.3443,-5.75746,-14.9893,-0.312726,-14.8096,-16.5988,-36.9212,-2.75748,-36.4983,-21.0924,-21.1871,0.651,0.65044,0.0143339,35.1065,0.244397,0.451881,0.655813,-0.275717,2.92712,0.480702,-0.0488794,0,0,0,-0.0903762,0,1660,721,1232,1705
5.60775e+08,-2.63881,-0.445064,10.1459,-2.43098,-17.3099,-0.684375,-17.2898,-14.5655,-12.1273,-3.18454,-11.8631,-22.2069,-22.1704,0.655,0.653681,0.00351283,35.1006,0.257219,0.445703,0.641088,-0.308885,2.8847,0.620699,-0.0514438,0,0,0,-0.0891406,0,1474,866,1435,1558
5.60796e+08,-2.18007,-1.41806,10.303,-7.66902,-7.90532,-1.1022,-7.89679,-11.8389,24.9261,-3.28874,24.8409,-20.4359,-20.3617,0.655,0.653802,-0.00035305,35.1006,0.269165,0.439283,0.597282,-0.320989,2.72456,0.676531,-0.0538329,0,0,0,-0.0878567,0,1268,1199,1632,1247
5.60817e+08,0.852228,-0.483599,8.49032,-3.24371,20.8428,-1.15068,21.7207,5.72273,48.3918,-2.87137,22.7649,-20.6496,-19.1816,0.655,0.653996,0.0113437,35.1035,0.280525,0.432922,0.568027,-0.318076,2.62206,0.672074,-0.056105,0,0,0,-0.0865844,0,1471,1396,1399,1040
5.60838e+08,0.923769,-0.146421,8.12754,-1.02549,29.3008,-0.449802,29.3542,6.48332,24.3307,-2.309,24.3226,-20.6038,-20.5549,0.66,0.659183,0.0300598,35.0918,0.29234,0.426803,0.590738,-0.30592,2.72857,0.630251,-0.058468,0,0,0,-0.0853607,0,1500,1446,1333,927
5.60859e+08,-0.976566,-1.53126,9.32833,-9.27227,6.65957,-0.150774,6.95823,-5.89806,4.3307,-2.3549,4.06151,-18.8176,-18.89,0.66,0.659608,0.0251129,35.0888,0.303604,0.420941,0.563224,-0.29314,2.63298,0.585613,-0.0607209,0,0,0,-0.0841881,0,1484,1158,1341,1235
5.6088e+08,0.0182645,1.70083,10.1992,9.46755,-1.55417,-0.0504231,-1.63197,0.101206,-21.7456,-2.54277,-21.4115,-20.7565,-20.7514,0.658,0.658774,0.0116303,35.0859,0.315385,0.414422,0.589022,-0.325907,2.75187,0.724487,-0.063077,0,0,0,-0.0828845,0,1630,915,1239,1486
5.60901e+08,-2.52679,0.32322,10.1636,1.76771,-9.3557,-0.351146,-25.7098,-13.9546,-20.5243,-2.9718,-8.54556,-20.558,-21.8753,0.658,0.657335,-0.00348051,35.0506,0.326965,0.407157,0.57903,-0.363272,2.72699,0.882755,-0.0653931,0,0,0,-0.0814314,0,1387,834,1522,1587
5.60922e+08,-2.73643,-1.44456,9.67662,-8.1746,1.46873,-0.785257,1.31875,-15.6257,-3.8067,-3.3086,-3.46232,-19.016,-19.1921,0.658,0.656837,-0.0144845,35.0712,0.348666,0.392403,0.527365,-0.3679,2.54839,0.918464,-0.0697332,0,0,0,-0.0784807,0,1538,1077,1370,1389
5.60943e+08,0.194955,1.73696,9.1165,10.7848,26.8733,-0.628131,26.4277,1.20343,35.0788,-2.83229,34.8427,-19.3824,-19.3714,0.663,0.659906,-0.0165064,35.0476,0.358116,0.385538,0.472492,-0.343275,2.34089,0.827646,-0.0716232,0,0,0,-0.0771076,0,1436,1534,1466,921
5.60964e+08,-2.34759,-0.0669433,10.3243,-0.362257,29.4687,-0.401597,29.273,-12.8102,27.0941,-2.40335,27.1581,-16.9092,-17.1028,0.663,0.661995,-0.0169839,35.0771,0.367418,0.37869,0.465122,-0.342384,2.32372,0.83201,-0.0734837,0,0,0,-0.0757381,0,1495,1516,1382,954
5.60985e+08,-2.04684,0.325628,11.5355,1.59208,10.9038,0.0442304,22.0444,-10.0578,2.69711,-2.1075,7.88625,-19.4435,-19.6294,0.663,0.6624,-0.016812,35.0712,0.377041,0.371475,0.481125,-0.360747,2.40073,0.914074,-0.0754082,0,0,0,-0.0742951,0,1593,1322,1305,1122
5.61006e+08,-1.9605,-1.00382,9.52233,-5.89498,-6.39387,0.183424,-6.23736,-11.5714,-26.1273,-2.39552,-26.0583,-21.7336,-21.7002,0.661,0.660868,-0.02258,35.03,0.38693,0.363644,0.494466,-0.391589,2.46741,1.04698,-0.0773861,0,0,0,-0.0727287,0,1656,873,1278,1567
5.61026e+08,-3.35246,-1.54812,11.5241,-7.34998,-20.3328,-0.188021,-20.1458,-16.0832,-34.0662,-2.84815,-33.7635,-18.8939,-19.0359,0.661,0.660109,-0.0320456,35.0712,0.396433,0.355541,0.475112,-0.405105,2.40249,1.11075,-0.0792865,0,0,0,-0.0711083,0,1608,730,1320,1752
5.61046e+08,-3.19475,-1.95032,10.709,-9.89954,-17.89,-0.533349,-17.722,-16.3568,-8.99754,-3.11408,-8.77616,-18.7412,-18.8175,0.661,0.659747,-0.0505553,35.0271,0.405346,0.34793,0.445687,-0.380573,2.29646,1.02131,-0.0810693,0,0,0,-0.069586,0,1463,937,1498,1580
5.61066e+08,1.13625,-0.0115497,9.26721,-0.0708771,10.6443,-0.64743,10.5559,6.99013,31.0483,-2.89055,30.6729,-17.7947,-17.8533,0.661,0.659723,-0.0488058,35.0271,0.413218,0.340482,0.39359,-0.372409,2.09819,0.997333,-0.0826436,0,0,0,-0.0680964,0,1371,1425,1578,1097
5.61087e+08,-1.96313,-0.127154,11.3661,-0.631593,24.6748,-0.412945,24.7394,-9.79872,27.3841,-2.78606,27.3346,-18.2679,-18.2482,0.661,0.659893,-0.0312932,35.0153,0.42074,0.333336,0.376068,-0.357316,2.03817,0.945197,-0.0841479,0,0,0,-0.0666671,0,1484,1491,1439,997
5.61108e+08,2.94391,-0.245166,7.88347,-1.66876,28.5832,0.155,28.6134,20.468,17.8422,-2.19407,17.8535,-18.8786,-18.8767,0.661,0.660176,-0.0310747,34.9947,0.428004,0.326206,0.363208,-0.356497,1.99653,0.950298,-0.0856007,0,0,0,-0.0652411,0,1580,1462,1347,1017
5.61129e+08,1.94567,0.188349,7.59774,1.3757,6.87331,0.456922,7.53452,14.3597,-2.05098,-2.40367,-3.61899,-21.2145,-16.4806,0.659,0.658715,-0.0355542,35.0035,0.435436,0.318587,0.371597,-0.38095,2.04034,1.05739,-0.0870871,0,0,0,-0.0637173,0,1585,1175,1334,1336
5.6115e+08,-0.470566,-0.734074,9.87049,-4.24848,-19.7679,0.263809,-19.509,-2.72195,-14.3869,-2.66479,-14.157,-19.0771,-19.0571,0.659,0.658026,-0.0498851,35.0094,0.442529,0.31087,0.354662,-0.385805,1.98217,1.08602,-0.0885058,0,0,0,-0.0621741,0,1493,905,1477,1611
5.61171e+08,-0.461319,0.361754,9.2217,2.24368,-23.7832,-0.223647,-23.5865,-2.86166,2.94139,-2.85784,2.72296,-19.9321,-19.8155,0.659,0.657797,-0.0659542,35.0094,0.449272,0.303035,0.337176,-0.391762,1.92137,1.11923,-0.0898545,0,0,0,-0.0606071,0,1357,997,1649,1539
5.61192e+08,-1.97461,-1.77933,10.6892,-9.29631,-7.41677,-0.777742,-7.50389,-10.3272,-0.0509772,-3.02037,-0.0168992,-16.3901,-16.4121,0.655,0.654242,-0.0736198,34.9447,0.455353,0.295472,0.30403,-0.378155,1.79693,1.07365,-0.0910706,0,0,0,-0.0590944,0,1482,1113,1519,1479
5.61213e+08,-0.261144,1.81403,9.72957,10.5575,37.1634,-0.768449,9.86479,-1.51143,13.7964,-2.85431,10.1427,-16.3748,-18.2257,0.655,0.653653,-0.076362,34.9918,0.460841,0.288325,0.274405,-0.357369,1.68587,0.998768,-0.0921682,0,0,0,-0.057665,0,1542,1308,1482,1273
5.61234e+08,-0.07683,0.193165,8.56106,1.29251,33.3771,-0.237635,33.3621,-0.514048,15.6284,-2.4659,15.3755,-15.6878,-15.7216,0.655,0.653767,-0.0850971,34.9829,0.466168,0.281305,0.266342,-0.350987,1.6611,0.981505,-0.0932336,0,0,0,-0.056261,0,1670,1543,1347,1074
5.61255e+08,0.113808,1.59245,10.009,9.0395,22.2932,0.235712,22.1229,0.643364,-1.50136,-2.37865,-1.35545,-15.2145,-15.2514,0.65,0.649237,-0.104142,34.9947,0.471219,0.274824,0.252546,-0.324071,1.613,0.881218,-0.0942438,0,0,0,-0.0549647,0,1737,1379,1324,1290
5.61276e+08,-2.22146,1.44795,11.1386,7.26507,-3.70684,0.16505,-3.82291,-11.1872,-11.2418,-2.60604,-11.3158,-15.6878,-15.6301,0.65,0.648702,-0.101764,34.9594,0.476333,0.267688,0.255713,-0.356766,1.63302,1.02085,-0.0952666,0,0,0,-0.0535376,0,1625,1115,1438,1548
5.61297e+08,-3.20473,-0.433022,11.2314,-2.12326,-26.4855,-0.300204,-26.7422,-15.9142,-27.364,-2.43136,-16.1692,-16.3443,-16.0273,0.65,0.648652,-0.110368,34.9859,0.481146,0.260071,0.240654,-0.380867,1.57957,1.12664,-0.0962292,0,0,0,-0.0520142,0,1496,919,1587,1756
5.61318e+08,-0.521398,1.73937,10.5037,9.39128,-6.97402,-0.918719,-7.33926,-2.80369,-8.37159,-2.90826,-8.4894,-14.955,-14.9316,0.645,0.643663,-0.118932,35.0006,0.485928,0.252364,0.239102,-0.385347,1.58027,1.15386,-0.0971856,0,0,0,-0.0504728,0,1588,1116,1516,1598
5.61338e+08,-0.484531,-2.03462,9.24637,-12.3934,1.28552,-1.00501,1.62251,-2.92973,11.6895,-2.97528,11.5824,-12.0542,-12.1319,0.645,0.643244,-0.119824,34.9535,0.490026,0.245048,0.204882,-0.365804,1.44909,1.08425,-0.0980052,0,0,0,-0.0490096,0,1497,1338,1586,1405
5.61358e+08,-1.62674,0.918098,12.2507,4.24871,30.6901,-0.780915,26.5382,-7.54298,15.8422,-2.75265,16.5654,-10.4511,-12.6938,0.637,0.643358,-0.110729,34.9888,0.493577,0.238515,0.17754,-0.326638,1.34481,0.934961,-0.0987153,0,0,0,-0.047703,0,1634,1549,1438,1173
5.61378e+08,1.86001,-0.888212,7.70768,-6.39172,28.4916,-0.11378,28.5301,13.4812,5.46047,-2.43175,5.48167,-10.8023,-10.7742,0.637,0.636113,-0.109532,34.9535,0.496586,0.232228,0.150482,-0.314337,1.24099,0.893127,-0.0993173,0,0,0,-0.0464457,0,1734,1518,1344,1242
5.61399e+08,-0.496874,-0.584752,9.07539,-3.68113,8.58323,0.228565,8.59151,-3.12732,-19.6235,-2.48631,-19.2169,-9.90152,-9.98218,0.637,0.635719,-0.104427,34.98,0.49981,0.225716,0.161192,-0.325606,1.28892,0.946115,-0.099962,0,0,0,-0.0451433,0,1766,1203,1299,1557
5.6142e+08,-0.306029,0.0727447,9.77905,0.425998,-20.8977,-0.0933365,-20.8708,-1.7924,-6.6464,-2.58918,-6.80092,-10.1458,-10.2045,0.632,0.633771,-0.122147,34.93,0.50305,0.218805,0.162006,-0.345568,1.2972,1.03449,-0.10061,0,0,0,-0.043761,0,1484,1092,1620,1702
5.61441e+08,-0.00492834,-0.765383,7.55516,-5.78467,-16.8519,-0.583993,-19.6043,-0.0371845,5.06353,-2.57464,2.97277,-12.329,-10.684,0.632,0.630745,-0.134598,34.9476,0.506083,0.211483,0.151658,-0.366076,1.26044,1.12558,-0.101217,0,0,0,-0.0422967,0,1433,1178,1707,1644
5.61462e+08,0.0379309,-0.327052,9.62616,-1.94588,-6.95875,-0.963331,-6.8067,0.225637,18.5292,-2.25884,18.4188,-10.9397,-10.8808,0.632,0.630431,-0.14016,34.9476,0.510348,0.197584,0.0932192,-0.334456,1.03331,1.01554,-0.10207,0,0,0,-0.0395169,0,1410,1386,1742,1444
5.61483e+08,-1.39734,0.328037,10.9556,1.70128,21.255,-0.832991,21.1101,-7.26535,-2.11205,-2.10075,-1.81064,-8.64962,-8.75755,0.626,0.626929,-0.141492,34.9094,0.512164,0.191549,0.0907632,-0.30175,1.02668,0.891626,-0.102433,0,0,0,-0.0383099,0,1751,1462,1397,1400
5.61504e+08,1.31058,-0.0910274,9.09598,-0.567504,26.2474,-0.458894,26.2181,8.19856,-1.8525,-1.95023,-1.93908,-8.89389,-8.89054,0.626,0.624825,-0.143982,34.9359,0.514005,0.185869,0.0920772,-0.284033,1.03522,0.827388,-0.102801,0,0,0,-0.0371738,0,1799,1510,1362,1362
5.61525e+08,-1.18013,0.605004,10.2175,3.36634,14.3084,-0.127485,10.1027,-6.57707,-19.4098,-2.16897,-11.4048,-7.96259,-8.75159,0.626,0.624569,-0.150911,34.9212,0.515975,0.179927,0.0985091,-0.297087,1.06444,0.886904,-0.103195,0,0,0,-0.0359854,0,1765,1336,1409,1551
5.61546e+08,1.70005,-0.996591,6.48967,-8.44968,-8.83662,-0.221953,-8.80369,14.5167,0.193298,-2.06245,0.102786,-8.93969,-8.89985,0.618,0.619641,-0.183081,34.8829,0.517381,0.173902,0.0703086,-0.301263,0.954061,0.91093,-0.103476,0,0,0,-0.0347804,0,1580,1319,1666,1637
5.61567e+08,0.114207,0.159448,9.67436,0.944168,-15.2488,-0.519531,-15.3841,0.676258,2.01009,-2.07051,2.06236,-8.0542,-8.09232,0.618,0.616631,-0.183517,34.9065,0.518356,0.168005,0.0487033,-0.29484,0.869587,0.892294,-0.103671,0,0,0,-0.033601,0,1518,1293,1734,1682
5.61588e+08,-2.46956,0.609821,12.061,2.83575,-5.96639,-1.01639,-8.62531,-11.5573,-2.50899,-1.96764,1.56658,-6.34427,-7.68632,0.618,0.616354,-0.168708,34.9124,0.51896,0.162107,0.0302079,-0.294898,0.79712,0.899664,-0.103792,0,0,0,-0.0324214,0,1547,1323,1677,1631
5.61609e+08,0.565356,0.706158,9.91464,4.06735,12.5374,-1.18031,-5.22806,3.25538,-2.81434,-1.95109,-5.83356,-7.53511,-6.4006,0.607,0.609823,-0.168509,34.8947,0.519477,0.156842,0.025848,-0.263259,0.781238,0.779117,-0.103895,0,0,0,-0.0313684,0,1628,1311,1607,1676
5.6163e+08,-1.97757,0.260601,10.4836,1.3993,25.026,-0.913876,24.879,-10.6793,-13.6082,-2.12521,-13.4457,-6.37481,-6.36166,0.607,0.605646,-0.163936,34.9035,0.519915,0.152138,0.0219229,-0.235197,0.767002,0.672221,-0.103983,0,0,0,-0.0304276,0,1906,1477,1335,1517
5.6165e+08,-0.921523,-1.97441,9.07115,-12.2184,11.255,-0.509567,11.6853,-5.66885,-11.7914,-2.35624,-11.6897,-4.39007,-4.44251,0.607,0.605406,-0.157353,34.8771,0.520541,0.148081,0.0312838,-0.202825,0.806289,0.547227,-0.104108,0,0,0,-0.0296163,0,1796,1402,1417,1598
5.6167e+08,1.10543,-0.818368,9.14248,-5.07828,7.11758,-0.260997,7.22561,6.86707,1.62841,-2.39658,1.34619,-3.97786,-4.01543,0.601,0.600915,-0.159489,34.8859,0.520943,0.143619,0.0201071,-0.223141,0.762924,0.634073,-0.104189,0,0,0,-0.0287237,0,1681,1476,1547,1546
5.61691e+08,-0.998295,-0.673864,9.93752,-3.85992,-24.913,-0.387358,-24.5735,-5.72347,-0.738,-2.36327,-0.730862,-5.10763,-5.06933,0.601,0.599529,-0.158242,34.8388,0.52108,0.139013,0.00685627,-0.230267,0.710907,0.668201,-0.104216,0,0,0,-0.0278027,0,1474,1232,1768,1785
5.61712e+08,0.911789,0.000492326,9.78263,0.00287106,-20.4091,-0.799357,-20.4293,5.32487,6.66658,-2.21005,6.53336,-2.51221,-2.59633,0.601,0.599426,-0.151565,34.8771,0.520876,0.134359,-0.0102225,-0.232706,0.643107,0.683604,-0.104175,0,0,0,-0.0268718,0,1426,1315,1782,1711
5.61733e+08,0.0529027,-2.64635,7.82988,-18.6739,-13.9817,-1.08963,3.55417,0.366735,4.80398,-2.32361,0.0916539,-3.00076,-2.36973,0.591,0.591882,-0.163537,34.8329,0.520506,0.129929,-0.0184676,-0.221498,0.610527,0.643997,-0.104101,0,0,0,-0.0259858,0,1662,1460,1589,1615
5.61754e+08,0.281558,-0.567893,9.96033,-3.26192,17.3619,-1.19177,17.3369,1.61658,1.36887,-2.16574,1.32518,-1.50458,-1.55898,0.591,0.589429,-0.165022,34.8271,0.519982,0.126012,-0.0262027,-0.195844,0.579796,0.545812,-0.103996,0,0,0,-0.0252025,0,1751,1578,1505,1515
5.61774e+08,-1.07023,0.388247,11.0267,2.00711,37.3771,-0.693309,36.9792,-5.54023,-10.0357,-2.1975,-9.91247,-1.15343,-1.21821,0.591,0.589422,-0.151501,34.8271,0.519531,0.122872,-0.0225532,-0.157036,0.594818,0.393901,-0.103906,0,0,0,-0.0245743,0,1966,1635,1263,1437
5.61794e+08,0.553698,-0.302968,8.43626,-2.05234,13.713,-0.27895,13.7936,3.7527,-5.07388,-2.1727,-5.18409,-3.88626,-3.77924,0.584,0.583562,-0.170446,34.8271,0.519113,0.119995,-0.0209233,-0.143812,0.601779,0.344268,-0.103823,0,0,0,-0.0239991,0,1811,1525,1493,1577
5.61814e+08,1.00759,-1.04476,7.30217,-8.06693,-5.23356,-0.372362,-5.20005,7.77815,2.94139,-1.89348,2.91906,-3.56565,-3.56376,0.584,0.582537,-0.182971,34.8535,0.518428,0.116796,-0.0342544,-0.159993,0.548398,0.412985,-0.103686,0,0,0,-0.0233591,0,1623,1463,1703,1665
5.61835e+08,-0.919849,0.592962,10.6446,3.17657,-13.6,-0.59879,-13.7818,-4.9313,1.42994,-1.82386,1.54573,-2.02366,-2.1165,0.584,0.582453,-0.172761,34.8065,0.517081,0.113394,-0.0673233,-0.170081,0.41502,0.457524,-0.103416,0,0,0,-0.0226788,0,1550,1388,1745,1734
5.61856e+08,-0.115228,0.88438,10.2099,4.95027,-19.2336,-1.01996,-19.2742,-0.644192,7.76582,-1.62072,7.70585,-5.74885,-5.58237,0.575,0.57488,-0.183174,34.7976,0.515479,0.110081,-0.0801,-0.165652,0.362702,0.443733,-0.103096,0,0,0,-0.0220162,0,1496,1398,1874,1738
5.61876e+08,-2.51505,1.02648,12.2184,4.704,3.39239,-1.25769,-8.76697,-11.5916,-10.7991,-1.49019,3.96873,-2.11526,-3.00132,0.575,0.573595,-0.174955,34.8094,0.513935,0.107065,-0.0772026,-0.150811,0.373319,0.387817,-0.102787,0,0,0,-0.0214129,0,1577,1451,1761,1697
5.61897e+08,-1.11749,-1.39639,10.086,-7.83501,12.0489,-1.14029,8.47287,-6.26306,-13.7914,-1.58697,-10.6129,-0.802288,-0.975106,0.575,0.573544,-0.157793,34.8153,0.512429,0.10473,-0.0752866,-0.116709,0.380045,0.253794,-0.102486,0,0,0,-0.0209461,0,1785,1467,1507,1671
5.61918e+08,1.43985,-1.26392,8.46007,-8.37834,24.568,-0.755714,24.6046,9.55479,-11.4708,-1.76176,-11.5779,-0.527478,-0.55661,0.569,0.568163,-0.164506,34.7947,0.511157,0.10289,-0.0636228,-0.0919995,0.426158,0.156823,-0.102231,0,0,0,-0.0205781,0,1929,1595,1389,1577
5.61938e+08,-0.32737,-0.464332,9.55978,-2.77912,14.5069,-0.368681,14.5563,-1.959,-5.34869,-1.98563,-5.47669,-1.41297,-1.35922,0.569,0.567605,-0.157717,34.7859,0.509842,0.10138,-0.0657452,-0.0755124,0.416923,0.092416,-0.101968,0,0,0,-0.020276,0,1821,1562,1494,1593
5.61958e+08,-1.28222,-1.49272,10.7081,-7.88041,-15.9206,-0.37779,-15.588,-6.76349,0.269634,-2.01861,0.28458,0.190079,0.100393,0.569,0.567615,-0.140329,34.7682,0.508258,0.0999056,-0.0791794,-0.0737324,0.361978,0.0869525,-0.101652,0,0,0,-0.0199811,0,1544,1380,1728,1758
5.61979e+08,0.651432,0.296727,9.15653,1.85141,-21.6,-0.688048,-21.6967,4.06727,1.87269,-1.85819,1.80886,1.27405,1.24138,0.559,0.558665,-0.148289,34.7535,0.506087,0.0981545,-0.108566,-0.0875558,0.242307,0.144421,-0.101217,0,0,0,-0.0196309,0,1498,1374,1808,1818
5.62e+08,0.209859,-0.339094,10.3573,-1.8748,-28.5923,-1.14114,-28.5424,1.16015,-3.94411,-1.81704,-3.99169,3.19771,3.18534,0.559,0.557753,-0.135125,34.7359,0.503961,0.0964306,-0.106296,-0.0861928,0.249656,0.140951,-0.100792,0,0,0,-0.0192861,0,1467,1278,1804,1913
5.62021e+08,-1.9513,0.258193,11.495,1.26858,7.10232,-1.45647,-11.7621,-9.6319,-19.6846,-1.98079,-6.42104,6.14428,4.40447,0.55,0.557669,-0.116862,34.7624,0.502003,0.0950775,-0.0978957,-0.0676571,0.2818,0.0681412,-0.100401,0,0,0,-0.0190155,0,1581,1364,1646,1807
5.62042e+08,-0.862206,-0.611245,10.7946,-3.23065,21.6367,-1.19892,21.7951,-4.55946,-10.2036,-2.31832,-10.1867,7.44199,7.3312,0.55,0.549188,-0.118391,34.7124,0.498094,0.0946571,-0.0973949,0.00633041,0.280711,-0.228418,-0.0996188,0,0,0,-0.0189314,0,1861,1608,1372,1621
5.62062e+08,-0.116969,-1.44215,9.48205,-8.64733,28.2932,-0.599606,28.475,-0.698719,-2.84487,-2.36287,-2.873,8.55649,8.48346,0.55,0.548747,-0.111561,34.7535,0.496044,0.0951289,-0.102515,0.0235909,0.2585,-0.298414,-0.0992087,0,0,0,-0.0190258,0,1855,1716,1357,1514
5.62082e+08,-0.00983257,-0.302968,10.0631,-1.72447,5.713,-0.115394,20.9362,-0.0559579,2.95666,-2.35204,-2.14939,6.05267,6.63016,0.546,0.548788,-0.099558,34.7094,0.496044,0.0951289,-0.102515,0.0235909,0.2585,-0.298414,-0.0992087,0,0,0,-0.0190258,0,1801,1656,1408,1537
5.62103e+08,-0.172222,-0.242757,11.1199,-1.25047,-28.0733,-0.212297,-27.8933,-0.887104,-2.18838,-2.27836,-2.16796,7.10611,7.02135,0.546,0.545148,-0.0905685,34.7153,0.492012,0.095123,-0.102471,0,0.255402,-0.204315,-0.0984024,0,0,0,-0.0190246,0,1448,1308,1756,1887
5.62124e+08,-0.0647402,-0.348728,9.18698,-2.17379,-49.9206,-0.88542,-49.6501,-0.403463,-5.6693,-2.40626,-5.75563,7.06031,7.07285,0.546,0.544973,-0.0721578,34.7035,0.489856,0.094917,-0.107784,-0.0103025,0.232278,-0.162909,-0.0979713,0,0,0,-0.0189834,0,1295,1102,1877,2063
5.62145e+08,-0.656838,-0.661821,9.57161,-3.94612,-20.0275,-1.72787,-26.0271,-3.91636,-9.27235,-2.58141,-7.06694,10.4802,6.67174,0.543,0.543739,-0.0615049,34.7329,0.487252,0.095385,-0.130234,0.0234044,0.139845,-0.298862,-0.0974503,0,0,0,-0.019077,0,1459,1242,1703,1906
5.62166e+08,-0.867429,0.997576,10.4838,5.41716,34.9038,-1.68252,34.6525,-4.70871,1.27727,-2.65022,1.24039,9.42672,9.37623,0.543,0.541845,-0.0602446,34.6829,0.484684,0.0966056,-0.128389,0.0610297,0.144898,-0.451482,-0.0969368,0,0,0,-0.0193211,0,1825,1748,1317,1428
5.62187e+08,-0.810083,0.862704,10.0467,4.89214,58.4611,-0.848095,58.1522,-4.59307,5.64368,-2.45867,5.73926,10.2664,10.1844,0.543,0.541955,-0.0574084,34.6624,0.482107,0.098865,-0.128863,0.112966,0.14063,-0.662813,-0.0964213,0,0,0,-0.019773,0,1964,1964,1164,1214
5.62208e+08,0.188329,-0.199406,8.84986,-1.29048,32.0336,-0.0576166,32.0857,1.21879,2.22383,-2.15945,2.25533,7.51832,7.57371,0.541,0.540966,-0.0597541,34.6888,0.479516,0.101056,-0.129555,0.109571,0.135469,-0.652145,-0.0959031,0,0,0,-0.0202113,0,1825,1761,1334,1402
5.62229e+08,0.0308846,-0.748524,9.14827,-4.67758,-33.1725,0.0310109,-19.951,0.192786,-12.2342,-2.05308,-9.25477,5.51832,8.14245,0.541,0.540322,-0.0544151,34.6859,0.477219,0.102637,-0.114841,0.0790331,0.192463,-0.531846,-0.0954437,0,0,0,-0.0205274,0,1530,1309,1617,1854
5.6225e+08,-0.729245,2.11508,11.8388,10.1107,-50.9588,-0.92412,-51.1216,-3.47005,-16.8907,-2.26168,-16.8427,5.04504,5.06466,0.541,0.540211,-0.0445487,34.6682,0.475261,0.10381,-0.0978833,0.0586631,0.258878,-0.451817,-0.0950522,0,0,0,-0.0207621,0,1358,995,1800,2125
5.62271e+08,0.947807,-0.717215,8.91723,-4.57277,-35.1114,-1.82715,-35.2715,6.04777,-4.35632,-2.43864,-4.60681,6.90764,6.86546,0.537,0.537049,-0.0471167,34.6565,0.473491,0.104691,-0.0885102,0.0440583,0.295108,-0.394544,-0.0946982,0,0,0,-0.0209383,0,1373,1194,1783,1955
5.62313e+08,-1.41183,0.891605,11.9632,4.23304,48.6443,-1.56438,43.2142,-6.71212,12.8345,-2.17232,19.7839,8.19008,9.51606,0.537,0.536076,-0.0365495,34.6447,0.468946,0.109837,-0.119005,0.156095,0.168799,-0.850774,-0.0937892,0,0,0,-0.0219675,0,1743,1945,1375,1215
5.62334e+08,-0.582986,-0.0452675,10.5246,-0.246057,35.4382,-0.338158,35.5531,-3.1705,4.86505,-1.84448,4.95652,8.25115,8.26222,0.538,0.537287,-0.0246205,34.6506,0.466673,0.113407,-0.113629,0.178486,0.188348,-0.945286,-0.0933346,0,0,0,-0.0226814,0,1800,1789,1305,1336
5.62355e+08,0.907525,-1.83954,7.46481,-13.7461,-12.4549,-0.228429,-12.0456,6.73218,-10.6311,-1.6798,-10.6659,5.88474,5.93963,0.538,0.537528,-0.0334946,34.6182,0.464941,0.116604,-0.0865943,0.159861,0.295447,-0.874827,-0.0929883,0,0,0,-0.0233208,0,1590,1338,1549,1781
5.62397e+08,-0.797978,0.265418,9.62308,1.57449,-39.1878,-1.61351,-52.8071,-4.73852,-13.2724,-2.32223,-8.30712,6.66336,4.52755,0.535,0.53467,-0.0386708,34.6153,0.462503,0.12107,-0.0624622,0.0949351,0.390859,-0.6205,-0.0925006,0,0,0,-0.024214,0,1287,1037,1883,2088
5.62418e+08,0.799697,-0.488416,8.75152,-3.18109,-9.61524,-2.2858,-9.7556,5.21301,9.3078,-2.42504,9.08269,8.11374,8.08597,0.535,0.53392,-0.0360326,34.5594,0.461018,0.123633,-0.0742555,0.12812,0.342532,-0.757051,-0.0922036,0,0,0,-0.0247265,0,1446,1474,1690,1681
5.62438e+08,-0.418339,0.366571,10.5061,1.99673,37.8962,-1.9139,37.7675,-2.27885,9.44521,-2.35144,9.40263,12.0679,12.0548,0.535,0.534017,-0.0175845,34.5976,0.459369,0.127246,-0.0824382,0.180687,0.308478,-0.97267,-0.0918738,0,0,0,-0.0254493,0,1754,1825,1314,1333
5.62458e+08,0.90505,-1.52403,7.97578,-10.7505,32.7054,-1.25779,32.9882,6.35984,10.3765,-2.13418,10.2437,11.8847,11.894,0.535,0.534342,-0.00900689,34.5829,0.457684,0.131596,-0.0842339,0.217483,0.299992,-1.12597,-0.0915369,0,0,0,-0.0263192,0,1714,1802,1339,1339
5.62478e+08,-0.0864745,0.527935,10.4681,2.88703,17.9267,-0.510107,17.9745,-0.472695,-8.14258,-2.10522,-8.12453,12.7855,12.6608,0.535,0.534574,0.00116963,34.5388,0.456327,0.136254,-0.0678532,0.232878,0.364816,-1.19384,-0.0912655,0,0,0,-0.0272507,0,1736,1569,1291,1561
5.62499e+08,-0.552322,1.31308,10.0424,7.43823,-22.3633,-0.48753,-22.4496,-3.12152,-18.2342,-2.31386,-18.216,9.35038,9.39881,0.535,0.534584,0.00215096,34.5712,0.455345,0.14028,-0.0491381,0.201312,0.439473,-1.07257,-0.0910689,0,0,0,-0.028056,0,1537,1190,1518,1910
5.6252e+08,-0.936863,1.66952,10.7556,8.79049,-37.4778,-1.15538,-37.7833,-4.91955,-13.4403,-2.63823,-13.3203,9.57939,9.57609,0.537,0.536213,0.00590953,34.5476,0.454642,0.14354,-0.0351555,0.163026,0.4955,-0.923389,-0.0909283,0,0,0,-0.0287081,0,1380,1095,1660,1995
5.62541e+08,0.402993,0.670031,8.9674,4.26882,-22.0733,-2.15714,-36.7131,2.56599,12.8498,-2.57235,7.0897,7.18245,8.59211,0.537,0.536138,0.00127243,34.5506,0.453662,0.146894,-0.0489609,0.167677,0.439728,-0.946538,-0.0907325,0,0,0,-0.0293788,0,1237,1236,1820,1853
5.62562e+08,-0.396869,0.438824,10.8742,2.30935,15.4077,-2.2635,15.1278,-2.08846,23.7811,-2.18776,23.7253,11.8389,11.6968,0.537,0.536146,0.00336944,34.5271,0.451053,0.15506,-0.0678373,0.216838,0.362388,-1.15456,-0.0902106,0,0,0,-0.031012,0,1467,1743,1560,1372
5.62583e+08,-0.365887,0.653172,10.2501,3.64384,33.5756,-1.64616,33.459,-2.04022,15.1551,-1.88435,15.1075,12.6786,12.5733,0.538,0.537381,0.0184511,34.5329,0.44977,0.15987,-0.0641521,0.24048,0.376375,-1.25574,-0.089954,0,0,0,-0.0319739,0,1645,1815,1343,1279
5.62604e+08,-0.198163,-1.41325,9.60088,-8.37203,17.4077,-0.984404,17.7007,-1.16982,-6.29525,-1.77044,-6.17455,11.6557,11.6891,0.538,0.537721,0.0161057,34.5065,0.449145,0.164728,-0.0312544,0.242902,0.508354,-1.27188,-0.089829,0,0,0,-0.0329456,0,1698,1557,1300,1531
5.62625e+08,-2.57251,1.59005,11.9654,7.40233,-4.83662,-0.647347,-8.78304,-12.0311,-26.5853,-1.97059,-8.03941,11.9,9.79676,0.541,0.538854,0.0139639,34.5212,0.448975,0.169026,-0.00850281,0.214909,0.600213,-1.16534,-0.089795,0,0,0,-0.0338052,0,1538,1346,1476,1725
5.62646e+08,-1.57176,0.689299,10.3296,3.7744,-27.1878,-0.977789,-27.2893,-8.6329,-14.0357,-2.32306,-14.0067,7.12138,7.21645,0.541,0.540526,0.0161196,34.5124,0.448862,0.172825,-0.00562367,0.189945,0.612441,-1.07032,-0.0897725,0,0,0,-0.034565,0,1455,1146,1573,1893
5.62666e+08,-0.232056,0.250967,10.6411,1.35073,-34.6687,-1.64753,-34.7013,-1.24893,4.10169,-2.21867,4.14872,8.09848,8.05389,0.541,0.540442,0.00323684,34.4771,0.448545,0.176303,-0.0158586,0.173921,0.571814,-1.01076,-0.089709,0,0,0,-0.0352607,0,1269,1230,1773,1839
5.62686e+08,-0.745445,0.263009,10.7555,1.39745,-15.371,-2.06064,-20.9426,-3.96353,16.0864,-2.16123,14.4037,7.54886,10.3597,0.542,0.540324,0.00231451,34.4624,0.447932,0.180156,-0.0306428,0.192656,0.512568,-1.09108,-0.0895865,0,0,0,-0.0360313,0,1278,1409,1744,1682
5.62707e+08,-0.0889078,0.691707,10.0766,3.92674,9.713,-2.07827,9.65496,-0.504331,15.6437,-1.89045,15.6389,9.19771,9.32931,0.542,0.541287,0.00731312,34.4712,0.447495,0.184648,-0.0218569,0.224579,0.548075,-1.22512,-0.089499,0,0,0,-0.0369296,0,1484,1629,1536,1441
5.62728e+08,-1.26351,-0.0693517,9.25019,-0.425605,28.3084,-1.59817,28.1931,-7.77786,-2.00518,-1.76591,-1.75511,12.2969,12.1842,0.542,0.541499,0.00237695,34.4476,0.447301,0.189312,-0.00973117,0.233183,0.597283,-1.26585,-0.0894601,0,0,0,-0.0378623,0,1736,1662,1265,1442
5.62749e+08,-0.487389,-0.343911,9.97085,-1.97309,2.53743,-1.0705,10.4263,-2.79681,-9.08914,-1.84185,-2.70976,9.54886,9.70945,0.544,0.542341,0.0016713,34.4418,0.447477,0.193961,0.00883119,0.232464,0.672774,-1.26919,-0.0894954,0,0,0,-0.0387922,0,1635,1522,1386,1558
5.6277e+08,-0.650073,0.773593,10.9462,4.03541,-14.974,-0.969864,-14.9538,-3.39025,-21.9746,-2.23218,-21.8261,10.6786,10.6914,0.544,0.54351,0.0101697,34.4359,0.44804,0.198073,0.0281227,0.205611,0.751677,-1.16703,-0.0896079,0,0,0,-0.0396146,0,1583,1195,1411,1877
5.6279e+08,-3.18841,0.980717,12.0765,4.48955,-30.6229,-1.35832,-30.6474,-14.7432,-15.3792,-2.64865,-15.1754,10.8618,10.8957,0.544,0.543401,0.0125512,34.4447,0.448748,0.201538,0.0354011,0.173229,0.782584,-1.04189,-0.0897495,0,0,0,-0.0403075,0,1421,1118,1567,1952
5.62811e+08,-1.38293,0.0342101,11.969,0.162682,-20.0275,-1.83071,-20.1167,-6.5909,13.5826,-2.62933,13.5914,11.2588,11.2281,0.546,0.544488,0.024037,34.3947,0.449193,0.205213,0.0222926,0.183779,0.731395,-1.08922,-0.0898387,0,0,0,-0.0410427,0,1272,1383,1691,1668
5.62832e+08,-2.04677,0.0823784,10.3599,0.446949,0.888576,-1.91893,0.906117,-11.1755,26.3765,-2.31139,26.454,9.57939,9.65653,0.546,0.545272,0.0214795,34.4124,0.449378,0.209337,0.00923751,0.206193,0.680092,-1.1847,-0.0898756,0,0,0,-0.0418674,0,1332,1622,1644,1416
5.62853e+08,1.06458,0.113688,8.99681,0.718962,23.942,-1.51525,15.5096,6.74782,21.1093,-1.69344,14.4516,12.4649,11.6995,0.546,0.545618,0.0238407,34.4094,0.449692,0.213774,0.0156687,0.221862,0.707105,-1.25352,-0.0899383,0,0,0,-0.0427549,0,1508,1662,1445,1391
5.62874e+08,-1.86023,-0.960465,10.2251,-5.28001,-1.15723,-1.01411,-0.744091,-10.2667,-12.0815,-1.61803,-11.8426,10.8771,10.9391,0.55,0.548834,0.0305772,34.3976,0.450082,0.218278,0.0195195,0.225168,0.723867,-1.27286,-0.0900164,0,0,0,-0.0436555,0,1578,1353,1360,1671
5.62894e+08,-0.871755,-0.61847,10.2462,-3.44185,-15.9511,-0.958129,-15.6927,-4.85429,-25.9288,-2.05754,-25.8664,9.97634,10.0501,0.55,0.549724,0.0310864,34.4359,0.451589,0.222454,0.0753639,0.208815,0.95057,-1.21295,-0.0903179,0,0,0,-0.0444908,0,1582,1132,1360,1880
5.62914e+08,-1.46658,0.29191,9.49787,1.73979,-20.7297,-1.10407,-20.6898,-8.77373,-18.8907,-2.66217,-18.9595,8.95344,9.02779,0.55,0.549574,0.0229651,34.3976,0.453422,0.226,0.0916586,0.177291,1.01907,-1.09139,-0.0906845,0,0,0,-0.0452,0,1514,1136,1451,1882
5.62934e+08,-3.44824,-0.608836,12.473,-2.69363,-18.5465,-1.40114,-18.6329,-15.4362,-1.69983,-3.0717,-1.69501,10.7397,10.7155,0.554,0.552322,0.0391207,34.3741,0.455009,0.229393,0.0793294,0.169654,0.97245,-1.06546,-0.0910018,0,0,0,-0.0458786,0,1379,1253,1532,1742
5.62955e+08,-0.664118,-0.240349,8.66297,-1.58458,-1.43204,-1.40685,-1.42056,-4.38214,29.033,-2.73671,28.8911,9.86947,9.99102,0.554,0.553301,0.0320113,34.3859,0.456231,0.232887,0.0611212,0.174726,0.9018,-1.09064,-0.0912463,0,0,0,-0.0465775,0,1287,1600,1640,1398
5.62976e+08,0.746708,1.15171,9.02011,7.25178,20.2932,-1.13836,19.9604,4.69436,37.6284,-2.16552,37.5045,13.1519,13.0446,0.554,0.553601,0.0311418,34.3682,0.457225,0.236617,0.0496788,0.186465,0.857999,-1.14285,-0.091445,0,0,0,-0.0473234,0,1360,1840,1539,1187
5.62997e+08,-0.986574,0.108871,10.1002,0.614646,3.78934,-0.807732,11.7353,-5.57855,9.3536,-1.5967,20.4824,9.41145,11.2198,0.556,0.555362,0.0311752,34.3712,0.458037,0.240361,0.0405984,0.187235,0.823443,-1.1511,-0.0916074,0,0,0,-0.0480723,0,1424,1662,1485,1343
5.63018e+08,1.95775,-0.317418,7.05322,-2.48301,-6.85188,-0.745729,-6.83929,15.498,-11.8525,-1.43789,-11.9124,7.74733,7.75863,0.556,0.555907,0.018141,34.3594,0.459571,0.243906,0.076692,0.17723,0.97098,-1.11589,-0.0919142,0,0,0,-0.0487812,0,1548,1294,1412,1700
5.63038e+08,1.35595,-0.0765769,7.79014,-0.554856,-14.3939,-1.00489,-14.3936,9.87349,-20.6159,-1.56849,-20.9278,5.53359,5.65061,0.556,0.555755,-0.00650482,34.3653,0.461687,0.246984,0.105813,0.15392,1.09129,-1.02673,-0.0923374,0,0,0,-0.0493969,0,1588,1180,1433,1837
5.63058e+08,0.102674,-1.30246,8.86716,-8.35563,-16.0885,-1.26466,-15.9628,0.656362,-15.6388,-2.21425,-15.7375,7.39619,7.25563,0.559,0.558031,-0.00367163,34.3271,0.464015,0.249771,0.116391,0.139343,1.1375,-0.972243,-0.092803,0,0,0,-0.0499543,0,1531,1194,1463,1826
5.63078e+08,-0.112165,-1.5433,8.33513,-10.4889,-2.80608,-1.6249,-2.68226,-0.758092,14.8193,-2.37826,14.5367,6.99924,7.01013,0.559,0.558243,-0.0099075,34.3212,0.465896,0.252418,0.0940322,0.13231,1.05105,-0.947832,-0.0931791,0,0,0,-0.0504835,0,1412,1502,1593,1526
5.63099e+08,1.30366,-0.962873,8.49391,-6.39323,6.53743,-1.47795,6.67845,8.6711,35.5063,-2.02745,35.2642,7.82367,7.82802,0.559,0.558354,-0.00866138,34.3124,0.467375,0.255076,0.0739663,0.132926,0.973294,-0.954122,-0.093475,0,0,0,-0.0510152,0,1323,1726,1673,1307
5.6312e+08,1.59017,-0.837636,7.85282,-5.9683,6.12522,-1.47485,6.28707,11.3845,37.3383,-0.927293,36.9927,5.64046,5.73365,0.564,0.562752,-0.0175073,34.3241,0.468285,0.257622,0.0455049,0.127314,0.861149,-0.935296,-0.093657,0,0,0,-0.0515245,0,1301,1742,1713,1273
5.63141e+08,-0.0671481,-0.276475,8.47958,-1.8674,-1.67631,-1.28793,0.143668,-0.453464,2.02536,-0.733407,-2.91965,4.61756,5.6502,0.564,0.563583,-0.017812,34.3418,0.469238,0.259955,0.0476672,0.116618,0.871884,-0.895815,-0.0938477,0,0,0,-0.0519909,0,1540,1418,1473,1595
5.63162e+08,0.909833,-1.55293,7.45339,-11.685,-15.2183,-1.36678,-15.0458,6.81472,-22.4937,-1.04803,-22.504,2.75496,2.78548,0.564,0.563628,-0.0231252,34.3212,0.472467,0.263852,0.0851046,0.0880121,1.02783,-0.786961,-0.0944934,0,0,0,-0.0527705,0,1592,1153,1455,1842
5.63183e+08,-1.11546,-0.0838022,10.5701,-0.451736,-8.48547,-1.59739,-8.50642,-6.02394,-27.4708,-1.70751,-27.4722,3.25878,3.16166,0.564,0.563459,-0.0219927,34.3035,0.474419,0.265239,0.0975959,0.0693136,1.08126,-0.714201,-0.0948838,0,0,0,-0.0530477,0,1676,1152,1365,1845
5.63204e+08,0.322121,-0.461923,8.45283,-3.12568,2.14048,-1.63781,2.19542,2.17913,0.0864275,-2.06778,-0.0631852,1.60993,1.62226,0.564,0.563231,-0.0348115,34.3035,0.476032,0.266596,0.0806675,0.0678772,1.01627,-0.71064,-0.0952065,0,0,0,-0.0533193,0,1580,1424,1499,1583
5.63225e+08,-1.40225,0.783227,10.5171,4.22181,12.6138,-1.45683,9.9476,-7.5737,25.2925,-2.00911,16.3246,1.09084,2.79946,0.564,0.563196,-0.0391457,34.2653,0.476883,0.267983,0.0425107,0.0693134,0.865184,-0.718639,-0.0953765,0,0,0,-0.0535965,0,1516,1609,1559,1415
5.63246e+08,0.187881,1.41423,8.99965,8.92868,20.6901,-0.96377,20.4038,1.18146,30.9567,-1.45827,31.0276,1.12138,1.15991,0.563,0.562417,-0.0471219,34.3241,0.477354,0.2692,0.0235762,0.0608734,0.790713,-0.686817,-0.0954708,0,0,0,-0.05384,0,1500,1803,1607,1224
5.63266e+08,0.0686649,0.780818,9.83446,4.53943,-0.638142,-0.626425,-0.607837,0.398781,24.3154,-0.914362,24.148,-0.878623,-0.76257,0.563,0.562497,-0.0530242,34.2565,0.478098,0.270215,0.0371859,0.0507354,0.847112,-0.647931,-0.0956196,0,0,0,-0.0540429,0,1410,1612,1724,1408
5.63286e+08,0.178356,1.3203,9.1847,8.17873,-8.60761,-0.780487,-20.2629,1.10116,-9.68456,-0.853991,-3.90477,-2.74122,-1.08896,0.563,0.562507,-0.0540822,34.2535,0.479345,0.270827,0.0623476,0.0306142,0.950479,-0.568499,-0.095869,0,0,0,-0.0541654,0,1469,1267,1668,1749
5.63307e+08,-3.12877,1.19266,12.0056,5.49104,-14.6076,-1.0658,-14.7818,-14.5384,-36.7227,-1.3102,-36.3424,-2.77175,-2.8,0.563,0.562435,-0.0485006,34.2476,0.481099,0.271066,0.0877127,0.0119388,1.0553,-0.494395,-0.0962198,0,0,0,-0.0542131,0,1745,1052,1400,1941
5.63328e+08,1.06453,0.27746,8.88785,1.77539,1.23972,-1.41906,0.918821,6.82672,-19.593,-1.70222,-19.7753,-5.35191,-5.27111,0.563,0.562268,-0.053551,34.2771,0.482663,0.27129,0.0782043,0.0112284,1.02003,-0.492326,-0.0965326,0,0,0,-0.0542581,0,1754,1265,1421,1714
5.63349e+08,-1.29233,0.518301,10.4953,2.80606,25.484,-1.46032,5.66502,-7.01131,-0.84487,-2.2095,5.4874,-2.93969,-5.05565,0.562,0.561718,-0.051294,34.2153,0.484071,0.271691,0.070394,0.0200408,0.991362,-0.528674,-0.0968142,0,0,0,-0.0543382,0,1612,1472,1559,1507
5.6337e+08,0.284151,-1.30728,7.5493,-9.8174,20.8733,-1.11752,20.927,2.12398,26.9719,-1.99672,26.7841,-3.29084,-3.25894,0.562,0.561198,-0.0521999,34.2565,0.485138,0.272088,0.0533226,0.0198482,0.925128,-0.528901,-0.0970275,0,0,0,-0.0544176,0,1564,1750,1595,1249
5.6339e+08,-0.795472,-0.160871,10.337,-0.888973,5.94201,-0.760876,6.09028,-4.39991,26.6208,-1.67068,26.6509,-3.67252,-3.57516,0.562,0.561394,-0.0338277,34.2476,0.485612,0.272406,0.0237237,0.0158981,0.807904,-0.513958,-0.0971224,0,0,0,-0.0544812,0,1444,1636,1686,1328
5.63411e+08,0.188078,0.703749,9.60156,4.19121,-3.41677,-0.655922,-3.4597,1.11918,11.7353,-1.34059,11.8698,-4.92443,-4.87645,0.56,0.560334,-0.0373883,34.2094,0.486018,0.272259,0.0203181,-0.00736424,0.795648,-0.420973,-0.0972037,0,0,0,-0.0544518,0,1488,1467,1664,1495
5.63432e+08,-0.410973,-0.363178,10.22,-2.03356,-22.6534,-0.945133,-22.5777,-2.30131,-4.49373,-1.31784,-4.34291,-5.09236,-5.07468,0.56,0.559609,-0.0364423,34.1771,0.486961,0.271531,0.047111,-0.036404,0.905187,-0.304083,-0.0973921,0,0,0,-0.0543061,0,1464,1209,1690,1752
5.63453e+08,-1.44993,0.511076,10.2983,2.81339,-6.63814,-1.3165,-24.1594,-8.00442,-26.6464,-1.74886,-20.6228,-5.68778,-6.92538,0.56,0.559412,-0.0349405,34.2035,0.488171,0.27048,0.0605115,-0.052517,0.961353,-0.238631,-0.0976342,0,0,0,-0.0540961,0,1576,1060,1592,1881
5.63474e+08,0.916894,-1.18204,7.37563,-9.03655,1.59087,-1.62011,1.65894,6.99791,-7.95937,-2.29959,-8.23221,-6.81755,-6.77445,0.56,0.559144,-0.0394118,34.2153,0.489136,0.26957,0.0482401,-0.0455207,0.914249,-0.266038,-0.0978271,0,0,0,-0.053914,0,1679,1327,1498,1625
5.63494e+08,-0.891199,0.609821,9.93711,3.49772,24.568,-1.34894,24.4216,-5.11523,5.75055,-2.43048,5.7069,-7.53511,-7.42416,0.56,0.559037,-0.0422755,34.1888,0.489794,0.268817,0.0329188,-0.0376257,0.854528,-0.297247,-0.0979588,0,0,0,-0.0537635,0,1752,1590,1436,1360
5.63515e+08,-1.3235,0.973491,10.3464,5.33192,28.4458,-0.856043,28.2384,-7.25789,17.3231,-2.1617,17.425,-5.2603,-5.27383,0.56,0.559166,-0.043454,34.1888,0.490104,0.268281,0.0155076,-0.0268297,0.785986,-0.340362,-0.0980208,0,0,0,-0.0536562,0,1690,1723,1481,1249
5.63536e+08,-3.38902,1.118,11.9748,5.13333,7.59087,-0.638723,-1.2032,-15.7372,9.68948,-1.64083,29.6371,-4.60381,-6.26195,0.559,0.558568,-0.0592519,34.2241,0.489995,0.267271,-0.00544603,-0.0505067,0.702708,-0.244617,-0.0979991,0,0,0,-0.0534541,0,1407,1620,1803,1373
5.63557e+08,-0.805415,1.24805,10.7643,6.59528,-18.1801,-0.707732,-18.1456,-4.25069,9.20093,-1.31245,2.78351,-6.49694,-6.03682,0.559,0.558394,-0.0653049,34.2124,0.488035,0.265776,0,-0.0747125,0.723873,-0.146138,-0.0976071,0,0,0,-0.0531553,0,1475,1316,1742,1688
5.63578e+08,0.0933681,-2.18635,8.22946,-14.8774,-36.7145,-1.23022,-36.2948,0.628236,-6.43266,-1.50353,-6.4414,-7.0771,-7.06665,0.559,0.55832,-0.0619028,34.1594,0.486083,0.263709,0,-0.103358,0.723199,-0.029128,-0.0972166,0,0,0,-0.0527419,0,1408,1103,1813,1886
5.63598e+08,-2.26891,0.347304,11.5072,1.6961,-12.1649,-1.64552,-12.1536,-11.1491,-15.0586,-1.72126,-14.8882,-7.15343,-7.17659,0.555,0.554772,-0.0661826,34.1653,0.486211,0.261388,0.00641676,-0.116074,0.749988,0.0243215,-0.0972423,0,0,0,-0.0522776,0,1647,1215,1595,1793
5.63618e+08,-1.34904,-1.6276,9.75823,-9.3817,10.4458,-1.32308,10.6228,-7.76513,-7.57769,-1.7092,-7.56313,-7.38244,-7.47602,0.555,0.554122,-0.0820215,34.1888,0.486539,0.259492,0.0163623,-0.0947683,0.791181,-0.0592178,-0.0973077,0,0,0,-0.0518985,0,1779,1447,1496,1587
5.63639e+08,0.981345,-1.10979,8.62929,-7.28198,25.8504,-0.936056,25.9,6.4354,5.55208,-1.80466,5.3658,-6.78702,-6.78324,0.555,0.5541,-0.0769412,34.1624,0.486701,0.258081,0.00813032,-0.0705711,0.759262,-0.15496,-0.0973403,0,0,0,-0.0516162,0,1795,1651,1464,1379
5.6366e+08,0.13281,1.95612,10.3919,10.6595,25.0718,-0.2069,25.1813,0.719574,10.2544,-1.83222,10.1569,-7.59618,-7.56406,0.556,0.555039,-0.062642,34.1565,0.486576,0.256282,-0.00628896,-0.0899687,0.702164,-0.0753636,-0.0973151,0,0,0,-0.0512563,0,1754,1672,1486,1325
5.63681e+08,-0.740667,0.255784,9.57078,1.52633,-5.15723,-0.1496,-8.97321,-4.42363,3.84215,-1.826,4.38876,-6.69542,-7.05381,0.556,0.555252,-0.0613528,34.1829,0.486065,0.254089,-0.025548,-0.10964,0.625169,0.00583149,-0.0972129,0,0,0,-0.0508178,0,1547,1390,1685,1608
5.63702e+08,1.26335,-1.972,8.39024,-13.0841,-38.8061,-0.838732,-38.6805,8.33901,1.78108,-1.7158,1.71356,-8.87862,-8.83534,0.556,0.555258,-0.0657984,34.1476,0.484897,0.248422,-0.0285113,-0.155226,0.613591,0.194891,-0.0969793,0,0,0,-0.0496844,0,1354,1145,1902,1844
5.63722e+08,-2.15657,-0.0573096,11.7914,-0.273928,-26.8213,-1.37288,-26.7306,-10.3643,-7.86777,-1.83739,-7.73189,-7.71832,-7.70376,0.551,0.550634,-0.067854,34.1565,0.484205,0.245282,-0.0345828,-0.157027,0.589256,0.205621,-0.096841,0,0,0,-0.0490563,0,1505,1170,1761,1850
5.63742e+08,-1.53824,0.378613,10.2887,2.08433,5.07178,-1.59482,4.86456,-8.49752,-6.67693,-1.99922,-6.56015,-6.84809,-6.88788,0.551,0.550045,-0.0712167,34.1476,0.483406,0.242631,-0.0399526,-0.132532,0.567598,0.110276,-0.0966812,0,0,0,-0.0485262,0,1721,1406,1544,1627
5.63762e+08,-0.00955606,-1.29764,9.28513,-7.95584,25.1023,-1.23982,25.1833,-0.0584,0.681847,-2.07313,0.688542,-5.96259,-6.02167,0.551,0.550019,-0.0684209,34.1535,0.482563,0.240366,-0.042145,-0.11323,0.558628,0.035274,-0.0965126,0,0,0,-0.0480733,0,1815,1608,1439,1428
5.63783e+08,-0.21023,-0.955648,9.41643,-5.79352,29.3161,-0.651563,29.4875,-1.27243,8.20856,-2.07842,8.0625,-6.0542,-6.04276,0.55,0.549189,-0.0721001,34.1476,0.481731,0.238247,-0.0415811,-0.105959,0.560724,0.00834503,-0.0963463,0,0,0,-0.0476494,0,1806,1704,1458,1342
5.63804e+08,0.288647,-0.300559,8.86386,-1.94104,10.8275,-0.333616,10.8933,1.86408,6.13223,-1.89241,6.14548,-7.33664,-7.21316,0.55,0.54917,-0.072714,34.13,0.480854,0.235584,-0.043883,-0.133162,0.551267,0.120373,-0.0961708,0,0,0,-0.0471168,0,1693,1558,1582,1477
5.63825e+08,1.20299,0.42919,7.62251,3.18335,-12.4244,-0.423188,-16.4506,8.95451,7.79635,-1.72972,-5.60038,-8.34427,-6.1517,0.55,0.549217,-0.0716316,34.1271,0.479865,0.232254,-0.0494286,-0.166509,0.528659,0.257892,-0.095973,0,0,0,-0.0464507,0,1571,1283,1692,1759
5.63846e+08,-0.986368,-0.630512,10.3175,-3.48123,-34.3786,-0.995551,-34.1275,-5.45088,2.62078,-1.69097,2.53574,-7.67252,-7.60683,0.547,0.546416,-0.0901201,34.1212,0.478825,0.228575,-0.0520219,-0.183919,0.517825,0.331938,-0.095765,0,0,0,-0.0457151,0,1406,1222,1913,1849
5.63867e+08,-0.647239,-0.832819,9.08936,-5.222,-23.4473,-1.4921,-23.2529,-4.05613,-1.05861,-1.72284,-1.03371,-8.54275,-8.47502,0.547,0.546014,-0.0926662,34.0712,0.477337,0.224816,-0.0743871,-0.187947,0.427125,0.352417,-0.0954674,0,0,0,-0.0449633,0,1508,1266,1823,1801
5.63888e+08,1.55689,-1.39639,7.06371,-10.9266,11.3771,-1.77527,11.2143,12.2008,3.70475,-1.44637,3.70229,-8.55801,-8.52947,0.547,0.545892,-0.106043,34.1271,0.475863,0.221472,-0.0737066,-0.167198,0.428868,0.273009,-0.0951726,0,0,0,-0.0442945,0,1724,1556,1630,1532
5.63909e+08,0.892809,-0.437839,9.49466,-2.6287,28.9649,-1.26754,32.0955,5.36621,-2.49373,-1.56733,-6.41902,-7.1687,-5.94819,0.543,0.542313,-0.106131,34.1271,0.474557,0.218597,-0.0653104,-0.143774,0.461766,0.182286,-0.0949113,0,0,0,-0.0437194,0,1949,1656,1394,1467
5.6393e+08,-1.6671,0.0679279,10.5186,0.365443,10.9496,-0.580645,11.2857,-9.00574,-11.3182,-1.70701,-11.2094,-7.06183,-7.02241,0.543,0.542032,-0.101171,34.1182,0.473516,0.21561,-0.0520322,-0.149351,0.514578,0.208022,-0.0947032,0,0,0,-0.043122,0,1848,1472,1499,1635
5.63951e+08,-2.27362,0.101646,10.2984,0.552199,-0.103791,-0.390658,-0.0830319,-12.4491,-16.4479,-2.12526,-16.17,-7.3061,-7.23045,0.539,0.540516,-0.097651,34.0829,0.472365,0.212068,-0.0575605,-0.177076,0.491821,0.323295,-0.094473,0,0,0,-0.0424137,0,1809,1350,1538,1753
5.63972e+08,0.0471033,1.03611,10.9627,5.39909,-18.4397,-0.647067,-18.5324,0.24509,0.162763,-2.24609,0.0300576,-5.04656,-5.06891,0.539,0.538137,-0.097374,34.0918,0.470909,0.208099,-0.0727935,-0.198443,0.429754,0.413614,-0.0941818,0,0,0,-0.0416199,0,1553,1342,1783,1788
5.63993e+08,-0.269649,-1.95032,8.57916,-12.8014,-26.6381,-1.04064,-13.9944,-1.75549,2.3765,-2.40118,0.708004,-5.04656,-5.80069,0.539,0.537851,-0.0875239,34.0712,0.469388,0.203992,-0.0760336,-0.205364,0.415702,0.446172,-0.0938777,0,0,0,-0.0407984,0,1572,1360,1754,1747
5.64014e+08,-0.270129,-0.22349,9.42716,-1.3575,3.92674,-1.52273,3.69807,-1.64086,11.72,-2.33925,11.5939,-3.82519,-3.85661,0.538,0.537167,-0.088227,34.1094,0.467836,0.199932,-0.0776043,-0.203012,0.408304,0.441493,-0.0935673,0,0,0,-0.0399864,0,1607,1569,1707,1560
5.64034e+08,-1.20888,0.966266,11.2841,4.86661,29.4229,-1.31002,28.9732,-6.0927,4.78872,-2.16215,4.91358,-2.97023,-3.00769,0.538,0.536879,-0.0819107,34.0506,0.466124,0.196261,-0.0855934,-0.183566,0.374959,0.36777,-0.0932249,0,0,0,-0.0392521,0,1826,1706,1470,1420
5.64054e+08,-0.984373,0.780818,10.0918,4.40344,32.11,-0.807329,31.9117,-5.55462,-6.00518,-2.00821,-5.81868,-2.81755,-2.81541,0.538,0.537004,-0.0800854,34.0771,0.464445,0.192936,-0.0839509,-0.166257,0.380282,0.302184,-0.0928891,0,0,0,-0.0385871,0,1926,1659,1364,1465
5.64074e+08,1.97937,-0.779834,8.49125,-5.11104,12.2168,-0.32813,12.4424,13.0686,-5.25708,-2.08316,-5.41831,-3.65725,-3.61361,0.533,0.534059,-0.0887181,34.0976,0.462965,0.189339,-0.0740427,-0.179844,0.419003,0.360863,-0.0925929,0,0,0,-0.0378677,0,1808,1537,1515,1606
5.64115e+08,-0.885848,-1.46141,10.0383,-8.25156,-29.4626,-0.622478,-29.1765,-4.99079,-7.48609,-2.36751,-7.36339,-2.31374,-2.39606,0.533,0.531904,-0.0932782,34.0624,0.459753,0.181026,-0.0765359,-0.214854,0.406643,0.511087,-0.0919506,0,0,0,-0.0362052,0,1526,1230,1801,1937
5.64198e+08,-1.30176,0.0847868,10.2761,0.46898,32.4764,-0.27418,32.2608,-7.21942,-15.2724,-1.80006,-15.0828,-2.2374,-2.34633,0.527,0.52691,-0.0858342,34.0329,0.45159,0.16462,-0.104965,-0.18179,0.285669,0.397905,-0.0903179,0,0,0,-0.0329241,0,2018,1630,1315,1543
5.64218e+08,-0.124463,-0.252391,9.94931,-1.45304,4.96491,0.0443611,5.09489,-0.716485,-22.9059,-2.11611,-22.7764,-3.47404,-3.57737,0.527,0.526124,-0.0908984,33.9947,0.449869,0.161046,-0.0860442,-0.178735,0.36021,0.389864,-0.0899738,0,0,0,-0.0322091,0,1899,1381,1455,1791
5.64238e+08,-0.024086,-0.567893,9.49762,-3.42182,-17.1114,-0.0534021,-16.899,-0.145043,-9.37922,-2.40202,-9.557,-6.54275,-6.44855,0.527,0.525961,-0.087728,34.0506,0.4484,0.15696,-0.0734409,-0.204281,0.409729,0.497184,-0.08968,0,0,0,-0.031392,0,1661,1296,1715,1846
5.64259e+08,-0.924312,-0.531767,10.5526,-2.87382,-30.6534,-0.589169,-30.4899,-4.9995,2.97192,-2.40966,2.93067,-5.15343,-5.17536,0.523,0.522917,-0.0933553,34.0212,0.446547,0.152401,-0.0926496,-0.227946,0.331171,0.597566,-0.0893094,0,0,0,-0.0304802,0,1471,1297,1914,1877
5.6428e+08,-0.596938,-1.39398,9.37095,-8.44414,-14.6229,-1.06725,-14.6027,-3.6053,13.0635,-2.3007,13.0793,-3.82519,-3.94493,0.523,0.521967,-0.0903384,33.9976,0.444097,0.147892,-0.122516,-0.225466,0.209111,0.593031,-0.0888193,0,0,0,-0.0295783,0,1496,1483,1876,1699
5.64301e+08,1.71192,-0.72444,7.81729,-5.17268,15.4382,-1.08621,11.6776,12.3012,17.3383,-2.11609,8.68863,-3.93206,-3.39443,0.523,0.521962,-0.0756879,33.9888,0.441384,0.143633,-0.135629,-0.212912,0.153911,0.547783,-0.0882768,0,0,0,-0.0287267,0,1696,1632,1645,1529
5.64322e+08,-0.355892,-0.941197,8.83252,-6.07762,26.2016,-0.732712,26.2854,-2.29442,-0.539527,-1.78962,-0.52578,-4.2374,-4.24139,0.52,0.519589,-0.0853554,33.9624,0.436315,0.136419,-0.118436,-0.173981,0.21808,0.400229,-0.087263,0,0,0,-0.0272838,0,1886,1689,1489,1490
5.64343e+08,0.181034,0.275051,9.47742,1.66205,27.5298,-0.233581,27.4177,1.09385,-15.9288,-1.93513,-15.8552,-4.0542,-4.00428,0.52,0.519195,-0.0775751,33.98,0.43436,0.132833,-0.0977528,-0.17929,0.299366,0.425799,-0.086872,0,0,0,-0.0265666,0,2005,1586,1356,1583
5.64364e+08,-0.618725,-0.327052,10.1847,-1.83588,-3.76791,-0.0182955,-3.57432,-3.4747,-20.6311,-2.29975,-20.6575,-2.06946,-2.13884,0.52,0.519118,-0.0709326,34.0035,0.432562,0.128696,-0.0899094,-0.206854,0.32935,0.541331,-0.0865123,0,0,0,-0.0257392,0,1811,1330,1522,1843
5.64385e+08,-0.444403,-0.36077,10.0325,-2.05746,-25.7221,-0.262945,-16.9351,-2.5347,-9.01281,-2.6314,-11.3392,-2.80229,-3.70919,0.516,0.515642,-0.075285,33.9712,0.430843,0.124348,-0.0859123,-0.217389,0.344005,0.588833,-0.0861687,0,0,0,-0.0248697,0,1667,1296,1699,1883
5.64406e+08,-0.950945,0.788044,11.5424,3.89258,-16.5313,-0.891479,-16.7899,-4.6989,9.07879,-2.69524,9.1202,-2.43588,-2.44812,0.516,0.514952,-0.061388,33.9682,0.428775,0.119995,-0.103434,-0.21769,0.271908,0.595311,-0.0857549,0,0,0,-0.0239989,0,1498,1429,1836,1740
5.64426e+08,-0.797904,0.000492326,10.995,0.00255883,-0.16486,-1.24446,-0.32411,-4.15068,20.6971,-2.37722,20.661,-1.44351,-1.50336,0.516,0.514989,-0.0571858,33.9653,0.426245,0.115856,-0.126461,-0.206913,0.177148,0.557089,-0.0852491,0,0,0,-0.0231713,0,1516,1631,1803,1540
5.64446e+08,-0.640279,-0.100661,10.3441,-0.556476,27.6825,-1.07749,27.3291,-3.5418,11.5826,-2.01673,11.6794,0.281682,0.159114,0.514,0.513348,-0.0556536,33.9506,0.423762,0.112266,-0.124151,-0.179518,0.184058,0.451535,-0.0847525,0,0,0,-0.0224532,0,1769,1780,1537,1408
5.64466e+08,0.544258,-0.702764,8.22195,-4.87482,28.7206,-0.726163,28.6248,3.77349,-2.26472,-1.80615,-2.22548,-0.558013,-0.599776,0.514,0.51331,-0.0551888,33.9035,0.421527,0.108917,-0.111754,-0.16743,0.231734,0.407076,-0.0843055,0,0,0,-0.0217835,0,1884,1694,1429,1487
5.64487e+08,-0.0603789,1.14208,10.3765,6.28084,12.9496,-0.438238,12.8692,-0.331389,-17.0433,-2.00824,-17.0658,-3.47404,-3.36182,0.514,0.513311,-0.052911,33.93,0.419822,0.105592,-0.0852448,-0.166281,0.336677,0.406466,-0.0839645,0,0,0,-0.0211184,0,1895,1462,1438,1690
5.64508e+08,-0.417859,-1.36026,9.19753,-8.40418,-19.2946,-0.514649,-18.832,-2.5733,-19.2724,-2.41461,-19.2807,-2.51221,-2.47563,0.511,0.51047,-0.0625029,33.9271,0.418265,0.101893,-0.0778833,-0.184927,0.365006,0.485725,-0.0836529,0,0,0,-0.0203786,0,1698,1230,1653,1956
5.64529e+08,0.309958,0.344895,8.83638,2.23382,-9.66104,-0.814483,-13.8294,2.00744,-2.34105,-2.71397,-9.42608,-3.1229,-2.43036,0.511,0.510033,-0.0632266,33.9624,0.416368,0.097908,-0.0948547,-0.199261,0.295311,0.548059,-0.0832735,0,0,0,-0.0195816,0,1663,1329,1691,1859
5.6455e+08,-0.286943,0.132955,9.41587,0.808606,-7.84425,-1.1994,-14.4581,-1.74534,15.7811,-2.61504,9.97039,-3.22977,-1.87855,0.511,0.509912,-0.064427,33.9447,0.413999,0.0940307,-0.11844,-0.193865,0.19849,0.531134,-0.0827998,0,0,0,-0.0188061,0,1512,1464,1839,1732
5.64571e+08,-1.78171,0.0558858,10.4736,0.301391,8.7359,-1.3494,8.55282,-9.65431,18.0712,-2.19958,18.2648,-1.91679,-1.87024,0.511,0.509992,-0.0633104,33.8888,0.411321,0.090562,-0.133883,-0.173436,0.133932,0.453404,-0.0822642,0,0,0,-0.0181124,0,1608,1691,1740,1503
5.64592e+08,0.069475,-2.13336,8.22719,-14.5365,8.33896,-1.14104,8.79117,0.468338,19.4757,-1.78768,19.4687,-2.97023,-2.95126,0.511,0.510154,-0.0668056,33.9212,0.408646,0.0876116,-0.133751,-0.147519,0.131838,0.353016,-0.0817292,0,0,0,-0.0175223,0,1608,1708,1756,1481
5.64613e+08,-0.349097,0.38343,9.67512,2.268,16.568,-0.749764,11.5146,-2.06483,-8.61586,-1.49047,0.578201,-3.93206,-2.98817,0.506,0.508495,-0.0621588,33.9153,0.406373,0.084688,-0.113636,-0.146182,0.210395,0.351184,-0.0812747,0,0,0,-0.0169376,0,1763,1600,1600,1587
5.64634e+08,1.13882,-0.661821,8.55627,-4.38447,-0.745012,-0.498515,-0.716137,7.55905,-18.4021,-1.6975,-18.6008,-2.66488,-2.7436,0.506,0.505514,-0.0704751,33.8888,0.40445,0.0815155,-0.0961822,-0.158621,0.278713,0.404924,-0.08089,0,0,0,-0.0163031,0,1830,1389,1555,1824
5.64655e+08,0.159993,-1.34099,8.60588,-8.85527,-15.8748,-0.774238,-15.6466,1.05237,-22.8449,-2.24695,-22.9403,-4.55801,-4.56811,0.506,0.505184,-0.0663726,33.8888,0.40287,0.0781044,-0.0789821,-0.170556,0.346445,0.456947,-0.080574,0,0,0,-0.0156209,0,1763,1228,1632,1962
5.64676e+08,-0.609158,-0.384854,9.67648,-2.27308,-20.3939,-1.08473,-20.0557,-3.59931,-5.98991,-2.59281,-6.0975,-3.88626,-3.88167,0.505,0.504385,-0.0677965,33.9065,0.401334,0.0746487,-0.0768037,-0.172788,0.353981,0.47012,-0.0802668,0,0,0,-0.0149297,0,1613,1314,1783,1889
5.64697e+08,0.219131,0.665215,10.2449,3.71423,4.82751,-1.14545,-0.46522,1.22276,20.6818,-2.55564,8.64262,-3.64198,-1.97223,0.505,0.503988,-0.0620611,33.8712,0.399177,0.0713656,-0.107838,-0.164155,0.227524,0.4395,-0.0798355,0,0,0,-0.0142731,0,1632,1564,1738,1647
5.64718e+08,0.441332,0.190757,9.22539,1.18321,24.2626,-0.916262,24.0253,2.73829,20.8651,-2.00821,20.7412,-1.88626,-1.87631,0.505,0.504154,-0.0573528,33.9035,0.396795,0.068467,-0.119095,-0.14493,0.180103,0.365922,-0.0793591,0,0,0,-0.0136934,0,1711,1832,1649,1371
5.64739e+08,-1.0198,-0.630512,9.62659,-3.72655,13.9878,-0.625957,14.0549,-6.03428,0.529176,-1.84891,0.700298,-1.90152,-1.88552,0.501,0.501332,-0.054221,33.8829,0.394303,0.0656893,-0.124643,-0.138882,0.155431,0.345047,-0.0788605,0,0,0,-0.0131379,0,1786,1627,1577,1580
5.6476e+08,-1.61024,1.68638,11.2761,8.42153,7.69774,-0.381444,7.46711,-8.0387,-15.6235,-1.98736,-15.5009,-2.06946,-1.99936,0.501,0.500458,-0.0450419,33.8476,0.392184,0.0629623,-0.105939,-0.13635,0.228494,0.338215,-0.0784367,0,0,0,-0.0125925,0,1855,1458,1497,1735
5.64781e+08,0.386538,-0.264433,9.68531,-1.56269,-17.6305,-0.455617,-14.4849,2.2846,-18.8754,-2.39381,-23.2629,-1.27557,-0.930406,0.501,0.500327,-0.039101,33.8653,0.390483,0.0599716,-0.0850601,-0.149539,0.310806,0.394773,-0.0780965,0,0,0,-0.0119943,0,1749,1239,1584,1954
5.64802e+08,-0.0862247,-0.370403,9.10386,-2.32977,-21.5389,-0.864473,-21.3146,-0.542196,-5.51663,-2.70949,-5.66615,-1.39771,-1.34597,0.502,0.500999,-0.0399725,33.8741,0.387372,0.0539593,-0.0840418,-0.1494,0.312393,0.401588,-0.0774744,0,0,0,-0.0107919,0,1576,1304,1761,1885
5.64822e+08,-0.647689,0.788044,10.4144,4.31893,-0.500737,-1.05783,-0.676075,-3.54862,10.1475,-2.69245,10.1123,-1.50458,-1.40104,0.502,0.501081,-0.0345726,33.8682,0.385539,0.0512584,-0.0916403,-0.135045,0.280314,0.347328,-0.0771078,0,0,0,-0.0102517,0,1603,1557,1724,1622
5.64842e+08,-1.35476,1.749,12.3634,8.00467,19.5451,-1.02183,19.1403,-6.19223,18.7276,-2.31513,18.8416,0.754964,0.758974,0.502,0.501214,-0.0277489,33.83,0.383563,0.0490739,-0.0988082,-0.109225,0.249778,0.246434,-0.0767126,0,0,0,-0.00981479,0,1663,1770,1633,1416
5.64863e+08,-0.953184,0.253376,9.88199,1.46197,19.3924,-0.669638,19.3503,-5.50772,18.1017,-1.87461,18.1474,0.190079,0.167467,0.499,0.498919,-0.0326723,33.8359,0.38168,0.0470335,-0.094144,-0.102022,0.266811,0.220032,-0.076336,0,0,0,-0.0094067,0,1680,1783,1638,1414
5.64883e+08,1.63103,-1.79618,7.72779,-12.8124,8.70537,-0.552715,8.85227,11.617,5.97956,-1.43601,5.92237,0.0526743,0.05463,0.499,0.498569,-0.0431175,33.8241,0.380066,0.0450387,-0.0807254,-0.099738,0.319291,0.213302,-0.0760131,0,0,0,-0.00900774,0,1699,1637,1639,1578
5.64904e+08,-0.373321,1.62858,10.8168,8.55717,2.29316,-0.645017,1.94909,-1.95466,-13.6846,-1.26218,-13.6656,-2.66488,-2.60769,0.499,0.498473,-0.0553474,33.8212,0.37885,0.0427113,-0.0607694,-0.116373,0.398491,0.282876,-0.07577,0,0,0,-0.00854225,0,1808,1446,1574,1766
5.64925e+08,-0.518763,0.848254,9.75436,4.96305,-6.19539,-0.992229,-21.6005,-3.03285,-19.3029,-1.64096,-21.2454,-2.32901,-3.3424,0.498,0.497521,-0.0601307,33.8241,0.377705,0.04035,-0.057244,-0.118065,0.41188,0.292562,-0.0755411,0,0,0,-0.00806999,0,1704,1218,1697,1999
5.64946e+08,-1.09167,0.224475,10.4471,1.22425,-5.69158,-1.32147,-5.81569,-5.9641,-6.96701,-2.05916,-7.00686,-2.90916,-2.96099,0.498,0.497199,-0.0552236,33.7947,0.376287,0.0379978,-0.0709128,-0.117607,0.355961,0.293624,-0.0752574,0,0,0,-0.00759956,0,1710,1420,1680,1793
5.64967e+08,-0.289348,0.195574,10.4488,1.07189,11.2092,-1.30974,11.13,-1.58596,13.6284,-1.94801,13.5227,-2.87862,-2.8801,0.498,0.497133,-0.0632266,33.8006,0.374863,0.0361761,-0.0711946,-0.0910862,0.353723,0.189485,-0.0749726,0,0,0,-0.00723522,0,1691,1696,1712,1531
5.64988e+08,0.367727,-1.31209,8.81706,-8.457,6.76644,-1.03262,7.18424,2.36223,22.0101,-1.58243,21.9053,-2.39007,-2.4206,0.497,0.496323,-0.0682067,33.7976,0.373312,0.0346909,-0.0775453,-0.074258,0.326982,0.1238,-0.0746624,0,0,0,-0.00693819,0,1607,1746,1804,1497
5.65009e+08,-0.251036,-0.189772,9.68836,-1.12177,8.20155,-0.957196,14.8343,-1.48398,9.85742,-1.14614,10.9644,-3.71832,-3.96925,0.497,0.496323,-0.0676458,33.8065,0.371595,0.0331728,-0.0858806,-0.0759069,0.292067,0.132266,-0.0743189,0,0,0,-0.00663456,0,1741,1722,1684,1507
5.6503e+08,0.40334,-0.577527,8.65913,-3.81161,1.36186,-0.776247,-0.826284,2.66099,-8.8296,-1.13579,-6.26159,-3.13817,-4.56689,0.493,0.496401,-0.0603968,33.8359,0.37009,0.031542,-0.0752282,-0.0815405,0.333573,0.156859,-0.074018,0,0,0,-0.0063084,0,1750,1480,1667,1729
5.65051e+08,-1.07513,0.833803,11.0749,4.28548,-9.27936,-0.953485,-9.43378,-5.52922,-22.1426,-1.38316,-22.0368,-4.71068,-4.69057,0.493,0.492572,-0.0707949,33.7829,0.368942,0.0297612,-0.0573808,-0.0890382,0.404384,0.18912,-0.0737885,0,0,0,-0.00595224,0,1819,1315,1631,1925
5.65072e+08,-0.962744,0.282277,11.062,1.45623,-4.74501,-1.19571,-4.87628,-4.97238,-15.2266,-1.76669,-15.2366,-3.97786,-3.9759,0.493,0.492254,-0.0637964,33.7918,0.368114,0.0279699,-0.0413996,-0.0895667,0.468111,0.193447,-0.0736229,0,0,0,-0.00559398,0,1796,1384,1635,1850
5.65093e+08,0.131349,-1.37953,8.18798,-9.56229,-1.82898,-1.17332,15.047,0.906273,6.02536,-1.99506,-2.31083,-4.1916,-2.68671,0.493,0.492181,-0.0579937,33.7329,0.366943,0.0265595,-0.0585814,-0.0705183,0.398395,0.118778,-0.0733886,0,0,0,-0.0053119,0,1839,1618,1571,1618
5.65114e+08,0.214589,-0.175322,9.51941,-1.05485,11.713,-1.02082,11.7085,1.29114,12.0406,-1.8585,12.0044,-1.58091,-1.66394,0.493,0.492244,-0.053955,33.78,0.365463,0.0253947,-0.0740072,-0.0582388,0.335332,0.0709502,-0.0730925,0,0,0,-0.00507895,0,1706,1702,1689,1536
5.65135e+08,-0.026755,0.44364,10.3183,2.46192,-0.027455,-0.913333,0.0674883,-0.148428,13.8422,-1.65565,13.8122,-3.1229,-3.06822,0.493,0.49237,-0.0445586,33.7653,0.363804,0.0245063,-0.0829566,-0.0444208,0.298014,0.0166054,-0.0727607,0,0,0,-0.00490127,0,1608,1623,1784,1587
5.65156e+08,-1.94151,-0.616062,11.2229,-3.09611,-5.95112,-0.955064,-5.84967,-9.8003,-2.6922,-1.47852,-2.46791,-3.01603,-3.06676,0.49,0.491357,-0.0439866,33.7359,0.36236,0.0236515,-0.0721678,-0.0427411,0.340129,0.0109028,-0.072472,0,0,0,-0.0047303,0,1680,1468,1714,1744
5.65177e+08,1.05528,-0.801509,9.31824,-4.88513,-11.7374,-0.983445,-2.29139,6.4376,-2.95174,-1.62806,-14.6491,-3.64198,-3.22318,0.49,0.489632,-0.0457554,33.7682,0.36117,0.0228503,-0.0595108,-0.040058,0.390055,0.00110963,-0.072234,0,0,0,-0.00457007,0,1799,1407,1604,1812
5.65198e+08,-0.31293,-0.871353,8.88245,-5.59924,-15.7832,-1.17474,-15.4143,-2.00807,-7.7151,-1.85829,-7.80532,-2.71068,-2.72028,0.49,0.489352,-0.0494111,33.7359,0.360248,0.0219978,-0.0460817,-0.0426259,0.443414,0.0124428,-0.0720497,0,0,0,-0.00439957,0,1660,1362,1747,1869
5.65219e+08,0.252934,-0.676272,8.36232,-4.62142,0.934377,-1.21291,0.949114,1.72685,-4.40212,-2.04187,-4.41671,-1.90152,-1.95872,0.493,0.49111,-0.0373122,33.73,0.359332,0.0212382,-0.0458093,-0.0379808,0.44401,-0.0052687,-0.0718664,0,0,0,-0.00424764,0,1738,1490,1636,1721
5.6524e+08,-0.485186,0.318403,9.7796,1.86248,4.36949,-1.03572,4.44105,-2.83873,5.88795,-1.98301,5.91758,-1.56565,-1.50717,0.493,0.492233,-0.0348682,33.7271,0.358463,0.0206813,-0.0434393,-0.0278467,0.453078,-0.0452494,-0.0716927,0,0,0,-0.00413625,0,1686,1590,1677,1618
5.65261e+08,0.300672,-0.608836,8.76363,-3.9718,8.6901,-0.898035,10.9209,1.96027,10.3307,-1.75353,11.7187,-1.94733,0.285224,0.493,0.492404,-0.0343288,33.7094,0.35734,0.020452,-0.0561841,-0.0114651,0.401201,-0.1107,-0.0714679,0,0,0,-0.00409039,0,1680,1691,1664,1531
5.65282e+08,1.18187,-0.917113,8.39675,-6.17291,-14.0427,-0.876592,-13.6081,7.96518,9.97956,-1.38084,9.82162,-2.03893,-1.9591,0.489,0.489502,-0.0492165,33.7006,0.355036,0.0202505,-0.0549712,-0.00598081,0.404466,-0.132554,-0.0710072,0,0,0,-0.00405011,0,1543,1516,1857,1722
5.65303e+08,-1.00316,-0.341502,10.2515,-1.8989,-20.1496,-1.06692,-19.8747,-5.58585,-3.83724,-1.38376,-3.7744,-1.65725,-1.62664,0.489,0.48856,-0.0468646,33.7065,0.354064,0.0199754,-0.0486156,-0.0137561,0.429379,-0.101059,-0.0708127,0,0,0,-0.00399509,0,1590,1372,1805,1866
5.65324e+08,-0.726262,-0.0260002,10.0903,-0.147256,-7.05036,-1.35008,-7.12147,-4.11683,-9.73037,-1.59871,-9.69142,-3.62672,-3.51188,0.489,0.488398,-0.0431717,33.7124,0.353455,0.0198955,-0.0304528,0,0.502105,-0.156203,-0.0706909,0,0,0,-0.00397911,0,1729,1403,1677,1813
5.65345e+08,0.510883,-0.900254,9.63195,-5.33221,2.5985,-1.40869,2.45866,3.023,-2.8754,-1.80122,-12.1894,-0.512211,-1.52192,0.49,0.489092,-0.0396079,33.7124,0.352935,0.0202013,-0.026,0.0152871,0.519956,-0.217938,-0.0705869,0,0,0,-0.00404025,0,1805,1455,1575,1770
5.65366e+08,-0.767061,0.715791,11.1338,3.66981,18.7359,-1.26366,18.3197,-3.93307,-1.16548,-2.01851,-1.1406,0.861835,0.798985,0.49,0.489311,-0.0323345,33.6859,0.352279,0.0207543,-0.0327785,0.0276526,0.492589,-0.268267,-0.0704558,0,0,0,-0.00415086,0,1827,1650,1519,1582
5.65387e+08,-1.18246,0.393064,10.6588,2.09907,10.6901,-1.06823,10.6244,-6.32609,6.43757,-2.03418,6.42782,0.220613,0.27404,0.49,0.489384,-0.0256115,33.68,0.351639,0.0214252,-0.0320025,0.0335457,0.495539,-0.292788,-0.0703278,0,0,0,-0.00428505,0,1719,1644,1622,1573
5.65408e+08,-0.241227,-1.1146,9.31886,-6.81833,-5.58471,-1.02743,-5.46247,-1.47233,8.84979,-1.89286,8.85837,3.25878,3.2696,0.491,0.490333,-0.018847,33.6565,0.350937,0.0221495,-0.0350783,0.0362156,0.482962,-0.30445,-0.0701875,0,0,0,-0.00442991,0,1565,1555,1733,1673
5.6543e+08,-2.20697,0.850662,11.7787,4.06035,-9.72211,-1.0673,-9.80785,-10.5855,-2.738,-1.85079,-2.58543,3.44199,3.39176,0.491,0.490563,-0.00888715,33.6241,0.350239,0.0227412,-0.0348966,0.0295851,0.483453,-0.278644,-0.0700479,0,0,0,-0.00454825,0,1604,1434,1674,1777
5.6545e+08,0.651649,-0.483599,9.21938,-2.99521,-19.8442,-1.23527,-19.5909,4.03755,5.262,-1.86186,5.09799,1.82367,1.92721,0.491,0.490545,-0.0145981,33.6418,0.349597,0.023313,-0.0321319,0.0285883,0.494373,-0.275409,-0.0699194,0,0,0,-0.0046626,0,1489,1415,1812,1793
5.6547e+08,1.39669,-0.61847,7.756,-4.48729,-6.57707,-1.38694,-6.40948,10.1767,11.2162,-1.72647,10.9312,2.6939,2.75195,0.493,0.492342,-0.0134206,33.6535,0.348972,0.0241353,-0.0312322,0.0411154,0.497833,-0.326733,-0.0697944,0,0,0,-0.00482706,0,1531,1551,1755,1657
5.6549e+08,-0.143301,-1.20371,9.7365,-7.04691,0.247354,-1.34811,0.461615,-0.836845,10.1322,-1.68044,10.035,3.42672,3.4236,0.493,0.492559,-0.00870959,33.6682,0.348345,0.0252436,-0.0313776,0.0554136,0.497098,-0.385522,-0.0696689,0,0,0,-0.00504872,0,1580,1594,1692,1612
5.6551e+08,-0.456499,0.200391,9.22619,1.24274,13.2092,-1.17537,13.1225,-2.83194,6.42231,-1.64776,6.40368,3.01451,3.03294,0.493,0.49262,-0.00785547,33.6476,0.347657,0.0264942,-0.0343598,0.0625298,0.484908,-0.415688,-0.0695315,0,0,0,-0.00529884,0,1698,1659,1575,1542
5.6553e+08,-0.141381,0.477358,8.78712,3.10912,9.98781,-0.938454,9.82392,-0.920426,-1.40976,-1.62001,-1.31761,4.60229,4.58907,0.494,0.493582,-0.00645135,33.6829,0.346958,0.0277756,-0.0349872,0.0640681,0.482146,-0.423524,-0.0693915,0,0,0,-0.00555511,0,1723,1588,1531,1621
5.65551e+08,-1.07516,0.968675,10.8757,5.06523,-5.23356,-1.08267,-5.32392,-5.62377,-2.90594,-1.67535,-2.79632,3.9,3.93653,0.494,0.49365,-0.00569718,33.6329,0.346559,0.0290785,-0.0199497,0.0651477,0.54259,-0.429549,-0.0693117,0,0,0,-0.0058157,0,1627,1463,1630,1739
5.65572e+08,-1.72226,0.942182,11.0543,4.81389,-4.57707,-1.15524,-4.76044,-8.82404,-5.11968,-1.71651,-4.99406,3.93054,3.9053,0.494,0.49364,-0.00464023,33.6535,0.346211,0.0303874,-0.0173741,0.0654449,0.553116,-0.432447,-0.0692422,0,0,0,-0.00607748,0,1645,1448,1610,1751
5.65593e+08,-0.705198,1.50816,10.0975,8.47457,-9.08089,-1.46649,-15.05,-3.95131,0.529176,-1.74433,1.05133,2.11374,5.51761,0.496,0.495399,-0.00374091,33.63,0.345913,0.0317685,-0.0148987,0.0690565,0.563303,-0.448731,-0.0691826,0,0,0,-0.00635371,0,1516,1418,1719,1789
5.65614e+08,-1.69355,0.756734,11.1252,3.84709,6.20155,-1.5458,5.81334,-8.63589,-0.417389,-1.79574,-0.223487,6.40382,6.26622,0.496,0.495547,-0.00157729,33.6359,0.34562,0.0331936,-0.0146614,0.0712511,0.564519,-0.45939,-0.069124,0,0,0,-0.00663871,0,1666,1556,1555,1652
5.65634e+08,0.876005,-0.11752,8.01367,-0.835204,9.6672,-1.55507,3.57733,6.23779,11.2009,-1.61537,6.28458,3.9,4.23438,0.498,0.495563,-0.00326691,33.6006,0.345273,0.0349557,-0.017366,0.0881072,0.553867,-0.52928,-0.0690545,0,0,0,-0.00699114,0,1614,1583,1630,1611
5.65655e+08,-0.110393,0.67244,9.54479,4.02962,12.4153,-1.28989,12.2689,-0.661003,7.12459,-1.19219,7.11692,4.19008,4.24206,0.498,0.497534,-0.00999354,33.6153,0.344907,0.0368988,-0.0182591,0.0971553,0.550457,-0.568086,-0.0689815,0,0,0,-0.00737976,0,1670,1662,1578,1536
5.65676e+08,0.599175,-0.693131,8.62554,-4.5833,1.28552,-1.08118,5.47134,3.96096,0.407038,-1.25103,-2.36701,6.19008,4.65338,0.498,0.497708,-0.00750201,33.5859,0.344593,0.0389376,-0.0157056,0.10194,0.560934,-0.589919,-0.0689187,0,0,0,-0.00778752,0,1689,1548,1551,1650
5.65697e+08,-0.392257,1.02648,9.7664,5.99512,1.80461,-1.10475,-17.7525,-2.2874,-5.36395,-1.24359,-5.65977,4.46489,5.26056,0.499,0.498064,-0.0149947,33.5976,0.344296,0.0408342,-0.0148626,0.0948284,0.564572,-0.563861,-0.0688592,0,0,0,-0.00816684,0,1550,1368,1696,1848
5.65718e+08,0.109555,-0.288517,8.97087,-1.84195,-15.9817,-1.30488,-15.93,0.69932,-2.67693,-1.41405,-2.73034,4.64809,4.64927,0.499,0.498597,-0.0149577,33.5888,0.344119,0.0426483,-0.00884299,0.090704,0.589123,-0.549684,-0.0688239,0,0,0,-0.00852965,0,1543,1393,1706,1816
5.65738e+08,-1.29224,0.205207,9.99379,1.16661,-13.7221,-1.50135,-13.7202,-7.3662,0.712382,-1.62509,0.757079,3.41145,3.48697,0.499,0.498576,-0.010356,33.5594,0.342743,0.0445412,0,0.0946475,0.624114,-0.567968,-0.0685486,0,0,0,-0.00890824,0,1536,1419,1715,1772
5.65758e+08,-0.812283,0.18594,9.32619,1.13787,3.19392,-1.55489,3.05332,-4.97674,5.97956,-1.5873,6.0613,4.64809,4.68677,0.5,0.499144,-0.0112034,33.6124,0.34234,0.046532,-0.020154,0.0995402,0.543401,-0.590186,-0.0684679,0,0,0,-0.0093064,0,1610,1582,1630,1619
5.65779e+08,-0.49449,-0.570302,9.42442,-3.45818,5.89621,-1.43549,5.82181,-2.99802,11.6131,-1.45762,11.6222,5.28932,5.29282,0.5,0.499538,-0.0141484,33.5535,0.341839,0.0489452,-0.025039,0.120658,0.523805,-0.678014,-0.0683678,0,0,0,-0.00978903,0,1589,1650,1648,1559
5.658e+08,-2.57507,2.20419,11.869,10.2865,21.6214,-1.12324,21.3199,-12.0413,-0.417389,-1.38051,-0.15162,6.25115,6.20529,0.5,0.499634,-0.0100282,33.5771,0.341197,0.0514349,-0.032099,0.124485,0.495306,-0.696597,-0.0682394,0,0,0,-0.010287,0,1779,1683,1444,1528
5.65821e+08,0.772999,1.06501,8.65907,6.98431,2.5069,-0.949207,7.35703,5.06334,1.33834,-1.20798,-0.412993,2.77023,4.24926,0.502,0.500896,-0.012371,33.5506,0.340734,0.053913,-0.0231694,0.123907,0.53116,-0.697502,-0.0681467,0,0,0,-0.0107826,0,1691,1578,1549,1616
5.65842e+08,-2.01581,0.400289,10.1942,2.20598,-12.3786,-0.944669,-12.5183,-11.1771,-16.4327,-1.43884,-16.1071,6.81603,6.73203,0.502,0.501649,-0.0136344,33.5124,0.339946,0.0582815,-0.0182311,0.101342,0.551221,-0.612717,-0.0679892,0,0,0,-0.0116563,0,1651,1331,1565,1884
5.65863e+08,0.963984,1.21674,8.62116,7.98423,-13.2336,-1.26031,-13.5484,6.31799,-0.24945,-1.50972,-0.42911,4.8771,4.95332,0.502,0.501602,-0.0196222,33.5594,0.339321,0.0602514,-0.0312448,0.0984944,0.498861,-0.603888,-0.0678643,0,0,0,-0.0120503,0,1541,1427,1700,1781
5.65884e+08,-0.057894,0.79286,9.96043,4.55113,-6.68394,-1.46064,-6.89685,-0.331972,8.3765,-1.46772,8.28965,5.82367,5.86723,0.503,0.502276,-0.0211327,33.5241,0.338563,0.0626728,-0.0379359,0.12107,0.471689,-0.6976,-0.0677125,0,0,0,-0.0125346,0,1521,1541,1714,1678
5.65905e+08,-0.257962,-1.04476,9.01034,-6.61129,7.80461,-1.43112,8.7935,-1.629,11.3536,-1.37319,14.2258,7.07558,5.2161,0.503,0.50249,-0.0242295,33.5329,0.337552,0.0653648,-0.0505364,0.134598,0.420498,-0.755369,-0.0675104,0,0,0,-0.013073,0,1594,1697,1650,1520
5.65926e+08,-0.157877,-0.310193,8.66242,-2.05049,19.8351,-1.23437,19.6807,-1.04346,4.45284,-1.1171,4.59233,5.671,5.57843,0.503,0.502551,-0.0334712,33.4918,0.33644,0.0681332,-0.0555695,0.138422,0.399527,-0.774321,-0.0672881,0,0,0,-0.0136266,0,1746,1723,1511,1515
5.65947e+08,0.147716,-0.127154,9.32723,-0.780939,12.0336,-0.944512,11.9635,0.907237,2.95666,-1.1145,2.83797,5.22825,5.14492,0.501,0.500883,-0.0419821,33.4859,0.335629,0.0708561,-0.0405648,0.136145,0.459299,-0.768751,-0.0671258,0,0,0,-0.0141712,0,1719,1666,1561,1587
5.65968e+08,-1.60309,1.72973,10.6209,9.14819,0.140484,-0.946511,-0.11005,-8.47326,-13.5624,-1.15752,-13.3879,2.98397,2.95179,0.501,0.500537,-0.0490908,33.5035,0.334809,0.0733237,-0.041006,0.123376,0.45711,-0.720784,-0.0669618,0,0,0,-0.0146647,0,1765,1460,1548,1786
5.65989e+08,-1.16555,-0.276475,10.2446,-1.53599,-15.2488,-1.24926,-14.873,-6.48845,-8.55479,-1.195,-5.98242,2.54122,-0.401994,0.501,0.500431,-0.0546231,33.5065,0.333858,0.0755943,-0.0475475,0.113531,0.430287,-0.684296,-0.0667716,0,0,0,-0.0151189,0,1623,1393,1729,1833
5.6601e+08,-2.1474,1.31067,10.7181,6.8373,0.796973,-1.39796,0.705516,-11.2478,-2.11205,-1.55989,-2.12525,0.770232,0.773241,0.504,0.503043,-0.0421076,33.48,0.332807,0.0778613,-0.0525467,0.113354,0.409522,-0.686588,-0.0665614,0,0,0,-0.0155723,0,1688,1515,1623,1691
5.66031e+08,0.267107,-0.124745,8.95438,-0.797792,4.20155,-1.59515,4.03226,1.70845,11.8727,-1.28454,11.8297,0.693896,0.647399,0.504,0.503323,-0.045377,33.4947,0.331638,0.0803159,-0.0584599,0.122728,0.38494,-0.727427,-0.0663276,0,0,0,-0.0160632,0,1610,1643,1708,1569
5.66052e+08,-1.85795,-0.553443,11.2775,-2.77222,4.93438,-1.46662,9.45383,-9.34429,4.77345,-1.02987,17.6342,1.57939,-1.1225,0.504,0.503406,-0.0481253,33.5035,0.330094,0.083055,-0.077207,0.136953,0.30841,-0.788084,-0.0660188,0,0,0,-0.016611,0,1616,1723,1723,1476
5.66073e+08,-0.458504,-1.17722,8.61143,-7.77347,5.51453,-1.25162,11.6229,-3.01972,-6.29525,-1.04234,3.74474,1.25878,-1.30245,0.502,0.501669,-0.045202,33.4535,0.328553,0.0857899,-0.0770415,0.136745,0.307734,-0.790853,-0.0657106,0,0,0,-0.017158,0,1734,1642,1606,1556
5.66094e+08,0.0807956,0.092012,9.50571,0.554567,4.06415,-1.14341,3.98429,0.486962,-7.98991,-1.24514,-8.09934,1.16718,1.0917,0.502,0.501457,-0.0505035,33.4888,0.327218,0.0884942,-0.0667323,0.135214,0.347999,-0.788285,-0.0654437,0,0,0,-0.0176988,0,1762,1517,1566,1712
5.66115e+08,-2.01856,1.70324,11.5329,8.27695,2.78171,-1.14873,2.35109,-9.82324,-17.9441,-1.54477,-17.7707,0.0526743,-0.05271,0.504,0.50211,-0.0478296,33.4682,0.32619,0.0909048,-0.0514339,0.12053,0.408658,-0.732598,-0.0652379,0,0,0,-0.018181,0,1826,1423,1507,1790
5.66136e+08,-0.0981894,-0.278884,9.37706,-1.70344,-12.0427,-1.45237,-12.0248,-0.59967,-4.43266,-1.68935,-4.50043,-0.298471,-0.300452,0.504,0.503176,-0.0479667,33.4565,0.324971,0.0933273,-0.0609458,0.121128,0.369568,-0.738221,-0.0649941,0,0,0,-0.0186655,0,1626,1407,1706,1800
5.66157e+08,-1.50733,0.857888,11.4362,4.25337,1.42293,-1.47776,-12.5813,-7.48772,5.33834,-1.79934,9.29138,1.07557,0.789709,0.504,0.503277,-0.0428936,33.4624,0.323303,0.0956994,-0.0833906,0.118606,0.278039,-0.731269,-0.0646606,0,0,0,-0.0191399,0,1514,1500,1798,1706
5.66178e+08,-1.81311,1.36125,11.2378,6.8193,5.94201,-1.40022,5.72716,-9.09976,9.94902,-1.6771,10.0956,1.73206,1.69579,0.498,0.499739,-0.0466151,33.48,0.321057,0.0981968,-0.112309,0.124869,0.159811,-0.759717,-0.0642113,0,0,0,-0.0196394,0,1642,1655,1681,1580
5.66199e+08,-1.43286,-0.738891,10.32,-4.05647,3.04125,-1.38314,3.05513,-7.88465,5.41467,-1.46204,5.48023,4.19008,4.19793,0.498,0.497573,-0.0506436,33.48,0.318667,0.100711,-0.119489,0.125723,0.12859,-0.766498,-0.0637334,0,0,0,-0.0201423,0,1649,1625,1666,1647
5.6622e+08,1.3203,-0.669047,9.00483,-4.2044,-4.62287,-1.27157,-4.35186,8.31872,4.92612,-1.335,4.69146,0.861835,0.951744,0.498,0.497399,-0.051137,33.4418,0.316346,0.103153,-0.116043,0.122104,0.140063,-0.755248,-0.0632692,0,0,0,-0.0206307,0,1617,1556,1729,1688
5.66241e+08,-0.365871,0.595371,10.2192,3.33216,5.05651,-1.16501,4.56577,-2.04698,-13.9899,-1.30826,-9.70008,1.44199,0.980175,0.497,0.496786,-0.0600925,33.4594,0.314421,0.105527,-0.0962471,0.11869,0.217609,-0.744743,-0.0628842,0,0,0,-0.0211054,0,1793,1526,1569,1735
5.66262e+08,0.696923,-0.139196,9.70187,-0.819872,-13.8595,-1.13408,-13.8429,4.1083,-9.19602,-1.64406,-9.32816,2.37328,2.34948,0.497,0.496334,-0.0601683,33.4418,0.310668,0.110102,-0.0963192,0.113982,0.213731,-0.732026,-0.0621335,0,0,0,-0.0220204,0,1659,1400,1693,1874
5.66282e+08,0.073788,-0.469148,9.16767,-2.92942,-21.5542,-1.35956,-21.2579,0.460545,2.22383,-1.86132,2.02111,2.19008,2.21874,0.497,0.496241,-0.0561886,33.4388,0.30804,0.11239,-0.131375,0.114396,0.070387,-0.736778,-0.061608,0,0,0,-0.0224779,0,1521,1421,1826,1847
5.66302e+08,0.214268,0.980717,9.71595,5.76246,0.827507,-1.57105,0.542998,1.25696,10.117,-1.76095,10.0279,2.05267,2.1208,0.496,0.495436,-0.0566638,33.3918,0.305457,0.114644,-0.129179,0.112734,0.0764984,-0.733162,-0.0610913,0,0,0,-0.0229289,0,1617,1633,1734,1638
5.66322e+08,-1.23257,0.29191,9.93927,1.66948,7.40766,-1.56151,7.33229,-7.06616,8.3765,-1.59756,8.53644,2.99924,3.00099,0.496,0.495226,-0.057671,33.4006,0.302805,0.117068,-0.13256,0.121175,0.0601489,-0.770287,-0.0605611,0,0,0,-0.0234136,0,1671,1679,1674,1602
5.66343e+08,-1.04856,-0.247574,10.2706,-1.37371,3.86567,-1.33391,4.22011,-5.82761,6.39177,-1.34393,6.43553,2.9229,2.96101,0.496,0.495281,-0.0599208,33.3947,0.30012,0.119469,-0.134259,0.12007,0.0504995,-0.769099,-0.060024,0,0,0,-0.0238939,0,1666,1650,1684,1635
5.66364e+08,-0.320222,-0.411346,9.59072,-2.45455,2.30842,-1.02668,2.49154,-1.91057,-5.37922,-1.30151,-5.32149,0.770232,0.887912,0.494,0.493873,-0.0615819,33.4182,0.297726,0.121833,-0.119731,0.118177,0.106294,-0.764712,-0.0595451,0,0,0,-0.0243666,0,1754,1552,1621,1722
5.66385e+08,-0.993668,-0.139196,10.7005,-0.742088,-11.8595,-1.01823,-4.20437,-5.30493,-19.3487,-1.37193,-13.7558,2.32748,1.13145,0.494,0.493353,-0.0790483,33.3682,0.29541,0.123863,-0.115778,0.101496,0.119772,-0.700596,-0.059082,0,0,0,-0.0247726,0,1781,1459,1622,1847
5.66406e+08,0.969425,-1.17722,7.63676,-8.69459,-26.2107,-1.30596,-25.8682,7.15097,-5.86777,-1.6869,-6.0759,-0.634349,-0.505255,0.494,0.49316,-0.0822398,33.3829,0.293101,0.125487,-0.115434,0.0812226,0.118781,-0.621561,-0.0586203,0,0,0,-0.0250974,0,1582,1347,1842,1951
5.66427e+08,-0.210502,0.022168,10.1635,0.124943,-14.2717,-1.60536,-14.2614,-1.18651,1.75055,-1.79259,1.6952,0.632827,0.51679,0.492,0.491372,-0.0776472,33.4035,0.290249,0.127023,-0.142599,0.0767941,0.00676541,-0.605969,-0.0580499,0,0,0,-0.0254046,0,1601,1485,1814,1822
5.66448e+08,-0.879481,1.4046,10.5224,7.57712,4.17102,-1.69739,3.87463,-4.73595,11.949,-1.67417,12.0227,-2.63435,-2.53284,0.492,0.491083,-0.0696772,33.3947,0.287162,0.128623,-0.154357,0.0799732,-0.043756,-0.620971,-0.0574325,0,0,0,-0.0257245,0,1660,1668,1769,1598
5.66469e+08,0.654276,-1.34099,7.52281,-10.07,7.94201,-1.55299,21.1878,4.89387,18.5139,-1.33655,12.578,-3.1229,-1.86412,0.492,0.491154,-0.0666847,33.3712,0.284089,0.130385,-0.153647,0.0881206,-0.0442625,-0.656109,-0.0568179,0,0,0,-0.026077,0,1772,1803,1647,1465
5.6649e+08,-0.361096,0.597779,10.1717,3.36123,16.3542,-1.41961,16.1729,-2.02965,-0.203649,-0.866629,-0.0662128,-2.83282,-2.81268,0.488,0.487578,-0.0875858,33.3976,0.281095,0.132201,-0.149723,0.0908002,-0.0317821,-0.669387,-0.056219,0,0,0,-0.0264402,0,1850,1705,1625,1602
5.66511e+08,-0.385054,0.88438,10.2766,4.91518,5.43819,-1.18094,5.34066,-2.13791,-12.6311,-0.961039,-12.6455,-4.57328,-4.48872,0.488,0.487255,-0.0854123,33.3947,0.278422,0.133881,-0.133619,0.0840142,0.0299474,-0.644534,-0.0556845,0,0,0,-0.0267763,0,1873,1529,1613,1759
5.66532e+08,-0.00487813,-0.946014,9.49937,-5.68717,-9.79845,-1.21351,-9.66078,-0.0292778,-21.364,-1.40812,-21.4597,-4.69542,-4.69676,0.488,0.487239,-0.0750292,33.3565,0.275919,0.135223,-0.125184,0.0671069,0.0611286,-0.578664,-0.0551838,0,0,0,-0.0270447,0,1826,1342,1644,1925
5.66553e+08,-0.129366,0.205207,10.0308,1.17188,-10.8671,-1.45941,-16.1498,-0.738742,-11.0281,-1.83668,-15.5326,-4.68015,-5.33771,0.484,0.483478,-0.0891631,33.38,0.273062,0.136249,-0.142818,0.0512905,-0.0126946,-0.516771,-0.0546125,0,0,0,-0.0272498,0,1760,1346,1754,1954
5.66574e+08,-0.759697,-0.0043245,10.6435,-0.0232204,0.232087,-1.71769,-0.10104,-4.08264,4.34597,-1.97441,4.3902,-3.68778,-3.75553,0.484,0.482941,-0.0847275,33.3388,0.269831,0.137124,-0.161555,0.0437407,-0.0914243,-0.487845,-0.0539663,0,0,0,-0.0274248,0,1720,1601,1774,1707
5.66595e+08,-0.803085,1.45758,11.4911,7.21162,11.9725,-1.6585,11.6196,-3.96607,19.4757,-1.69586,19.4254,-4.35954,-4.27066,0.484,0.482986,-0.0760753,33.3535,0.266302,0.138,-0.176451,0.0437993,-0.155127,-0.489438,-0.0532605,0,0,0,-0.0276,0,1688,1787,1797,1502
5.66616e+08,-0.644899,-0.659413,10.6519,-3.53596,8.52216,-1.47501,8.64984,-3.45804,15.1857,-1.30563,15.2501,-1.59618,-1.67347,0.483,0.482221,-0.0772057,33.33,0.262822,0.139018,-0.173999,0.0509161,-0.149197,-0.51952,-0.0525645,0,0,0,-0.0278037,0,1685,1758,1781,1559
5.66637e+08,1.38225,-0.204223,8.89156,-1.30014,0.0336138,-1.26875,14.4758,8.83399,5.1704,-1.14594,-5.47851,-5.32137,-2.32613,0.483,0.482258,-0.0717436,33.3476,0.259444,0.140127,-0.168925,0.0554179,-0.132629,-0.539229,-0.0518888,0,0,0,-0.0280253,0,1872,1649,1589,1652
5.66658e+08,-0.0834988,-1.58665,8.75528,-10.2713,-15.7984,-1.1329,6.33261,-0.537654,-16.7685,-1.15562,-16.3464,-5.04656,-5.7513,0.478,0.482316,-0.0682171,33.3506,0.25666,0.140891,-0.139207,0.0381996,-0.0164778,-0.471393,-0.0513319,0,0,0,-0.0281781,0,1907,1494,1580,1769
5.66679e+08,-0.738072,-0.490824,10.5953,-2.64592,-15.6,-1.61348,-15.5726,-3.98057,-21.5166,-1.62124,-21.4909,-7.36717,-7.31857,0.478,0.477413,-0.0842746,33.3212,0.254034,0.14123,-0.131282,0.0169723,0.0124644,-0.386943,-0.0508068,0,0,0,-0.028246,0,1816,1303,1729,1990
5.667e+08,0.0616908,0.0992373,9.15197,0.621235,-19.2336,-1.80195,-18.9756,0.386186,-5.21128,-1.87114,-5.31111,-7.48931,-7.37417,0.478,0.477005,-0.0827607,33.3182,0.251534,0.141462,-0.125003,0.0116014,0.034956,-0.365954,-0.0503068,0,0,0,-0.0282924,0,1678,1387,1868,1905
5.66721e+08,0.310079,-0.0910274,9.07548,-0.574324,6.44583,-1.66422,5.67169,1.95675,12.5139,-1.96249,8.78776,-5.65725,-6.6917,0.474,0.475552,-0.0742061,33.3447,0.248854,0.141631,-0.133997,0.00845266,-0.00403634,-0.353798,-0.0497708,0,0,0,-0.0283262,0,1747,1662,1782,1627
5.66742e+08,-1.27314,0.193165,10.3974,1.05645,21.7283,-1.38636,21.3907,-6.97981,13.5368,-1.62287,13.6129,-4.58855,-4.71274,0.474,0.473262,-0.0760039,33.2918,0.242449,0.142214,-0.158313,0.0184182,-0.108743,-0.395022,-0.0484898,0,0,0,-0.0284427,0,1819,1831,1703,1485
5.66763e+08,-1.18472,-0.0621264,11.3015,-0.313247,0.186285,-1.27147,0.3101,-5.98429,5.10933,-1.16097,5.25367,-6.55801,-6.57375,0.474,0.473218,-0.0775651,33.28,0.239394,0.141645,-0.152732,0,-0.089768,-0.320955,-0.0478789,0,0,0,-0.0283289,0,1734,1622,1809,1681
5.66784e+08,0.281646,-0.885804,8.85105,-5.7122,-6.83662,-1.20288,-6.6786,1.81352,-10.4785,-1.15772,-10.3999,-6.95496,-6.99946,0.472,0.472078,-0.0791414,33.3153,0.236709,0.141529,-0.134287,-0.00580566,-0.0187426,-0.297783,-0.0473417,0,0,0,-0.0283057,0,1802,1462,1751,1843
5.66805e+08,-0.912597,0.275051,10.3426,1.51748,1.36186,-1.21454,2.05684,-5.04076,-20.9975,-1.46826,-19.0523,-7.53511,-7.21541,0.472,0.471311,-0.0755787,33.3212,0.234309,0.141337,-0.119971,-0.00957038,0.0360808,-0.282702,-0.0468619,0,0,0,-0.0282674,0,1929,1454,1622,1845
5.66826e+08,-0.267808,0.0149428,10.1802,0.0840716,-1.95112,-1.30745,-2.03897,-1.50692,-14.9975,-1.86417,-15.0218,-8.45114,-8.43094,0.472,0.47118,-0.0648883,33.3241,0.231961,0.140934,-0.117425,-0.0201433,0.0437549,-0.240048,-0.0463922,0,0,0,-0.0281869,0,1872,1432,1673,1838
5.66847e+08,0.379325,-0.0862106,9.28911,-0.531294,-5.24883,-1.36623,-5.06367,2.3383,1.78108,-1.98909,1.61419,-8.83282,-8.68683,0.469,0.468931,-0.0629181,33.2888,0.229289,0.140564,-0.133597,-0.0185017,-0.0240524,-0.246423,-0.0458578,0,0,0,-0.0281129,0,1735,1528,1816,1743
5.66868e+08,-0.0193886,-0.286109,9.45295,-1.73362,11.4382,-1.30466,11.3746,-0.117463,9.93375,-1.83311,9.85362,-7.38244,-7.33675,0.469,0.468272,-0.0605319,33.2682,0.226448,0.140161,-0.14204,-0.0201571,-0.0610824,-0.239533,-0.0452896,0,0,0,-0.0280322,0,1786,1713,1753,1570
5.66889e+08,-1.56897,-0.731665,10.4508,-3.96055,11.7741,-0.999049,2.71528,-8.51752,5.42994,-1.56565,16.7205,-6.13053,-9.69654,0.469,0.468313,-0.0566798,33.2976,0.223578,0.139594,-0.143511,-0.0283735,-0.0701899,-0.20612,-0.0447156,0,0,0,-0.0279187,0,1682,1692,1871,1561
5.6691e+08,-0.484598,-1.79618,8.68406,-11.6684,-9.50837,-1.06337,-9.20492,-3.1279,0.956656,-1.38627,1.1122,-8.77175,-8.83888,0.467,0.466704,-0.0614407,33.2624,0.220845,0.138922,-0.13665,-0.0335961,-0.0457111,-0.184581,-0.044169,0,0,0,-0.0277843,0,1708,1508,1851,1767
5.66931e+08,0.226239,0.865113,9.68726,5.10183,0.461095,-1.09446,0.251632,1.33256,-5.59296,-1.35419,-5.64735,-9.58091,-9.5983,0.467,0.466422,-0.0553093,33.2712,0.218354,0.138041,-0.124559,-0.0440118,4.1063e-05,-0.141951,-0.0436707,0,0,0,-0.0276083,0,1821,1518,1735,1740
5.66952e+08,-0.308615,0.783227,10.3358,4.33158,-14.6076,-1.18446,-14.5071,-1.7054,-9.88304,-1.54568,-9.93519,-11.5656,-11.466,0.467,0.466383,-0.0525419,33.2329,0.216147,0.137065,-0.110348,-0.0488489,0.0546511,-0.12157,-0.0432293,0,0,0,-0.0274129,0,1755,1367,1814,1870
5.66973e+08,0.324223,0.568878,10.1046,3.22064,-2.77555,-1.34276,-8.92167,1.8349,-5.47082,-1.84358,-12.8179,-11.3366,-9.98821,0.463,0.462921,-0.0612462,33.2447,0.214021,0.13604,-0.106301,-0.0512107,0.0685948,-0.111056,-0.0428041,0,0,0,-0.0272081,0,1824,1399,1759,1876
5.66994e+08,-0.346437,-0.594386,9.53109,-3.56616,15.1023,-1.24339,14.7861,-2.07764,0.483374,-2.02177,0.456607,-10.2832,-10.3542,0.463,0.462268,-0.0529319,33.2359,0.21188,0.135074,-0.107047,-0.048295,0.0632961,-0.12178,-0.0423759,0,0,0,-0.0270149,0,1898,1654,1677,1606
5.67015e+08,-0.495049,1.44072,11.092,7.39337,17.1634,-1.01613,16.9087,-2.53423,12.1628,-1.82556,12.1026,-10.1153,-10.1632,0.463,0.462291,-0.051412,33.2829,0.209696,0.134167,-0.109205,-0.0453517,0.0522688,-0.132687,-0.0419391,0,0,0,-0.0268335,0,1829,1757,1742,1502
5.67036e+08,-0.119387,-1.33136,8.94803,-8.4621,-1.58471,-0.93846,-1.1848,-0.75609,11.3231,-1.59764,11.3098,-10.6191,-10.616,0.463,0.462359,-0.0563392,33.2418,0.20743,0.132938,-0.11328,-0.0614912,0.0334533,-0.0666504,-0.041486,0,0,0,-0.0265875,0,1709,1628,1874,1635
5.67057e+08,0.610999,-0.278884,9.27435,-1.71867,-5.96639,-1.00894,5.46072,3.76753,3.59788,-1.37097,-1.23132,-13.6114,-11.9628,0.463,0.4624,-0.0524585,33.2594,0.205233,0.131452,-0.109874,-0.0742849,0.0447171,-0.0137067,-0.0410465,0,0,0,-0.0262904,0,1844,1578,1746,1666
5.67078e+08,-0.215217,-0.194589,9.49126,-1.17421,-8.287,-1.14553,-10.1652,-1.2987,-11.8983,-1.3329,-4.18069,-14.4511,-12.9532,0.461,0.462429,-0.0483537,33.2418,0.203335,0.129847,-0.0948617,-0.0802337,0.10291,0.0119369,-0.0406671,0,0,0,-0.0259694,0,1753,1435,1838,1792
5.67099e+08,1.32058,-1.68781,8.38115,-11.2508,-13.5542,-1.40273,-13.2633,8.78077,-9.69983,-1.51403,-9.83944,-12.9702,-12.9436,0.461,0.460494,-0.0540892,33.2594,0.201624,0.128044,-0.0855401,-0.0901349,0.138509,0.0536849,-0.0403249,0,0,0,-0.0256089,0,1778,1374,1829,1869
5.6712e+08,0.775648,0.12573,8.88311,0.807826,2.99545,-1.3822,2.99219,4.98975,-4.75327,-1.74322,-4.95951,-14.4511,-14.3687,0.461,0.460346,-0.0472901,33.23,0.200061,0.126296,-0.0781581,-0.0874423,0.166512,0.0448586,-0.0400123,0,0,0,-0.0252591,0,1864,1509,1746,1710
5.67142e+08,-0.929335,0.356938,10.7511,1.89447,3.34659,-1.35229,3.39453,-4.93771,-2.98228,-1.88962,-2.85185,-11.0008,-11.0035,0.459,0.459118,-0.0427421,33.2329,0.197209,0.122901,-0.0692355,-0.0846516,0.199429,0.0374909,-0.0394419,0,0,0,-0.0245803,0,1838,1538,1739,1707
5.67162e+08,0.0859241,-1.17722,8.94572,-7.49648,4.52216,-1.24792,4.66852,0.545608,7.56734,-1.76514,7.53418,-11.0771,-11.0508,0.459,0.458448,-0.0432503,33.1976,0.195775,0.121062,-0.0717255,-0.0919442,0.187993,0.068835,-0.039155,0,0,0,-0.0242125,0,1775,1625,1807,1623
5.67182e+08,0.708686,0.491809,9.69099,2.89749,0.949644,-1.02424,1.03185,4.17714,10.1322,-1.62529,10.0623,-12.5427,-12.3953,0.459,0.458465,-0.0340013,33.1682,0.194479,0.118939,-0.0648037,-0.10616,0.214477,0.128307,-0.0388958,0,0,0,-0.0237879,0,1730,1607,1848,1613
5.67202e+08,-1.20623,0.00290074,10.3614,0.0159327,-9.15723,-1.05674,-8.94747,-6.64022,-0.615863,-1.49337,-0.439959,-11.0771,-11.1241,0.459,0.458549,-0.0275952,33.2006,0.193364,0.116919,-0.0557394,-0.101009,0.249781,0.109983,-0.0386728,0,0,0,-0.0233838,0,1721,1462,1834,1757
5.67222e+08,0.111965,-0.367995,8.45791,-2.49109,-5.87478,-1.13762,-5.90596,0.757718,-3.39449,-1.48963,-3.36942,-11.2603,-11.3337,0.459,0.458562,-0.0314257,33.2035,0.192491,0.114782,-0.0436446,-0.106855,0.297542,0.135912,-0.0384982,0,0,0,-0.0229564,0,1766,1463,1797,1760
5.67242e+08,0.615784,-0.312601,9.26717,-1.92773,-17.3404,-1.26678,-17.1714,3.79944,-2.31052,-1.51389,-2.40553,-12.3748,-12.2842,0.459,0.458516,-0.0328488,33.2212,0.191782,0.112579,-0.0354665,-0.110165,0.3298,0.151759,-0.0383564,0,0,0,-0.0225157,0,1685,1384,1892,1833
5.67263e+08,-0.673708,-0.100661,10.1566,-0.56659,-8.83662,-1.44758,-8.68686,-3.79481,-2.24945,-1.6182,-2.23867,-11.0008,-11.0016,0.459,0.458483,-0.0280697,33.1859,0.191226,0.110378,-0.027801,-0.110033,0.360193,0.153801,-0.0382452,0,0,0,-0.0220756,0,1734,1443,1823,1778
5.67284e+08,-0.752742,0.742284,10.3598,4.08752,11.2703,-1.35526,11.1346,-4.1452,5.75055,-1.70222,5.67925,-12.329,-12.2353,0.459,0.458491,-0.0212658,33.1712,0.190702,0.108115,-0.0261847,-0.113133,0.366365,0.168888,-0.0381404,0,0,0,-0.0216231,0,1820,1629,1736,1569
5.67305e+08,-0.659434,0.0871952,10.8407,0.45999,27.0718,-1.05753,5.34895,-3.48088,2.75818,-1.56222,5.86787,-9.39771,-10.4903,0.459,0.458567,-0.0228571,33.1682,0.19015,0.105939,-0.0276164,-0.108809,0.360276,0.154095,-0.03803,0,0,0,-0.0211878,0,1773,1603,1770,1611
5.67326e+08,-0.226997,-0.767792,8.93715,-4.90865,4.10995,-0.93763,4.27069,-1.44962,2.04063,-1.30527,2.06486,-9.94733,-9.97121,0.457,0.457105,-0.0368799,33.1918,0.189586,0.103614,-0.0282,-0.116255,0.357572,0.186699,-0.0379172,0,0,0,-0.0207228,0,1803,1590,1766,1659
5.67347e+08,-0.504208,0.0293933,8.6965,0.193329,-0.3786,-0.89055,-0.469588,-3.31818,-6.06624,-1.39769,-5.95555,-9.91679,-9.94673,0.457,0.456617,-0.0383678,33.1565,0.189318,0.10095,-0.0133895,-0.133206,0.416982,0.257857,-0.0378636,0,0,0,-0.02019,0,1830,1499,1743,1753
5.67368e+08,0.644486,-0.483599,8.29581,-3.32624,-23.0351,-1.1534,-23.0377,4.43478,-4.11205,-1.38736,-4.14332,-11.4588,-11.4085,0.457,0.456508,-0.0470886,33.1506,0.188561,0.0980348,0,-0.145755,0.470421,0.311683,-0.0377121,0,0,0,-0.019607,0,1667,1347,1933,1906
5.67389e+08,-0.384559,-0.893029,9.79181,-5.20706,-11.5084,-1.41074,-7.79468,-2.23977,-3.89831,-1.56188,-6.61655,-9.70305,-9.67036,0.459,0.457953,-0.0320501,33.1741,0.188685,0.0950713,0.00621138,-0.148176,0.495836,0.324954,-0.037737,0,0,0,-0.0190143,0,1770,1425,1786,1814
5.6741e+08,1.13651,-0.933972,9.00219,-5.8769,4.44583,-1.4956,4.57212,7.15738,7.73528,-1.58854,7.51019,-9.0771,-9.04146,0.459,0.458438,-0.027034,33.1418,0.18884,0.0923266,0.00774161,-0.137235,0.502515,0.284364,-0.037768,0,0,0,-0.0184653,0,1749,1610,1791,1624
5.67431e+08,-1.03457,0.966266,11.3861,4.83091,22.9649,-1.23352,22.6408,-5.17329,5.72001,-1.45667,5.76242,-8.90916,-8.87759,0.459,0.458557,-0.0174487,33.1476,0.188084,0.0898088,0,-0.125888,0.471204,0.241861,-0.0376169,0,0,0,-0.0179618,0,1884,1724,1640,1495
5.67452e+08,-1.33519,0.092012,11.1713,0.468571,14.6748,-0.916276,14.6242,-6.81545,3.44521,-1.27972,3.53232,-7.48931,-7.55495,0.458,0.457836,-0.0162702,33.1565,0.187332,0.0872167,0,-0.129606,0.470944,0.25988,-0.0374664,0,0,0,-0.0174433,0,1838,1663,1673,1567
5.67473e+08,1.31292,0.092012,8.33889,0.624488,-4.30226,-0.724756,4.94618,8.94697,5.93375,-1.19818,-6.62641,-8.97023,-7.01622,0.458,0.457719,-0.0231709,33.13,0.187615,0.0843677,0.0141212,-0.142452,0.52828,0.314839,-0.0375229,0,0,0,-0.0168735,0,1847,1533,1672,1714
5.67494e+08,-0.353382,-1.38194,8.61338,-9.10736,-16.1954,-0.88596,-16.0249,-2.31972,-5.7151,-1.23717,-5.66198,-9.94733,-9.90204,0.458,0.457683,-0.026289,33.1359,0.188105,0.0812941,0.0245295,-0.153679,0.570988,0.363591,-0.037621,0,0,0,-0.0162588,0,1705,1377,1846,1850
5.67515e+08,0.422851,-2.04425,9.0129,-12.7657,-23.0046,-1.28498,-22.6558,2.61969,-1.7151,-1.35795,-1.78847,-7.58091,-7.6509,0.459,0.458535,-0.0211609,33.1447,0.188736,0.0782828,0.0315239,-0.150566,0.600181,0.354758,-0.0377471,0,0,0,-0.0156566,0,1612,1354,1908,1881
5.67536e+08,0.983649,-0.806326,8.97641,-5.10257,-6.95875,-1.44711,-6.79745,6.22873,3.81162,-1.45059,3.5454,-10.1916,-10.106,0.459,0.458598,-0.0159159,33.0682,0.189375,0.0753602,0.0319804,-0.14613,0.603166,0.340515,-0.037875,0,0,0,-0.015072,0,1692,1485,1840,1717
5.67557e+08,-0.313031,-0.510091,9.46709,-3.08246,14.797,-1.22878,21.2951,-1.89106,3.09406,-1.62175,-0.354854,-9.97786,-9.9682,0.459,0.458655,-0.000442727,33.1329,0.1901,0.072577,0.0362474,-0.139159,0.621542,0.315931,-0.03802,0,0,0,-0.0145154,0,1911,1645,1593,1532
5.67578e+08,-0.0648239,-0.0476759,8.96428,-0.304713,19.2703,-0.818789,19.2583,-0.414313,2.74292,-1.59554,2.79835,-9.99313,-9.89905,0.46,0.459713,0.00455523,33.0918,0.190865,0.0699333,0.0382508,-0.132182,0.630891,0.291153,-0.038173,0,0,0,-0.0139867,0,1874,1653,1619,1512
5.67599e+08,-2.52933,0.86993,12.1992,3.99421,10.6901,-0.533194,10.5505,-11.6846,0.941389,-1.52176,1.10908,-8.11526,-8.14105,0.46,0.459834,0.00916728,33.1182,0.191728,0.0671642,0.0431335,-0.138455,0.651913,0.319677,-0.0383456,0,0,0,-0.0134329,0,1815,1587,1654,1586
5.6762e+08,-2.27597,-0.0235918,10.6258,-0.124388,-4.3328,-0.462667,-4.31283,-12.0896,-4.11205,-1.64419,-3.85499,-8.32901,-8.40103,0.46,0.459854,0.00888827,33.0829,0.192692,0.0642516,0.048211,-0.145632,0.673846,0.352015,-0.0385384,0,0,0,-0.0128503,0,1748,1443,1723,1727
5.67641e+08,-0.143304,-1.19408,8.44018,-8.05137,-22.3023,-0.732817,-8.86405,-0.963129,3.47574,-1.58624,-0.243018,-8.51221,-8.34462,0.46,0.45985,0.0127655,33.0976,0.193717,0.0612198,0.0512518,-0.151591,0.687689,0.379624,-0.0387434,0,0,0,-0.012244,0,1683,1431,1783,1734
5.67662e+08,-0.804957,-0.399304,10.3533,-2.20204,-10.9282,-1.27243,-10.9622,-4.44245,-1.51663,-1.60736,-1.46492,-7.22977,-7.26784,0.46,0.459763,0.00503094,33.0653,0.196102,0.0550687,0.0625366,-0.152031,0.736672,0.388937,-0.0392204,0,0,0,-0.0110137,0,1672,1410,1797,1776
5.67683e+08,0.174003,-0.201814,10.1106,-1.14334,2.17102,-1.30105,2.23538,0.985766,5.62841,-1.61803,5.44993,-8.1458,-8.07728,0.462,0.460919,0.00591319,33.0918,0.197565,0.0522184,0.0731696,-0.142516,0.781525,0.354272,-0.0395131,0,0,0,-0.0104437,0,1719,1546,1753,1628
5.67704e+08,-0.480283,-0.136787,9.72663,-0.804727,28.4306,-1.08964,28.0579,-2.82659,0.849786,-1.62388,0.837017,-6.72595,-6.79423,0.462,0.461693,0.0084093,33.0682,0.19945,0.0496493,0.0942392,-0.128457,0.86877,0.301033,-0.03989,0,0,0,-0.00992985,0,1930,1701,1522,1477
5.67725e+08,0.465524,-0.938789,9.37314,-5.71253,11.4687,-0.726542,22.833,2.82917,6.39177,-1.56197,-1.04047,-6.83282,-5.99202,0.462,0.461823,0.00901612,33.0653,0.201241,0.0472776,0.0895269,-0.118582,0.852496,0.26433,-0.0402481,0,0,0,-0.00945552,0,1906,1659,1537,1524
5.67746e+08,-1.5908,0.4894,11.2861,2.4587,1.5298,-0.516812,1.62233,-8.0157,-0.24945,-1.53663,-0.185684,-7.44351,-7.41042,0.464,0.463382,0.0175278,33.0682,0.20295,0.0446191,0.0854787,-0.132925,0.838787,0.325125,-0.0405901,0,0,0,-0.00892382,0,1747,1500,1689,1649
5.67767e+08,0.121513,-0.353544,9.43611,-2.14553,-14.058,-0.629833,-13.9182,0.737264,4.34597,-1.46835,4.30214,-7.68778,-7.66794,0.464,0.463871,0.0131046,33.0918,0.20471,0.0414925,0.0879854,-0.156328,0.851435,0.422854,-0.040942,0,0,0,-0.00829851,0,1606,1421,1839,1732
5.67788e+08,-0.823695,-1.70948,9.59857,-10.0621,-14.1801,-1.03153,-14.1081,-4.82916,1.3078,-1.5023,1.36258,-5.88626,-6.04049,0.464,0.463872,0.0117065,33.0359,0.206487,0.0383545,0.0888284,-0.156902,0.857433,0.429041,-0.0412973,0,0,0,-0.0076709,0,1615,1402,1820,1769
5.67809e+08,0.5201,0.301544,8.57259,2.01088,-0.59234,-1.396,-0.40021,3.46974,11.5673,-1.4989,-0.19505,-7.91679,-6.82515,0.467,0.466037,0.0152245,33.0447,0.208362,0.0353271,0.0937507,-0.151368,0.879921,0.410595,-0.0416723,0,0,0,-0.00706543,0,1716,1473,1712,1677
5.6783e+08,0.181556,-1.6011,8.06887,-11.2206,7.484,-1.33152,7.68652,1.26434,7.23147,-1.38749,7.20943,-6.87862,-6.8467,0.467,0.466782,0.0121365,33.0565,0.210194,0.0326162,0.0916256,-0.135545,0.874093,0.35049,-0.0420388,0,0,0,-0.00652325,0,1722,1588,1708,1564
5.67851e+08,0.2576,-0.2837,9.38387,-1.73103,14.8428,-1.08884,14.921,1.57174,2.46811,-1.28968,2.4798,-6.49694,-6.45621,0.467,0.466829,0.00668827,33.0418,0.212112,0.0301629,0.0959036,-0.122668,0.894057,0.301882,-0.0424224,0,0,0,-0.00603258,0,1813,1617,1624,1548
5.67872e+08,-1.21573,-0.156055,10.157,-0.874002,5.31606,-0.858785,5.51559,-6.82472,-3.48609,-1.37438,-3.44248,-6.55801,-6.54942,0.47,0.469383,0.0100029,33.0712,0.21431,0.0277541,0.109883,-0.120438,0.953289,0.295923,-0.042862,0,0,0,-0.00555083,0,1787,1501,1637,1648
5.67893e+08,-0.525839,0.53516,9.84171,3.10807,-1.4015,-0.745587,0.872339,-3.05388,-0.661664,-1.50329,-3.169,-6.43587,-6.10713,0.47,0.469812,0.00471008,33.0771,0.216592,0.0251728,0.114119,-0.129066,0.973549,0.333735,-0.0433184,0,0,0,-0.00503457,0,1756,1474,1670,1685
5.67914e+08,1.03878,-1.55053,7.75956,-11.2027,-13.2946,-0.955417,-13.1366,7.47875,4.01009,-1.51359,3.90948,-6.39007,-6.35541,0.47,0.469791,-0.00241828,33.03,0.218804,0.0224929,0.110569,-0.133998,0.962503,0.356855,-0.0437607,0,0,0,-0.00449857,0,1610,1427,1830,1742
5.67935e+08,0.178667,0.200391,9.83107,1.16753,-13.7984,-1.16688,-13.8988,1.04095,8.81925,-1.47276,8.7447,-6.20687,-6.20548,0.471,0.470645,-0.00262173,33.03,0.220877,0.0198703,0.103695,-0.131127,0.93795,0.348608,-0.0441755,0,0,0,-0.00397406,0,1566,1454,1872,1715
5.67956e+08,-1.33748,-0.271658,11.1256,-1.38875,-9.98165,-1.43507,-9.84383,-6.85299,9.68948,-1.42545,9.69466,-5.85572,-5.81144,0.471,0.470709,0.00422468,33.0447,0.222738,0.0172834,0.0930225,-0.129347,0.897901,0.344699,-0.0445476,0,0,0,-0.00345668,0,1575,1482,1847,1677
5.67977e+08,0.603698,0.21725,9.13033,1.36009,6.70537,-1.37997,18.619,3.78183,9.52154,-1.41692,2.82329,-7.29084,-3.9136,0.471,0.47073,-6.60153e-05,33.0476,0.224631,0.014899,0.0946419,-0.119217,0.907193,0.307048,-0.0449262,0,0,0,-0.00297981,0,1824,1650,1590,1535
5.67998e+08,-1.86025,-0.873762,10.7618,-4.57418,10.6443,-0.981286,10.86,-9.77551,-3.51663,-1.35047,-3.33379,-5.68778,-5.70671,0.472,0.471723,0.00180897,33.0182,0.226992,0.0129923,0.118037,-0.0953387,1.00442,0.213659,-0.0453983,0,0,0,-0.00259845,0,1823,1545,1599,1616
5.68019e+08,-0.117532,0.585737,10.5822,3.16796,8.5069,-0.669565,8.5335,-0.635364,-2.20365,-1.44204,-2.29127,-4.95496,-4.96203,0.472,0.471813,0.00221586,33.0359,0.229579,0.0111,0.129387,-0.0946136,1.05362,0.213116,-0.0459159,0,0,0,-0.00222,0,1802,1541,1614,1626
5.6804e+08,-2.60589,1.42386,12.1361,6.54383,-1.69158,-0.636723,-1.96607,-12.0386,-8.8296,-1.6415,-8.66214,-5.59618,-5.63958,0.474,0.472568,0.0140247,32.9859,0.23209,0.00919554,0.125539,-0.0952227,1.04178,0.217942,-0.046418,0,0,0,-0.00183911,0,1767,1405,1632,1734
5.68061e+08,-1.92034,0.547202,10.3296,2.98136,-11.2488,-0.987668,-16.4542,-10.517,-0.020443,-1.50292,7.52937,-6.60381,-7.42001,0.474,0.47371,0.00951945,32.9476,0.234535,0.00701879,0.122246,-0.108838,1.03208,0.275279,-0.046907,0,0,0,-0.00140376,0,1551,1406,1867,1718
5.68082e+08,-1.52136,-0.216265,10.6272,-1.15405,-15.2641,-1.23925,-15.0391,-8.14526,13.6895,-1.49499,13.7436,-5.99313,-5.96765,0.474,0.473777,0.00763173,33.0447,0.238646,0.0027859,0.0959788,-0.101862,0.932786,0.252625,-0.0477292,0,0,0,-0.00055718,0,1508,1467,1901,1674
5.68102e+08,-0.327423,-0.274067,9.75239,-1.60883,1.59087,-1.2974,4.72848,-1.92215,15.9796,-1.28901,16.2454,-6.11526,-5.61612,0.476,0.473795,0.00468905,32.9947,0.238646,0.0027859,0.0959788,-0.101862,0.932786,0.252625,-0.0477292,0,0,0,-0.00055718,0,1628,1631,1782,1517
5.68122e+08,0.699321,-0.175322,8.6524,-1.15704,13.7435,-1.12785,13.8802,4.61988,11.7505,-0.886355,11.5495,-4.42061,-4.39288,0.476,0.475741,0.00490408,33.0006,0.24311,-0.000581209,0.113214,-0.0785632,1.00843,0.163422,-0.048622,0,0,0,0.000116242,0,1717,1673,1676,1480
5.68142e+08,0.0550482,-1.77451,8.32987,-12.0257,10.5985,-0.843642,10.8325,0.370326,-8.6922,-0.958195,-8.55778,-3.3061,-3.36017,0.476,0.475905,0.00244314,32.9888,0.245674,-0.00196554,0.128204,-0.0692164,1.07223,0.127684,-0.0491348,0,0,0,0.000393107,0,1842,1517,1546,1649
5.68163e+08,0.180845,0.954224,9.47614,5.74912,4.07942,-0.526233,4.0903,1.08782,-7.77617,-1.13003,-7.82056,-5.27557,-5.26073,0.476,0.475894,-0.00156676,32.9829,0.248139,-0.00354228,0.123245,-0.0788373,1.0559,0.168264,-0.0496278,0,0,0,0.000708456,0,1806,1470,1605,1684
5.68184e+08,-1.85106,0.414739,10.7591,2.1756,-5.00455,-0.557261,-5.02113,-9.75481,-11.1197,-1.3139,-10.8483,-3.13817,-3.21476,0.476,0.475821,-0.00685967,32.9976,0.25049,-0.00534253,0.117586,-0.0900124,1.03663,0.215363,-0.0500981,0,0,0,0.00106851,0,1760,1395,1644,1788
5.68205e+08,0.532352,-0.823185,9.4255,-4.98342,-16.7603,-0.742237,-15.1402,3.2204,11.5521,-1.2749,11.6353,-5.0771,-5.28323,0.476,0.475744,-0.0194081,33.0035,0.252574,-0.00710367,0.104182,-0.0880569,0.985956,0.209753,-0.0505148,0,0,0,0.00142073,0,1545,1483,1899,1703
5.68226e+08,-0.255401,-1.66613,8.52025,-11.0597,-19.8595,-1.12458,-19.4696,-1.68507,11.6284,-1.08171,11.6048,-5.22977,-5.19756,0.478,0.476884,-0.0223122,32.9918,0.254298,-0.00874126,0.0862142,-0.0818799,0.916534,0.187059,-0.0508597,0,0,0,0.00174825,0,1506,1452,1938,1735
5.68247e+08,0.166835,-0.184956,9.93255,-1.06664,2.38476,-1.23698,2.34701,0.962127,13.1246,-0.865473,13.0741,-3.1229,-3.17527,0.478,0.477621,-0.017196,32.9594,0.255785,-0.0101918,0.074336,-0.0725245,0.871237,0.151385,-0.051157,0,0,0,0.00203835,0,1632,1623,1783,1571
5.68268e+08,-0.7934,0.9759,9.53637,5.82302,17.6367,-0.997621,17.4897,-4.7313,6.40704,-0.780568,6.43812,-3.61145,-3.59174,0.478,0.477752,-0.0150418,32.9271,0.257449,-0.0113672,0.0832179,-0.0587722,0.90943,0.0977307,-0.0514899,0,0,0,0.00227344,0,1790,1684,1625,1502
5.68289e+08,-0.635166,-1.3145,9.92194,-7.53161,14.3542,-0.718571,22.6841,-3.63122,0.284901,-0.711279,0.492916,-0.619081,-3.74714,0.476,0.47658,-0.0231631,32.9771,0.25911,-0.0123891,0.083006,-0.0510933,0.911147,0.0682438,-0.0518219,0,0,0,0.00247781,0,1881,1691,1552,1510
5.6831e+08,-0.802779,0.356938,10.0411,2.0294,10.171,-0.460142,9.9424,-4.56816,-13.7762,-0.966106,-13.4982,-1.64198,-1.7307,0.476,0.475798,-0.0257045,32.9065,0.26114,-0.0134071,0.101524,-0.0509041,0.988454,0.0687928,-0.052228,0,0,0,0.00268143,0,1893,1513,1530,1714
5.68331e+08,-0.63583,1.07705,10.9253,5.62076,-14.6992,-0.502901,-14.6893,-3.3147,-4.6922,-1.18744,-4.78395,-3.76412,-3.72003,0.476,0.475679,-0.0312308,32.9506,0.263073,-0.0144676,0.0966514,-0.0530205,0.971832,0.0786444,-0.0526146,0,0,0,0.00289351,0,1671,1393,1779,1827
5.68352e+08,-0.148356,-0.199406,9.18966,-1.2429,-17.4015,-0.859916,-17.3759,-0.924674,1.87269,-1.29636,1.84554,-2.89389,-2.86618,0.475,0.474836,-0.0421366,32.9506,0.264924,-0.0156852,0.0925575,-0.0608838,0.958232,0.111745,-0.0529848,0,0,0,0.00313705,0,1609,1429,1856,1820
5.68373e+08,-1.32092,0.282277,10.7846,1.48821,-6.07326,-1.23056,-12.6005,-6.98058,7.58261,-1.20283,8.95973,-1.19923,-2.80767,0.475,0.474538,-0.0450529,32.9712,0.266547,-0.0167046,0.0811284,-0.0509661,0.914927,0.0732837,-0.0533094,0,0,0,0.00334091,0,1589,1514,1882,1741
5.68394e+08,-1.08168,-1.36026,10.5728,-7.29356,5.63667,-1.28921,5.75315,-5.79406,5.09406,-1.12905,5.18592,0.678629,0.576321,0.475,0.474524,-0.0339927,32.9182,0.267875,-0.0173476,0.0663996,-0.0321536,0.858019,-0.00132523,-0.053575,0,0,0,0.00346953,0,1719,1625,1701,1640
5.68415e+08,-1.52149,0.267826,9.72818,1.55808,23.8046,-1.06297,23.5835,-8.88578,-5.7151,-1.18239,-5.49109,1.42672,1.34692,0.474,0.473737,-0.0326471,32.9506,0.269085,-0.0176735,0.0605085,-0.0162938,0.836411,-0.0644909,-0.053817,0,0,0,0.0035347,0,1923,1683,1491,1590
5.68436e+08,-0.115083,0.364163,9.91705,2.10286,22.568,-0.71877,22.2235,-0.664415,-6.49373,-1.23091,-6.51954,0.0526743,0.0692072,0.474,0.473632,-0.0322012,32.9388,0.270306,-0.0176028,0.0610495,0,0.840615,-0.129865,-0.0540612,0,0,0,0.00352056,0,1932,1665,1493,1596
5.68457e+08,-0.336894,-0.565485,9.03017,-3.5808,-6.57707,-0.857563,1.95329,-2.1324,-9.04334,-1.33824,-7.78381,-0.252669,1.48652,0.474,0.473558,-0.0385213,32.9212,0.271501,-0.0178185,0.0597367,-0.0107821,0.837354,-0.0863166,-0.0543001,0,0,0,0.00356369,0,1796,1520,1629,1766
5.68478e+08,-1.05826,0.306361,11.2141,1.55797,-9.75265,-0.980586,-9.80216,-5.38898,-0.738,-1.46541,-0.708321,-0.313738,-0.310566,0.473,0.472596,-0.0405814,32.9035,0.272721,-0.0180969,0.0610371,-0.0139243,0.844608,-0.0733302,-0.0545443,0,0,0,0.00361939,0,1673,1478,1773,1797
5.68499e+08,-0.511624,0.937365,10.1415,5.2741,-2.516,-1.21794,-2.77574,-2.8758,5.97956,-1.39189,5.98506,-0.664883,-0.655452,0.473,0.472493,-0.0383109,32.9065,0.273599,-0.01838,0.0438611,-0.014152,0.777327,-0.0720264,-0.0547197,0,0,0,0.003676,0,1670,1571,1776,1697
5.6852e+08,-1.99198,0.556836,10.8378,2.89284,4.82751,-1.3669,4.48678,-10.4013,5.88795,-1.28073,6.04907,-0.145799,-0.181965,0.473,0.472486,-0.0355782,32.9094,0.274162,-0.0183065,0.0281567,0,0.715554,-0.128811,-0.0548324,0,0,0,0.00366129,0,1713,1624,1724,1644
5.68541e+08,1.14808,0.38343,8.68852,2.50512,14.1252,-1.41182,2.0638,7.52008,11.5979,-1.06619,6.14686,0.159545,1.30908,0.473,0.472495,-0.0357874,32.8741,0.274607,-0.0182332,0.0222548,0,0.692948,-0.128837,-0.0549214,0,0,0,0.00364665,0,1685,1617,1739,1665
5.68562e+08,-0.597456,0.467725,9.68971,2.75831,14.3084,-1.17248,14.2012,-3.52423,4.2391,-0.835024,4.26433,-1.67252,-1.61168,0.473,0.472523,-0.0455037,32.88,0.275659,-0.0172027,0.0282299,0.0352306,0.719249,-0.271371,-0.0551319,0,0,0,0.00344054,0,1808,1692,1658,1580
5.68582e+08,0.19297,0.287094,8.7343,1.88216,7.23972,-1.01725,6.02931,1.26497,-4.79907,-0.795821,-0.00182083,-1.68778,0.456235,0.472,0.472531,-0.0487161,32.9035,0.275659,-0.0172027,0.0282299,0.0352306,0.719249,-0.271371,-0.0551319,0,0,0,0.00344054,0,1776,1619,1678,1678
5.68603e+08,1.8076,-1.32414,7.83524,-9.3511,-14.287,-0.910979,-13.9207,12.8153,-4.02044,-0.808229,-4.20561,-0.68015,-0.608129,0.472,0.471569,-0.0614142,32.8712,0.276755,-0.015737,0.0290758,0.0343077,0.725036,-0.269458,-0.055351,0,0,0,0.00314739,0,1683,1456,1806,1857
5.68625e+08,0.379257,0.159448,9.32749,0.978532,-14.3023,-1.13756,-17.3156,2.32803,-8.14258,-1.05761,-13.3004,-1.50458,-0.593953,0.472,0.471452,-0.0590936,32.8476,0.2775,-0.0151802,0.0372525,0.0278385,0.759278,-0.244186,-0.0555,0,0,0,0.00303604,0,1722,1359,1763,1950
5.68645e+08,0.403632,-1.6276,8.66694,-10.6246,-3.01982,-1.36194,-6.48945,2.62068,0.651313,-1.06284,-3.0578,-0.0999974,-1.78908,0.469,0.470277,-0.061889,32.88,0.277767,-0.0142662,0.0133547,0.0456993,0.664277,-0.316946,-0.0555534,0,0,0,0.00285324,0,1732,1506,1771,1800
5.68666e+08,1.04555,-0.136787,8.21767,-0.946004,11.2855,-1.45221,11.1336,7.24987,17.0177,-0.816583,16.7938,-1.22977,-1.20043,0.469,0.468413,-0.0765136,32.8594,0.276656,-0.0128661,0,0.0700042,0.610332,-0.416167,-0.0553312,0,0,0,0.00257322,0,1726,1795,1804,1548
5.68686e+08,-0.117487,0.421965,9.82455,2.45917,14.5527,-1.31267,14.4437,-0.684508,16.7735,-0.525809,16.7248,-2.37481,-2.31357,0.469,0.468311,-0.0793538,32.8418,0.276407,-0.0114562,-0.0124447,0.0704936,0.560613,-0.419886,-0.0552814,0,0,0,0.00229125,0,1756,1823,1791,1517
5.68706e+08,-0.628236,-0.471557,10.74,-2.50976,6.20155,-1.11871,6.309,-3.34448,4.57498,-0.336684,4.60453,-1.06183,-1.10608,0.465,0.46594,-0.0821424,32.8682,0.27624,-0.0099813,-0.00834139,0.0737473,0.577366,-0.434777,-0.055248,0,0,0,0.00199626,0,1785,1695,1763,1667
5.68727e+08,-1.45202,-0.555851,10.4177,-3.02502,6.40003,-0.940302,6.47446,-7.92364,-16.2189,-0.542215,-16.1189,-0.481677,-0.493992,0.465,0.464495,-0.081606,32.8565,0.275135,-0.00844485,0,0.0768225,0.610439,-0.449032,-0.055027,0,0,0,0.00168897,0,1938,1553,1608,1819
5.68748e+08,0.763648,0.342487,9.4153,2.07644,-5.53891,-1.02137,-5.74693,4.6339,-13.6388,-0.629277,-13.7297,-1.99313,-1.98792,0.465,0.46435,-0.0807322,32.8388,0.275485,-0.00680398,0.0174993,0.0820433,0.68157,-0.472026,-0.055097,0,0,0,0.0013608,0,1843,1474,1717,1885
5.68769e+08,-0.475494,-0.184956,9.23508,-1.14582,-8.89768,-1.27089,-15.9126,-2.94684,-11.822,-0.852974,-4.4296,-1.97786,-3.49916,0.462,0.462494,-0.0833087,32.8565,0.275658,-0.00508407,0.00861453,0.0859957,0.646658,-0.490037,-0.0551315,0,0,0,0.00101681,0,1715,1460,1868,1895
5.6879e+08,-0.403866,-0.160871,10.142,-0.908023,-13.1114,-1.47314,-12.8348,-2.28009,8.65131,-0.868947,8.6269,-2.06946,-2.03338,0.462,0.461274,-0.0864772,32.8359,0.274555,-0.00288016,0,0.110195,0.611727,-0.589867,-0.054911,0,0,0,0.000576033,0,1641,1585,1939,1792
5.68811e+08,-0.711567,-1.34822,9.34738,-8.18409,-4.08852,-1.46173,-3.82203,-4.30881,13.5979,-0.690007,13.6237,0.434354,0.355226,0.462,0.46124,-0.0825109,32.8565,0.274403,-0.000451621,-0.00760088,0.121427,0.581553,-0.637975,-0.0548806,0,0,0,9.03242e-05,0,1653,1695,1898,1696
5.68832e+08,-0.991269,-0.180139,10.1567,-1.01128,2.94964,-1.4112,3.01137,-5.57338,4.75818,-0.533657,4.90735,1.50306,1.48464,0.459,0.459041,-0.0781012,32.7888,0.27405,0.00214336,-0.0176243,0.129749,0.541411,-0.674626,-0.0548101,0,0,0,-0.000428671,0,1757,1690,1783,1711
5.68853e+08,-1.55492,0.270235,10.2909,1.48734,7.97255,-1.22488,-2.87904,-8.58931,-13.5472,-0.522538,-4.91512,3.54886,0.850146,0.459,0.458414,-0.0745108,32.8271,0.273778,0.00479006,-0.0136252,0.132335,0.557608,-0.688344,-0.0547556,0,0,0,-0.000958012,0,1789,1576,1754,1815
5.68874e+08,-1.26848,0.612229,10.3838,3.34942,-8.57707,-1.36191,-8.48017,-6.95276,-19.0433,-0.64046,-18.8927,2.06794,2.10736,0.459,0.458327,-0.0769331,32.8182,0.272683,0.00764305,0,0.142649,0.611876,-0.733321,-0.0545366,0,0,0,-0.00152861,0,1847,1443,1690,1966
5.68895e+08,-0.82384,-1.18686,10.193,-6.62014,-7.3557,-1.46138,-7.23071,-4.58998,-15.2113,-0.914983,-15.1257,3.60993,3.46318,0.455,0.454895,-0.0835374,32.8094,0.271592,0.0104869,0,0.142194,0.611499,-0.735097,-0.0543184,0,0,0,-0.00209738,0,1836,1490,1711,1953
5.68916e+08,0.592101,-1.01345,9.15211,-6.30577,-1.66104,-1.46959,-1.59488,3.6792,-1.6693,-1.06559,-1.81056,3.30458,3.24624,0.455,0.45429,-0.0795123,32.83,0.271448,0.0134842,-0.00720405,0.149867,0.582922,-0.769675,-0.0542896,0,0,0,-0.00269685,0,1782,1621,1762,1816
5.68937e+08,0.637059,0.462908,9.5533,2.76797,1.95728,-1.42696,-6.5872,3.81065,5.91849,-1.11873,-1.05226,3.07558,4.10167,0.455,0.454267,-0.0666004,32.8065,0.271118,0.0164818,-0.0165097,0.149877,0.545681,-0.773524,-0.0542235,0,0,0,-0.00329636,0,1727,1584,1788,1839
5.68958e+08,-1.30216,1.51057,11.5985,7.37452,-5.76791,-1.39522,-5.854,-6.35254,1.09406,-1.09636,1.18822,4.7397,4.80152,0.451,0.45073,-0.0613036,32.7918,0.270682,0.0197093,-0.0217993,0.161376,0.524413,-0.823747,-0.0541364,0,0,0,-0.00394186,0,1715,1611,1796,1820
5.68979e+08,1.41327,-0.124745,8.48804,-0.830559,-6.91295,-1.35794,-6.75762,9.45211,6.83452,-1.08929,6.60013,5.36565,5.44928,0.451,0.450442,-0.0550368,32.8035,0.270251,0.0229824,-0.0215196,0.163656,0.525487,-0.837061,-0.0540503,0,0,0,-0.00459648,0,1663,1642,1832,1786
5.69e+08,0.39382,-0.688314,8.7753,-4.48047,0.155751,-1.38547,0.226041,2.56175,2.40704,-1.05047,2.35736,4.17481,4.20944,0.451,0.450448,-0.0501084,32.7947,0.269737,0.0264191,-0.025712,0.171831,0.508519,-0.87423,-0.0539474,0,0,0,-0.00528381,0,1743,1653,1754,1756
5.69021e+08,-0.63309,-0.192181,9.51062,-1.15506,4.5985,-1.20582,1.27711,-3.80759,-3.94411,-1.06234,4.69714,4.19008,3.66729,0.449,0.448667,-0.0496106,32.7682,0.269257,0.0300784,-0.02399,0.182968,0.515315,-0.923563,-0.0538515,0,0,0,-0.00601568,0,1743,1680,1765,1730
5.69042e+08,-0.731343,1.07224,10.8708,5.62051,7.28552,-1.1128,6.90949,-3.8303,-5.94411,-1.13821,-5.85353,4.98397,4.98224,0.449,0.448528,-0.0384324,32.7624,0.268199,0.0374662,-0.024531,0.184072,0.512795,-0.937435,-0.0536399,0,0,0,-0.00749324,0,1845,1643,1633,1761
5.69063e+08,0.167028,-0.878579,9.3545,-5.36465,-17.5694,-1.24233,-17.3388,1.01844,-2.8296,-1.15323,-2.84586,5.97634,5.98518,0.446,0.447451,-0.0419745,32.7741,0.26769,0.0411017,-0.0254759,0.181774,0.508854,-0.932877,-0.053538,0,0,0,-0.00822033,0,1649,1498,1828,1923
5.69084e+08,0.157146,0.311178,9.82414,1.81399,-2.13433,-1.36815,-2.29805,0.915958,2.57498,-1.14611,2.48718,6.05267,6.00689,0.446,0.445702,-0.0422434,32.7388,0.26702,0.0449355,-0.033514,0.191691,0.476261,-0.977567,-0.0534039,0,0,0,-0.0089871,0,1720,1647,1764,1782
5.69105e+08,0.140609,-0.32946,8.85207,-2.13121,2.91911,-1.45303,2.27418,0.909396,9.20093,-1.0366,8.21604,3.33512,3.4157,0.446,0.445491,-0.0474836,32.7418,0.266227,0.049016,-0.0396116,0.204025,0.451294,-1.03226,-0.0532455,0,0,0,-0.0098032,0,1727,1715,1791,1701
5.69126e+08,0.580134,-0.914705,7.34549,-7.07647,4.01835,-1.39078,4.15032,4.48128,8.97192,-0.72651,8.91439,0.770232,0.870691,0.445,0.444872,-0.0573238,32.7418,0.265369,0.0531987,-0.0429049,0.209135,0.437491,-1.05813,-0.0530738,0,0,0,-0.0106397,0,1752,1736,1806,1675
5.69147e+08,0.971501,-0.0549012,8.6666,-0.360693,5.07178,-1.22527,5.07205,6.39586,5.79635,-0.614259,5.6758,-0.512211,-0.404534,0.445,0.444527,-0.0549029,32.7359,0.264506,0.0573718,-0.0431827,0.208653,0.435773,-1.06156,-0.0529011,0,0,0,-0.0114744,0,1787,1717,1781,1681
5.69168e+08,0.861726,-0.290926,9.63263,-1.72305,-8.89768,-1.17676,-8.72018,5.1097,0.926122,-0.606702,0.743001,-0.985494,-0.859013,0.445,0.444518,-0.0514982,32.7006,0.263739,0.0614893,-0.0383132,0.205877,0.454821,-1.05573,-0.0527479,0,0,0,-0.0122979,0,1724,1579,1842,1809
5.69189e+08,-1.26859,1.02407,10.4414,5.56087,-3.17249,-1.26154,-19.5428,-6.8945,-11.7456,-0.756094,-5.21122,0.190079,1.13954,0.444,0.443902,-0.0551304,32.7359,0.263151,0.0655516,-0.0294126,0.203114,0.490259,-1.04989,-0.0526302,0,0,0,-0.0131103,0,1686,1469,1870,1945
5.6921e+08,-0.00238048,-1.34099,8.08132,-9.42167,-13.9053,-1.34026,-13.6551,-0.0166497,-2.95174,-1.01185,-2.99283,0.02214,0.00343667,0.444,0.443497,-0.0548555,32.7182,0.262504,0.0697348,-0.0323634,0.209163,0.47809,-1.07955,-0.0525008,0,0,0,-0.013947,0,1719,1518,1847,1886
5.69231e+08,0.250189,0.607413,9.47315,3.66747,5.13285,-1.35943,4.86932,1.50975,1.75055,-1.09578,1.71942,0.846568,0.824394,0.444,0.443453,-0.0482705,32.7212,0.261833,0.0739817,-0.0335439,0.212344,0.47299,-1.0978,-0.0523666,0,0,0,-0.0147963,0,1810,1681,1739,1721
5.69252e+08,0.350772,-0.449881,9.1461,-2.81395,-7.20303,-1.19553,-6.96038,2.19369,6.16276,-1.0721,6.08186,-0.496944,-0.392326,0.442,0.441983,-0.0538798,32.7418,0.261098,0.078409,-0.0367654,0.221366,0.459621,-1.13971,-0.0522195,0,0,0,-0.0156818,0,1709,1632,1864,1772
5.69273e+08,-1.12989,0.289502,10.5019,1.57,1.92674,-1.12446,-3.70456,-6.13851,-6.57006,-1.08051,-0.546612,2.8771,1.48017,0.442,0.441533,-0.0525923,32.7241,0.260297,0.0829801,-0.040055,0.228552,0.445895,-1.17444,-0.0520593,0,0,0,-0.016596,0,1773,1618,1784,1803
5.69294e+08,-1.18699,-0.471557,9.74095,-2.75119,0.781705,-1.12722,0.761325,-6.93952,-11.0128,-1.35175,-10.9984,3.13664,3.11564,0.442,0.441482,-0.045681,32.7241,0.259518,0.0875321,-0.0389481,0.2276,0.449828,-1.17653,-0.0519035,0,0,0,-0.0175064,0,1869,1574,1661,1850
5.69315e+08,0.453466,-0.510091,9.84156,-2.96387,-0.119058,-1.21213,-0.336836,2.6346,-7.74563,-1.42204,-7.78683,1.77787,1.81004,0.441,0.440639,-0.040325,32.73,0.258821,0.0921555,-0.034844,0.23117,0.465885,-1.19684,-0.0517641,0,0,0,-0.0184311,0,1841,1578,1694,1829
5.69336e+08,0.0423163,1.07705,10.2908,5.97487,-4.04272,-1.22707,-4.1983,0.234321,-4.44792,-1.60703,-4.57829,0.663361,0.80667,0.441,0.440503,-0.0318291,32.6947,0.258087,0.0966525,-0.0366623,0.224848,0.458141,-1.17733,-0.0516175,0,0,0,-0.0193305,0,1790,1559,1740,1825
5.69357e+08,-0.334563,-0.358361,10.6402,-1.92803,-13.8901,-1.27907,0.947004,-1.79995,-2.72273,-1.83566,-4.30079,4.02214,3.20383,0.441,0.440502,-0.0212809,32.7065,0.25746,0.101069,-0.0313739,0.220849,0.479032,-1.16704,-0.051492,0,0,0,-0.0202139,0,1808,1595,1683,1792
5.69378e+08,-1.36356,-0.929155,10.6449,-4.94825,-9.2183,-1.29175,-8.98584,-7.2722,-3.24182,-1.94769,-3.1471,4.41909,4.38011,0.442,0.441505,0.00284049,32.6947,0.256753,0.105653,-0.0353596,0.229201,0.462626,-1.20651,-0.0513506,0,0,0,-0.0211307,0,1702,1514,1732,1837
5.69399e+08,-1.50986,1.37811,11.7908,6.61296,-0.821348,-1.2168,-0.890623,-7.24846,1.64368,-1.78055,1.783,3.53359,3.59583,0.442,0.441728,0.017267,32.6682,0.255898,0.11027,-0.0427136,0.230837,0.432524,-1.2191,-0.0511797,0,0,0,-0.022054,0,1714,1595,1703,1726
5.6942e+08,-1.62638,-0.387262,11.2705,-1.94779,-2.2412,-1.22475,-2.21007,-8.20657,-0.615863,-1.70254,-0.404665,6.6939,6.60218,0.442,0.441833,0.0249393,32.7035,0.254958,0.114985,-0.0470256,0.235748,0.414512,-1.24495,-0.0509916,0,0,0,-0.022997,0,1699,1578,1677,1756
5.69442e+08,0.591747,0.258193,10.0302,1.47199,0.247354,-0.986146,0.267685,3.37521,8.10169,-1.46314,7.93972,5.59466,5.62475,0.441,0.440997,0.0233524,32.6771,0.253027,0.123975,-0.050463,0.219607,0.399221,-1.19199,-0.0506054,0,0,0,-0.0247949,0,1664,1660,1727,1672
5.69462e+08,0.00229276,-0.972507,9.92193,-5.59801,-13.5084,-0.975887,-13.113,0.0131768,4.20856,-1.41865,4.14369,4.67863,4.69857,0.441,0.440953,0.0209971,32.6624,0.252095,0.128344,-0.0466064,0.21845,0.413976,-1.19309,-0.050419,0,0,0,-0.0256687,0,1601,1536,1801,1791
5.69482e+08,0.370088,-1.21817,8.49431,-8.15349,-19.5236,-1.01909,1.25812,2.46951,2.31544,-1.37833,0.216992,3.02977,4.60908,0.445,0.44094,0.0178126,32.6947,0.252095,0.128344,-0.0466064,0.21845,0.413976,-1.19309,-0.050419,0,0,0,-0.0256687,0,1734,1613,1676,1720
5.69503e+08,0.589504,-0.262025,8.07541,-1.85351,-9.20303,-1.38953,-9.18438,4.17299,1.03299,-1.18812,1.00519,2.43435,2.47199,0.445,0.444651,0.0172784,32.6624,0.250252,0.137089,-0.0438675,0.217959,0.423557,-1.20264,-0.0500504,0,0,0,-0.0274178,0,1650,1526,1766,1775
5.69524e+08,0.0574166,-1.70466,9.22981,-10.4639,-5.32516,-1.45903,5.60291,0.350492,2.89559,-1.1707,0.912471,4.55649,1.70508,0.445,0.444826,0.0113577,32.6653,0.249436,0.141294,-0.0408161,0.210258,0.435224,-1.17731,-0.0498871,0,0,0,-0.0282589,0,1762,1630,1669,1673
5.69545e+08,-1.32095,0.390655,10.0084,2.21609,10.4,-1.55525,-2.58816,-7.51305,-6.63113,-1.10366,4.7957,3.671,1.51391,0.448,0.445891,0.00860622,32.6624,0.248665,0.145525,-0.0385269,0.211524,0.44389,-1.18799,-0.049733,0,0,0,-0.029105,0,1676,1599,1758,1704
5.69566e+08,0.835183,0.703749,8.94334,4.47991,14.1405,-1.38705,13.7986,5.3188,-4.72273,-1.05833,-4.77746,1.8084,1.84642,0.448,0.447693,0.00252463,32.6653,0.248025,0.149853,-0.0320104,0.216403,0.469673,-1.21329,-0.049605,0,0,0,-0.0299706,0,1864,1654,1572,1656
5.69586e+08,0.847297,0.0751532,9.91339,0.432772,2.79697,-1.3501,2.76948,4.88506,-1.7609,-1.13989,-1.89867,1.48779,1.46165,0.448,0.447761,-0.00438562,32.6388,0.247326,0.154052,-0.0349698,0.20995,0.457376,-1.19298,-0.0494651,0,0,0,-0.0308104,0,1774,1600,1678,1719
5.69606e+08,0.529868,-0.478782,8.68055,-3.15114,-10.7908,-1.25959,-10.413,3.48776,3.84215,-1.11826,3.70729,1.97634,1.98124,0.449,0.448323,-0.0156623,32.6535,0.246518,0.15798,-0.0403937,0.196386,0.435056,-1.14382,-0.0493035,0,0,0,-0.0315959,0,1647,1559,1818,1783
5.69627e+08,-0.712249,1.10355,10.3746,6.05756,-1.4015,-1.14733,-1.31446,-3.90541,4.65131,-1.11678,4.66167,1.01451,1.00712,0.449,0.448674,-0.0110646,32.6388,0.245636,0.161795,-0.0440888,0.190765,0.419575,-1.12638,-0.0491272,0,0,0,-0.032359,0,1705,1622,1758,1701
5.69648e+08,-0.425486,0.303952,9.81513,1.77209,-12.7603,-1.2718,-12.6973,-2.48103,1.49101,-1.04511,1.56162,0.983972,1.04836,0.449,0.448719,-0.0122284,32.6624,0.244775,0.165585,-0.0430452,0.189488,0.423124,-1.12634,-0.048955,0,0,0,-0.0331169,0,1644,1520,1820,1806
5.69669e+08,0.264999,-1.13146,8.37583,-7.68952,-9.2183,-1.46288,-8.39785,1.79585,-1.94411,-1.06237,-2.14595,1.47252,1.61439,0.451,0.449902,-0.00502867,32.6241,0.243982,0.169386,-0.03963,0.190042,0.436269,-1.13366,-0.0487965,0,0,0,-0.0338771,0,1689,1516,1755,1799
5.6969e+08,-1.71735,0.458091,10.9205,2.37289,-2.19539,-1.77208,-2.39928,-8.92936,-7.7151,-1.05868,-7.54033,1.77787,1.71287,0.451,0.450575,-0.0127103,32.6241,0.243303,0.173133,-0.0339799,0.187373,0.45852,-1.128,-0.0486606,0,0,0,-0.0346266,0,1770,1521,1682,1804
5.69711e+08,0.19288,0.609821,9.89581,3.52568,3.83514,-1.73696,3.68503,1.1145,-5.59296,-0.964859,-5.60084,1.57939,1.59599,0.451,0.450597,-0.0173843,32.6153,0.242618,0.176903,-0.034227,0.188525,0.457111,-1.1377,-0.0485237,0,0,0,-0.0353807,0,1804,1583,1658,1749
5.69732e+08,0.140798,-1.01104,9.23322,-6.24829,5.85041,-1.57299,5.90117,0.86845,-8.26472,-1.06389,-8.27809,2.28168,2.21608,0.452,0.451399,-0.0123664,32.6241,0.241858,0.180551,-0.0380331,0.182371,0.44133,-1.11795,-0.0483715,0,0,0,-0.0361102,0,1833,1578,1611,1748
5.69753e+08,-1.33275,-0.0934358,10.4777,-0.506843,-3.06562,-1.37201,9.78687,-7.24877,-12.6464,-1.26779,-6.38708,2.40382,2.00219,0.452,0.451678,-0.0067462,32.6094,0.241302,0.184156,-0.0277611,0.180258,0.482271,-1.11435,-0.0482605,0,0,0,-0.0368312,0,1848,1612,1587,1702
5.69774e+08,-1.19889,-0.601611,9.54369,-3.57896,-1.32516,-1.12842,-1.2324,-7.14605,-11.3334,-1.58306,-11.2387,2.81603,2.82713,0.452,0.451741,0.00175076,32.6153,0.240864,0.187711,-0.0219277,0.177767,0.505556,-1.10919,-0.0481728,0,0,0,-0.0375423,0,1801,1495,1613,1813
5.69795e+08,-0.864794,0.108871,10.848,0.573186,-3.85952,-1.22465,-4.1252,-4.55771,-4.32579,-1.68714,-4.25413,5.12138,5.02922,0.451,0.45092,0.0102791,32.5976,0.240245,0.190907,-0.0309503,0.159771,0.469029,-1.04139,-0.048049,0,0,0,-0.0381814,0,1714,1525,1669,1791
5.69816e+08,-0.0580078,1.20229,10.6259,6.45533,-11.3404,-1.37068,-11.4976,-0.310798,8.54444,-1.58524,8.43209,2.9229,3.01314,0.451,0.450771,0.0100555,32.6212,0.239586,0.194082,-0.0329462,0.158752,0.460633,-1.04166,-0.0479172,0,0,0,-0.0388164,0,1577,1553,1824,1744
5.69837e+08,-1.1346,0.0197596,10.416,0.108054,-12.4855,-1.5417,-3.70184,-6.21662,2.66658,-1.41889,9.5659,5.02977,4.40316,0.451,0.450771,0.00694575,32.6035,0.238903,0.19709,-0.0341422,0.150408,0.455413,-1.01235,-0.0477806,0,0,0,-0.039418,0,1616,1626,1778,1691
5.69858e+08,-1.17526,0.282277,10.8604,1.48022,4.98018,-1.5124,4.91506,-6.17417,-3.54716,-1.38325,-3.39681,3.30458,3.3753,0.454,0.453497,0.0190948,32.5771,0.238199,0.200046,-0.0351957,0.14778,0.450737,-1.0059,-0.0476398,0,0,0,-0.0400091,0,1759,1576,1614,1701
5.69879e+08,0.826386,-2.00812,7.82312,-14.3201,2.96491,-1.31467,3.30614,5.84199,-0.951741,-1.39676,-1.04384,4.02214,4.07871,0.454,0.453825,0.0122,32.5741,0.237561,0.203219,-0.0318848,0.158692,0.463648,-1.05404,-0.0475123,0,0,0,-0.0406439,0,1736,1592,1640,1701
5.699e+08,-0.25357,0.33767,10.0501,1.92373,10.7664,-1.10833,10.6994,-1.44449,-1.82197,-1.42659,-1.84916,5.39619,5.33566,0.454,0.453829,0.00645147,32.6182,0.237043,0.206259,-0.0259422,0.152002,0.487262,-1.03142,-0.0474085,0,0,0,-0.0412519,0,1797,1652,1578,1663
5.69921e+08,1.37544,-1.45901,7.69531,-10.572,-7.85952,-1.20162,4.22528,9.96007,11.5826,-1.29639,1.97258,3.21298,2.90349,0.457,0.456325,0.00729499,32.5741,0.236609,0.209098,-0.0216582,0.141939,0.504332,-0.995017,-0.0473219,0,0,0,-0.0418197,0,1726,1617,1661,1667
5.69942e+08,0.391321,-0.290926,9.16531,-1.81642,-9.78318,-1.36707,-9.72635,2.44358,12.1322,-0.970675,12.0717,2.23588,2.21147,0.457,0.456758,-0.00500981,32.6006,0.235563,0.213772,-0.0287229,0.107416,0.475544,-0.863227,-0.0471126,0,0,0,-0.0427544,0,1560,1597,1853,1700
5.69963e+08,-0.34934,1.26009,10.3128,6.96232,-9.98165,-1.40697,-9.99506,-1.92581,7.20093,-0.793052,7.28802,-0.496944,-0.450271,0.457,0.456765,-0.00462657,32.5653,0.235018,0.215881,-0.0272348,0.10543,0.481256,-0.858317,-0.0470036,0,0,0,-0.0431762,0,1601,1551,1836,1723
5.69984e+08,-0.669029,0.246151,9.47336,1.48471,-2.3328,-1.57716,-2.41156,-4.03828,-3.89831,-0.674993,-3.69535,0.0832087,0.128392,0.458,0.457622,-0.0127785,32.5476,0.234832,0.218045,-0.00930868,0.108225,0.553348,-0.872654,-0.0469664,0,0,0,-0.0436091,0,1733,1533,1709,1756
5.70005e+08,-0.143286,-1.2567,9.19034,-7.78548,4.32369,-1.51882,14.3468,-0.884991,-1.44029,-0.656356,-2.99824,-0.0999974,-0.596376,0.458,0.457663,-0.0213091,32.5653,0.233893,0.220173,0,0.106389,0.590358,-0.868378,-0.0467785,0,0,0,-0.0440346,0,1858,1661,1604,1635
5.70026e+08,-1.46888,-0.0163666,9.39053,-0.0986599,19.8046,-1.43822,5.52621,-8.89025,-7.91357,-0.656728,3.09989,0.12901,-2.86368,0.455,0.457618,-0.0318936,32.5594,0.232957,0.222226,0,0.102662,0.590035,-0.856424,-0.0465914,0,0,0,-0.0444453,0,1772,1642,1728,1652
5.70047e+08,0.990336,0.906056,9.56321,5.38365,15.255,-1.20134,14.9773,5.88613,0.300168,-0.622615,0.206164,-2.87862,-2.79391,0.455,0.454734,-0.048956,32.5535,0.232025,0.224118,0,0.094607,0.589713,-0.826915,-0.0464051,0,0,0,-0.0448237,0,1882,1712,1658,1623
5.70068e+08,0.577549,-0.204223,9.59977,-1.21651,-3.3557,-1.10164,-3.33997,3.44215,3.78108,-0.616139,3.6232,-2.61908,-2.65841,0.455,0.454549,-0.0533254,32.5418,0.231097,0.225662,0,0.0771803,0.589392,-0.759381,-0.0462194,0,0,0,-0.0451324,0,1731,1611,1815,1733
5.70089e+08,-0.325148,0.130547,10.5864,0.706177,-11.2641,-1.23769,-14.6358,-1.75908,2.16276,-0.62813,2.67459,-5.27557,-4.40279,0.457,0.455242,-0.052621,32.5594,0.230173,0.226956,0,0.0646978,0.589073,-0.711365,-0.0460346,0,0,0,-0.0453912,0,1661,1511,1897,1813
5.7011e+08,1.18415,-0.543809,8.45195,-3.6459,-6.2412,-1.52349,-6.1816,7.95922,7.47574,-0.479038,7.29057,-4.98549,-4.94287,0.457,0.456384,-0.0547072,32.5506,0.230358,0.22804,0.00926939,0.0541786,0.626905,-0.670959,-0.0460716,0,0,0,-0.0456079,0,1685,1599,1878,1720
5.70131e+08,-0.864691,-0.262025,9.40149,-1.58975,3.02598,-1.49849,3.03471,-5.2529,-1.25708,-0.524888,-1.13269,-4.45114,-4.47656,0.457,0.456455,-0.0515953,32.5359,0.23072,0.22907,0.0181064,0.0514989,0.663228,-0.66193,-0.0461441,0,0,0,-0.0458139,0,1807,1603,1746,1714
5.70152e+08,-0.687906,-0.567893,10.5998,-3.0603,0.903843,-1.43984,0.943783,-3.70786,-3.19602,-0.59226,-3.16663,-4.64962,-4.6417,0.453,0.454095,-0.0491587,32.5006,0.231021,0.230087,0.0150544,0.0508616,0.65179,-0.661078,-0.0462043,0,0,0,-0.0460174,0,1811,1575,1748,1745
5.70173e+08,-2.27143,0.833803,12.1491,3.85945,14.629,-1.22648,1.28078,-10.5657,-16.6617,-0.667656,-2.545,-2.34427,-5.06282,0.453,0.452693,-0.0490771,32.5271,0.231588,0.230997,0.0283403,0.0454866,0.706215,-0.641091,-0.0463177,0,0,0,-0.0461993,0,1818,1583,1751,1738
5.70194e+08,-0.21061,0.412331,10.0217,2.35552,2.24735,-1.08157,2.1654,-1.2029,-9.79144,-0.957651,-9.79354,-3.39771,-3.41444,0.453,0.452578,-0.0401182,32.5094,0.232361,0.231709,0.0386332,0.0356236,0.748896,-0.602856,-0.0464722,0,0,0,-0.0463418,0,1866,1534,1672,1785
5.70215e+08,-0.764507,0.116096,9.89822,0.669996,2.61377,-1.05841,2.343,-4.41627,-6.26472,-1.15983,-6.21878,-4.25267,-4.22393,0.447,0.448077,-0.0480421,32.5359,0.233202,0.232158,0.0420339,0.0224536,0.764023,-0.551027,-0.0466403,0,0,0,-0.0464316,0,1863,1569,1712,1773
5.70236e+08,-0.767228,1.31549,11.98,6.25367,-1.92058,-1.1658,-2.22281,-3.64253,3.82689,-1.23548,3.7974,-3.06183,-3.09529,0.447,0.446653,-0.0398966,32.5241,0.234013,0.23235,0.0405629,0.00956959,0.759575,-0.50002,-0.0468026,0,0,0,-0.0464699,0,1748,1605,1807,1738
5.70257e+08,-0.518283,-0.878579,10.0246,-5.00207,-14.8061,-1.35785,2.40212,-2.94833,8.11696,-1.27819,4.9878,-3.33664,-2.56887,0.447,0.446504,-0.0367777,32.5153,0.234709,0.23142,0.0348211,0,0.737854,-0.461318,-0.0469419,0,0,0,-0.046284,0,1766,1643,1781,1700
5.70278e+08,1.87201,-1.10497,7.52213,-8.11273,-3.00455,-1.47359,-2.76684,13.8325,9.44521,-1.12632,9.25148,-1.70305,-1.68121,0.447,0.446533,-0.0357293,32.5506,0.235358,0.230494,0.0324201,0,0.729474,-0.460998,-0.0470715,0,0,0,-0.0460989,0,1690,1640,1847,1709
5.70299e+08,0.50094,0.506259,9.94524,2.91042,20.6138,-1.20779,20.5872,2.87982,2.75818,-1.0515,2.71514,-2.02366,-2.00665,0.447,0.446584,-0.0293992,32.48,0.236224,0.230629,0.0433034,0.00671001,0.774648,-0.488502,-0.0472448,0,0,0,-0.0461257,0,1902,1757,1626,1577
5.7032e+08,-0.938912,0.450866,10.8462,2.37149,12.2016,-0.96314,12.1949,-4.94327,2.62078,-1.02084,2.60178,-3.15343,-3.13649,0.447,0.44661,-0.0340017,32.5182,0.237302,0.230836,0.0539092,0.0103643,0.818979,-0.503843,-0.0474604,0,0,0,-0.0461672,0,1855,1698,1691,1633
5.70341e+08,-2.24761,1.02648,12.1968,4.73134,10.629,-0.789216,-3.50904,-10.4052,-3.54716,-0.872897,6.47922,-3.0313,-4.60933,0.446,0.445768,-0.0492366,32.4888,0.238361,0.229913,0.0529748,0,0.817004,-0.461956,-0.0476723,0,0,0,-0.0459825,0,1738,1626,1852,1722
5.70362e+08,-1.05554,-0.90748,9.96331,-5.17546,-11.6763,-0.693028,-11.4847,-6.02276,-1.8067,-1.02162,-1.6677,-5.22977,-5.27359,0.446,0.445671,-0.0325685,32.5124,0.240245,0.22922,0.0474794,-0.0238604,0.798216,-0.366227,-0.0480489,0,0,0,-0.045844,0,1730,1493,1838,1821
5.70383e+08,-0.413584,0.441232,9.59217,2.63126,-4.13433,-0.936576,-4.46017,-2.46628,1.38414,-0.989152,1.40648,-5.85572,-5.86798,0.446,0.445674,-0.0284921,32.4771,0.241396,0.228485,0.057587,-0.0367408,0.84065,-0.31406,-0.0482793,0,0,0,-0.045697,0,1753,1554,1813,1747
5.70404e+08,1.06244,-0.765383,8.16679,-5.30958,-19.4473,-1.17355,-19.2008,7.38013,8.30017,-0.860533,8.19197,-8.1,-7.97239,0.444,0.443839,-0.039462,32.4859,0.242594,0.22775,0.0598587,-0.0367763,0.851714,-0.313408,-0.0485187,0,0,0,-0.0455499,0,1618,1499,1993,1809
5.70425e+08,-0.43268,0.417148,10.124,2.35733,5.30079,-1.3291,-4.01179,-2.44516,2.13223,-0.753883,3.41916,-7.82519,-7.77275,0.444,0.443611,-0.037608,32.4565,0.244082,0.227142,0.0744273,-0.0303642,0.912468,-0.338776,-0.0488164,0,0,0,-0.0454285,0,1754,1571,1850,1734
5.70446e+08,0.422499,-0.779834,7.90616,-5.62524,11.2397,-1.08579,15.8386,3.04419,1.81162,-0.738477,1.70252,-9.44351,-8.5719,0.444,0.4436,-0.0361907,32.4653,0.245495,0.226739,0.0706213,-0.0201859,0.899434,-0.379505,-0.0490989,0,0,0,-0.0453477,0,1914,1699,1696,1597
5.70467e+08,-1.29011,1.10114,10.603,5.88588,25.1787,-0.756426,24.8144,-6.90052,-4.38686,-0.772951,-4.26994,-8.81755,-8.85827,0.444,0.443629,-0.0387246,32.4388,0.246973,0.226241,0.0739049,-0.0249005,0.91492,-0.360383,-0.0493945,0,0,0,-0.0452481,0,2028,1725,1589,1572
5.70488e+08,-0.807499,0.157039,10.6272,0.84417,10.7817,-0.573939,10.599,-4.34475,-8.03571,-0.830322,-7.84495,-9.42824,-9.46572,0.444,0.443637,-0.0396398,32.4535,0.248556,0.225417,0.0791679,-0.0411856,0.93848,-0.294444,-0.0497112,0,0,0,-0.0450834,0,1959,1597,1666,1697
5.70509e+08,-0.671116,-0.837636,10.2124,-4.67894,-9.32516,-0.560019,-2.5826,-3.74729,-2.98228,-0.852065,-4.73655,-10.4664,-11.6244,0.44,0.442195,-0.0426964,32.4682,0.250036,0.224375,0.0740072,-0.052109,0.920106,-0.249731,-0.0500072,0,0,0,-0.0448749,0,1858,1520,1797,1764
5.7053e+08,1.51622,-1.10979,7.88332,-7.87085,-9.00455,-0.912165,-8.94325,10.7831,0.468107,-0.873944,0.302567,-12.1153,-12.0458,0.44,0.439751,-0.0495403,32.4094,0.251526,0.223064,0.0744911,-0.0655155,0.924386,-0.194719,-0.0503052,0,0,0,-0.0446129,0,1784,1513,1895,1787
5.70551e+08,0.651803,-1.03753,9.68384,-6.10168,-6.76028,-1.16439,-6.73832,3.82883,0.132229,-0.789133,0.0791226,-10.2832,-10.3519,0.44,0.439569,-0.0449251,32.4476,0.253116,0.221759,0.0795099,-0.0652634,0.946983,-0.194491,-0.0506232,0,0,0,-0.0443518,0,1787,1529,1871,1779
5.70572e+08,-0.48014,-0.652188,10.2742,-3.62819,13.6061,-1.23856,13.4262,-2.67025,-3.33342,-0.972828,-3.37179,-11.1382,-11.187,0.437,0.437788,-0.0373694,32.48,0.254687,0.220421,0.0785431,-0.0669003,0.945553,-0.186644,-0.0509374,0,0,0,-0.0440842,0,1956,1636,1702,1656
5.70593e+08,-0.566204,-0.286109,9.99475,-1.63707,23.4382,-1.13218,17.4275,-3.24102,-9.54716,-1.02755,-6.72057,-11.6725,-12.1483,0.437,0.4367,-0.036522,32.4329,0.256171,0.219152,0.0741992,-0.0634777,0.930471,-0.199172,-0.0512342,0,0,0,-0.0438303,0,2016,1638,1653,1647
5.70614e+08,0.486603,0.542385,10.1163,3.06545,11.0412,-0.690708,11.2403,2.74993,1.42994,-1.26616,1.20122,-13.5504,-13.4357,0.437,0.436649,-0.026709,32.4359,0.257836,0.21785,0.0832539,-0.0650778,0.969358,-0.191513,-0.0515672,0,0,0,-0.04357,0,1922,1639,1742,1619
5.70634e+08,-1.00046,-1.4855,9.50649,-8.8333,-0.867149,-0.590879,-0.655655,-5.93615,-4.00518,-1.47025,-3.88474,-14.6191,-14.5862,0.437,0.436693,-0.0196905,32.4153,0.259407,0.216375,0.0785349,-0.0737578,0.952887,-0.155238,-0.0518814,0,0,0,-0.043275,0,1877,1505,1787,1730
5.70654e+08,0.682995,-1.57702,8.63592,-10.3173,-15.9206,-0.842708,-15.6233,4.44872,8.1933,-1.49496,8.08937,-14.6038,-14.5717,0.437,0.436693,-0.0161975,32.4388,0.260949,0.214508,0.0771008,-0.0933322,0.949557,-0.0747709,-0.0521897,0,0,0,-0.0429016,0,1678,1476,1980,1752
5.70674e+08,-1.01803,1.58523,11.4773,7.8335,-8.22593,-1.03288,-8.34671,-5.0214,10.7124,-1.42911,10.7151,-14.1611,-14.0735,0.437,0.436736,-0.00215518,32.4447,0.262577,0.212546,0.0813966,-0.0981087,0.96932,-0.0535302,-0.0525153,0,0,0,-0.0425092,0,1694,1534,1936,1674
5.70695e+08,-0.365803,0.352121,10.1024,1.99493,7.86567,-1.06718,7.71446,-2.07248,9.87269,-1.29573,9.83457,-13.1076,-13.0744,0.436,0.436068,0.00297382,32.4418,0.264121,0.210668,0.0772164,-0.0939169,0.954985,-0.0683608,-0.0528242,0,0,0,-0.0421335,0,1805,1645,1810,1566
5.70716e+08,0.735256,-0.599203,8.99595,-3.7981,13.0412,-1.09995,12.9379,4.66222,5.58261,-0.992731,5.57994,-12.6954,-12.6861,0.436,0.435856,-0.00350795,32.4241,0.265581,0.209,0.0730028,-0.0833938,0.940413,-0.108847,-0.0531162,0,0,0,-0.0418,0,1873,1664,1752,1562
5.70737e+08,-0.895613,-0.693131,9.9469,-3.9701,4.81224,-0.954486,20.4167,-5.13262,-2.38686,-0.821336,0.569555,-12.4359,-12.519,0.436,0.435824,-0.01652,32.3888,0.267261,0.207307,0.0839738,-0.0846449,0.987022,-0.102075,-0.0534521,0,0,0,-0.0414614,0,1972,1696,1673,1553
5.70758e+08,1.43256,-0.796693,8.25427,-5.43234,4.5527,-0.669297,4.75609,9.80117,4.08643,-0.87851,3.8263,-13.3214,-13.2165,0.438,0.437487,-0.0161942,32.4094,0.269117,0.205784,0.0928296,-0.0761533,1.02537,-0.13459,-0.0538234,0,0,0,-0.0411568,0,1844,1604,1803,1632
5.70779e+08,-0.370419,-0.22349,10.4315,-1.22657,-0.882417,-0.603643,-0.797301,-2.03322,1.09406,-1.0008,1.10822,-12.1153,-12.1581,0.438,0.437806,-0.00605587,32.4388,0.271072,0.203985,0.097726,-0.0899196,1.04797,-0.0774845,-0.0542143,0,0,0,-0.0407971,0,1811,1538,1806,1687
5.708e+08,1.65952,-1.20612,7.98276,-8.41464,-11.2336,-0.764506,-11.0608,11.6156,5.262,-0.934411,5.0941,-14.1458,-14.1106,0.438,0.437847,-0.0104041,32.3918,0.272852,0.202282,0.089033,-0.0851687,1.01585,-0.0947624,-0.0545705,0,0,0,-0.0404564,0,1719,1488,1924,1727
5.70821e+08,0.343666,-0.654596,8.60445,-4.34703,1.10232,-0.94626,-6.70375,2.28062,5.65895,-0.959926,5.13688,-12.5733,-14.6961,0.44,0.439528,-0.00112607,32.3741,0.274677,0.200412,0.0912296,-0.0934948,1.02746,-0.0593794,-0.0549354,0,0,0,-0.0400824,0,1740,1502,1887,1685
5.70842e+08,1.33693,-0.365587,8.41887,-2.45576,-2.85188,-0.996996,-2.63041,9.01494,14.5444,-0.646554,14.3856,-13.5656,-13.5305,0.44,0.439816,-0.0123969,32.3976,0.277848,0.196863,0.074258,-0.0833161,0.964411,-0.0964542,-0.0555696,0,0,0,-0.0393726,0,1702,1616,1933,1600
5.70863e+08,-0.917008,-1.03513,9.30295,-6.31873,5.19392,-0.912442,5.41,-5.59525,2.31544,-0.561866,2.41227,-13.7794,-13.7909,0.44,0.439846,-0.0114609,32.4065,0.279559,0.195296,0.0855292,-0.0783396,1.01228,-0.114797,-0.0559118,0,0,0,-0.0390592,0,1845,1587,1790,1623
5.70884e+08,-0.181393,-1.61314,9.54119,-9.59464,2.98018,-0.891314,3.23954,-1.07391,-4.89067,-0.706828,-4.83113,-12.9855,-12.9829,0.44,0.439839,-0.0107825,32.3859,0.281797,0.193593,0.111934,-0.0851385,1.12153,-0.0857368,-0.0563595,0,0,0,-0.0387187,0,1881,1520,1748,1697
5.70905e+08,-0.831244,-0.324644,10.2917,-1.80089,3.5756,-0.675545,0.360792,-4.61538,-15.5624,-1.04449,-10.0676,-12.2527,-12.6427,0.44,0.439851,-0.00668363,32.3947,0.284084,0.191975,0.114323,-0.0809385,1.13451,-0.100893,-0.0568168,0,0,0,-0.0383949,0,1900,1458,1718,1754
5.70926e+08,-0.127253,1.19507,9.92789,6.86337,-1.41677,-0.707965,-6.86759,-0.7291,-10.3716,-1.41908,-13.9034,-13.9168,-11.4242,0.44,0.439842,0.00247981,32.3624,0.286369,0.190413,0.114245,-0.0781015,1.1376,-0.110652,-0.0572738,0,0,0,-0.0380825,0,1868,1373,1725,1836
5.70947e+08,-1.6622,-0.355953,10.931,-1.84391,-7.50837,-0.844082,-7.49908,-8.64181,-4.32579,-1.61017,-4.17333,-11.4588,-11.5975,0.44,0.439796,0.00139479,32.3771,0.288409,0.188819,0.102028,-0.0796824,1.0917,-0.102649,-0.0576819,0,0,0,-0.0377638,0,1797,1433,1801,1775
5.70968e+08,0.138368,-0.859311,8.96518,-5.47442,4.6443,-0.990551,4.51603,0.880197,12.5597,-1.44454,12.4551,-11.5504,-11.5633,0.44,0.439801,0.000928119,32.3741,0.290167,0.187319,0.0878963,-0.0750001,1.03777,-0.119881,-0.0580335,0,0,0,-0.0374638,0,1760,1638,1838,1570
5.70988e+08,0.369976,-0.813551,9.54199,-4.86962,2.12522,-1.02769,2.17945,2.21242,15.3231,-1.17881,15.2887,-11.3061,-11.339,0.442,0.44058,0.00730018,32.3976,0.291874,0.186026,0.0853292,-0.0646498,1.03016,-0.160104,-0.0583748,0,0,0,-0.0372052,0,1711,1639,1871,1557
5.71009e+08,0.978829,-0.647371,9.02653,-4.07833,1.91148,-0.903988,14.9144,6.17319,7.72001,-1.1828,-3.03385,-10.2832,-9.01322,0.442,0.441841,0.0231345,32.3888,0.293473,0.184739,0.0799792,-0.0643488,1.01126,-0.160028,-0.0586947,0,0,0,-0.0369478,0,1908,1596,1623,1590
5.7103e+08,-1.37124,0.913281,11.5857,4.47608,11.9725,-0.780297,11.6124,-6.72921,-9.45556,-1.24994,-9.38799,-8.29847,-8.34456,0.442,0.442007,0.0272842,32.3653,0.29515,0.183235,0.0838153,-0.0751906,1.0293,-0.114985,-0.05903,0,0,0,-0.036647,0,1926,1527,1593,1657
5.7105e+08,0.737632,-0.55826,8.9604,-3.5531,-10.0733,-0.85175,-9.92832,4.69699,-6.47846,-1.40157,-6.60035,-7.48931,-7.45379,0.443,0.442605,0.0254586,32.3624,0.296908,0.181643,0.0879264,-0.0795893,1.04855,-0.0956696,-0.0593817,0,0,0,-0.0363287,0,1750,1394,1761,1798
5.7107e+08,-0.186612,-0.0163666,9.22561,-0.101624,3.33132,-1.04448,3.01351,-1.1588,-2.66166,-1.64572,-2.73516,-6.48168,-6.49892,0.443,0.442895,0.0225776,32.4006,0.298517,0.180001,0.0804295,-0.0821203,1.02106,-0.083778,-0.0597034,0,0,0,-0.0360002,0,1812,1514,1694,1690
5.7109e+08,-0.946036,0.308769,10.7178,1.64379,3.05651,-1.12525,2.95867,-5.04222,8.22383,-1.64025,8.15958,-4.66488,-4.73174,0.443,0.442852,0.0164655,32.3859,0.299871,0.178466,0.0677135,-0.0767429,0.972314,-0.103738,-0.0599742,0,0,0,-0.0356932,0,1731,1605,1772,1627
5.7111e+08,0.59919,-0.746116,8.33342,-5.10312,-2.36333,-1.04744,-2.03131,4.09628,16.3612,-1.46658,16.2263,-5.2603,-5.16838,0.446,0.444651,0.0136777,32.3682,0.300956,0.177129,0.0542343,-0.0668619,0.920172,-0.142007,-0.0601912,0,0,0,-0.0354258,0,1638,1628,1867,1597
5.7113e+08,0.866299,0.438824,9.43911,2.65064,16.7664,-0.980593,16.5285,5.23815,11.5673,-1.14923,11.4557,-4.49694,-4.40252,0.446,0.445818,0.0202095,32.3418,0.302183,0.176024,0.0613356,-0.0552151,0.950754,-0.18765,-0.0604365,0,0,0,-0.0352049,0,1790,1726,1692,1490
5.71151e+08,-1.16554,-0.312601,9.9335,-1.7902,2.70537,-0.824104,2.82652,-6.68891,-0.692199,-1.0943,-0.527104,-2.37481,-2.35807,0.446,0.445964,0.0139931,32.38,0.303409,0.174946,0.0613313,-0.053927,0.952839,-0.191777,-0.0606818,0,0,0,-0.0349892,0,1775,1561,1699,1684
5.71172e+08,-1.4141,0.482175,11.5898,2.3648,-2.60761,-0.984414,-2.11469,-6.95045,-5.21128,-1.10887,-1.33358,-1.58091,-0.826254,0.449,0.447712,0.00760418,32.3418,0.304608,0.173846,0.0599425,-0.0549952,0.949339,-0.186425,-0.0609216,0,0,0,-0.0347692,0,1740,1527,1726,1736
5.71193e+08,-0.444327,-0.635329,9.58097,-3.78976,-5.14196,-0.942864,-0.122496,-2.64944,-10.4632,-1.28728,-6.93088,0.358018,-1.63812,0.449,0.448794,0.00997628,32.3594,0.305764,0.172766,0.0577967,-0.0540159,0.94275,-0.189308,-0.0611528,0,0,0,-0.0345531,0,1796,1492,1669,1756
5.71213e+08,-1.07504,0.542385,10.2031,3.0262,5.23972,-1.01902,1.51069,-6.00634,-9.22655,-1.53724,-11.9712,0.00687277,0.0142792,0.449,0.448855,0.0132574,32.3506,0.306945,0.171779,0.0590466,-0.0493223,0.949814,-0.207204,-0.061389,0,0,0,-0.0343559,0,1836,1469,1609,1789
5.71233e+08,-0.87469,1.3492,11.0993,6.90953,9.45346,-1.03316,-6.50502,-4.47315,1.1246,-1.70357,0.133955,0.846568,0.988498,0.451,0.450035,0.013567,32.3329,0.30811,0.17087,0.0582337,-0.0454712,0.948587,-0.221816,-0.0616219,0,0,0,-0.034174,0,1689,1498,1743,1764
5.71253e+08,0.186033,-0.52695,9.02028,-3.34262,-3.34043,-0.954466,16.4227,1.17948,10.0712,-1.67441,7.35597,0.541224,2.28075,0.451,0.450722,0.00540936,32.3329,0.30902,0.170123,0.0455423,-0.0373195,0.8994,-0.253882,-0.0618041,0,0,0,-0.0340247,0,1800,1725,1630,1558
5.71273e+08,0.551333,-0.384854,8.04913,-2.73101,8.21682,-0.907743,9.5745,3.91395,9.23147,-1.40491,5.05609,-0.420608,1.98409,0.451,0.45077,-0.00251662,32.3418,0.309716,0.169669,0.0347727,-0.0227014,0.857651,-0.312249,-0.0619432,0,0,0,-0.0339339,0,1773,1671,1674,1624
5.71293e+08,-1.66262,1.13726,11.2302,5.7206,4.81224,-0.873523,-5.79642,-8.37916,-0.112046,-1.22317,9.10491,0.709163,0.682825,0.452,0.451381,-0.00859861,32.3918,0.310323,0.169346,0.0303715,-0.0161744,0.841334,-0.33833,-0.0620647,0,0,0,-0.0338692,0,1643,1593,1823,1699
5.71395e+08,-0.444216,-1.03513,9.60645,-6.14356,-1.84425,-1.16645,-1.62979,-2.63234,9.90322,-1.39991,9.90623,3.8542,3.89179,0.454,0.453713,-0.00542085,32.3065,0.313341,0.168957,0.0232158,0.0145526,0.819301,-0.462622,-0.0626683,0,0,0,-0.0337913,0,1647,1632,1779,1676
5.71496e+08,0.0546384,-0.300559,10.2838,-1.67405,-1.90532,-1.38407,-1.85054,0.304282,-4.24945,-2.00461,-4.3045,8.89237,8.79396,0.452,0.451614,0.000391048,32.2829,0.314751,0.171768,0.0125502,0.0413482,0.781181,-0.575198,-0.0629502,0,0,0,-0.0343535,0,1728,1541,1649,1808
5.71516e+08,1.16275,-0.868945,7.96948,-6.15792,0.858041,-1.18473,10.0283,8.2527,6.46811,-2.20953,-4.43206,6.9687,8.90931,0.452,0.45162,0.00913501,32.2771,0.313492,0.172871,0,0.0551773,0.730411,-0.63237,-0.0626984,0,0,0,-0.0345742,0,1811,1620,1551,1717
5.71537e+08,-1.34446,-0.917113,10.3268,-5.03281,4.75117,-1.05613,7.61463,-7.38896,-0.00517559,-2.08577,8.70543,9.41145,6.64609,0.454,0.453123,0.00347319,32.2829,0.313385,0.174158,-0.00537191,0.0643226,0.709305,-0.67099,-0.0626769,0,0,0,-0.0348315,0,1712,1692,1673,1628
5.71558e+08,-3.18365,1.06019,12.1265,4.83357,-2.94349,-1.09743,-2.95595,-14.6568,-1.56243,-1.89634,-1.25831,9.56412,9.52373,0.454,0.453658,0.00880298,32.3094,0.31308,0.17549,-0.0152281,0.0666059,0.669965,-0.682149,-0.062616,0,0,0,-0.035098,0,1687,1557,1663,1780
5.71598e+08,1.45891,-1.0857,8.25141,-7.38258,-7.17249,-1.40733,-7.17825,9.9427,2.40704,-1.56326,2.36939,10.358,10.3627,0.456,0.455413,0.00214703,32.2771,0.312289,0.178173,-0.0195003,0.063559,0.652979,-0.673962,-0.0624578,0,0,0,-0.0356346,0,1620,1559,1725,1790
5.71618e+08,0.888023,-0.401713,8.52604,-2.68306,-8.48547,-1.43701,-8.22917,5.93962,2.36124,-1.56569,2.14596,10.3275,10.3381,0.456,0.455675,-0.000110848,32.2712,0.311829,0.17975,-0.0230075,0.078858,0.638905,-0.737639,-0.0623658,0,0,0,-0.0359501,0,1616,1553,1733,1800
5.71639e+08,-1.47795,-1.75765,10.487,-9.42306,-7.00455,-1.4766,-6.80275,-7.913,-6.6922,-1.67522,-6.57045,11.8237,11.6777,0.456,0.455674,0.00159036,32.2976,0.311249,0.181473,-0.0290256,0.0861427,0.614607,-0.76936,-0.0622497,0,0,0,-0.0362946,0,1681,1504,1651,1858
5.7166e+08,-2.06361,0.537569,10.5696,2.8577,8.56797,-1.50955,8.32984,-11.0336,-3.53189,-1.86816,-3.31282,10.6176,10.5467,0.459,0.457881,0.0108851,32.2741,0.310677,0.183326,-0.0285731,0.0926445,0.616271,-0.798109,-0.0621354,0,0,0,-0.0366652,0,1761,1615,1557,1713
5.71681e+08,0.331878,-1.1989,8.59409,-7.93581,0.415293,-1.35883,14.4593,2.1903,9.41467,-1.65711,5.85875,10.9382,11.0094,0.459,0.458646,0.00992781,32.2476,0.309891,0.185252,-0.0393153,0.0963147,0.572764,-0.815597,-0.0619782,0,0,0,-0.0370505,0,1736,1732,1578,1600
5.71702e+08,0.130921,0.161856,9.14727,1.01361,10.9649,-1.07167,10.8585,0.819865,6.55971,-1.44552,6.52599,8.64809,8.64668,0.459,0.458751,-0.00349277,32.2535,0.308065,0.18945,-0.0452673,0.106807,0.547722,-0.863661,-0.061613,0,0,0,-0.03789,0,1728,1719,1628,1615
5.71722e+08,-0.363298,-0.0693517,8.92889,-0.444646,5.33132,-0.977492,5.16695,-2.32989,-1.95937,-1.29572,-1.81406,9.31985,9.20485,0.461,0.460442,-0.00757672,32.2418,0.307203,0.191532,-0.0430945,0.104105,0.555914,-0.855801,-0.0614407,0,0,0,-0.0383064,0,1745,1626,1608,1715
5.71743e+08,-1.04883,0.727833,10.569,3.92026,-5.98165,-1.01007,-6.03595,-5.65398,-6.15785,-1.41896,-6.13989,7.24351,7.26545,0.461,0.460708,-0.00524572,32.2682,0.306438,0.193658,-0.0382678,0.106327,0.57487,-0.867746,-0.0612876,0,0,0,-0.0387317,0,1703,1501,1661,1816
5.71764e+08,-0.418424,0.67244,10.0128,3.83877,-13.0504,-1.15788,-13.0455,-2.38757,0.0711601,-1.46331,-0.0447892,6.8771,6.98014,0.461,0.460685,-0.0129027,32.2653,0.305666,0.195996,-0.0385827,0.116863,0.573194,-0.913309,-0.0611333,0,0,0,-0.0391991,0,1617,1499,1763,1830
5.71785e+08,1.08604,0.205207,8.13272,1.43269,-2.02745,-1.37122,-11.5931,7.6039,3.52154,-1.5823,-7.81406,8.11374,8.13263,0.46,0.459762,-0.0150146,32.2535,0.304917,0.198395,-0.0374588,0.11998,0.577317,-0.929199,-0.0609834,0,0,0,-0.0396791,0,1680,1458,1697,1888
5.71806e+08,-0.0604191,1.28659,9.92323,7.38727,6.27789,-1.32008,5.90282,-0.345954,1.85742,-1.39508,1.82701,7.96107,8.00143,0.46,0.459547,-0.0305129,32.2388,0.303993,0.200955,-0.0462122,0.127978,0.541601,-0.964871,-0.0607986,0,0,0,-0.040191,0,1748,1669,1657,1704
5.71827e+08,-0.358783,0.867521,9.87296,5.0183,5.6214,-1.27805,5.49691,-2.07323,2.2849,-1.38486,2.26045,7.57939,7.65339,0.46,0.459539,-0.0280274,32.2182,0.303018,0.203507,-0.048737,0.127627,0.530802,-0.967053,-0.0606036,0,0,0,-0.0407015,0,1742,1666,1662,1700
5.71848e+08,0.396163,-0.52695,10.0505,-2.99895,-6.30226,-1.09737,-6.0028,2.25417,3.49101,-1.4534,3.34581,8.75496,8.86705,0.461,0.460445,-0.0312095,32.2065,0.302049,0.206256,-0.0484611,0.137446,0.531241,-1.01028,-0.0604098,0,0,0,-0.0412513,0,1652,1601,1743,1778
5.71869e+08,0.378964,1.21192,10.1435,6.80855,3.51453,-1.109,-15.2744,2.12449,-3.40976,-1.62263,-7.11781,9.93054,10.2554,0.461,0.460517,-0.0297297,32.2476,0.300978,0.209064,-0.0535317,0.140391,0.510106,-1.02601,-0.0601957,0,0,0,-0.0418128,0,1655,1464,1725,1926
5.7189e+08,1.13632,-0.26925,9.67516,-1.5832,-12.5313,-1.18386,-9.49217,6.69598,-2.29525,-1.85059,-10.9026,12.0679,10.3341,0.461,0.460501,-0.0290011,32.2359,0.299876,0.211695,-0.0550912,0.131558,0.503013,-0.994289,-0.0599753,0,0,0,-0.0423391,0,1723,1474,1654,1916
5.71911e+08,0.159695,-0.271658,9.19403,-1.69219,-17.1878,-1.39519,-16.9389,0.994663,2.94139,-1.86715,2.78132,9.83893,9.93616,0.461,0.460445,-0.0280447,32.23,0.298874,0.214464,-0.0501072,0.138434,0.522287,-1.02575,-0.0597749,0,0,0,-0.0428928,0,1571,1513,1807,1871
5.71932e+08,-1.43278,-1.03513,10.7612,-5.44665,-9.32516,-1.45046,-9.11218,-7.54952,0.422305,-1.85741,0.523617,13.1061,12.9835,0.461,0.460438,-0.0234208,32.2153,0.297879,0.217415,-0.0497462,0.147561,0.523027,-1.06648,-0.0595759,0,0,0,-0.043483,0,1625,1562,1718,1842
5.71953e+08,-0.0143257,-1.31932,9.89765,-7.59254,-3.67631,-1.22103,7.68172,-0.0822019,4.05589,-1.75406,-0.604507,12.358,12.7217,0.462,0.460871,-0.0206332,32.23,0.296806,0.220431,-0.0536919,0.150778,0.506392,-1.08358,-0.0593611,0,0,0,-0.0440862,0,1752,1674,1587,1722
5.71974e+08,0.441484,-0.355953,9.81095,-2.07575,-5.84425,-1.11091,-5.58476,2.57483,0.544443,-1.78148,0.408458,11.7626,11.8671,0.462,0.461549,-0.0112136,32.1829,0.295705,0.223428,-0.0550033,0.149842,0.500288,-1.08402,-0.0591411,0,0,0,-0.0446855,0,1647,1576,1681,1795
5.71995e+08,1.50661,-0.905071,7.90502,-6.41702,-5.27936,-1.15765,-5.17045,10.7222,-1.88304,-1.78651,-2.09981,12.6481,12.7135,0.462,0.461612,-0.0117804,32.2006,0.294545,0.226376,-0.0580307,0.147436,0.487223,-1.0785,-0.058909,0,0,0,-0.0452753,0,1663,1564,1657,1814
5.72015e+08,-0.862638,0.942182,9.56724,5.60177,0.0946825,-1.19841,-0.176301,-5.12751,-4.79907,-1.94822,-4.73723,14.6023,14.4915,0.459,0.459779,-0.0164219,32.2241,0.293485,0.229415,-0.0529729,0.151915,0.506711,-1.10071,-0.0586971,0,0,0,-0.0458829,0,1719,1594,1600,1816
5.72036e+08,-1.33319,1.48408,11.5439,7.27789,0.201553,-1.2817,0.104304,-6.53455,1.84215,-1.95285,1.82791,12.4649,12.4824,0.459,0.458611,-0.0148263,32.1859,0.292343,0.23249,-0.0570999,0.153765,0.489256,-1.11243,-0.0584687,0,0,0,-0.046498,0,1682,1634,1655,1760
5.72057e+08,-0.367827,-0.958056,9.33822,-5.85327,-1.05036,-1.3559,2.59822,-2.24391,5.64368,-1.76161,9.84649,13.1672,10.8704,0.459,0.458533,-0.0150026,32.1918,0.291004,0.235612,-0.0669822,0.15608,0.448466,-1.12609,-0.0582008,0,0,0,-0.0471223,0,1646,1704,1705,1676
5.72078e+08,1.01455,-0.293334,9.08404,-1.83808,3.68247,-1.29203,3.61506,6.36936,4.51391,-1.63001,4.347,13.9,13.8496,0.46,0.459337,-0.0124853,32.1859,0.289669,0.238767,-0.066763,0.157756,0.448193,-1.13722,-0.0579337,0,0,0,-0.0477533,0,1675,1685,1643,1716
5.72098e+08,0.164106,1.04093,9.66623,6.14544,4.5985,-1.2396,4.20683,0.967042,-8.98228,-1.66153,-8.97839,13.7779,13.7479,0.46,0.459592,-0.0112861,32.2153,0.288428,0.241864,-0.0620462,0.15489,0.466075,-1.13008,-0.0576855,0,0,0,-0.0483729,0,1773,1592,1541,1804
5.72118e+08,0.176331,0.0125344,8.38486,0.0856315,-4.94349,-1.39989,-4.99595,1.20474,-9.27235,-1.81915,-9.32759,12.6939,12.734,0.46,0.459547,-0.0188075,32.1712,0.287085,0.244902,-0.0671212,0.151885,0.444555,-1.1223,-0.057417,0,0,0,-0.0489804,0,1721,1523,1616,1879
5.72138e+08,-0.148525,0.407514,10.0739,2.31625,-8.287,-1.51399,-8.18285,-0.843995,-0.173115,-1.88553,-0.245236,10.7092,10.8327,0.461,0.460198,-0.0211843,32.1976,0.285936,0.247756,-0.0574581,0.14268,0.482386,-1.08943,-0.0571872,0,0,0,-0.0495512,0,1642,1554,1713,1833
5.72158e+08,-2.63447,1.13486,12.0573,5.25373,2.29316,-1.55636,2.12895,-12.2726,-2.52426,-1.8225,-2.2878,11.4115,11.359,0.461,0.460383,-0.0236415,32.1741,0.284501,0.250618,-0.0717723,0.143115,0.423689,-1.09525,-0.0569001,0,0,0,-0.0501236,0,1728,1619,1626,1777
5.72179e+08,-1.21584,0.229292,11.131,1.17311,-2.16486,-1.5331,-2.18225,-6.23239,3.3536,-1.78808,3.40086,12.4191,12.395,0.461,0.460435,-0.0188953,32.1918,0.283151,0.253518,-0.0674567,0.14498,0.439816,-1.10685,-0.0566303,0,0,0,-0.0507035,0,1648,1630,1688,1768
5.722e+08,0.0381291,-1.03994,9.8933,-6.00061,-14.4091,-1.55489,-14.1138,0.219609,-0.157847,-1.83444,-0.245444,14.3122,14.2535,0.46,0.45974,-0.0150994,32.1859,0.281869,0.256299,-0.0641153,0.139091,0.452118,-1.0872,-0.0563738,0,0,0,-0.0512599,0,1578,1524,1735,1885
5.72221e+08,-0.239647,1.78994,10.9855,9.25213,5.95728,-1.68161,-16.9431,-1.23344,-9.18075,-2.01848,-6.38567,12.755,12.6602,0.46,0.459459,-0.0195419,32.1682,0.280631,0.259045,-0.0619169,0.13729,0.459888,-1.08392,-0.0561262,0,0,0,-0.0518091,0,1614,1454,1723,1951
5.72242e+08,0.701673,-0.0476759,9.80647,-0.277841,2.15575,-1.48648,2.13207,4.09261,-0.860137,-2.05473,-0.982937,11.2588,11.286,0.46,0.459433,-0.0170869,32.1741,0.278128,0.264819,-0.0632688,0.146537,0.452333,-1.12925,-0.0556256,0,0,0,-0.0529638,0,1719,1623,1626,1767
5.72263e+08,-0.93393,-0.290926,10.6147,-1.56392,-4.05799,-1.38764,-3.82434,-5.0263,1.38414,-2.16979,1.29443,8.43435,8.5924,0.463,0.461977,-0.00524074,32.1506,0.276798,0.267498,-0.0664936,0.133941,0.438231,-1.0826,-0.0553596,0,0,0,-0.0534996,0,1659,1569,1680,1766
5.72284e+08,0.0355772,-0.449881,9.14162,-2.81737,-0.668676,-1.36091,-0.625005,0.222712,-1.25708,-2.28468,-1.35215,7.73206,7.86783,0.463,0.462479,0.00699184,32.13,0.275409,0.270015,-0.0694605,0.12584,0.425086,-1.05377,-0.0550817,0,0,0,-0.0540029,0,1694,1557,1629,1750
5.72305e+08,-0.13863,-0.828002,9.4332,-5.01576,-19.7832,-1.38768,-0.946089,-0.838732,-2.41739,-2.47151,-7.97396,8.60229,11.8562,0.463,0.462552,0.0166074,32.1388,0.274135,0.27231,-0.0637099,0.114742,0.447046,-1.01265,-0.0548269,0,0,0,-0.0544619,0,1715,1514,1556,1813
5.72326e+08,-0.236329,-1.55775,8.07405,-10.9155,-7.98165,-1.47636,-7.83777,-1.64623,-2.20365,-2.5864,-2.23656,8.14428,8.202,0.464,0.463457,0.0247628,32.1329,0.272713,0.274608,-0.0710777,0.114936,0.416204,-1.01683,-0.0545426,0,0,0,-0.0549217,0,1632,1479,1653,1798
5.72347e+08,0.993075,-0.355953,8.38356,-2.41437,7.49926,-1.44571,7.31178,6.74947,6.91085,-2.42952,6.81442,9.9916,9.89363,0.464,0.463564,0.0190049,32.18,0.271061,0.276865,-0.0825973,0.112843,0.368417,-1.01179,-0.0542122,0,0,0,-0.055373,0,1670,1667,1609,1636
5.72368e+08,0.857134,-0.95324,8.18091,-6.61027,4.6901,-1.32573,4.82202,5.94129,15.0635,-2.22019,14.8235,6.38855,6.48,0.464,0.463607,0.0117253,32.1182,0.269222,0.278977,-0.0919644,0.105591,0.329023,-0.98588,-0.0538444,0,0,0,-0.0557954,0,1615,1701,1707,1583
5.72389e+08,0.245911,-1.18204,8.79125,-7.65489,-1.98165,-1.10556,3.95747,1.58799,-1.33342,-2.22376,2.77666,7.60993,5.96264,0.464,0.463658,0.0171459,32.1388,0.267461,0.280935,-0.0880268,0.0978957,0.343087,-0.957999,-0.0534922,0,0,0,-0.056187,0,1694,1605,1622,1665
5.7241e+08,0.876185,-0.767792,8.60381,-5.07338,-17.5084,-1.21508,-17.2195,5.79192,-1.86777,-2.20384,-2.13286,4.03741,4.16946,0.464,0.463635,0.006178,32.1447,0.265902,0.282629,-0.0779597,0.0847284,0.381985,-0.907843,-0.0531804,0,0,0,-0.0565259,0,1594,1419,1758,1855
5.7243e+08,0.775646,0.132955,8.49138,0.893326,-3.12669,-1.26927,-11.1446,5.21857,-6.50899,-2.49091,-16.0779,3.68626,5.24845,0.464,0.463542,0.0064391,32.1271,0.264343,0.284126,-0.0779614,0.0748342,0.380498,-0.870568,-0.0528686,0,0,0,-0.0568252,0,1734,1363,1608,1921
5.72451e+08,-1.23264,0.539977,10.2839,2.98434,10.629,-1.29432,10.3485,-6.8256,-7.07388,-2.57749,-6.95622,5.99161,5.81941,0.464,0.463414,-0.00318703,32.13,0.262862,0.285507,-0.0740346,0.0690319,0.394863,-0.84956,-0.0525724,0,0,0,-0.0571014,0,1828,1589,1525,1716
5.72472e+08,-1.83942,1.48648,11.6701,7.17136,10.0336,-1.1252,10.0396,-8.88647,4.31544,-2.53729,4.25606,3.9,3.91134,0.464,0.463421,0.00386996,32.1153,0.261398,0.286916,-0.0732125,0.0704503,0.396794,-0.857551,-0.0522796,0,0,0,-0.0573831,0,1751,1655,1607,1621
5.72493e+08,-1.08006,1.41664,9.9813,8.03173,14.7359,-1.09202,-7.40407,-6.11506,5.87269,-2.34231,8.19834,4.29695,3.58755,0.467,0.464619,0.00620966,32.1035,0.259976,0.288303,-0.0710741,0.0693779,0.404055,-0.855528,-0.0519953,0,0,0,-0.0576607,0,1594,1557,1759,1709
5.72514e+08,0.229083,-0.775017,8.55212,-5.17631,-3.09616,-1.10861,-3.06,1.52814,-0.676931,-2.14821,-0.656337,2.41909,2.51731,0.467,0.466511,0.00841278,32.1271,0.258589,0.289487,-0.06938,0.0591845,0.409574,-0.816668,-0.0517178,0,0,0,-0.0578974,0,1685,1517,1668,1729
5.72535e+08,-0.119407,-1.26152,9.1547,-7.84528,-19.2641,-1.2841,-18.8782,-0.740284,-5.77617,-2.11925,-5.77581,1.25878,1.33178,0.467,0.466579,-0.000941748,32.1241,0.257336,0.290484,-0.0626193,0.0498472,0.435583,-0.781008,-0.0514673,0,0,0,-0.0580968,0,1619,1368,1760,1884
5.72556e+08,-1.26856,0.886789,11.7114,4.30508,-8.48547,-1.44372,-8.58293,-6.16453,-13.4403,-2.29004,-13.3137,1.18245,1.18993,0.467,0.46653,0.00882993,32.1712,0.256203,0.291229,-0.0566929,0.0372293,0.458392,-0.731874,-0.0512405,0,0,0,-0.0582457,0,1737,1373,1625,1860
5.72577e+08,-0.929101,-0.483599,10.2322,-2.69486,-10.5771,-1.52731,3.73598,-5.18259,-10.3716,-2.51323,-12.3675,1.09084,2.21896,0.467,0.466426,0.00113874,32.1006,0.255021,0.291788,-0.059057,0.0279574,0.44789,-0.695927,-0.0510043,0,0,0,-0.0583575,0,1822,1474,1545,1781
5.72598e+08,-1.31346,-0.794284,10.8184,-4.16859,0.171018,-1.43871,0.272602,-6.90395,-8.52426,-2.73786,-8.41044,0.816033,0.783381,0.467,0.466348,0.00245035,32.13,0.253924,0.292383,-0.0548678,0.0297864,0.463773,-0.704549,-0.0507848,0,0,0,-0.0584767,0,1779,1468,1599,1772
5.72618e+08,-0.487311,-0.625695,9.34122,-3.82688,11.6672,-1.195,11.5199,-2.97962,2.08643,-2.6419,2.21691,2.40382,2.26431,0.466,0.465633,-0.00183834,32.0976,0.252425,0.29286,-0.0749365,0.0238213,0.381857,-0.681762,-0.0504851,0,0,0,-0.058572,0,1782,1641,1592,1623
5.72639e+08,0.945082,0.494217,8.68412,3.23814,8.46109,-1.02751,8.31908,6.20103,16.5902,-2.32523,16.3782,0.0832087,0.159364,0.466,0.465481,-0.00817159,32.1241,0.250977,0.293118,-0.0724156,0.0129259,0.390602,-0.638927,-0.0501954,0,0,0,-0.0586237,0,1672,1721,1733,1536
5.7266e+08,-2.07067,0.166673,10.5049,0.891836,-0.317531,-1.07579,-0.482263,-11.1496,-0.936473,-2.2401,-0.598824,0.892369,0.820713,0.466,0.46551,-0.00539388,32.0829,0.249501,0.291946,-0.0737778,0,0.383737,-0.58668,-0.0499003,0,0,0,-0.0583892,0,1721,1537,1672,1720
5.72681e+08,0.176019,1.13726,9.74947,6.65234,3.20919,-1.30827,-16.2854,1.02735,-3.92884,-2.02095,-7.42182,-1.39771,-1.00404,0.467,0.466271,-0.0111055,32.0859,0.248013,0.291658,-0.0744438,-0.01439,0.379643,-0.529138,-0.0496025,0,0,0,-0.0583316,0,1663,1372,1755,1877
5.72702e+08,-0.876542,-0.577527,8.83118,-3.72336,-2.45494,-1.43879,-2.44637,-5.65635,-16.2495,-2.28465,-16.1299,-2.98549,-2.9584,0.467,0.466401,-0.0180794,32.0859,0.245796,0.29064,-0.0507645,-0.0264414,0.472723,-0.480587,-0.0491591,0,0,0,-0.058128,0,1840,1398,1607,1845
5.72722e+08,-0.726135,-0.48119,9.50786,-2.88885,-4.59234,-1.39943,-4.22386,-4.36176,-8.52426,-2.40969,-8.57234,-3.41297,-3.34262,0.467,0.466334,-0.0213493,32.0682,0.244702,0.289855,-0.0546977,-0.0392478,0.456018,-0.428767,-0.0489403,0,0,0,-0.057971,0,1779,1438,1676,1806
5.72742e+08,0.128868,-1.04476,9.22131,-6.46333,5.89621,-1.22953,6.04565,0.795571,-0.951741,-2.42181,-0.961672,-3.22977,-3.2415,0.47,0.468856,-0.0169606,32.0359,0.243677,0.289077,-0.0512317,-0.0389344,0.469074,-0.429572,-0.0487354,0,0,0,-0.0578153,0,1792,1559,1646,1669
5.72762e+08,-0.234535,0.58092,9.67296,3.43583,14.5527,-0.934261,14.5282,-1.38645,7.13986,-2.26127,7.07739,-4.31374,-4.27776,0.47,0.46934,-0.0236378,32.08,0.242548,0.287971,-0.0564661,-0.0552642,0.447101,-0.363213,-0.0485095,0,0,0,-0.0575942,0,1805,1683,1652,1546
5.72783e+08,-0.864853,0.320811,10.2761,1.78184,-0.225928,-0.86422,-0.277318,-4.80842,14.9109,-1.92112,14.9156,-5.70305,-5.70329,0.47,0.469419,-0.0354518,32.0447,0.241305,0.286528,-0.0621477,-0.0721542,0.42319,-0.294178,-0.0482609,0,0,0,-0.0573056,0,1656,1641,1834,1595
5.72804e+08,0.63487,-0.249983,9.12243,-1.5659,-14.6992,-0.975216,-14.443,3.97955,13.6284,-1.60648,13.5616,-7.01603,-6.86372,0.467,0.466904,-0.0500946,32.0506,0.240339,0.284909,-0.0482624,-0.0809465,0.478103,-0.257397,-0.0480679,0,0,0,-0.0569818,0,1582,1544,1952,1715
5.72825e+08,-1.49006,-1.13146,10.1913,-6.26908,-11.371,-1.02364,-5.95093,-8.26818,-9.36395,-1.6354,2.28621,-7.38244,-8.41761,0.467,0.466451,-0.0491138,32.0594,0.239579,0.283157,-0.0380311,-0.087626,0.518619,-0.228917,-0.0479158,0,0,0,-0.0566313,0,1730,1515,1819,1730
5.72846e+08,0.842586,-0.158463,9.71358,-0.931119,-1.41677,-1.22069,-1.46019,4.95695,-7.98991,-1.81646,-8.1686,-8.49694,-8.51724,0.467,0.466356,-0.0461906,32.0359,0.239058,0.28137,-0.0260468,-0.089331,0.566466,-0.220343,-0.0478116,0,0,0,-0.056274,0,1835,1465,1711,1775
5.72867e+08,-1.07274,0.831395,10.7567,4.39791,16.4306,-1.23163,15.9815,-5.67828,-14.2189,-2.12041,-14.1548,-9.10763,-9.12815,0.467,0.466252,-0.050022,32.03,0.238787,0.279364,-0.013553,-0.100307,0.616671,-0.174305,-0.0477574,0,0,0,-0.0558728,0,2011,1541,1547,1699
5.72888e+08,-1.18001,0.188349,10.9624,0.978673,12.1099,-1.08072,11.9874,-6.14288,-5.19602,-2.26176,-5.17774,-8.37481,-8.40871,0.467,0.466202,-0.0489861,32.0476,0.238448,0.27711,-0.0169249,-0.112705,0.603158,-0.122247,-0.0476897,0,0,0,-0.055422,0,1918,1578,1632,1666
5.72909e+08,0.625399,-0.541401,9.20982,-3.35656,-0.638142,-0.894779,-0.459255,3.87807,11.4757,-2.25221,9.02627,-9.33664,-10.2213,0.467,0.466217,-0.0534402,32.0212,0.237929,0.274789,-0.0259672,-0.116025,0.566673,-0.106509,-0.0475858,0,0,0,-0.0549579,0,1742,1589,1832,1647
5.7293e+08,-1.92243,-0.519725,10.7054,-2.73571,6.67484,-0.859291,6.60876,-10.1687,-0.707466,-2.10173,-0.485279,-7.1229,-7.28799,0.466,0.465355,-0.0449163,32.08,0.237472,0.272161,-0.0228636,-0.131392,0.57898,-0.0420634,-0.0474943,0,0,0,-0.0544323,0,1839,1580,1697,1670
5.72951e+08,0.159414,0.742284,9.6159,4.4135,4.23209,-0.851541,3.95004,0.946953,3.262,-1.95642,3.17117,-10.9092,-10.8063,0.466,0.46538,-0.039477,32.0535,0.237322,0.269222,-0.00746356,-0.146978,0.640992,0.0236567,-0.0474645,0,0,0,-0.0538444,0,1804,1568,1756,1642
5.72972e+08,-0.079177,0.0462522,9.80255,0.270333,-3.95112,-0.916227,-4.03948,-0.462774,-2.84487,-2.06916,-2.97964,-9.88626,-9.86052,0.463,0.464283,-0.0419662,32.0153,0.237203,0.266151,-0.00596398,-0.153557,0.647291,0.05343,-0.0474406,0,0,0,-0.0532302,0,1791,1472,1769,1754
5.72993e+08,-0.597169,-0.563076,10.4051,-3.09249,-7.18776,-1.11856,-0.737826,-3.27993,-5.77617,-2.28584,-11.1379,-10.787,-9.68345,0.463,0.462482,-0.0423921,32.0182,0.236254,0.263023,0,-0.156405,0.670883,0.0683094,-0.0472509,0,0,0,-0.0526045,0,1875,1436,1689,1798
5.73014e+08,0.307563,0.36898,9.33264,2.26287,14.8428,-1.15954,14.6812,1.88607,-0.24945,-2.42513,-0.398396,-12.0542,-11.942,0.463,0.462219,-0.0419025,32.0388,0.23639,0.259861,0.00678668,-0.158108,0.698707,0.0786523,-0.047278,0,0,0,-0.0519721,0,1920,1608,1665,1604
5.73035e+08,-2.45754,0.32322,11.7875,1.53764,11.3771,-0.964495,11.3522,-11.7724,-3.48609,-2.46482,-3.26694,-10.3748,-10.416,0.462,0.461614,-0.0383914,32.0006,0.236556,0.256706,0.00829458,-0.157743,0.705397,0.0806945,-0.0473112,0,0,0,-0.0513411,0,1912,1571,1656,1651
5.73056e+08,-1.68364,-0.563076,9.9739,-3.18622,8.6901,-0.794382,8.70806,-9.56649,2.89559,-2.45998,2.92559,-12.5427,-12.5391,0.462,0.461294,-0.041335,32.0065,0.23668,0.253374,0.00618328,-0.166592,0.697519,0.119921,-0.0473359,0,0,0,-0.0506748,0,1863,1591,1730,1617
5.73077e+08,-0.13145,-0.885804,8.29821,-6.09228,-4.74501,-0.753185,0.768045,-0.902409,6.66658,-2.21792,9.08328,-12.3595,-11.5119,0.462,0.461296,-0.0402154,32.0388,0.235733,0.25003,0,-0.167199,0.672393,0.126112,-0.0471466,0,0,0,-0.050006,0,1754,1586,1828,1630
5.73098e+08,-0.769701,1.62135,10.7791,8.5327,-8.04272,-0.958331,-8.19045,-4.03909,3.65895,-2.05666,3.6876,-13.1382,-13.0092,0.462,0.461338,-0.0391742,32.0094,0.23606,0.246385,0.016352,-0.182216,0.738821,0.190483,-0.047212,0,0,0,-0.0492771,0,1730,1474,1864,1726
5.73119e+08,0.59191,-0.327052,8.67124,-2.15498,-4.85188,-1.05467,-4.71705,3.90226,1.70475,-1.96685,1.62914,-12.4359,-12.4552,0.462,0.461372,-0.0414024,31.9947,0.236648,0.24271,0.0294164,-0.183793,0.792394,0.200993,-0.0473296,0,0,0,-0.0485419,0,1767,1487,1826,1721
5.73139e+08,0.995733,-1.32654,7.53203,-9.90407,7.27026,-1.12992,7.3751,7.41795,0.0100915,-1.85786,-0.10774,-13.7794,-13.6662,0.462,0.461347,-0.050335,31.9682,0.237401,0.239087,0.0376572,-0.18115,0.82683,0.194523,-0.0474803,0,0,0,-0.0478173,0,1878,1563,1744,1650
5.7316e+08,1.13647,-0.811143,9.29204,-4.95224,11.087,-0.960849,11.2079,6.94683,4.16276,-1.77475,3.93268,-12.8634,-12.8628,0.461,0.460562,-0.0599176,32.0388,0.238093,0.235474,0.0345619,-0.180655,0.815723,0.19666,-0.0476185,0,0,0,-0.0470947,0,1883,1635,1750,1603
5.73181e+08,-0.100579,-0.271658,9.93502,-1.5662,9.17865,-0.675218,8.21092,-0.579809,1.09406,-1.85875,1.98762,-13.4588,-13.7692,0.461,0.460352,-0.057423,31.9859,0.238774,0.231879,0.0340448,-0.179712,0.814945,0.196981,-0.0477547,0,0,0,-0.0463759,0,1883,1597,1756,1630
5.73202e+08,-1.19704,1.30344,11.0449,6.69171,3.14812,-0.470129,3.17328,-6.14323,1.13986,-1.83295,1.20239,-15.0924,-15.0936,0.461,0.460358,-0.050883,31.9947,0.240476,0.224285,0.0427883,-0.193409,0.853039,0.260663,-0.0480951,0,0,0,-0.0448569,0,1855,1545,1784,1658
5.73222e+08,-0.494541,-0.384854,9.8687,-2.23046,-14.0275,-0.693077,-13.9884,-2.86664,2.89559,-1.75487,2.96098,-14.8328,-14.8742,0.46,0.459524,-0.0563119,32.0006,0.241549,0.220074,0.0536847,-0.210539,0.898537,0.334267,-0.0483099,0,0,0,-0.0440148,0,1722,1439,1928,1777
5.73243e+08,-0.618587,-0.825594,10.1103,-4.65968,-3.09616,-0.978851,-3.23352,-3.48963,3.82689,-1.69908,3.785,-14.0389,-14.1528,0.46,0.45938,-0.0527948,31.9947,0.242687,0.215789,0.0569069,-0.214253,0.91334,0.354169,-0.0485375,0,0,0,-0.0431578,0,1782,1518,1856,1698
5.73264e+08,-0.284482,-0.13197,9.70272,-0.778919,12.4916,-1.12075,-2.67747,-1.67926,-0.157847,-1.66016,-2.06789,-15.7336,-15.5912,0.46,0.459366,-0.0465012,32.0035,0.24391,0.211771,0.0611236,-0.200868,0.93224,0.305165,-0.048782,0,0,0,-0.0423543,0,1828,1467,1814,1725
5.73285e+08,-1.62669,0.754326,11.8421,3.61092,16.1252,-1.0959,5.56718,-7.80587,-7.7609,-1.7255,-1.88126,-15.0466,-16.6021,0.459,0.458563,-0.0436463,31.9506,0.245268,0.207808,0.0679121,-0.198173,0.961629,0.29897,-0.0490536,0,0,0,-0.0415616,0,1890,1521,1759,1660
5.73306e+08,-1.44945,-1.22057,9.94416,-6.92519,16.9344,-0.853383,16.7942,-8.23202,-13.1502,-2.03218,-12.9396,-13.8252,-13.9843,0.459,0.458459,-0.0293276,31.9947,0.246711,0.203615,0.0721238,-0.209641,0.980791,0.349876,-0.0493421,0,0,0,-0.040723,0,2032,1520,1570,1660
5.73326e+08,-0.483024,1.13245,11.3313,5.70204,12.5985,-0.681085,12.3053,-2.42882,-3.24182,-2.15118,-3.33496,-15.016,-15.0341,0.459,0.458458,-0.0233912,31.9976,0.248248,0.199393,0.0768695,-0.211082,1.00222,0.360612,-0.0496496,0,0,0,-0.0398787,0,1936,1546,1666,1614
5.73346e+08,-1.87237,-0.213856,11.6128,-1.04156,5.28552,-0.855435,4.9334,-9.15761,-0.463191,-2.28435,-0.398983,-15.1229,-15.1665,0.459,0.458448,-0.0173501,31.9329,0.249773,0.194982,0.0762394,-0.220561,1.00207,0.403833,-0.0499546,0,0,0,-0.0389965,0,1857,1504,1737,1644
5.73367e+08,-0.444523,0.0679279,10.3822,0.374522,-7.4473,-1.0837,-7.50669,-2.45161,8.72765,-2.18001,8.65472,-15.0008,-15.0323,0.459,0.458469,-0.0142669,31.9624,0.251314,0.190573,0.077079,-0.220453,1.00784,0.408607,-0.0502629,0,0,0,-0.0381146,0,1697,1476,1890,1667
5.73388e+08,-0.269867,-1.16759,9.78415,-6.80263,-6.54654,-1.20573,-6.3442,-1.56881,9.47574,-2.12561,9.39806,-14.3443,-14.3927,0.459,0.458493,-0.0124278,31.9565,0.252818,0.18618,0.0751645,-0.219668,1.00252,0.410654,-0.0505635,0,0,0,-0.037236,0,1693,1489,1885,1655
5.73409e+08,1.70468,-0.454698,7.90557,-3.218,12.2016,-1.08396,12.3048,12.1489,10.0712,-2.09121,-1.85442,-16.7107,-14.6459,0.458,0.45764,-0.00585425,31.9741,0.254404,0.182004,0.079309,-0.208815,1.02161,0.372056,-0.0508808,0,0,0,-0.0364007,0,1905,1539,1668,1595
5.7343e+08,-0.761846,-0.866537,9.23186,-5.34422,12.4,-0.869657,12.4825,-4.69701,-1.10441,-1.90808,-0.985166,-15.871,-15.8536,0.458,0.457637,-0.00694482,31.9212,0.25614,0.178076,0.0868195,-0.196384,1.05439,0.326822,-0.051228,0,0,0,-0.0356152,0,1908,1547,1678,1577
5.7345e+08,1.44454,-0.958056,8.15428,-6.5992,6.32369,-0.568897,17.5068,9.97857,4.30017,-2.05989,-6.2487,-16.9702,-16.0882,0.458,0.457668,0.00245811,31.9594,0.258027,0.173959,0.0943318,-0.205866,1.08737,0.369724,-0.0516054,0,0,0,-0.0347917,0,1980,1537,1593,1569
5.73471e+08,-0.814381,-0.856903,8.99213,-5.4215,1.43819,-0.537977,1.53962,-5.15172,-8.8296,-2.09173,-8.71267,-16.8786,-16.8791,0.458,0.457685,-0.00135914,31.9153,0.259893,0.169661,0.0933267,-0.2149,1.08617,0.411064,-0.0519787,0,0,0,-0.0339321,0,1891,1404,1695,1699
5.73492e+08,-1.2879,1.76827,11.0528,9.02927,-5.82898,-0.569231,-5.92703,-6.56355,0.407038,-2.15097,0.385819,-17.7336,-17.6582,0.458,0.457639,-0.00255001,31.9388,0.261872,0.165449,0.0989279,-0.210554,1.11161,0.398637,-0.0523744,0,0,0,-0.0330899,0,1779,1412,1817,1686
5.73513e+08,0.565636,-0.300559,8.92535,-1.92484,-5.06562,-0.751996,-5.0201,3.62417,11.3383,-2.14498,5.38138,-16.8634,-17.3225,0.46,0.458375,0.00258272,31.9418,0.263748,0.161061,0.0938113,-0.219408,1.09394,0.439384,-0.0527496,0,0,0,-0.0322123,0,1741,1447,1843,1643
5.73534e+08,-1.54968,-1.43011,9.61152,-8.35663,8.33896,-0.887554,8.16084,-9.06098,4.10169,-1.96388,4.28123,-14.8939,-15.0448,0.46,0.459602,0.000723688,31.9388,0.265527,0.156706,0.0889517,-0.217756,1.07717,0.437961,-0.0531054,0,0,0,-0.0313412,0,1827,1543,1735,1565
5.73555e+08,0.109688,-0.765383,8.40979,-5.19978,0.644301,-0.858427,0.828308,0.744185,4.2849,-1.81841,4.3637,-16.1763,-16.2358,0.46,0.459652,-0.0121474,31.9006,0.267339,0.152589,0.0905936,-0.205848,1.08653,0.395111,-0.0534678,0,0,0,-0.0305179,0,1790,1499,1805,1619
5.73576e+08,-1.94863,-0.767792,10.1946,-4.23071,8.58323,-0.797803,8.61416,-10.7913,-8.63113,-1.8163,-8.42347,-14.6802,-14.7903,0.461,0.460247,-0.0112045,31.9124,0.269258,0.148659,0.0959642,-0.196512,1.11099,0.362348,-0.0538517,0,0,0,-0.0297318,0,1930,1469,1649,1658
5.73597e+08,-1.64587,0.999984,11.3059,5.00207,14.3695,-0.708655,-2.16726,-8.2509,-9.59296,-1.94078,-7.71738,-14.4206,-16.0595,0.461,0.460602,-0.0102281,31.9418,0.271414,0.144804,0.107779,-0.192777,1.16159,0.351962,-0.0542828,0,0,0,-0.0289607,0,1856,1389,1732,1724
5.73618e+08,0.575101,0.010126,9.75682,0.0593606,-0.393867,-0.812445,-0.406697,3.37331,3.03299,-2.0938,2.84609,-15.2603,-15.2191,0.461,0.460593,-0.00778323,31.8947,0.273693,0.140785,0.113946,-0.200946,1.1897,0.389536,-0.0547386,0,0,0,-0.0281569,0,1789,1474,1789,1642
5.73639e+08,-0.869389,-0.538992,9.67171,-3.17694,-8.69921,-0.825071,-8.35817,-5.12859,5.41467,-2.23654,5.3903,-14.6038,-14.5744,0.459,0.459378,-0.00734896,31.9329,0.275931,0.136853,0.111894,-0.196597,1.18479,0.3768,-0.0551861,0,0,0,-0.0273705,0,1714,1438,1860,1686
5.7366e+08,-0.286609,-1.06884,9.75108,-6.2527,0.858041,-1.02866,0.922607,-1.67357,8.78872,-2.16487,8.81367,-15.1992,-15.1861,0.459,0.458615,-0.00968921,31.9212,0.278114,0.132927,0.10916,-0.196304,1.17709,0.380327,-0.0556228,0,0,0,-0.0265853,0,1759,1527,1829,1598
5.73681e+08,-0.496973,-0.228307,9.97104,-1.31005,13.7283,-0.935533,0.725082,-2.85261,4.2849,-2.00507,12.79,-15.3824,-15.3983,0.459,0.458584,-0.0093508,31.9094,0.280182,0.129244,0.103408,-0.184104,1.15714,0.335801,-0.0560364,0,0,0,-0.0258489,0,1730,1557,1861,1566
5.73702e+08,0.443706,0.238925,9.11863,1.49914,8.78171,-0.704345,8.74934,2.78482,5.42994,-1.88416,5.31961,-16.1763,-16.1176,0.462,0.461201,0.00107863,31.9212,0.284186,0.122151,0.108484,-0.176982,1.18358,0.315722,-0.0568372,0,0,0,-0.0244302,0,1832,1548,1738,1540
5.73723e+08,-0.93157,-0.189772,10.0688,-1.07516,10.171,-0.74057,9.91713,-5.28504,-7.92884,-1.95831,-7.76294,-17.0466,-16.955,0.462,0.461671,0.00457294,31.9271,0.286408,0.118559,0.111123,-0.179622,1.19749,0.330625,-0.0572817,0,0,0,-0.0237117,0,1934,1454,1636,1619
5.73744e+08,-0.0193672,-0.363178,8.67171,-2.39819,-0.0885236,-0.713288,-0.0390759,-0.127851,-2.99754,-2.20921,-3.10886,-16.6496,-16.6288,0.462,0.461661,0.000738715,31.8947,0.288609,0.114992,0.110027,-0.178319,1.1964,0.329681,-0.0577218,0,0,0,-0.0229985,0,1836,1418,1739,1664
5.73765e+08,0.661212,-0.524542,8.98664,-3.33153,-7.81371,-0.819036,0.00526064,4.20096,6.89559,-2.39961,-3.34211,-15.4282,-16.0779,0.462,0.461561,-0.00326857,31.9006,0.290753,0.111602,0.107222,-0.169504,1.18839,0.298395,-0.0581507,0,0,0,-0.0223205,0,1841,1419,1737,1674
5.73786e+08,0.637354,-0.599203,8.39535,-4.07078,0.232087,-0.954521,0.250597,4.33045,12.5292,-2.08551,12.4621,-16.1611,-16.0817,0.462,0.461555,-0.00953813,31.9329,0.292685,0.108371,0.0965938,-0.161552,1.14873,0.270378,-0.058537,0,0,0,-0.0216742,0,1730,1542,1860,1563
5.73807e+08,1.07915,-0.743708,8.65353,-4.87451,0.690102,-0.948695,0.838731,7.08257,22.117,-1.81261,21.8371,-15.1534,-15.0853,0.462,0.461589,-0.0163194,31.8859,0.294335,0.105509,0.0824682,-0.143129,1.0947,0.199903,-0.0588669,0,0,0,-0.0211017,0,1665,1627,1926,1496
5.73828e+08,0.594554,-1.24947,7.64409,-9.25579,0.0794153,-0.883084,0.316156,4.38947,8.52917,-1.68358,8.52617,-15.9931,-15.9449,0.463,0.462472,-0.0158688,31.8859,0.296211,0.102771,0.0938278,-0.136887,1.14317,0.178129,-0.0592422,0,0,0,-0.0205542,0,1758,1525,1837,1586
5.73849e+08,-0.931582,-0.146421,9.05272,-0.921768,2.84277,-0.763578,3.09795,-5.87465,-11.8678,-1.82451,1.82792,-14.8939,-14.9718,0.463,0.462629,-0.0123053,31.8947,0.298482,0.100103,0.11352,-0.133386,1.22556,0.167268,-0.0596963,0,0,0,-0.0200206,0,1823,1497,1758,1616
5.7387e+08,-2.10897,0.496626,11.4622,2.44,3.51453,-0.726138,3.36082,-10.4158,-9.05861,-1.99185,-8.97536,-15.016,-15.012,0.463,0.462524,-0.0265957,31.8594,0.300867,0.0975398,0.119281,-0.128168,1.25222,0.149394,-0.0601734,0,0,0,-0.019508,0,1919,1432,1690,1705
5.73891e+08,-0.816702,-1.09774,9.44997,-6.60161,-4.16486,-0.633106,-4.00069,-4.90661,-4.21892,-2.00842,-4.13846,-15.6267,-15.6618,0.465,0.464307,-0.024061,31.8712,0.303112,0.0951363,0.112221,-0.120175,1.22729,0.12019,-0.0606223,0,0,0,-0.0190273,0,1831,1407,1772,1712
5.73912e+08,-1.16111,0.927732,11.1914,4.7136,-2.287,-0.753024,-2.52062,-5.90315,8.30017,-2.02095,8.25325,-15.8099,-15.7174,0.465,0.464524,-0.0133415,31.9035,0.305116,0.0928259,0.100206,-0.115521,1.18219,0.104265,-0.0610231,0,0,0,-0.0185652,0,1743,1495,1843,1605
5.73933e+08,-0.592803,0.910873,10.3813,5.00626,4.33896,-0.896818,-7.66512,-3.25572,12.2086,-2.04908,6.17418,-13.7489,-12.6587,0.465,0.464557,-0.0127815,31.8506,0.306921,0.0906524,0.0902903,-0.108675,1.14526,0.0793825,-0.0613843,0,0,0,-0.0181305,0,1705,1455,1852,1670
5.73954e+08,-1.38967,-1.51922,10.1811,-8.4102,8.36949,-0.839216,8.29757,-7.68848,1.07879,-1.99863,1.16744,-9.90152,-10.0521,0.466,0.465556,-0.00550858,31.8565,0.308754,0.0886937,0.0916042,-0.0979339,1.1534,0.0386096,-0.0617507,0,0,0,-0.0177387,0,1835,1538,1683,1594
5.73975e+08,0.479554,0.130547,8.7433,0.854139,10.171,-0.669926,10.0103,3.13908,3.61315,-1.8591,3.43456,-11.474,-11.4989,0.466,0.465656,-0.0084096,31.8829,0.310467,0.0870057,0.0856754,-0.0844011,1.13235,-0.0136982,-0.0620934,0,0,0,-0.0174011,0,1842,1568,1695,1557
5.73996e+08,-1.71252,0.279868,11.2859,1.40447,-2.82135,-0.720449,-2.85844,-8.62568,-3.60823,-1.78747,-3.53653,-9.76412,-9.88285,0.464,0.464922,-0.0135136,31.8888,0.311986,0.0854052,0.0759631,-0.0800251,1.09589,-0.0293884,-0.0623973,0,0,0,-0.017081,0,1796,1440,1737,1709
5.74017e+08,-1.36133,-0.382445,10.4511,-2.07819,-14.6687,-0.852158,-3.48679,-7.41645,-1.21128,-1.73344,3.78324,-10.2985,-10.8476,0.464,0.46374,-0.0219222,31.8594,0.313504,0.0839415,0.0758724,-0.0731826,1.09801,-0.0551403,-0.0627008,0,0,0,-0.0167883,0,1751,1491,1809,1667
5.74038e+08,-0.406126,-0.61847,8.87344,-3.98285,-3.38623,-0.939533,-3.36617,-2.61419,-0.432657,-1.93525,-0.447814,-8.1,-8.1381,0.464,0.463597,-0.0120613,31.8771,0.314869,0.0825389,0.0682572,-0.0701315,1.06976,-0.0657607,-0.0629738,0,0,0,-0.0165078,0,1763,1462,1757,1703
5.74058e+08,-0.296726,0.966266,10.374,5.31918,-1.23356,-0.961372,-1.35364,-1.63132,6.94139,-1.97882,6.82022,-8.20687,-8.09547,0.464,0.463567,-0.0123504,31.8741,0.316092,0.0811827,0.0611367,-0.0678125,1.04333,-0.0735011,-0.0632183,0,0,0,-0.0162365,0,1727,1529,1795,1639
5.74079e+08,-0.872011,0.301544,9.71817,1.77015,-5.90532,-1.04557,-5.82484,-5.12496,5.18566,-1.84247,5.29317,-6.46641,-6.4056,0.464,0.46356,-0.0178775,31.88,0.317156,0.0799229,0.0532189,-0.0629878,1.01349,-0.0914101,-0.0634312,0,0,0,-0.0159846,0,1700,1499,1816,1691
5.741e+08,1.95802,-1.29042,7.38406,-9.58786,1.02598,-1.12219,1.12968,14.6391,12.178,-1.48934,11.9986,-8.00839,-7.85583,0.464,0.463585,-0.0253898,31.8653,0.318001,0.078853,0.0422414,-0.0534931,0.971115,-0.128287,-0.0636002,0,0,0,-0.0157706,0,1709,1601,1833,1590
5.74121e+08,0.761438,-0.295743,9.44514,-1.78764,1.33132,-1.05328,1.88263,4.60679,3.20093,-1.47061,-1.81159,-3.58091,-4.86029,0.463,0.463016,-0.024839,31.8506,0.319012,0.0781566,0.0505744,-0.0348216,1.0064,-0.202438,-0.0638025,0,0,0,-0.0156313,0,1802,1523,1715,1695
5.74143e+08,-1.27349,1.45758,10.9478,7.53348,4.7359,-0.977105,4.43441,-6.57749,-8.6006,-1.52228,-8.51643,-4.29847,-4.29609,0.463,0.462623,-0.0238558,31.8535,0.321283,0.0772574,0.0586441,-0.0214122,1.0428,-0.255369,-0.0642566,0,0,0,-0.0154515,0,1868,1497,1643,1726
5.74163e+08,-1.87258,0.542385,10.275,2.97279,0.827507,-1.01311,0.596422,-10.3146,-12.3258,-1.7831,-12.1475,-2.64962,-2.68944,0.463,0.462542,-0.026106,31.8476,0.322346,0.0770461,0.0531643,-0.0105613,1.02275,-0.298764,-0.0644692,0,0,0,-0.0154092,0,1864,1450,1637,1791
5.74184e+08,-0.169644,-0.926747,8.37653,-6.31202,-3.76791,-1.21211,-3.83191,-1.15318,-4.738,-1.94679,-4.79127,-1.3061,-1.32416,0.463,0.462454,-0.0357579,31.8565,0.323272,0.0767379,0.046283,0,0.996913,-0.341016,-0.0646544,0,0,0,-0.0153476,0,1782,1481,1723,1788
5.74205e+08,0.611319,-1.4277,8.23497,-9.80914,-12.3023,-1.18874,9.5378,4.18335,7.70475,-2.03654,2.13225,-1.13817,-0.848093,0.463,0.462403,-0.0301057,31.8182,0.32397,0.076431,0.0349347,0,0.952873,-0.34091,-0.0647941,0,0,0,-0.0152862,0,1823,1623,1670,1643
5.74227e+08,0.0189293,-0.690722,9.34781,-4.22598,0.10995,-1.24073,0.18456,0.115708,11.2162,-1.84297,11.1135,-0.46641,-0.470511,0.463,0.462445,-0.0280948,31.8124,0.324376,0.0765388,0.0202799,0.00538892,0.895203,-0.362799,-0.0648752,0,0,0,-0.0153078,0,1685,1623,1800,1642
5.74247e+08,-0.941513,1.21915,10.8475,6.38876,0.552698,-1.18122,0.472135,-4.92971,5.99482,-1.73709,6.03326,-0.206868,-0.115894,0.462,0.461638,-0.0269874,31.83,0.324611,0.0766477,0.0117206,0.00544552,0.861765,-0.363304,-0.0649221,0,0,0,-0.0153295,0,1721,1593,1761,1675
5.74268e+08,-1.2135,0.395472,10.3597,2.17133,-4.4244,-1.17479,-4.38813,-6.67618,-3.8525,-1.68489,-3.64972,1.73206,1.75926,0.462,0.461511,-0.0281145,31.8476,0.324755,0.076989,0.00724953,0.0170642,0.844611,-0.410475,-0.0649511,0,0,0,-0.0153978,0,1748,1502,1721,1787
5.74289e+08,-1.50961,0.479767,11.6777,2.33321,-4.69921,-0.940479,-7.73454,-7.35979,-9.24182,-1.6783,-3.6916,4.12901,0.854981,0.462,0.461576,-0.0222267,31.8388,0.324957,0.077358,0.0100782,0.0184522,0.856806,-0.416649,-0.0649914,0,0,0,-0.0154716,0,1726,1470,1739,1798
5.7431e+08,0.806947,-0.799101,8.34028,-5.44765,-18.1343,-1.0873,-17.7681,5.5013,-0.24945,-1.84719,-0.460382,2.54122,2.58759,0.462,0.461545,-0.0249285,31.8329,0.325127,0.0779192,0.00850958,0.0280601,0.851325,-0.456033,-0.0650254,0,0,0,-0.0155838,0,1628,1429,1828,1861
5.7433e+08,0.496263,0.152222,8.49402,1.02495,0.858041,-1.14351,0.853829,3.34317,3.24673,-1.82134,3.16413,2.54122,2.54138,0.462,0.461494,-0.0301441,31.8153,0.325001,0.0787745,-0.00633666,0.0427649,0.792218,-0.516232,-0.0650001,0,0,0,-0.0157549,0,1737,1593,1726,1705
5.74351e+08,-0.256226,1.30104,10.0303,7.38824,-0.59234,-1.13671,-0.731574,-1.45117,9.3994,-1.79903,9.3266,3.41145,3.49157,0.462,0.461468,-0.0286776,31.8035,0.324599,0.079968,-0.0200963,0.0596744,0.73712,-0.585702,-0.0649197,0,0,0,-0.0159936,0,1677,1630,1776,1674
5.74372e+08,-1.99658,-0.0549012,10.9484,-0.282648,0.506896,-1.2074,0.351399,-10.3349,-1.21128,-1.70415,-0.91509,6.31222,6.24711,0.46,0.459659,-0.0338763,31.8212,0.324007,0.081112,-0.029571,0.0572017,0.698969,-0.577376,-0.0648014,0,0,0,-0.0162224,0,1750,1586,1694,1759
5.74393e+08,-0.955959,1.64544,11.0642,8.42793,10.5069,-1.25852,-11.2289,-4.88469,-2.81434,-1.45184,-0.156814,5.93054,6.61839,0.46,0.459466,-0.0467296,31.8035,0.323374,0.0822207,-0.0316714,0.0554307,0.690339,-0.571821,-0.0646748,0,0,0,-0.0164441,0,1668,1525,1795,1846
5.74414e+08,-0.926841,-0.0235918,10.202,-0.131951,0.232087,-1.16696,-1.02782,-5.19098,-11.5319,-1.5245,-6.14584,5.9,6.69589,0.46,0.459449,-0.0421879,31.8035,0.32272,0.0835957,-0.0327107,0.0687534,0.685938,-0.627141,-0.0645439,0,0,0,-0.0167191,0,1781,1552,1673,1812
5.74435e+08,0.191053,-1.40843,9.02361,-8.86934,-8.3786,-1.2847,-8.12359,1.19841,-8.40212,-1.79975,-8.48059,8.25115,8.18616,0.46,0.459379,-0.0453046,31.8006,0.322046,0.0849436,-0.033699,0.0673959,0.681715,-0.623552,-0.0644091,0,0,0,-0.0169887,0,1746,1490,1701,1894
5.74456e+08,0.639971,-1.42288,7.84796,-10.2431,-10.6381,-1.36935,-10.3633,4.58748,-1.69983,-1.95695,-1.83739,7.56412,7.56904,0.46,0.459332,-0.0440647,31.8094,0.321135,0.0863402,-0.0455412,0.0698275,0.63366,-0.635223,-0.0642269,0,0,0,-0.017268,0,1684,1515,1765,1861
5.74477e+08,-0.320449,0.407514,10.1832,2.29052,2.33896,-1.27439,1.37763,-1.80097,0.132229,-2.07861,-0.297673,11.3198,10.7552,0.46,0.459349,-0.0299138,31.7976,0.319796,0.0878655,-0.0669532,0.0762665,0.546681,-0.663131,-0.0639591,0,0,0,-0.0175731,0,1733,1613,1664,1768
5.74498e+08,0.0307359,-0.213856,9.09452,-1.34705,-3.05036,-1.274,-3.11618,0.193583,5.03299,-2.07699,4.96849,11.5336,11.5024,0.46,0.459389,-0.0270412,31.7829,0.318229,0.089504,-0.0783427,0.0819257,0.49961,-0.688058,-0.0636458,0,0,0,-0.0179008,0,1656,1620,1727,1762
5.74518e+08,0.069074,-0.690722,8.29361,-4.76065,-4.08852,-1.40665,-4.02163,0.475535,2.68185,-1.97454,2.70279,10.1137,10.1356,0.46,0.45939,-0.0307867,31.7976,0.316764,0.0910979,-0.0732585,0.0796953,0.518735,-0.681289,-0.0633527,0,0,0,-0.0182196,0,1672,1594,1730,1782
5.74539e+08,-1.06537,0.0968289,10.0409,0.549427,-7.01982,-1.33307,-6.75356,-6.05631,1.52154,-1.94551,1.58304,9.51832,9.58813,0.46,0.459385,-0.0309247,31.7771,0.315275,0.0928355,-0.0744497,0.0868799,0.512658,-0.712465,-0.0630549,0,0,0,-0.0185671,0,1665,1567,1743,1807
5.7456e+08,-1.20153,0.299136,11.0908,1.536,1.40766,-1.20113,1.30163,-6.18087,-4.70747,-1.9328,-4.58829,10.4954,10.4896,0.46,0.459432,-0.0244418,31.7918,0.313655,0.0947871,-0.0809929,0.0975793,0.484949,-0.75801,-0.062731,0,0,0,-0.0189574,0,1758,1582,1630,1789
5.74581e+08,-1.2447,0.980717,11.1251,5.00671,-4.91295,-0.938018,-7.30035,-6.35937,-7.8525,-2.05466,-6.2637,11.4267,11.4736,0.46,0.459447,-0.02973,31.7859,0.311865,0.0966638,-0.089478,0.0938365,0.449234,-0.745542,-0.062373,0,0,0,-0.0193328,0,1712,1519,1675,1868
5.74602e+08,-0.783526,-0.182547,9.61523,-1.08405,-15.1878,-1.01881,-14.9881,-4.65779,-8.61586,-2.22054,-8.54258,10.8924,10.9851,0.458,0.457919,-0.0307864,31.7741,0.307889,0.0998351,-0.106297,0.0745671,0.377897,-0.672619,-0.0615778,0,0,0,-0.019967,0,1679,1447,1720,1944
5.74623e+08,0.253335,-2.11891,8.78025,-13.5622,-13.2641,-1.38677,-13.2578,1.60659,1.73528,-2.17162,1.71772,11.2893,11.2844,0.458,0.457362,-0.0421605,31.7653,0.305663,0.101405,-0.111302,0.0784906,0.35558,-0.69052,-0.0611326,0,0,0,-0.020281,0,1622,1541,1795,1875
5.74644e+08,0.274343,-0.384854,9.32433,-2.36247,2.29316,-1.36867,2.29179,1.68385,6.59024,-2.05511,6.57463,11.213,11.1787,0.458,0.457298,-0.0391202,31.7565,0.303347,0.103043,-0.11579,0.0819211,0.335217,-0.706532,-0.0606694,0,0,0,-0.0206087,0,1694,1685,1718,1725
5.74665e+08,-1.8343,0.275051,10.8705,1.42923,-0.912951,-1.25403,4.489,-9.57497,0.17803,-1.82,12.2573,9.91527,10.6523,0.459,0.458114,-0.0383122,31.7476,0.301015,0.104586,-0.116596,0.0771298,0.329596,-0.689452,-0.060203,0,0,0,-0.0209172,0,1668,1742,1745,1660
5.74686e+08,-0.668561,-1.43733,8.63731,-9.42032,-7.32516,-1.13627,-6.99346,-4.36628,-1.25708,-1.8207,-1.1549,8.95344,8.94388,0.459,0.458401,-0.0405147,31.78,0.298652,0.106129,-0.118135,0.0771308,0.320995,-0.691595,-0.0597305,0,0,0,-0.0212257,0,1691,1560,1738,1829
5.74707e+08,1.00506,-0.522133,8.82489,-3.36431,-2.69921,-1.10808,-2.73863,6.48613,-0.738,-1.72441,-0.83803,7.91527,7.87232,0.459,0.45841,-0.0447332,31.7624,0.296204,0.107466,-0.122438,0.0668574,0.30119,-0.652274,-0.0592407,0,0,0,-0.0214931,0,1726,1593,1720,1794
5.74728e+08,-0.692942,0.36898,10.2333,2.06028,-0.729745,-1.27979,-1.09397,-3.87131,-7.77617,-1.63563,-7.68156,5.96107,5.9672,0.459,0.458364,-0.0499337,31.7741,0.293561,0.108772,-0.132145,0.0653293,0.259465,-0.647992,-0.0587121,0,0,0,-0.0217545,0,1796,1552,1677,1828
5.74749e+08,-0.639725,-2.09242,8.24449,-14.1998,-15.6,-1.35987,-0.63238,-4.30111,-3.21128,-1.68682,-2.91184,6.8313,5.69821,0.459,0.458312,-0.0540528,31.7712,0.291019,0.110032,-0.127071,0.0630008,0.277147,-0.640443,-0.0582039,0,0,0,-0.0220065,0,1769,1589,1712,1795
5.7477e+08,-1.00566,0.0582943,10.1405,0.327762,-3.43203,-1.51617,-3.45527,-5.66357,-5.8525,-1.86677,-5.82742,5.73206,5.70747,0.459,0.458229,-0.0531008,31.7418,0.288296,0.111295,-0.136167,0.0631291,0.237763,-0.642753,-0.0576592,0,0,0,-0.022259,0,1769,1544,1711,1839
5.7479e+08,-0.693131,1.04815,10.0682,5.92943,11.5298,-1.40999,11.1883,-3.91712,-5.27235,-1.8414,-5.14012,7.01451,6.98744,0.46,0.459175,-0.044616,31.7741,0.28553,0.11266,-0.138286,0.0682451,0.226298,-0.665199,-0.057106,0,0,0,-0.022532,0,1855,1653,1596,1726
5.74811e+08,-0.184628,1.4335,10.7664,7.58295,16.629,-1.24339,16.2095,-0.973846,-2.70747,-1.83382,-2.72626,6.48016,6.50296,0.46,0.459296,-0.046118,31.7329,0.282706,0.113961,-0.1412,0.0650456,0.211571,-0.654215,-0.0565412,0,0,0,-0.0227921,0,1878,1707,1579,1669
5.74832e+08,0.441355,0.108871,10.2201,0.609762,2.98018,-1.0328,2.96023,2.47265,0.636046,-1.84794,0.506189,6.80077,6.75959,0.46,0.459369,-0.0421514,31.7624,0.279974,0.115348,-0.136634,0.0693726,0.226954,-0.67353,-0.0559947,0,0,0,-0.0230696,0,1759,1636,1688,1735
5.74853e+08,-1.28274,0.388247,11.5421,1.91478,-6.02745,-0.954815,-14.2033,-6.33806,-5.88304,-1.9099,-0.55373,6.63283,6.75948,0.458,0.457578,-0.0453049,31.7329,0.277215,0.116577,-0.137903,0.061452,0.218897,-0.643526,-0.0554431,0,0,0,-0.0233154,0,1652,1512,1807,1871
5.74874e+08,0.143011,-0.382445,9.25085,-2.36707,-14.0427,-1.13444,-14.0171,0.884924,-3.86777,-1.96576,-3.86903,7.45725,7.39611,0.458,0.457387,-0.0391628,31.7506,0.274434,0.117576,-0.139064,0.0499218,0.211237,-0.598756,-0.0548868,0,0,0,-0.0235151,0,1667,1484,1776,1895
5.74895e+08,0.477265,-0.22349,9.28643,-1.37682,-5.99692,-1.34979,-6.20964,2.94121,-2.67693,-2.00654,-2.75954,8.11374,7.98703,0.457,0.456994,-0.0368959,31.7388,0.271522,0.118469,-0.145608,0.0446672,0.181818,-0.579024,-0.0543044,0,0,0,-0.0236938,0,1708,1546,1728,1836
5.74916e+08,0.233878,-0.847269,8.94613,-5.40839,-1.90532,-1.49227,-1.85681,1.49087,-0.264718,-2.05684,-0.38687,7.02977,7.0159,0.457,0.4564,-0.0321739,31.7418,0.268619,0.119313,-0.145134,0.0422234,0.180551,-0.570506,-0.0537239,0,0,0,-0.0238627,0,1722,1584,1716,1784
5.74937e+08,-0.0167196,-1.29764,8.28796,-8.89852,6.09468,-1.42182,15.946,-0.114193,-2.57006,-2.05584,-2.33063,5.65573,5.85667,0.457,0.456348,-0.0272811,31.7182,0.265694,0.12037,-0.146274,0.0528508,0.17278,-0.614683,-0.0531388,0,0,0,-0.0240741,0,1865,1689,1575,1661
5.74958e+08,0.329166,-0.0332255,9.12779,-0.208422,18.7512,-1.15514,18.4485,2.06529,-3.02808,-2.01592,-3.0634,5.93054,5.86685,0.457,0.456393,-0.0320254,31.7182,0.262854,0.121478,-0.142018,0.0553774,0.186749,-0.626435,-0.0525707,0,0,0,-0.0242956,0,1895,1710,1553,1648
5.74978e+08,-0.618972,0.559244,10.9696,2.91386,-1.75265,-0.985716,-1.80963,-3.22538,-3.31815,-2.04468,-3.26363,4.31222,4.26937,0.457,0.456394,-0.0341582,31.7329,0.260114,0.122442,-0.136975,0.0482166,0.203998,-0.599155,-0.0520228,0,0,0,-0.0244885,0,1763,1560,1701,1786
5.74999e+08,-0.351202,-0.632921,9.99876,-3.61976,-24.2565,-1.07139,-23.9317,-2.00765,0.0100915,-2.07171,-0.0601432,4.03741,4.01401,0.457,0.456381,-0.0352075,31.6918,0.25721,0.123057,-0.145207,0.0307563,0.167795,-0.530128,-0.051442,0,0,0,-0.0246115,0,1582,1423,1886,1923
5.7502e+08,-0.430439,0.944591,9.37931,5.74486,-9.73738,-1.27222,-9.72815,-2.61439,-1.05861,-2.08179,-1.09358,2.48016,2.47745,0.458,0.456946,-0.0340103,31.6918,0.254173,0.123394,-0.151865,0.0168382,0.137729,-0.474957,-0.0508345,0,0,0,-0.0246789,0,1692,1505,1786,1823
5.75041e+08,-0.327526,0.0944205,10.0783,0.53649,-0.897684,-1.65411,-5.15212,-1.86128,5.38414,-1.93791,2.47361,2.20535,1.59082,0.458,0.457271,-0.0359753,31.7094,0.251103,0.123642,-0.15348,0.0123807,0.127844,-0.457619,-0.0502206,0,0,0,-0.0247284,0,1698,1558,1792,1767
5.75062e+08,-0.549374,-0.700356,10.0677,-3.97347,13.484,-1.51877,13.4542,-3.11591,2.34597,-1.8075,2.39786,2.86183,2.71437,0.458,0.457335,-0.0366621,31.6712,0.24516,0.124309,-0.145366,0.0219446,0.153797,-0.497272,-0.049032,0,0,0,-0.0248618,0,1827,1698,1653,1636
5.75083e+08,-1.98007,0.679665,11.0564,3.46273,24.7817,-1.16406,24.4661,-10.1346,-8.6922,-1.76506,-8.4482,1.59466,1.49737,0.458,0.457426,-0.0320056,31.7065,0.242434,0.12473,-0.136305,0.0210291,0.187149,-0.494359,-0.0484868,0,0,0,-0.0249459,0,1988,1695,1494,1621
5.75104e+08,0.264456,0.82417,9.61119,4.89934,14.2321,-0.909765,13.9911,1.57036,-8.31052,-1.70847,-8.32477,-1.01603,-0.978328,0.458,0.457483,-0.0347056,31.6918,0.239717,0.124231,-0.135838,0,0.186036,-0.409845,-0.0479434,0,0,0,-0.0248461,0,1927,1615,1581,1683
5.75125e+08,-1.13461,0.0703363,10.5989,0.378061,-14.6534,-0.982291,-4.48293,-6.11011,-12.1578,-1.87589,-4.95997,-1.62671,-0.540768,0.458,0.457424,-0.0428909,31.6976,0.237091,0.123968,-0.131311,-0.0131426,0.201316,-0.35703,-0.0474182,0,0,0,-0.0247936,0,1778,1513,1741,1803
5.75146e+08,-0.313094,-0.281292,9.52919,-1.68991,-16.8061,-1.22629,-16.7472,-1.88103,-6.20365,-2.0599,-6.19348,-2.13053,-2.1519,0.455,0.454783,-0.052504,31.7153,0.234403,0.123555,-0.134398,-0.0206395,0.185977,-0.326669,-0.0468806,0,0,0,-0.024711,0,1718,1417,1841,1910
5.75167e+08,-0.97216,-0.204223,10.4677,-1.1129,-3.89005,-1.44741,-3.95448,-5.30497,-4.11205,-2.20873,-4.13657,-2.40534,-2.40213,0.455,0.454248,-0.0478407,31.68,0.231814,0.122971,-0.129462,-0.0292038,0.202934,-0.291809,-0.0463627,0,0,0,-0.0245942,0,1791,1513,1764,1806
5.75187e+08,-0.700509,1.82125,11.5439,8.94935,8.23209,-1.45333,7.86971,-3.43026,2.92612,-2.16179,2.91111,-3.0771,-3.02642,0.455,0.454216,-0.0395703,31.6829,0.229359,0.122349,-0.122727,-0.0311077,0.227273,-0.283613,-0.0458718,0,0,0,-0.0244698,0,1821,1637,1726,1662
5.75208e+08,-0.537343,-1.03031,10.6654,-5.51085,3.49926,-1.41479,3.64439,-2.87088,-3.6693,-2.11575,-3.61719,-2.0542,-2.02073,0.455,0.454269,-0.0354825,31.68,0.227024,0.12189,-0.116758,-0.0229664,0.248685,-0.31591,-0.0454048,0,0,0,-0.0243779,0,1829,1562,1701,1738
5.75229e+08,0.205219,-0.828002,9.23346,-5.12298,-2.04272,-1.03673,13.3705,1.26813,-12.5548,-2.28429,-17.1363,-2.25267,-0.199048,0.455,0.454353,-0.0264209,31.6859,0.224828,0.121293,-0.109794,-0.0298512,0.274263,-0.287767,-0.0449656,0,0,0,-0.0242585,0,1985,1537,1512,1763
5.7525e+08,-0.759529,-0.611245,10.1606,-3.43312,4.98018,-1.05271,4.84475,-4.26736,-19.2571,-2.66136,-19.189,-0.359539,-0.491771,0.455,0.454319,-0.0200215,31.7153,0.22266,0.120484,-0.108407,-0.040423,0.277498,-0.244568,-0.044532,0,0,0,-0.0240968,0,1940,1450,1551,1837
5.75271e+08,-0.831635,1.08428,11.1083,5.5595,-4.05799,-1.24003,-4.13019,-4.26134,-4.63113,-2.67906,-4.61785,-1.13817,-1.20687,0.456,0.455143,-0.0227676,31.6947,0.220459,0.119361,-0.110048,-0.0561635,0.268549,-0.180241,-0.0440918,0,0,0,-0.0238722,0,1774,1484,1725,1799
5.75292e+08,0.642332,-1.32654,7.98107,-9.40707,-5.85952,-1.32092,-5.61733,4.53935,11.4452,-2.48525,11.3531,-3.79465,-3.81814,0.456,0.455235,-0.0294251,31.6976,0.218123,0.11791,-0.116796,-0.0725353,0.238938,-0.112966,-0.0436246,0,0,0,-0.023582,0,1661,1582,1871,1688
5.75313e+08,-0.724284,1.45036,10.577,7.78991,9.72827,-1.27732,5.07742,-3.88114,7.73528,-2.1813,10.9001,-4.31374,-6.54786,0.456,0.455363,-0.0190462,31.6682,0.215724,0.116487,-0.119945,-0.0711675,0.223683,-0.116871,-0.0431448,0,0,0,-0.0232973,0,1740,1638,1799,1589
5.75334e+08,-1.92739,0.14018,11.3737,0.69621,6.5069,-1.1755,6.25154,-9.61731,-9.28762,-2.06147,-8.96832,-4.1,-4.21103,0.456,0.455507,-0.00946872,31.6476,0.21342,0.115001,-0.115203,-0.0742677,0.240185,-0.102776,-0.042684,0,0,0,-0.0230003,0,1871,1510,1631,1722
5.75355e+08,0.498452,0.867521,9.56357,5.17619,5.77407,-1.11422,5.61731,2.97137,-5.7609,-2.05284,-5.8875,-6.43587,-6.33824,0.456,0.455541,-0.0108004,31.6829,0.211385,0.113441,-0.101732,-0.0780185,0.292038,-0.0859736,-0.0422771,0,0,0,-0.0226882,0,1857,1519,1667,1696
5.75376e+08,-0.425251,-0.538992,8.93057,-3.44992,-5.00455,-0.96905,12.2106,-2.72128,-10.6769,-2.15623,-8.21816,-6.60381,-6.48273,0.454,0.454788,-0.0197384,31.6388,0.209698,0.111643,-0.0843492,-0.0899144,0.360013,-0.0362007,-0.0419397,0,0,0,-0.0223285,0,1933,1556,1610,1675
5.75397e+08,0.247946,0.0871952,10.2249,0.488445,7.25499,-0.878651,4.11569,1.38905,-2.05098,-2.32589,-6.26564,-6.84809,-7.48281,0.454,0.453526,-0.0326623,31.63,0.208114,0.109546,-0.0792062,-0.104837,0.379025,0.0260911,-0.0416229,0,0,0,-0.0219092,0,1882,1519,1696,1729
5.75418e+08,-1.14669,0.56647,11.7963,2.73641,0.567965,-0.833644,0.399319,-5.54578,1.3536,-2.35333,1.42362,-7.62671,-7.64932,0.454,0.453407,-0.0187798,31.6594,0.206424,0.107357,-0.084538,-0.10947,0.355888,0.0472376,-0.0412847,0,0,0,-0.0214713,0,1791,1534,1765,1688
5.75438e+08,0.389326,-1.70226,8.66921,-11.0982,-14.2107,-0.992995,-13.9231,2.52325,7.78108,-2.20997,7.69675,-7.93206,-7.96983,0.454,0.453438,-0.0229368,31.6888,0.204877,0.104965,-0.07731,-0.119586,0.383304,0.0906306,-0.0409755,0,0,0,-0.020993,0,1646,1478,1922,1748
5.75458e+08,-0.499525,0.361754,10.3709,1.99546,1.91148,-1.00288,1.8928,-2.75591,2.86505,-2.14537,2.82002,-10.6343,-10.5929,0.454,0.453478,-0.0155717,31.68,0.203403,0.102358,-0.0737096,-0.130326,0.396259,0.136803,-0.0406806,0,0,0,-0.0204717,0,1797,1538,1782,1653
5.75478e+08,-0.480463,0.511076,10.7201,2.72675,0.338957,-0.982679,0.340876,-2.56331,2.91086,-2.05454,2.83843,-11.9931,-11.9553,0.454,0.453495,-0.0192882,31.6565,0.202116,0.0996127,-0.0643802,-0.137282,0.432424,0.167981,-0.0404231,0,0,0,-0.0199225,0,1794,1525,1803,1660
5.75499e+08,1.02914,-1.24707,8.12806,-8.65467,-3.96639,-0.938915,-3.59534,7.13355,-1.82197,-1.95899,-1.89852,-14.2069,-14.0829,0.454,0.453485,-0.030116,31.6712,0.201063,0.0968179,-0.0526244,-0.139742,0.478615,0.181191,-0.0402126,0,0,0,-0.0193636,0,1819,1463,1816,1720
5.7552e+08,0.97365,0.804902,9.78149,4.68115,13.7741,-0.852341,13.5811,5.66547,-8.79907,-1.89128,-8.90156,-16.5122,-16.4387,0.454,0.453483,-0.0283175,31.6476,0.200267,0.0939974,-0.0398137,-0.141024,0.529359,0.189717,-0.0400534,0,0,0,-0.0187995,0,2000,1524,1652,1633
5.75541e+08,-0.463689,0.296727,10.8836,1.5603,12.7512,-0.759688,-3.26076,-2.43868,-15.2113,-2.23649,-16.1038,-13.7947,-14.6206,0.454,0.453481,-0.0175393,31.6712,0.199736,0.0911292,-0.0265553,-0.143408,0.582231,0.202725,-0.0399471,0,0,0,-0.0182258,0,1921,1348,1698,1807
5.75562e+08,-0.585506,0.42919,9.70151,2.52849,2.49163,-0.816725,2.41713,-3.45036,-6.50899,-2.59195,-6.56365,-15.642,-15.6349,0.455,0.45419,-0.00947308,31.6359,0.19908,0.0848305,-0.0141299,-0.161616,0.631969,0.283374,-0.0398159,0,0,0,-0.0169661,0,1894,1436,1719,1693
5.75583e+08,-0.986579,0.128138,10.2047,0.716074,4.5069,-0.871311,4.30724,-5.52169,3.65895,-2.59281,3.73808,-14.7718,-14.8273,0.455,0.454395,-0.00788143,31.6388,0.198678,0.0814235,-0.0200591,-0.170352,0.608047,0.322559,-0.0397357,0,0,0,-0.0162847,0,1827,1523,1775,1609
5.75604e+08,0.727944,-0.0669433,9.65447,-0.396153,-3.43203,-0.952739,-3.30039,4.31183,22.7429,-2.25984,22.5199,-17.2908,-17.1681,0.455,0.454472,-0.0109945,31.6329,0.198198,0.0778837,-0.0240249,-0.176991,0.591899,0.353505,-0.0396396,0,0,0,-0.0155767,0,1647,1598,1982,1519
5.75625e+08,1.10091,-1.73116,7.69274,-12.5586,-1.89005,-0.836386,13.4383,7.94818,12.8956,-1.93819,8.81144,-16.955,-15.3699,0.456,0.455341,-0.00486748,31.6829,0.197999,0.074066,-0.00993737,-0.190884,0.648513,0.413902,-0.0395998,0,0,0,-0.0148132,0,1846,1625,1753,1494
5.75646e+08,-1.74579,-0.302968,9.9625,-1.71575,6.58323,-0.816994,6.54746,-9.93488,-15.4708,-1.8704,-15.1483,-16.4969,-16.5606,0.456,0.455644,-0.00724046,31.6624,0.197207,0.0702246,0,-0.19207,0.688095,0.423373,-0.0394414,0,0,0,-0.0140449,0,1975,1402,1640,1709
5.75667e+08,1.06006,-0.791876,8.15726,-5.49874,-7.61524,-0.813072,-7.25098,7.36997,-10.3563,-2.08029,-10.4808,-18.4359,-18.3437,0.456,0.45559,-0.0152475,31.6712,0.197669,0.0662755,0.02311,-0.197455,0.781727,0.449826,-0.0395339,0,0,0,-0.0132551,0,1863,1332,1783,1777
5.75688e+08,-1.16536,-0.972507,9.90395,-5.56993,1.22445,-0.882826,1.37424,-6.6791,-12.8143,-2.29774,-12.6817,-17.7183,-17.8073,0.458,0.457217,-0.00706032,31.6594,0.198276,0.0621775,0.0303266,-0.204897,0.811799,0.484727,-0.0396552,0,0,0,-0.0124355,0,1929,1365,1692,1728
5.75709e+08,-0.614324,1.02166,11.4119,5.10844,12.6138,-0.872981,-6.15532,-3.06911,7.20093,-2.27409,6.25763,-18.1153,-19.0157,0.458,0.457479,-0.016506,31.6771,0.198867,0.0579487,0.0295483,-0.211441,0.809787,0.516195,-0.0397734,0,0,0,-0.0115897,0,1754,1448,1895,1649
5.7573e+08,0.635357,-2.00331,8.68276,-12.9586,-2.59234,-0.901604,-2.34543,4.07836,13.5673,-1.99845,13.5086,-17.9626,-17.9324,0.458,0.457532,-0.0181918,31.63,0.199487,0.0534903,0.0310238,-0.22292,0.816852,0.567755,-0.0398975,0,0,0,-0.0106981,0,1722,1535,1920,1573
5.75751e+08,-0.673641,-0.343911,9.41069,-2.08759,0.903843,-0.822619,1.14396,-4.09167,5.42994,-1.90412,5.43785,-17.4282,-17.3809,0.461,0.460343,-0.0017207,31.6771,0.200466,0.0489558,0.0489106,-0.226725,0.890192,0.588642,-0.0400931,0,0,0,-0.00979116,0,1783,1486,1816,1588
5.75772e+08,0.0237519,-0.859311,9.59445,-5.11793,2.04888,-0.848264,2.12473,0.141275,-3.6235,-1.90965,-3.55623,-15.7947,-15.7764,0.461,0.460618,-0.00794307,31.6741,0.201655,0.0444893,0.0594825,-0.223327,0.934462,0.580563,-0.040331,0,0,0,-0.00889786,0,1853,1441,1743,1658
5.75793e+08,-0.387129,-0.237941,10.3437,-1.31685,7.01071,-0.796361,0.0675673,-2.14282,-5.54716,-2.03991,-5.99531,-16.0542,-16.2072,0.461,0.46061,-0.01133,31.6506,0.203148,0.0398378,0.0746224,-0.232572,0.997437,0.623434,-0.0406295,0,0,0,-0.00796757,0,1863,1407,1743,1693
5.75814e+08,-1.26117,0.0751532,10.8388,0.394605,6.03361,-0.784881,5.97922,-6.63675,-7.97464,-2.27053,-7.93743,-17.0618,-17.0386,0.461,0.460567,-0.00391556,31.6212,0.204828,0.0350614,0.0839965,-0.23882,1.03753,0.654446,-0.0409655,0,0,0,-0.00701229,0,1920,1421,1682,1658
5.75834e+08,-0.807458,0.00771757,10.8169,0.0407655,2.09468,-0.882993,1.89698,-4.26908,-6.70747,-2.37848,-6.65299,-16.1305,-16.1364,0.461,0.460533,-0.00226184,31.6388,0.206672,0.0303159,0.0922453,-0.237275,1.07331,0.654176,-0.0413345,0,0,0,-0.00606319,0,1877,1400,1714,1683
5.75855e+08,-0.872252,1.16857,11.0705,6.0072,5.05651,-0.816783,4.99149,-4.48028,-2.53953,-2.48544,-2.51799,-16.1153,-16.1549,0.461,0.460526,0.00459949,31.6418,0.208527,0.0257963,0.0927356,-0.225981,1.078,0.614531,-0.0417054,0,0,0,-0.00515926,0,1867,1445,1713,1626
5.75876e+08,-0.907602,-0.514908,10.3271,-2.84346,3.80461,-0.994072,3.61667,-5.01637,0.865053,-2.49894,0.961744,-14.2985,-14.3673,0.464,0.463249,0.011811,31.6212,0.21047,0.0213568,0.0971317,-0.221978,1.09847,0.604032,-0.042094,0,0,0,-0.00427135,0,1812,1454,1730,1610
5.75897e+08,-0.618442,-1.34581,9.65596,-7.91854,-3.05036,-0.936684,0.173048,-3.62967,11.7353,-2.38187,13.7352,-12.7412,-12.8171,0.464,0.46354,0.00595455,31.6182,0.212523,0.016904,0.102664,-0.222639,1.12363,0.612267,-0.0425046,0,0,0,-0.00338079,0,1694,1534,1844,1553
5.75918e+08,0.248006,-0.129562,9.01137,-0.823408,4.04888,-0.895657,15.1269,1.5763,17.9796,-2.16693,4.57636,-15.3214,-12.7221,0.466,0.463622,0.0062122,31.6094,0.214545,0.0124732,0.101112,-0.221537,1.12035,0.613407,-0.0429091,0,0,0,-0.00249465,0,1863,1579,1675,1509
5.75939e+08,0.625261,-0.0428591,8.34877,-0.293309,8.21682,-0.666604,8.18246,4.28297,2.22383,-1.88612,2.33225,-13.642,-13.668,0.466,0.465608,0.00593043,31.6359,0.216897,0.00823972,0.1176,-0.211676,1.18984,0.579178,-0.0433795,0,0,0,-0.00164794,0,1831,1511,1708,1560
5.7596e+08,-0.51855,0.0823784,10.0499,0.469015,-10.5465,-0.58323,-10.2672,-2.9536,-1.57769,-1.95399,-1.72709,-13.7183,-13.683,0.466,0.465753,0.00849241,31.6447,0.219512,0.00396929,0.130708,-0.213522,1.24611,0.591956,-0.0439023,0,0,0,-0.000793857,0,1730,1348,1806,1718
5.75981e+08,-2.10175,0.320811,11.3812,1.58778,-4.63814,-0.662754,-8.36103,-10.4588,-12.0968,-2.15626,-4.97237,-12.8328,-12.5524,0.467,0.466074,0.00491287,31.5829,0.222434,-0.000369017,0.146123,-0.216915,1.31203,0.611037,-0.0444868,0,0,0,7.38035e-05,0,1767,1342,1766,1740
5.76002e+08,-0.183873,-1.28078,9.02414,-8.0763,7.77407,-0.660348,7.59631,-1.1557,-3.50136,-2.31669,-3.44646,-11.5504,-11.685,0.467,0.46662,0.00912265,31.6182,0.228214,-0.00899672,0.144636,-0.214003,1.31418,0.610258,-0.0456427,0,0,0,0.00179934,0,1863,1462,1652,1617
5.76023e+08,-1.13483,0.86993,10.1467,4.87008,13.5756,-0.617301,13.3764,-6.35846,12.0254,-2.27299,11.9237,-12.9855,-12.9229,0.467,0.466642,0.00581529,31.6094,0.231053,-0.0134779,0.141992,-0.224059,1.30758,0.656263,-0.0462107,0,0,0,0.00269558,0,1803,1611,1730,1463
5.76044e+08,0.149782,1.03129,9.78731,6.01439,4.6443,-0.487512,4.72934,0.871941,18.2696,-1.98475,18.1797,-12.6496,-12.5464,0.473,0.470294,0.0137096,31.6094,0.234095,-0.01774,0.152106,-0.213105,1.35241,0.617732,-0.0468191,0,0,0,0.003548,0,1681,1587,1822,1463
5.76065e+08,0.107204,-0.42098,9.82776,-2.45267,-2.4702,-0.448637,2.83442,0.624404,7.10933,-1.9744,9.75161,-9.71832,-10.797,0.473,0.472582,0.0222966,31.6153,0.237406,-0.0217953,0.165507,-0.202767,1.41077,0.581424,-0.0474811,0,0,0,0.00435907,0,1711,1511,1756,1533
5.76086e+08,-0.513099,-2.3453,9.42396,-13.9552,-11.4931,-0.604175,-11.2596,-3.02439,-5.15021,-1.95722,-5.02139,-8.2374,-8.273,0.473,0.472873,0.0262023,31.6035,0.241065,-0.0258436,0.182958,-0.202414,1.48581,0.585156,-0.048213,0,0,0,0.00516872,0,1699,1310,1737,1748
5.76106e+08,-0.361059,0.465316,10.5561,2.52251,0.201553,-0.574072,-0.186061,-1.95707,-7.34869,-2.24262,-7.36343,-7.33664,-7.36856,0.471,0.47138,0.0343011,31.6006,0.2447,-0.0297769,0.181746,-0.196663,1.48598,0.567105,-0.0489399,0,0,0,0.00595538,0,1790,1368,1628,1688
5.76127e+08,-1.02469,-0.216265,9.56552,-1.2878,-2.83662,-0.738098,-2.91346,-6.11284,-6.76853,-2.46579,-6.69144,-7.51984,-7.50015,0.471,0.470822,0.0270544,31.6006,0.248306,-0.0335521,0.180294,-0.18876,1.48516,0.540229,-0.0496611,0,0,0,0.00671042,0,1775,1355,1659,1713
5.76148e+08,-1.47653,1.71769,11.212,8.63664,4.35422,-0.721958,4.29271,-7.41667,6.16276,-2.50493,6.13367,-5.93206,-5.82207,0.471,0.470692,0.0258992,31.6124,0.25191,-0.0369432,0.180232,-0.169558,1.48991,0.467557,-0.050382,0,0,0,0.00738865,0,1731,1507,1692,1580
5.76169e+08,-0.62854,0.619455,11.4422,3.09419,11.4993,-0.572173,4.18665,-3.13962,12.9719,-2.40343,13.9745,-3.96259,-3.37472,0.476,0.47451,0.0427924,31.6241,0.255487,-0.0402307,0.178855,-0.164375,1.48937,0.450986,-0.0510975,0,0,0,0.00804615,0,1643,1556,1716,1511
5.7619e+08,-0.63274,-1.45178,9.78876,-8.41879,-2.40913,-0.419757,-2.14108,-3.65851,10.2391,-2.19689,10.3154,-3.50458,-3.46198,0.476,0.475845,0.0435374,31.6065,0.259107,-0.0432957,0.180982,-0.153247,1.50294,0.410297,-0.0518214,0,0,0,0.00865913,0,1622,1486,1732,1574
5.76211e+08,1.32957,0.318403,7.98786,2.2517,3.51453,-0.515596,3.41727,9.44284,15.1246,-1.84907,14.8655,-4.22214,-4.09262,0.476,0.475955,0.0326528,31.5624,0.262891,-0.0465069,0.189195,-0.160561,1.54113,0.443764,-0.0525782,0,0,0,0.00930138,0,1635,1567,1743,1506
5.76232e+08,1.11765,-1.80823,7.07055,-14.1766,-11.3557,-0.719474,-11.0806,8.70674,4.89559,-1.77133,4.82647,-4.13053,-4.06419,0.479,0.478486,0.0314154,31.6065,0.266935,-0.0497018,0.202228,-0.159746,1.59899,0.444616,-0.0533871,0,0,0,0.00994036,0,1597,1387,1774,1680
5.76253e+08,-0.701976,-1.49032,9.21894,-9.15682,-5.52364,-0.820696,-6.00169,-4.29879,-5.63876,-2.01388,3.57317,-1.41297,-4.3555,0.479,0.478902,0.0421825,31.6271,0.270933,-0.052793,0.199878,-0.15456,1.5951,0.427809,-0.0541866,0,0,0,0.0105586,0,1636,1399,1718,1645
5.76274e+08,-0.508817,-0.570302,9.66423,-3.37254,-4.30226,-1.02712,-4.21518,-3.00859,5.85742,-2.28163,5.65707,-0.222135,-0.283505,0.479,0.478847,0.0386452,31.5918,0.274932,-0.0556859,0.199967,-0.144645,1.601,0.39179,-0.0549865,0,0,0,0.0111372,0,1620,1441,1704,1645
5.76295e+08,0.766491,-1.29283,8.12584,-9.00072,-5.81371,-1.05844,-5.43333,5.32208,10.7124,-2.30086,10.4988,-2.32901,-2.21065,0.479,0.478767,0.0283196,31.6094,0.278993,-0.0583372,0.203054,-0.132566,1.61901,0.346795,-0.0557987,0,0,0,0.0116674,0,1595,1467,1764,1620
5.76316e+08,0.921294,0.169081,8.1423,1.18208,13.6825,-0.953422,13.5799,6.45413,11.491,-2.07622,11.271,-0.802288,-0.769612,0.479,0.47871,0.00942707,31.5771,0.283055,-0.0609288,0.203086,-0.129582,1.62478,0.338205,-0.056611,0,0,0,0.0121858,0,1733,1635,1645,1497
5.76337e+08,-0.738035,-0.623287,10.4075,-3.41869,1.28552,-0.692821,16.115,-4.04905,7.67421,-2.00599,2.40399,0.02214,0.301978,0.479,0.478689,-5.35162e-05,31.5624,0.28696,-0.0635824,0.195254,-0.132679,1.59881,0.35409,-0.057392,0,0,0,0.0127165,0,1819,1607,1566,1550
5.76358e+08,0.553876,-0.943606,7.71584,-6.95462,-1.95112,-0.723164,-1.80648,4.07563,2.3307,-2.05415,2.29469,0.403819,0.40492,0.483,0.482465,0.00926883,31.6182,0.290883,-0.0658608,0.196114,-0.113917,1.60774,0.281833,-0.0581765,0,0,0,0.0131722,0,1679,1465,1676,1665
5.76379e+08,-1.85577,0.18594,10.4074,1.00766,-5.14196,-0.72072,-5.22215,-10.1087,-1.92884,-2.23567,-1.84426,1.99161,1.88222,0.483,0.482686,0.015033,31.5624,0.294756,-0.0683743,0.193658,-0.125675,1.60331,0.332283,-0.0589511,0,0,0,0.0136749,0,1674,1409,1657,1722
5.764e+08,-2.85639,0.600187,11.1544,2.98386,-14.6992,-0.923276,-14.7091,-14.3436,-5.11968,-2.41461,-5.08164,1.56412,1.58192,0.485,0.483393,0.0227668,31.5535,0.298456,-0.0709002,0.185016,-0.126295,1.57387,0.338084,-0.0596912,0,0,0,0.01418,0,1623,1306,1696,1809
5.76421e+08,-0.343658,-2.00331,8.0948,-13.8883,-14.5771,-1.16318,0.864634,-2.35987,8.84979,-2.38958,7.93113,1.73206,2.02401,0.485,0.484494,0.0217081,31.5594,0.302137,-0.0733859,0.184028,-0.124287,1.57509,0.333298,-0.0604273,0,0,0,0.0146772,0,1635,1507,1679,1610
5.76442e+08,-1.06064,0.258193,10.8413,1.3578,9.60613,-1.26794,9.5488,-5.58608,11.9338,-2.23377,11.8691,1.62519,1.58795,0.485,0.484599,0.0162547,31.5388,0.308682,-0.0777001,0.154075,-0.100314,1.46434,0.242869,-0.0617364,0,0,0,0.01554,0,1671,1602,1654,1519
5.76463e+08,-2.12806,0.460499,10.1065,2.55295,26.5985,-0.955839,26.3901,-11.8787,4.72765,-2.13637,4.86019,1.06031,0.95532,0.487,0.485885,0.0181708,31.5682,0.311684,-0.0793152,0.150094,-0.0807552,1.45273,0.166606,-0.0623367,0,0,0,0.015863,0,1843,1672,1480,1436
5.76484e+08,1.56369,-0.0669433,7.43859,-0.504589,18.6901,-0.633494,18.6766,11.871,13.0635,-1.79945,12.8197,-1.18397,-1.18273,0.487,0.486683,0.00480057,31.5712,0.314732,-0.0810732,0.152421,-0.0879,1.46648,0.197626,-0.0629464,0,0,0,0.0162146,0,1750,1682,1612,1426
5.76505e+08,0.99084,-0.905071,8.02418,-6.38726,-5.78318,-0.574222,2.61689,6.99544,7.64368,-1.92521,3.3023,-3.32137,-2.85505,0.487,0.486713,0.000982143,31.5506,0.317785,-0.0829725,0.152627,-0.094966,1.47174,0.228512,-0.0635569,0,0,0,0.0165945,0,1716,1494,1666,1605
5.76526e+08,1.27745,-1.15073,7.29702,-8.82954,-17.4778,-0.885636,-17.3385,9.81098,4.54444,-1.62451,4.52191,-3.09236,-3.19569,0.49,0.488923,-0.010899,31.5271,0.320838,-0.084982,0.152665,-0.100473,1.47633,0.25329,-0.0641676,0,0,0,0.0169964,0,1566,1366,1834,1744
5.76546e+08,-0.0865823,0.91569,9.92029,5.27353,-3.38623,-0.986905,-3.4578,-0.497937,6.2849,-1.61044,6.19998,-4.40534,-4.42925,0.49,0.489577,-0.0113904,31.5271,0.323773,-0.0870701,0.146736,-0.10441,1.45684,0.271868,-0.0647545,0,0,0,0.017414,0,1656,1469,1754,1628
5.76567e+08,-0.196097,-0.2548,7.88142,-1.85111,-3.14196,-1.24855,-3.22691,-1.42454,4.55971,-1.59478,4.59176,-5.67252,-5.63627,0.49,0.489574,-0.0225813,31.5476,0.326438,-0.0887652,0.133277,-0.0847506,1.40682,0.195321,-0.0652876,0,0,0,0.017753,0,1681,1462,1759,1644
5.76588e+08,0.895016,0.212433,8.4083,1.43912,11.2245,-1.17146,11.1623,6.07401,8.13223,-1.50984,7.98424,-4.93969,-4.96055,0.488,0.48802,-0.0367501,31.5447,0.329121,-0.0901577,0.134136,-0.0696273,1.41425,0.136586,-0.0658242,0,0,0,0.0180315,0,1771,1608,1691,1532
5.76609e+08,1.17454,-0.32946,8.29323,-2.25251,24.3237,-0.95499,21.7302,8.05474,2.98719,-1.5364,-1.75976,-6.61908,-6.61498,0.488,0.487523,-0.0425987,31.5447,0.331478,-0.0911539,0.117838,-0.0498106,1.35246,0.0585303,-0.0662955,0,0,0,0.0182308,0,1932,1617,1557,1520
5.7663e+08,-0.0667263,-1.79378,8.44628,-11.9897,15.255,-0.578808,15.4019,-0.442758,-0.799069,-1.52309,-0.778413,-6.22213,-6.25168,0.488,0.487458,-0.0535881,31.5212,0.333848,-0.0923151,0.118506,-0.0580612,1.35874,0.0932542,-0.0667696,0,0,0,0.018463,0,1893,1595,1613,1565
5.76651e+08,0.371799,1.21915,10.2504,6.7783,0.384759,-0.401627,0.259342,2.06278,4.84979,-1.73714,4.6375,-7.29084,-7.19662,0.486,0.485745,-0.0492237,31.5182,0.336108,-0.0935182,0.113015,-0.0601508,1.34018,0.103323,-0.0672216,0,0,0,0.0187036,0,1755,1520,1758,1629
5.76672e+08,-0.570946,-0.40653,9.27992,-2.50365,-33.142,-0.668119,-32.7133,-3.51732,-1.08915,-1.94471,-1.0247,-6.31374,-6.26983,0.486,0.485427,-0.0442212,31.5359,0.338178,-0.0948811,0.103503,-0.0681449,1.30526,0.137277,-0.0676356,0,0,0,0.0189762,0,1551,1239,1946,1910
5.76693e+08,-1.91529,-0.440247,11.1899,-2.22078,-23.8595,-1.16111,-24.6087,-9.7054,-4.6922,-1.99656,-2.86495,-3.67252,-3.40618,0.486,0.48537,-0.0352193,31.5212,0.340053,-0.0964847,0.093716,-0.0801826,1.26899,0.187755,-0.0680105,0,0,0,0.0192969,0,1595,1282,1862,1878
5.76714e+08,0.811925,-1.52644,9.10361,-9.48154,-6.08852,-1.57272,-6.02543,5.02675,4.20856,-2.05695,4.051,-3.56565,-3.65088,0.485,0.484397,-0.0348816,31.5124,0.341767,-0.0977733,0.0857386,-0.0644282,1.23979,0.126372,-0.0683535,0,0,0,0.0195547,0,1676,1458,1786,1702
5.76735e+08,-0.336764,-1.03272,10.0741,-5.84983,11.0565,-1.46853,11.2224,-1.90464,6.08643,-2.07091,5.94864,-2.69542,-2.70834,0.485,0.484311,-0.029507,31.5241,0.343295,-0.0984797,0.0764051,-0.035322,1.20491,0.0107064,-0.0686591,0,0,0,0.0196959,0,1780,1598,1666,1563
5.76756e+08,-1.02018,0.756734,10.0609,4.27955,33.1176,-1.06576,32.8343,-5.77384,-0.738,-2.04953,-0.646467,-1.51984,-1.63384,0.485,0.484368,-0.0296328,31.5035,0.344629,-0.0988678,0.0666886,-0.0194031,1.16825,-0.0524691,-0.0689258,0,0,0,0.0197736,0,1981,1716,1455,1454
5.76777e+08,-1.44715,-0.895438,10.0943,-5.01826,10.3084,-0.713291,17.8182,-8.12705,-0.585328,-1.8336,10.5106,-0.695417,-4.82271,0.483,0.482602,-0.0437801,31.5094,0.34578,-0.0991881,0.0575444,-0.0160182,1.13366,-0.0654593,-0.069156,0,0,0,0.0198376,0,1826,1697,1669,1474
5.76798e+08,-0.822002,0.788044,10.8562,4.13998,-9.03509,-0.788005,-9.16005,-4.31871,3.09406,-1.6434,3.23266,-4.31374,-4.23994,0.483,0.48245,-0.0423081,31.5153,0.3467,-0.0996302,0.0459856,-0.0221047,1.0891,-0.0403082,-0.06934,0,0,0,0.019926,0,1678,1457,1810,1717
5.76818e+08,-0.874069,-0.883395,10.5093,-4.78846,-29.7832,-1.06623,-21.4675,-4.73779,3.10933,-1.51463,7.44007,-3.82519,-3.59832,0.481,0.48244,-0.0468306,31.4741,0.347423,-0.100287,0.036149,-0.0328619,1.0512,0.00384819,-0.0694845,0,0,0,0.0200575,0,1555,1404,1935,1784
5.76839e+08,0.343424,0.214841,8.79341,1.39851,-24.516,-1.58448,-24.3744,2.23587,9.68948,-1.41695,9.5165,-5.45878,-5.31857,0.481,0.480438,-0.0611759,31.48,0.347984,-0.101256,0.0280684,-0.0484073,1.02013,0.0676022,-0.0695968,0,0,0,0.0202511,0,1533,1400,2002,1803
5.7686e+08,1.06726,-0.92193,8.0597,-6.46958,5.77407,-1.81701,5.65762,7.49484,4.88032,-1.34787,4.69138,-4.02366,-4.06183,0.481,0.480208,-0.0695554,31.5006,0.348401,-0.10177,0.0208576,-0.0257106,0.992376,-0.0225928,-0.0696802,0,0,0,0.020354,0,1780,1592,1760,1638
5.76881e+08,-0.12238,0.843437,10.065,4.78977,19.4535,-1.60825,14.6744,-0.694187,-0.295252,-1.35948,-0.0520436,-6.39007,-4.54385,0.475,0.477972,-0.0807744,31.5006,0.348772,-0.101902,0.0185228,-0.00660049,0.984118,-0.0988846,-0.0697543,0,0,0,0.0203804,0,1897,1637,1674,1615
5.76902e+08,0.197842,-0.059718,8.97116,-0.381301,19.4535,-1.02932,19.6747,1.26332,3.36887,-1.29963,3.20336,-7.24504,-7.14823,0.475,0.474374,-0.0976345,31.4682,0.347595,-0.101369,0,0.0189801,0.910262,-0.20178,-0.0695189,0,0,0,0.0202738,0,1949,1715,1687,1554
5.76923e+08,-0.441947,-0.606428,8.20159,-4.22267,15.8657,-0.660763,15.7945,-3.07605,-2.72273,-1.31495,-2.56082,-8.1916,-8.203,0.475,0.474154,-0.106291,31.5065,0.347345,-0.101228,-0.0124768,0.00708405,0.860544,-0.154061,-0.069469,0,0,0,0.0202455,0,1979,1654,1683,1622
5.76944e+08,1.28689,-0.765383,8.35891,-5.17111,-17.3099,-0.734715,-17.2765,8.71633,9.12459,-1.00394,9.09302,-9.06183,-9.1118,0.47,0.471084,-0.129699,31.4682,0.347026,-0.100823,-0.0159623,0,0.846798,-0.125789,-0.0694052,0,0,0,0.0201645,0,1685,1526,2036,1792
5.76965e+08,1.1793,-0.276475,9.37121,-1.67667,-28.0275,-1.07709,-17.7242,7.1695,10.8956,-0.955211,-0.0375842,-10.6343,-9.35193,0.47,0.469177,-0.130781,31.4682,0.346556,-0.100419,-0.0234823,0,0.816681,-0.125928,-0.0693112,0,0,0,0.0200839,0,1747,1457,1985,1866
5.76986e+08,0.142989,-0.300559,8.69066,-1.98047,-20.8824,-1.5441,-20.5802,0.942046,3.24673,-0.747781,3.21024,-10.8328,-10.8087,0.47,0.468915,-0.131888,31.4594,0.346065,-0.100252,-0.0245311,0.00835609,0.812491,-0.159469,-0.0692131,0,0,0,0.0200504,0,1703,1451,2044,1860
5.77007e+08,-1.96561,0.173898,10.6354,0.921158,15.3771,-1.71938,15.009,-10.4698,-11.8525,-0.736884,-11.5716,-10.2221,-10.2781,0.462,0.462798,-0.153297,31.4565,0.345618,-0.0996333,-0.0223606,0.0309441,0.821266,-0.250661,-0.0691237,0,0,0,0.0199267,0,2086,1629,1714,1745
5.77028e+08,-0.50672,0.47495,11.0762,2.45279,23.4993,-1.37868,23.2836,-2.61697,-9.60823,-0.749172,-9.56307,-10.1,-10.1115,0.462,0.460943,-0.149809,31.4771,0.345215,-0.0987204,-0.0201638,0.0456477,0.830201,-0.310602,-0.069043,0,0,0,0.0197441,0,2136,1708,1663,1667
5.77049e+08,-0.855052,-0.575119,10.6522,-3.08054,15.1787,-0.972128,15.6317,-4.58265,-11.4556,-0.871276,-7.97676,-7.33664,-11.104,0.462,0.460863,-0.145782,31.4565,0.344767,-0.0975704,-0.022393,0.0574991,0.821328,-0.359405,-0.0689534,0,0,0,0.0195141,0,2079,1661,1723,1698
5.7707e+08,0.632358,0.195574,9.53151,1.17289,-2.287,-0.792381,-2.34243,3.79487,-3.56243,-0.997582,-3.64829,-9.87099,-9.82802,0.456,0.455847,-0.146889,31.4447,0.344248,-0.0962925,-0.0259433,0.0638924,0.807066,-0.386481,-0.0688497,0,0,0,0.0192585,0,1929,1581,1882,1810
5.7709e+08,0.231256,-0.00191609,9.8853,-0.0111027,-26.4397,-1.02497,-26.2124,1.34013,3.24673,-1.05981,3.10126,-9.38244,-9.37341,0.456,0.454968,-0.139412,31.5006,0.343264,-0.0953046,-0.0492345,0.049395,0.71304,-0.329407,-0.0686527,0,0,0,0.0190609,0,1700,1453,2097,1932
5.77111e+08,-0.54496,0.600187,11.651,2.9457,-15.5694,-1.49064,-15.8753,-2.67444,1.73528,-1.03587,1.73972,-7.65725,-7.7442,0.456,0.454892,-0.122577,31.4506,0.342145,-0.0942957,-0.0559468,0.0504476,0.685336,-0.334727,-0.0684289,0,0,0,0.0188591,0,1755,1504,1998,1865
5.77132e+08,-1.14414,0.00290074,11.0499,0.0149609,-6.59234,-1.73036,-6.65094,-5.91154,-3.47082,-1.05508,-3.40054,-5.0313,-5.15743,0.446,0.446428,-0.136988,31.4535,0.341015,-0.0930047,-0.0564881,0.0645479,0.682366,-0.392736,-0.068203,0,0,0,0.0186009,0,1870,1569,1914,1877
5.77153e+08,-0.833528,-0.695539,9.91835,-3.99734,17.6367,-1.61011,9.66797,-4.79208,-15.4403,-1.0894,-7.7783,-3.58091,-5.72991,0.446,0.444986,-0.124407,31.4447,0.339596,-0.0913225,-0.070933,0.0841145,0.623266,-0.473165,-0.0679192,0,0,0,0.0182645,0,2014,1646,1759,1779
5.77174e+08,-1.13934,-0.0910274,11.2729,-0.460302,21.2703,-1.25119,20.9826,-5.77104,-21.0739,-1.49348,-20.9495,-3.84046,-3.8284,0.446,0.444987,-0.0999053,31.4565,0.338034,-0.0892953,-0.0781165,0.101359,0.593106,-0.54472,-0.0676068,0,0,0,0.0178591,0,2170,1621,1545,1779
5.77195e+08,-0.35839,-0.546218,10.0037,-3.12335,3.59087,-0.991026,3.6172,-2.04874,-17.4861,-1.90766,-17.5067,-0.924425,-0.935955,0.44,0.439611,-0.102901,31.4359,0.33644,-0.0872433,-0.0797122,0.102597,0.585313,-0.552113,-0.0672879,0,0,0,0.0174487,0,2029,1545,1683,1904
5.77216e+08,-0.592583,0.118505,11.0733,0.612269,-8.02746,-0.93722,-10.716,-3.06306,-2.15785,-2.1038,-3.15725,-0.115265,-0.249411,0.44,0.439058,-0.0908724,31.4065,0.334567,-0.0853251,-0.0936444,0.0959097,0.527688,-0.527552,-0.0669134,0,0,0,0.017065,0,1816,1538,1873,1900
5.77237e+08,0.314955,-0.452289,8.61905,-3.00187,-25.0656,-1.13651,-5.60703,2.08989,10.8345,-2.07478,6.59381,0.403819,0.59587,0.44,0.439053,-0.0782129,31.4329,0.332394,-0.0833726,-0.10865,0.0976269,0.465375,-0.536747,-0.0664788,0,0,0,0.0166745,0,1764,1635,1895,1788
5.77258e+08,-1.0629,-0.17773,11.3368,-0.894248,-12.9893,-1.5396,-12.9239,-5.35557,14.3002,-1.72186,14.3226,1.38092,1.34463,0.435,0.434335,-0.0880326,31.43,0.32998,-0.0816575,-0.120685,0.0857549,0.414669,-0.491144,-0.065996,0,0,0,0.0163315,0,1659,1656,2026,1805
5.77278e+08,0.458555,-1.63723,8.54817,-10.8273,-6.48547,-1.61415,-6.19103,3.0159,10.6055,-1.40147,10.5819,2.15954,2.08389,0.435,0.434123,-0.086016,31.4094,0.327373,-0.0797244,-0.130332,0.096656,0.373294,-0.537156,-0.0654747,0,0,0,0.0159449,0,1724,1684,1952,1782
5.77298e+08,-1.71006,0.0125344,11.3519,0.0625582,8.03361,-1.44932,-1.28213,-8.56668,-6.43266,-1.17323,6.88975,1.70153,-0.0712217,0.428,0.43417,-0.0829841,31.4182,0.324855,-0.0773495,-0.125906,0.118745,0.388467,-0.628598,-0.0649711,0,0,0,0.0154699,0,1792,1686,1897,1754
5.77319e+08,-0.365764,0.212433,9.99775,1.21643,4.81224,-1.24312,4.75377,-2.09474,-12.5853,-1.28052,-12.4666,-0.0694631,-0.0556186,0.428,0.427609,-0.0927543,31.4271,0.32244,-0.074809,-0.120751,0.127022,0.406687,-0.664862,-0.0644881,0,0,0,0.0149618,0,1997,1613,1732,1868
5.7734e+08,-0.365871,0.597779,10.1646,3.36352,3.36186,-1.11548,3.30931,-2.05791,-14.6159,-1.48498,-14.6236,-0.0236616,-0.069472,0.428,0.427186,-0.091074,31.4418,0.319973,-0.0723075,-0.123362,0.125076,0.393693,-0.660076,-0.0639946,0,0,0,0.0144615,0,2006,1586,1721,1893
5.77361e+08,-1.3208,-0.151238,10.328,-0.832172,3.98781,-1.09047,-5.61267,-7.28695,-11.2113,-1.62442,-4.10974,-1.1229,-3.14779,0.427,0.426786,-0.0877668,31.4329,0.317421,-0.0699013,-0.127591,0.12031,0.374097,-0.643866,-0.0634842,0,0,0,0.0139803,0,1881,1580,1870,1867
5.77382e+08,-0.196049,-0.430614,9.78764,-2.51864,-10.0427,-1.17803,-9.96572,-1.14638,5.72001,-1.57346,5.68382,-1.24504,-1.28947,0.427,0.426169,-0.0886679,31.3535,0.31193,-0.0649911,-0.145049,0.122137,0.298303,-0.657141,-0.062386,0,0,0,0.0129982,0,1771,1629,1967,1838
5.77403e+08,-2.26887,0.21725,10.6476,1.14322,-0.103791,-1.3563,-0.361985,-12.0267,7.04826,-1.36607,7.26019,-1.1687,-1.25273,0.427,0.426147,-0.0860253,31.3976,0.308934,-0.0625729,-0.14982,0.12091,0.275958,-0.655155,-0.0617867,0,0,0,0.0125146,0,1821,1708,1913,1756
5.77424e+08,-0.544768,-0.0910274,10.2182,-0.509673,-2.98929,-1.47194,-3.15274,-3.05162,6.98719,-0.967626,7.11709,-1.47404,-1.52952,0.424,0.424364,-0.0936953,31.4212,0.305943,-0.0599499,-0.149504,0.131151,0.274018,-0.699422,-0.0611887,0,0,0,0.01199,0,1806,1699,1948,1781
5.77445e+08,0.0687492,0.477358,9.88621,2.76433,2.82751,-1.59458,-1.27134,0.397968,-3.15021,-0.795676,-3.75754,-3.15343,-3.24107,0.424,0.423258,-0.0996292,31.4271,0.30321,-0.0570729,-0.136664,0.14385,0.322628,-0.753878,-0.060642,0,0,0,0.0114146,0,1909,1635,1875,1843
5.77466e+08,-0.89822,0.0968289,10.4135,0.530772,11.4687,-1.40656,11.2954,-4.92965,-19.8525,-0.949749,-19.6822,-2.68015,-2.80786,0.424,0.423162,-0.0909364,31.4124,0.300672,-0.0541137,-0.126916,0.147961,0.359076,-0.773998,-0.0601344,0,0,0,0.0108227,0,2108,1606,1658,1862
5.77486e+08,-1.19418,-0.396896,10.356,-2.18037,8.53743,-1.3547,8.34546,-6.57308,-23.4708,-1.25167,-23.2923,-2.35954,-2.44612,0.419,0.419426,-0.0947433,31.4124,0.298104,-0.0512765,-0.128377,0.141862,0.350523,-0.753017,-0.0596209,0,0,0,0.0102553,0,2126,1568,1657,1923
5.77507e+08,-0.425133,-0.965282,9.74899,-5.64929,-6.39387,-1.23389,-6.20602,-2.48483,-11.0586,-1.51506,-11.0129,-3.64198,-3.65677,0.419,0.41826,-0.0893868,31.4065,0.295384,-0.0482573,-0.135997,0.150959,0.317075,-0.793219,-0.0590769,0,0,0,0.00965146,0,1942,1542,1846,1932
5.77528e+08,-0.676353,0.82417,9.81144,4.79031,-14.0885,-1.30315,-14.0521,-3.92966,0.971924,-1.50078,1.02299,-3.99313,-3.92889,0.419,0.41816,-0.0849424,31.3888,0.292564,-0.0451153,-0.141015,0.157101,0.293934,-0.821733,-0.0585128,0,0,0,0.00902305,0,1797,1567,1985,1897
5.77549e+08,0.622859,0.00530915,8.39871,0.0361197,-5.55417,-1.51421,-9.29563,4.24137,9.20093,-1.28798,7.93635,-3.64198,-3.6595,0.415,0.415181,-0.084596,31.3918,0.289616,-0.0421194,-0.147416,0.149793,0.265074,-0.796122,-0.0579232,0,0,0,0.00842388,0,1780,1656,2011,1820
5.7757e+08,-0.46162,1.44313,10.8593,7.56315,5.04125,-1.53703,4.66688,-2.41295,4.52918,-1.02333,4.60401,-4.42061,-4.35679,0.415,0.414257,-0.0786854,31.3624,0.286842,-0.0387652,-0.138697,0.167709,0.297075,-0.872135,-0.0573684,0,0,0,0.00775304,0,1900,1729,1890,1734
5.77591e+08,1.30347,-0.262025,7.87774,-1.8795,2.18629,-1.63874,2.07689,9.39007,-2.79907,-0.757155,-2.71176,-2.93969,-2.94482,0.415,0.414219,-0.0880551,31.3741,0.284097,-0.0352557,-0.137246,0.175476,0.299955,-0.907642,-0.0568194,0,0,0,0.00705114,0,1931,1675,1863,1817
5.77612e+08,-0.0266747,0.154631,9.8834,0.896345,11.7588,-1.46537,11.5646,-0.154618,-13.6846,-0.995017,-13.727,-1.70305,-1.73732,0.411,0.410844,-0.0881414,31.4035,0.281508,-0.0317679,-0.12945,0.174392,0.328473,-0.907636,-0.0563016,0,0,0,0.00635357,0,2084,1675,1712,1840
5.77633e+08,-0.108049,0.831395,9.81333,4.8423,-0.882417,-1.36302,-3.77787,-0.628576,-14.4021,-1.29035,-15.0372,-2.17633,-0.67811,0.411,0.41025,-0.0826948,31.3624,0.279089,-0.0281629,-0.120954,0.180247,0.360011,-0.935609,-0.0558178,0,0,0,0.00563258,0,1981,1554,1797,1962
5.77654e+08,0.243395,-0.722032,8.71839,-4.73243,-15.6152,-1.26966,-15.3593,1.59368,-3.59296,-1.57383,-3.69255,0.419087,0.432753,0.411,0.410235,-0.0735075,31.3771,0.276689,-0.0244088,-0.120006,0.187708,0.361295,-0.970219,-0.0553377,0,0,0,0.00488175,0,1810,1548,1942,1962
5.77674e+08,0.462978,-0.367995,9.85128,-2.13694,-18.0122,-1.48565,-17.9419,2.68886,4.52918,-1.54396,4.43873,1.21298,1.2566,0.408,0.407536,-0.0690168,31.3859,0.274175,-0.02089,-0.125673,0.175937,0.335899,-0.927408,-0.054835,0,0,0,0.004178,0,1727,1589,2019,1930
5.77695e+08,-0.902817,-0.548626,9.83317,-3.18007,-0.59234,-1.50069,-0.750973,-5.23771,1.70475,-1.50684,1.82383,3.9,3.79483,0.408,0.40732,-0.0566944,31.3888,0.271666,-0.0176222,-0.125482,0.163389,0.334003,-0.881167,-0.0543331,0,0,0,0.00352445,0,1846,1694,1858,1828
5.77716e+08,-1.63138,0.431598,11.6517,2.10089,5.6672,-1.50587,5.39531,-7.96493,-0.585328,-1.33218,-0.414873,4.23588,4.17381,0.408,0.407372,-0.0459468,31.3771,0.269323,-0.0139328,-0.117108,0.18447,0.365127,-0.970344,-0.0538647,0,0,0,0.00278657,0,1894,1717,1789,1790
5.77737e+08,-0.208299,0.68689,10.7653,3.6502,10.0489,-1.4419,6.21274,-1.10624,-1.63876,-1.19333,-2.08578,3.7626,4.41898,0.407,0.406552,-0.0444659,31.3535,0.267152,-0.0100993,-0.108551,0.191675,0.397203,-1.00406,-0.0534305,0,0,0,0.00201987,0,1910,1715,1770,1795
5.77758e+08,0.114207,0.159448,9.61975,0.949525,7.49926,-1.14715,7.41767,0.680096,-8.41739,-1.34535,-8.46959,5.35038,5.29643,0.407,0.406561,-0.0330398,31.3476,0.265113,-0.0063322,-0.101966,0.188357,0.421529,-0.995482,-0.0530226,0,0,0,0.00126644,0,1956,1674,1696,1824
5.77779e+08,-1.49522,0.238925,10.844,1.25037,0.995446,-1.0488,0.827933,-7.84882,-14.5243,-1.65801,-14.445,5.68626,5.59613,0.404,0.405483,-0.026788,31.3565,0.263192,-0.00259857,-0.0960367,0.186681,0.44337,-0.993464,-0.0526385,0,0,0,0.000519714,0,1953,1580,1690,1915
5.778e+08,-0.642775,0.289502,10.1952,1.62331,-14.1801,-1.16959,-14.1927,-3.6061,-9.44029,-1.88805,-9.44089,7.74733,7.62548,0.404,0.403741,-0.0229902,31.3476,0.261334,0.00105387,-0.0929376,0.182622,0.453935,-0.981788,-0.0522667,0,0,0,-0.000210774,0,1802,1512,1821,1999
5.77821e+08,0.704212,-0.591977,8.30034,-4.06486,-24.1038,-1.46199,-7.32489,4.83721,7.88795,-2.01312,-2.19886,7.39619,7.86061,0.404,0.403532,-0.0154019,31.3624,0.259476,0.0046299,-0.0928582,0.178801,0.452389,-0.970982,-0.0518953,0,0,0,-0.000925979,0,1790,1602,1819,1900
5.77842e+08,-1.32109,0.891605,11.5833,4.37334,3.22445,-1.63788,2.97978,-6.48752,9.88795,-1.71304,9.95546,7.88474,7.85207,0.406,0.404731,-0.00792187,31.3388,0.255506,0.0117119,-0.100142,0.184198,0.419109,-1.00159,-0.0511011,0,0,0,-0.00234238,0,1762,1756,1830,1730
5.77863e+08,-0.685453,-0.801509,10.6612,-4.29059,6.79697,-1.5636,6.8836,-3.6684,9.70475,-1.39004,9.78845,8.26641,8.21805,0.406,0.405574,-0.00327699,31.3771,0.253524,0.0155194,-0.0990899,0.190374,0.421297,-1.03119,-0.0507047,0,0,0,-0.00310388,0,1780,1784,1796,1693
5.77884e+08,0.828479,-0.950831,9.18762,-5.88483,3.97255,-1.20269,4.29801,5.1254,6.30017,-1.19759,6.21197,6.90764,6.95439,0.406,0.405752,-0.00655738,31.3624,0.251639,0.0192294,-0.0942242,0.185497,0.438898,-1.01634,-0.0503278,0,0,0,-0.00384587,0,1798,1744,1796,1728
5.77905e+08,0.505944,-0.312601,8.89451,-2.00961,-3.29463,-0.879739,12.9713,3.25362,-5.56243,-1.2887,-10.7478,4.61756,6.34029,0.406,0.405824,-0.00224308,31.3565,0.250122,0.0227255,-0.0758624,0.174807,0.511088,-0.977913,-0.0500244,0,0,0,-0.0045451,0,1985,1680,1606,1779
5.77927e+08,-0.394024,-1.20612,8.23145,-8.32661,-11.6305,-0.913638,-11.4404,-2.71164,-14.4937,-1.51201,-14.4011,3.01451,3.03673,0.406,0.405769,-0.0127135,31.3359,0.248794,0.0260377,-0.0663839,0.165607,0.547886,-0.945239,-0.0497589,0,0,0,-0.00520753,0,1864,1471,1775,1977
5.77947e+08,-0.274743,-0.806326,9.45472,-4.87251,-31.9511,-1.18687,-31.5272,-1.65846,-4.09678,-1.73929,-4.1587,3.24351,3.25891,0.406,0.405659,-0.0153243,31.3388,0.247439,0.0290249,-0.0677843,0.149361,0.541014,-0.883897,-0.0494877,0,0,0,-0.00580497,0,1647,1397,1993,2057
5.77968e+08,0.477501,-1.07366,8.77698,-6.96396,-24.1649,-1.54328,-23.886,3.09104,4.72765,-1.72356,4.64986,3.41145,3.42297,0.408,0.406819,-0.00695441,31.3212,0.246041,0.0320429,-0.0698904,0.150901,0.531256,-0.893935,-0.0492082,0,0,0,-0.00640858,0,1624,1501,1996,1936
5.77989e+08,0.603731,0.0992373,8.69803,0.6521,10.1863,-1.67251,3.20256,3.97028,12.6666,-1.52425,11.2886,3.07558,3.08383,0.408,0.407553,-0.00828099,31.3035,0.24468,0.0351353,-0.0680446,0.15462,0.537392,-0.912816,-0.048936,0,0,0,-0.00702706,0,1767,1741,1856,1694
5.7801e+08,-0.447368,1.71528,10.3469,9.40414,29.3313,-1.2834,28.9081,-2.44247,8.17803,-1.1675,8.25579,3.22825,3.22358,0.408,0.407695,-0.00956812,31.3094,0.243381,0.0383879,-0.0649391,0.16263,0.548657,-0.94911,-0.0486762,0,0,0,-0.00767758,0,1973,1914,1651,1524
5.7803e+08,-2.39785,0.347304,11.0824,1.7544,18.8428,-0.944495,18.6368,-12.2029,-8.70747,-1.12246,-8.38871,4.86183,4.75234,0.408,0.407762,-0.0108111,31.3212,0.242219,0.0415768,-0.0581228,0.159448,0.574974,-0.940445,-0.0484437,0,0,0,-0.00831537,0,2016,1735,1596,1719
5.78051e+08,-0.685347,-1.18204,8.69234,-7.72027,-9.15723,-0.694594,-8.82022,-4.46721,-15.2113,-1.41399,-15.1255,3.19771,3.16508,0.408,0.407788,-0.0117757,31.3329,0.241363,0.044586,-0.0427933,0.15046,0.63582,-0.90827,-0.0482726,0,0,0,-0.00891721,0,1885,1484,1744,1958
5.78072e+08,-0.489863,-0.0332255,9.9761,-0.190594,-5.73738,-0.826292,-6.06068,-2.81116,-16.8143,-1.65826,-16.7787,1.57939,1.59982,0.408,0.407741,-0.00956731,31.2918,0.240783,0.0471259,-0.0290117,0.126991,0.690804,-0.817434,-0.0481565,0,0,0,-0.00942517,0,1922,1476,1717,1948
5.78093e+08,-0.432796,0.833803,11.345,4.20037,-15.1267,-1.31329,-21.1271,-2.17883,-0.585328,-1.78205,-6.22177,2.48016,1.33361,0.412,0.410636,-0.0104946,31.3271,0.240238,0.0493881,-0.0272392,0.113113,0.697666,-0.764716,-0.0480476,0,0,0,-0.00987762,0,1732,1430,1901,1983
5.78114e+08,-0.0407634,-0.702764,9.45943,-4.2488,-14.2412,-1.52958,-13.9496,-0.246224,9.96429,-1.75911,9.86585,4.34275,4.31525,0.412,0.411576,-0.00291487,31.3182,0.23968,0.0518058,-0.0279024,0.120882,0.694742,-0.799017,-0.0479359,0,0,0,-0.0103612,0,1644,1599,1946,1825
5.78135e+08,0.1193,-0.984549,8.85341,-6.34497,-5.08089,-1.50779,-4.78925,0.767288,11.7047,-1.59543,11.6571,5.19771,5.21547,0.412,0.411674,-0.000672586,31.3624,0.239076,0.0545179,-0.0301714,0.135605,0.68532,-0.861583,-0.0478153,0,0,0,-0.0109036,0,1689,1682,1888,1746
5.78156e+08,-1.6075,0.434007,11.1293,2.2103,7.6214,-1.44829,7.54681,-8.21273,-0.020443,-1.494,0.127338,7.53359,7.45796,0.414,0.413403,0.00782999,31.3447,0.238595,0.0570468,-0.0240883,0.126448,0.709548,-0.828151,-0.0477189,0,0,0,-0.0114094,0,1837,1688,1698,1738
5.78177e+08,-1.30452,1.41423,10.9549,7.30489,12.9802,-1.27594,-0.875325,-6.73546,-13.364,-1.45099,-4.26505,7.91527,6.9243,0.414,0.413788,0.0113962,31.2859,0.238236,0.0594226,-0.017951,0.118787,0.734147,-0.800529,-0.0476471,0,0,0,-0.0118845,0,1809,1594,1725,1822
5.78198e+08,0.341201,-0.380037,9.24356,-2.35272,-8.05799,-0.985827,-7.7099,2.11218,-11.6235,-1.78028,-11.7152,8.08321,8.12019,0.414,0.413877,0.018479,31.3506,0.237283,0.0616807,0,0.112908,0.805813,-0.779906,-0.0474565,0,0,0,-0.0123361,0,1811,1490,1700,1925
5.78219e+08,-1.6072,-0.66423,10.1731,-3.69006,-5.82898,-1.08048,-5.80376,-8.9589,-16.6159,-2.06733,-16.4567,9.06031,8.92429,0.417,0.416553,0.0284619,31.2859,0.237493,0.0637278,0.0105038,0.102355,0.848641,-0.740282,-0.0474985,0,0,0,-0.0127456,0,1843,1454,1632,1941
5.7824e+08,-1.59779,-0.156055,11.0856,-0.798263,-12.3481,-1.26893,-12.3667,-8.20084,-1.88304,-2.21379,-1.91007,9.54886,9.48329,0.417,0.416782,0.0322763,31.2947,0.237625,0.0654589,0.0066364,0.0865531,0.833733,-0.679206,-0.0475251,0,0,0,-0.0130918,0,1686,1505,1778,1889
5.78261e+08,-0.110532,1.17098,10.1985,6.54958,-1.4015,-1.30404,-3.14147,-0.616896,15.2162,-2.07597,10.3294,7.83893,10.1281,0.417,0.416811,0.0262123,31.2712,0.236675,0.067017,0,0.0779037,0.806788,-0.646603,-0.047335,0,0,0,-0.0134034,0,1663,1667,1805,1743
5.78282e+08,-1.93698,0.258193,11.4237,1.27653,-5.12669,-1.23027,-5.03371,-9.62098,8.83452,-1.7784,9.01925,9.70153,9.6395,0.42,0.41971,0.0359815,31.2594,0.234785,0.0695994,0,0.0610369,0.806135,-0.582463,-0.0469571,0,0,0,-0.0139199,0,1644,1633,1802,1746
5.78302e+08,-0.499301,-0.442656,9.17058,-2.75939,-0.348066,-1.19461,-0.245677,-3.11283,4.98719,-1.74798,5.02826,9.77786,9.73773,0.42,0.419936,0.0349152,31.3182,0.234999,0.0708158,0.0106698,0.0608205,0.849629,-0.583258,-0.0469997,0,0,0,-0.0141632,0,1707,1640,1738,1741
5.78323e+08,-0.145947,-0.276475,8.59836,-1.84141,6.76644,-1.15246,6.61569,-0.971932,-5.37922,-1.67596,-5.28037,8.8771,8.8571,0.421,0.420321,0.0288366,31.3124,0.235514,0.0719341,0.0257503,0.055919,0.911193,-0.565141,-0.0471027,0,0,0,-0.0143868,0,1838,1617,1625,1766
5.78344e+08,-0.666572,-0.0043245,10.0523,-0.0245947,-3.4473,-1.08537,-3.37685,-3.79376,-7.83724,-1.6638,-7.72568,6.32748,6.38256,0.421,0.420833,0.0196852,31.2918,0.236049,0.0728741,0.0267674,0.0469996,0.91638,-0.530687,-0.0472098,0,0,0,-0.0145748,0,1803,1525,1696,1850
5.78365e+08,-0.241321,-0.779834,8.26999,-5.3846,-2.18013,-1.10039,-0.536383,-1.66405,-5.13495,-1.70239,-5.38685,4.80077,7.00202,0.421,0.42084,0.0167488,31.2771,0.236616,0.0737174,0.0283647,0.0421606,0.923935,-0.512477,-0.0473233,0,0,0,-0.0147435,0,1805,1566,1691,1819
5.78386e+08,-0.167179,-1.20612,8.98863,-7.64117,-11.7832,-1.33356,-11.7611,-1.05605,5.93375,-1.77733,5.89962,4.43435,4.47888,0.423,0.421966,0.00766253,31.2535,0.23725,0.0744232,0.0317066,0.0352938,0.938572,-0.485962,-0.0474501,0,0,0,-0.0148846,0,1660,1557,1871,1818
5.78407e+08,0.730588,-0.986957,8.2522,-6.79382,-4.77555,-1.32255,-4.52502,5.02373,11.3841,-1.6363,11.2576,4.86183,4.87131,0.423,0.422679,0.00336526,31.2329,0.237958,0.0750493,0.0353628,0.0313028,0.954564,-0.470882,-0.0475915,0,0,0,-0.0150099,0,1672,1652,1859,1731
5.78428e+08,-1.45219,0.0703363,9.97709,0.399704,7.86567,-1.26602,7.7803,-8.28119,7.90322,-1.45505,7.99704,5.31985,5.22147,0.423,0.422751,-0.000974565,31.2653,0.238657,0.0755312,0.0349739,0.0240977,0.954324,-0.442731,-0.0477314,0,0,0,-0.0151062,0,1783,1724,1753,1670
5.78449e+08,1.62597,-0.784651,8.26837,-5.31973,8.26262,-1.224,11.3794,11.0767,12.1628,-1.16721,1.17294,3.56413,3.37565,0.426,0.424561,0.00152025,31.2682,0.239555,0.0758159,0.0448699,0.0142331,0.995584,-0.403664,-0.0479109,0,0,0,-0.0151632,0,1857,1691,1685,1676
5.7847e+08,-0.353696,-0.249983,9.08292,-1.57532,3.05651,-1.03867,3.18778,-2.22917,-0.585328,-1.04952,-0.63511,2.40382,2.42704,0.426,0.425792,0.00358803,31.28,0.24063,0.0755126,0.0537656,0,1.03306,-0.346475,-0.048126,0,0,0,-0.0151025,0,1813,1615,1730,1736
5.78491e+08,-1.09379,-0.729257,10.1987,-4.06673,-10.7297,-1.12909,-10.5337,-6.10602,-10.2495,-1.14848,-10.1622,1.67099,1.7219,0.426,0.425829,-0.00326929,31.2771,0.241765,0.0753373,0.0567779,-0.00876772,1.04701,-0.311227,-0.0483531,0,0,0,-0.0150675,0,1792,1449,1769,1908
5.78512e+08,1.07442,-0.919522,8.44195,-6.16696,-15.2183,-1.26424,-14.9674,7.21092,-3.74563,-1.2658,-3.91127,0.434354,0.501481,0.427,0.426517,-0.0082395,31.3153,0.242922,0.0748766,0.0578332,-0.0230355,1.05315,-0.25356,-0.0485844,0,0,0,-0.0149753,0,1723,1456,1854,1896
5.78533e+08,-1.49258,-0.659413,10.1279,-3.68549,-2.62287,-1.422,-6.38626,-8.36605,-4.72273,-1.38767,-4.68896,-0.0694631,1.25892,0.427,0.426677,-0.00907546,31.2565,0.244093,0.0742597,0.0585568,-0.030845,1.05798,-0.221597,-0.0488186,0,0,0,-0.0148519,0,1786,1510,1785,1849
5.78554e+08,0.0358946,-1.59147,9.12317,-9.89518,11.5145,-1.51765,11.4447,0.222072,6.54444,-1.45121,6.51882,0.602293,0.493321,0.427,0.426676,-0.00490336,31.2682,0.245284,0.0735898,0.0595597,-0.033492,1.06395,-0.210271,-0.0490569,0,0,0,-0.014718,0,1833,1708,1739,1638
5.78575e+08,0.505644,0.766368,9.37109,4.66849,18.3542,-1.1952,18.1593,3.0783,12.6055,-1.3239,12.4785,-0.985494,-0.908477,0.43,0.429281,0.00384375,31.2829,0.246464,0.0725519,0.0590024,-0.0518997,1.06365,-0.135268,-0.0492929,0,0,0,-0.0145104,0,1834,1785,1726,1525
5.78596e+08,-0.251089,0.000492326,10.6312,0.00265259,5.56033,-0.9438,5.60197,-1.35296,7.52154,-1.24918,7.39341,0.983972,0.962742,0.43,0.429817,0.00931556,31.2859,0.247592,0.071561,0.0563923,-0.0495403,1.05506,-0.143613,-0.0495185,0,0,0,-0.0143122,0,1769,1666,1763,1648
5.78617e+08,-1.86793,0.999984,12.2511,4.61329,0.583232,-0.952133,-3.30189,-8.64088,-5.42502,-1.22903,1.56937,0.312216,-0.0605565,0.43,0.429886,0.00106469,31.2653,0.248772,0.0703482,0.0589683,-0.0606446,1.06734,-0.0976771,-0.0497543,0,0,0,-0.0140696,0,1758,1563,1797,1756
5.78638e+08,-1.34229,-0.148829,9.92916,-0.851009,-2.40913,-0.862188,-2.38603,-7.6981,-7.60823,-1.40596,-7.4731,-1.67252,-1.70511,0.428,0.42805,0.00065685,31.2712,0.2503,0.0688439,0.0764163,-0.075211,1.1397,-0.0374861,-0.05006,0,0,0,-0.0137688,0,1842,1498,1733,1812
5.78658e+08,-0.941223,0.173898,10.1121,0.980976,2.58323,-1.02195,2.23498,-5.3169,-4.52426,-1.43914,-4.44622,-3.00076,-2.95997,0.428,0.427827,-0.000329351,31.2624,0.251834,0.0672185,0.0767102,-0.0812702,1.14327,-0.0112587,-0.0503668,0,0,0,-0.0134437,0,1860,1546,1731,1757
5.78679e+08,-1.33796,1.46722,11.9783,6.94059,2.6901,-1.11448,2.37261,-6.32655,1.262,-1.47703,1.28771,-2.25267,-2.34956,0.428,0.427786,0.00514327,31.2476,0.253245,0.0653403,0.0705546,-0.093911,1.12083,0.0416877,-0.0506491,0,0,0,-0.0130681,0,1810,1584,1765,1715
5.787e+08,-1.24921,0.0293933,10.041,0.166441,12.1099,-1.03065,11.8888,-7.0918,2.42231,-1.48508,2.53129,-2.17633,-2.28707,0.431,0.430572,0.0170642,31.2535,0.254615,0.0632645,0.0684806,-0.103793,1.1147,0.0838223,-0.050923,0,0,0,-0.0126529,0,1855,1646,1691,1623
5.78721e+08,-0.535234,-0.0284086,9.84319,-0.165118,2.12522,-0.951584,18.2586,-3.11244,8.10169,-1.3286,6.90786,-3.88626,-3.82391,0.431,0.43087,0.00931356,31.2153,0.256085,0.0613224,0.0734892,-0.0971038,1.13711,0.0593291,-0.0512169,0,0,0,-0.0122645,0,1881,1724,1690,1543
5.78742e+08,-1.03435,0.161856,9.66586,0.953891,8.82751,-0.779814,7.07179,-6.10714,2.77345,-1.23927,8.13979,-4.37481,-3.21518,0.431,0.4309,0.00653878,31.2271,0.257528,0.0593937,0.0721887,-0.0964338,1.13419,0.0589642,-0.0515057,0,0,0,-0.0118787,0,1793,1662,1776,1615
5.78763e+08,-0.349409,1.50816,10.223,8.38727,1.56033,-0.586582,1.53564,-1.93659,7.70475,-1.16458,7.60659,-7.01603,-6.86584,0.431,0.430874,-0.00296693,31.2271,0.260712,0.054832,0.0818911,-0.120854,1.17807,0.16245,-0.0521425,0,0,0,-0.0109664,0,1784,1613,1837,1649
5.78784e+08,-0.711704,-0.856903,9.60459,-5.08446,-9.81371,-0.693315,-9.61742,-4.22119,-2.53953,-1.20208,-2.36948,-5.18397,-5.23422,0.431,0.430825,-0.0108372,31.23,0.262387,0.0524142,0.0837217,-0.120892,1.188,0.165555,-0.0524774,0,0,0,-0.0104828,0,1774,1474,1845,1814
5.78805e+08,-1.5333,-0.206631,10.6771,-1.09744,-4.86715,-0.843802,-5.43716,-8.17065,-5.39449,-1.21056,-1.91757,-4.00839,-6.89994,0.43,0.430422,-0.0152425,31.2447,0.264028,0.0498258,0.0820758,-0.129422,1.18396,0.202937,-0.0528057,0,0,0,-0.00996515,0,1810,1501,1833,1781
5.78826e+08,1.27745,-1.15795,8.10187,-8.03592,3.85041,-1.03496,3.78158,8.87156,1.3536,-1.27449,1.19906,-5.3061,-5.34225,0.43,0.429764,-0.0192043,31.2624,0.265664,0.0469893,0.0817827,-0.141823,1.18533,0.256164,-0.0531328,0,0,0,-0.00939786,0,1848,1596,1789,1708
5.78846e+08,-0.315702,0.508668,10.4113,2.79581,6.23209,-0.953464,6.08805,-1.73478,1.65895,-1.26359,1.67117,-6.77175,-6.75859,0.43,0.429679,-0.0228861,31.2506,0.267237,0.0441606,0.0786522,-0.141437,1.17525,0.258102,-0.0534474,0,0,0,-0.00883211,0,1873,1615,1786,1685
5.78866e+08,-1.71224,-0.734074,10.7524,-3.85711,5.27026,-0.893759,5.33407,-9.0273,-0.447924,-1.34578,-0.348758,-5.32137,-5.42806,0.431,0.430269,-0.0202721,31.2447,0.268841,0.0411693,0.0801902,-0.149561,1.18393,0.29438,-0.0537682,0,0,0,-0.00823387,0,1873,1596,1765,1707
5.78886e+08,-2.41932,0.258193,11.2152,1.28917,5.36186,-0.776404,5.20384,-12.1701,-6.05098,-1.25911,-5.76583,-5.84046,-5.9141,0.431,0.430665,-0.0179422,31.2565,0.270439,0.0383077,0.0799168,-0.143079,1.18534,0.271918,-0.0540878,0,0,0,-0.00766155,0,1912,1555,1727,1740
5.78907e+08,-0.528299,0.79286,11.4993,3.94007,2.07942,-0.754443,1.9458,-2.62419,-0.0662444,-1.31051,-0.087752,-6.87862,-6.93124,0.431,0.430724,-0.0126851,31.2388,0.272109,0.0352148,0.0834917,-0.154646,1.20229,0.322142,-0.0544218,0,0,0,-0.00704297,0,1849,1561,1790,1714
5.78928e+08,-0.400953,-2.04907,9.36261,-12.3339,-6.25646,-0.869331,-6.03755,-2.39556,-3.19602,-1.44789,-3.1853,-6.97023,-7.05895,0.432,0.43135,-0.00825553,31.2329,0.273647,0.0319977,0.0769109,-0.160855,1.17833,0.351043,-0.0547295,0,0,0,-0.00639955,0,1809,1473,1821,1790
5.78949e+08,0.434176,0.164264,9.0829,1.0349,4.35422,-0.845505,0.713243,2.73629,2.59024,-1.49558,-3.85476,-9.93206,-8.29384,0.432,0.43174,-0.0038361,31.2241,0.275167,0.0287154,0.0759802,-0.164119,1.17702,0.368217,-0.0550334,0,0,0,-0.00574307,0,1864,1507,1769,1738
5.7897e+08,-0.343968,-0.885804,9.18399,-5.50535,1.69774,-0.942831,1.75247,-2.135,3.53681,-1.4716,3.57202,-11.1534,-11.0561,0.432,0.431734,-0.0110502,31.2182,0.276632,0.0254443,0.0732402,-0.163553,1.16838,0.370025,-0.0553263,0,0,0,-0.00508886,0,1836,1559,1835,1672
5.7899e+08,0.952772,-1.3988,8.81641,-8.96396,4.65957,-0.812258,4.75523,6.09228,9.2162,-1.48833,9.07886,-9.18397,-9.22286,0.43,0.430269,-0.00722695,31.2447,0.277983,0.0221273,0.067557,-0.165848,1.1478,0.38337,-0.0555966,0,0,0,-0.00442547,0,1810,1628,1842,1617
5.79011e+08,-0.814787,0.602596,9.64263,3.56326,6.12522,-0.664214,6.05018,-4.82057,3.3994,-1.50726,3.42226,-9.19923,-9.22043,0.43,0.429839,-0.00452812,31.2271,0.279333,0.018646,0.0675211,-0.174067,1.14987,0.420689,-0.0558666,0,0,0,-0.0037292,0,1861,1597,1790,1646
5.79032e+08,1.0168,0.188349,8.79278,1.21901,-0.48547,-0.761349,-0.525558,6.59492,7.99482,-1.36165,7.82539,-10.955,-10.8696,0.43,0.429771,-0.0128569,31.2329,0.2807,0.0152003,0.0683162,-0.172286,1.1553,0.417861,-0.0561399,0,0,0,-0.00304005,0,1794,1582,1886,1660
5.79053e+08,-0.583126,0.458091,9.1626,2.85639,-12.6687,-0.85393,3.51669,-3.63697,2.97192,-1.24349,4.96321,-11.9168,-10.1222,0.434,0.432738,-0.0124941,31.2329,0.282082,0.0117375,0.0691326,-0.173139,1.16083,0.425623,-0.0564164,0,0,0,-0.0023475,0,1832,1589,1831,1650
5.79074e+08,0.508327,-0.298151,9.41212,-1.81173,-9.76791,-0.865487,-9.52886,3.08987,7.61314,-1.19087,7.44878,-11.7794,-11.7398,0.434,0.433695,-0.0149017,31.2271,0.283513,0.00825585,0.071562,-0.174083,1.1729,0.433783,-0.0567027,0,0,0,-0.00165117,0,1728,1506,1950,1717
5.79095e+08,-1.33543,0.956633,10.8498,5.00124,8.36949,-0.966973,8.13302,-6.99007,-1.74563,-1.09866,-1.67149,-11.1076,-11.1339,0.434,0.433734,-0.0149765,31.2153,0.284965,0.00473779,0.0725699,-0.175903,1.1793,0.44551,-0.056993,0,0,0,-0.000947558,0,1914,1569,1760,1659
5.79116e+08,0.611104,-0.657005,9.01021,-4.16098,3.63667,-0.975495,3.7564,3.86982,1.15513,-1.09862,1.02953,-12.0389,-11.9293,0.432,0.432036,-0.0244273,31.2329,0.286268,0.0010471,0.065153,-0.184535,1.15172,0.484778,-0.0572536,0,0,0,-0.000209419,0,1877,1564,1826,1679
5.79137e+08,0.178909,-0.671455,8.78263,-4.371,2.90384,-0.747053,20.7686,1.1636,0.254366,-1.21102,-2.80503,-11.9168,-13.0409,0.432,0.43171,-0.029981,31.2094,0.28759,-0.00247925,0.0661108,-0.176317,1.15775,0.456271,-0.057518,0,0,0,0.00049585,0,2040,1660,1683,1583
5.79158e+08,1.03126,-0.276475,8.15811,-1.92568,6.46109,-0.596995,6.49234,7.2004,8.07116,-1.09396,7.85457,-14.1153,-14.0153,0.432,0.431649,-0.038664,31.2271,0.288809,-0.00635293,0.0609576,-0.193684,1.13915,0.530818,-0.0577618,0,0,0,0.00127059,0,1875,1640,1873,1609
5.79178e+08,-0.855295,0.296727,10.1099,1.67518,-7.01982,-0.600018,-6.91702,-4.83362,1.99482,-1.12046,2.16843,-13.1687,-13.1071,0.431,0.430729,-0.0380757,31.2212,0.289881,-0.0103072,0.0535648,-0.197711,1.11138,0.551974,-0.0579761,0,0,0,0.00206143,0,1817,1509,1926,1750
5.79199e+08,0.897639,-0.635329,8.23362,-4.38647,-4.85188,-0.758798,-4.8146,6.20358,4.36124,-1.01812,4.27423,-14.1763,-14.1095,0.431,0.430652,-0.0376885,31.1888,0.290982,-0.0143483,0.0550713,-0.202056,1.11934,0.574519,-0.0581964,0,0,0,0.00286965,0,1818,1533,1934,1717
5.7922e+08,-1.41408,0.412331,11.3119,2.07146,-0.0427221,-0.958469,-0.192583,-7.12079,-2.95174,-1.16087,-2.92668,-13.5656,-13.525,0.431,0.430613,-0.0318966,31.1947,0.292145,-0.0183009,0.0581429,-0.197631,1.13367,0.561789,-0.058429,0,0,0,0.00366018,0,1894,1508,1843,1737
5.79241e+08,0.904758,-0.473965,9.09809,-2.96752,-2.50074,-1.02921,9.20691,5.67145,0.300168,-1.22811,-9.98178,-13.3672,-12.3161,0.431,0.430614,-0.0311221,31.2271,0.293326,-0.0223577,0.0590671,-0.20284,1.1394,0.587833,-0.0586652,0,0,0,0.00447154,0,2005,1526,1720,1727
5.79262e+08,0.119298,-0.977324,9.19768,-6.06485,8.43056,-0.902789,8.5844,0.738952,-0.478458,-1.29833,-0.547121,-12.8634,-12.8999,0.431,0.43063,-0.0292714,31.2182,0.295614,-0.0299015,0.0584925,-0.183798,1.14106,0.521074,-0.0591228,0,0,0,0.0059803,0,1939,1587,1790,1659
5.79283e+08,0.918958,-0.0163666,9.17954,-0.101647,10.6748,-0.744808,10.6664,5.71679,3.3994,-1.19624,3.30325,-14.7107,-14.6009,0.429,0.429909,-0.0338325,31.2182,0.296655,-0.0337215,0.052056,-0.191,1.1171,0.554838,-0.059331,0,0,0,0.0067443,0,1939,1629,1816,1610
5.79304e+08,0.0307547,-0.281292,9.59775,-1.67874,6.47636,-0.613814,6.36572,0.183517,3.82689,-1.19722,3.68167,-13.2603,-13.2649,0.429,0.428763,-0.0354162,31.1947,0.297565,-0.0378578,0.0454742,-0.206814,1.0924,0.623545,-0.0595129,0,0,0,0.00757156,0,1903,1611,1846,1646
5.79325e+08,0.787685,-0.228307,8.05393,-1.61604,-8.72974,-0.738574,-0.885034,5.58361,9.61314,-1.25818,-2.42818,-15.4588,-12.7624,0.429,0.42868,-0.0241427,31.2124,0.298351,-0.0420987,0.039336,-0.212043,1.06932,0.64994,-0.0596703,0,0,0,0.00841973,0,1882,1506,1843,1735
5.79346e+08,-0.554381,0.132955,10.5629,0.720155,-3.85952,-0.933119,-3.92421,-3.00412,8.59024,-1.10043,8.47086,-13.0466,-13.1151,0.43,0.42924,-0.0310751,31.1918,0.299195,-0.0463555,0.0421974,-0.212842,1.0824,0.658597,-0.059839,0,0,0,0.0092711,0,1785,1564,1954,1683
5.79367e+08,-0.157415,-1.972,8.92567,-12.4567,1.25499,-1.12041,1.30842,-0.986587,2.13223,-1.0296,2.18943,-12.6191,-12.7395,0.43,0.429599,-0.0311136,31.18,0.299976,-0.0504478,0.0390614,-0.204613,1.07136,0.63084,-0.0599953,0,0,0,0.0100896,0,1862,1557,1874,1693
5.79388e+08,0.579805,0.267826,8.97373,1.70596,-3.47784,-1.11145,-3.47247,3.69518,3.01773,-0.904526,2.99548,-15.7336,-15.7103,0.43,0.429614,-0.036282,31.1829,0.300766,-0.0545182,0.0394717,-0.203524,1.07455,0.631706,-0.0601532,0,0,0,0.0109036,0,1839,1521,1932,1710
5.79409e+08,-0.0101218,0.737467,9.54006,4.42029,10.2779,-1.01985,2.66438,-0.0606089,-5.08915,-0.953296,-1.79155,-15.3519,-14.5288,0.429,0.429021,-0.0389904,31.2006,0.301616,-0.0585096,0.0425004,-0.199569,1.08833,0.62098,-0.0603232,0,0,0,0.0117019,0,1917,1540,1851,1709
5.7943e+08,1.01682,0.108871,9.0372,0.68588,8.72064,-0.768022,8.71295,6.4192,2.05589,-0.87402,1.99618,-16.0389,-16.0149,0.429,0.428613,-0.0493364,31.1741,0.302445,-0.0625173,0.0414729,-0.200383,1.0858,0.62941,-0.0604891,0,0,0,0.0125035,0,1952,1616,1849,1637
5.79451e+08,-0.728541,-0.416163,9.78813,-2.42788,-9.27936,-0.747997,-8.99122,-4.25291,-1.18075,-0.976102,-1.09045,-15.2145,-15.1888,0.429,0.428577,-0.047432,31.2124,0.303214,-0.0666908,0.0384281,-0.208675,1.07512,0.668053,-0.0606428,0,0,0,0.0133382,0,1844,1469,1948,1789
5.79472e+08,1.21748,-0.170505,8.39316,-1.15174,-9.41677,-0.793824,-9.21764,8.25186,9.03299,-0.964118,8.81879,-16.8786,-16.7576,0.427,0.427085,-0.0499548,31.1947,0.303879,-0.0708019,0.0332302,-0.205556,1.05567,0.660855,-0.0607757,0,0,0,0.0141604,0,1782,1535,2032,1717
5.79493e+08,-0.358343,-0.712398,9.29112,-4.38134,-6.83662,-1.24759,-2.70533,-2.20225,-3.19602,-1.10714,2.27725,-14.955,-14.2196,0.427,0.426546,-0.0499965,31.1624,0.304474,-0.0748326,0.0297724,-0.201534,1.04311,0.649943,-0.0608948,0,0,0,0.0149665,0,1861,1539,1933,1736
5.79514e+08,0.398287,0.421965,10.3797,2.32625,-1.70684,-1.28768,-1.60995,2.19565,2.51391,-1.18115,2.36237,-14.8634,-14.8002,0.427,0.42646,-0.0476795,31.1653,0.305135,-0.0788598,0.0330393,-0.201361,1.0576,0.654468,-0.0610269,0,0,0,0.015772,0,1870,1541,1926,1725
5.79534e+08,-1.18711,-0.0356339,11.0973,-0.182934,20.568,-1.18177,20.5546,-6.10584,-4.61586,-1.32395,-4.60236,-14.2221,-14.222,0.426,0.425636,-0.0413782,31.2035,0.305764,-0.0827412,0.0314809,-0.194068,1.0527,0.630264,-0.0611529,0,0,0,0.0165482,0,2074,1647,1709,1615
5.79555e+08,-1.02224,-0.433022,9.92131,-2.48598,8.27789,-0.915912,8.35657,-5.87715,-5.44029,-1.36376,-5.30558,-13.6878,-13.761,0.426,0.425526,-0.0441049,31.1653,0.306375,-0.0864938,0.0305433,-0.187633,1.05028,0.609343,-0.061275,0,0,0,0.0172988,0,1998,1564,1788,1709
5.79576e+08,-0.136565,0.332853,10.1402,1.8799,17.255,-0.705335,16.9814,-0.771179,-2.17311,-1.40347,-2.22766,-13.6878,-13.7297,0.426,0.425546,-0.0397231,31.1741,0.306976,-0.0901184,0.0300304,-0.181228,1.04954,0.588389,-0.0613952,0,0,0,0.0180237,0,2037,1645,1741,1619
5.79597e+08,-0.55911,-0.0380423,10.3726,-0.20983,-5.55417,-0.819049,-7.65668,-3.08537,-3.40976,-1.38183,0.5887,-13.7183,-14.2403,0.426,0.425539,-0.0408557,31.1506,0.307536,-0.0939635,0.0280245,-0.192254,1.04276,0.637627,-0.0615073,0,0,0,0.0187927,0,1842,1487,1942,1774
5.79618e+08,-0.58054,-0.2548,10.2156,-1.42648,0.0488809,-0.962462,-0.152726,-3.25154,-2.79907,-1.51707,-2.82238,-12.9702,-13.0734,0.426,0.425559,-0.0328527,31.1682,0.308069,-0.0978935,0.0266456,-0.196502,1.03847,0.6598,-0.0616138,0,0,0,0.0195787,0,1908,1510,1853,1747
5.79639e+08,-0.160475,0.448457,9.8555,2.605,-12.8824,-1.1314,-12.6875,-0.931891,1.07879,-1.47863,1.05949,-13.871,-13.8791,0.426,0.425533,-0.0373026,31.1594,0.308576,-0.101782,0.0253275,-0.194447,1.03439,0.656647,-0.0617152,0,0,0,0.0203565,0,1796,1447,1981,1810
5.7966e+08,0.436964,-1.27597,8.33271,-8.69417,-4.05799,-1.28664,-3.88475,2.96729,1.96429,-1.45783,1.95894,-13.4282,-13.4259,0.425,0.424599,-0.0413225,31.1859,0.308829,-0.105576,0.0126358,-0.18966,0.98437,0.642424,-0.0617657,0,0,0,0.0211151,0,1853,1522,1930,1749
5.79681e+08,-0.506239,-1.25429,8.99122,-7.92921,16.2779,-1.19502,11.416,-3.19172,-4.58533,-1.47915,2.13285,-12.8328,-14.0708,0.425,0.424505,-0.0356574,31.1535,0.309031,-0.109011,0.0101497,-0.171778,0.975222,0.575233,-0.0618063,0,0,0,0.0218023,0,1961,1626,1819,1629
5.79702e+08,0.940747,-1.09052,8.31595,-7.42408,5.91148,-1.04885,24.4629,6.39984,-1.11968,-1.56551,-3.5328,-14.4511,-13.6264,0.425,0.424497,-0.0373291,31.1506,0.309219,-0.112188,0.00937841,-0.158841,0.972932,0.527555,-0.0618438,0,0,0,0.0224376,0,2098,1684,1682,1579
5.79723e+08,-0.75742,0.393064,9.3882,2.38969,11.4993,-0.696513,11.5751,-4.60849,-6.8754,-1.66187,-6.88079,-15.016,-14.9826,0.425,0.424543,-0.0351169,31.1653,0.309586,-0.118748,0.0084325,-0.169374,0.970736,0.578498,-0.0619173,0,0,0,0.0237495,0,2039,1562,1749,1683
5.79744e+08,-0.797849,-0.199406,9.77191,-1.16514,-3.2641,-0.60546,-3.1319,-4.66672,-6.31052,-1.82158,-6.29483,-13.2145,-13.2764,0.425,0.424523,-0.0358168,31.1771,0.309833,-0.121989,0.0123147,-0.162068,0.987185,0.553506,-0.0619665,0,0,0,0.0243978,0,1928,1470,1848,1793
5.79765e+08,-1.95362,0.0173512,10.6731,0.0916233,-11.0656,-0.854699,-14.3157,-10.3727,-3.54716,-1.666,6.73488,-14.3443,-14.8222,0.425,0.424498,-0.0400717,31.1535,0.309948,-0.125198,0.00574663,-0.160459,0.961555,0.551327,-0.0619895,0,0,0,0.0250396,0,1760,1478,2036,1776
5.79786e+08,-0.203008,-1.16518,9.10982,-7.28698,-11.5542,-1.18342,-11.3507,-1.26629,5.85742,-1.62336,5.83606,-13.3672,-13.3831,0.425,0.424509,-0.0325325,31.1418,0.308708,-0.128335,0,-0.156818,0.938079,0.540915,-0.0617416,0,0,0,0.0256669,0,1771,1489,2001,1765
5.79807e+08,0.489093,0.173898,8.88581,1.11946,6.17102,-1.17325,6.03077,3.1499,4.88032,-1.50405,4.75498,-14.6649,-14.5585,0.425,0.424564,-0.0262283,31.1506,0.307473,-0.131231,0,-0.144845,0.937652,0.496785,-0.0614946,0,0,0,0.0262463,0,1901,1596,1870,1635
5.79828e+08,-0.907674,-0.2548,10.7335,-1.35504,11.6367,-1.09091,11.5825,-4.83235,-5.7609,-1.49408,-5.66632,-11.6267,-11.6798,0.425,0.424608,-0.0214403,31.1271,0.306243,-0.133861,0,-0.131489,0.937227,0.446778,-0.0612486,0,0,0,0.0267722,0,1999,1572,1738,1677
5.79849e+08,0.909446,-0.158463,9.10572,-0.992059,13.3924,-0.765595,17.1096,5.70272,-3.01281,-1.51017,-14.7195,-12.4817,-11.5082,0.425,0.424603,-0.0306678,31.13,0.305018,-0.136464,0,-0.130122,0.936804,0.444826,-0.0610036,0,0,0,0.0272927,0,2115,1559,1638,1706
5.7987e+08,-0.673619,-0.423389,10.346,-2.33845,0.583232,-0.600327,0.640722,-3.72211,-10.5395,-1.66872,-10.4619,-11.7641,-11.7949,0.425,0.424606,-0.0262905,31.1153,0.303798,-0.139209,0,-0.137247,0.936382,0.47712,-0.0607596,0,0,0,0.0278417,0,1969,1467,1779,1788
5.7989e+08,-0.969645,-0.661821,9.80931,-3.84116,-2.98929,-0.85609,-3.11711,-5.63259,-7.51663,-1.81387,-7.41479,-10.4511,-10.5873,0.426,0.425315,-0.0246513,31.1182,0.303694,-0.14194,-0.00521238,-0.136586,0.915902,0.47817,-0.0607388,0,0,0,0.0283881,0,1911,1460,1822,1801
5.79911e+08,-0.0507372,0.816945,11.0407,4.23177,-0.867149,-0.985563,-1.10067,-0.262581,5.64368,-1.76386,5.55339,-11.2298,-11.2693,0.426,0.425511,-0.0268191,31.0918,0.303516,-0.1445,-0.00888147,-0.127979,0.901519,0.447143,-0.0607033,0,0,0,0.0289,0,1836,1564,1906,1693
5.79932e+08,-0.589718,-1.59869,9.09046,-9.95383,1.65193,-1.16507,1.7262,-3.65575,2.57498,-1.62977,2.62677,-11.474,-11.5552,0.426,0.425542,-0.0298802,31.1476,0.303299,-0.146883,-0.0108696,-0.119179,0.893828,0.415123,-0.0606598,0,0,0,0.0293767,0,1877,1564,1873,1695
5.79953e+08,-0.50913,0.556836,10.6822,2.9806,13.9267,-1.15733,-3.13133,-2.72505,0.712382,-1.50998,1.14408,-12.9092,-13.6917,0.425,0.424768,-0.0406842,31.1388,0.303057,-0.148977,-0.0120966,-0.104651,0.889157,0.359767,-0.0606114,0,0,0,0.0297953,0,1872,1522,1918,1738
5.79974e+08,-0.425106,-1.06162,9.6325,-6.28324,2.27789,-1.09775,2.36654,-2.51177,-5.39449,-1.48961,-5.31433,-13.4893,-13.5036,0.425,0.424537,-0.036234,31.0947,0.302818,-0.150792,-0.0119262,-0.0907718,0.890095,0.306665,-0.0605637,0,0,0,0.0301584,0,1955,1515,1828,1741
5.79995e+08,-0.363373,0.200391,10.3349,1.11013,5.6214,-1.0312,5.48085,-2.01331,-6.14258,-1.51828,-6.0953,-14.5275,-14.483,0.425,0.424526,-0.0351194,31.1388,0.302663,-0.152582,-0.00775467,-0.0894985,0.907185,0.304094,-0.0605327,0,0,0,0.0305164,0,1988,1526,1802,1718
5.80016e+08,-1.32325,0.07997,9.97937,0.455148,-3.63051,-1.03178,-3.54727,-7.55304,-4.84487,-1.55644,-4.77357,-12.8786,-12.9589,0.426,0.425359,-0.0378131,31.0918,0.301453,-0.154572,0,-0.0994891,0.937868,0.346955,-0.0602905,0,0,0,0.0309143,0,1909,1477,1870,1782
5.80037e+08,-0.207975,-0.476374,9.90154,-2.75383,1.97255,-1.05764,-13.6807,-1.20189,-0.234183,-1.65474,-0.914706,-12.2374,-12.9912,0.426,0.425508,-0.0280614,31.13,0.300247,-0.156787,0,-0.110785,0.937452,0.395338,-0.0600494,0,0,0,0.0313575,0,1801,1421,1961,1819
5.80058e+08,-2.31432,0.486992,11.6428,2.34924,-2.95875,-1.225,-3.08491,-11.2329,-4.84487,-1.66165,-4.64201,-10.3901,-10.4957,0.426,0.425552,-0.021209,31.0947,0.299046,-0.158881,0,-0.104695,0.937037,0.373846,-0.0598092,0,0,0,0.0317763,0,1884,1473,1844,1777
5.80079e+08,0.689842,-0.437839,9.21942,-2.71142,3.40766,-1.23899,3.40388,4.27437,0.376504,-1.62928,0.344428,-10.5885,-10.6549,0.426,0.425588,-0.0181453,31.1271,0.29785,-0.160816,0,-0.0967588,0.936623,0.34475,-0.0595699,0,0,0,0.0321633,0,1893,1552,1832,1692
5.801e+08,0.758649,1.1469,9.28601,7.01769,1.17865,-1.01406,1.3729,4.63551,0.941389,-1.59642,0.789799,-11.7489,-11.628,0.426,0.425624,-0.0189938,31.0624,0.296658,-0.162517,0,-0.0850031,0.936211,0.300042,-0.0593317,0,0,0,0.0325033,0,1883,1540,1851,1695
5.80121e+08,-0.201095,0.544794,10.0979,3.08758,6.07942,-0.912756,-0.983581,-1.13922,-5.34869,-1.70185,-6.78221,-10.4206,-10.4469,0.426,0.425649,-0.0154419,31.0888,0.295472,-0.163935,0,-0.0709432,0.935801,0.245741,-0.0590943,0,0,0,0.0327871,0,1916,1472,1803,1767
5.80142e+08,-0.729208,1.98262,11.1548,10.0573,-0.470203,-0.912322,-0.644499,-3.68265,-7.04334,-1.87387,-7.06299,-11.4282,-11.312,0.427,0.426586,-0.00704199,31.08,0.293113,-0.166841,0,-0.0695222,0.934986,0.244314,-0.0586225,0,0,0,0.0333683,0,1918,1457,1791,1756
5.80163e+08,-0.821581,-0.72444,9.39359,-4.39326,-13.2641,-1.06761,-13.0891,-4.98375,-7.50136,-1.99166,-7.36376,-9.97786,-10.031,0.427,0.426592,-0.0151632,31.08,0.292994,-0.16797,-0.00592597,-0.0564174,0.911606,0.193485,-0.0585988,0,0,0,0.033594,0,1833,1377,1879,1862
5.80184e+08,0.135678,0.226883,9.25896,1.40356,3.33132,-1.20385,3.07328,0.839286,1.88795,-2.05098,1.80738,-9.93206,-9.94858,0.427,0.426555,-0.0119996,31.0947,0.292792,-0.168945,-0.0100821,-0.0487373,0.89522,0.16422,-0.0585585,0,0,0,0.0337889,0,1879,1553,1828,1682
5.80204e+08,0.914224,-0.168097,9.34075,-1.02608,-7.12669,-1.21746,-6.93619,5.58911,11.6742,-1.92222,11.4913,-9.93206,-9.90095,0.427,0.42657,-0.0123065,31.0771,0.292533,-0.169638,-0.0129823,-0.0346718,0.883797,0.108993,-0.0585066,0,0,0,0.0339276,0,1738,1553,1969,1682
5.80225e+08,0.169062,0.393064,10.1638,2.21439,5.88094,-1.20937,2.28197,0.952246,7.72001,-1.87676,2.04211,-7.10763,-7.82562,0.427,0.426607,-0.0119777,31.0712,0.292344,-0.170095,-0.00942344,-0.0228685,0.898369,0.0625419,-0.0584689,0,0,0,0.0340191,0,1862,1562,1827,1691
5.80246e+08,-1.52201,2.13916,10.9848,10.918,13.255,-1.08463,-2.73013,-7.74482,-0.936473,-1.69555,2.47069,-7.04656,-5.71461,0.43,0.426645,-0.0152768,31.0771,0.29222,-0.170312,-0.00622931,-0.0108236,0.911559,0.0148187,-0.058444,0,0,0,0.0340624,0,1816,1545,1858,1731
5.80267e+08,-0.212687,-0.705173,9.49519,-4.24629,-0.48547,-0.9002,-0.407416,-1.27966,-6.50899,-1.76419,-6.37866,-5.35191,-5.4074,0.43,0.429474,-0.0103891,31.0624,0.291051,-0.169631,0,0,0.936139,-0.0288272,-0.0582102,0,0,0,0.0339261,0,1889,1493,1764,1768
5.80288e+08,0.868764,0.159448,8.80949,1.03191,-7.59997,-0.895185,-7.57144,5.6312,-4.37159,-1.68564,-4.4132,-6.2832,-6.29154,0.43,0.429649,-0.0157372,31.0594,0.289887,-0.169529,0,0.00505712,0.935736,-0.0489265,-0.0579773,0,0,0,0.0339059,0,1833,1458,1839,1804
5.80309e+08,0.257506,0.0558858,9.5055,0.336733,-4.88242,-1.04121,-19.6628,1.55175,-3.34869,-1.79193,-5.5028,-2.86336,-2.96903,0.433,0.430707,-0.0136572,31.08,0.288727,-0.168851,0,0,0.935336,-0.0288782,-0.0577454,0,0,0,0.0337703,0,1735,1372,1899,1912
5.8033e+08,-1.06553,0.660398,11.2028,3.35852,-2.76028,-1.29461,-2.98919,-5.42383,3.93376,-1.76734,3.92618,-2.43588,-2.42522,0.433,0.432487,-0.00799396,31.08,0.287572,-0.168484,0,0.0183743,0.934936,-0.102726,-0.0575144,0,0,0,0.0336968,0,1773,1549,1840,1723
5.80351e+08,-1.21345,0.224475,10.4852,1.21831,12.2016,-1.31411,11.8927,-6.59995,3.262,-1.6303,3.40348,-2.06946,-2.17375,0.433,0.432634,-0.00696192,31.0565,0.286422,-0.167553,0,0.0465353,0.934539,-0.216538,-0.0572844,0,0,0,0.0335106,0,1880,1655,1729,1618
5.80372e+08,-0.9053,-0.204223,9.84797,-1.18302,15.3924,-1.27746,15.0935,-5.25118,-0.692199,-1.53442,-0.573308,-2.17633,-2.21116,0.434,0.433285,-0.00327481,31.0682,0.285276,-0.166532,0,0.0510396,0.934143,-0.235585,-0.0570553,0,0,0,0.0333065,0,1927,1647,1675,1617
5.80393e+08,-2.17594,0.898831,11.8357,4.27153,5.30079,-1.06411,-4.54044,-10.388,-11.2876,-1.52874,-0.119677,-0.649616,-2.94349,0.434,0.433727,0.00232361,31.03,0.285484,-0.165393,0.0104062,0.0569788,0.976665,-0.260538,-0.0570969,0,0,0,0.0330785,0,1785,1504,1811,1742
5.80414e+08,1.32264,-0.522133,9.20687,-3.21293,-8.516,-1.05412,-8.41208,8.16214,-3.94411,-1.63499,-4.16133,-2.26794,-2.23461,0.434,0.433799,0.00582894,31.0182,0.285778,-0.164228,0.0146704,0.0582525,0.994661,-0.266814,-0.0571556,0,0,0,0.0328455,0,1782,1446,1802,1800
5.80435e+08,0.219427,-0.399304,8.74979,-2.61211,-13.1725,-1.1498,-12.9153,1.43507,-6.46319,-1.77424,-6.56487,-1.53511,-1.54211,0.436,0.435271,0.00926645,31.0859,0.286073,-0.163129,0.0147638,0.054914,0.995933,-0.25451,-0.0572146,0,0,0,0.0326259,0,1759,1392,1809,1850
5.80456e+08,-1.32565,0.130547,11.036,0.672894,-7.69158,-1.33233,-7.73887,-6.84913,-4.34105,-1.91017,-4.27769,-0.329005,-0.39363,0.436,0.435641,0.00567047,31.0418,0.286351,-0.161965,0.0139165,0.0582219,0.99341,-0.268947,-0.0572703,0,0,0,0.032393,0,1776,1448,1785,1808
5.80477e+08,-2.26419,0.530343,11.8257,2.52206,2.32369,-1.3829,-13.6465,-10.8282,-0.173115,-1.8571,9.47398,0.632827,-0.856189,0.436,0.435653,0.000442428,31.0329,0.286533,-0.160461,0.00910511,0.0751878,0.974868,-0.338594,-0.0573067,0,0,0,0.0320922,0,1643,1508,1933,1754
5.80498e+08,-0.606634,-0.873762,9.47626,-5.25738,-7.64578,-1.29147,-7.34233,-3.64743,7.75055,-1.91631,7.76703,1.41145,1.35039,0.438,0.437408,0.0154254,31.0476,0.286656,-0.158714,0.0061368,0.0873592,0.963643,-0.389321,-0.0573312,0,0,0,0.0317428,0,1676,1536,1848,1714
5.80519e+08,0.596805,-0.758158,8.57795,-5.03882,0.00307941,-1.26025,0.0389672,3.9645,4.02536,-1.77518,4.04527,3.60993,3.54816,0.438,0.437746,0.0135351,31.0388,0.28551,-0.15693,0,0.0891846,0.938634,-0.398603,-0.0571019,0,0,0,0.0313861,0,1745,1576,1761,1696
5.8054e+08,0.0639026,0.73265,9.92699,4.22091,-5.43203,-1.17844,-5.44247,0.367822,-0.493725,-1.73293,-0.472561,2.67863,2.63076,0.438,0.437808,0.0176676,31.0271,0.285655,-0.155,0.00729049,0.0965127,0.968581,-0.430143,-0.0571311,0,0,0,0.031,0,1739,1498,1767,1758
5.80561e+08,1.20073,-0.0500844,8.6854,-0.32728,5.01071,-1.20979,-1.81917,7.87096,-0.722733,-1.78557,-10.3337,4.84657,5.01381,0.44,0.439489,0.021267,31.0153,0.286027,-0.152832,0.0185751,0.108398,1.01483,-0.480265,-0.0572054,0,0,0,0.0305664,0,1820,1457,1653,1808
5.80582e+08,-1.63373,0.311178,9.89929,1.77645,-0.912951,-1.1527,-0.923802,-9.36683,-7.69983,-1.98629,-7.62177,4.23588,4.29845,0.44,0.439786,0.0207594,31.0476,0.286836,-0.148332,0.0214611,0.111564,1.02848,-0.498088,-0.0573672,0,0,0,0.0296663,0,1814,1478,1665,1781
5.80602e+08,-0.303294,-1.17722,9.92662,-6.76013,-15.2641,-1.1989,-14.8558,-1.73788,-1.89831,-2.15195,-1.92318,7.27405,7.25793,0.44,0.439754,0.0215598,31.0153,0.287183,-0.146051,0.0173722,0.114012,1.01304,-0.510512,-0.0574367,0,0,0,0.0292103,0,1662,1430,1789,1854
5.80623e+08,-0.453688,-1.31932,9.5229,-7.87882,-12.9893,-1.2405,-12.7203,-2.70185,3.18566,-2.22484,3.13044,7.22825,7.25633,0.443,0.442486,0.0334814,31.0124,0.287505,-0.143727,0.0160941,0.116246,1.00885,-0.522137,-0.057501,0,0,0,0.0287453,0,1627,1465,1795,1790
5.80644e+08,0.247784,0.670031,8.96279,4.27368,0.751171,-1.35903,0.600125,1.57918,8.46811,-2.07683,8.39851,6.58703,6.66951,0.443,0.442749,0.0279927,31.0359,0.28771,-0.141483,0.0102557,0.112194,0.986221,-0.508454,-0.0575421,0,0,0,0.0282965,0,1687,1600,1748,1659
5.80665e+08,1.68579,-1.21817,8.16316,-8.31454,-8.3786,-1.27279,7.68969,11.5439,17.1551,-2.04971,3.06325,8.28168,9.19018,0.443,0.442794,0.029982,31.0241,0.287991,-0.138917,0.0140134,0.128275,1.00217,-0.575932,-0.0575981,0,0,0,0.0277834,0,1764,1624,1645,1654
5.80686e+08,-1.40665,-0.555851,10.0615,-3.13171,-12.3481,-1.27372,-11.9881,-7.94668,4.46811,-1.83086,4.48411,8.90764,8.88778,0.445,0.44474,0.030598,31.0212,0.288351,-0.136293,0.0180151,0.131209,1.01921,-0.590755,-0.0576702,0,0,0,0.0272586,0,1609,1491,1794,1776
5.80707e+08,-0.780968,-0.794284,9.06342,-4.98999,-6.43967,-1.36463,-6.38058,-4.90613,-3.10441,-1.96885,-3.03316,10.5718,10.5477,0.445,0.444822,0.0285171,31.0006,0.288658,-0.133705,0.0153334,0.129403,1.00937,-0.586529,-0.0577315,0,0,0,0.026741,0,1697,1485,1695,1802
5.80728e+08,0.586908,0.486992,8.30454,3.34774,-0.286997,-1.38703,-0.423637,4.03564,-1.36395,-1.95896,-1.43442,10.4038,10.3969,0.45,0.446606,0.0243224,31.0094,0.289085,-0.131361,0.0213767,0.11722,1.03467,-0.540382,-0.057817,0,0,0,0.0262721,0,1727,1537,1665,1749
5.80749e+08,0.0572318,-1.03994,8.75603,-6.77307,5.11758,-1.50374,3.59734,0.371882,2.83452,-1.97374,0.736646,10.7702,7.40876,0.45,0.449424,0.0241088,31.0271,0.289482,-0.128962,0.0198511,0.11993,1.02959,-0.554037,-0.0578964,0,0,0,0.0257924,0,1749,1562,1662,1689
5.8077e+08,1.36345,-1.29523,7.54126,-9.59307,0.308423,-1.5059,0.57441,10.1035,15.8116,-1.76966,15.4972,7.45725,7.57254,0.45,0.449685,0.00586624,30.9947,0.28976,-0.126183,0.0138969,0.138971,1.00659,-0.633677,-0.057952,0,0,0,0.0252365,0,1634,1665,1805,1618
5.80791e+08,0.789766,0.877155,9.14784,5.45697,6.6901,-1.21247,6.72976,4.9119,13.9643,-1.5655,13.9346,7.97634,7.98337,0.453,0.451528,0.00863193,31.0124,0.290014,-0.123481,0.0127118,0.135062,1.00269,-0.621177,-0.0580029,0,0,0,0.0246963,0,1682,1700,1741,1574
5.80812e+08,-1.21817,0.022168,9.36426,0.134503,-8.79081,-1.2374,-8.7867,-7.4118,-2.23418,-1.64652,-1.96449,10.3122,10.3003,0.453,0.452658,0.0100031,31.0035,0.29045,-0.120813,0.0217651,0.133432,1.04008,-0.617783,-0.0580899,0,0,0,0.0241625,0,1672,1483,1724,1807
5.80833e+08,-0.434722,-0.828002,9.00846,-5.24545,-25.7679,-1.42151,-3.98252,-2.7512,1.06353,-1.58236,-0.482245,9.41145,11.1004,0.453,0.452719,0.00107665,31.0124,0.290883,-0.118114,0.0216813,0.134941,1.04082,-0.62702,-0.0581766,0,0,0,0.0236228,0,1697,1538,1707,1776
5.80854e+08,0.797545,-1.33859,7.99516,-9.45848,-7.64578,-1.8494,-7.53745,5.61891,2.98719,-1.56207,2.81546,9.45725,9.44719,0.454,0.453306,-0.0130946,31.0182,0.291401,-0.11547,0.0258799,0.132212,1.05885,-0.619196,-0.0582802,0,0,0,0.0230939,0,1661,1534,1780,1787
5.80875e+08,0.627804,-0.60402,9.05302,-3.80801,-4.21066,-1.76908,-3.92883,3.9582,6.17803,-1.64569,5.96157,7.73206,7.815,0.454,0.453493,-0.0130198,30.9741,0.291995,-0.112369,0.0296892,0.15501,1.07541,-0.714333,-0.0583989,0,0,0,0.0224739,0,1674,1575,1779,1730
5.80896e+08,0.386321,0.518301,8.92682,3.31983,10.9954,-1.62498,10.9256,2.47385,4.89559,-1.72248,4.67746,7.10611,7.21345,0.454,0.453528,-0.00948003,31.0006,0.292482,-0.109335,0.0243583,0.1517,1.05518,-0.704683,-0.0584964,0,0,0,0.0218671,0,1791,1667,1662,1627
5.80917e+08,-0.110352,0.525527,10.48,2.87057,2.12522,-1.44394,2.01214,-0.602533,6.3765,-1.91169,-2.37276,9.25878,10.0068,0.457,0.455817,-0.000299974,31.0153,0.29295,-0.106364,0.0234058,0.148586,1.05249,-0.695743,-0.05859,0,0,0,0.0212727,0,1759,1555,1646,1742
5.80938e+08,-0.275085,0.424373,9.30949,2.60889,3.91148,-1.28751,3.65457,-1.69078,2.77345,-2.00505,2.69629,10.3122,10.293,0.457,0.456577,0.00247747,30.9741,0.293363,-0.103643,0.020656,0.13603,1.04251,-0.648625,-0.0586726,0,0,0,0.0207286,0,1731,1600,1663,1692
5.80959e+08,0.764087,-1.23502,7.69145,-9.07823,-15.5084,-1.50564,-15.2443,5.60199,6.1475,-1.9711,5.99695,9.93054,9.9242,0.457,0.456557,-0.00830254,30.9594,0.293705,-0.101181,0.0171053,0.123122,1.02924,-0.599774,-0.058741,0,0,0,0.0202361,0,1580,1494,1835,1813
5.8098e+08,-0.666397,-0.632921,9.69513,-3.72633,-7.69158,-1.62167,-7.71175,-3.92373,4.39177,-2.07435,4.32077,10.4954,10.4694,0.456,0.455657,-0.00763128,30.9829,0.29398,-0.098639,0.0137664,0.127084,1.01674,-0.618686,-0.0587961,0,0,0,0.0197278,0,1644,1537,1768,1777
5.81001e+08,-0.78795,-1.44696,9.42802,-8.69554,-3.43203,-1.67411,1.47307,-4.72238,2.43757,-2.18054,1.37224,11.7931,9.56851,0.456,0.455471,-0.00140102,30.98,0.294198,-0.0960388,0.0108642,0.130013,1.00591,-0.633535,-0.0588395,0,0,0,0.0192078,0,1729,1571,1680,1726
5.81022e+08,1.22007,-0.909888,8.7766,-5.86284,-1.81371,-1.63647,-1.52934,7.87256,11.5521,-2.15441,11.2427,9.27405,9.34928,0.456,0.455465,-0.00307243,30.9653,0.293181,-0.0906985,0,0.1307,0.962674,-0.642684,-0.0586362,0,0,0,0.0181397,0,1640,1622,1775,1677
5.81043e+08,1.16004,0.296727,7.92387,2.12197,11.087,-1.37083,11.1366,8.3231,8.31543,-1.88653,8.26898,7.97634,8.03731,0.458,0.457348,-0.00729423,30.9682,0.292008,-0.0880833,0,0.130761,0.962269,-0.646066,-0.0584016,0,0,0,0.0176167,0,1757,1692,1669,1595
5.81064e+08,-1.05545,-1.23502,9.0772,-7.69673,2.5527,-1.23375,2.65595,-6.57224,-1.04334,-1.98148,-0.912043,9.56412,9.47581,0.458,0.457551,-0.00876605,30.9712,0.29084,-0.0856624,0,0.121043,0.961865,-0.609983,-0.058168,0,0,0,0.0171325,0,1759,1574,1656,1728
5.81085e+08,-0.761765,-1.15795,9.01297,-7.29533,-15.9511,-1.14597,6.21348,-4.79189,2.34597,-1.87505,4.2066,6.54122,7.79698,0.458,0.457556,-0.0181547,30.9712,0.290676,-0.0834709,-0.00820037,0.109575,0.929302,-0.566598,-0.0581352,0,0,0,0.0166942,0,1762,1639,1684,1665
5.81106e+08,0.733231,-1.90456,7.28204,-14.5864,-14.287,-1.60278,-14.0373,5.56384,6.30017,-1.84433,6.16729,5.02977,5.05859,0.459,0.458366,-0.0313565,30.9741,0.290495,-0.0811867,-0.0090372,0.114208,0.926251,-0.587911,-0.0580991,0,0,0,0.0162373,0,1620,1502,1870,1798
5.81126e+08,-0.685779,0.371388,9.50207,2.23246,-5.09616,-1.62857,-5.20413,-4.12483,5.70475,-1.90845,5.65899,5.8542,5.82767,0.459,0.458353,-0.0316522,30.9859,0.29027,-0.0784807,-0.011278,0.135301,0.917511,-0.675777,-0.058054,0,0,0,0.0156961,0,1685,1565,1798,1742
5.81147e+08,-0.836545,1.56596,10.2662,8.64455,0.583232,-1.81285,0.352502,-4.60542,3.52154,-1.8247,3.58736,3.65573,3.73958,0.46,0.458666,-0.0342547,30.9535,0.28998,-0.0758274,-0.0144765,0.132665,0.90485,-0.668407,-0.0579961,0,0,0,0.0151655,0,1747,1581,1759,1711
5.81168e+08,-1.44763,0.853071,9.31831,5.16906,11.1329,-1.74745,10.8928,-8.79433,-3.34869,-1.7597,-3.10508,4.31222,4.26213,0.46,0.459185,-0.0495697,30.9682,0.289641,-0.0731969,-0.0169815,0.131524,0.894906,-0.667013,-0.0579281,0,0,0,0.0146394,0,1879,1624,1646,1697
5.81189e+08,-0.176739,-1.17481,8.48773,-7.87874,0.0488809,-1.57046,21.8141,-1.18163,-2.05098,-1.60608,-1.54707,2.77023,3.87038,0.46,0.459237,-0.0559093,30.98,0.2892,-0.0707104,-0.0220354,0.124328,0.874611,-0.641158,-0.05784,0,0,0,0.0141421,0,1952,1721,1587,1607
5.8121e+08,-0.33938,-0.211448,8.80756,-1.37425,5.11758,-1.55223,5.15101,-2.20604,-5.50136,-1.69861,-5.48194,1.86947,1.94915,0.458,0.457975,-0.0710465,30.9476,0.288612,-0.068338,-0.0294066,0.118618,0.844835,-0.62112,-0.0577224,0,0,0,0.0136676,0,1885,1580,1700,1761
5.81231e+08,-0.838864,1.3203,10.7193,7.00058,-1.99692,-1.43593,-2.14895,-4.44126,-4.14258,-1.82265,-4.09103,0.342751,0.436826,0.458,0.457226,-0.0678838,30.9829,0.288039,-0.0661353,-0.0286644,0.110134,0.847617,-0.58975,-0.0576077,0,0,0,0.0132271,0,1832,1530,1765,1796
5.81252e+08,0.434391,-0.611245,8.83474,-3.95303,-17.661,-1.50091,-17.3909,2.80818,2.11696,-1.88659,1.97978,0.816033,0.823768,0.458,0.457147,-0.0686059,30.9506,0.28722,-0.064409,-0.0409189,0.0863158,0.797963,-0.49628,-0.057444,0,0,0,0.0128818,0,1678,1465,1917,1866
5.81273e+08,0.62296,-0.355953,9.55913,-2.12803,-10.1191,-1.70218,-8.23959,3.72607,6.05589,-1.88539,-4.35678,0.312216,0.729978,0.459,0.45768,-0.0710746,30.9918,0.286276,-0.0626852,-0.0472012,0.0861909,0.772102,-0.497837,-0.0572552,0,0,0,0.012537,0,1786,1483,1812,1849
5.81294e+08,-0.201065,0.434007,9.41153,2.63969,14.3084,-1.68069,14.226,-1.22256,0.147496,-1.80032,0.145011,0.00687277,0.0533842,0.459,0.458052,-0.0693013,30.9741,0.285293,-0.060761,-0.0491536,0.0962122,0.763555,-0.540344,-0.0570586,0,0,0,0.0121522,0,1915,1672,1685,1650
5.81315e+08,-1.2087,0.313586,10.4782,1.70291,16.1405,-1.52871,15.848,-6.57726,-3.53189,-1.80447,-3.42522,2.14428,2.03564,0.459,0.45813,-0.0630448,30.9653,0.284169,-0.0587203,-0.0562091,0.102033,0.734362,-0.566152,-0.0568338,0,0,0,0.0117441,0,1939,1664,1632,1664
5.81336e+08,0.298084,0.108871,9.08293,0.686363,4.33896,-1.36745,4.32289,1.87953,-1.30289,-1.76609,-1.41664,0.0832087,0.208281,0.455,0.455212,-0.0677237,30.9741,0.283048,-0.0566625,-0.0560501,0.102892,0.734105,-0.572087,-0.0566096,0,0,0,0.0113325,0,1861,1600,1743,1730
5.81357e+08,-1.27801,0.549611,10.9701,2.84892,-15.4015,-1.2614,-7.02086,-6.63671,-7.27235,-1.8956,-2.1532,2.89237,2.8944,0.455,0.454268,-0.0720475,30.9594,0.282008,-0.0547387,-0.0519761,0.0961879,0.749652,-0.547526,-0.0564017,0,0,0,0.0109477,0,1782,1530,1809,1833
5.81378e+08,-0.398883,-0.90748,9.29796,-5.56931,-17.3404,-1.42878,-17.2064,-2.44488,-3.98991,-2.04158,-3.97929,4.26642,4.20424,0.455,0.454104,-0.0741164,30.9447,0.280813,-0.0532325,-0.0597943,0.0753098,0.717303,-0.46559,-0.0561625,0,0,0,0.0106465,0,1717,1448,1866,1932
5.81399e+08,-0.996199,0.376205,9.792,2.18891,-6.287,-1.61219,-6.41703,-5.80481,-0.432657,-1.96631,-0.264822,2.31222,2.3215,0.453,0.452353,-0.077788,30.9447,0.279555,-0.0520909,-0.0628526,0.0570801,0.703965,-0.39382,-0.0559111,0,0,0,0.0104182,0,1778,1547,1836,1829
5.8142e+08,-1.12043,0.588145,10.9368,3.06221,5.91148,-1.64434,5.62449,-5.84089,4.25437,-1.84512,4.3556,1.24351,1.33475,0.453,0.452047,-0.0771049,30.9565,0.278017,-0.0507457,-0.0769159,0.0672631,0.646131,-0.436264,-0.0556034,0,0,0,0.0101491,0,1833,1664,1789,1704
5.81441e+08,-2.13302,1.13486,12.0473,5.29942,10.8428,-1.47071,12.971,-9.997,-5.36395,-1.79614,-2.05198,4.23588,3.67284,0.453,0.452091,-0.0687745,30.9182,0.276419,-0.0494149,-0.0798845,0.0665394,0.632718,-0.434948,-0.0552839,0,0,0,0.00988298,0,1914,1676,1672,1697
5.81462e+08,-0.21266,-0.803918,9.69921,-4.73699,-1.66104,-1.22563,-1.53705,-1.25174,-9.7151,-1.9172,-9.68676,2.90764,2.89442,0.45,0.449503,-0.0649278,30.9447,0.273299,-0.0468477,-0.0774598,0.05651,0.639514,-0.397785,-0.0546597,0,0,0,0.00936954,0,1875,1518,1722,1852
5.81483e+08,1.25569,-0.17773,8.78487,-1.14736,-8.98929,-1.15853,-8.73002,8.13298,-5.42502,-2.06121,-5.66033,2.28168,2.33588,0.45,0.449184,-0.0702702,30.9418,0.271735,-0.0458497,-0.0781791,0.0498967,0.635157,-0.372435,-0.054347,0,0,0,0.00916995,0,1805,1497,1806,1878
5.81504e+08,-0.170277,1.3468,10.6523,7.20489,1.484,-1.26734,1.2129,-0.908559,-4.49373,-2.12121,-4.56822,0.892369,0.958854,0.45,0.449113,-0.0662136,30.9418,0.269985,-0.045264,-0.0875101,0.0292891,0.596022,-0.290439,-0.053997,0,0,0,0.00905279,0,1867,1563,1748,1792
5.81525e+08,-0.929378,0.513484,10.032,2.91765,5.46873,-1.34105,-9.23452,-5.28599,-4.66166,-2.16354,1.23115,2.34275,1.44739,0.448,0.447295,-0.066518,30.9329,0.268102,-0.0448126,-0.0941278,0.0225701,0.567599,-0.263978,-0.0536205,0,0,0,0.00896251,0,1753,1534,1866,1833
5.81546e+08,-0.44654,-1.26392,8.40472,-8.54035,-8.3328,-1.47247,-8.35796,-3.00749,-0.0815115,-2.1421,-0.0643726,1.65573,1.70656,0.448,0.44711,-0.0697321,30.9447,0.266068,-0.0443038,-0.101737,0.0254402,0.535005,-0.27605,-0.0532135,0,0,0,0.00886075,0,1768,1535,1855,1841
5.81566e+08,0.630018,0.022168,9.31518,0.13604,7.11758,-1.41964,2.34931,3.86921,-1.39449,-2.12041,-2.62899,3.22825,1.70189,0.446,0.447107,-0.0630371,30.8976,0.264016,-0.0438401,-0.10258,0.0231822,0.529521,-0.267497,-0.0528032,0,0,0,0.00876802,0,1856,1587,1754,1776
5.81587e+08,-1.31861,0.554428,10.5618,2.9818,14.7664,-1.2888,14.4309,-7.10668,-6.93647,-2.11187,-6.84858,1.93054,1.91059,0.446,0.44526,-0.06323,30.9212,0.261977,-0.0434877,-0.101938,0.0176181,0.530007,-0.245546,-0.0523955,0,0,0,0.00869755,0,1975,1649,1639,1723
5.81608e+08,-1.09399,-0.0260002,11.1376,-0.133113,0.201553,-1.20463,0.202144,-5.60985,-4.92121,-2.09906,-4.8459,0.816033,0.776314,0.446,0.445192,-0.0563108,30.9212,0.259981,-0.0433133,-0.0998144,0.00872127,0.536483,-0.210004,-0.0519962,0,0,0,0.00866267,0,1861,1553,1754,1799
5.81629e+08,0.400703,0.318403,9.75034,1.86879,-6.07326,-1.21876,-0.959959,2.35207,0.193298,-2.07129,-5.94177,-1.06183,1.35501,0.44,0.443029,-0.0624808,30.9182,0.2579,-0.0431401,-0.104063,0,0.517293,-0.175085,-0.05158,0,0,0,0.00862801,0,1865,1548,1762,1826
5.8165e+08,0.878328,0.113688,8.86876,0.730854,1.04125,-1.21965,0.907017,5.65545,-4.31052,-2.20966,-4.45777,-0.420608,-0.364286,0.44,0.439395,-0.0626933,30.9329,0.255892,-0.0432968,-0.100403,-0.00783642,0.529909,-0.143379,-0.0511783,0,0,0,0.00865936,0,1883,1568,1772,1803
5.81671e+08,-1.87277,1.20711,11.316,6.00777,-2.83662,-1.27684,-2.9291,-9.34507,-9.36395,-2.38373,-9.21954,0.144277,0.164251,0.44,0.439149,-0.0531742,30.9418,0.253996,-0.0434818,-0.0947622,-0.0092482,0.55061,-0.137404,-0.0507993,0,0,0,0.00869635,0,1881,1498,1753,1862
5.81692e+08,-0.921836,-0.849678,10.3835,-4.65981,-2.59234,-1.34257,-2.52347,-5.05653,-6.89067,-2.3919,-6.75284,1.21298,1.09173,0.438,0.437914,-0.0585979,30.9241,0.252045,-0.0436759,-0.0975539,-0.00970874,0.537416,-0.135232,-0.0504091,0,0,0,0.00873519,0,1868,1529,1771,1854
5.81713e+08,1.31558,-0.888212,8.2566,-6.06413,8.78171,-1.07121,9.81488,9.00215,4.75818,-2.38434,-6.62912,-0.237402,0.671415,0.438,0.437205,-0.0585524,30.9153,0.249985,-0.0439026,-0.103037,-0.011331,0.513287,-0.128359,-0.0499969,0,0,0,0.00878051,0,1961,1620,1684,1760
5.81734e+08,-0.573475,0.101646,9.71047,0.598687,6.84277,-0.886042,6.87119,-3.37963,-2.57006,-2.3166,-2.5411,-0.802288,-0.727801,0.438,0.437184,-0.0560147,30.9065,0.247901,-0.0441092,-0.104169,-0.0103322,0.506574,-0.132023,-0.0495803,0,0,0,0.00882184,0,1917,1623,1737,1741
5.81755e+08,0.269533,-0.262025,9.82075,-1.52776,-4.59234,-0.865021,-4.31201,1.57155,-3.30289,-2.35556,-3.36447,0.480155,0.489861,0.435,0.434987,-0.0521099,30.9182,0.245942,-0.0445757,-0.0979856,-0.0233254,0.529355,-0.079242,-0.0491883,0,0,0,0.00891514,0,1839,1543,1806,1834
5.81776e+08,-0.41078,-1.0568,8.73504,-6.89081,-1.41677,-0.904003,-1.34361,-2.67299,-10.051,-2.50668,-9.98213,-0.848089,-0.826452,0.435,0.434284,-0.0502624,30.8771,0.244044,-0.0452043,-0.0948741,-0.0314283,0.53989,-0.0458686,-0.0488088,0,0,0,0.00904085,0,1913,1507,1741,1856
5.81797e+08,-1.53613,1.38051,12.0638,6.47635,3.88094,-0.868231,3.75743,-7.21006,-7.40976,-2.65131,-6.38284,-1.36717,0.355999,0.435,0.434176,-0.0445454,30.93,0.242005,-0.0459265,-0.101962,-0.0361132,0.509334,-0.0260841,-0.048401,0,0,0,0.00918531,0,1916,1568,1719,1795
5.81818e+08,0.181592,-1.73357,9.45758,-10.3851,-7.14196,-0.970684,-6.89972,1.08196,-1.30289,-2.71654,-1.34118,0.220613,0.13907,0.433,0.432505,-0.0396783,30.9094,0.240147,-0.0465729,-0.0929091,-0.0323191,0.543742,-0.0404011,-0.0480293,0,0,0,0.00931458,0,1804,1524,1830,1836
5.81839e+08,0.818964,-1.07848,8.25672,-7.4058,-0.180127,-0.992043,0.0136361,5.61709,2.98719,-2.69781,2.8026,-2.34427,-2.24866,0.433,0.432241,-0.0345008,30.9094,0.238294,-0.047403,-0.0926434,-0.0415035,0.542909,-0.0024317,-0.0476588,0,0,0,0.0094806,0,1829,1587,1818,1743
5.8186e+08,0.811695,-0.700356,8.59448,-4.63814,-1.09616,-0.89776,-0.792778,5.37751,0.300168,-2.5946,0.148783,-0.924425,-0.846559,0.433,0.432258,-0.0344907,30.8947,0.236309,-0.0485598,-0.0992439,-0.057842,0.514368,0.0646442,-0.0472618,0,0,0,0.00971197,0,1835,1571,1800,1772
5.81881e+08,-0.422823,-0.683497,10.1269,-3.85785,0.491629,-0.804519,3.20784,-2.38542,-6.6464,-2.61359,-5.57625,0.480155,-0.733963,0.43,0.42976,-0.0346412,30.8859,0.234475,-0.0497165,-0.091706,-0.0578337,0.542718,0.0661604,-0.046895,0,0,0,0.0099433,0,1910,1565,1734,1789
5.81902e+08,-1.0987,-0.271658,10.7194,-1.44416,4.40003,-0.818527,4.13279,-5.85031,-6.32579,-2.62532,-6.16957,0.220613,0.144135,0.43,0.429315,-0.0289974,30.8829,0.230903,-0.052544,-0.0893836,-0.0816751,0.54838,0.165535,-0.0461806,0,0,0,0.0105088,0,1912,1565,1716,1788
5.81922e+08,0.90941,-0.0284086,9.47393,-0.171021,-8.59234,-0.858112,-8.48862,5.48304,9.03299,-2.52767,8.78898,-0.176333,-0.144656,0.43,0.429328,-0.0269051,30.8976,0.229041,-0.0545321,-0.0931062,-0.0994023,0.531523,0.239239,-0.0458082,0,0,0,0.0109064,0,1712,1579,1915,1768
5.81943e+08,-0.0190907,-1.35785,8.96452,-8.61308,-10.9282,-1.03029,-10.6208,-0.12064,0.0558929,-2.46856,0.0478929,-0.649616,-0.635275,0.429,0.428457,-0.0265922,30.9094,0.227364,-0.0564975,-0.0838488,-0.0982705,0.566954,0.237281,-0.0454728,0,0,0,0.0112995,0,1760,1498,1873,1846
5.81964e+08,-0.757147,-0.589569,10.9702,-3.06898,-0.149592,-1.19999,-0.0940948,-3.94252,-5.11968,-2.46114,-5.10137,-0.420608,-0.417652,0.429,0.428321,-0.0286952,30.8829,0.225807,-0.0583889,-0.0778697,-0.0945692,0.589385,0.224927,-0.0451613,0,0,0,0.0116778,0,1871,1537,1765,1813
5.81985e+08,-1.50511,1.45036,12.3132,6.66866,21.026,-1.07685,0.975792,-6.92161,-9.08914,-2.51053,-2.07752,-1.09236,-2.37389,0.429,0.428298,-0.0344825,30.8947,0.224269,-0.0601836,-0.0769021,-0.0897374,0.591739,0.207921,-0.0448537,0,0,0,0.0120367,0,1873,1564,1790,1779
5.82006e+08,-1.21362,0.816945,10.669,4.35075,14.8733,-0.724596,14.7199,-6.47082,-5.05861,-2.62548,-5.00087,-1.76412,-1.83562,0.429,0.42836,-0.0176664,30.8741,0.222733,-0.0619605,-0.0767807,-0.0888447,0.590698,0.206694,-0.0445466,0,0,0,0.0123921,0,1981,1632,1649,1688
5.82027e+08,-1.03673,0.164264,10.2381,0.914527,3.69774,-0.721548,3.50666,-5.78148,-3.25708,-2.58174,-3.10313,-2.81755,-2.84394,0.429,0.428409,-0.0153113,30.8682,0.221353,-0.0640575,-0.0690166,-0.104846,0.620504,0.273633,-0.0442705,0,0,0,0.0128115,0,1888,1558,1745,1747
5.82047e+08,1.02647,-0.242757,9.47111,-1.4597,-12.5771,-0.867564,-12.4182,6.18352,8.92612,-2.43899,8.69841,-4.0542,-3.99381,0.426,0.427348,-0.0178642,30.8418,0.219997,-0.0663229,-0.0678001,-0.113274,0.624077,0.31041,-0.0439993,0,0,0,0.0132646,0,1696,1527,1955,1776
5.82068e+08,-0.726708,1.578,10.7695,8.31731,6.06415,-0.891507,5.73046,-3.81971,0.926122,-2.40324,0.863534,-3.97786,-3.91722,0.426,0.425623,-0.0204041,30.8535,0.218735,-0.0687141,-0.0630945,-0.11956,0.64176,0.338764,-0.0437469,0,0,0,0.0137428,0,1886,1606,1777,1709
5.82089e+08,0.0495769,0.727833,9.32868,4.46117,11.2245,-0.972679,1.24234,0.30357,-2.41739,-2.42447,-4.74751,-6.00839,-3.89512,0.426,0.425408,-0.0242154,30.9006,0.217611,-0.0710692,-0.0561668,-0.117753,0.668528,0.334614,-0.0435223,0,0,0,0.0142138,0,1896,1535,1773,1786
5.8211e+08,0.933286,-0.0211834,8.92785,-0.135211,2.26262,-0.705972,2.49842,5.96781,1.72002,-2.44687,1.50394,-6.58855,-6.46055,0.43,0.427825,-0.0144592,30.8947,0.216654,-0.0732921,-0.0478892,-0.111143,0.700917,0.311039,-0.0433307,0,0,0,0.0146584,0,1865,1568,1803,1705
5.8213e+08,-1.20355,-1.04235,10.184,-5.80385,2.79697,-0.625362,2.91741,-6.70524,-12.4479,-2.668,-12.3144,-5.64198,-5.69819,0.43,0.429343,0.00303247,30.83,0.215901,-0.0754989,-0.0376131,-0.110341,0.741579,0.310744,-0.0431803,0,0,0,0.0150998,0,1949,1456,1676,1788
5.8215e+08,0.207652,-0.991774,8.44495,-6.69612,-14.2107,-0.76747,-14.1641,1.39895,-3.88304,-2.72345,-3.91655,-4.06946,-4.10645,0.43,0.429492,-0.00103893,30.8653,0.215226,-0.0777666,-0.0337419,-0.113386,0.756649,0.325956,-0.0430453,0,0,0,0.0155533,0,1763,1401,1855,1863
5.8217e+08,0.350635,0.0438438,9.42942,0.266221,1.72827,-0.845107,1.64502,2.12955,2.98719,-2.68723,2.93601,-6.13053,-6.09477,0.43,0.429478,0.000622466,30.88,0.214447,-0.0802341,-0.0389864,-0.123374,0.735026,0.369273,-0.0428893,0,0,0,0.0160468,0,1832,1552,1801,1693
5.8219e+08,-2.3,0.503851,11.7141,2.41682,9.34659,-0.974257,9.03084,-11.0984,3.61315,-2.59843,3.81472,-4.90916,-4.98487,0.43,0.429507,0.00613345,30.8888,0.213686,-0.0827914,-0.0380342,-0.127864,0.738277,0.390658,-0.0427372,0,0,0,0.0165583,0,1866,1609,1748,1635
5.82211e+08,-1.31098,-1.12183,9.18444,-6.89467,2.67484,-0.885003,2.86942,-8.06433,7.72001,-2.46871,7.83947,-6.2374,-6.26508,0.43,0.429574,0.00363596,30.8565,0.212973,-0.0853744,-0.0356401,-0.12915,0.747371,0.399224,-0.0425947,0,0,0,0.0170749,0,1801,1593,1829,1644
5.82232e+08,-0.301337,0.373796,10.0051,2.13864,20.0031,-0.700254,19.6458,-1.72394,4.31544,-2.32771,4.3061,-7.06183,-7.03997,0.43,0.429631,0.00657715,30.8388,0.212393,-0.0878886,-0.0290173,-0.125713,0.773592,0.388772,-0.0424786,0,0,0,0.0175777,0,1948,1686,1685,1540
5.82252e+08,-0.465876,-0.425797,9.80925,-2.48272,-5.05036,-0.64718,-5.0011,-2.71658,-6.79907,-2.34482,-6.6648,-7.50458,-7.50721,0.43,0.429642,0.00296385,30.8741,0.212076,-0.0901368,-0.0158645,-0.112408,0.826332,0.338409,-0.0424151,0,0,0,0.0180274,0,1858,1434,1785,1793
5.82273e+08,-0.847915,-0.48119,10.7259,-2.56072,-7.43204,-0.718721,-3.91492,-4.51546,-11.1349,-2.54727,-12.1941,-7.03129,-8.46755,0.43,0.429603,0.00544588,30.8565,0.211227,-0.0926249,0,-0.124406,0.889667,0.389834,-0.0422455,0,0,0,0.018525,0,1909,1391,1739,1824
5.82294e+08,1.40636,-1.0279,7.45381,-7.71724,-6.54654,-0.905206,-6.31546,10.5869,-1.30289,-2.6985,-1.52947,-10.2679,-10.1588,0.433,0.431782,0.010505,30.8653,0.211407,-0.0952423,0.00900058,-0.13087,0.92638,0.419233,-0.0422815,0,0,0,0.0190485,0,1816,1428,1832,1754
5.82314e+08,0.90472,-0.339094,9.66338,-2.00098,0.369492,-1.06288,0.381824,5.34538,6.2849,-2.59177,6.08216,-9.56565,-9.51588,0.433,0.43246,0.00886451,30.8418,0.211534,-0.0977703,0.00634534,-0.126399,0.916279,0.404669,-0.0423068,0,0,0,0.0195541,0,1803,1532,1839,1656
5.82334e+08,-0.0480983,-0.0862106,9.39157,-0.525929,2.62903,-0.925116,2.90664,-0.293421,7.36887,-2.575,7.28418,-9.50458,-9.47805,0.433,0.432551,0.00941071,30.8418,0.210688,-0.100311,0,-0.127013,0.890537,0.410516,-0.0421376,0,0,0,0.0200621,0,1813,1560,1827,1626
5.82354e+08,-0.986261,-1.01586,10.6041,-5.44877,5.60613,-0.813185,5.73023,-5.28956,2.88032,-2.52103,2.88645,-8.40534,-8.41615,0.434,0.433382,0.0208023,30.8359,0.209845,-0.102687,0,-0.118833,0.890246,0.380893,-0.0419691,0,0,0,0.0205374,0,1849,1545,1759,1628
5.82375e+08,0.558368,0.0751532,8.97107,0.479045,-2.13433,-0.695774,-1.89135,3.56143,8.34597,-2.44178,8.13959,-10.2374,-10.1593,0.434,0.433672,0.0177683,30.8418,0.209006,-0.105252,0,-0.128264,0.889956,0.422143,-0.0418012,0,0,0,0.0210505,0,1768,1524,1861,1637
5.82396e+08,0.116977,-1.21817,8.09803,-8.55383,-7.08089,-0.79295,-6.96463,0.818383,-5.54716,-2.47633,-5.45151,-9.91679,-9.90722,0.434,0.433673,0.0126399,30.8418,0.209197,-0.108172,0.00954546,-0.145971,0.928864,0.49704,-0.0418394,0,0,0,0.0216344,0,1831,1394,1805,1779
5.82417e+08,-2.60318,0.234108,11.6569,1.12288,-2.40913,-0.960984,-15.9666,-12.586,-13.0128,-2.49295,2.25196,-9.36717,-11.5368,0.438,0.436631,0.0193851,30.8476,0.209533,-0.111131,0.016812,-0.147938,0.958816,0.508861,-0.0419066,0,0,0,0.0222261,0,1707,1364,1922,1773
5.82438e+08,0.178577,0.523118,10.2969,2.90788,3.25499,-1.14639,3.10745,0.992288,3.10933,-2.53169,3.00141,-10.6649,-10.6241,0.438,0.437582,0.0242258,30.8094,0.210012,-0.113903,0.0239421,-0.138624,0.988401,0.475212,-0.0420024,0,0,0,0.0227806,0,1826,1500,1783,1632
5.82459e+08,-1.17527,0.311178,10.2265,1.73149,20.0183,-1.20797,19.6002,-6.55287,4.59024,-2.53883,4.59382,-10.6954,-10.6979,0.438,0.437606,0.0181073,30.8388,0.210579,-0.116402,0.0283444,-0.124965,1.00716,0.423791,-0.0421158,0,0,0,0.0232805,0,1938,1632,1683,1509
5.8248e+08,-1.06547,0.446049,10.0177,2.53519,17.9725,-0.973383,17.7813,-6.06508,4.08643,-2.37436,4.2379,-8.32901,-8.35473,0.441,0.440156,0.015615,30.8565,0.211124,-0.118674,0.0272483,-0.113573,1.00384,0.381183,-0.0422248,0,0,0,0.0237348,0,1917,1631,1679,1527
5.82501e+08,-0.203527,0.701341,9.3526,4.2875,11.0718,-0.820491,6.44998,-1.24316,5.15513,-2.20248,10.1702,-9.39771,-8.00503,0.441,0.440629,0.00909736,30.8329,0.211826,-0.120732,0.0351275,-0.102885,1.03671,0.341133,-0.0423653,0,0,0,0.0241463,0,1798,1603,1805,1567
5.82522e+08,0.281428,-0.100661,8.48431,-0.679373,-2.68394,-0.507439,-2.47334,1.89969,8.16276,-2.05725,7.95213,-10.5885,-10.4721,0.441,0.440697,-0.0032224,30.8241,0.213931,-0.125602,0.056818,-0.125446,1.12714,0.438212,-0.0427862,0,0,0,0.0251203,0,1774,1526,1872,1642
5.82542e+08,0.169221,-0.17773,8.22074,-1.23826,-2.16486,-0.619721,-2.25566,1.17897,-0.692199,-2.02089,-0.615335,-10.3595,-10.3421,0.44,0.439756,-0.0115249,30.8271,0.215273,-0.128032,0.0670811,-0.121506,1.17039,0.425708,-0.0430545,0,0,0,0.0256064,0,1844,1475,1819,1712
5.82563e+08,0.250336,0.07997,9.32273,0.491292,-14.8977,-0.773801,-14.6331,1.53809,6.49864,-2.19657,6.2628,-11.5962,-11.4756,0.44,0.43959,-0.0129937,30.8329,0.216592,-0.130334,0.0659635,-0.115086,1.16797,0.403098,-0.0433184,0,0,0,0.0260667,0,1714,1428,1962,1751
5.82584e+08,0.12188,-1.67576,8.42731,-11.2454,-6.11906,-1.00075,-5.92877,0.812675,-1.45556,-2.21999,-1.3909,-9.87099,-9.90697,0.44,0.439543,-0.0117835,30.8065,0.218011,-0.132478,0.0709412,-0.10722,1.19012,0.374496,-0.0436021,0,0,0,0.0264956,0,1820,1438,1840,1752
5.82605e+08,-2.50524,0.12573,11.4098,0.616657,19.1023,-0.896733,18.552,-12.3832,-8.41739,-2.3231,-4.80858,-8.64962,-9.13158,0.443,0.442274,0.00580738,30.8094,0.219535,-0.134307,0.0761954,-0.0914726,1.21351,0.313891,-0.0439069,0,0,0,0.0268615,0,2000,1573,1615,1586
5.82626e+08,-0.719454,1.25287,11.1441,6.40129,18.8733,-0.581053,18.6017,-3.67078,0.590244,-2.46573,0.548553,-7.76412,-7.76643,0.443,0.442615,0.0131478,30.83,0.221174,-0.135864,0.0819782,-0.0778311,1.23918,0.26139,-0.0442348,0,0,0,0.0271728,0,1956,1613,1633,1544
5.82647e+08,-0.0475854,-1.93106,8.77131,-12.4158,-0.806081,-0.487994,-0.507867,-0.303564,3.44521,-2.44301,3.46325,-5.76412,-5.8379,0.443,0.442628,0.00360609,30.8506,0.222962,-0.137405,0.0893743,-0.077061,1.27151,0.260496,-0.0445923,0,0,0,0.027481,0,1801,1515,1788,1675
5.82668e+08,0.441233,0.547202,10.1685,3.07741,0.613766,-0.560296,0.434965,2.48103,9.36887,-2.19244,9.27718,-5.73358,-5.74641,0.443,0.442657,0.00523751,30.7829,0.22471,-0.13915,0.0874124,-0.087238,1.26625,0.303768,-0.044942,0,0,0,0.02783,0,1759,1563,1825,1623
5.82689e+08,-0.736105,1.02407,10.9657,5.32338,-3.87478,-0.782816,-19.17,-3.8238,5.68948,-2.08469,6.07428,-5.06183,-4.8812,0.443,0.442696,0.00601969,30.8153,0.226509,-0.14081,0.0899428,-0.0829755,1.27908,0.289022,-0.0453017,0,0,0,0.0281619,0,1634,1403,1942,1791
5.8271e+08,-0.573302,-0.522133,9.24887,-3.22496,-13.7526,-1.0573,-0.275466,-3.54138,1.03299,-2.06419,-0.196372,-4.1,-3.39777,0.444,0.442707,0.00765201,30.7859,0.228517,-0.142246,0.100407,-0.07182,1.324,0.246352,-0.0457034,0,0,0,0.0284492,0,1802,1494,1757,1709
5.82731e+08,0.955087,-1.13628,8.33486,-7.71333,-0.821348,-1.2819,-0.752814,6.47757,1.67421,-2.08235,1.62864,-3.90152,-3.88857,0.444,0.443592,0.00644939,30.8124,0.230558,-0.143628,0.102049,-0.0691122,1.33358,0.237497,-0.0461116,0,0,0,0.0287256,0,1786,1498,1778,1700
5.82752e+08,-1.99429,0.279868,10.3863,1.51584,19.4993,-1.15579,19.1626,-10.8654,-4.40212,-2.17667,-4.2101,-1.55038,-1.64749,0.444,0.44365,0.00961594,30.7859,0.232513,-0.144809,0.0977532,-0.0590352,1.31925,0.198835,-0.0465026,0,0,0,0.0289618,0,1959,1607,1579,1606
5.82773e+08,-0.628799,1.55392,10.5984,8.32672,21.9115,-0.989985,2.76003,-3.35951,7.90322,-1.91582,2.16231,-3.48931,-3.07474,0.448,0.445139,0.00175577,30.7888,0.234446,-0.145725,0.0966601,-0.0458114,1.31773,0.147221,-0.0468892,0,0,0,0.029145,0,1807,1539,1752,1669
5.82794e+08,0.17179,-0.83041,9.05542,-5.23861,-2.85188,-0.772504,-2.67546,1.08228,7.10933,-1.80153,7.14569,-2.46641,-2.4575,0.448,0.447603,0.00587844,30.8329,0.236424,-0.146483,0.0988731,-0.0379033,1.32953,0.116728,-0.0472847,0,0,0,0.0292966,0,1724,1535,1813,1662
5.82815e+08,1.44197,-0.286109,7.63303,-2.10934,-2.57707,-0.77569,-2.61513,10.6904,13.9796,-1.76711,13.7255,-3.71832,-3.64161,0.448,0.447774,0.00490543,30.7829,0.238542,-0.147137,0.105946,-0.0327171,1.36101,0.0970222,-0.0477085,0,0,0,0.0294275,0,1684,1578,1866,1610
5.82836e+08,-0.360597,-1.19408,8.08899,-8.38904,-11.4015,-0.995543,-11.2827,-2.52516,3.78108,-1.70688,3.86496,-3.33664,-3.26784,0.45,0.448946,-0.000917711,30.8094,0.240585,-0.147792,0.102105,-0.0327457,1.34862,0.0982331,-0.0481169,0,0,0,0.0295585,0,1690,1449,1862,1748
5.82857e+08,0.506404,-1.96718,8.56659,-12.9111,-9.12669,-1.1825,-2.92373,3.29741,4.17803,-1.70411,0.969453,-1.39771,-3.01208,0.45,0.449614,-0.00309671,30.7535,0.242676,-0.148555,0.104554,-0.0381386,1.36152,0.121097,-0.0485351,0,0,0,0.029711,0,1767,1487,1785,1715
5.82878e+08,-0.487587,0.36898,10.048,2.10059,9.77407,-1.47954,9.40576,-2.77629,-2.79907,-1.5833,-2.72576,-2.39007,-2.36882,0.45,0.44962,-0.00740592,30.8212,0.244723,-0.149248,0.10238,-0.0346418,1.35583,0.108219,-0.0489446,0,0,0,0.0298496,0,1876,1553,1676,1661
5.82898e+08,-2.61998,0.564061,10.7719,2.91274,16.4458,-1.37935,16.0712,-13.6523,-8.49373,-1.78385,-8.24744,0.61756,0.489422,0.454,0.45261,0.00162168,30.7476,0.246919,-0.149649,0.109803,-0.0200636,1.38882,0.05053,-0.0493839,0,0,0,0.0299299,0,1942,1559,1559,1654
5.82919e+08,-1.15325,-1.59147,9.49933,-9.44265,2.72064,-1.20434,2.91906,-6.82778,-4.09678,-1.64454,-3.94618,1.70153,1.6053,0.454,0.453571,-0.00640531,30.7418,0.24914,-0.149914,0.111038,-0.0132337,1.39703,0.0237461,-0.049828,0,0,0,0.0299828,0,1820,1512,1683,1723
5.8294e+08,-0.0098627,-0.194589,9.60979,-1.16003,6.38476,-0.987412,6.3643,-0.0587916,4.97192,-1.68364,4.79472,1.86947,1.81659,0.454,0.453671,-0.00864515,30.7506,0.251375,-0.149761,0.111743,0.00766681,1.40314,-0.0599986,-0.050275,0,0,0,0.0299521,0,1787,1604,1716,1635
5.82961e+08,1.69999,-0.753341,7.63206,-5.50325,-7.34043,-0.997698,-7.13804,12.4984,9.61314,-1.57473,7.61787,1.79313,1.02098,0.452,0.452154,-0.0232843,30.7741,0.25361,-0.149455,0.111756,0.0152913,1.40647,-0.0906896,-0.050722,0,0,0,0.029891,0,1688,1541,1852,1721
5.82982e+08,-2.32621,0.328037,10.3534,1.77064,-7.32516,-1.17591,-7.49609,-12.6569,-2.95174,-1.44645,-2.67738,4.38855,4.28387,0.452,0.451605,-0.0290298,30.7741,0.257813,-0.148608,0.107229,0,1.39455,-0.0296085,-0.0515625,0,0,0,0.0297216,0,1745,1485,1778,1819
5.83003e+08,-0.315716,0.559244,9.73947,3.28462,0.21682,-1.40267,-0.181833,-1.85361,2.34597,-1.43814,2.33099,4.37329,4.33303,0.452,0.45155,-0.0254693,30.78,0.259912,-0.148453,0.104979,0.00774148,1.38865,-0.0605802,-0.0519824,0,0,0,0.0296906,0,1756,1567,1761,1731
5.83024e+08,-0.96526,0.744692,11.267,3.76772,-2.18013,-1.43107,-2.25661,-4.88606,2.62078,-1.45813,2.64187,4.64809,4.66586,0.456,0.454937,-0.0107708,30.7329,0.261993,-0.147905,0.104046,0.0273879,1.38801,-0.139795,-0.0523986,0,0,0,0.0295811,0,1720,1538,1757,1726
5.83045e+08,0.765999,0.47495,8.52042,3.17772,10.5832,-1.39437,5.24414,5.12925,8.34597,-1.49581,-2.77952,3.27405,5.98591,0.456,0.455563,-0.00745712,30.7565,0.264074,-0.147113,0.104035,0.0396247,1.39107,-0.189603,-0.0528147,0,0,0,0.0294226,0,1804,1556,1654,1713
5.83066e+08,-0.0313586,-0.175322,10.1274,-0.991778,0.842774,-1.17736,0.87497,-0.177384,8.54444,-1.36596,8.576,5.07558,5.07615,0.456,0.455684,-0.00911337,30.7447,0.266102,-0.146282,0.101436,0.0415389,1.3837,-0.198059,-0.0532205,0,0,0,0.0292564,0,1698,1607,1769,1656
5.83087e+08,-0.845464,-0.70999,9.14196,-4.42204,-10.9282,-1.05046,-10.5422,-5.268,0.254366,-1.46478,0.311695,6.37329,6.42361,0.456,0.455692,-0.0151248,30.7712,0.268123,-0.145464,0.101021,0.0409186,1.38507,-0.196336,-0.0536246,0,0,0,0.0290928,0,1677,1479,1788,1806
5.83108e+08,-1.69342,0.260601,11.6419,1.26898,-7.14196,-1.06821,-7.14486,-8.27406,-0.371588,-1.56273,-0.347005,8.8313,8.69982,0.456,0.455674,-0.00925608,30.7741,0.270056,-0.144666,0.0966463,0.0399003,1.37046,-0.192993,-0.0540112,0,0,0,0.0289332,0,1692,1502,1743,1794
5.83129e+08,0.601606,-0.849678,8.94343,-5.41498,-18.0733,-1.25807,-1.64163,3.83117,5.58261,-1.60257,-4.70714,8.05267,9.07798,0.456,0.455618,-0.0157017,30.7682,0.271899,-0.14375,0.0921595,0.0457979,1.35528,-0.217537,-0.0543798,0,0,0,0.02875,0,1764,1516,1678,1796
5.8315e+08,-1.07718,-0.370403,10.4841,-2.01282,-13.4168,-1.45338,-13.1718,-5.86255,2.02536,-1.61676,2.06034,7.96107,7.94757,0.458,0.457477,-0.00872025,30.7859,0.273556,-0.142709,0.082855,0.0520554,1.32056,-0.243685,-0.0547112,0,0,0,0.0285418,0,1627,1466,1807,1818
5.83171e+08,-0.253339,-0.493232,9.18928,-3.07122,-1.29463,-1.52089,-1.18545,-1.57692,5.59788,-1.59811,5.51878,8.61756,8.63555,0.458,0.45758,-0.0108733,30.7594,0.275113,-0.141509,0.077838,0.0599761,1.3029,-0.276705,-0.0550226,0,0,0,0.0283018,0,1686,1581,1746,1713
5.83192e+08,0.0691282,-0.885804,8.34315,-6.06026,7.17865,-1.42211,7.18324,0.472067,1.99482,-1.58502,2.04406,9.35038,9.29245,0.457,0.457236,-0.0159595,30.78,0.276582,-0.14016,0.0734692,0.0674798,1.28774,-0.308244,-0.0553164,0,0,0,0.0280319,0,1772,1625,1661,1683
5.83213e+08,-0.535115,-0.454698,9.52911,-2.72761,-1.55417,-1.22331,10.8372,-3.21047,-0.0967789,-1.5891,5.16107,7.30458,8.98788,0.457,0.456647,-0.0219816,30.7653,0.277959,-0.138599,0.0688323,0.0780467,1.27139,-0.352338,-0.0555918,0,0,0,0.0277197,0,1787,1682,1663,1638
5.83234e+08,1.3277,-1.5433,7.32721,-11.7088,-7.90532,-1.14772,-7.53444,10.0547,7.24673,-1.44976,7.05381,8.14428,8.17205,0.457,0.456577,-0.0321277,30.7594,0.279298,-0.136974,0.0669601,0.0812178,1.26608,-0.366853,-0.0558596,0,0,0,0.0273949,0,1654,1573,1819,1756
5.83254e+08,-2.10876,-0.228307,10.2811,-1.24619,-5.11142,-1.15419,-5.16354,-11.5885,-1.39449,-1.60546,-1.26498,8.84657,8.76505,0.458,0.457145,-0.0270652,30.7712,0.280696,-0.135532,0.0699093,0.0721301,1.28018,-0.331975,-0.0561392,0,0,0,0.0271064,0,1724,1525,1734,1799
5.83275e+08,-2.53162,0.511076,11.0946,2.57147,-6.30226,-1.24528,-6.57324,-12.8408,-4.37159,-1.72606,-4.07623,9.93054,9.79981,0.458,0.457455,-0.0281245,30.7271,0.282044,-0.134011,0.0673724,0.076027,1.27222,-0.349275,-0.0564087,0,0,0,0.0268022,0,1731,1499,1719,1837
5.83296e+08,0.541416,0.927732,9.17663,5.76288,-4.57707,-1.44248,-4.83102,3.35942,7.70475,-1.5166,7.56845,8.51069,8.5486,0.458,0.457461,-0.0342516,30.7476,0.283218,-0.13236,0.0587402,0.0825683,1.2396,-0.377349,-0.0566437,0,0,0,0.026472,0,1665,1594,1806,1741
5.83317e+08,-0.783579,0.00771757,9.43272,0.0467168,0.674835,-1.55697,0.0890483,-4.74868,3.36887,-1.47321,5.52846,9.8084,9.27965,0.456,0.456227,-0.0411778,30.7565,0.284301,-0.13045,0.0541201,0.0955045,1.22296,-0.431401,-0.0568602,0,0,0,0.02609,0,1718,1626,1762,1732
5.83338e+08,-0.155579,0.0125344,8.82201,0.0813937,7.94201,-1.47722,7.79673,-1.01032,1.46047,-1.43191,1.51041,10.0527,10.0293,0.456,0.455442,-0.0468973,30.7741,0.285421,-0.128422,0.0560184,0.101364,1.23251,-0.457222,-0.0570842,0,0,0,0.0256845,0,1805,1664,1680,1713
5.83359e+08,-0.141235,-0.0476759,9.72885,-0.280744,10.8733,-1.36023,10.6654,-0.8317,0.55971,-1.49134,0.524135,12.4038,12.2701,0.456,0.455409,-0.0435714,30.7329,0.286372,-0.126435,0.0475616,0.0993792,1.20031,-0.451535,-0.0572745,0,0,0,0.025287,0,1821,1686,1638,1706
5.83379e+08,-2.28843,1.84293,12.0534,8.54277,6.09468,-1.23878,5.76666,-10.6295,-8.34105,-1.55747,-8.10744,11.1519,11.0768,0.457,0.456171,-0.0370753,30.7418,0.287337,-0.124437,0.0482234,0.0999107,1.20471,-0.455957,-0.0574674,0,0,0,0.0248873,0,1848,1578,1607,1789
5.834e+08,0.0283079,-0.0693517,9.13749,-0.434853,-5.43203,-1.37883,-5.50469,0.177497,-3.60823,-1.55072,-3.64674,10.2053,10.2899,0.457,0.45639,-0.0437545,30.7329,0.288331,-0.12244,0.0496949,0.0998364,1.21239,-0.457952,-0.0576662,0,0,0,0.024488,0,1744,1530,1730,1842
5.83421e+08,-1.69382,1.70083,11.4092,8.38835,-3.08089,-1.44243,-13.2167,-8.3535,-3.79144,-1.66501,2.37777,9.79313,11.6252,0.457,0.456385,-0.0425513,30.7359,0.2893,-0.120145,0.0484362,0.114762,1.2091,-0.520486,-0.0578599,0,0,0,0.0240289,0,1640,1522,1819,1861
5.83442e+08,-1.72214,0.501442,10.9657,2.58655,1.34659,-1.48654,1.08692,-8.9161,-2.81434,-1.82013,-2.62611,11.2435,11.1817,0.455,0.454686,-0.037006,30.7241,0.290915,-0.11535,0.0348208,0.117553,1.15759,-0.537297,-0.058183,0,0,0,0.02307,0,1778,1583,1680,1793
5.83462e+08,0.422162,0.431598,9.50358,2.5977,-0.59234,-1.47763,-0.691429,2.54087,8.74292,-1.6549,8.6053,9.93054,10.0809,0.455,0.454404,-0.0391833,30.7035,0.291455,-0.113051,0.0270009,0.114943,1.12744,-0.529518,-0.058291,0,0,0,0.0226103,0,1690,1650,1782,1720
5.83483e+08,1.1462,-1.44696,8.47665,-9.60129,-6.287,-1.46914,-6.03102,7.59223,9.75055,-1.45009,9.5548,11.9305,11.9481,0.455,0.454413,-0.0438666,30.7006,0.291844,-0.110648,0.0194688,0.120185,1.09826,-0.553369,-0.0583689,0,0,0,0.0221295,0,1638,1635,1825,1760
5.83504e+08,-1.17529,0.371388,10.5614,2.00161,9.08705,-1.39218,-8.60859,-6.34593,-4.67693,-1.47849,1.95182,12.8008,11.4947,0.455,0.454429,-0.0385997,30.7594,0.29217,-0.108255,0.0162812,0.119639,1.08642,-0.553998,-0.058434,0,0,0,0.021651,0,1673,1557,1786,1826
5.83525e+08,-0.788139,-0.7702,10.5664,-4.15751,-5.99692,-1.31013,0.199793,-4.25452,-5.28762,-1.50963,-1.40965,13.7321,13.2306,0.455,0.454469,-0.0358118,30.7006,0.292487,-0.105728,0.0158488,0.126361,1.08562,-0.583949,-0.0584974,0,0,0,0.0211455,0,1750,1602,1687,1791
5.83546e+08,0.0187432,-0.0211834,10.2535,-0.118371,-6.86715,-1.29801,-6.73916,0.104735,2.07116,-1.68175,1.8887,12.1137,12.1863,0.455,0.454461,-0.0329912,30.7447,0.292838,-0.103144,0.0175425,0.129162,1.0934,-0.598252,-0.0585676,0,0,0,0.0206289,0,1683,1568,1759,1813
5.83566e+08,0.56063,0.530343,8.47083,3.57471,4.61377,-1.278,4.62467,3.77914,3.47574,-1.63115,3.44454,13.5641,13.5744,0.456,0.455333,-0.039937,30.7359,0.293063,-0.100618,0.0112416,0.126333,1.06895,-0.589904,-0.0586125,0,0,0,0.0201235,0,1749,1671,1688,1730
5.83586e+08,-0.553897,-1.60833,8.57046,-10.6069,-6.10379,-1.38417,-5.9096,-3.63454,0.361237,-1.71977,0.392977,12.3122,12.2951,0.456,0.455388,-0.0421386,30.7535,0.29189,-0.0982439,0,0.118688,1.02345,-0.562057,-0.0583781,0,0,0,0.0196488,0,1702,1569,1750,1826
5.83606e+08,0.114099,0.544794,8.8986,3.50313,4.26262,-1.3166,4.03198,0.733244,4.1475,-1.68381,4.08331,13.5336,13.4739,0.456,0.455404,-0.0401413,30.7094,0.291736,-0.0959384,-0.00774428,0.115278,0.992733,-0.55111,-0.0583471,0,0,0,0.0191877,0,1739,1671,1698,1731
5.83627e+08,-1.20407,0.841029,10.84,4.40945,-0.332798,-1.4994,-0.598515,-6.31943,-0.508992,-1.61088,-0.388246,12.6176,12.6389,0.455,0.454478,-0.0419179,30.7741,0.291528,-0.0936079,-0.010391,0.116521,0.982391,-0.558862,-0.0583055,0,0,0,0.0187216,0,1741,1604,1709,1796
5.83648e+08,-1.16367,1.5202,10.8695,7.91704,1.27025,-1.50525,1.00359,-6.05223,0.712382,-1.59683,0.745854,12.2359,12.2065,0.455,0.454368,-0.0426473,30.7388,0.291199,-0.0911324,-0.0164371,0.123778,0.958261,-0.590919,-0.0582398,0,0,0,0.0182265,0,1747,1624,1708,1775
5.83669e+08,-0.282222,0.328037,8.80838,2.1317,0.308423,-1.60037,-2.83505,-1.83387,-0.356321,-1.56882,-0.684848,9.77786,11.0711,0.455,0.454336,-0.0477948,30.7506,0.290765,-0.0885893,-0.0216819,0.127155,0.937212,-0.607508,-0.0581531,0,0,0,0.0177179,0,1738,1586,1737,1813
5.8369e+08,-0.798314,1.47444,10.5937,7.90146,15.9878,-1.416,15.5458,-4.26852,-1.30289,-1.59127,-1.21596,11.1672,11.1761,0.455,0.454312,-0.0515572,30.7388,0.290248,-0.0861451,-0.0258595,0.122211,0.920337,-0.590601,-0.0580496,0,0,0,0.017229,0,1877,1719,1603,1688
5.83711e+08,-0.750251,0.373796,9.47126,2.25303,11.5298,-1.30824,11.3187,-4.52563,1.55208,-1.59712,1.5702,11.0603,11.0585,0.455,0.45433,-0.0525774,30.6947,0.289519,-0.0838758,-0.036456,0.113462,0.87745,-0.558217,-0.0579038,0,0,0,0.0167752,0,1829,1711,1653,1697
5.83732e+08,-0.661523,-0.984549,10.2454,-5.47775,-7.18776,-1.22336,-6.97995,-3.67745,-0.554794,-1.58783,-0.505209,11.2893,11.2701,0.452,0.45326,-0.0536157,30.7418,0.288717,-0.0816519,-0.0400864,0.111195,0.862408,-0.551778,-0.0577435,0,0,0,0.0163304,0,1715,1570,1769,1844
5.83753e+08,-2.08756,0.802494,10.995,4.10145,-1.00455,-1.31849,-17.8437,-10.7226,-9.7609,-1.5584,3.6979,10.6481,9.35315,0.452,0.451503,-0.064153,30.7212,0.28788,-0.07971,-0.0418566,0.0970943,0.854781,-0.497527,-0.057576,0,0,0,0.015942,0,1626,1525,1899,1896
5.83774e+08,-2.30681,-0.7702,11.7951,-3.66673,-12.6839,-1.47535,-12.6101,-11.0429,-6.46319,-1.79307,-6.26942,8.52596,8.49134,0.452,0.451298,-0.0461763,30.73,0.286936,-0.0778833,-0.0472212,0.0913375,0.832601,-0.476598,-0.0573872,0,0,0,0.0155767,0,1723,1468,1779,1916
5.83795e+08,0.666248,-1.46141,9.17269,-9.02902,-9.53891,-1.5612,-9.28496,4.10275,5.33834,-1.70575,5.19647,8.48015,8.44186,0.451,0.450696,-0.0514518,30.7447,0.286007,-0.0760198,-0.0464193,0.0931734,0.835171,-0.486171,-0.0572015,0,0,0,0.015204,0,1669,1579,1845,1817
5.83816e+08,0.410364,-0.0765769,10.056,-0.43594,-1.66104,-1.48437,-1.46065,2.33676,6.84979,-1.64187,6.69945,7.45725,7.55523,0.451,0.450338,-0.0503995,30.7182,0.284797,-0.0737924,-0.0605265,0.11137,0.777587,-0.561823,-0.0569594,0,0,0,0.0147585,0,1719,1645,1803,1743
5.83837e+08,-1.42085,-0.998999,10.0917,-5.59856,-0.180127,-1.23839,10.3216,-7.97576,-3.86777,-1.65386,5.54597,8.41909,6.9676,0.451,0.450346,-0.0513532,30.6947,0.283477,-0.071439,-0.0659903,0.117669,0.75453,-0.589924,-0.0566954,0,0,0,0.0142878,0,1817,1723,1712,1662
5.83858e+08,1.23677,-0.835227,8.80995,-5.36346,-0.836615,-1.13987,-0.727729,7.95593,6.45284,-1.58139,6.19305,6.49542,6.5088,0.448,0.448132,-0.0574704,30.6976,0.282154,-0.069212,-0.0661402,0.11135,0.752779,-0.567261,-0.0564308,0,0,0,0.0138424,0,1745,1658,1806,1741
5.83879e+08,-0.0459749,0.865113,10.0508,4.91952,3.42293,-1.13043,3.04317,-0.261119,-3.89831,-1.72363,-3.9129,5.39619,5.44232,0.448,0.447393,-0.0580241,30.7094,0.280757,-0.0671875,-0.0698381,0.101225,0.736702,-0.52908,-0.0561515,0,0,0,0.0134375,0,1851,1607,1711,1785
5.839e+08,-0.967505,0.2317,9.96506,1.32573,-12.7145,-1.34791,-12.7122,-5.54396,-5.04334,-1.82883,-4.94912,4.44962,4.49921,0.448,0.447286,-0.0533523,30.6976,0.279312,-0.0655044,-0.0722727,0.0841554,0.725627,-0.46262,-0.0558624,0,0,0,0.0131009,0,1744,1475,1819,1901
5.83921e+08,-0.122102,-0.156055,9.43663,-0.947341,-1.43204,-1.55663,-9.30339,-0.741215,0.391771,-1.85073,-3.56759,7.07558,5.7002,0.445,0.444991,-0.0601991,30.6947,0.277707,-0.0639304,-0.0802278,0.0787012,0.692208,-0.442612,-0.0555415,0,0,0,0.0127861,0,1760,1521,1812,1885
5.83942e+08,-1.6317,1.58764,11.8055,7.58808,11.1939,-1.60393,10.793,-7.79998,-0.860137,-1.81787,-0.73814,6.19008,6.15504,0.445,0.44421,-0.0598612,30.7212,0.273786,-0.0607553,-0.102436,0.0842586,0.599202,-0.468678,-0.0547572,0,0,0,0.0121511,0,1879,1689,1690,1724
5.83963e+08,-1.06543,0.315995,11.1405,1.61735,11.2855,-1.49018,11.1898,-5.46071,-1.13495,-1.69274,-1.00892,7.39619,7.29995,0.445,0.444202,-0.0591364,30.7035,0.271788,-0.0591262,-0.0998647,0.0814526,0.607496,-0.459369,-0.0543577,0,0,0,0.0118252,0,1879,1698,1680,1726
5.83984e+08,-0.625663,-1.13869,9.2503,-7.00181,13.5909,-1.3212,13.5701,-3.84052,-3.01281,-1.78981,-2.92029,6.61756,6.44317,0.444,0.443446,-0.0532994,30.7035,0.269771,-0.0577273,-0.100852,0.0699437,0.601487,-0.414867,-0.0539543,0,0,0,0.0115455,0,1912,1694,1646,1714
5.84005e+08,-1.37788,-0.95324,10.3315,-5.22547,-9.11142,-1.15774,4.62748,-7.56478,-7.40976,-1.6561,1.75287,5.93054,3.86147,0.444,0.443352,-0.0546856,30.6947,0.267629,-0.0567333,-0.107139,0.0497039,0.574062,-0.334841,-0.0535257,0,0,0,0.0113467,0,1826,1656,1757,1731
5.84026e+08,-1.79382,0.674848,10.7025,3.55851,-9.00455,-1.16432,-8.95603,-9.49626,-13.0586,-1.94802,-12.9882,4.34275,4.29773,0.444,0.443326,-0.0468125,30.7388,0.265568,-0.0558343,-0.103037,0.0449501,0.588402,-0.316805,-0.0531136,0,0,0,0.0111669,0,1830,1447,1737,1932
5.84046e+08,-1.32574,0.455683,10.9154,2.3731,-7.53891,-1.4281,-7.79223,-6.91903,-9.25708,-1.99184,-9.12297,4.00687,3.98592,0.44,0.439633,-0.0587478,30.6976,0.263251,-0.0551106,-0.115859,0.036183,0.534538,-0.282454,-0.0526501,0,0,0,0.0110221,0,1824,1493,1777,1915
5.84067e+08,0.634633,0.600187,10.5911,3.23764,-2.22593,-1.61962,-2.36894,3.42367,3.58261,-1.93633,3.44492,3.65573,3.66627,0.44,0.439185,-0.0606089,30.6859,0.260886,-0.0541381,-0.118227,0.0486233,0.522541,-0.333475,-0.0521772,0,0,0,0.0108276,0,1775,1622,1835,1790
5.84088e+08,0.396073,-0.206631,9.16544,-1.29029,17.1176,-1.5643,16.8208,2.4738,1.65895,-1.63808,1.61721,4.05267,4.02805,0.44,0.439247,-0.0546111,30.6712,0.258468,-0.05325,-0.120893,0.0444047,0.509275,-0.317577,-0.0516937,0,0,0,0.01065,0,1913,1746,1682,1658
5.84109e+08,0.39403,-1.44456,8.1093,-10.0888,-0.409134,-1.2971,19.5138,2.73876,-4.23418,-1.66556,-3.4127,4.70916,3.37203,0.437,0.436599,-0.0576338,30.68,0.255839,-0.052412,-0.131477,0.041904,0.463979,-0.308508,-0.0511678,0,0,0,0.0104824,0,1981,1737,1633,1675
5.8413e+08,-0.0027119,-0.148829,9.71907,-0.877308,-3.09616,-1.18794,-2.99648,-0.0159853,-11.0128,-1.77525,-11.0001,1.60993,1.67356,0.437,0.436331,-0.0544291,30.6888,0.253338,-0.0517427,-0.125035,0.0334619,0.487128,-0.275398,-0.0506676,0,0,0,0.0103485,0,1883,1512,1742,1880
5.84151e+08,-0.836209,0.356938,10.9623,1.85952,-6.91295,-1.19531,-6.92394,-4.35979,-12.9212,-1.98082,-12.8776,2.52596,2.54636,0.431,0.4341,-0.0565419,30.6682,0.25072,-0.0512489,-0.130925,0.0246895,0.460663,-0.240743,-0.0501439,0,0,0,0.0102498,0,1873,1478,1757,1934
5.84172e+08,-0.537297,-1.19649,9.91017,-6.8742,-7.52364,-1.36027,-7.46911,-3.08102,-7.7151,-2.15739,-7.70684,3.48779,3.3228,0.431,0.430563,-0.0637106,30.6888,0.24798,-0.0510223,-0.136987,0.0113338,0.433351,-0.187369,-0.049596,0,0,0,0.0102045,0,1840,1522,1807,1921
5.84193e+08,0.570584,-0.919522,8.37828,-6.24882,-0.180127,-1.46425,1.88402,3.8728,4.46811,-2.1556,-1.56346,0.892369,2.71949,0.431,0.430189,-0.0535642,30.6506,0.245036,-0.050911,-0.147194,0.00556189,0.389155,-0.164267,-0.0490072,0,0,0,0.0101822,0,1855,1620,1781,1802
5.84214e+08,-0.444892,1.39737,10.6194,7.48981,8.06415,-1.34828,7.92354,-2.37849,5.87269,-1.9846,5.87236,-0.176333,-0.082892,0.432,0.430811,-0.05045,30.6888,0.241898,-0.0507279,-0.15689,0.00915669,0.346756,-0.178822,-0.0483796,0,0,0,0.0101456,0,1852,1704,1801,1685
5.84235e+08,1.32741,-0.502866,8.02928,-3.53583,7.19392,-1.31144,7.13352,9.36929,5.79635,-1.63438,5.84516,0.556491,0.555185,0.432,0.431274,-0.056005,30.6653,0.238768,-0.0504734,-0.156514,0.0127232,0.344754,-0.193355,-0.0477536,0,0,0,0.0100947,0,1844,1710,1811,1692
5.84256e+08,-1.17775,0.645947,10.5144,3.49374,10.8428,-1.09807,10.7035,-6.37933,-10.4174,-1.72725,-10.2541,1.57939,1.52411,0.432,0.431373,-0.0457444,30.68,0.23571,-0.0502715,-0.152893,0,0.355855,-0.142396,-0.047142,0,0,0,0.0100543,0,1974,1617,1655,1776
5.84277e+08,0.852166,-0.262025,8.75659,-1.7059,2.04888,-1.03814,2.3044,5.55589,-8.92121,-1.85853,-16.8816,-1.01603,1.16371,0.428,0.428974,-0.0541993,30.6653,0.232842,-0.0504258,-0.143376,-0.00771377,0.390839,-0.111171,-0.0465685,0,0,0,0.0100852,0,1978,1519,1678,1895
5.84298e+08,0.630164,-0.500458,9.65386,-2.96128,-5.2641,-1.14675,-5.23251,3.72974,-2.81434,-1.91182,-3.02219,-0.848089,-0.880287,0.428,0.427377,-0.0606336,30.6712,0.229986,-0.0506522,-0.142825,-0.0113185,0.389866,-0.0963353,-0.0459972,0,0,0,0.0101304,0,1842,1561,1848,1851
5.84319e+08,-0.160244,-0.382445,8.91872,-2.45501,-6.48547,-1.22617,-6.30423,-1.02839,-1.83724,-2.03812,-1.92431,-2.25267,-2.20323,0.428,0.427251,-0.0578175,30.6565,0.22701,-0.0509348,-0.148808,-0.014131,0.362536,-0.0846056,-0.045402,0,0,0,0.010187,0,1830,1551,1868,1845
5.8434e+08,-0.0671093,-0.416163,9.73532,-2.44772,-5.4473,-1.29095,-5.24608,-0.394595,3.262,-2.06234,3.17541,-1.0313,-1.03815,0.427,0.426446,-0.0620056,30.6829,0.223955,-0.0512506,-0.152722,-0.0157893,0.343398,-0.0774626,-0.0447911,0,0,0,0.0102501,0,1801,1603,1897,1813
5.84361e+08,-0.831587,0.910873,10.9964,4.72177,7.28552,-1.35962,-2.29869,-4.30996,2.51391,-1.94018,4.39881,-2.57328,-1.72767,0.427,0.426231,-0.0633902,30.6859,0.221002,-0.0515353,-0.147685,-0.0142353,0.360282,-0.0832417,-0.0442003,0,0,0,0.0103071,0,1815,1632,1891,1781
5.84382e+08,-0.29359,-1.72634,9.54585,-10.2462,11.1176,-1.22903,11.1489,-1.73352,1.73528,-1.79641,1.79649,-0.512211,-0.659275,0.427,0.42629,-0.0552789,30.6388,0.215091,-0.0525334,-0.14429,-0.0230097,0.367242,-0.0466005,-0.0430182,0,0,0,0.0105067,0,1917,1709,1766,1698
5.84402e+08,-1.69094,-0.0500844,10.9363,-0.259311,6.85804,-1.09118,6.86051,-8.78924,-4.96701,-1.68451,-4.72632,-3.64198,-3.70894,0.423,0.422909,-0.0708685,30.6947,0.212254,-0.0530322,-0.141817,-0.024942,0.373976,-0.0381243,-0.0424509,0,0,0,0.0106064,0,1965,1641,1782,1777
5.84423e+08,1.08867,-0.644963,8.77714,-4.17081,3.40766,-0.986876,3.46872,7.05173,-0.463191,-1.60125,-0.581664,-5.79465,-5.79119,0.423,0.422328,-0.0731255,30.63,0.209511,-0.0537124,-0.137198,-0.0340074,0.389428,-0.000810132,-0.0419021,0,0,0,0.0107425,0,1924,1642,1848,1764
5.84444e+08,-0.296539,0.294319,10.24,1.64566,-5.90532,-1.15043,-5.95764,-1.65808,-6.93647,-1.46536,-6.93267,-7.61145,-7.59795,0.423,0.422242,-0.0793213,30.6771,0.206904,-0.054784,-0.130329,-0.0535807,0.41407,0.0791441,-0.0413808,0,0,0,0.0109568,0,1912,1526,1889,1875
5.84465e+08,0.868816,-0.0260002,9.58081,-0.154852,-16.2107,-1.27374,-2.2439,5.18156,-4.6006,-1.65643,-11.1699,-8.83282,-5.79364,0.42,0.419674,-0.0795179,30.6829,0.204376,-0.0559372,-0.126411,-0.0576601,0.426973,0.0970615,-0.0408752,0,0,0,0.0111874,0,1965,1529,1828,1896
5.84486e+08,0.64224,-0.994183,8.79834,-6.42992,-1.43204,-1.43176,-1.3095,4.14863,-0.463191,-1.7181,-0.594704,-8.0542,-8.024,0.42,0.419193,-0.0773148,30.6388,0.201663,-0.0571386,-0.135629,-0.0600702,0.386949,0.108347,-0.0403326,0,0,0,0.0114277,0,1904,1597,1907,1805
5.84507e+08,1.22235,-0.5125,9.48713,-3.06684,4.17102,-1.3897,4.30316,7.33114,8.66658,-1.6109,8.44108,-7.50458,-7.46574,0.42,0.419162,-0.0769591,30.6359,0.199015,-0.0582566,-0.132384,-0.055903,0.396995,0.0931496,-0.0398031,0,0,0,0.0116513,0,1877,1706,1930,1701
5.84528e+08,-0.126949,0.0992373,9.13077,0.622631,10.0794,-1.1219,10.235,-0.796507,3.55208,-1.55522,3.51726,-7.76412,-7.76451,0.416,0.415605,-0.0811256,30.6388,0.196475,-0.059214,-0.127008,-0.0478699,0.415715,0.0622463,-0.0392951,0,0,0,0.0118428,0,1969,1726,1861,1698
5.84549e+08,0.789921,0.320811,9.66928,1.89398,-1.34043,-1.04534,4.34501,4.66778,-1.16548,-1.45063,-5.38256,-9.1687,-6.47457,0.416,0.415281,-0.0756624,30.6447,0.193958,-0.0602818,-0.125844,-0.0533876,0.417566,0.0858328,-0.0387917,0,0,0,0.0120564,0,1979,1624,1829,1802
5.8457e+08,-0.508943,-0.115112,10.2158,-0.644783,-9.66104,-1.05121,5.49265,-2.8519,-12.967,-1.47016,-8.22783,-8.1458,-8.44854,0.415,0.415314,-0.0669778,30.6418,0.191582,-0.061645,-0.118814,-0.0681599,0.443117,0.146911,-0.0383164,0,0,0,0.012329,0,2009,1594,1803,1800
5.84591e+08,-0.439606,-0.440247,10.2484,-2.45752,-12.8977,-1.15664,-12.8272,-2.45393,-9.95937,-1.72194,-9.92312,-7.62671,-7.65448,0.415,0.414382,-0.0581976,30.6065,0.189402,-0.0631254,-0.109019,-0.0740192,0.48,0.172393,-0.0378804,0,0,0,0.0126251,0,1884,1444,1910,1945
5.84612e+08,0.286557,-1.3723,8.55587,-9.10723,-4.97402,-1.31487,-4.79964,1.89407,-6.66166,-1.91956,-6.6995,-8.13053,-8.11985,0.415,0.414313,-0.0525973,30.6418,0.187261,-0.0646722,-0.107016,-0.077341,0.485678,0.187784,-0.0374523,0,0,0,0.0129344,0,1915,1512,1873,1863
5.84633e+08,-1.55942,-0.741299,10.4294,-4.02108,12.5069,-1.22496,0.156494,-8.48289,-5.95937,-1.99287,-0.752084,-5.35191,-7.49351,0.416,0.414693,-0.0420889,30.6535,0.185106,-0.0662637,-0.107757,-0.0795768,0.480329,0.198879,-0.0370213,0,0,0,0.0132527,0,1898,1583,1866,1779
5.84654e+08,-0.964795,-0.929155,10.2813,-5.14149,3.86567,-1.19071,3.98779,-5.33927,0.651313,-2.07662,0.742969,-5.29084,-5.41503,0.416,0.415353,-0.0309336,30.6388,0.183091,-0.0676275,-0.100789,-0.0681872,0.50607,0.155042,-0.0366181,0,0,0,0.0135255,0,1897,1619,1827,1739
5.84675e+08,-1.16323,-0.0645349,10.1262,-0.362759,13.2855,-1.02585,13.0684,-6.55287,-0.173115,-1.99852,-0.0228193,-6.72595,-6.74059,0.416,0.415469,-0.02535,30.6476,0.181246,-0.0688552,-0.0922253,-0.0613855,0.538425,0.129436,-0.0362492,0,0,0,0.013771,0,1970,1670,1756,1666
5.84696e+08,0.162395,-1.39398,8.22829,-9.61351,1.27025,-1.01506,1.23328,1.11477,1.27727,-1.97379,1.28444,-6.57328,-6.56274,0.412,0.413128,-0.0344796,30.6712,0.179438,-0.0700664,-0.0903919,-0.0605598,0.543828,0.127779,-0.0358876,0,0,0,0.0140133,0,1888,1608,1861,1753
5.84717e+08,0.725714,-0.632921,8.47595,-4.25499,-0.3786,-0.943263,5.60369,4.88023,-3.65403,-1.99432,-6.22713,-6.86336,-6.14226,0.412,0.411649,-0.0259794,30.6241,0.177787,-0.0714237,-0.0825526,-0.0678669,0.573514,0.158928,-0.0355574,0,0,0,0.0142847,0,1967,1582,1768,1772
5.84738e+08,0.154746,0.352121,10.2492,1.96745,3.25499,-0.985027,3.13441,0.864498,-3.50136,-1.96159,-3.57238,-7.41297,-7.34588,0.412,0.41152,-0.0244415,30.6124,0.176341,-0.0728676,-0.0723109,-0.0721922,0.613091,0.178229,-0.0352682,0,0,0,0.0145735,0,1934,1576,1810,1765
5.84758e+08,-0.0957011,-0.640146,9.40972,-3.89165,7.33132,-0.969524,7.21667,-0.58136,-3.33342,-2.0192,-3.41214,-5.84046,-5.90942,0.415,0.413781,-0.0168675,30.6241,0.175006,-0.074476,-0.0667619,-0.0804236,0.633984,0.213407,-0.0350011,0,0,0,0.0148952,0,1947,1601,1765,1733
5.84779e+08,-0.773911,-0.413755,10.6761,-2.21359,-1.3557,-0.979044,-1.33562,-4.14301,-1.56243,-2.05537,-1.53595,-6.74122,-6.72419,0.415,0.414505,-0.00806935,30.63,0.173763,-0.0759213,-0.062151,-0.0722643,0.651229,0.182643,-0.0347525,0,0,0,0.0151843,0,1868,1541,1833,1768
5.848e+08,-0.967174,-0.960465,9.30312,-5.86302,5.77407,-1.20789,5.69304,-5.90412,-2.38686,-2.14366,-2.31643,-5.22977,-5.30795,0.415,0.414582,-0.00485994,30.6359,0.172659,-0.0773354,-0.0551788,-0.0707037,0.678118,0.178308,-0.0345318,0,0,0,0.0154671,0,1913,1584,1770,1731
5.84821e+08,-0.821327,-1.63964,9.32327,-9.93662,1.10232,-1.11215,12.7836,-4.95872,-1.19602,-2.01834,3.46775,-5.71832,-7.01002,0.417,0.416118,0.00234185,30.6065,0.171642,-0.0788604,-0.0508569,-0.07625,0.694484,0.20262,-0.0343284,0,0,0,0.0157721,0,1921,1661,1760,1621
5.84842e+08,-0.119896,0.499034,10.112,2.82511,15.1329,-1.06424,14.8476,-0.678491,-1.51663,-1.9772,-1.50247,-6.25267,-6.22775,0.417,0.416669,0.0070052,30.5947,0.169987,-0.081534,-0.0364702,-0.0631054,0.750723,0.153568,-0.0339974,0,0,0,0.0163068,0,1965,1641,1701,1640
5.84863e+08,0.923792,-0.228307,8.29598,-1.56671,-1.08089,-0.864175,-0.874838,6.35156,2.97192,-1.95227,2.8088,-7.35191,-7.21805,0.417,0.41674,0.00264668,30.6241,0.169345,-0.0829102,-0.0321043,-0.06881,0.767735,0.178334,-0.033869,0,0,0,0.016582,0,1832,1561,1849,1717
5.84884e+08,-1.3589,-0.522133,9.66741,-3.06148,2.35422,-0.853104,2.21944,-7.98987,-6.00518,-2.02039,-5.76849,-5.76412,-5.8135,0.416,0.415868,-0.00195943,30.5947,0.168897,-0.084369,-0.0223994,-0.0729401,0.806403,0.196892,-0.0337794,0,0,0,0.0168738,0,1916,1532,1764,1769
5.84905e+08,-1.30925,1.25768,11.6978,6.09876,6.10995,-1.07607,-12.0369,-6.34983,1.10933,-1.77107,3.00524,-6.37481,-5.77455,0.416,0.415693,-0.0140685,30.6035,0.16854,-0.0858561,-0.0178348,-0.0743538,0.82457,0.204594,-0.033708,0,0,0,0.0171712,0,1756,1503,1944,1818
5.84926e+08,-0.0477012,-1.5144,9.88549,-8.70957,-5.89005,-1.21611,-5.68998,-0.273283,-1.77617,-1.74585,-1.73575,-4.81755,-4.90484,0.416,0.415673,-0.00451529,30.6153,0.168204,-0.0874921,-0.0167874,-0.0818024,0.828656,0.23669,-0.0336409,0,0,0,0.0174984,0,1821,1509,1856,1805
5.84947e+08,-0.950745,0.0679279,10.4752,0.370015,8.23209,-1.18618,8.18035,-5.18591,-9.13495,-1.93111,-9.13199,-4.89389,-4.91028,0.418,0.417521,0.0115683,30.6124,0.168051,-0.0891784,-0.00768508,-0.0843155,0.865277,0.249059,-0.0336101,0,0,0,0.0178357,0,1958,1535,1684,1744
5.84968e+08,-1.14214,1.39978,11.8095,6.72863,11.1176,-1.13076,10.812,-5.48595,-2.08151,-2.01705,-2.07257,-5.2145,-5.22538,0.418,0.417695,0.0091625,30.5947,0.167378,-0.0907628,0,-0.07922,0.895867,0.230786,-0.0334757,0,0,0,0.0181526,0,1933,1604,1717,1676
5.84989e+08,-1.35449,0.79286,11.5547,3.89877,10.4916,-1.16972,-4.88273,-6.67042,2.77345,-1.96079,5.2889,-5.90152,-4.02058,0.418,0.417677,-0.00155637,30.6241,0.167485,-0.0920905,0.00530962,-0.0663831,0.917604,0.181143,-0.0334969,0,0,0,0.0184181,0,1772,1559,1885,1749
5.8501e+08,-0.15534,-0.847269,9.57801,-5.05456,-2.36333,-1.02273,-2.17021,-0.925548,8.04063,-1.97006,7.9561,-5.3061,-5.26774,0.42,0.419651,0.0177923,30.58,0.167722,-0.0932437,0.0118776,-0.0576594,0.944553,0.147779,-0.0335444,0,0,0,0.0186487,0,1761,1574,1867,1684
5.85031e+08,-0.0291844,0.592962,8.69937,3.89932,1.6214,-0.986511,1.49902,-0.191768,2.74292,-1.85011,2.83026,-4.95496,-4.90878,0.42,0.419815,0.0156314,30.6182,0.16817,-0.0943895,0.0224139,-0.0572908,0.987684,0.147919,-0.0336341,0,0,0,0.0188779,0,1824,1569,1806,1696
5.85052e+08,0.971581,-0.341502,8.99378,-2.16196,-11.7068,-1.0065,-11.4,6.16123,6.68185,-1.86567,6.45602,-4.92443,-4.83014,0.423,0.420926,0.0192787,30.6035,0.168741,-0.0955519,0.0285068,-0.0581187,1.01315,0.152879,-0.0337481,0,0,0,0.0191104,0,1701,1497,1918,1758
5.85073e+08,-0.189283,1.00239,11.1575,5.13296,-1.17249,-1.14924,-10.9897,-0.968015,-3.27235,-2.01985,-7.73127,-2.98549,-1.75915,0.423,0.422666,0.0292103,30.6035,0.169515,-0.096658,0.0387136,-0.055305,1.05537,0.143166,-0.033903,0,0,0,0.0193316,0,1780,1396,1788,1862
5.85094e+08,-0.640283,-0.0862106,10.1115,-0.487516,10.7359,-1.07148,10.6744,-3.62314,-6.05098,-2.2557,-6.04408,-1.53511,-1.5794,0.423,0.422831,0.0337873,30.6124,0.170506,-0.0976974,0.0495674,-0.0519737,1.10047,0.131294,-0.0341012,0,0,0,0.0195395,0,1922,1557,1636,1695
5.85115e+08,-0.996228,0.477358,9.77317,2.78193,9.6214,-1.0192,9.36729,-5.81346,-2.6922,-2.31859,-2.59526,-1.0771,-1.13697,0.427,0.425218,0.0392796,30.5947,0.171697,-0.098504,0.0595233,-0.040328,1.14221,0.0857842,-0.0343393,0,0,0,0.0197008,0,1880,1565,1656,1673
5.85136e+08,0.79699,0.657989,9.37066,4.0022,4.7359,-0.91781,4.68019,4.84952,15.4605,-2.08583,15.2565,-3.42824,-3.29715,0.427,0.426714,0.0332649,30.6124,0.172858,-0.0992104,0.0580872,-0.0353208,1.13823,0.066774,-0.0345717,0,0,0,0.0198421,0,1731,1656,1831,1568
5.85157e+08,-0.788179,-0.625695,9.59553,-3.71831,-1.96639,-0.761158,6.58258,-4.68584,13.5368,-2.07943,20.7553,-0.527478,-0.111543,0.427,0.426824,0.0211008,30.6035,0.173989,-0.0997324,0.0565433,-0.0260978,1.13379,0.0306242,-0.0347979,0,0,0,0.0199465,0,1703,1736,1850,1537
5.85178e+08,-1.71005,-0.0500844,11.0503,-0.256631,-5.79845,-0.801032,-5.74572,-8.79673,9.73528,-1.77073,9.82024,0.587026,0.475022,0.43,0.429093,0.0198701,30.5741,0.175241,-0.100094,0.0626023,-0.0181037,1.15999,-0.000797682,-0.0350483,0,0,0,0.0200189,0,1684,1574,1858,1699
5.85199e+08,1.10304,-0.787059,8.69143,-5.1334,-13.5236,-1.01718,-13.3716,7.20362,8.43757,-1.58658,8.19898,-0.298471,-0.248431,0.43,0.429805,0.0146735,30.5947,0.176818,-0.100488,0.0788516,-0.0196824,1.22747,0.00621414,-0.0353637,0,0,0,0.0200976,0,1643,1506,1911,1765
5.8522e+08,-1.13473,0.494217,10.4405,2.69432,2.70537,-1.26259,2.25831,-6.19598,-10.051,-1.57643,-9.95387,0.892369,0.846415,0.43,0.429799,0.00519746,30.58,0.178718,-0.100892,0.0949772,-0.0201773,1.29487,0.00889295,-0.0357436,0,0,0,0.0201783,0,1885,1498,1678,1801
5.85241e+08,0.651791,-0.994183,9.00488,-6.28391,-4.57707,-1.38496,8.35686,4.11504,-1.86777,-1.55063,-10.3973,0.174812,0.374648,0.432,0.431192,-0.00695147,30.6035,0.180736,-0.101191,0.100892,-0.0149798,1.32146,-0.0113898,-0.0361471,0,0,0,0.0202382,0,1940,1543,1642,1768
5.85262e+08,-0.0794268,0.944591,9.64729,5.59196,18.0183,-1.28079,17.8394,-0.469464,3.79635,-1.51728,3.7078,0.373285,0.427958,0.432,0.431601,-0.0152351,30.5947,0.184733,-0.10053,0.0979597,0.012827,1.31542,-0.123193,-0.0369466,0,0,0,0.020106,0,1915,1720,1679,1603
5.85282e+08,-0.786019,0.195574,9.43302,1.18364,11.6214,-0.996526,11.6639,-4.76223,8.51391,-1.46096,8.5761,2.19008,2.25698,0.432,0.431631,-0.0228005,30.5888,0.186499,-0.100295,0.0883026,0.0117551,1.27925,-0.119007,-0.0372998,0,0,0,0.020059,0,1837,1730,1753,1622
5.85303e+08,1.79324,-1.23021,7.50776,-9.05536,0.384759,-0.973476,0.417879,13.263,17.0025,-0.962914,16.9534,2.8771,2.85944,0.431,0.430808,-0.0402841,30.58,0.188452,-0.100177,0.0976329,0.00590217,1.31948,-0.0954975,-0.0376903,0,0,0,0.0200354,0,1706,1735,1912,1656
5.85324e+08,-1.40436,-0.206631,9.3973,-1.24581,-6.18013,-0.986381,-6.25374,-8.49751,-4.09678,-0.910565,-3.79807,4.54122,4.45265,0.431,0.430633,-0.0413902,30.5771,0.190795,-0.0997761,0.117185,0,1.4012,-0.0719642,-0.0381591,0,0,0,0.0199552,0,1800,1548,1806,1860
5.85345e+08,0.788025,-1.45178,8.00211,-10.2346,-24.5313,-1.24179,-2.7341,5.53443,-0.585328,-0.862021,-3.71351,3.10611,3.05229,0.431,0.430568,-0.0411461,30.5829,0.193228,-0.099377,0.121615,0,1.42239,-0.0721021,-0.0386455,0,0,0,0.0198754,0,1827,1564,1792,1831
5.85366e+08,-0.217718,0.212433,9.31384,1.30623,0.781705,-1.71715,0.536479,-1.33874,-9.25708,-0.76564,-9.15931,3.25878,3.25099,0.431,0.430439,-0.0501702,30.6094,0.195786,-0.0989795,0.127942,0,1.45135,-0.0722395,-0.0391573,0,0,0,0.0197959,0,1889,1552,1744,1861
5.85387e+08,0.522391,0.648356,9.81012,3.77587,12.0031,-1.71093,11.7503,3.04151,-2.15785,-0.852576,-2.29914,1.53359,1.64505,0.431,0.430383,-0.053875,30.5976,0.198406,-0.0985835,0.130997,0,1.46727,-0.0723763,-0.0396813,0,0,0,0.0197167,0,1931,1676,1721,1730
5.85408e+08,0.749616,-0.719623,9.6534,-4.25054,15.1176,-1.56489,15.0661,4.42805,4.10169,-0.881099,4.05173,3.70153,3.72694,0.431,0.430416,-0.0505273,30.5829,0.201021,-0.0984225,0.130749,0.00805333,1.46994,-0.104698,-0.0402043,0,0,0,0.0196845,0,1900,1753,1728,1666
5.85429e+08,-0.477769,-0.591977,10.2648,-3.29705,5.23972,-1.17063,10.1348,-2.66045,-1.45556,-0.972593,1.72009,4.15954,6.05712,0.43,0.429618,-0.0429205,30.5712,0.203712,-0.0981492,0.13454,0.0136623,1.48891,-0.127359,-0.0407424,0,0,0,0.0196298,0,1873,1710,1724,1719
5.8545e+08,-1.23493,0.197982,11.2829,0.999302,-6.34807,-0.963915,-6.30252,-6.24529,-2.96701,-1.25285,-2.97754,7.12138,7.11492,0.43,0.429628,-0.0210377,30.5741,0.206477,-0.0979208,0.138219,0.0114224,1.50752,-0.118483,-0.0412953,0,0,0,0.0195842,0,1772,1545,1777,1856
5.85471e+08,-2.4123,0.790452,11.9663,3.70495,-8.60761,-1.13611,-8.86016,-11.3734,-5.11968,-1.37147,-4.85437,8.11374,8.02149,0.43,0.429683,-0.0113877,30.6035,0.209324,-0.0975291,0.142349,0,1.52806,-0.0728072,-0.0418647,0,0,0,0.0195058,0,1754,1505,1771,1888
5.85492e+08,-0.470926,0.561653,10.7843,2.97848,-7.98165,-1.42591,-8.17,-2.49702,6.84979,-1.25537,6.83501,6.7855,6.78227,0.431,0.43059,-0.00665869,30.5712,0.21204,-0.097139,0.13581,0,1.50565,-0.072942,-0.0424079,0,0,0,0.0194278,0,1670,1579,1854,1791
5.85513e+08,-0.864836,0.260601,11.0762,1.34372,-3.4473,-1.41959,0.904801,-4.46342,4.65131,-1.25516,4.09917,8.20535,9.64047,0.431,0.430729,-0.0020988,30.5682,0.214815,-0.0969494,0.138785,0.00947927,1.52147,-0.111022,-0.0429631,0,0,0,0.0193899,0,1737,1634,1752,1754
5.85534e+08,-0.902914,-0.199406,9.9382,-1.14475,-0.806081,-1.28734,10.601,-5.19019,-4.92121,-1.29755,0.129166,7.9,9.46501,0.431,0.43079,0.00259581,30.5976,0.217818,-0.0964337,0.150118,0.0257834,1.57111,-0.176886,-0.0435636,0,0,0,0.0192867,0,1835,1671,1648,1708
5.85555e+08,-0.931854,0.828987,11.2504,4.19988,6.98018,-1.06105,6.94713,-4.72215,-6.7838,-1.49263,-6.72106,8.22061,8.24105,0.431,0.430802,0.00623178,30.6035,0.22102,-0.095759,0.16009,0.0337352,1.61555,-0.209453,-0.0442039,0,0,0,0.0191518,0,1867,1588,1621,1774
5.85576e+08,-0.377797,0.549611,9.68965,3.24396,12.5374,-0.78367,12.4596,-2.22924,0.681847,-1.60772,0.625591,8.28168,8.27887,0.431,0.43083,0.00603432,30.5888,0.2241,-0.0949998,0.154007,0.0379591,1.59544,-0.227177,-0.0448199,0,0,0,0.019,0,1858,1683,1629,1680
5.85597e+08,0.486848,-0.336686,9.1153,-2.11233,-7.4931,-0.739238,8.75853,3.05518,15.8574,-1.51367,3.68023,7.06031,7.97684,0.432,0.431181,-0.00110461,30.5947,0.227191,-0.0944221,0.154554,0.028884,1.60195,-0.191334,-0.0454382,0,0,0,0.0188844,0,1816,1684,1685,1688
5.85618e+08,-1.50983,1.2625,10.8338,6.58385,-6.59234,-0.722548,-6.65522,-7.88118,10.9567,-1.32881,10.9653,6.99924,7.07946,0.432,0.431802,0.00361351,30.6241,0.230179,-0.0939957,0.149424,0.0213229,1.58556,-0.161374,-0.0460359,0,0,0,0.0187991,0,1650,1619,1847,1734
5.85638e+08,-1.22777,0.183532,10.186,1.02483,-9.79845,-0.941636,-9.98855,-6.87186,0.620778,-1.23934,0.804364,7.27405,7.27052,0.432,0.431855,0.00252088,30.5565,0.233243,-0.0935965,0.153182,0.0199585,1.60493,-0.156234,-0.0466486,0,0,0,0.0187193,0,1695,1523,1803,1834
5.85659e+08,-1.58639,1.79476,11.7108,8.63552,0.247354,-1.15276,-0.191298,-7.62658,-4.89067,-1.2658,-4.74404,7.44199,7.3881,0.433,0.43241,0.00290882,30.5859,0.236451,-0.0931,0.160398,0.0248233,1.63834,-0.1762,-0.0472902,0,0,0,0.01862,0,1801,1550,1694,1806
5.8568e+08,-2.01092,-0.0284086,11.1099,-0.144165,1.89621,-1.17527,1.88857,-10.2595,-3.8067,-1.26424,-3.62559,6.40382,6.33286,0.433,0.432779,0.00308588,30.63,0.239683,-0.0926822,0.161582,0.0208926,1.64761,-0.160792,-0.0479365,0,0,0,0.0185364,0,1811,1566,1691,1779
5.85701e+08,-1.55509,0.867521,10.6148,4.62315,17.3619,-0.973504,11.8899,-8.30739,-2.35632,-1.25125,1.78789,3.97634,4.7138,0.433,0.432812,-0.00240844,30.6065,0.24303,-0.091943,0.167359,0.0369576,1.67544,-0.225987,-0.0486059,0,0,0,0.0183886,0,1859,1677,1667,1664
5.85722e+08,-0.890883,-0.529359,9.75484,-3.09333,-2.2412,-0.595853,-1.79627,-5.21056,1.70475,-1.47821,1.69207,4.48016,4.50903,0.433,0.432872,0.00700612,30.5506,0.249726,-0.0899307,0.167349,0.0517042,1.68475,-0.287336,-0.0499451,0,0,0,0.0179861,0,1764,1573,1747,1750
5.85743e+08,0.176369,-0.124745,9.45067,-0.756106,-0.714478,-0.470953,-0.661259,1.06904,3.88795,-1.50081,3.82114,4.80077,4.74623,0.433,0.432903,0.00867554,30.5565,0.25316,-0.0891637,0.171745,0.0383477,1.70717,-0.23457,-0.0506321,0,0,0,0.0178327,0,1755,1595,1750,1726
5.85764e+08,0.164669,-0.984549,8.13873,-6.89621,-15.0198,-0.665557,-14.8113,1.15071,4.2849,-1.55391,4.22104,5.12138,5.04017,0.433,0.432879,0.00481799,30.5741,0.256551,-0.0886014,0.169535,0.0281158,1.70305,-0.19408,-0.0513102,0,0,0,0.0177203,0,1652,1499,1858,1833
5.85785e+08,-0.702308,-0.295743,9.81916,-1.72077,-15.7679,-1.01947,-16.9405,-4.08922,2.04063,-1.45723,3.91437,3.39619,3.04085,0.434,0.433582,0.00706028,30.5712,0.25988,-0.0879213,0.166461,0.0340054,1.6954,-0.218397,-0.0519761,0,0,0,0.0175843,0,1638,1466,1882,1840
5.85806e+08,-0.341791,-0.129562,8.90979,-0.832498,0.308423,-1.3332,0.103029,-2.19663,-1.11968,-1.49567,-1.05465,4.35802,4.25873,0.434,0.433786,0.00707219,30.5594,0.26328,-0.0871854,0.169967,0.0367957,1.71423,-0.230356,-0.0526559,0,0,0,0.0174371,0,1786,1553,1723,1764
5.85827e+08,-1.05592,0.479767,10.4143,2.62421,8.23209,-1.22422,8.14874,-5.78346,-3.54716,-1.60123,-3.42255,3.07558,3.12894,0.434,0.433777,0.00839355,30.5947,0.266563,-0.0860278,0.164189,0.0578805,1.69568,-0.316222,-0.0533127,0,0,0,0.0172056,0,1868,1589,1649,1716
5.85848e+08,-2.22152,1.67193,12.3166,7.60914,20.0947,-0.944656,19.8169,-10.1334,-5.18075,-1.70368,-4.9976,4.93817,4.89115,0.434,0.433795,0.0118713,30.5829,0.269746,-0.0849213,0.159107,0.0553228,1.67981,-0.307203,-0.0539491,0,0,0,0.0169843,0,1956,1668,1539,1647
5.85869e+08,0.720768,-0.0211834,9.32928,-0.129711,1.33132,-0.716912,13.0503,4.41781,11.4452,-1.86044,-3.30244,2.80077,7.18804,0.434,0.43381,0.0107058,30.5565,0.272958,-0.084032,0.160627,0.044464,1.69045,-0.264618,-0.0545916,0,0,0,0.0168064,0,1891,1643,1586,1694
5.8589e+08,-1.59272,-1.22298,9.65937,-7.12073,-10.1191,-0.665327,-9.85204,-9.29028,2.1475,-1.7268,2.37879,4.55649,4.48161,0.434,0.433814,0.00295141,30.5771,0.276242,-0.0831447,0.164207,0.0443686,1.70946,-0.265202,-0.0552485,0,0,0,0.0166289,0,1706,1518,1809,1810
5.85911e+08,0.472621,-0.697948,9.39251,-4.24443,-10.1801,-0.849357,-10.1347,2.87272,14.2544,-1.57507,14.0073,2.12901,2.17242,0.436,0.435623,0.00630899,30.5476,0.279282,-0.0823105,0.151969,0.0417057,1.66472,-0.255422,-0.0558563,0,0,0,0.0164621,0,1620,1582,1903,1713
5.85932e+08,-1.78436,0.992759,11.3844,4.92397,3.46873,-1.10285,3.0466,-8.87476,1.49101,-1.41144,1.69284,1.7168,1.69435,0.436,0.435816,0.0102225,30.5594,0.282222,-0.0814822,0.146995,0.041419,1.64899,-0.255167,-0.0564443,0,0,0,0.0162964,0,1794,1581,1725,1701
5.85953e+08,-1.48284,-1.34822,9.68756,-7.83289,-2.56181,-1.19902,1.63168,-8.62069,-2.21892,-1.17444,7.18845,0.938171,-1.09507,0.436,0.435813,-0.00235835,30.5888,0.285091,-0.0806171,0.143474,0.0432517,1.63901,-0.26346,-0.0570182,0,0,0,0.0161234,0,1764,1611,1802,1669
5.85974e+08,-0.840895,0.0366185,9.56814,0.218435,7.33132,-1.18198,7.31241,-5.02249,-5.21128,-1.2197,-5.01381,-1.2145,-1.17157,0.439,0.43863,0.00401719,30.5888,0.287991,-0.0797288,0.14502,0.0444163,1.6494,-0.269105,-0.0575983,0,0,0,0.0159458,0,1882,1553,1663,1704
5.85995e+08,-2.36004,1.76104,11.7138,8.38379,19.255,-1.01284,18.8999,-11.2679,-8.67693,-1.33991,-8.48695,-0.848089,-0.848991,0.439,0.43878,-4.66885e-05,30.5506,0.290814,-0.0787092,0.141117,0.0509797,1.63783,-0.296569,-0.0581628,0,0,0,0.0157418,0,1995,1617,1555,1651
5.86016e+08,1.01673,0.434007,9.16356,2.69512,11.3313,-0.88876,11.1878,6.32427,0.788718,-1.15159,0.668713,-2.31374,-2.30304,0.44,0.439132,-0.0141017,30.5476,0.29364,-0.0774914,0.141331,0.0608886,1.64279,-0.337704,-0.0587281,0,0,0,0.0154983,0,1893,1636,1692,1641
5.86037e+08,-0.620833,-1.33618,8.79175,-8.62058,-17.0656,-0.807947,2.74737,-3.99355,4.92612,-1.36638,6.30614,-3.06183,-1.6943,0.44,0.439657,-0.0172067,30.5888,0.296353,-0.0763641,0.135614,0.0563651,1.62382,-0.320843,-0.0592705,0,0,0,0.0152728,0,1795,1619,1788,1667
5.86058e+08,-0.974624,0.0703363,11.0593,0.362984,-14.4397,-1.10786,-14.4843,-5.03618,6.98719,-1.35115,6.99263,-0.252669,-0.419653,0.44,0.439693,-0.0120108,30.5271,0.298836,-0.0755167,0.124185,0.0423713,1.58167,-0.265648,-0.0597673,0,0,0,0.0151033,0,1652,1499,1911,1789
5.86078e+08,-2.38841,0.751917,11.2278,3.74771,-13.2641,-1.54164,-13.4408,-11.983,-0.905939,-0.852191,-0.574226,-0.771753,-0.836367,0.44,0.439642,-0.0242775,30.5153,0.301285,-0.0748009,0.122437,0.0357894,1.57829,-0.240014,-0.060257,0,0,0,0.0149602,0,1713,1462,1875,1844
5.86099e+08,-0.769448,0.713383,10.8655,3.74705,12.1099,-1.63832,11.6931,-4.04201,-1.47082,-0.76167,-1.37048,-2.13053,-2.11456,0.44,0.439567,-0.0303456,30.5447,0.303544,-0.0738861,0.11293,0.0457436,1.54357,-0.280956,-0.0607087,0,0,0,0.0147772,0,1906,1635,1703,1669
5.8612e+08,-2.47198,0.706158,11.3798,3.47014,24.8886,-1.41004,24.595,-12.2329,-14.9517,-0.908716,-14.6662,-0.619081,-0.731975,0.44,0.439543,-0.0351189,30.5859,0.30589,-0.0727274,0.117296,0.05793,1.5646,-0.331159,-0.0611779,0,0,0,0.0145455,0,2096,1644,1509,1681
5.86141e+08,-0.583151,0.549611,10.8437,2.89736,14.9344,-1.08925,16.771,-3.07434,-9.25708,-1.08536,-15.0369,0.312216,-0.03341,0.441,0.440144,-0.0433013,30.5418,0.308086,-0.0714259,0.109827,0.0650768,1.53797,-0.361332,-0.0616172,0,0,0,0.0142852,0,2052,1597,1559,1746
5.86162e+08,0.429728,-1.01345,8.26429,-6.98194,-6.02745,-0.721981,-5.65423,2.9545,-4.6464,-1.49903,-4.76586,-0.527478,-0.500469,0.441,0.440536,-0.0397922,30.5212,0.312333,-0.0688557,0.104889,0.0614689,1.52466,-0.349847,-0.0624667,0,0,0,0.0137711,0,1828,1504,1779,1827
5.86183e+08,-0.162888,0.537569,9.55412,3.21992,-17.1878,-0.768175,-17.0928,-0.975198,8.75818,-1.54348,8.61572,-2.69542,-2.53826,0.441,0.440544,-0.0383845,30.5447,0.314112,-0.067844,0.0889133,0.0505843,1.46341,-0.307343,-0.0628223,0,0,0,0.0135688,0,1658,1507,1965,1804
5.86204e+08,-1.30389,-0.847269,9.86153,-4.86844,-25.5236,-1.15726,-25.3727,-7.50462,10.7124,-1.41812,10.8317,-1.09236,-1.16422,0.437,0.437505,-0.0498721,30.5447,0.315554,-0.0672146,0.0721265,0.0314711,1.39848,-0.231356,-0.0631108,0,0,0,0.0134429,0,1584,1481,2057,1871
5.86225e+08,0.570579,-0.902663,9.2259,-5.57745,-8.2412,-1.56257,-10.9313,3.52219,18.2391,-1.13972,19.6096,-0.252669,-0.550142,0.437,0.436518,-0.0520657,30.5565,0.316814,-0.0664829,0.0629878,0.0365863,1.36399,-0.252672,-0.0633628,0,0,0,0.0132966,0,1616,1652,2027,1714
5.86246e+08,-0.31531,-0.900254,8.48117,-6.05496,5.33132,-1.79176,5.30049,-2.11726,3.01773,-0.897894,3.07455,-0.130532,-0.205018,0.437,0.436399,-0.0505877,30.5388,0.318103,-0.065372,0.06447,0.0555435,1.37215,-0.329984,-0.0636207,0,0,0,0.0130744,0,1842,1652,1797,1715
5.86267e+08,0.914327,-0.536584,8.47831,-3.60054,21.2703,-1.5385,21.1171,6.14296,-4.17311,-0.933636,-4.29478,0.00687277,-0.0151229,0.439,0.438147,-0.0419051,30.5329,0.319495,-0.0640279,0.0696015,0.0672071,1.39507,-0.37834,-0.0638991,0,0,0,0.0128056,0,2000,1705,1616,1642
5.86288e+08,-1.49302,0.922915,11.65,4.49295,20.6138,-1.15749,20.3905,-7.28048,-14.9212,-1.10731,-14.785,0.556491,0.485772,0.439,0.438486,-0.0395853,30.5447,0.320877,-0.0625381,0.0691039,0.0744877,1.3954,-0.409303,-0.0641755,0,0,0,0.0125076,0,2072,1628,1534,1719
5.86309e+08,-1.36884,0.872338,11.0135,4.4943,5.713,-0.946585,3.84932,-7.06294,-7.6235,-1.31912,-4.76292,-0.817555,-0.231076,0.439,0.438492,-0.0509783,30.5624,0.322204,-0.0611904,0.0663205,0.0673887,1.3865,-0.382418,-0.0644408,0,0,0,0.0122381,0,1902,1589,1731,1772
5.8633e+08,-0.36068,-0.895438,9.23147,-5.53607,-13.9664,-0.958579,-13.8614,-2.22701,5.82689,-1.42099,5.83985,-1.2145,-1.2095,0.439,0.438463,-0.0523717,30.5388,0.323332,-0.0600577,0.0564077,0.0566314,1.34876,-0.340591,-0.0646664,0,0,0,0.0120115,0,1706,1533,1938,1821
5.86351e+08,-0.566546,0.942182,10.5523,5.09494,-15.7679,-1.2019,-15.9989,-3.06107,11.9948,-1.21233,12.0159,-2.16107,-2.06398,0.439,0.438465,-0.0458827,30.5565,0.3241,-0.0591255,0.03842,0.0466096,1.27818,-0.301464,-0.0648201,0,0,0,0.0118251,0,1637,1552,2002,1783
5.86372e+08,-1.93941,0.424373,11.7564,2.03978,-14.7145,-1.5936,-14.9409,-9.36153,7.64368,-0.938375,7.90823,-0.496944,-0.588176,0.439,0.438457,-0.0427491,30.5535,0.324596,-0.0582745,0.0247748,0.0425492,1.22467,-0.286144,-0.0649192,0,0,0,0.0116549,0,1656,1534,1966,1810
5.86393e+08,-0.35397,0.735058,11.0314,3.81023,8.87331,-1.67392,-6.23209,-1.83379,4.34597,-0.594201,7.89104,-2.34427,-1.8327,0.439,0.438425,-0.0565562,30.5182,0.325053,-0.0573861,0.0228582,0.044423,1.21816,-0.294674,-0.0650106,0,0,0,0.0114772,0,1729,1605,1926,1750
5.86414e+08,-2.54824,0.193165,11.2366,0.960477,18.0794,-1.42535,17.9515,-12.7757,-12.6006,-0.648332,-12.3155,-0.145799,-0.261937,0.439,0.438446,-0.0520105,30.5476,0.325729,-0.0560573,0.0337847,0.0664411,1.26343,-0.384554,-0.0651458,0,0,0,0.0112115,0,2040,1640,1595,1722
5.86435e+08,-0.281791,-1.22298,8.45213,-8.22877,12.2321,-0.954843,12.4679,-1.88984,-14.2189,-0.796684,-14.1199,-1.15343,-1.1813,0.439,0.438527,-0.0509313,30.5271,0.326433,-0.0547163,0.0352191,0.0670461,1.27067,-0.388571,-0.0652866,0,0,0,0.0109433,0,2025,1586,1615,1764
5.86456e+08,-1.84411,1.18302,11.2613,5.91878,12.4153,-0.640979,12.0809,-9.24998,-14.0968,-1.15227,-14.0096,0.0984758,0.0672467,0.439,0.438549,-0.0461117,30.53,0.327011,-0.0534627,0.0288958,0.0626803,1.24663,-0.372543,-0.0654022,0,0,0,0.0106925,0,2020,1585,1601,1768
5.86477e+08,-0.852989,0.590554,10.3905,3.24207,-12.4091,-0.740974,-14.0739,-4.68553,-3.6235,-1.27951,-4.0159,-1.67252,1.52479,0.439,0.438539,-0.0450809,30.5094,0.327353,-0.0524148,0.0171035,0.0523979,1.20037,-0.332528,-0.0654706,0,0,0,0.010483,0,1754,1473,1851,1891
5.86498e+08,0.451128,-0.690722,8.60192,-4.58465,-23.9969,-1.06846,-23.7757,2.99252,8.62078,-1.35269,8.45428,1.06031,1.06748,0.438,0.43793,-0.0445788,30.5212,0.326044,-0.0516488,0,0.0383005,1.13132,-0.276859,-0.0652088,0,0,0,0.0103298,0,1595,1487,2017,1876
5.86518e+08,0.331849,-1.09534,8.11704,-7.67889,-13.6763,-1.37122,-13.497,2.32011,10.4681,-1.22788,10.4446,1.60993,1.60495,0.438,0.437481,-0.0548705,30.5065,0.32474,-0.0509284,0,0.0360173,1.13087,-0.268516,-0.0649479,0,0,0,0.0101857,0,1656,1584,1971,1803
5.86539e+08,-0.401183,-1.22057,9.65122,-7.20168,-1.63051,-1.40477,-1.44079,-2.36152,7.47574,-1.06644,7.50382,2.31222,2.4236,0.438,0.437439,-0.0503494,30.5359,0.324477,-0.0497693,-0.0131182,0.057955,1.07852,-0.357872,-0.0648954,0,0,0,0.00995386,0,1752,1652,1859,1735
5.8656e+08,-0.0434083,0.222066,10.6979,1.18916,4.6443,-1.18176,4.82226,-0.232435,-2.24945,-1.12633,-2.31668,3.82367,3.8616,0.437,0.436895,-0.0428988,30.5212,0.324122,-0.0483268,-0.0177682,0.0721247,1.06002,-0.416431,-0.0648244,0,0,0,0.00966537,0,1859,1630,1728,1757
5.86581e+08,-0.872188,0.937365,10.9633,4.87161,14.1405,-0.958476,-6.53744,-4.53214,-18.5395,-1.41705,-13.6333,7.41145,5.8886,0.437,0.436566,-0.0426211,30.5094,0.323866,-0.04688,-0.0127893,0.0723419,1.08026,-0.419041,-0.0647732,0,0,0,0.009376,0,1857,1478,1713,1930
5.86602e+08,-0.712028,0.311178,9.9436,1.78787,1.39239,-0.787377,1.33994,-4.09377,-11.8678,-1.87912,-11.904,7.9458,7.82207,0.437,0.436493,-0.0381645,30.5006,0.323391,-0.0441965,-0.0170576,0.0642011,1.06373,-0.389608,-0.0646783,0,0,0,0.0088393,0,1896,1547,1649,1870
5.86623e+08,-0.697624,0.0318017,9.00295,0.201784,-3.98165,-0.88708,-4.0773,-4.43087,0.483374,-2.05178,0.478435,7.09084,7.0775,0.435,0.434912,-0.0445968,30.5094,0.322797,-0.0430368,-0.0297342,0.0579865,1.01273,-0.366066,-0.0645593,0,0,0,0.00860736,0,1780,1598,1787,1829
5.86644e+08,-0.467986,-1.42529,9.64383,-8.39731,-14.8672,-1.09784,-14.6523,-2.7484,14.1628,-1.80992,14.1217,8.05267,7.96013,0.435,0.434429,-0.0470541,30.5035,0.321986,-0.0420225,-0.0405592,0.0507146,0.968879,-0.338102,-0.0643971,0,0,0,0.0084045,0,1600,1628,1965,1813
5.86665e+08,-2.69168,0.797677,11.9927,3.71324,-4.40913,-1.19886,-10.5679,-12.6231,3.41467,-1.45872,19.1431,8.46489,8.00224,0.435,0.434425,-0.0497498,30.5182,0.320935,-0.041106,-0.0525473,0.045823,0.920062,-0.319563,-0.0641869,0,0,0,0.00822121,0,1588,1699,1980,1747
5.86686e+08,-0.346234,-1.32654,7.92257,-9.49645,-1.24883,-1.1479,-1.02618,-2.46805,-2.79907,-1.24252,-2.70016,7.06031,7.04218,0.434,0.433643,-0.0510921,30.5329,0.319911,-0.0400365,-0.0511997,0.0534762,0.924763,-0.351533,-0.0639821,0,0,0,0.0080073,0,1817,1614,1765,1830
5.86707e+08,1.15776,-0.0741685,9.02966,-0.466789,7.10232,-1.00127,7.09724,7.30619,-8.53953,-1.25025,-8.57069,6.12901,6.11896,0.434,0.433479,-0.0533091,30.4947,0.318957,-0.0387822,-0.0476783,0.0627157,0.938269,-0.3901,-0.0637914,0,0,0,0.00775644,0,1925,1630,1669,1810
5.86728e+08,-1.2374,0.4894,10.0274,2.77317,10.2474,-0.860365,9.99715,-7.02655,-17.5014,-1.59268,-17.4127,7.31985,7.23171,0.434,0.433463,-0.0469664,30.5065,0.317836,-0.0376109,-0.0560431,0.0585671,0.90389,-0.374868,-0.0635672,0,0,0,0.00752217,0,2004,1585,1570,1854
5.86749e+08,0.680165,0.0149428,8.97561,0.0951146,-3.73738,-1.03731,-7.12423,4.33354,-8.7838,-1.66036,-13.8083,5.60993,8.28411,0.433,0.432555,-0.051644,30.48,0.316575,-0.0367158,-0.0630813,0.0447539,0.874652,-0.320529,-0.0633149,0,0,0,0.00734316,0,1855,1496,1720,1964
5.8677e+08,-1.17555,1.3203,11.0045,6.8032,-5.3557,-1.11768,-5.49153,-6.05436,-2.20365,-1.8066,-2.1728,5.36565,5.4556,0.433,0.43237,-0.0480528,30.5212,0.31503,-0.0358763,-0.077228,0.0419761,0.816544,-0.31038,-0.063006,0,0,0,0.00717525,0,1794,1573,1802,1857
5.86791e+08,0.47728,-0.278884,8.19894,-1.94485,0.00307941,-1.11894,0.0131134,3.32964,7.2162,-1.74788,7.12594,5.70153,5.77506,0.433,0.432352,-0.0540364,30.4829,0.313311,-0.0349853,-0.0859362,0.0445463,0.780026,-0.321748,-0.0626623,0,0,0,0.00699707,0,1769,1686,1833,1757
5.86812e+08,-1.73633,0.0269849,10.6017,0.143919,8.00308,-1.1041,7.7193,-9.30123,3.13986,-1.68954,3.31645,8.38855,8.29408,0.432,0.431461,-0.0516897,30.4947,0.311456,-0.0339631,-0.0927643,0.0511125,0.750873,-0.349309,-0.0622912,0,0,0,0.00679262,0,1838,1726,1740,1738
5.86833e+08,0.544353,-1.04476,8.73423,-6.80803,-5.79845,-1.08179,8.17466,3.54111,6.11696,-1.47723,2.87315,9.19771,9.15541,0.432,0.431418,-0.0509901,30.5065,0.309655,-0.0329439,-0.0900525,0.0509597,0.760047,-0.34992,-0.061931,0,0,0,0.00658878,0,1838,1733,1732,1739
5.86854e+08,-0.263232,0.73265,10.0935,4.15022,5.13285,-1.22915,-2.63807,-1.48998,-6.06624,-1.37844,-5.33034,7.8542,9.44185,0.431,0.4314,-0.0553514,30.4859,0.307882,-0.0319395,-0.0886548,0.0502197,0.763982,-0.34816,-0.0615764,0,0,0,0.0063879,0,1818,1602,1755,1879
5.86875e+08,-0.707307,0.506259,9.79433,2.95126,-0.760279,-1.09531,-0.666188,-4.12501,-15.9136,-1.55385,-15.7596,6.29695,6.38169,0.431,0.430421,-0.0607442,30.4712,0.306157,-0.0310093,-0.0862443,0.0465105,0.772037,-0.334399,-0.0612314,0,0,0,0.00620186,0,1931,1534,1683,1934
5.86896e+08,0.019082,-1.23984,8.35687,-8.43893,-5.98165,-0.936423,-5.651,0.129412,-10.9059,-1.92783,-10.9716,6.7397,6.74482,0.431,0.43034,-0.0544365,30.4918,0.304368,-0.030164,-0.0894336,0.0422654,0.757549,-0.318383,-0.0608737,0,0,0,0.0060328,0,1860,1526,1738,1934
5.86917e+08,-0.0289561,-0.228307,9.50291,-1.37626,-12.1343,-0.874262,2.96198,-0.174533,-0.0967789,-2.19488,-7.57273,8.60229,7.81935,0.428,0.429227,-0.0482293,30.4682,0.302396,-0.0294604,-0.0986184,0.0351775,0.718779,-0.290789,-0.0604792,0,0,0,0.00589209,0,1893,1611,1690,1853
5.86938e+08,-0.286428,-1.71912,8.28989,-11.7089,-11.8901,-1.06012,-11.6582,-1.93768,0.926122,-2.25293,0.931295,8.29695,8.28815,0.428,0.427382,-0.053446,30.4476,0.300256,-0.0289101,-0.106995,0.0275171,0.683036,-0.260706,-0.0600512,0,0,0,0.00578202,0,1731,1574,1863,1910
5.86958e+08,-0.527941,-0.493232,9.66912,-2.91585,-10.3633,-1.24129,-10.1012,-3.12124,3.61315,-2.12894,3.65934,8.43435,8.50441,0.428,0.427227,-0.0569039,30.4535,0.297878,-0.0285325,-0.118879,0.0188809,0.632922,-0.226492,-0.0595757,0,0,0,0.00570649,0,1720,1608,1878,1884
5.86979e+08,-0.129128,-0.652188,9.21741,-4.04688,-1.58471,-1.18248,-1.35937,-0.800608,4.71238,-1.98289,4.71686,6.86184,6.9611,0.428,0.427241,-0.0594437,30.4653,0.295461,-0.0282154,-0.12089,0.0158522,0.62235,-0.214693,-0.0590921,0,0,0,0.00564309,0,1782,1676,1834,1807
5.87e+08,0.1095,-0.088619,8.60556,-0.589956,7.7588,-1.13735,7.77946,0.728971,-0.0967789,-1.87989,-0.0809346,6.9687,7.01791,0.428,0.42726,-0.058315,30.4829,0.293104,-0.027896,-0.117824,0.0159724,0.632213,-0.215526,-0.0586208,0,0,0,0.0055792,0,1879,1708,1734,1773
5.87021e+08,0.938277,-0.794284,7.79647,-5.77568,-2.287,-0.989762,7.86297,6.82733,-6.32579,-1.92994,-9.67954,7.91527,7.76034,0.428,0.427315,-0.0475321,30.4771,0.290861,-0.0274861,-0.112151,0.0204958,0.652673,-0.234135,-0.0581722,0,0,0,0.00549721,0,1938,1636,1649,1834
5.87042e+08,0.770831,0.272643,8.46074,1.83808,-5.2641,-1.04345,-5.32619,5.20298,-8.23418,-2.00481,-8.32475,5.28932,5.44328,0.426,0.425816,-0.0578473,30.4859,0.286251,-0.0270842,-0.116814,0,0.629213,-0.152289,-0.0572502,0,0,0,0.00541684,0,1855,1550,1775,1922
5.87063e+08,1.10061,-0.661821,8.36874,-4.48324,-15.7832,-1.20587,-15.516,7.46919,0.45284,-2.04047,0.184413,6.32748,6.46358,0.426,0.425264,-0.0686545,30.4829,0.283832,-0.0272138,-0.120936,-0.00648171,0.610153,-0.12608,-0.0567664,0,0,0,0.00544277,0,1725,1550,1916,1951
5.87084e+08,-0.363199,-0.425797,9.79966,-2.48624,-3.06562,-1.34438,-3.05188,-2.12055,2.65131,-2.06187,2.64686,6.81603,6.75789,0.426,0.425172,-0.0632954,30.4712,0.281248,-0.0273967,-0.129217,-0.00914392,0.5742,-0.115122,-0.0562496,0,0,0,0.00547934,0,1789,1652,1841,1844
5.87105e+08,-1.316,-0.233124,9.71295,-1.36247,13.6214,-1.67329,0.639561,-7.71378,7.3994,-1.80609,15.7665,7.96107,5.93971,0.425,0.424385,-0.0683723,30.4682,0.278644,-0.0275041,-0.130218,-0.00537154,0.567413,-0.130066,-0.0557287,0,0,0,0.00550083,0,1724,1773,1925,1728
5.87126e+08,0.835394,-0.0549012,9.61641,-0.325877,13.8809,-1.55553,13.6765,4.96484,12.178,-1.40115,12.0866,7.06031,7.0694,0.425,0.424238,-0.0632466,30.4653,0.276123,-0.0273941,-0.126018,0,0.581586,-0.151648,-0.0552246,0,0,0,0.00547882,0,1829,1847,1799,1654
5.87147e+08,0.525151,-0.690722,9.3355,-4.22488,6.99545,-1.4562,6.9707,3.21092,-0.722733,-1.19783,-0.710113,6.93817,6.95261,0.425,0.424318,-0.0635611,30.4535,0.273775,-0.0275933,-0.117402,-0.00995857,0.613688,-0.111405,-0.054755,0,0,0,0.00551866,0,1873,1712,1759,1791
5.87167e+08,0.26494,-0.919522,9.76984,-5.37478,0.0946825,-1.30268,0.262427,1.54655,-13.3182,-1.30534,-13.3304,5.19771,5.13436,0.424,0.423492,-0.0651072,30.4594,0.271565,-0.028008,-0.110494,-0.0207373,0.639105,-0.0676005,-0.0543131,0,0,0,0.00560161,0,1928,1568,1724,1922
5.87188e+08,0.993271,-1.05921,7.9432,-7.53744,-6.98929,-1.3274,-6.72713,7.06574,-10.3411,-1.54605,-10.538,2.31222,2.39908,0.424,0.4233,-0.0692862,30.4829,0.269375,-0.028385,-0.10951,-0.0188508,0.640782,-0.0746395,-0.053875,0,0,0,0.00567701,0,1877,1527,1807,1947
5.87209e+08,-1.19928,0.79286,10.9895,4.10232,3.07178,-1.38026,-13.4998,-6.21203,-7.6235,-1.86711,-2.20084,4.55649,4.7093,0.424,0.423273,-0.0569163,30.4535,0.267147,-0.0288734,-0.111421,-0.024418,0.630798,-0.0516427,-0.0534293,0,0,0,0.00577468,0,1753,1533,1891,1942
5.8723e+08,-2.07091,1.04093,11.4868,5.09624,-1.84425,-1.34942,-1.99761,-10.179,-1.50136,-1.96152,-1.35973,5.68626,5.61244,0.42,0.419641,-0.0572099,30.4476,0.264749,-0.0293893,-0.119877,-0.0257971,0.594351,-0.0454073,-0.0529498,0,0,0,0.00587787,0,1831,1631,1816,1865
5.8725e+08,-1.50726,0.605004,10.5383,3.25271,8.65957,-1.25523,8.61051,-8.12642,4.2391,-1.87917,4.23314,4.60229,4.62334,0.42,0.4193,-0.0552103,30.4918,0.262304,-0.0299225,-0.122258,-0.0266567,0.582199,-0.0412328,-0.0524608,0,0,0,0.0059845,0,1870,1743,1783,1742
5.8727e+08,-0.785893,-0.257208,10.5031,-1.39892,6.47636,-1.30871,6.22688,-4.27791,2.20856,-1.65042,2.30687,6.95344,6.87829,0.42,0.419354,-0.0459406,30.4712,0.259899,-0.0304719,-0.120227,-0.0274696,0.587791,-0.0372239,-0.0519799,0,0,0,0.00609438,0,1845,1717,1772,1772
5.8729e+08,0.0303034,1.34198,10.6925,7.15357,4.35422,-1.19544,4.15896,0.161117,0.17803,-1.56361,0.100208,5.31985,5.3892,0.419,0.418521,-0.0433632,30.4359,0.25757,-0.0311751,-0.116472,-0.0351607,0.600384,-0.00543386,-0.051514,0,0,0,0.00623502,0,1852,1681,1777,1793
5.8731e+08,0.806714,0.0390269,9.54061,0.23354,7.01071,-1.23271,6.88716,4.83315,-7.79144,-1.71406,-7.89731,7.02977,7.0038,0.419,0.418422,-0.042238,30.4565,0.255331,-0.0319216,-0.111947,-0.0373257,0.616181,0.00424892,-0.0510662,0,0,0,0.00638432,0,1922,1648,1691,1841
5.87331e+08,-0.580583,-0.0982526,9.8716,-0.569266,3.95728,-1.12922,3.90977,-3.36572,-16.8143,-2.04324,-16.8069,6.72443,6.73582,0.419,0.418409,-0.0345999,30.4359,0.253064,-0.032906,-0.11335,-0.0492219,0.608157,0.0532623,-0.0506128,0,0,0,0.00658121,0,1963,1552,1638,1921
5.87352e+08,-0.117252,-0.423389,9.44332,-2.56692,-5.72211,-1.19115,-5.6589,-0.710656,-15.654,-2.38029,-15.6503,8.02214,7.98473,0.417,0.416546,-0.0341594,30.4418,0.250841,-0.0339096,-0.111171,-0.0501775,0.614556,0.0584222,-0.0501681,0,0,0,0.00678192,0,1888,1495,1708,1994
5.87373e+08,-1.03452,0.804902,11.6066,3.95141,-3.4931,-1.24087,-13.9581,-5.0813,-0.554794,-2.5487,-0.940535,8.11374,8.22932,0.417,0.416301,-0.0342167,30.4506,0.248487,-0.0350112,-0.117695,-0.0550817,0.585878,0.0795443,-0.0496973,0,0,0,0.00700225,0,1724,1539,1870,1953
5.87394e+08,-0.0335831,-0.762975,10.1146,-4.3138,-4.39387,-1.2417,2.531,-0.189697,15.4147,-2.54781,5.96066,9.73206,9.00779,0.418,0.416313,-0.0221273,30.4418,0.245945,-0.0360632,-0.12709,-0.0525974,0.545444,0.0709724,-0.049189,0,0,0,0.00721264,0,1778,1700,1788,1779
5.87415e+08,-0.805524,1.64062,11.349,8.2054,15.3619,-1.17717,14.9604,-4.01828,12.3612,-2.24631,12.3905,7.51832,7.54837,0.418,0.417416,-0.00328348,30.4418,0.24349,-0.037141,-0.122734,-0.0538924,0.56027,0.077593,-0.048698,0,0,0,0.0074282,0,1806,1814,1737,1617
5.87436e+08,-1.13216,-0.146421,10.5463,-0.79088,5.08705,-1.11858,5.05302,-6.12675,2.1475,-2.09855,2.26699,8.32748,8.35452,0.418,0.41759,-0.00100416,30.4565,0.241088,-0.0382509,-0.120131,-0.0554949,0.568122,0.0854895,-0.0482175,0,0,0,0.00765018,0,1801,1676,1731,1758
5.87457e+08,-0.232328,1.22878,11.0582,6.3393,-4.13433,-1.21179,-5.69138,-1.19622,-10.1578,-2.08343,-7.83681,6.11374,8.77308,0.419,0.418003,-0.001167,30.4388,0.238871,-0.0394085,-0.110818,-0.0578782,0.603117,0.0965794,-0.0477742,0,0,0,0.0078817,0,1792,1527,1734,1909
5.87478e+08,-2.62241,0.703749,11.7503,3.34536,-5.84425,-1.23791,-5.90371,-12.5592,-19.6388,-2.34892,-19.3825,6.70916,6.67568,0.419,0.41856,0.00634296,30.4565,0.236788,-0.0406773,-0.104152,-0.0634423,0.627659,0.12057,-0.0473576,0,0,0,0.00813547,0,1878,1423,1652,1981
5.87499e+08,0.8834,-0.95324,8.85992,-6.11076,-8.50074,-1.40141,-8.38275,5.66154,-1.36395,-2.36893,-1.51994,5.79313,5.80726,0.419,0.418531,-0.00263927,30.4153,0.234767,-0.0421163,-0.101072,-0.0719506,0.637895,0.156585,-0.0469533,0,0,0,0.00842327,0,1743,1533,1811,1879
5.8752e+08,0.403307,-0.457106,8.75904,-2.98422,10.8886,-1.51382,10.7043,2.63272,3.04826,-2.14743,3.03924,5.01451,4.97248,0.423,0.420897,-0.00401355,30.4447,0.232492,-0.043509,-0.113748,-0.0696334,0.584616,0.149126,-0.0464984,0,0,0,0.0087018,0,1842,1697,1713,1702
5.87541e+08,-1.07698,-1.07607,10.2219,-5.97663,5.37713,-1.35865,13.5566,-5.98173,7.94902,-1.88494,15.0074,4.32748,2.18425,0.423,0.422432,-0.00221853,30.4241,0.230181,-0.044933,-0.115533,-0.0711976,0.574965,0.157277,-0.0460362,0,0,0,0.00898659,0,1783,1791,1787,1574
5.87562e+08,-1.73877,0.210024,10.0369,1.18116,7.40766,-1.19809,7.26823,-9.82613,0.971924,-1.56087,1.25198,2.90764,2.88226,0.423,0.422677,-0.00719323,30.4624,0.225587,-0.0479826,-0.113092,-0.0785105,0.579795,0.190624,-0.0451174,0,0,0,0.00959653,0,1834,1661,1737,1717
5.87583e+08,-0.901059,1.71769,11.0215,8.82921,9.11758,-1.15703,8.69249,-4.61828,-2.08151,-1.44816,-1.99937,1.45725,1.44647,0.424,0.423429,-0.0108341,30.4271,0.223497,-0.0499207,-0.104489,-0.0969017,0.612074,0.26692,-0.0446995,0,0,0,0.00998414,0,1875,1644,1714,1725
5.87604e+08,-0.461142,-0.274067,9.77862,-1.60364,-2.80608,-1.31545,-2.88779,-2.69891,-9.7151,-1.42685,-9.60019,-0.603814,-0.608785,0.424,0.423633,-0.0162307,30.4329,0.221467,-0.0519483,-0.10151,-0.101381,0.62187,0.287538,-0.0442934,0,0,0,0.0103897,0,1857,1500,1758,1859
5.87625e+08,-1.08961,1.40219,10.8218,7.34602,-3.03509,-1.46913,-6.38972,-5.70221,-9.07388,-1.51499,-6.95583,-4.45114,-1.09949,0.424,0.423549,-0.0330937,30.3947,0.219433,-0.0541482,-0.101714,-0.109996,0.618892,0.324961,-0.0438866,0,0,0,0.0108296,0,1829,1504,1820,1881
5.87646e+08,-1.66936,-0.394488,10.9595,-2.03799,0.201553,-1.44411,0.198278,-8.65525,-9.95937,-1.75153,-9.73454,-3.2603,-3.29442,0.426,0.425151,-0.0255658,30.4241,0.217374,-0.0564545,-0.10293,-0.115316,0.611817,0.34931,-0.0434749,0,0,0,0.0112909,0,1900,1509,1751,1838
5.87667e+08,-0.358215,-1.17481,8.63271,-7.74311,4.43056,-1.16864,4.59346,-2.35445,-1.50136,-1.76946,-1.43267,-3.22977,-3.28206,0.426,0.42548,-0.0273577,30.4418,0.215333,-0.0587505,-0.102062,-0.114799,0.613122,0.350238,-0.0430666,0,0,0,0.0117501,0,1877,1603,1776,1746
5.87688e+08,-0.855428,0.776002,10.0656,4.39271,16.2932,-0.988649,15.8821,-4.84334,1.44521,-1.76637,1.46275,-4.75649,-4.67048,0.426,0.425522,-0.0296927,30.4182,0.213359,-0.0611859,-0.098713,-0.121766,0.624455,0.381363,-0.0426718,0,0,0,0.0122372,0,1947,1702,1723,1639
5.87709e+08,0.699396,-0.447473,8.20323,-3.11103,-1.08089,-0.920208,5.11196,4.86598,9.03299,-1.71425,-0.0356357,-6.49694,-4.98743,0.427,0.426368,-0.0295152,30.4153,0.211411,-0.0637664,-0.0973673,-0.129028,0.627785,0.413857,-0.0422823,0,0,0,0.0127533,0,1880,1612,1788,1721
5.8773e+08,-0.463852,0.881972,10.3028,4.88795,-7.3557,-0.936029,-7.24342,-2.56844,5.1704,-1.54678,5.09547,-6.78702,-6.69369,0.427,0.42651,-0.03819,30.4271,0.20959,-0.0664154,-0.0910544,-0.132447,0.651193,0.431031,-0.0419181,0,0,0,0.0132831,0,1768,1561,1930,1770
5.8775e+08,-0.0956482,-0.83041,9.44503,-5.02429,-15.9206,-1.06878,-15.5737,-0.577976,-5.6235,-1.63377,-5.56923,-6.2374,-6.2508,0.427,0.426494,-0.0384313,30.4212,0.207955,-0.0689655,-0.081761,-0.127507,0.686786,0.414558,-0.041591,0,0,0,0.0137931,0,1783,1425,1911,1911
5.87771e+08,0.747148,-0.430614,8.45963,-2.90269,0.247354,-1.07251,0.230071,5.04073,-10.9212,-1.85239,-10.9902,-6.20687,-6.20028,0.427,0.426528,-0.0235822,30.4535,0.206589,-0.0716462,-0.0682919,-0.134037,0.739464,0.44426,-0.0413179,0,0,0,0.0143292,0,1925,1483,1745,1829
5.87792e+08,-0.478323,1.39978,11.1536,7.14672,5.6672,-1.00534,5.52821,-2.43653,-9.19602,-2.12782,-9.22433,-7.61145,-7.50711,0.427,0.426505,-0.0168778,30.3859,0.205116,-0.0745879,-0.0736756,-0.147085,0.716391,0.500437,-0.0410232,0,0,0,0.0149176,0,1953,1518,1717,1770
5.87813e+08,0.302812,0.282277,9.86195,1.63875,15.2397,-0.990692,0.261079,1.758,-3.10441,-2.30717,-10.615,-6.52748,-5.21556,0.427,0.426506,-0.00994424,30.4212,0.2035,-0.0776061,-0.0807843,-0.15091,0.686216,0.519721,-0.0407,0,0,0,0.0155212,0,1912,1473,1726,1823
5.87834e+08,0.720873,-0.396896,9.49487,-2.38677,3.80461,-0.816308,3.78772,4.33792,3.72002,-2.36127,3.51995,-4.66488,-4.75697,0.427,0.426534,-0.00832505,30.4447,0.201898,-0.0807635,-0.0801198,-0.157868,0.687232,0.551758,-0.0403795,0,0,0,0.0161527,0,1836,1601,1796,1697
5.87855e+08,-0.50401,-0.683497,8.75471,-4.45679,-2.4702,-0.813592,-2.42116,-3.28491,-0.63113,-2.42708,-0.62239,-7.00076,-7.01057,0.427,0.426548,-0.00447241,30.4065,0.20036,-0.0842251,-0.0768699,-0.173082,0.698695,0.617294,-0.0400721,0,0,0,0.016845,0,1827,1511,1817,1759
5.87876e+08,0.222255,-1.98404,9.39779,-11.9179,-13.203,-1.02138,-12.9113,1.32557,0.727648,-2.45822,0.687918,-5.01603,-5.0639,0.427,0.426522,-0.00397358,30.4065,0.198868,-0.0878507,-0.0746224,-0.181277,0.706193,0.654895,-0.0397736,0,0,0,0.0175701,0,1732,1451,1895,1836
5.87897e+08,-1.6073,-0.300559,11.4487,-1.48923,-2.77555,-1.00961,-5.87958,-7.98891,-8.49373,-2.48326,2.82746,-5.24504,-6.96287,0.426,0.425631,-0.000988872,30.3859,0.197435,-0.0914014,-0.071634,-0.177535,0.716734,0.644526,-0.039487,0,0,0,0.0182803,0,1775,1506,1867,1762
5.87918e+08,0.68724,0.332853,9.47708,2.00625,2.67484,-0.934274,2.66351,4.14506,2.05589,-2.54726,1.87838,-5.44351,-5.43965,0.426,0.425549,0.00288182,30.4094,0.196078,-0.0949445,-0.0678771,-0.177156,0.73045,0.64765,-0.0392155,0,0,0,0.0189889,0,1835,1564,1788,1711
5.87939e+08,-0.695271,0.159448,10.6794,0.853582,14.1252,-0.87077,13.7126,-3.72453,-1.16548,-2.53652,-1.12961,-5.70305,-5.74903,0.432,0.427732,0.00740409,30.3829,0.194559,-0.0987618,-0.0759471,-0.190865,0.696526,0.707623,-0.0389117,0,0,0,0.0197524,0,1928,1612,1682,1644
5.8796e+08,-1.37105,0.226883,10.7774,1.19636,4.10995,-0.771952,4.01191,-7.24837,0.0558929,-2.41153,0.156169,-6.61908,-6.61629,0.432,0.431248,0.0145925,30.4035,0.193091,-0.102699,-0.0733906,-0.196867,0.705283,0.736849,-0.0386182,0,0,0,0.0205398,0,1841,1539,1752,1686
5.87981e+08,-0.236858,0.344895,9.75568,2.02416,-6.66868,-0.673971,5.48361,-1.38994,5.84215,-2.2515,0.373352,-6.58855,-5.23897,0.432,0.43164,0.00420254,30.3947,0.191619,-0.106621,-0.0735856,-0.196104,0.702998,0.738925,-0.0383238,0,0,0,0.0213242,0,1851,1568,1746,1684
5.88002e+08,0.076512,-1.67817,8.4036,-11.2928,-11.0809,-0.684427,-10.8054,0.511545,-4.38686,-2.21481,-4.32677,-5.50458,-5.5082,0.434,0.43285,-0.000932394,30.3888,0.189049,-0.114594,-0.0598922,-0.206895,0.755373,0.79267,-0.0378098,0,0,0,0.0229188,0,1773,1420,1834,1836
5.88023e+08,-1.02481,0.212433,10.0695,1.20236,1.30079,-0.78896,1.14889,-5.80987,-8.00518,-2.31431,-7.98119,-4.34427,-4.41533,0.434,0.433522,-0.0041755,30.4241,0.188067,-0.1187,-0.0490889,-0.205317,0.797809,0.791733,-0.0376134,0,0,0,0.0237401,0,1880,1481,1718,1786
5.88044e+08,-2.58415,0.491809,11.5719,2.3752,1.10232,-0.855248,0.952668,-12.5774,-10.0204,-2.34666,-9.77831,-5.56565,-5.6163,0.434,0.433511,-0.0113691,30.4035,0.187156,-0.122647,-0.0455361,-0.197315,0.811254,0.764837,-0.0374313,0,0,0,0.0245293,0,1903,1466,1718,1802
5.88065e+08,-1.2636,0.253376,10.2526,1.40505,6.79697,-0.885961,1.65451,-7.02396,-1.39449,-2.25682,2.2269,-5.47404,-6.39423,0.436,0.434668,-0.0209578,30.3682,0.186115,-0.126617,-0.0520566,-0.198528,0.784131,0.77494,-0.037223,0,0,0,0.0253234,0,1830,1560,1810,1713
5.88086e+08,0.300722,-0.789467,8.87493,-5.08045,-2.82135,-0.761604,-2.46646,1.93306,2.89559,-2.30337,2.85253,-5.42824,-5.43474,0.436,0.435405,-0.0233191,30.3712,0.185175,-0.130866,-0.0469955,-0.212422,0.803584,0.83626,-0.0370351,0,0,0,0.0261731,0,1795,1540,1839,1743
5.88107e+08,0.42012,-0.811143,8.87717,-5.21505,2.65957,-0.71154,2.73886,2.69833,-0.478458,-2.28418,-0.551434,-5.79465,-5.70713,0.436,0.435472,-0.0204078,30.3624,0.184335,-0.135187,-0.0420158,-0.21606,0.822835,0.856548,-0.036867,0,0,0,0.0270374,0,1856,1550,1777,1727
5.88128e+08,-0.0553046,0.0679279,10.0922,0.38563,-9.3557,-0.734726,-9.32698,-0.313967,-4.34105,-2.34652,-4.29511,-5.56565,-5.5769,0.436,0.435492,-0.0128813,30.3712,0.183647,-0.139868,-0.034408,-0.23407,0.852817,0.934936,-0.0367294,0,0,0,0.0279736,0,1789,1429,1829,1835
5.88149e+08,0.180784,1.1758,10.7182,6.25948,6.40003,-0.879356,-3.95983,0.960552,-9.48609,-2.66189,-15.8494,-4.55801,-2.67945,0.436,0.435439,-0.0137685,30.3741,0.183198,-0.144545,-0.0224393,-0.233818,0.90059,0.940085,-0.0366396,0,0,0,0.0289089,0,1900,1392,1694,1900
5.8817e+08,-0.886125,-0.464332,9.77869,-2.70752,-3.92058,-0.808232,-3.62559,-5.17209,-6.26472,-2.90704,-6.22828,-3.70305,-3.7194,0.436,0.43536,-0.00793779,30.3653,0.182758,-0.149051,-0.0219881,-0.225325,0.90218,0.911977,-0.0365517,0,0,0,0.0298102,0,1839,1451,1755,1821
5.88191e+08,-1.11532,-0.599203,9.60298,-3.54671,4.94964,-0.828421,4.99086,-6.61209,-1.24182,-2.99302,-1.15647,-5.55038,-5.49128,0.438,0.43702,-0.000855713,30.3888,0.182309,-0.153825,-0.0224576,-0.238702,0.900065,0.971926,-0.0364618,0,0,0,0.030765,0,1863,1529,1729,1709
5.88212e+08,-0.962718,0.190757,11.2566,0.967327,4.58323,-0.692811,4.46847,-4.88763,6.02536,-2.88599,6.03765,-5.53511,-5.55663,0.438,0.437369,0.00516028,30.3888,0.181866,-0.158564,-0.0221491,-0.236938,0.901078,0.971118,-0.0363732,0,0,0,0.0317128,0,1804,1575,1779,1653
5.88233e+08,0.554126,-1.84435,8.31033,-12.4863,-4.74501,-0.553776,11.2662,3.72443,8.59024,-2.76429,3.12628,-5.87099,-6.12027,0.438,0.437475,0.00687062,30.3682,0.181386,-0.163573,-0.0239842,-0.250447,0.893446,1.03191,-0.0362773,0,0,0,0.0327146,0,1873,1600,1711,1618
5.88254e+08,0.0332523,-0.676272,9.16025,-4.22228,-3.08089,-0.690804,-2.87588,0.207422,8.31543,-2.55853,8.18114,-6.55801,-6.52491,0.439,0.438433,0.000593977,30.3624,0.181094,-0.168682,-0.0146232,-0.255471,0.930953,1.05881,-0.0362188,0,0,0,0.0337364,0,1738,1538,1858,1685
5.88274e+08,-0.205716,-0.0139582,8.90273,-0.0898072,5.27026,-0.730659,5.11176,-1.3237,0.88032,-2.45519,0.951589,-7.04656,-6.97758,0.439,0.438547,-0.000896726,30.3771,0.180968,-0.173848,-0.00628105,-0.258266,0.964584,1.07685,-0.0361937,0,0,0,0.0347695,0,1848,1542,1754,1678
5.88295e+08,0.546545,-0.341502,9.47137,-2.06155,-5.75265,-0.720118,-5.54966,3.30045,7.33834,-2.35979,7.18547,-7.2603,-7.19881,0.439,0.438569,-0.00263996,30.3888,0.180244,-0.178823,0,-0.248795,0.989526,1.04546,-0.0360489,0,0,0,0.0357647,0,1729,1512,1877,1708
5.88316e+08,-0.936035,-1.30968,8.97489,-8.25827,-1.96639,-0.698259,-1.74562,-5.89217,-2.66166,-2.31115,-2.53637,-7.51984,-7.54221,0.442,0.441294,-0.00291501,30.3653,0.179523,-0.183947,0,-0.256155,0.989277,1.08178,-0.0359047,0,0,0,0.0367893,0,1822,1465,1779,1744
5.88337e+08,-0.499284,-0.505275,9.35093,-3.08856,7.88094,-0.466538,7.6146,-3.05191,-1.8067,-2.26889,-0.809537,-7.13817,-10.1346,0.442,0.441554,-0.0103365,30.3741,0.179758,-0.189052,0.011712,-0.255255,1.03688,1.08495,-0.0359516,0,0,0,0.0378103,0,1897,1541,1740,1656
5.88358e+08,1.559,-0.367995,7.97231,-2.59379,5.05651,-0.464601,3.506,11.0532,6.54444,-2.1641,-6.48385,-11.2756,-9.29246,0.442,0.441536,-0.0208602,30.3682,0.180072,-0.194372,0.0157092,-0.266041,1.05363,1.13527,-0.0360144,0,0,0,0.0388745,0,1912,1485,1736,1738
5.88379e+08,0.112004,-0.507683,9.78488,-2.9699,-5.98165,-0.589636,-5.93966,0.654936,5.3536,-1.94871,5.37751,-9.97786,-10.0068,0.442,0.441499,-0.0316155,30.3829,0.180478,-0.199799,0.0203087,-0.271303,1.07292,1.16358,-0.0360956,0,0,0,0.0399597,0,1768,1508,1904,1726
5.884e+08,1.53788,-1.69985,6.63588,-14.0118,-6.54654,-0.70047,-6.21056,12.6533,2.11696,-1.81761,1.98046,-11.3214,-11.2801,0.442,0.441474,-0.0456252,30.3418,0.181042,-0.205385,0.0281999,-0.279322,1.10561,1.20316,-0.0362084,0,0,0,0.041077,0,1805,1487,1903,1759
5.88421e+08,0.754318,-0.452289,9.18611,-2.80931,5.60613,-0.65819,5.29188,4.68866,-2.23418,-1.93001,-8.11336,-10.4969,-11.2134,0.445,0.442524,-0.0413813,30.3535,0.18169,-0.211078,0.0324175,-0.284644,1.12368,1.23207,-0.0363381,0,0,0,0.0422156,0,1955,1490,1741,1744
5.88442e+08,-1.07273,0.797677,11.3645,3.99732,16.9954,-0.5662,16.6126,-5.37919,-10.1578,-2.11638,-10.0877,-11.1534,-11.1831,0.445,0.444299,-0.0344276,30.3682,0.183572,-0.222099,0.0506583,-0.276279,1.19988,1.21322,-0.0367144,0,0,0,0.0444199,0,2045,1545,1633,1671
5.88463e+08,-0.186441,-0.632921,9.95588,-3.63691,5.49926,-0.471454,5.52385,-1.07068,-6.70747,-2.22591,-6.68818,-10.7107,-10.7532,0.445,0.444398,-0.0332908,30.3653,0.184705,-0.227878,0.0566249,-0.288946,1.22558,1.27173,-0.0369409,0,0,0,0.0455757,0,1941,1490,1731,1727
5.88484e+08,0.238443,-0.0862106,9.32247,-0.529661,1.40766,-0.296434,1.62457,1.46508,1.88795,-2.31725,1.69323,-11.6267,-11.5394,0.442,0.442623,-0.034152,30.3565,0.185771,-0.233759,0.0533134,-0.294025,1.21398,1.29994,-0.0371542,0,0,0,0.0467518,0,1865,1523,1823,1695
5.88505e+08,-0.392325,1.27213,10.4743,6.92001,4.85804,-0.354163,-7.26175,-2.12943,-2.99754,-2.37251,-2.06202,-10.1916,-9.90756,0.442,0.441513,-0.0322072,30.3947,0.186993,-0.239848,0.0610903,-0.304471,1.24706,1.34995,-0.0373985,0,0,0,0.0479697,0,1821,1438,1853,1794
5.88526e+08,-1.50937,-0.411346,11.1492,-2.09386,-4.92822,-0.463611,-4.97965,-7.70456,-6.09678,-2.38034,-5.89273,-8.48168,-8.61795,0.442,0.441412,-0.0260455,30.3682,0.188336,-0.245593,0.0671763,-0.287241,1.2735,1.28853,-0.0376672,0,0,0,0.0491186,0,1854,1426,1799,1807
5.88546e+08,-1.53574,-0.0356339,10.3213,-0.195657,3.6672,-0.366456,3.42672,-8.4631,-2.43266,-2.26149,-2.23413,-10.0542,-10.0885,0.443,0.442228,-0.0192906,30.3741,0.189715,-0.251294,0.0689659,-0.285039,1.28277,1.28735,-0.0379431,0,0,0,0.0502588,0,1887,1501,1765,1705
5.88567e+08,-1.2257,1.33475,11.4961,6.5857,10.2779,-0.332385,9.99139,-6.04552,5.262,-2.2135,5.28073,-10.0084,-10.0318,0.443,0.442466,-0.0215735,30.4094,0.191349,-0.256973,0.0816765,-0.283975,1.33616,1.29071,-0.0382698,0,0,0,0.0513947,0,1883,1603,1773,1607
5.88588e+08,1.12227,-1.27838,8.24664,-8.73249,1.40766,-0.275438,1.71343,7.65932,8.60551,-2.06781,8.44059,-11.0313,-10.9512,0.443,0.442508,-0.0288087,30.3771,0.193211,-0.262509,0.0931062,-0.276771,1.3847,1.26928,-0.0386422,0,0,0,0.0525018,0,1811,1571,1865,1642
5.88609e+08,-0.0405986,-1.29523,8.57526,-8.58911,0.354224,-0.0682367,15.9219,-0.268216,-0.402122,-2.21068,1.86673,-10.9855,-11.7453,0.446,0.444792,-0.00855466,30.3741,0.195206,-0.267617,0.0997479,-0.255408,1.41421,1.19053,-0.0390412,0,0,0,0.0535234,0,1948,1602,1694,1562
5.8863e+08,-1.76048,1.00962,11.4533,4.97948,9.34659,-0.111877,9.0568,-8.70532,-1.92884,-2.16605,-1.85691,-11.5504,-11.5649,0.446,0.445571,-0.00507013,30.3653,0.197224,-0.272785,0.100905,-0.258423,1.42176,1.20963,-0.0394448,0,0,0,0.0545571,0,1919,1522,1712,1633
5.88651e+08,-0.573024,-1.52163,8.34743,-10.3071,-6.3328,-0.148765,-6.02329,-3.86354,0.605511,-2.0281,0.706329,-12.3137,-12.3701,0.446,0.445637,-0.0146259,30.3682,0.199366,-0.278094,0.107089,-0.265429,1.44962,1.24494,-0.0398732,0,0,0,0.0556188,0,1803,1438,1852,1726
5.88672e+08,-1.46691,1.47444,10.8958,7.63847,7.63667,-0.166103,7.27061,-7.59922,3.01773,-2.00363,3.04262,-13.9779,-13.9418,0.446,0.445621,-0.0140074,30.3712,0.201684,-0.283084,0.115917,-0.249496,1.48832,1.18784,-0.0403369,0,0,0,0.0566168,0,1888,1542,1781,1607
5.88693e+08,-0.470478,-1.05198,9.56133,-6.27118,-4.3328,-0.316778,3.7131,-2.80017,2.95666,-1.84984,2.35206,-14.5733,-14.8195,0.446,0.445624,-0.0182235,30.3682,0.204155,-0.287971,0.123553,-0.244364,1.52243,1.17395,-0.0408311,0,0,0,0.0575943,0,1872,1510,1811,1636
5.88714e+08,-0.0691684,-1.59869,9.496,-9.55614,-4.21066,-0.559937,-3.99359,-0.411541,-0.753267,-1.80503,-0.681086,-15.1076,-15.0947,0.446,0.445614,-0.021255,30.3771,0.206902,-0.292875,0.137315,-0.245173,1.58147,1.18391,-0.0413803,0,0,0,0.0585749,0,1840,1432,1852,1718
5.88735e+08,0.114539,-1.03753,9.64632,-6.13856,2.94964,-0.513231,3.18611,0.676391,1.38414,-1.83549,1.25384,-16.0084,-15.9777,0.449,0.448333,-0.0147989,30.3888,0.209836,-0.297582,0.146699,-0.235354,1.62319,1.15101,-0.0419671,0,0,0,0.0595164,0,1874,1483,1807,1638
5.88756e+08,-0.886219,-0.127154,10.2921,-0.705217,11.4687,-0.547163,11.3757,-4.92106,-5.21128,-1.81069,-5.04257,-16.2221,-16.2692,0.449,0.448559,-0.0257843,30.3741,0.212957,-0.301928,0.156049,-0.217333,1.66502,1.08476,-0.0425913,0,0,0,0.0603857,0,1988,1504,1714,1632
5.88777e+08,-1.04145,-0.0524928,10.3564,-0.288951,5.6672,-0.486471,-1.54979,-5.74233,2.42231,-1.7535,7.68769,-17.7031,-16.9379,0.449,0.448555,-0.0316424,30.3447,0.216348,-0.306491,0.16956,-0.228105,1.72388,1.13428,-0.0432696,0,0,0,0.0612981,0,1814,1504,1905,1635
5.88798e+08,-0.473242,0.301544,9.08866,1.8977,-3.34043,-0.52325,-3.36512,-2.97903,7.97956,-1.66527,8.01951,-18.3901,-18.3928,0.448,0.447595,-0.041982,30.3859,0.21979,-0.3112,0.17209,-0.23545,1.73877,1.17024,-0.0439579,0,0,0,0.0622399,0,1814,1497,1939,1649
5.88818e+08,-0.138973,0.405106,9.54676,2.42957,-4.18013,-0.732638,-4.37343,-0.83325,0.77345,-1.5924,0.844817,-17.8557,-17.8338,0.448,0.447505,-0.0425096,30.3506,0.22336,-0.315622,0.178506,-0.221106,1.76941,1.11887,-0.0446719,0,0,0,0.0631243,0,1854,1440,1896,1712
5.88839e+08,-1.81502,-0.370403,11.0617,-1.89255,-2.65341,-0.962915,-2.77668,-9.313,-6.67693,-1.59715,-6.39685,-17.0618,-17.172,0.449,0.447829,-0.0421845,30.3771,0.227218,-0.319826,0.1929,-0.210235,1.83242,1.08115,-0.0454435,0,0,0,0.0639653,0,1911,1398,1831,1757
5.8886e+08,0.690028,-1.10497,8.00037,-7.83492,6.46109,-1.06662,6.55541,4.8834,0.77345,-1.51054,0.794869,-19.6267,-19.5948,0.449,0.448363,-0.0530437,30.38,0.231153,-0.323921,0.196779,-0.204721,1.85336,1.06479,-0.0462307,0,0,0,0.0647842,0,1944,1512,1837,1637
5.88881e+08,0.0545481,0.0245765,8.84084,0.159272,17.255,-0.930618,8.51157,0.35351,3.96429,-1.50049,-0.153872,-18.4206,-19.1822,0.449,0.448396,-0.0529017,30.3594,0.235249,-0.327711,0.204774,-0.189487,1.89102,1.00907,-0.0470498,0,0,0,0.0655421,0,1966,1523,1812,1629
5.88902e+08,-0.881558,0.287094,10.2998,1.59081,-0.500737,-0.790293,-0.417986,-4.8901,1.91849,-1.55158,1.90774,-18.1763,-18.1828,0.447,0.447188,-0.0624388,30.3594,0.243478,-0.334469,0.212092,-0.164387,1.93163,0.918143,-0.0486956,0,0,0,0.0668938,0,1897,1490,1892,1690
5.88923e+08,0.381584,0.376205,9.00731,2.38952,4.07942,-0.783827,3.89584,2.42371,0.239099,-1.52373,0.226657,-18.7412,-18.7628,0.447,0.446457,-0.061611,30.3918,0.247984,-0.337658,0.225293,-0.159441,1.99071,0.902945,-0.0495968,0,0,0,0.0675316,0,1945,1507,1853,1669
5.88944e+08,-1.71484,0.0197596,10.7655,0.103855,-0.0121877,-0.892021,-0.242246,-9.05063,-5.7151,-1.50046,-5.43214,-17.8405,-17.9685,0.447,0.446345,-0.0665807,30.3535,0.252487,-0.340719,0.225155,-0.15304,1.99629,0.881753,-0.0504974,0,0,0,0.0681438,0,1955,1444,1844,1747
5.88965e+08,-0.893405,-0.0452675,10.38,-0.248946,3.5298,-0.976063,-1.41195,-4.91925,5.56734,-1.16958,6.74544,-19.3519,-21.9617,0.445,0.445111,-0.0827767,30.3535,0.257124,-0.343481,0.231826,-0.138094,2.02936,0.825921,-0.0514247,0,0,0,0.0686961,0,1890,1523,1977,1663
5.88986e+08,0.128597,-0.0693517,8.65781,-0.458896,11.8351,-0.93897,11.651,0.850943,6.92612,-1.03149,6.85128,-21.3672,-21.3237,0.445,0.444321,-0.088219,30.3771,0.261882,-0.345932,0.237935,-0.122549,2.06034,0.767297,-0.0523764,0,0,0,0.0691863,0,1986,1628,1889,1575
5.89007e+08,-0.489891,0.0655195,9.79106,0.382925,-1.4473,-0.806315,-1.44483,-2.86431,5.79635,-0.968556,5.86967,-20.6038,-20.6471,0.445,0.444266,-0.089718,30.3829,0.266975,-0.348189,0.254633,-0.112883,2.13422,0.732016,-0.053395,0,0,0,0.0696379,0,1901,1535,1972,1678
5.89028e+08,1.03123,-0.168097,8.0277,-1.1898,-0.16486,-0.750922,-0.0749004,7.31847,0.971924,-0.942491,0.946003,-20.8328,-20.7565,0.442,0.442043,-0.0932859,30.3476,0.272206,-0.350301,0.261548,-0.105563,2.16905,0.705959,-0.0544412,0,0,0,0.0700601,0,1955,1516,1934,1709
5.89049e+08,-0.236808,0.166673,9.2117,1.03623,6.93438,-0.732372,-4.24557,-1.47236,-3.86777,-1.0961,-9.12442,-19.0313,-18.5906,0.442,0.441321,-0.0929388,30.3535,0.277626,-0.352321,0.271019,-0.101027,2.21438,0.690962,-0.0555253,0,0,0,0.0704642,0,1990,1422,1880,1821
5.8907e+08,-0.473072,-0.307785,9.20639,-1.91226,-9.32516,-0.78232,-9.16677,-2.93993,1.262,-1.27372,1.17767,-19.0618,-19.024,0.442,0.441225,-0.0922145,30.3476,0.283143,-0.354264,0.275817,-0.0971691,2.24109,0.678587,-0.0566285,0,0,0,0.0708529,0,1887,1455,1988,1784
5.89091e+08,-0.418323,0.308769,9.03876,1.95441,-6.45494,-0.818886,-6.47212,-2.64828,3.78108,-1.31752,3.83604,-17.9473,-17.9031,0.438,0.437832,-0.0974278,30.3476,0.28866,-0.356102,0.275874,-0.0918697,2.24881,0.660302,-0.057732,0,0,0,0.0712204,0,1893,1507,1993,1762
5.89112e+08,1.17712,-1.02308,8.82632,-6.55429,-3.17249,-0.79462,-3.1129,7.5465,13.3689,-1.24069,13.1729,-15.3519,-15.3477,0.438,0.437286,-0.0877863,30.3594,0.294194,-0.357633,0.276679,-0.0765567,2.25955,0.601472,-0.0588387,0,0,0,0.0715266,0,1832,1603,2017,1673
5.89133e+08,1.79075,-0.86172,8.63611,-5.58024,-3.43203,-0.746612,7.3011,11.6584,13.2925,-1.18161,4.31401,-14.2832,-13.3246,0.438,0.43731,-0.0750107,30.3359,0.299828,-0.358825,0.281713,-0.0596159,2.28739,0.535688,-0.0599656,0,0,0,0.0717651,0,1951,1614,1859,1658
5.89154e+08,-1.0915,-0.377629,9.82886,-2.18681,4.99545,-0.673528,5.04212,-6.33215,-1.6693,-0.999222,-1.5166,-13.7794,-13.7569,0.433,0.432832,-0.0856255,30.3624,0.30545,-0.359752,0.281116,-0.0463126,2.29264,0.484159,-0.06109,0,0,0,0.0719503,0,1994,1575,1854,1727
5.89175e+08,-0.123986,-1.96718,8.37008,-13.2245,1.63667,-0.645371,1.82017,-0.826155,-4.6006,-1.16088,-4.55227,-10.3901,-10.5093,0.433,0.432362,-0.0850507,30.3741,0.311272,-0.360388,0.291103,-0.0318375,2.34061,0.427567,-0.0622545,0,0,0,0.0720777,0,1983,1544,1837,1787
5.89196e+08,-1.03694,0.920506,11.5261,4.54782,3.86567,-0.495794,3.60964,-5.12454,-3.30289,-1.38604,-3.33147,-9.90152,-9.90526,0.433,0.432322,-0.0717307,30.3682,0.317226,-0.360929,0.297685,-0.0270432,2.37509,0.409682,-0.0634452,0,0,0,0.0721858,0,1979,1555,1814,1758
5.89217e+08,0.59677,-0.630512,9.44237,-3.81266,-19.9664,-0.710736,-13.1439,3.60834,5.32307,-1.42384,-0.514475,-6.87862,-8.30403,0.432,0.431455,-0.0669662,30.3506,0.322943,-0.36151,0.28583,-0.0290349,2.33534,0.419065,-0.0645885,0,0,0,0.072302,0,1827,1457,1946,1864
5.89238e+08,-0.126694,-0.81596,9.33823,-4.99327,-12.2565,-1.11745,-12.2369,-0.774348,8.94139,-1.40137,8.82268,-5.50458,-5.51416,0.432,0.43138,-0.0603,30.3712,0.328618,-0.362025,0.28378,-0.025765,2.33488,0.407264,-0.0657236,0,0,0,0.072405,0,1744,1533,1994,1804
5.89258e+08,-0.757138,-0.620878,9.7712,-3.62494,1.68247,-1.23987,-2.37795,-4.42193,7.68948,-1.29129,9.7342,-5.00076,-6.38302,0.428,0.43139,-0.050558,30.3065,0.334293,-0.362289,0.283734,-0.0131798,2.34246,0.357785,-0.0668586,0,0,0,0.0724578,0,1800,1597,1927,1714
5.89279e+08,-0.847908,-0.505275,9.06632,-3.17602,-1.95112,-1.23476,-1.77244,-5.33469,7.03299,-1.19356,7.13133,-4.29847,-4.35657,0.428,0.427663,-0.0601553,30.3535,0.340034,-0.362111,0.287052,0.00890171,2.36362,0.269662,-0.0680068,0,0,0,0.0724222,0,1829,1609,1910,1750
5.893e+08,0.119018,0.0318017,9.94006,0.183295,3.08705,-1.06776,3.20248,0.685997,5.78108,-1.19519,5.67992,-3.74885,-3.81814,0.428,0.427482,-0.0497474,30.3153,0.345835,-0.361446,0.290057,0.0332172,2.38362,0.171965,-0.069167,0,0,0,0.0722893,0,1867,1630,1850,1715
5.89321e+08,0.419943,-0.172913,8.56242,-1.15551,5.92674,-0.989803,1.76457,2.80724,-4.26472,-1.32988,-0.604875,-3.94733,-4.52636,0.425,0.426411,-0.0448242,30.3359,0.351666,-0.360658,0.291542,0.0394358,2.39757,0.146691,-0.0703332,0,0,0,0.0721315,0,1906,1569,1813,1765
5.89342e+08,-1.56246,1.6045,11.3923,7.94342,9.81987,-0.894026,9.4314,-7.73402,-1.53189,-1.31221,-1.42873,-4.95496,-4.95788,0.425,0.424591,-0.0511299,30.3388,0.363461,-0.358675,0.293665,0.0502604,2.42228,0.102095,-0.0726923,0,0,0,0.0717351,0,1980,1627,1762,1722
5.89363e+08,-0.864661,-0.367995,10.4484,-2.01028,-3.23356,-1.00953,-3.34566,-4.72786,5.3536,-1.16109,5.44727,-4.77175,-4.83273,0.425,0.424468,-0.0549806,30.3124,0.369312,-0.357824,0.292517,0.0425967,2.42573,0.132414,-0.0738623,0,0,0,0.0715647,0,1839,1588,1908,1767
5.89384e+08,0.104734,-0.124745,9.2513,-0.772484,-7.29463,-1.12149,-7.34474,0.648561,8.71238,-1.05041,8.767,-4.1916,-4.18879,0.425,0.424499,-0.047485,30.3212,0.37508,-0.356734,0.288433,0.0544685,2.41731,0.0840809,-0.0750161,0,0,0,0.0713468,0,1775,1581,1954,1768
5.89405e+08,0.771376,-1.6854,8.19169,-11.5763,-8.86715,-1.24372,-5.0173,5.26969,6.20856,-1.06625,3.99254,-2.1,-4.35035,0.425,0.424539,-0.0357875,30.3094,0.38081,-0.35569,0.286498,0.0521967,2.41747,0.0925287,-0.0761621,0,0,0,0.071138,0,1815,1551,1895,1777
5.89426e+08,-0.361066,0.491809,9.43788,2.98081,-1.82898,-1.43799,-1.94828,-2.18794,0.55971,-0.928141,0.622708,-5.1687,-5.10954,0.425,0.424516,-0.0448079,30.3212,0.386566,-0.354403,0.287779,0.0643493,2.43057,0.042816,-0.0773132,0,0,0,0.0708807,0,1868,1552,1863,1783
5.89447e+08,-1.01759,0.0293933,10.3755,0.16154,7.5756,-1.43145,7.51733,-5.60143,0.926122,-0.750132,1.01113,-7.01603,-7.01468,0.424,0.423696,-0.0595312,30.3065,0.392263,-0.352962,0.284852,0.0720872,2.42673,0.0106112,-0.0784526,0,0,0,0.0705923,0,1953,1630,1823,1715
5.89468e+08,-0.0932771,-0.7702,9.29554,-4.7363,10.5832,-1.17444,10.7347,-0.572958,1.07879,-0.634467,1.12811,-8.29847,-8.33536,0.424,0.423445,-0.0676122,30.3271,0.397908,-0.351454,0.28224,0.0753565,2.4241,-0.00375631,-0.0795816,0,0,0,0.0702909,0,1991,1661,1813,1688
5.89489e+08,-1.74556,-1.1411,10.5927,-6.06726,11.6061,-0.875153,3.48106,-9.30472,-1.74563,-0.573923,5.595,-6.42061,-10.6886,0.424,0.423459,-0.0635285,30.3035,0.40339,-0.349805,0.274112,0.0824521,2.39915,-0.0336521,-0.080678,0,0,0,0.0699611,0,1918,1632,1900,1688
5.8951e+08,-0.206065,1.24083,10.315,6.85796,-5.3099,-0.901364,-5.54707,-1.13626,5.03299,-0.563065,4.95449,-8.81755,-8.77702,0.424,0.423507,-0.0576197,30.3124,0.408697,-0.348199,0.265335,0.0803315,2.37139,-0.0265338,-0.0817393,0,0,0,0.0696397,0,1844,1567,1947,1760
5.89531e+08,-0.311087,1.08669,9.54563,6.49125,-11.5236,-1.32074,-11.764,-1.85461,2.55971,-0.572869,2.50675,-9.09236,-9.03505,0.424,0.423428,-0.0673617,30.3241,0.413984,-0.346768,0.26438,0.0715161,2.37498,0.00765531,-0.0827969,0,0,0,0.0693537,0,1821,1506,1989,1834
5.89552e+08,-1.37089,-0.334277,10.3752,-1.82947,-5.3557,-1.72369,-5.58094,-7.52309,-0.860137,-0.529628,-0.634648,-9.73359,-9.76948,0.424,0.423331,-0.0685342,30.3006,0.419259,-0.345086,0.263735,0.084138,2.37981,-0.0444559,-0.0838518,0,0,0,0.0690171,0,1887,1522,1933,1815
5.89573e+08,-0.329978,0.325628,10.7933,1.72726,7.05651,-1.75736,5.75721,-1.75034,11.1093,-0.343033,9.37878,-10.6954,-9.90517,0.421,0.420749,-0.0775878,30.2829,0.42434,-0.343006,0.254074,0.104002,2.34825,-0.126119,-0.0848681,0,0,0,0.0686011,0,1907,1688,1939,1671
5.89594e+08,-0.82884,-0.380037,9.65294,-2.24632,5.04125,-1.47344,5.24056,-4.90383,3.1246,-0.160422,3.28837,-8.61908,-8.68475,0.421,0.420355,-0.0743437,30.3212,0.429412,-0.340524,0.253565,0.124067,2.35338,-0.209094,-0.0858824,0,0,0,0.0681048,0,1942,1652,1890,1714
5.89615e+08,0.914231,-0.192181,8.53585,-1.28244,10.3237,-1.19688,10.3332,6.11182,4.49864,0.000381378,4.39398,-9.99313,-9.98796,0.421,0.420373,-0.0782328,30.2976,0.434539,-0.337783,0.256374,0.137042,2.37191,-0.263969,-0.0869079,0,0,0,0.0675567,0,1982,1699,1868,1661
5.89636e+08,-0.0337712,-0.0862106,9.89252,-0.499301,-5.46257,-1.08593,-5.24841,-0.195589,-1.50136,-0.0491966,-1.58135,-10.3748,-10.33,0.42,0.419447,-0.0848848,30.2565,0.439559,-0.335071,0.250989,0.135643,2.35745,-0.261163,-0.0879118,0,0,0,0.0670141,0,1924,1552,1943,1819
5.89657e+08,-1.35912,0.272643,10.7964,1.43526,-11.5542,-1.13063,-13.7843,-7.17274,-4.8296,-0.105888,-0.586879,-10.8786,-12.3339,0.42,0.419332,-0.0917595,30.3124,0.444679,-0.332385,0.256018,0.134264,2.38489,-0.25841,-0.0889359,0,0,0,0.0664771,0,1872,1493,2025,1871
5.89678e+08,-1.1896,0.328037,10.9317,1.70872,-19.7984,-1.32345,-15.3171,-6.20777,2.54444,-0.240033,3.44076,-10.7565,-11.501,0.414,0.419305,-0.0799924,30.2947,0.449546,-0.329791,0.243337,0.129703,2.34098,-0.24278,-0.0899092,0,0,0,0.0659582,0,1817,1501,2053,1851
5.89699e+08,0.787708,-0.310193,8.84442,-2.00075,-24.1649,-1.66252,-23.8723,5.08638,11.6131,-0.179043,11.5054,-10.2985,-10.2256,0.414,0.413627,-0.0911355,30.2947,0.454426,-0.327048,0.243996,0.137139,2.35061,-0.275464,-0.0908852,0,0,0,0.0654097,0,1708,1519,2189,1882
5.8972e+08,1.23433,-0.652188,8.64405,-4.27159,-0.119058,-1.79552,-0.0409785,8.1039,11.5368,0.00499657,11.386,-8.83282,-8.80565,0.414,0.413242,-0.087854,30.2771,0.459133,-0.323958,0.235348,0.154542,2.3227,-0.348562,-0.0918266,0,0,0,0.0647915,0,1867,1693,2014,1716
5.89741e+08,-0.644879,-0.731665,9.00405,-4.63381,21.3466,-1.48245,14.3937,-4.08317,-5.69983,-0.0229737,1.41092,-7.51984,-8.44881,0.409,0.411447,-0.0817443,30.2771,0.463888,-0.320699,0.237741,0.162943,2.33915,-0.385776,-0.0927776,0,0,0,0.0641397,0,2042,1728,1832,1679
5.89762e+08,-0.265745,1.18302,10.9893,6.14259,16.7664,-1.04259,16.5448,-1.37731,-5.69983,-0.201281,-5.73013,-7.13817,-7.17343,0.409,0.408482,-0.0900953,30.2888,0.473479,-0.313998,0.240007,0.169226,2.36205,-0.418263,-0.0946957,0,0,0,0.0627996,0,2123,1714,1764,1729
5.89782e+08,-1.11841,1.90796,11.0078,9.78387,4.84277,-0.968203,4.58989,-5.71675,-9.21128,-0.474619,-9.16179,-7.2603,-7.25284,0.409,0.408323,-0.0846078,30.2741,0.478125,-0.310717,0.232337,0.16405,2.33802,-0.401072,-0.0956251,0,0,0,0.0621434,0,2063,1598,1817,1836
5.89803e+08,-0.938703,-0.300559,9.44185,-1.81432,-18.745,-1.13454,-18.6458,-5.6748,-8.18838,-0.593947,-8.02357,-5.99313,-6.08498,0.403,0.40471,-0.096268,30.3006,0.482593,-0.30762,0.223382,0.15486,2.30862,-0.367551,-0.0965186,0,0,0,0.061524,0,1899,1458,2003,2018
5.89824e+08,0.309945,0.390655,9.57959,2.33401,-13.9206,-1.39264,-14.0482,1.85161,1.49101,-0.632356,1.45028,-5.80992,-5.86509,0.403,0.402455,-0.0952121,30.2624,0.486927,-0.304349,0.216698,0.163534,2.28817,-0.405906,-0.0973854,0,0,0,0.0608699,0,1864,1559,2042,1925
5.89845e+08,-1.3019,0.597779,12.3758,2.75022,-6.31753,-1.81246,-21.7856,-5.99836,5.29253,-0.595274,9.80651,-3.76412,-4.88098,0.403,0.402197,-0.089754,30.2829,0.490964,-0.300948,0.201825,0.170061,2.23451,-0.435819,-0.0981927,0,0,0,0.0601896,0,1735,1560,2154,1925
5.89866e+08,-1.34244,0.376205,11.2358,1.90416,-4.31753,-1.86043,-4.21794,-6.80952,4.30017,-0.524637,4.42515,-1.84046,-1.90613,0.399,0.399248,-0.0751116,30.2182,0.494904,-0.297124,0.197032,0.191184,2.22116,-0.524812,-0.0989808,0,0,0,0.0594249,0,1876,1653,1970,1842
5.89886e+08,-1.54314,0.812128,10.7903,4.26102,17.7741,-1.56534,17.5827,-8.11608,-4.06624,-0.511929,-3.93883,-1.36717,-1.40461,0.399,0.398424,-0.065246,30.2712,0.498801,-0.293096,0.194865,0.20143,2.21829,-0.570446,-0.0997603,0,0,0,0.0586192,0,2086,1748,1743,1737
5.89906e+08,0.11911,-0.300559,9.9419,-1.73149,3.74354,-1.33895,3.82549,0.686092,-7.21128,-0.542701,-7.16984,0.983972,0.904313,0.399,0.398409,-0.0644211,30.28,0.502661,-0.289023,0.192973,0.203663,2.21649,-0.584008,-0.100532,0,0,0,0.0578045,0,2004,1641,1804,1865
5.89926e+08,0.391375,-0.483599,9.53063,-2.90234,-5.17249,-1.17469,-5.02419,2.34851,-3.31815,-0.75293,-3.5077,1.56412,1.53025,0.394,0.394714,-0.0675479,30.2624,0.506455,-0.285015,0.189705,0.200395,2.2091,-0.575429,-0.101291,0,0,0,0.0570029,0,1926,1615,1894,1915
5.89947e+08,-0.64763,0.573695,10.369,3.16069,-16.7755,-1.30464,-16.8364,-3.56852,1.3994,-0.845886,1.3395,-0.0999974,-0.059022,0.394,0.393522,-0.0686424,30.2359,0.510122,-0.280848,0.183327,0.208339,2.18907,-0.61203,-0.102024,0,0,0,0.0561696,0,1818,1559,2023,1962
5.89968e+08,-0.602176,0.267826,10.2497,1.49423,-10.4549,-1.58308,-10.639,-3.36115,8.36124,-0.83022,8.3628,2.14428,2.06738,0.394,0.393377,-0.063037,30.2359,0.513566,-0.276845,0.172204,0.200156,2.14974,-0.583748,-0.102713,0,0,0,0.055369,0,1792,1654,2019,1876
5.89989e+08,-1.68139,-0.0549012,10.1647,-0.305313,3.28552,-1.75187,-12.2084,-9.39242,8.78872,-0.4365,19.6722,1.62519,0.440619,0.393,0.392637,-0.0597675,30.2418,0.516885,-0.272626,0.165992,0.210951,2.12996,-0.631862,-0.103377,0,0,0,0.0545251,0,1700,1719,2124,1795
5.9001e+08,-0.396769,0.07997,10.0403,0.45599,8.72064,-1.70807,8.53114,-2.26295,6.63605,-0.169654,6.7559,1.09084,1.09688,0.393,0.392424,-0.0571641,30.2594,0.520185,-0.268129,0.164985,0.22483,2.13104,-0.692702,-0.104037,0,0,0,0.0536258,0,1932,1781,1882,1735
5.9003e+08,-0.397199,1.62617,11.586,7.985,9.08705,-1.43146,9.05111,-1.94443,1.52154,-0.0700006,1.54857,0.693896,0.739927,0.393,0.392448,-0.0547591,30.2624,0.523457,-0.263559,0.163597,0.228493,2.13055,-0.712669,-0.104691,0,0,0,0.0527119,0,1975,1749,1838,1760
5.90051e+08,-0.119988,0.828987,9.62102,4.92429,11.4382,-1.10358,11.3073,-0.711886,-7.63876,-0.261108,-7.69962,0.0526743,0.114241,0.39,0.39001,-0.0563169,30.2535,0.52672,-0.25913,0.16312,0.221486,2.13372,-0.689675,-0.105344,0,0,0,0.0518259,0,2071,1703,1757,1810
5.90072e+08,-1.0557,-0.312601,10.6765,-1.66897,-10.2259,-1.12376,-10.1425,-5.64469,-11.425,-0.511806,-11.3599,-0.115265,-0.109251,0.39,0.38955,-0.0577135,30.2682,0.529886,-0.254717,0.158331,0.220647,2.11948,-0.691408,-0.105977,0,0,0,0.0509433,0,1951,1522,1884,1993
5.90093e+08,2.07245,-0.606428,7.77443,-4.31028,-20.5465,-1.20858,-8.4372,14.8832,3.33834,-0.89371,-9.58078,-2.03893,-0.895847,0.39,0.389492,-0.0537365,30.2565,0.53285,-0.250696,0.1482,0.201024,2.08355,-0.617314,-0.10657,0,0,0,0.0501392,0,1953,1534,1883,1969
5.90114e+08,0.386355,0.395472,9.33498,2.42378,-6.86715,-1.51778,-6.94644,2.36787,8.72765,-0.731696,8.58342,-3.85572,-3.75499,0.387,0.386711,-0.065615,30.2624,0.53567,-0.246251,0.141002,0.222247,2.05922,-0.707583,-0.107134,0,0,0,0.0492502,0,1857,1675,2034,1831
5.90135e+08,-0.616433,0.0173512,10.6387,0.0932902,-4.13433,-1.61399,-4.10327,-3.31615,11.3536,-0.562622,11.4048,-2.63435,-2.66748,0.387,0.386393,-0.0647563,30.2535,0.53822,-0.241901,0.127477,0.217514,2.00918,-0.693642,-0.107644,0,0,0,0.0483802,0,1848,1722,2034,1795
5.90156e+08,-0.632981,-0.584752,10.132,-3.29665,12.1405,-1.55962,11.8835,-3.56888,6.40704,-0.398296,6.50224,-1.87099,-1.97559,0.387,0.38642,-0.0576706,30.2241,0.54066,-0.237418,0.121996,0.22412,1.99126,-0.72535,-0.108132,0,0,0,0.0474837,0,1986,1801,1877,1709
5.90177e+08,0.821349,-1.06884,9.03311,-6.72068,4.20155,-1.43534,7.41371,5.15962,0.620778,-0.352752,-7.42186,-3.39771,-3.29279,0.382,0.381942,-0.0612182,30.2535,0.543127,-0.232856,0.123357,0.228135,2.00083,-0.746776,-0.108625,0,0,0,0.0465712,0,2071,1677,1825,1842
5.90198e+08,0.0854721,0.448457,9.83154,2.61159,-7.4473,-1.37786,-7.42667,0.49758,-9.79144,-0.503502,-9.8286,-3.61145,-3.5733,0.382,0.381478,-0.061889,30.2565,0.545657,-0.228433,0.126515,0.221116,2.01768,-0.723782,-0.109131,0,0,0,0.0456867,0,1989,1553,1914,1967
5.90219e+08,-0.759695,-0.0139582,10.5034,-0.0759427,-6.13433,-1.41684,-6.14458,-4.13689,-15.3487,-0.805666,-15.2548,-2.81755,-2.89401,0.379,0.38036,-0.0573148,30.2329,0.548081,-0.224295,0.121206,0.206946,2.00045,-0.671756,-0.109616,0,0,0,0.0448589,0,2034,1520,1858,2002
5.90239e+08,-1.84143,0.149814,10.9391,0.773746,-5.12669,-1.56831,-5.27751,-9.5544,-8.05098,-1.04245,-7.92103,-3.42824,-3.45491,0.379,0.378598,-0.0561033,30.2359,0.550427,-0.2201,0.117291,0.209735,1.98871,-0.687827,-0.110085,0,0,0,0.04402,0,1994,1573,1908,1948
5.9026e+08,-0.411103,0.104054,10.2374,0.581871,1.80461,-1.53944,1.79166,-2.29947,5.94902,-1.1268,5.92484,-3.70305,-3.64936,0.379,0.378456,-0.0463039,30.2035,0.552439,-0.215838,0.100616,0.213098,1.92539,-0.706291,-0.110488,0,0,0,0.0431676,0,1939,1713,1948,1790
5.90281e+08,-0.229902,1.0915,10.4905,5.93865,8.98018,-1.49474,-6.81104,-1.24871,7.91849,-0.979943,8.24532,-3.0771,-2.04778,0.376,0.377382,-0.0491292,30.2212,0.554193,-0.21164,0.0876797,0.209889,1.87673,-0.698324,-0.110839,0,0,0,0.042328,0,1856,1682,2025,1843
5.90302e+08,1.27726,-0.476374,8.16232,-3.30007,3.11758,-1.38223,3.20891,8.8788,6.91085,-0.86609,6.73648,-2.49694,-2.45112,0.376,0.375652,-0.0457826,30.2418,0.5572,-0.203615,0.0721559,0.201295,1.8203,-0.673216,-0.11144,0,0,0,0.040723,0,1939,1744,1946,1777
5.90322e+08,-0.70009,0.313586,10.568,1.69593,4.41529,-1.27873,4.28402,-3.78842,-2.98228,-0.922388,-2.96309,-2.75649,-2.76742,0.376,0.375567,-0.039936,30.2506,0.558702,-0.199607,0.0750719,0.200429,1.83491,-0.674431,-0.11174,0,0,0,0.0399213,0,2014,1677,1863,1831
5.90342e+08,-0.14081,-1.57461,9.25393,-9.65562,-12.5465,-1.33986,-12.2464,-0.85941,-5.31815,-0.946243,-5.31625,-2.83282,-2.85636,0.376,0.375586,-0.0385952,30.2153,0.560109,-0.195862,0.0703944,0.187228,1.81895,-0.625847,-0.112022,0,0,0,0.0391724,0,1912,1540,1965,1966
5.90362e+08,-1.88217,0.660398,11.289,3.30246,-4.54654,-1.44749,-4.6956,-9.44977,-11.9288,-1.10369,-11.724,-3.0313,-3.11547,0.376,0.375543,-0.0372494,30.2418,0.56147,-0.19239,0.0680255,0.173606,1.8122,-0.575234,-0.112294,0,0,0,0.038478,0,2011,1542,1866,1959
5.90382e+08,0.190844,-0.657005,8.86812,-4.23611,-10.7297,-1.55859,-10.6892,1.22946,-2.81434,-1.12041,-2.80374,-2.60381,-2.65609,0.376,0.375543,-0.0375366,30.2329,0.562648,-0.188981,0.0589114,0.17045,1.77816,-0.566529,-0.11253,0,0,0,0.0377962,0,1901,1563,1972,1942
5.90403e+08,-0.356002,-0.543809,9.5573,-3.25436,-16.4244,-1.58868,-16.1411,-2.1298,1.94902,-1.13906,1.95213,-2.32901,-2.32723,0.374,0.374347,-0.0369597,30.2182,0.563706,-0.18543,0.05289,0.177527,1.75638,-0.599046,-0.112741,0,0,0,0.0370861,0,1829,1562,2045,1950
5.90424e+08,1.39187,-0.452289,8.18126,-3.11956,-9.37097,-1.64694,-9.11754,9.6408,8.52917,-0.995841,8.35627,-3.00076,-2.91147,0.374,0.373617,-0.0395623,30.2094,0.56461,-0.182004,0.0452091,0.17133,1.72774,-0.57818,-0.112922,0,0,0,0.0364008,0,1836,1659,2049,1854
5.90445e+08,-0.217433,-0.813551,9.4048,-4.94269,-3.32516,-1.5954,8.11249,-1.31948,2.42231,-0.856432,5.92131,-2.51221,-3.04609,0.374,0.373545,-0.0385576,30.2124,0.565464,-0.178708,0.0426915,0.164802,1.71976,-0.555826,-0.113093,0,0,0,0.0357415,0,1974,1765,1911,1745
5.90466e+08,-0.482586,-0.442656,10.6046,-2.38778,-1.92058,-1.57,-1.72095,-2.60331,-1.89831,-0.807805,-1.82641,-2.77175,-2.80158,0.374,0.373536,-0.0378096,30.2182,0.566212,-0.175512,0.0374165,0.159765,1.70058,-0.539329,-0.113242,0,0,0,0.0351025,0,1957,1642,1925,1870
5.90487e+08,0.95992,-1.34581,8.00925,-9.47188,-1.69158,-1.50098,-1.47149,6.74077,1.49101,-0.726501,1.37513,-5.55038,-5.49954,0.374,0.373561,-0.0438739,30.2006,0.566907,-0.172408,0.0347513,0.155228,1.69181,-0.524731,-0.113381,0,0,0,0.0344816,0,1953,1661,1964,1836
5.90508e+08,0.00922663,-0.146421,9.70245,-0.864592,-7.72211,-1.45912,-7.66242,0.0544797,0.681847,-0.728332,0.640817,-6.45114,-6.43639,0.374,0.373571,-0.0393953,30.2212,0.567626,-0.169158,0.0359534,0.162481,1.69858,-0.557607,-0.113525,0,0,0,0.0338316,0,1916,1604,2002,1876
5.90529e+08,-0.577843,-1.36508,9.74849,-7.95749,-8.83662,-1.48264,0.308605,-3.35955,2.55971,-0.631359,4.90403,-7.19923,-7.99442,0.372,0.372374,-0.0450302,30.2241,0.568244,-0.166009,0.0308692,0.157454,1.68001,-0.541107,-0.113649,0,0,0,0.0332018,0,1954,1692,1992,1788
5.9055e+08,0.807039,-1.13146,8.61516,-7.44981,1.49926,-1.60389,1.42813,5.30636,4.91085,-0.521795,4.83153,-9.32137,-9.32034,0.372,0.371579,-0.0479674,30.2065,0.568738,-0.163135,0.0246878,0.14372,1.65688,-0.48935,-0.113748,0,0,0,0.0326269,0,1969,1697,1997,1779
5.90571e+08,1.35625,-1.15555,7.67682,-8.43148,-14.7603,-1.6808,-14.471,9.90957,5.15513,-0.315679,5.05881,-11.0466,-10.9638,0.372,0.371502,-0.0543182,30.2241,0.569138,-0.160577,0.0200207,0.127891,1.63971,-0.428793,-0.113828,0,0,0,0.0321154,0,1862,1584,2129,1887
5.90592e+08,0.297993,0.436415,9.07634,2.75134,-1.72211,-1.72328,-1.72229,1.87828,-2.58533,-0.36547,-2.62564,-12.4511,-12.3637,0.371,0.37072,-0.0547013,30.2241,0.569591,-0.158063,0.0226652,0.125689,1.65193,-0.422841,-0.113918,0,0,0,0.0316126,0,2016,1614,1992,1848
5.90613e+08,0.0597871,-1.64205,9.30826,-10.0043,-2.54654,-1.72541,7.29941,0.362411,-3.95937,-0.394636,-3.04194,-12.1458,-11.8681,0.371,0.370438,-0.0600898,30.2241,0.570063,-0.155546,0.0236105,0.125835,1.65737,-0.426315,-0.114013,0,0,0,0.0311093,0,2086,1682,1927,1794
5.90634e+08,1.24858,-0.377629,8.46878,-2.5259,7.33132,-1.59029,7.42435,8.37868,3.81162,-0.357729,3.62794,-15.2298,-15.1453,0.371,0.37041,-0.0644953,30.1947,0.570533,-0.152931,0.0234518,0.130765,1.65837,-0.449103,-0.114106,0,0,0,0.0305862,0,2060,1722,1991,1733
5.90654e+08,-1.46423,0.412331,11.623,2.01582,9.19392,-1.43907,8.9724,-7.17564,-1.77617,-0.370921,-1.66238,-15.5198,-15.5116,0.369,0.368736,-0.0627198,30.2094,0.57086,-0.150395,0.0163842,0.126794,1.63148,-0.436097,-0.114172,0,0,0,0.030079,0,2113,1696,1944,1756
5.90675e+08,-1.06556,0.768776,10.6284,4.11656,-3.09616,-1.38067,-3.18908,-5.71026,0.513908,-0.397608,0.621548,-16.2069,-16.2461,0.369,0.368505,-0.0550193,30.1947,0.571136,-0.148085,0.0138082,0.115517,1.62254,-0.393509,-0.114227,0,0,0,0.029617,0,2009,1616,2044,1817
5.90696e+08,1.06227,-0.168097,8.46453,-1.12883,-20.7755,-1.58247,-20.471,7.15164,7.12459,-0.19691,7.06206,-17.2908,-17.2373,0.369,0.368451,-0.0640521,30.2182,0.571346,-0.145901,0.0104729,0.109182,1.61048,-0.370585,-0.114269,0,0,0,0.0291803,0,1847,1543,2231,1897
5.90717e+08,-0.346596,-0.0235918,10.6835,-0.126456,-0.683943,-1.80567,-10.5714,-1.85814,-1.04334,-0.194033,-0.836733,-17.5198,-17.3339,0.365,0.36503,-0.0663615,30.1682,0.57149,-0.14396,0.00721509,0.0970582,1.59864,-0.324144,-0.114298,0,0,0,0.028792,0,1979,1561,2117,1894
5.90738e+08,-0.979248,-0.473965,10.3842,-2.60181,-2.40913,-1.91218,-2.41919,-5.3816,-6.75327,-0.211769,-6.59472,-16.8481,-16.9406,0.365,0.364366,-0.0682362,30.1888,0.571613,-0.142244,0.00615099,0.0858147,1.59558,-0.280952,-0.114323,0,0,0,0.0284488,0,2076,1579,2020,1882
5.90759e+08,0.357807,0.0125344,8.56752,0.0837514,7.89621,-1.87105,7.81537,2.39146,-3.44029,-0.271501,-3.47932,-18.8786,-18.8462,0.365,0.364343,-0.0665595,30.1918,0.571753,-0.140715,0.00699741,0.0764488,1.6002,-0.245057,-0.114351,0,0,0,0.028143,0,2136,1663,1977,1778
5.9078e+08,0.85723,-1.29764,8.38929,-8.7479,8.15575,-1.65029,8.27871,5.76621,-3.42502,-0.252878,-3.46798,-18.0542,-18.0813,0.362,0.361643,-0.0767525,30.1947,0.569466,-0.139277,0,0.0719071,1.57134,-0.228399,-0.113893,0,0,0,0.0278553,0,2149,1684,1979,1786
5.90801e+08,-0.341507,-1.14832,9.19306,-7.11518,1.484,-1.38409,7.86321,-2.11108,-4.27998,-0.306387,-3.07152,-17.6725,-18.5686,0.362,0.361376,-0.0728065,30.1859,0.567188,-0.137893,0,0.0691998,1.57055,-0.219033,-0.113438,0,0,0,0.0275785,0,2149,1683,1982,1780
5.90822e+08,-0.365624,-0.290926,9.49598,-1.75351,-7.11142,-1.28392,-3.72767,-2.20394,-4.47846,-0.307485,1.36514,-19.1076,-18.8776,0.356,0.3614,-0.0671778,30.1918,0.564919,-0.136585,0,0.0653939,1.56977,-0.205167,-0.112984,0,0,0,0.027317,0,2034,1628,2093,1824
5.90843e+08,1.43218,0.568878,8.93074,3.59889,-18.0733,-1.42589,-17.9481,9.09256,2.01009,-0.27239,1.85831,-18.1916,-18.1109,0.356,0.355717,-0.0863048,30.1829,0.560409,-0.134556,0,0.0444687,1.56821,-0.123304,-0.112082,0,0,0,0.0269112,0,1927,1536,2203,1932
5.90864e+08,-0.735788,-0.11752,10.3394,-0.649564,-4.25646,-1.66248,-4.35073,-4.07023,-4.55479,-0.426143,-4.53621,-17.5504,-17.5684,0.356,0.355333,-0.0770062,30.1976,0.558168,-0.133879,0,0.0338599,1.56744,-0.0813633,-0.111634,0,0,0,0.0267758,0,2066,1583,2060,1889
5.90885e+08,-0.126692,-0.823185,9.19339,-5.11619,-0.714478,-1.81123,0.676397,-0.786385,-5.79144,-0.290836,-3.01989,-16.6801,-18.0044,0.353,0.354166,-0.0819803,30.1741,0.555935,-0.133346,0,0.0266518,1.56666,-0.0528814,-0.111187,0,0,0,0.0266692,0,2089,1627,2042,1840
5.90906e+08,0.33847,0.855479,10.0528,4.86134,13.255,-1.62714,13.0614,1.92144,-3.68457,-0.407838,-3.72627,-18.1916,-18.0729,0.353,0.352386,-0.0798038,30.1682,0.553711,-0.132799,0,0.0273675,1.5659,-0.0561983,-0.110742,0,0,0,0.0265597,0,2187,1710,1945,1756
5.90926e+08,-0.2484,-1.08089,10.0098,-6.16118,17.8199,-1.32359,17.6487,-1.41333,-6.55479,-0.616011,-6.52414,-15.6878,-15.7625,0.353,0.352394,-0.0631164,30.1888,0.551496,-0.13216,0,0.0319075,1.56513,-0.0749689,-0.110299,0,0,0,0.0264321,0,2236,1735,1876,1751
5.90947e+08,0.0208846,0.865113,10.0982,4.89657,4.84277,-1.05498,4.78019,0.118064,-2.31052,-0.668136,-2.34966,-15.8252,-15.8421,0.35,0.350686,-0.062665,30.1506,0.55164,-0.131386,0.00716705,0.0387213,1.59507,-0.103033,-0.110328,0,0,0,0.0262772,0,2120,1675,1993,1810
5.90968e+08,-1.45937,0.106463,11.0741,0.546086,-10.7755,-1.05797,-10.7719,-7.50697,-6.49373,-0.766919,-6.35404,-16.6496,-16.6476,0.35,0.349617,-0.0561752,30.1682,0.549433,-0.13098,0,0.0203172,1.56556,-0.029491,-0.109887,0,0,0,0.0261959,0,2042,1530,2079,1947
5.90989e+08,0.923771,-0.151238,9.23868,-0.933199,-17.9053,-1.22933,-13.3697,5.70924,-0.814336,-0.898075,-5.94805,-17.8405,-15.5818,0.35,0.349549,-0.043796,30.1447,0.547235,-0.130481,0,0.0249284,1.5648,-0.0483742,-0.109447,0,0,0,0.0260962,0,2011,1510,2091,1966
5.9101e+08,0.505909,-0.189772,10.3145,-1.05278,-12.8061,-1.59044,-12.7271,2.80754,0.819252,-0.918342,0.703949,-16.8786,-16.8329,0.347,0.347308,-0.0424718,30.1829,0.545046,-0.130033,0,0.022399,1.56404,-0.038556,-0.109009,0,0,0,0.0260066,0,1973,1554,2147,1916
5.91031e+08,0.660981,0.306361,10.2653,1.70591,2.04888,-1.5613,1.96023,3.68254,0.376504,-0.950677,0.310534,-15.413,-15.4112,0.347,0.346614,-0.0405916,30.1476,0.542866,-0.129887,0,0.00731413,1.56329,0.0219988,-0.108573,0,0,0,0.0259774,0,2073,1660,2033,1820
5.91052e+08,-0.0171869,0.38343,9.95261,2.20626,14.8733,-1.32376,14.9223,-0.0988692,-4.32579,-0.999246,-4.35513,-14.558,-14.5479,0.347,0.346618,-0.0290555,30.2065,0.542193,-0.129777,-0.0336786,0.0055139,1.42836,0.0293179,-0.108439,0,0,0,0.0259553,0,2186,1717,1892,1751
5.91073e+08,-0.0319224,1.85256,10.4916,10.0138,13.3924,-1.06587,5.48242,-0.171676,-5.53189,-1.00871,-7.88011,-14.4969,-12.3191,0.345,0.345173,-0.0335578,30.13,0.541659,-0.129257,-0.0266869,0,1.45672,0.0512531,-0.108332,0,0,0,0.0258515,0,2145,1644,1928,1857
5.91094e+08,0.226344,0.486992,10.4725,2.66182,2.26262,-0.698015,2.12185,1.23681,-3.98991,-1.09016,-4.09946,-13.7183,-13.6584,0.345,0.344757,-0.0229199,30.1535,0.541263,-0.129565,-0.0197903,-0.0153635,1.48488,0.113497,-0.108253,0,0,0,0.0259129,0,2097,1634,1970,1836
5.91114e+08,-0.487007,-1.71912,9.98051,-9.76174,-9.53891,-0.954339,-9.57621,-2.7531,-2.05098,-1.14318,-2.05323,-12.1458,-12.217,0.345,0.34476,-0.0174355,30.1594,0.540882,-0.130507,-0.0190789,-0.0470942,1.48824,0.242185,-0.108176,0,0,0,0.0261013,0,1985,1562,2062,1913
5.91135e+08,0.658768,-0.322235,9.39533,-1.95952,-15.89,-1.17192,-15.7697,4.00847,7.10933,-1.03956,7.03636,-13.6572,-13.632,0.345,0.344789,-0.0106315,30.18,0.540453,-0.131699,-0.0214445,-0.059599,1.4792,0.294082,-0.108091,0,0,0,0.0263397,0,1872,1568,2176,1882
5.91156e+08,-0.831212,-0.440247,10.9777,-2.29001,-6.25646,-1.39358,-6.21344,-4.32662,5.93375,-0.887906,6.01167,-13.1229,-13.1243,0.345,0.344802,-0.00398115,30.1741,0.540004,-0.133003,-0.0224134,-0.0652404,1.47574,0.318597,-0.108001,0,0,0,0.0266007,0,1934,1624,2098,1818
5.91177e+08,-0.342091,0.949407,10.7753,5.03279,11.5145,-1.42688,6.35996,-1.81139,8.43757,-0.630671,7.24919,-12.4969,-11.9398,0.345,0.344837,-0.00666478,30.1476,0.539692,-0.134218,-0.0155926,-0.0607175,1.50369,0.302234,-0.107938,0,0,0,0.0268435,0,2008,1732,2018,1724
5.91198e+08,-1.45234,0.614638,11.1461,3.12991,24.0183,-0.909037,23.7162,-7.41272,-2.34105,-0.596493,-2.21383,-12.5275,-12.5275,0.343,0.343093,-0.00395222,30.1594,0.539501,-0.135467,-0.00959516,-0.0624823,1.5285,0.311135,-0.1079,0,0,0,0.0270935,0,2209,1793,1825,1660
5.91219e+08,0.735377,-1.03513,8.49666,-6.92034,0.552698,-0.751833,0.78915,4.91044,-5.31815,-0.558676,-5.30146,-13.1687,-13.2113,0.343,0.342931,-0.00823492,30.13,0.537343,-0.137175,0,-0.0853915,1.56623,0.405422,-0.107469,0,0,0,0.027435,0,2076,1609,1972,1845
5.9124e+08,1.47582,-1.79378,8.61827,-11.5934,-10.8519,-1.05862,-10.5838,9.51715,-2.03571,-0.370807,-2.16667,-12.0542,-12.1101,0.343,0.342819,-0.0232893,30.1565,0.537484,-0.138978,0.00706743,-0.0901264,1.59574,0.426939,-0.107497,0,0,0,0.0277956,0,1975,1566,2090,1923
5.91261e+08,0.656537,-0.885804,8.02925,-6.27476,-17.1878,-1.1654,-1.27638,4.64651,0.849786,-0.456773,-1.23692,-14.1916,-14.4817,0.346,0.345515,-0.0106906,30.1594,0.537768,-0.141257,0.0142038,-0.113946,1.62571,0.525602,-0.107554,0,0,0,0.0282513,0,2029,1609,2027,1829
5.91282e+08,0.575011,0.335262,9.69798,1.97647,-6.07326,-1.37722,-6.10947,3.39118,7.09406,-0.335003,6.93854,-15.7947,-15.6676,0.346,0.345772,-0.0156864,30.1535,0.538442,-0.14629,0.0198637,-0.126196,1.65123,0.581613,-0.107688,0,0,0,0.0292581,0,1941,1629,2134,1805
5.91303e+08,-0.00302123,0.963858,10.0271,5.49069,10.5832,-1.39162,10.2341,-0.0171843,6.98719,-0.186062,6.96789,-15.413,-15.3574,0.345,0.345417,-0.0157726,30.1771,0.5389,-0.148659,0.0228604,-0.118441,1.66482,0.553768,-0.10778,0,0,0,0.0297318,0,2055,1748,2019,1688
5.91324e+08,-0.406357,0.210024,10.2661,1.17108,4.94964,-1.30173,5.02436,-2.26625,5.75055,-3.88216e-05,5.83909,-14.2374,-14.2256,0.345,0.344834,-0.0202203,30.1506,0.539489,-0.151067,0.0294647,-0.120394,1.69304,0.564912,-0.107898,0,0,0,0.0302134,0,2025,1716,2049,1740
5.91345e+08,1.32264,-0.517317,8.54447,-3.42401,12.5069,-1.10601,15.8474,8.78344,5.06353,0.17522,-3.09501,-14.9092,-13.653,0.345,0.344775,-0.0218019,30.1388,0.540325,-0.153802,0.0418041,-0.136758,1.74457,0.634272,-0.108065,0,0,0,0.0307604,0,2164,1736,1907,1727
5.91366e+08,-1.26112,-0.0813937,10.7032,-0.432711,8.78171,-0.926383,8.70409,-6.7198,-6.99754,0.216418,-6.87729,-14.2985,-14.3508,0.343,0.34356,-0.0299264,30.1565,0.541261,-0.156683,0.046802,-0.144056,1.76679,0.667464,-0.108252,0,0,0,0.0313367,0,2154,1666,1942,1808
5.91386e+08,0.642275,-1.12183,8.70079,-7.32713,5.85041,-0.925626,5.79588,4.18727,-3.7609,0.17058,-3.84899,-15.184,-15.2315,0.343,0.342798,-0.0372638,30.1359,0.542343,-0.159932,0.0541023,-0.162424,1.79842,0.745521,-0.108469,0,0,0,0.0319864,0,2123,1668,1995,1812
5.91407e+08,1.68319,-0.469148,8.60359,-3.06325,-10.8366,-0.983262,-10.6172,11.0534,3.50627,0.178347,3.29591,-16.0695,-15.9675,0.343,0.3427,-0.0393161,30.1418,0.543537,-0.16321,0.0596722,-0.163921,1.82327,0.755954,-0.108707,0,0,0,0.032642,0,1959,1597,2167,1875
5.91428e+08,-1.10594,0.0293933,10.6985,0.156581,-7.58471,-1.1361,-7.56046,-5.9019,1.00246,0.0679081,1.03706,-15.245,-15.2278,0.344,0.343304,-0.0289664,30.1565,0.544783,-0.166786,0.0623273,-0.178776,1.83648,0.820347,-0.108957,0,0,0,0.0333571,0,1985,1595,2120,1870
5.91449e+08,0.48477,-1.45419,8.95443,-9.21098,7.04125,-1.24797,7.38749,3.05883,2.71238,0.245208,0.673327,-14.7565,-15.8666,0.344,0.343648,-0.0300038,30.1271,0.546033,-0.170338,0.0625096,-0.177624,1.83979,0.820515,-0.109207,0,0,0,0.0340676,0,2093,1696,2018,1762
5.9147e+08,-1.14927,1.28418,11.7642,6.20044,17.0718,-1.10954,16.7503,-5.54692,-0.508992,0.288386,-0.418963,-16.3443,-16.3195,0.344,0.343711,-0.0250563,30.1476,0.547488,-0.173969,0.0727478,-0.181526,1.88369,0.841061,-0.109498,0,0,0,0.0347937,0,2168,1750,1941,1696
5.91491e+08,-0.0645574,-1.00622,8.47603,-6.76994,11.3924,-0.914989,11.5867,-0.43334,-3.6235,0.251126,-3.57189,-15.5962,-15.623,0.343,0.342992,-0.0340292,30.1535,0.549155,-0.177884,0.0833425,-0.195784,1.92929,0.903508,-0.109831,0,0,0,0.0355769,0,2162,1703,1958,1766
5.91512e+08,0.797723,-1.97682,8.62805,-12.8516,10.9954,-0.82696,11.164,5.14968,-7.24182,0.225468,-7.26398,-14.6802,-14.7556,0.343,0.342736,-0.0380645,30.1212,0.550962,-0.181933,0.0903373,-0.202418,1.96063,0.93555,-0.110192,0,0,0,0.0363865,0,2185,1680,1932,1801
5.91533e+08,0.307983,-1.1411,9.09754,-7.14517,-1.64578,-0.613062,9.22981,1.92386,-7.47082,0.000552176,-9.00721,-17.7947,-16.3347,0.343,0.342735,-0.0296119,30.1329,0.552863,-0.186141,0.0950699,-0.210427,1.98303,0.973319,-0.110573,0,0,0,0.0372283,0,2192,1640,1930,1816
5.91554e+08,-0.47764,-1.0568,9.71803,-6.1989,1.6214,-0.863594,1.47008,-2.79735,-3.88304,-0.0725234,-3.85643,-16.2069,-16.2131,0.339,0.339369,-0.0371891,30.1447,0.554915,-0.190366,0.102608,-0.211231,2.01686,0.982217,-0.110983,0,0,0,0.0380732,0,2103,1622,2029,1844
5.91575e+08,0.169082,0.320811,10.0093,1.83551,-2.66868,-0.972686,-2.77207,0.967277,3.01773,-0.0642155,2.9773,-15.9473,-15.9756,0.339,0.338759,-0.0382902,30.1182,0.557037,-0.194754,0.106069,-0.219432,2.03444,1.021,-0.111407,0,0,0,0.0389509,0,2022,1639,2108,1829
5.91596e+08,-1.31628,0.771185,10.7212,4.08368,3.5756,-0.944552,3.45035,-6.9815,-5.42502,-0.145076,-5.22939,-15.6267,-15.5918,0.339,0.33873,-0.0283176,30.1359,0.559195,-0.199161,0.107892,-0.220328,2.04549,1.03051,-0.111839,0,0,0,0.0398322,0,2124,1626,2003,1845
5.91617e+08,1.64968,-0.172913,8.86526,-1.09854,6.00308,-0.834095,13.4885,10.5393,-0.63113,-0.343934,-9.30032,-13.7336,-11.7714,0.339,0.338789,-0.0185847,30.1153,0.561598,-0.203438,0.120178,-0.213857,2.09883,1.01032,-0.11232,0,0,0,0.0406876,0,2205,1675,1873,1813
5.91638e+08,-0.879026,-0.233124,10.8475,-1.22714,8.87331,-0.600294,8.95153,-4.63179,-5.40976,-0.448878,-5.38215,-11.8252,-11.8549,0.339,0.338882,-0.00693718,30.1271,0.564163,-0.207726,0.128231,-0.214406,2.13539,1.01831,-0.112833,0,0,0,0.0415453,0,2140,1662,1919,1806
5.91658e+08,-2.08739,0.202799,11.8844,0.962884,8.84277,-0.339703,8.69682,-9.96052,-8.8754,-0.569862,-8.70825,-11.0618,-11.1246,0.339,0.338946,0.00161196,30.13,0.566791,-0.211957,0.131422,-0.211559,2.15254,1.01261,-0.113358,0,0,0,0.0423915,0,2156,1633,1881,1825
5.91679e+08,0.0999746,-0.182547,9.66195,-1.08233,4.6443,-0.339338,4.51782,0.592727,-6.72273,-0.641828,-6.68168,-10.9092,-10.949,0.339,0.339001,0.00653938,30.1182,0.569563,-0.216262,0.138568,-0.215244,2.18574,1.03322,-0.113913,0,0,0,0.0432525,0,2108,1612,1919,1838
5.917e+08,-0.661966,0.607413,11.2831,3.0762,-6.11906,-0.484629,-6.22269,-3.35278,-2.76853,-0.701531,-2.74546,-9.55038,-9.62755,0.339,0.339043,0.0157446,30.1329,0.572465,-0.220832,0.145121,-0.228486,2.21674,1.09249,-0.114493,0,0,0,0.0441664,0,1989,1558,2011,1888
5.91721e+08,-0.683177,-0.396896,10.6405,-2.13179,0.552698,-0.644657,-9.21485,-3.67112,-1.97464,-0.745105,2.91185,-9.04656,-9.47822,0.339,0.3391,0.0244387,30.1153,0.575379,-0.225361,0.145677,-0.22647,2.22369,1.09053,-0.115076,0,0,0,0.0450723,0,1918,1568,2067,1865
5.91742e+08,0.364814,0.576103,9.19284,3.58315,4.70537,-0.607098,4.73364,2.26812,8.08643,-0.692291,7.95311,-9.32137,-9.30122,0.341,0.341044,0.0321392,30.0918,0.581673,-0.234434,0.161612,-0.229579,2.29766,1.11529,-0.116335,0,0,0,0.0468869,0,1972,1693,1992,1721
5.91763e+08,0.747067,-0.139196,9.64009,-0.824778,9.05651,-0.488319,9.19045,4.43087,11.4299,-0.66398,11.2258,-9.1687,-9.06181,0.341,0.341199,0.0357531,30.1241,0.584961,-0.238773,0.164416,-0.216916,2.31413,1.0704,-0.116992,0,0,0,0.0477545,0,1977,1747,1977,1661
5.91784e+08,-0.726009,-0.933972,9.74693,-5.45847,14.568,-0.296104,14.6214,-4.24051,2.80398,-0.599916,2.89261,-8.0542,-8.07009,0.341,0.341226,0.0371723,30.1594,0.588465,-0.243123,0.175194,-0.217535,2.36285,1.07881,-0.117693,0,0,0,0.0486247,0,2072,1733,1871,1682
5.91805e+08,0.0402766,-0.175322,9.9303,-1.01146,-3.63051,-0.165371,-0.255093,0.23235,5.79635,-0.463953,9.15802,-7.42824,-8.48997,0.341,0.341233,0.0343952,30.1035,0.59208,-0.247407,0.180762,-0.214198,2.39082,1.07129,-0.118416,0,0,0,0.0494814,0,1927,1676,2026,1741
5.91826e+08,0.339046,-1.21576,8.61068,-8.03043,-4.14959,-0.338163,-4.09946,2.23274,-1.88304,-0.419344,-1.87822,-7.1229,-7.11631,0.341,0.34122,0.0312421,30.1388,0.595842,-0.251568,0.188091,-0.208028,2.42605,1.05224,-0.119168,0,0,0,0.0503136,0,1972,1576,1973,1857
5.91846e+08,0.0878707,0.409923,10.7123,2.19136,-6.04272,-0.536879,-6.14422,0.46963,1.15513,-0.468548,1.07029,-6.329,-6.33532,0.346,0.344201,0.0419043,30.1271,0.599779,-0.255586,0.196865,-0.20089,2.46731,1.02915,-0.119956,0,0,0,0.0511171,0,1918,1568,1993,1843
5.91867e+08,-1.12527,0.836212,11.1699,4.25986,5.13285,-0.618401,4.83088,-5.7367,-1.33342,-0.501207,-1.23548,-7.32137,-7.35772,0.346,0.346036,0.0414921,30.1388,0.603683,-0.259535,0.195209,-0.197489,2.46669,1.02096,-0.120737,0,0,0,0.0519071,0,2013,1621,1900,1775
5.91888e+08,-0.119571,-0.671455,8.26768,-4.64257,2.58323,-0.651639,2.74352,-0.82586,4.1475,-0.433411,4.16011,-8.81755,-8.78949,0.346,0.346183,0.0272737,30.1359,0.607714,-0.263193,0.201514,-0.182899,2.49817,0.967541,-0.121543,0,0,0,0.0526387,0,1979,1651,1972,1756
5.91909e+08,-0.86747,1.1469,10.4532,6.24004,17.5756,-0.396745,17.3692,-4.71573,5.00246,-0.347247,7.56862,-9.27557,-9.48507,0.349,0.347965,0.0287297,30.1329,0.611814,-0.266706,0.204993,-0.175647,2.51842,0.943375,-0.122363,0,0,0,0.0533412,0,2060,1776,1889,1617
5.9193e+08,0.281379,0.0727447,8.64841,0.481668,0.10995,-0.19793,0.236571,1.86342,6.42231,-0.179916,6.45066,-9.79465,-9.74351,0.349,0.349094,0.0206419,30.1094,0.616053,-0.270066,0.211987,-0.167989,2.55294,0.917392,-0.123211,0,0,0,0.0540132,0,1954,1655,2008,1745
5.91951e+08,-1.02708,-0.216265,10.0499,-1.22638,-0.867149,-0.230193,-0.836381,-5.83392,0.0100915,-0.0943686,0.153178,-9.94733,-9.97143,0.349,0.349122,0.0174921,30.1212,0.620423,-0.273579,0.218493,-0.175633,2.58568,0.952976,-0.124085,0,0,0,0.0547157,0,1993,1603,1976,1799
5.91972e+08,-0.0119084,-1.42529,9.19233,-8.81363,-14.1649,-0.458054,-13.8439,-0.0733486,-0.218916,-0.129868,-0.198503,-11.1076,-11.1389,0.351,0.35059,0.0151235,30.1447,0.625138,-0.277056,0.235757,-0.173849,2.66201,0.950714,-0.125028,0,0,0,0.0554111,0,1907,1498,2073,1893
5.91993e+08,-0.465731,-0.946014,9.30745,-5.79644,-9.47784,-0.557153,1.53623,-2.84995,-1.73037,-0.125262,0.812871,-11.5046,-11.7971,0.351,0.351027,0.0125082,30.0741,0.629822,-0.280349,0.234177,-0.164662,2.66273,0.91853,-0.125964,0,0,0,0.0560698,0,2012,1612,1976,1775
5.92014e+08,-0.642272,-1.51922,9.5916,-8.98055,-0.180127,-0.824518,-0.171611,-3.78389,-0.997542,-0.288534,-1.00186,-11.0008,-11.0225,0.351,0.351046,0.0110211,30.1624,0.634774,-0.28353,0.24759,-0.159051,2.72394,0.900555,-0.126955,0,0,0,0.056706,0,2011,1586,1974,1811
5.92035e+08,0.331674,-0.46674,9.03925,-2.95385,16.6901,-0.706724,16.4757,2.0986,4.48337,-0.253873,4.40105,-10.7107,-10.7353,0.353,0.352734,0.0129518,30.18,0.639762,-0.286444,0.249437,-0.145694,2.7388,0.851186,-0.127953,0,0,0,0.0572888,0,2087,1741,1886,1648
5.92056e+08,-1.90338,-0.334277,11.2114,-1.68373,10.5374,-0.590345,10.3842,-9.63112,-2.26472,-0.281752,-2.07918,-10.0084,-10.0583,0.353,0.353024,0.0140885,30.0947,0.644741,-0.289337,0.248911,-0.144668,2.74415,0.851248,-0.128948,0,0,0,0.0578674,0,2088,1654,1877,1738
5.92077e+08,-0.34172,-0.382445,10.0134,-2.18598,11.3466,-0.409858,-0.162874,-1.95311,-1.37922,-0.239755,-2.68885,-9.70305,-10.3062,0.353,0.353059,0.0103467,30.1329,0.649816,-0.292023,0.253756,-0.134285,2.77117,0.813524,-0.129963,0,0,0,0.0584046,0,2024,1580,1950,1816
5.92098e+08,-1.21804,-0.430614,10.6789,-2.29428,-1.08089,-0.49514,-1.18741,-6.50187,-5.8067,-0.334152,-5.63898,-10.1763,-10.1978,0.351,0.35122,0.00379477,30.1476,0.655021,-0.294682,0.260263,-0.132961,2.80503,0.812108,-0.131004,0,0,0,0.0589364,0,2047,1558,1944,1857
5.92118e+08,0.14774,-0.213856,9.71409,-1.26102,-9.85952,-0.593059,-9.81672,0.871125,-0.783802,-0.414391,-0.835604,-9.15343,-9.19439,0.351,0.351038,0.0064963,30.1094,0.660354,-0.297163,0.266668,-0.124032,2.83865,0.779968,-0.132071,0,0,0,0.0594325,0,1946,1531,2033,1888
5.92139e+08,0.591686,0.479767,9.33732,2.93549,-9.29463,-0.681161,-9.09222,3.6211,3.3994,-0.469304,3.25581,-9.13817,-9.08246,0.351,0.351026,0.00735466,30.1359,0.66563,-0.299634,0.263795,-0.12358,2.835,0.781818,-0.133126,0,0,0,0.0599269,0,1920,1563,2056,1855
5.9216e+08,-0.745117,-0.914705,9.99152,-5.21633,-1.27936,-0.782484,-1.1759,-4.24724,-3.44029,-0.644841,-3.38681,-6.86336,-6.81852,0.354,0.35377,0.0247835,30.1388,0.670927,-0.30202,0.264816,-0.119262,2.847,0.768062,-0.134185,0,0,0,0.0604039,0,1995,1558,1921,1840
5.92181e+08,0.792257,0.503851,9.31107,3.0863,-0.790814,-0.70931,9.59406,4.85638,1.91849,-0.793212,-7.00475,-5.2145,-3.03733,0.354,0.354118,0.032729,30.13,0.676249,-0.30425,0.266121,-0.111526,2.86018,0.740404,-0.13525,0,0,0,0.06085,0,2077,1618,1791,1800
5.92202e+08,-0.845417,-0.87617,9.74,-5.1211,0.262621,-0.539523,5.46246,-4.9409,-6.79907,-0.924748,-3.89979,-2.75649,-3.08254,0.356,0.354175,0.03827,30.1241,0.681524,-0.306205,0.263758,-0.0977634,2.85861,0.688232,-0.136305,0,0,0,0.0612411,0,2025,1607,1834,1801
5.92223e+08,-1.12461,-1.53126,9.79855,-8.82499,4.6443,-0.693685,4.64229,-6.46954,-5.98991,-1.23413,-5.99346,0.602293,0.584222,0.356,0.356075,0.0444096,30.1594,0.69222,-0.30993,0.266735,-0.0951251,2.88656,0.683478,-0.138444,0,0,0,0.061986,0,2012,1588,1798,1836
5.92244e+08,-0.337182,0.472541,10.7389,2.51831,3.27026,-0.66204,3.07965,-1.79666,4.59024,-1.23388,4.51424,-0.46641,-0.460072,0.356,0.356199,0.0483272,30.0947,0.697452,-0.311838,0.261593,-0.0953988,2.87381,0.687553,-0.13949,0,0,0,0.0623676,0,1927,1643,1884,1763
5.92265e+08,-0.0626945,0.881972,9.52609,5.28953,-7.50837,-0.721753,0.00958454,-0.375472,12.2696,-1.13763,12.3914,-1.35191,0.750543,0.36,0.357681,0.0482088,30.1418,0.702792,-0.313653,0.266972,-0.0907667,2.9034,0.671838,-0.140558,0,0,0,0.0627307,0,1841,1681,1956,1732
5.92286e+08,-0.205608,-0.401713,9.11341,-2.52328,6.18629,-0.672613,6.06633,-1.29118,11.9796,-0.819181,11.9708,-0.435875,-0.393038,0.36,0.360113,0.0491365,30.1182,0.708169,-0.315307,0.268888,-0.0826723,2.91916,0.642036,-0.141634,0,0,0,0.0630614,0,1884,1716,1913,1677
5.92307e+08,-0.129366,0.205207,11.3698,1.03392,0.0183465,-0.654715,-0.0100318,-0.651776,10.6971,-0.683956,10.6414,-0.0847303,-0.0773661,0.36,0.360258,0.0495251,30.1124,0.713522,-0.316776,0.267619,-0.073447,2.92213,0.607469,-0.142704,0,0,0,0.0633552,0,1847,1666,1945,1728
5.92328e+08,-1.67189,0.135363,10.8653,0.705468,7.36186,-0.637953,7.38898,-8.74704,-2.58533,-0.768617,-2.53286,0.8313,0.802223,0.363,0.362118,0.0624394,30.1359,0.718915,-0.318098,0.269657,-0.0660831,2.93842,0.580183,-0.143783,0,0,0,0.0636195,0,1977,1614,1779,1759
5.92349e+08,-0.270111,-0.290926,9.39856,-1.77225,0.720637,-0.700316,2.34388,-1.64542,-1.95937,-0.769532,-5.27652,1.12138,0.640425,0.363,0.363227,0.0591529,30.1418,0.724242,-0.319382,0.266371,-0.0642486,2.93328,0.575031,-0.144848,0,0,0,0.0638765,0,1962,1559,1798,1816
5.9237e+08,0.197913,-0.31501,8.84254,-2.03975,-2.13433,-0.786679,-2.09103,1.28136,-0.00517559,-0.864511,-0.072977,-1.56565,-1.44751,0.363,0.363269,0.0449564,30.0859,0.729635,-0.320553,0.26961,-0.0585304,2.95441,0.55416,-0.145927,0,0,0,0.0641106,0,1915,1564,1887,1815
5.9239e+08,0.365338,-1.30968,8.30185,-8.95646,5.81987,-0.838807,5.72916,2.48904,5.3994,-0.761484,5.34236,-0.710684,-0.7251,0.368,0.36697,0.0463686,30.1153,0.734843,-0.32162,0.260438,-0.0533388,2.92553,0.535273,-0.146969,0,0,0,0.064324,0,1919,1655,1861,1715
5.92411e+08,-0.862623,0.889197,11.127,4.55537,11.3924,-0.798408,11.0759,-4.41896,8.88032,-0.607348,8.92217,-1.3061,-1.29979,0.368,0.368102,0.0428866,30.1388,0.739914,-0.322655,0.253545,-0.0517356,2.90563,0.530739,-0.147983,0,0,0,0.0645309,0,1933,1720,1854,1647
5.92432e+08,-1.44496,-0.184956,9.5137,-1.10112,1.23972,-0.583481,1.22506,-8.63457,6.57498,-0.667594,6.66059,-1.71832,-1.69774,0.368,0.368272,0.0462004,30.1594,0.745103,-0.323527,0.25946,-0.0435987,2.93727,0.499796,-0.149021,0,0,0,0.0647053,0,1883,1631,1902,1726
5.92453e+08,-0.13402,-0.230715,8.85246,-1.49275,-6.43967,-0.623045,6.92932,-0.867059,8.05589,-0.476406,7.73405,-1.47404,-3.05609,0.372,0.371256,0.0461769,30.1388,0.750208,-0.324399,0.255251,-0.0436124,2.9282,0.501545,-0.150042,0,0,0,0.0648798,0,1913,1670,1873,1665
5.92474e+08,-1.72211,0.419556,10.8682,2.18353,-0.683943,-0.609698,-0.649926,-8.9973,-4.7838,-0.524049,-4.74406,-3.2603,-3.20039,0.372,0.372169,0.0416315,30.1212,0.755381,-0.325202,0.258627,-0.040169,2.94964,0.489344,-0.151076,0,0,0,0.0650404,0,1952,1528,1840,1810
5.92495e+08,-0.208222,0.409923,10.6105,2.21202,-1.14196,-0.7075,-1.26231,-1.1234,0.590244,-0.504687,0.552926,-3.84046,-3.84799,0.372,0.372199,0.0349187,30.1065,0.760496,-0.32598,0.255734,-0.0388835,2.94588,0.485766,-0.152099,0,0,0,0.065196,0,1918,1564,1893,1780
5.92516e+08,-0.773777,-0.893029,9.31493,-5.45757,0.674835,-0.715933,0.737418,-4.727,-5.97464,-0.581181,-5.84892,-3.2145,-3.32831,0.376,0.375557,0.035935,30.1359,0.765783,-0.326685,0.264362,-0.03525,2.98855,0.472681,-0.153157,0,0,0,0.065337,0,1970,1526,1822,1808
5.92537e+08,-0.7167,-0.0621264,10.311,-0.344386,13.1939,-0.633071,-4.71627,-3.97606,0.0253587,-0.653268,1.20351,-3.80992,-5.28047,0.376,0.376116,0.0304587,30.1359,0.770968,-0.327303,0.259258,-0.0309096,2.97603,0.456652,-0.154194,0,0,0,0.0654606,0,1896,1533,1922,1792
5.92558e+08,-0.976982,-0.0380423,10.081,-0.215206,4.81224,-0.691058,4.68511,-5.5354,3.03299,-0.679029,3.11778,-3.82519,-3.85532,0.376,0.376099,0.019274,30.1241,0.776003,-0.327859,0.251736,-0.0277905,2.95363,0.445444,-0.155201,0,0,0,0.0655718,0,1952,1629,1873,1728
5.92579e+08,0.0426236,-0.0284086,9.04495,-0.179954,7.43819,-0.629537,7.39759,0.269998,7.3994,-0.589416,7.33681,-4.17633,-4.18128,0.376,0.376049,0.00836826,30.0682,0.780949,-0.328312,0.247297,-0.0226785,2.94349,0.426115,-0.15619,0,0,0,0.0656625,0,1952,1688,1894,1684
5.926e+08,-2.14496,1.11559,11.969,5.24193,0.751171,-0.66273,0.523992,-10.1172,2.83452,-0.457174,3.02214,-3.27557,-3.34268,0.376,0.376028,0.0125417,30.1182,0.785777,-0.328682,0.241445,-0.0184928,2.92755,0.410396,-0.157155,0,0,0,0.0657365,0,1925,1611,1908,1762
5.92621e+08,-1.64574,0.539977,10.8422,2.81892,-2.72974,-0.834963,-7.80037,-8.62049,0.788718,-0.276977,6.19874,-4.17633,-4.12846,0.376,0.375994,-0.00113138,30.1535,0.79059,-0.329034,0.240632,-0.0176094,2.93181,0.4079,-0.158118,0,0,0,0.0658069,0,1853,1582,2009,1806
5.92642e+08,-1.50467,-0.112703,9.58747,-0.665352,-2.48547,-0.915378,-2.55638,-8.91873,-7.30289,-0.315601,-7.08602,-2.49694,-2.5855,0.377,0.37688,-0.00188594,30.1241,0.800104,-0.329478,0.237792,-0.00748228,2.93534,0.369051,-0.160021,0,0,0,0.0658956,0,1977,1530,1869,1870
5.92662e+08,-0.291718,0.130547,10.3513,0.722267,5.07178,-0.986048,4.72581,-1.61414,-6.41739,-0.434529,-6.39759,-3.18397,-3.19028,0.377,0.37692,0.000303565,30.18,0.804724,-0.32816,0.231032,0,2.91552,0.338586,-0.160945,0,0,0,0.0656321,0,2025,1580,1822,1811
5.92683e+08,-2.25473,0.889197,11.9093,4.19574,0.186285,-0.976694,0.00991343,-10.6915,-8.23418,-0.59105,-8.03688,-1.36717,-1.40461,0.374,0.375816,-0.0020403,30.1124,0.809133,-0.326848,0.220425,0,2.88002,0.338132,-0.161827,0,0,0,0.0653695,0,2001,1545,1838,1869
5.92704e+08,-0.981703,-0.233124,9.98095,-1.33158,3.63667,-0.924466,3.64899,-5.61589,0.697114,-0.792029,0.742366,-0.710684,-0.678389,0.374,0.374072,-0.00754679,30.0947,0.813394,-0.32554,0.213062,0,2.85735,0.33768,-0.162679,0,0,0,0.0651081,0,1972,1643,1877,1794
5.92725e+08,-1.98724,0.706158,11.339,3.51023,15.8809,-0.817926,-1.94866,-9.92172,0.910855,-0.700075,7.18756,1.79313,1.10969,0.374,0.373887,-0.00896281,30.1065,0.817359,-0.324238,0.19824,0,2.8044,0.33723,-0.163472,0,0,0,0.0648476,0,1880,1662,1957,1795
5.92746e+08,-0.248481,-0.791876,9.29564,-4.86742,-2.79081,-0.718086,-2.54228,-1.52568,4.57498,-0.640355,4.58747,1.01451,1.01257,0.374,0.373905,-0.00769697,30.1359,0.821254,-0.322941,0.194734,0,2.79676,0.336782,-0.164251,0,0,0,0.0645882,0,1893,1639,1941,1813
5.92767e+08,0.386544,-0.286109,8.34859,-1.96068,-4.82135,-0.730465,-4.76192,2.64938,1.56734,-0.601428,1.60002,0.327484,0.428532,0.374,0.373905,-0.00937331,30.1418,0.824905,-0.321649,0.182596,0,2.75419,0.336336,-0.164981,0,0,0,0.0643299,0,1902,1603,1941,1848
5.92788e+08,-1.15394,0.901239,11.36,4.51291,-8.57707,-0.850366,-8.67434,-5.78215,1.87269,-0.601546,1.92667,0.342751,0.382907,0.374,0.373879,-0.00636903,30.1094,0.828544,-0.321541,0.181915,0.0054004,2.75756,0.31513,-0.165709,0,0,0,0.0643083,0,1868,1573,1970,1872
5.92809e+08,0.491868,-1.21576,7.91727,-8.71347,-12.5618,-1.02834,-1.40655,3.5139,4.1475,-0.547579,3.60893,0.0679415,-0.617,0.374,0.373841,-0.0133095,30.1035,0.831983,-0.321426,0.171979,0.00578613,2.72358,0.314026,-0.166397,0,0,0,0.0642851,0,1915,1637,1944,1811
5.9283e+08,-0.332496,0.79286,9.47632,4.77973,6.01835,-1.12818,5.79404,-2.00252,3.44521,-0.49223,3.40956,-1.44351,-1.38573,0.374,0.373781,-0.0204266,30.1182,0.835227,-0.321181,0.162168,0.0122341,2.68984,0.288446,-0.167045,0,0,0,0.0642362,0,1976,1690,1904,1765
5.9285e+08,0.52507,-0.396896,9.609,-2.36171,-1.01982,-1.44569,-0.844382,3.12507,7.68948,-0.518756,7.51999,-0.496944,-0.484066,0.374,0.373689,-0.0296306,30.1035,0.838407,-0.32087,0.159008,0.0155451,2.68272,0.275363,-0.167681,0,0,0,0.064174,0,1900,1680,1988,1799
5.92871e+08,0.123922,-0.430614,8.80681,-2.799,1.02598,-1.30263,1.25439,0.805203,1.3994,-0.541119,1.38492,-1.00076,-1.02869,0.374,0.373684,-0.0293034,30.1124,0.841329,-0.320548,0.146103,0.0161155,2.63618,0.273257,-0.168266,0,0,0,0.0641096,0,1961,1650,1929,1822
5.92892e+08,0.589341,0.325628,9.69083,1.92096,6.06415,-1.26297,5.95827,3.47816,4.88032,-0.506863,4.7276,-4.81755,-4.6392,0.374,0.373686,-0.0293105,30.08,0.844032,-0.320014,0.135138,0.0266765,2.59716,0.230814,-0.168806,0,0,0,0.0640028,0,1987,1693,1935,1746
5.92913e+08,0.233801,-0.570302,9.40005,-3.47081,-8.97402,-1.21162,11.493,1.42217,3.1704,-0.527351,2.49514,-5.2145,-3.62006,0.374,0.373666,-0.0359718,30.0741,0.84655,-0.319403,0.125908,0.0305498,2.56487,0.215094,-0.16931,0,0,0,0.0638806,0,2045,1728,1881,1732
5.92934e+08,1.31548,-0.536584,7.78469,-3.8881,-2.25646,-1.2071,-2.11953,9.56914,7.81162,-0.404813,7.60671,-8.37481,-8.22325,0.374,0.373642,-0.0433379,30.1153,0.848993,-0.318823,0.122153,0.0290083,2.55444,0.22113,-0.169799,0,0,0,0.0637646,0,1936,1655,2043,1776
5.92955e+08,1.03113,0.183532,9.37208,1.11514,-2.10379,-1.14063,-2.17908,6.27733,6.74292,-0.281912,6.61453,-7.45878,-7.48904,0.374,0.373631,-0.0426638,30.0741,0.851239,-0.318035,0.112304,0.0394223,2.51933,0.178952,-0.170248,0,0,0,0.0636069,0,1939,1654,2033,1784
5.92976e+08,-1.63582,-0.765383,10.3131,-4.19221,1.22445,-1.27912,1.00549,-8.98867,-2.55479,-0.319594,-2.39561,-6.63435,-6.76356,0.374,0.373617,-0.0404607,30.1506,0.853214,-0.317276,0.0987671,0.0379146,2.4691,0.184625,-0.170643,0,0,0,0.0634553,0,2019,1612,1944,1828
5.92997e+08,-0.0742494,-0.500458,9.85153,-2.90804,1.97255,-1.34626,-0.805571,-0.431265,0.544443,-0.226931,0.601448,-9.79465,-9.32371,0.371,0.371067,-0.0487967,30.1065,0.855059,-0.316598,0.0922084,0.0339101,2.44668,0.200411,-0.171012,0,0,0,0.0633196,0,2005,1620,2003,1818
5.93018e+08,-0.666487,-0.310193,9.2303,-1.91976,2.6901,-1.34845,2.71649,-4.12763,-2.26472,-0.163441,-2.17905,-9.03129,-9.04388,0.371,0.37056,-0.0562081,30.1065,0.8568,-0.315804,0.0870606,0.0396938,2.4298,0.176793,-0.17136,0,0,0,0.0631609,0,2056,1636,1966,1821
5.93039e+08,-0.260845,0.737467,9.66136,4.36343,8.20155,-1.14944,8.08275,-1.54206,-0.63113,-0.211118,-0.587534,-11.1687,-11.0996,0.371,0.370525,-0.0554455,30.0888,0.858357,-0.314493,0.0778682,0.0655562,2.39647,0.0719901,-0.171671,0,0,0,0.0628986,0,2095,1678,1943,1757
5.9306e+08,0.606343,-0.70999,8.76321,-4.62095,5.40766,-0.917327,5.46136,3.94521,2.80398,-0.404384,2.7097,-11.8099,-11.7869,0.368,0.367871,-0.0539206,30.1153,0.859757,-0.313044,0.0699922,0.0724365,2.36822,0.0431431,-0.171951,0,0,0,0.0626089,0,2065,1684,1986,1751
5.93081e+08,0.393749,-0.435431,8.40532,-2.96227,-10.7603,-0.92231,-2.75122,2.67849,1.46047,-0.401424,0.627555,-13.3519,-11.16,0.368,0.367601,-0.0512144,30.0947,0.861021,-0.311659,0.0632236,0.0692734,2.34425,0.0546545,-0.172204,0,0,0,0.0623318,0,2016,1612,2026,1825
5.93102e+08,0.326925,-0.560668,8.68534,-3.69091,-6.19539,-1.16499,-10.6116,2.15118,3.01773,-0.3042,2.23517,-11.9015,-11.4516,0.367,0.367551,-0.0570486,30.0947,0.862148,-0.310363,0.0563404,0.0648039,2.31964,0.0715156,-0.17243,0,0,0,0.0620726,0,1950,1569,2104,1874
5.93123e+08,-1.17773,0.564061,11.6515,2.75756,-4.34807,-1.43215,-4.6133,-5.76513,2.07116,-0.178248,2.14182,-13.413,-13.4448,0.367,0.36653,-0.0585775,30.0624,0.863973,-0.307788,0.0421412,0.0620596,2.26816,0.080408,-0.172795,0,0,0,0.0615577,0,2001,1605,2080,1828
5.93144e+08,-0.0384672,-0.372812,8.59811,-2.48275,-5.61524,-1.48863,-5.426,-0.256094,1.70475,-0.163768,1.72512,-13.642,-13.6493,0.367,0.366469,-0.0611641,30.1035,0.864615,-0.306523,0.0321072,0.0632425,2.23031,0.0746313,-0.172923,0,0,0,0.0613047,0,2000,1597,2088,1838
5.93165e+08,0.121223,0.689299,9.80578,4.02069,11.5451,-1.29637,8.289,0.706533,2.59024,-0.188062,-1.66648,-13.4588,-11.6955,0.367,0.366517,-0.0542322,30.0888,0.865178,-0.305172,0.0281712,0.0675785,2.21682,0.0560966,-0.173036,0,0,0,0.0610344,0,2110,1675,1949,1765
5.93186e+08,-0.0910459,-0.206631,9.20148,-1.28637,3.49926,-0.96431,3.81713,-0.566764,-4.21892,-0.30227,-4.22874,-11.5351,-11.5212,0.361,0.360865,-0.0700237,30.1124,0.865623,-0.303793,0.0222117,0.0689684,2.19507,0.0493404,-0.173125,0,0,0,0.0607585,0,2124,1652,1979,1835
5.93206e+08,-0.437247,-0.336686,9.20394,-2.09262,-3.38623,-0.838406,-3.30114,-2.71806,-7.68456,-0.429595,-7.71667,-12.4969,-12.4781,0.361,0.360501,-0.072329,30.0918,0.865904,-0.302471,0.0140869,0.0660603,2.16443,0.0598931,-0.173181,0,0,0,0.0604943,0,2108,1574,2008,1908
5.93227e+08,0.0614491,0.968675,10.4497,5.29603,-4.3786,-0.933783,-4.59805,0.335484,-3.57769,-0.553204,-3.60655,-14.0389,-13.9888,0.359,0.359721,-0.0707241,30.0712,0.862441,-0.300879,0,0.0795944,2.10673,0.00415717,-0.172488,0,0,0,0.0601759,0,2076,1586,2054,1882
5.93248e+08,-0.329969,0.29191,9.44465,1.76923,-20.7755,-1.16561,-20.5462,-1.99998,-2.6464,-0.588505,-2.57587,-12.7107,-12.7292,0.359,0.358538,-0.0742255,30.0888,0.862109,-0.299393,-0.0165909,0.0743265,2.04135,0.02396,-0.172422,0,0,0,0.0598786,0,1947,1482,2173,1996
5.93269e+08,1.08626,-0.570302,9.17613,-3.53179,-11.4778,-1.36346,-5.71336,6.73831,2.08643,-0.561619,-2.99403,-12.6496,-11.1669,0.359,0.3584,-0.0705639,30.0888,0.861641,-0.297744,-0.0233699,0.0824502,2.01515,-0.0101541,-0.172328,0,0,0,0.0595488,0,2045,1590,2060,1902
5.9329e+08,0.190701,-0.141604,9.68568,-0.837439,6.58323,-1.41427,6.59496,1.12783,0.162763,-0.602381,0.0344245,-11.6572,-11.641,0.354,0.355398,-0.0748704,30.0771,0.861055,-0.296027,-0.02931,0.0858465,1.99217,-0.0253972,-0.172211,0,0,0,0.0592054,0,2114,1696,1997,1791
5.93311e+08,0.863926,0.38343,9.21584,2.37206,3.42293,-1.15452,3.39632,5.35086,1.81162,-0.495767,1.82349,-10.9855,-11.0194,0.354,0.353591,-0.0766663,30.0594,0.86038,-0.29423,-0.0337582,0.0898344,1.97506,-0.0431169,-0.172076,0,0,0,0.0588461,0,2078,1694,2028,1799
5.93332e+08,-0.666525,-0.172913,10.4912,-0.942348,0.629034,-1.00378,0.721301,-3.63471,-4.93647,-0.587857,-4.83268,-9.1229,-9.14531,0.354,0.353428,-0.0711665,30.0682,0.85925,-0.292282,-0.0565049,0.0974174,1.88398,-0.07545,-0.17185,0,0,0,0.0584564,0,2100,1638,1989,1871
5.93353e+08,-0.320441,0.376205,10.7672,2.00021,-3.29463,-0.923149,-5.01401,-1.70362,-3.8067,-0.608625,-1.32118,-8.40534,-9.68711,0.352,0.352261,-0.0714739,30.0947,0.857997,-0.290403,-0.0626255,0.0939398,1.85942,-0.0633384,-0.171599,0,0,0,0.0580806,0,2038,1621,2056,1883
5.93374e+08,0.290952,-0.00191609,10.3482,-0.0106048,-6.98929,-0.960583,-6.96573,1.61051,-0.325786,-0.675183,-0.406866,-8.52748,-8.52659,0.352,0.351542,-0.0599979,30.0565,0.856562,-0.28855,-0.0717647,0.0926578,1.82253,-0.0600035,-0.171312,0,0,0,0.05771,0,2012,1618,2072,1897
5.93395e+08,-1.3135,-0.628104,9.66958,-3.68279,-2.98929,-1.14789,-3.03528,-7.71956,-7.47082,-0.776478,-7.35745,-9.10763,-9.11819,0.352,0.351509,-0.0561321,30.0624,0.855043,-0.286676,-0.0759431,0.0936711,1.80542,-0.0659033,-0.171009,0,0,0,0.0573353,0,2091,1590,1998,1919
5.93416e+08,0.262435,-0.495641,9.67555,-2.9314,-4.69921,-1.25878,-4.77831,1.55165,-1.40976,-0.685744,-1.4008,-7.94733,-8.03581,0.346,0.346994,-0.0690916,30.0859,0.853351,-0.28501,-0.0846384,0.0833312,1.76998,-0.0260111,-0.17067,0,0,0,0.057002,0,2028,1624,2052,1894
5.93437e+08,-0.740873,0.995167,10.7947,5.25494,12.5222,-1.27556,-7.831,-3.9097,-5.21128,-0.60564,-1.58782,-8.74122,-7.90485,0.346,0.345567,-0.0716951,30.0535,0.851569,-0.283384,-0.0890861,0.0812984,1.75146,-0.0193881,-0.170314,0,0,0,0.0566768,0,2006,1603,2074,1916
5.93458e+08,-0.286954,0.17149,9.98575,0.983464,-3.43203,-1.09962,-3.25145,-1.64578,-6.6464,-0.706573,-6.58234,-6.83282,-6.88489,0.346,0.345456,-0.0642752,30.0506,0.849657,-0.281722,-0.0955988,0.083091,1.72448,-0.0281561,-0.169931,0,0,0,0.0563444,0,2073,1605,1998,1922
5.93478e+08,-0.492243,-0.0645349,10.5649,-0.349605,1.51453,-1.04875,1.52933,-2.66757,-5.92884,-0.813074,-5.9287,-4.93969,-5.00646,0.345,0.344619,-0.063266,30.0594,0.84774,-0.280211,-0.0958521,0.0755533,1.72261,0.000684482,-0.169548,0,0,0,0.0560422,0,2095,1651,1958,1893
5.93499e+08,-1.07226,-0.868945,9.71172,-5.08214,3.43819,-1.07899,3.37724,-6.2756,-9.34869,-0.918186,-9.23616,-6.17633,-6.21904,0.345,0.344482,-0.0611184,30.0359,0.845642,-0.278738,-0.104879,0.0736677,1.68531,0.00690075,-0.169128,0,0,0,0.0557475,0,2138,1634,1927,1899
5.9352e+08,-0.788166,-0.671455,9.40314,-4.07019,-6.92822,-1.12768,-6.92427,-4.77919,-6.21892,-0.966394,-6.21391,-5.29084,-5.34432,0.345,0.344462,-0.0639548,30.0153,0.843285,-0.27724,-0.117868,0.0748822,1.63179,0.000650503,-0.168657,0,0,0,0.055448,0,2039,1586,2019,1955
5.93541e+08,-1.51196,0.33767,11.6395,1.64788,4.10995,-1.13403,-12.8787,-7.39814,-5.08915,-0.922567,1.0528,-3.32137,-4.15259,0.339,0.339365,-0.0786567,30.08,0.840959,-0.275763,-0.116279,0.0738617,1.63677,0.0033868,-0.168192,0,0,0,0.0551526,0,1939,1601,2108,1951
5.93562e+08,-0.525507,-0.659413,10.0606,-3.74495,-2.82135,-1.19408,-2.74826,-2.98369,-5.73037,-1.00418,-5.63182,-1.96259,-2.04363,0.339,0.338435,-0.0707347,30.0535,0.83574,-0.272955,-0.131887,0.0680223,1.57066,0.0242711,-0.167148,0,0,0,0.054591,0,2048,1633,1980,1937
5.93583e+08,0.195528,-0.327052,9.55242,-1.96049,-1.61524,-1.14261,-1.3176,1.17194,-3.39449,-1.05862,-3.42255,-1.50458,-1.5052,0.339,0.338388,-0.0705277,30.0476,0.832987,-0.271516,-0.137637,0.0719434,1.54566,0.00722871,-0.166597,0,0,0,0.0543032,0,2042,1662,1982,1913
5.93604e+08,-0.169704,-0.712398,9.43341,-4.31801,9.01071,-1.03566,9.06017,-1.0277,-7.73037,-1.11709,-7.71341,-1.55038,-1.50828,0.338,0.337496,-0.0692388,30.0682,0.830149,-0.270124,-0.141876,0.0695819,1.5266,0.015441,-0.16603,0,0,0,0.0540249,0,2148,1706,1876,1869
5.93625e+08,1.55183,-0.351136,8.30711,-2.3793,0.506896,-0.917367,7.77693,10.5721,0.437572,-1.31967,-7.81795,-2.72595,-2.25151,0.338,0.337429,-0.0624589,30.0506,0.827239,-0.26878,-0.145539,0.067211,1.50976,0.0237482,-0.165448,0,0,0,0.053756,0,2147,1692,1884,1876
5.93646e+08,-0.508982,0.0245765,10.4463,0.134637,-10.0733,-0.948762,-5.57655,-2.78945,1.73528,-1.16826,-0.170443,-3.19923,-2.82962,0.332,0.337424,-0.066636,30.0476,0.824292,-0.267521,-0.147333,0.0629367,1.50036,0.0397951,-0.164858,0,0,0,0.0535043,0,1997,1650,2038,1913
5.93667e+08,0.0763346,-1.03994,8.6563,-6.85025,-17.4626,-1.18512,-17.2355,0.501636,0.849786,-1.08889,0.860919,-4.20687,-4.20622,0.332,0.331741,-0.0787041,30.0535,0.821198,-0.266344,-0.154712,0.0588764,1.46837,0.0550841,-0.16424,0,0,0,0.0532688,0,1908,1566,2139,1984
5.93688e+08,-0.874211,-0.37522,10.1753,-2.10411,-15.4778,-1.49098,-15.4531,-4.90718,-4.32579,-1.04713,-4.18986,-1.59618,-1.64793,0.332,0.33136,-0.0716368,30.0094,0.818058,-0.265139,-0.156957,0.060227,1.45691,0.0486348,-0.163612,0,0,0,0.0530278,0,1941,1551,2084,2022
5.93709e+08,-0.0453763,-1.28801,9.73153,-7.53944,3.08705,-1.5796,-4.93336,-0.264848,-6.76853,-1.09463,-7.99799,0.358018,-0.834631,0.333,0.331736,-0.0583981,30.0124,0.814926,-0.263776,-0.156602,0.0681697,1.45588,0.0155442,-0.162985,0,0,0,0.0527552,0,2039,1601,1979,1979
5.9373e+08,1.34174,-0.490824,8.47802,-3.27273,5.46873,-1.60455,5.61695,8.9783,-4.70747,-1.2345,-4.85729,-0.603814,-0.5232,0.333,0.332378,-0.0542754,30.0594,0.81178,-0.262288,-0.157326,0.0743904,1.4505,-0.0107998,-0.162356,0,0,0,0.0524576,0,2092,1698,1923,1885
5.9375e+08,0.364823,0.544794,9.55367,3.26136,20.6596,-1.22294,20.6267,2.18333,-7.04334,-1.39003,-7.12782,-0.0694631,0.00862825,0.333,0.332463,-0.0485346,30.0329,0.808467,-0.260785,-0.165654,0.0751275,1.4144,-0.0151721,-0.161693,0,0,0,0.0521571,0,2219,1795,1791,1793
5.93771e+08,-0.189072,0.241334,9.57503,1.44352,0.583232,-0.905418,0.910267,-1.13088,-2.35632,-1.48413,-2.40373,0.00687277,0.0724653,0.329,0.330101,-0.0547957,30.0359,0.805158,-0.259325,-0.165427,0.0730091,1.41262,-0.00804062,-0.161032,0,0,0,0.0518651,0,2050,1691,1959,1897
5.93792e+08,-0.34413,-0.305376,9.80222,-1.78331,-5.12669,-0.891933,-5.0826,-2.0097,3.24673,-1.42912,3.18843,1.09084,1.05738,0.329,0.328631,-0.0566118,29.9947,0.801781,-0.258136,-0.168874,0.0594593,1.39601,0.0452776,-0.160356,0,0,0,0.0516272,0,1962,1693,2039,1904
5.93813e+08,0.661041,0.092012,8.94489,0.587753,-11.9664,-1.11113,-8.61846,4.22634,8.10169,-1.24924,3.82104,-1.01603,0.314726,0.329,0.328488,-0.053724,30.0388,0.798198,-0.257162,-0.179162,0.0487217,1.35169,0.0875863,-0.15964,0,0,0,0.0514323,0,1930,1669,2078,1922
5.93834e+08,0.892898,-0.760566,9.29945,-4.65428,-6.60761,-1.3379,-6.55245,5.46637,4.95666,-0.944823,4.82668,-0.1916,-0.193626,0.324,0.324737,-0.0643136,29.9829,0.794732,-0.256161,-0.173254,0.0500256,1.37248,0.0815652,-0.158946,0,0,0,0.0512322,0,1933,1689,2079,1897
5.93855e+08,-0.92442,-0.141604,10.945,-0.738611,8.87331,-1.33231,8.57096,-4.82738,-7.45556,-0.996557,-7.36631,0.709163,0.665483,0.324,0.323578,-0.057136,29.9859,0.791177,-0.255001,-0.177764,0.0580055,1.35136,0.0485656,-0.158235,0,0,0,0.0510002,0,2124,1714,1880,1880
5.93876e+08,-1.37813,-0.0693517,10.803,-0.364857,0.140484,-1.27222,0.155729,-7.26974,-16.3716,-1.10911,-16.2103,2.95344,2.85091,0.324,0.323491,-0.0510232,30.0153,0.787704,-0.253889,-0.173659,0.055618,1.36489,0.0572046,-0.157541,0,0,0,0.0507777,0,2120,1600,1865,2013
5.93897e+08,-0.991193,-0.452289,9.92837,-2.59544,8.6443,-1.12314,-4.34312,-5.69533,-18.967,-1.25258,-13.7421,4.03741,4.22678,0.324,0.323542,-0.0415677,30.0271,0.784296,-0.252702,-0.170398,0.0593185,1.37511,0.0413305,-0.156859,0,0,0,0.0505405,0,2068,1592,1904,2034
5.93918e+08,0.589463,-0.115112,9.50019,-0.692873,0.232087,-1.10265,0.173377,3.55025,-7.27235,-1.50307,-7.34289,5.09084,5.02348,0.324,0.323562,-0.0380148,30.0359,0.780823,-0.251609,-0.173675,0.0546592,1.35902,0.059101,-0.156165,0,0,0,0.0503218,0,2054,1670,1911,1963
5.93938e+08,0.737469,0.0293933,8.69068,0.193089,-9.95112,-1.19827,-9.70406,4.85033,3.33834,-1.51132,3.27113,4.05267,4.07391,0.324,0.323575,-0.0368608,30.0182,0.77731,-0.250546,-0.175642,0.0531588,1.34813,0.0642381,-0.155462,0,0,0,0.0501092,0,1911,1670,2062,1955
5.93959e+08,0.386496,-0.112703,9.66894,-0.667288,-0.470203,-1.21218,-0.44757,2.28891,8.52917,-1.37645,8.46636,2.99924,3.06746,0.323,0.322746,-0.0339617,30.03,0.77373,-0.249515,-0.178964,0.051536,1.33171,0.0699049,-0.154746,0,0,0,0.049903,0,1942,1770,2040,1846
5.9398e+08,0.147482,0.713383,10.3305,3.94994,-4.77555,-1.19503,-4.78576,0.815979,11.1857,-1.11877,11.1479,2.81603,2.90557,0.323,0.322639,-0.0327936,30.03,0.770105,-0.248593,-0.181257,0.0461107,1.31935,0.0909575,-0.154021,0,0,0,0.0497186,0,1890,1761,2094,1853
5.94001e+08,-0.224646,-0.632921,9.42646,-3.84016,-9.00455,-1.18703,2.5614,-1.36212,-1.28762,-1.09173,4.0327,3.25878,3.40099,0.323,0.322677,-0.0243054,30.0182,0.766583,-0.247699,-0.176115,0.044723,1.33695,0.0958497,-0.153317,0,0,0,0.0495397,0,1990,1765,1989,1854
5.94022e+08,-0.122477,1.19266,9.79493,6.94178,-9.85952,-1.27485,-9.80965,-0.711143,-4.18838,-1.05833,-4.16142,1.16718,1.29131,0.323,0.322701,-0.0227061,30.0212,0.759811,-0.245996,-0.166195,0.0427896,1.37099,0.102361,-0.151962,0,0,0,0.0491991,0,1968,1608,2029,1992
5.94043e+08,-1.13449,-0.341502,9.81471,-1.97963,4.79697,-1.27306,4.62578,-6.58967,-12.8601,-1.18364,-12.7352,2.55649,2.52682,0.323,0.32272,-0.0161883,29.9947,0.756496,-0.245081,-0.165755,0.0457587,1.36996,0.0897488,-0.151299,0,0,0,0.0490161,0,2128,1654,1858,1957
5.94064e+08,0.0140177,-0.201814,10.4597,-1.10535,3.5298,-1.24512,3.39768,0.0767711,-4.06624,-1.23398,-4.08642,2.67863,2.63361,0.323,0.322739,-0.0137141,30.0388,0.753162,-0.244255,-0.166697,0.0413032,1.36336,0.107025,-0.150632,0,0,0,0.0488509,0,2058,1707,1927,1905
5.94085e+08,-0.0815026,-0.17773,9.91378,-1.02703,8.56797,-1.20314,7.24236,-0.47095,-0.921206,-1.23082,-0.293576,2.43435,2.72142,0.323,0.322755,-0.0145666,29.9947,0.749857,-0.243399,-0.165268,0.0427831,1.3663,0.100457,-0.149971,0,0,0,0.0486798,0,2059,1762,1926,1851
5.94106e+08,-1.0726,0.347304,11.3923,1.73849,1.713,-1.22283,1.47681,-5.37617,2.52918,-1.10537,2.59259,2.02214,1.947,0.323,0.322773,-0.00950786,29.9918,0.746531,-0.24265,-0.166306,0.0374659,1.35932,0.121284,-0.149306,0,0,0,0.0485299,0,1999,1740,1993,1867
5.94127e+08,-0.202848,-1.74079,9.06616,-10.8664,-2.16486,-1.34087,-2.08559,-1.25875,2.77345,-0.956135,2.81368,0.434354,0.318351,0.321,0.322046,-0.0167134,30.0535,0.743247,-0.241915,-0.164171,0.0367325,1.3651,0.123742,-0.148649,0,0,0,0.048383,0,1975,1709,2031,1883
5.94148e+08,0.0378968,-0.204223,9.6501,-1.21235,-11.829,-1.46754,-11.537,0.224954,3.46047,-0.816044,3.51583,-1.39771,-1.43337,0.321,0.320839,-0.0249397,30.0153,0.740085,-0.241245,-0.158091,0.0334851,1.38686,0.136365,-0.148017,0,0,0,0.048249,0,1908,1639,2114,1937
5.94169e+08,-0.260733,0.335262,10.2377,1.87504,-1.4015,-1.53643,-7.27738,-1.45812,-1.24182,-0.704172,-0.161456,-1.70305,-2.37879,0.321,0.320723,-0.022607,30.0418,0.737057,-0.240604,-0.151432,0.0320555,1.4111,0.141732,-0.147411,0,0,0,0.0481208,0,1966,1639,2064,1929
5.9419e+08,0.601341,0.104054,10.2342,0.581522,-7.70684,-1.52917,-7.67048,3.36256,-1.65403,-0.689689,-1.65395,-3.62672,-3.62082,0.324,0.322525,-0.0121842,30.0447,0.734115,-0.240077,-0.147068,0.0263546,1.42624,0.164372,-0.146823,0,0,0,0.0480154,0,1980,1619,2062,1937
5.9421e+08,0.422269,0.0486606,9.45311,0.294638,-2.43967,-1.50629,-2.22183,2.55766,-4.6006,-0.760162,-4.66429,-2.48168,-2.50566,0.324,0.323681,-0.0056081,30.0388,0.731271,-0.239566,-0.142237,0.0255545,1.44337,0.167376,-0.146254,0,0,0,0.0479132,0,2036,1641,1996,1925
5.94231e+08,-0.274804,-0.587161,9.80408,-3.42598,10.2016,-1.50256,10.1379,-1.60268,-1.13495,-0.745702,-1.13271,-3.85572,-3.81104,0.324,0.323786,-0.00864431,29.9888,0.728425,-0.239075,-0.142264,0.0245295,1.44101,0.171307,-0.145685,0,0,0,0.0478151,0,2105,1748,1939,1806
5.94252e+08,-1.2182,0.120913,10.2286,0.672511,10.8275,-1.26588,10.7182,-6.79128,-0.447924,-0.698382,-0.270355,-3.67252,-3.75118,0.32,0.321429,-0.0127777,29.9976,0.725602,-0.238618,-0.14114,0.0228451,1.44329,0.177924,-0.14512,0,0,0,0.0477237,0,2105,1762,1938,1793
5.94273e+08,-1.48806,0.250967,11.0624,1.28802,1.63667,-1.2178,-6.13877,-7.65919,1.3536,-0.484112,6.10723,-3.88626,-5.22444,0.32,0.319961,-0.0200563,30.0035,0.722924,-0.238306,-0.133944,0.0156231,1.4701,0.206932,-0.144585,0,0,0,0.0476612,0,1944,1684,2112,1858
5.94294e+08,-0.747796,0.132955,9.83176,0.772534,-12.8061,-1.35881,-12.7794,-4.3491,-3.01281,-0.359974,-2.90313,-5.24504,-5.26778,0.32,0.319789,-0.0184164,30.0124,0.720304,-0.23809,-0.130956,0.0108088,1.4801,0.226405,-0.144061,0,0,0,0.047618,0,1958,1572,2099,1969
5.94315e+08,0.0688396,0.152222,9.69575,0.899442,-16.8519,-1.62942,-16.7378,0.406742,-3.65403,-0.321505,-3.63649,-4.97023,-4.93372,0.322,0.321246,-0.0148286,29.9682,0.717863,-0.237137,-0.122064,0,1.514,0.269427,-0.143573,0,0,0,0.0474275,0,1929,1536,2125,2008
5.94335e+08,1.55178,-0.165688,8.54483,-1.09298,-5.21829,-1.67816,-5.03603,10.2911,-1.47082,-0.355322,-1.66659,-6.43587,-6.37107,0.322,0.321703,-0.0170074,30.0006,0.715638,-0.236189,-0.111251,0,1.55588,0.269099,-0.143128,0,0,0,0.0472378,0,2005,1625,2062,1906
5.94356e+08,-0.0219305,0.267826,9.91682,1.54702,6.10995,-1.59015,6.07072,-0.12666,-0.447924,-0.33952,-0.469644,-6.40534,-6.40036,0.322,0.321719,-0.0206548,29.9829,0.713444,-0.235244,-0.109719,0,1.56057,0.268773,-0.142689,0,0,0,0.0470488,0,2077,1713,1991,1817
5.94377e+08,-0.267443,-1.29764,9.48004,-7.79124,7.10232,-1.31968,16.3364,-1.60103,2.81925,-0.315022,5.5145,-5.80992,-8.03229,0.322,0.321767,-0.0188164,30.0006,0.711237,-0.234303,-0.110356,0,1.55654,0.268447,-0.142247,0,0,0,0.0468606,0,2118,1825,1965,1690
5.94398e+08,-0.122275,0.467725,9.69167,2.76276,-7.99692,-1.09843,-7.87702,-0.721996,4.02536,-0.20454,3.99509,-5.99313,-5.99227,0.322,0.321795,-0.0187965,29.9565,0.709034,-0.234425,-0.110107,-0.0060979,1.55606,0.293488,-0.141807,0,0,0,0.046885,0,1949,1655,2116,1878
5.94419e+08,1.30101,0.00530915,8.58569,0.0350302,-6.13433,-1.13645,-6.04914,8.61659,6.45284,-0.0820448,6.31974,-7.64198,-7.50336,0.322,0.321809,-0.020138,30.0006,0.706928,-0.234669,-0.105334,-0.0121976,1.57384,0.31869,-0.141386,0,0,0,0.0469338,0,1950,1678,2128,1841
5.9444e+08,-0.590078,-0.302968,10.5123,-1.64823,-11.9359,-1.31041,-11.859,-3.21142,0.651313,-0.125962,0.703823,-6.72595,-6.71611,0.319,0.319256,-0.0233106,29.9918,0.705,-0.235117,-0.0964045,-0.022395,1.60852,0.360584,-0.141,0,0,0,0.0470234,0,1943,1597,2128,1930
5.94461e+08,0.541917,-0.873762,8.96481,-5.55671,-3.47784,-1.28802,2.98606,3.44301,-2.02044,-0.127356,-5.14777,-6.54275,-7.32977,0.319,0.318782,-0.0251247,29.9741,0.703249,-0.235603,-0.0875247,-0.0243045,1.64321,0.369287,-0.14065,0,0,0,0.0471206,0,2094,1658,1983,1863
5.94482e+08,-0.635543,0.0438438,11.5837,0.216535,9.89621,-1.29343,9.57532,-3.14038,-5.05861,-0.222884,-5.03463,-7.0771,-7.12259,0.319,0.318733,-0.0226778,29.9947,0.700169,-0.236495,-0.0716852,-0.0210765,1.70543,0.358331,-0.140034,0,0,0,0.0472989,0,2141,1704,1934,1818
5.94503e+08,1.20084,-0.447473,9.38754,-2.70701,6.21682,-1.25822,6.1746,7.28144,0.468107,-0.138187,0.449336,-8.93969,-8.92923,0.319,0.318736,-0.0287563,29.9653,0.698749,-0.236913,-0.0709794,-0.0209251,1.70775,0.358686,-0.13975,0,0,0,0.0473826,0,2086,1712,2006,1794
5.94524e+08,-0.234322,-0.187364,10.4434,-1.02757,-3.89005,-1.16122,-3.61618,-1.28515,-0.0815115,-0.21081,-0.07752,-6.52748,-6.5302,0.319,0.318738,-0.0257686,29.9947,0.697327,-0.237411,-0.0710949,-0.0248888,1.70677,0.375646,-0.139465,0,0,0,0.0474822,0,2011,1649,2060,1878
5.94545e+08,0.374356,0.609821,9.85055,3.53996,-6.01219,-1.18135,1.5704,2.17224,5.09406,-0.166998,1.41002,-7.59618,-7.03256,0.319,0.31874,-0.0298835,30.0124,0.696035,-0.238154,-0.0646297,-0.037152,1.73235,0.426203,-0.139207,0,0,0,0.0476308,0,2039,1694,2037,1828
5.94566e+08,0.0281265,0.583328,10.2544,3.25578,-4.54654,-1.18268,-4.61913,0.1569,5.75055,-0.0979161,5.67079,-5.50458,-5.5646,0.318,0.317781,-0.0311666,29.98,0.694836,-0.239045,-0.0599271,-0.0445688,1.75097,0.457511,-0.138967,0,0,0,0.047809,0,1957,1687,2106,1848
5.94587e+08,-1.42315,-1.32414,9.90598,-7.53713,-0.714478,-1.35895,-0.815266,-8.10439,-2.38686,-0.118792,-2.23358,-5.51984,-5.62357,0.318,0.317712,-0.0287997,29.9712,0.693714,-0.240089,-0.056114,-0.0521984,1.76612,0.489868,-0.138743,0,0,0,0.0480178,0,2038,1654,2025,1880
5.94608e+08,-0.00505823,-0.298151,9.15614,-1.86506,-7.61524,-1.38309,-7.64552,-0.0316358,-0.218916,-0.0659979,-0.18728,-6.92442,-6.90009,0.317,0.317337,-0.0333457,29.9918,0.692692,-0.241081,-0.0510771,-0.0495724,1.78631,0.481027,-0.138538,0,0,0,0.0482161,0,1980,1615,2095,1908
5.94629e+08,-0.0648881,0.183532,9.22345,1.13992,-0.500737,-1.38735,5.62046,-0.402997,-1.98991,-0.0706383,-3.51092,-6.63435,-5.12701,0.317,0.316756,-0.031126,30.0006,0.691875,-0.242156,-0.0408703,-0.0537779,1.82748,0.499694,-0.138375,0,0,0,0.0484312,0,2091,1692,1969,1846
5.9465e+08,-0.317701,-0.888212,10.1645,-4.9916,3.45346,-1.25748,3.56002,-1.78346,-4.52426,-0.183169,-4.445,-5.2603,-5.25823,0.317,0.316732,-0.0238336,29.98,0.691177,-0.243244,-0.0349119,-0.0544146,1.85177,0.504065,-0.138235,0,0,0,0.0486489,0,2087,1670,1974,1867
5.9467e+08,-1.40648,-1.15073,10.0962,-6.44066,9.65193,-1.19648,9.53858,-7.88037,-5.8525,-0.241088,-5.67345,-3.41297,-3.53084,0.317,0.316759,-0.0224588,29.9624,0.690572,-0.244324,-0.0302396,-0.0539702,1.87101,0.504092,-0.138114,0,0,0,0.0488648,0,2132,1711,1913,1841
5.94691e+08,0.0879778,0.0245765,9.27054,0.151885,0.0794153,-1.12474,-0.00371961,0.543721,1.09406,-0.183637,1.09232,-3.15343,-3.14283,0.317,0.316787,-0.0217211,29.9476,0.690025,-0.245563,-0.0273461,-0.0619464,1.88319,0.538094,-0.138005,0,0,0,0.0491126,0,2015,1694,2028,1862
5.94712e+08,1.00746,-0.577527,9.41361,-3.49082,-7.09616,-1.20955,-7.05745,6.09728,2.48337,-0.0677732,2.43976,-3.65725,-3.68984,0.317,0.316787,-0.0222007,29.9624,0.689611,-0.247012,-0.0207077,-0.0724582,1.91056,0.582533,-0.137922,0,0,0,0.0494024,0,1955,1651,2093,1900
5.94733e+08,-0.191616,0.804902,9.62105,4.78132,-9.73738,-1.30602,-3.5288,-1.137,-2.61586,-0.117772,-0.148434,-3.10763,-2.60517,0.314,0.314985,-0.0242665,29.9594,0.689323,-0.248618,-0.0143634,-0.0803067,1.93691,0.616491,-0.137865,0,0,0,0.0497236,0,1993,1659,2045,1901
5.94754e+08,1.34415,-0.594386,8.4636,-3.96764,-0.256463,-1.2807,-0.117311,9.0023,4.30017,-0.1028,4.13014,-5.15343,-5.04781,0.314,0.313817,-0.0297387,29.9859,0.689176,-0.250245,-0.00735965,-0.0813448,1.96607,0.623164,-0.137835,0,0,0,0.050049,0,1998,1703,2062,1835
5.94775e+08,0.6134,-0.324644,9.53544,-1.94592,7.60613,-1.21296,7.54308,3.67855,3.65895,-0.00793374,3.60358,-2.52748,-2.52219,0.314,0.313729,-0.0294641,29.9771,0.689035,-0.251768,-0.00706226,-0.0761475,1.96835,0.604701,-0.137807,0,0,0,0.0503536,0,2045,1767,1992,1793
5.94796e+08,-0.857659,0.210024,10.7769,1.11294,13.1329,-1.0459,12.8472,-4.54931,-3.07388,-0.0144313,-2.96333,-1.47404,-1.55164,0.312,0.312265,-0.0259696,29.9712,0.686279,-0.253379,0,-0.0805609,1.99572,0.624897,-0.137256,0,0,0,0.0506758,0,2127,1764,1901,1805
5.94817e+08,-0.325078,-0.122337,9.75976,-0.717757,-6.16486,-1.01366,-0.202259,-1.90755,-4.72273,0.0842487,-1.42906,-2.68015,-2.54457,0.312,0.311807,-0.0300639,29.9594,0.683534,-0.255196,0,-0.0908593,1.99477,0.668959,-0.136707,0,0,0,0.0510393,0,2027,1679,2011,1881
5.94838e+08,0.582079,0.679665,9.76026,3.97637,2.5069,-1.00392,2.33098,3.40472,-4.17311,-0.0713366,-4.23379,-2.43588,-2.41784,0.312,0.311775,-0.0235832,29.9447,0.6808,-0.257064,0,-0.0933741,1.99383,0.681871,-0.13616,0,0,0,0.0514128,0,2066,1676,1971,1886
5.94859e+08,-1.08714,1.11318,11.1442,5.67751,-7.99692,-1.07904,-8.00734,-5.54429,-5.16548,-0.194916,-5.069,-3.1687,-3.15187,0.312,0.311784,-0.0198643,29.98,0.680941,-0.258942,0.00706712,-0.0938868,2.0236,0.686769,-0.136188,0,0,0,0.0517883,0,2003,1590,2040,1965
5.9488e+08,-0.824345,0.62668,11.5729,3.09175,3.86567,-1.07591,3.65559,-4.06838,-1.47082,-0.353825,-1.45503,-1.91679,-1.89778,0.312,0.311842,-0.00657556,29.9447,0.681191,-0.260779,0.0125124,-0.0918553,2.047,0.681415,-0.136238,0,0,0,0.0521557,0,2057,1702,1975,1864
5.94901e+08,0.515202,0.742284,9.85776,4.30037,-4.2412,-1.2031,-4.72897,2.98333,6.52917,-0.330694,1.15804,-2.72595,-0.0105789,0.312,0.311885,-0.00460741,29.9182,0.68159,-0.262783,0.0199648,-0.100229,2.07865,0.718009,-0.136318,0,0,0,0.0525567,0,1968,1667,2047,1916
5.94922e+08,0.131081,-0.416163,9.68529,-2.46018,14.4916,-1.1376,14.1865,0.774683,4.59024,-0.344846,4.56082,-0.893891,-0.91724,0.312,0.311915,6.81937e-05,29.9418,0.682481,-0.267154,0.0242621,-0.110967,2.09951,0.767561,-0.136496,0,0,0,0.0534308,0,2083,1821,1940,1753
5.94943e+08,-1.34959,0.328037,11.2073,1.66455,14.1252,-0.973244,13.8971,-6.86362,4.02536,-0.202361,4.0999,-0.771753,-0.787476,0.312,0.311935,-0.000128617,29.9241,0.683178,-0.269298,0.0348612,-0.107202,2.14415,0.755654,-0.136636,0,0,0,0.0538596,0,2085,1820,1937,1756
5.94964e+08,-0.339165,-0.984549,9.40225,-5.97404,6.40003,-0.812549,6.50796,-2.0547,-1.65403,-0.137456,-1.51329,-0.481677,-0.570176,0.312,0.311949,-0.00240576,29.9859,0.684017,-0.271598,0.0419179,-0.11502,2.17476,0.790407,-0.136803,0,0,0,0.0543197,0,2072,1731,1948,1847
5.94985e+08,-0.585738,1.26491,11.4669,6.28669,-0.0732565,-0.738123,-12.6003,-2.90657,-2.8296,-0.106864,-0.826706,-1.10763,-0.138042,0.312,0.311983,-0.00107322,29.9535,0.684928,-0.27414,0.0455838,-0.127074,2.19187,0.842459,-0.136986,0,0,0,0.054828,0,1930,1602,2086,1980
5.95006e+08,-0.403626,-1.02308,9.89134,-5.90036,-15.1878,-0.843905,-14.9495,-2.32433,-5.51663,-0.258023,-5.45996,-0.68015,-0.713341,0.312,0.311994,0.00386935,29.9535,0.685959,-0.276712,0.0515172,-0.128629,2.21822,0.852448,-0.137192,0,0,0,0.0553425,0,1950,1546,2072,2030
5.95026e+08,-0.532531,-1.16277,10.1619,-6.5188,-9.12669,-0.969902,-3.03386,-2.98041,-0.432657,-0.254937,-0.432637,1.18245,-0.00182832,0.313,0.311986,0.00249802,29.9271,0.687074,-0.279195,0.0557512,-0.124116,2.23787,0.837986,-0.137415,0,0,0,0.055839,0,1994,1668,2021,1915
5.95047e+08,0.104987,-1.03272,8.65391,-6.80473,2.81224,-1.09812,2.85055,0.690165,1.79635,-0.229761,1.81325,-0.634349,-0.701542,0.313,0.312926,0.00545834,29.9771,0.68822,-0.281865,0.0573261,-0.13351,2.24689,0.879546,-0.137644,0,0,0,0.056373,0,2021,1721,2001,1856
5.95068e+08,-0.537682,0.188349,10.7719,1.00048,12.2932,-1.01688,11.9728,-2.85713,5.91849,-0.161002,5.90113,-1.41297,-1.37622,0.313,0.312991,0.010319,29.9565,0.689439,-0.284651,0.0609369,-0.139321,2.26417,0.906887,-0.137888,0,0,0,0.0569303,0,2060,1813,1968,1758
5.95089e+08,-0.86464,-0.445064,10.6239,-2.39097,8.41529,-0.894431,6.24372,-4.64877,0.803984,-0.0719505,6.26615,0.0526743,-1.54671,0.313,0.313004,0.00528884,29.9476,0.690802,-0.287413,0.0681849,-0.13808,2.29623,0.90592,-0.13816,0,0,0,0.0574826,0,2018,1776,2011,1793
5.9511e+08,-0.659373,-0.13197,9.91436,-0.760941,12.7359,-0.805325,12.5292,-3.80462,-0.615863,-0.0651078,-0.494459,-1.1687,-1.19218,0.313,0.313007,0.00616403,29.9594,0.692391,-0.290308,0.0794103,-0.14475,2.34452,0.93685,-0.138478,0,0,0,0.0580616,0,2110,1775,1916,1797
5.9513e+08,0.90487,-0.87617,8.13114,-6.11273,0.277889,-0.673342,0.536019,6.31375,2.30017,0.0850774,2.2279,-1.94733,-1.90405,0.313,0.313004,0.000642871,29.9535,0.694019,-0.293356,0.081402,-0.152387,2.35584,0.971859,-0.138804,0,0,0,0.0586712,0,2008,1709,2024,1857
5.95151e+08,0.128501,0.27746,10.4723,1.51757,4.62903,-0.666131,4.52691,0.70277,3.20093,0.0257983,3.09075,-4.34427,-4.23637,0.315,0.314208,0.00905373,29.9506,0.695881,-0.296609,0.0931255,-0.162673,2.40648,1.01776,-0.139176,0,0,0,0.0593218,0,2042,1731,2011,1814
5.95172e+08,0.157572,-1.22298,9.08092,-7.66907,-7.43204,-0.75275,-7.10149,0.985203,-0.0357101,-0.0143817,-0.0591546,-4.57328,-4.62471,0.315,0.314952,0.00763404,29.9506,0.697885,-0.299939,0.100165,-0.1665,2.43852,1.03786,-0.139577,0,0,0,0.0599879,0,1983,1622,2074,1919
5.95193e+08,-0.134183,0.354529,10.3112,1.96906,3.01071,-0.660196,-9.36283,-0.745128,1.01773,0.0474527,-3.05771,-6.81755,-6.27471,0.315,0.315044,0.0116501,29.9859,0.69993,-0.303266,0.102285,-0.166363,2.45088,1.04206,-0.139986,0,0,0,0.0606533,0,1996,1578,2076,1948
5.95214e+08,-0.723848,-0.11752,10.4937,-0.64011,-0.821348,-0.783993,-0.912028,-3.94571,0.605511,-0.00813352,0.625954,-5.53511,-5.60698,0.314,0.314322,0.0140495,29.9594,0.702004,-0.306556,0.103691,-0.16447,2.46042,1.03917,-0.140401,0,0,0,0.0613112,0,2027,1665,2040,1867
5.95235e+08,-0.346741,0.499034,10.8814,2.62448,-1.61524,-0.979044,-1.60233,-1.82322,4.63605,0.0969214,4.61715,-6.13053,-6.11112,0.314,0.314055,0.00976755,29.9153,0.704183,-0.309863,0.108954,-0.165362,2.48557,1.04749,-0.140837,0,0,0,0.0619726,0,1992,1685,2079,1842
5.95256e+08,0.658817,-0.498049,8.70177,-3.26644,3.51453,-0.960467,3.78247,4.32259,1.44521,0.0886043,1.42735,-6.16107,-6.15751,0.314,0.314021,0.0064175,29.9359,0.706435,-0.31323,0.112602,-0.168353,2.50433,1.0643,-0.141287,0,0,0,0.062646,0,2054,1700,2018,1827
5.95277e+08,-0.499245,-0.644963,9.19163,-4.00789,5.89621,-0.792393,14.5232,-3.10136,-1.82197,0.130619,3.13015,-6.89389,-7.91771,0.314,0.314007,0.00624174,29.9329,0.708771,-0.316645,0.116807,-0.170749,2.52544,1.0788,-0.141754,0,0,0,0.063329,0,2128,1782,1960,1728
5.95298e+08,-0.542172,-0.840044,8.95156,-5.35138,3.78934,-0.688212,3.97547,-3.45089,0.407038,0.0283926,0.45437,-5.90152,-5.97881,0.314,0.313993,0.000423682,29.9329,0.711191,-0.320112,0.120982,-0.17334,2.54654,1.09414,-0.142238,0,0,0,0.0640224,0,2066,1696,2005,1831
5.95319e+08,-0.310935,0.539977,10.8743,2.84159,5.30079,-0.611453,5.07295,-1.63583,5.00246,0.0575035,4.94426,-6.97023,-6.94946,0.314,0.313988,0.00411144,29.9447,0.713731,-0.323656,0.127008,-0.177204,2.57522,1.1147,-0.142746,0,0,0,0.0647312,0,2047,1732,2032,1786
5.9534e+08,0.431665,0.605004,9.47061,3.65144,-4.97402,-0.521808,-5.00347,2.6044,7.33834,0.203765,7.32349,-7.55038,-7.55091,0.316,0.31573,0.0101992,29.9682,0.71622,-0.327225,0.124434,-0.178433,2.56935,1.12473,-0.143244,0,0,0,0.0654449,0,1960,1678,2125,1835
5.95361e+08,-0.00290205,0.53516,10.3256,2.9669,3.20919,-0.730221,-10.3089,-0.0160816,1.24673,0.206502,2.44886,-6.51221,-5.6289,0.316,0.316006,0.00834297,29.9241,0.718817,-0.330888,0.129862,-0.183154,2.59571,1.14889,-0.143763,0,0,0,0.0661776,0,1946,1611,2122,1919
5.95382e+08,-0.349069,0.282277,10.4418,1.54765,-0.180127,-0.705273,-0.0933459,-1.91398,-1.39449,0.194186,-1.36127,-6.71068,-6.70268,0.316,0.316023,0.00808372,29.9741,0.724212,-0.337752,0.134315,-0.168444,2.62302,1.09978,-0.144842,0,0,0,0.0675505,0,2052,1652,2026,1868
5.95402e+08,-0.974691,0.311178,10.979,1.61714,10.6138,-0.676293,10.4756,-5.07127,-3.18075,0.120482,-3.15298,-5.1687,-5.24547,0.318,0.31784,0.0133004,29.9418,0.72715,-0.341291,0.146895,-0.176941,2.67851,1.13894,-0.14543,0,0,0,0.0682583,0,2135,1719,1930,1814
5.95423e+08,-0.472744,-1.49032,9.17601,-9.2131,11.3924,-0.626037,11.3718,-2.91117,-4.34105,0.0346545,-4.26641,-4.2374,-4.34069,0.318,0.318039,0.0110876,29.9682,0.73014,-0.344789,0.149528,-0.174871,2.69418,1.13568,-0.146028,0,0,0,0.0689577,0,2148,1721,1910,1820
5.95444e+08,0.969466,-1.32414,8.12562,-9.19139,-3.92058,-0.71095,-3.91905,6.71602,3.20093,0.0592913,3.16564,-7.41297,-7.34588,0.318,0.318033,-0.000110478,29.9035,0.73316,-0.348288,0.150982,-0.174981,2.70516,1.14117,-0.146632,0,0,0,0.0696577,0,1998,1650,2086,1864
5.95465e+08,-1.06506,-1.01104,9.33636,-6.141,4.26262,-0.719876,-4.37239,-6.47048,1.18566,0.0753004,7.69502,-6.34427,-7.61273,0.32,0.319802,0.00621391,29.9035,0.736242,-0.35193,0.154125,-0.18206,2.723,1.1748,-0.147248,0,0,0,0.0703859,0,1964,1677,2123,1834
5.95486e+08,0.242998,0.706158,9.91967,4.07066,-1.4015,-0.798062,-1.48193,1.39973,9.38414,0.154716,9.30941,-7.47404,-7.41512,0.32,0.319983,0.0030974,29.9271,0.739286,-0.355538,0.152175,-0.180425,2.72037,1.17344,-0.147857,0,0,0,0.0711076,0,1970,1710,2116,1803
5.95507e+08,0.180989,0.436415,10.3538,2.41324,2.84277,-0.780369,2.79475,1.00057,7.10933,0.201404,6.98585,-7.90152,-7.88149,0.323,0.321103,0.0105901,29.93,0.742372,-0.358939,0.154294,-0.170061,2.73412,1.13682,-0.148474,0,0,0,0.0717879,0,2016,1720,2068,1782
5.95528e+08,-0.909608,-1.8877,9.35856,-11.3519,4.87331,-0.85266,4.98187,-5.4425,-3.50136,0.108996,-3.41827,-6.63435,-6.74999,0.323,0.322861,0.0138066,29.9535,0.745541,-0.362203,0.158464,-0.163187,2.75621,1.11403,-0.149108,0,0,0,0.0724406,0,2097,1659,1967,1843
5.95549e+08,-0.0816104,0.210024,10.432,1.15333,12.2626,-0.751024,-1.13827,-0.44813,-2.15785,0.0693311,-3.99109,-7.09236,-7.31905,0.323,0.323028,0.00621805,29.9565,0.748831,-0.365423,0.164513,-0.160979,2.78599,1.1099,-0.149766,0,0,0,0.0730845,0,2068,1615,2013,1893
5.9557e+08,-1.35662,-0.124745,10.4373,-0.679047,11.255,-0.625733,11.1897,-7.40518,-7.86777,-0.0484656,-7.69152,-5.68778,-5.78295,0.324,0.32361,0.00658942,29.9476,0.752084,-0.368657,0.162642,-0.161722,2.78396,1.11763,-0.150417,0,0,0,0.0737314,0,2177,1683,1888,1838
5.95591e+08,0.262499,-0.726849,9.92685,-4.18629,4.29316,-0.587957,4.1656,1.5107,1.59788,-0.0259345,1.60107,-6.84809,-6.85741,0.324,0.323979,0.00475414,29.9182,0.755359,-0.37189,0.163772,-0.161636,2.79401,1.12204,-0.151072,0,0,0,0.074378,0,2067,1694,2009,1816
5.95612e+08,1.1101,-0.428205,9.41376,-2.58653,-5.43203,-0.653501,-5.37436,6.71855,9.61314,0.0650736,9.43619,-9.2145,-9.05795,0.324,0.324026,0.00730473,29.9359,0.758606,-0.375125,0.162351,-0.161764,2.79379,1.12732,-0.151721,0,0,0,0.075025,0,1949,1671,2143,1816
5.95633e+08,0.575145,-0.148829,9.27697,-0.91735,-12.3633,-0.763643,-9.32069,3.54718,7.10933,0.0433717,3.6269,-6.63435,-5.4553,0.325,0.324634,0.01027,29.9565,0.761813,-0.378349,0.160311,-0.161201,2.79105,1.12983,-0.152363,0,0,0,0.0756698,0,1942,1612,2112,1900
5.95654e+08,0.0187713,-0.122337,10.2129,-0.68629,3.42293,-0.923816,3.25406,0.105301,2.94139,0.197732,2.89858,-4.61908,-4.64456,0.325,0.325009,0.0124448,29.9624,0.765238,-0.381561,0.171242,-0.160599,2.84061,1.13216,-0.153048,0,0,0,0.0763122,0,2027,1696,2014,1817
5.95674e+08,-0.731092,0.169081,10.1594,0.951014,12.1558,-0.860698,12.0124,-4.11544,-2.8296,0.104936,-2.78988,-2.71068,-2.78415,0.325,0.325039,0.0114113,29.9624,0.768794,-0.384702,0.177805,-0.157068,2.87282,1.12266,-0.153759,0,0,0,0.0769405,0,2125,1727,1902,1805
5.95695e+08,-1.42345,-0.242757,10.1238,-1.36025,16.5527,-0.745662,16.3685,-8.00132,-7.02808,-0.00687305,-6.84632,-4.2374,-4.21173,0.328,0.327297,0.018368,29.9271,0.77234,-0.387612,0.177316,-0.145469,2.87675,1.08052,-0.154468,0,0,0,0.0775224,0,2184,1713,1835,1786
5.95716e+08,0.0667363,-0.871353,9.02458,-5.51485,9.31606,-0.566668,9.44735,0.421731,-0.982275,-0.107771,-0.974378,-4.39007,-4.3347,0.328,0.328036,0.0186667,29.9565,0.775984,-0.390491,0.182222,-0.143946,2.90244,1.07875,-0.155197,0,0,0,0.0780981,0,2097,1705,1921,1791
5.95737e+08,-1.01524,0.164264,10.1074,0.926418,-3.69158,-0.454234,-3.90342,-5.73509,1.07879,-0.0965192,7.09934,-3.51984,-4.63453,0.328,0.328097,0.0154459,29.9271,0.779599,-0.393321,0.180731,-0.141511,2.90245,1.07328,-0.15592,0,0,0,0.0786642,0,1950,1669,2076,1827
5.95758e+08,0.0284807,-0.690722,9.57098,-4.12777,-10.8213,-0.753026,-10.712,0.170054,4.72765,-0.0036466,4.73037,-3.94733,-3.87468,0.329,0.328888,0.00926884,29.9241,0.783068,-0.396103,0.173442,-0.139079,2.87902,1.06776,-0.156614,0,0,0,0.0792205,0,1913,1609,2113,1902
5.95779e+08,0.596695,-0.36077,9.4713,-2.17708,-8.98929,-0.922994,-8.87864,3.60228,7.13986,0.0488417,7.01232,-3.2145,-3.18226,0.329,0.329005,0.00666295,29.9476,0.786639,-0.39888,0.178557,-0.138892,2.90548,1.07124,-0.157328,0,0,0,0.0797761,0,1907,1642,2118,1880
5.958e+08,-0.826452,-0.380037,10.8899,-1.99298,4.03361,-1.03544,3.88996,-4.33732,-5.27235,-0.00438431,-5.11339,-3.50458,-3.55371,0.329,0.329003,0.0110304,29.9388,0.790229,-0.401574,0.179492,-0.13466,2.91521,1.0584,-0.158046,0,0,0,0.0803147,0,2082,1639,1940,1873
5.95821e+08,0.393582,0.166673,9.74773,0.978787,10.0183,-1.02162,0.784235,2.31183,1.64368,0.0898025,-2.27377,-3.96259,-4.51086,0.332,0.33152,0.009743,29.9447,0.793699,-0.404109,0.173511,-0.126753,2.89705,1.03062,-0.15874,0,0,0,0.0808217,0,2039,1631,1984,1864
5.95842e+08,-1.20858,-0.122337,10.29,-0.676504,20.2168,-0.852428,19.9652,-6.69835,-3.11968,0.0275496,-2.97598,-4.06946,-4.15126,0.332,0.332005,0.0130796,29.9359,0.800627,-0.408639,0.173044,-0.110522,2.90684,0.972729,-0.160125,0,0,0,0.0817278,0,2180,1763,1834,1729
5.95863e+08,0.0976135,-0.278884,9.6618,-1.65328,8.18629,-0.567679,8.41825,0.578601,4.04063,0.058018,4.01689,-3.87099,-3.88388,0.332,0.332068,0.0140061,29.9241,0.804043,-0.410843,0.17077,-0.110185,2.9035,0.974906,-0.160809,0,0,0,0.0821686,0,2049,1735,1960,1758
5.95884e+08,0.618171,-0.310193,8.75434,-2.02428,-5.09616,-0.460794,-4.90845,4.03661,9.73528,0.130097,9.60516,-4.06946,-3.96369,0.333,0.333006,0.0166073,29.9418,0.80739,-0.413031,0.167354,-0.109386,2.89549,0.97522,-0.161478,0,0,0,0.0826061,0,1911,1678,2091,1806
5.95905e+08,-0.26516,-0.919522,8.98205,-5.84266,-11.0046,-0.615655,-11.4914,-1.68216,3.82689,0.176787,5.5985,-2.80229,-3.03376,0.333,0.333075,0.0127896,29.9271,0.810771,-0.415139,0.16908,-0.105428,2.90817,0.962765,-0.162154,0,0,0,0.0830278,0,1890,1608,2110,1890
5.95926e+08,0.725557,-0.0693517,9.31733,-0.425175,-6.4702,-0.861528,-6.50767,4.45262,6.16276,0.279789,6.04712,-3.73359,-3.69665,0.333,0.333039,0.0102301,29.9447,0.81428,-0.417231,0.175435,-0.104567,2.93957,0.96271,-0.162856,0,0,0,0.0834461,0,1923,1644,2087,1852
5.95946e+08,-0.730777,-0.962873,10.084,-5.44017,-2.72974,-1.05862,-2.67509,-4.1262,-0.554794,0.216605,-0.548492,-1.87099,-1.93263,0.336,0.335737,0.0157563,29.93,0.817673,-0.419173,0.169651,-0.0971001,2.92215,0.93598,-0.163535,0,0,0,0.0838345,0,1978,1620,1998,1874
5.95967e+08,-0.810064,0.79286,11.001,4.11119,-1.99692,-0.966364,-1.97525,-4.20055,-3.36395,0.0798882,-3.31713,-4.22214,-4.18741,0.336,0.336041,0.0207278,29.9124,0.821015,-0.420905,0.167081,-0.0866165,2.91756,0.896888,-0.164203,0,0,0,0.084181,0,2012,1590,1975,1873
5.95988e+08,0.909637,-0.844861,8.44221,-5.68222,-6.34807,-0.990369,-6.02525,6.11948,-2.00518,0.0355168,-2.04586,-2.08473,-2.11572,0.336,0.336055,0.0105972,29.9447,0.824321,-0.422434,0.165294,-0.0764433,2.91607,0.858788,-0.164864,0,0,0,0.0844867,0,1974,1588,2012,1912
5.96009e+08,-0.702207,-0.659413,9.42683,-3.99034,7.88094,-0.885939,4.86287,-4.24976,-4.21892,-0.0827706,3.22295,-0.848089,-2.5422,0.337,0.336967,0.0172454,29.9624,0.827492,-0.423879,0.158593,-0.0722689,2.89471,0.844645,-0.165498,0,0,0,0.0847758,0,2012,1694,1964,1788
5.9603e+08,0.699355,-0.300559,8.54773,-2.00713,-4.77555,-0.842846,-4.39022,4.67451,6.78872,-0.0839992,6.75012,-1.35191,-1.36614,0.337,0.337036,0.00670867,29.9035,0.830592,-0.42529,0.154972,-0.0705568,2.88562,0.840337,-0.166118,0,0,0,0.085058,0,1924,1668,2057,1841
5.96051e+08,0.899811,0.142589,8.89728,0.913491,1.86567,-0.779393,1.86963,5.77414,13.1093,0.0134456,12.9141,-3.53511,-3.37468,0.34,0.338134,0.0118744,29.9271,0.833469,-0.426683,0.14384,-0.0696373,2.84612,0.839187,-0.166694,0,0,0,0.0853366,0,1927,1744,2060,1735
5.96072e+08,0.152473,-0.059718,8.89285,-0.384695,2.17102,-0.796923,1.98017,0.98225,7.09406,0.163901,7.02798,-2.1458,-2.1408,0.34,0.339867,0.012202,29.9182,0.836383,-0.427944,0.145721,-0.0630662,2.85888,0.815207,-0.167277,0,0,0,0.0855889,0,1960,1707,2011,1777
5.96093e+08,0.816377,-0.363178,8.31248,-2.48974,-7.12669,-0.94417,-5.99001,5.60378,3.55208,0.125573,-4.36558,-1.91679,-1.01204,0.34,0.340006,0.0121757,29.9653,0.839391,-0.429162,0.150411,-0.0608998,2.88302,0.80884,-0.167878,0,0,0,0.0858325,0,1978,1572,1983,1922
5.96114e+08,0.386325,0.501442,9.67942,2.9632,-6.05799,-1.11393,-6.11193,2.28252,-1.59296,0.161366,-1.58633,-2.1916,-2.1797,0.341,0.340574,0.00461562,29.9241,0.842353,-0.430367,0.148079,-0.0602547,2.87894,0.808561,-0.168471,0,0,0,0.0860735,0,1965,1588,2016,1904
5.96135e+08,-0.391927,-0.160871,10.2322,-0.900072,6.5985,-1.10005,6.54792,-2.19327,-5.89831,0.0207689,-5.82928,-1.39771,-1.40543,0.341,0.340936,0.00746908,29.9065,0.845141,-0.431334,0.139387,-0.048313,2.84914,0.762675,-0.169028,0,0,0,0.0862667,0,2081,1648,1887,1846
5.96156e+08,-0.521244,1.18302,9.5056,7.08376,7.88094,-0.931107,7.88295,-3.11471,0.116962,-0.040373,0.167745,-1.94733,-1.86989,0.341,0.340976,0.00314188,29.9594,0.847868,-0.43206,0.136353,-0.0363411,2.84196,0.716368,-0.169574,0,0,0,0.0864121,0,2057,1704,1923,1793
5.96177e+08,0.448633,-0.302968,9.07739,-1.90927,3.22445,-0.776377,13.6818,2.82786,7.38414,-0.0443892,2.03531,-1.19923,-1.62313,0.341,0.340988,0.00364099,29.9506,0.850409,-0.432545,0.127061,-0.0242298,2.80946,0.669197,-0.170082,0,0,0,0.086509,0,2085,1762,1891,1736
5.96198e+08,-0.563856,-0.141604,9.39905,-0.861592,-6.10379,-0.655869,-5.97825,-3.43272,1.09406,0.00372939,1.23285,-1.18397,-1.15502,0.341,0.340979,-0.00105016,29.9476,0.852992,-0.433156,0.129133,-0.0305403,2.82259,0.69607,-0.170598,0,0,0,0.0866312,0,1954,1624,2026,1886
5.96219e+08,0.668035,0.701341,9.50855,4.2081,-16.0275,-0.818775,-15.9124,4.00793,7.07879,0.0819374,6.94869,-1.55038,-1.49675,0.341,0.340947,-0.00550591,29.9653,0.855615,-0.433695,0.13115,-0.0269774,2.83556,0.683256,-0.171123,0,0,0,0.0867391,0,1845,1595,2146,1919
5.9624e+08,-0.303803,0.655581,10.6181,3.53163,-2.71448,-1.08007,-2.95909,-1.63578,1.41467,0.128728,1.38893,-0.542746,-0.559342,0.344,0.343141,-0.00275831,29.9241,0.858101,-0.434329,0.124302,-0.0316746,2.8128,0.70369,-0.17162,0,0,0,0.0868658,0,1962,1643,2009,1868
5.96261e+08,0.453212,0.402697,10.0116,2.30102,-4.66868,-1.24367,-1.6453,2.58985,1.47574,-0.000200738,-5.07492,-0.46641,1.71468,0.344,0.343823,-0.00336376,29.9094,0.860514,-0.434831,0.120675,-0.0250859,2.80287,0.678694,-0.172103,0,0,0,0.0869661,0,2006,1613,1942,1917
5.96281e+08,-0.286797,-0.392079,9.32481,-2.40655,12.5985,-1.09274,-2.16776,-1.7601,-5.13495,-0.189735,-3.42307,1.47252,0.601968,0.344,0.34392,0.00153555,29.9476,0.862788,-0.435237,0.11368,-0.0203423,2.77926,0.660979,-0.172558,0,0,0,0.0870475,0,1996,1612,1954,1900
5.96302e+08,-0.69786,0.881972,11.0343,4.56087,4.85804,-0.996823,4.69228,-3.60736,-3.15021,-0.268327,-3.09345,1.97634,1.93165,0.344,0.343916,-0.00274853,29.9241,0.866981,-0.435589,0.100153,-0.0074841,2.73347,0.611449,-0.173396,0,0,0,0.0871178,0,2043,1674,1904,1857
5.96323e+08,-0.945807,-0.514908,9.65045,-3.03963,3.19392,-0.992346,3.13199,-5.58958,-4.32579,-0.350007,-4.1827,1.57939,1.52759,0.344,0.343913,-0.00495347,29.9153,0.868886,-0.435714,0.0952424,-0.00623349,2.71777,0.60739,-0.173777,0,0,0,0.0871427,0,2044,1655,1910,1877
5.96344e+08,0.0163379,0.0414354,8.57973,0.276704,-11.8137,-1.01996,-11.4908,0.109104,5.3994,-0.328813,5.37888,-0.283203,-0.251281,0.344,0.343871,-0.0150062,29.9359,0.870653,-0.433971,0.0883651,0,2.69401,0.581787,-0.174131,0,0,0,0.0867942,0,1888,1620,2098,1912
5.96365e+08,-1.09166,0.176307,10.3331,0.972096,-4.02745,-1.11931,-4.90995,-6.02987,5.65895,-0.180519,9.10746,-0.283203,-1.60733,0.342,0.342157,-0.019237,29.9035,0.872339,-0.433753,0.0842805,0.0108969,2.68135,0.538603,-0.174468,0,0,0,0.0867506,0,1918,1695,2094,1839
5.96386e+08,-0.346718,0.417148,9.86748,2.41925,-5.56944,-0.981123,-5.41714,-2.01061,9.58261,-0.286245,9.55023,-0.0236616,0.0210557,0.342,0.341855,-0.0171467,29.9271,0.874054,-0.433295,0.0857358,0.0228959,2.69096,0.490695,-0.174811,0,0,0,0.086659,0,1906,1701,2088,1844
5.96407e+08,0.962352,-1.50236,8.17282,-10.3461,-5.67631,-0.996573,-5.39948,6.60599,3.88795,-0.154673,3.84578,0.61756,0.596197,0.342,0.341823,-0.0212462,29.9388,0.875793,-0.432792,0.0869586,0.025169,2.69966,0.481738,-0.175159,0,0,0,0.0865583,0,1946,1669,2050,1889
5.96428e+08,0.190508,0.554428,10.4347,3.04094,5.46873,-0.877426,5.35781,1.04447,-1.18075,-0.0705456,-1.15492,-0.542746,-0.551069,0.341,0.340916,-0.020684,29.9065,0.877423,-0.432272,0.0815216,0.025957,2.68151,0.478716,-0.175485,0,0,0,0.0864545,0,2065,1708,1944,1841
5.96449e+08,-0.50856,-1.49272,9.8147,-8.63647,-4.13433,-0.810512,3.26598,-2.93253,-9.31815,-0.160153,-5.22691,0.525957,-0.874785,0.341,0.340834,-0.0214264,29.9388,0.878943,-0.431626,0.0759755,0.0323296,2.6628,0.453133,-0.175789,0,0,0,0.0863252,0,2084,1664,1930,1884
5.9647e+08,-0.95076,0.120913,10.1952,0.676551,-8.83662,-0.860985,-4.29489,-5.32739,-7.19602,-0.344008,-7.78986,-0.0541959,-1.53536,0.339,0.340803,-0.0210799,29.9212,0.880383,-0.430977,0.0720262,0.0324343,2.65039,0.452686,-0.176077,0,0,0,0.0861954,0,2053,1586,1967,1956
5.96491e+08,0.823654,-0.7702,7.96756,-5.49237,-8.69921,-0.981537,-8.48881,5.87485,2.74292,-0.41783,2.67199,-1.33664,-1.30099,0.339,0.338908,-0.0274813,29.9182,0.881635,-0.430306,0.0626044,0.0335467,2.6158,0.448168,-0.176327,0,0,0,0.0860612,0,1954,1638,2079,1923
5.96512e+08,0.175922,1.48408,10.3198,8.18231,-1.52364,-0.95242,-1.67528,0.966683,8.54444,-0.32874,8.4763,-2.22213,-2.06511,0.339,0.338777,-0.0252737,29.9182,0.882729,-0.429375,0.0546914,0.0465735,2.58706,0.395534,-0.176546,0,0,0,0.085875,0,1963,1726,2075,1826
5.96533e+08,0.32679,-0.0765769,8.90929,-0.492124,-5.56944,-1.02818,-7.49485,2.10057,8.75818,-0.237166,9.38357,-2.1,-1.52043,0.338,0.338389,-0.0298401,29.8918,0.883641,-0.428237,0.0455947,0.05688,2.55334,0.353549,-0.176728,0,0,0,0.0856474,0,1913,1697,2124,1864
5.96554e+08,0.286311,-0.488416,9.05824,-3.08483,5.16338,-1.04994,5.18887,1.80777,4.05589,-0.00930173,4.05221,-2.54275,-2.48008,0.338,0.337765,-0.0323829,29.9124,0.884371,-0.427026,0.0364897,0.0605456,2.51937,0.338104,-0.176874,0,0,0,0.0854053,0,2042,1748,2004,1804
5.96574e+08,0.384053,0.0847868,10.6237,0.456965,1.6214,-0.946784,1.60555,2.07031,2.78872,-0.00266842,2.70779,-0.985494,-0.976537,0.338,0.337721,-0.0322599,29.9418,0.885057,-0.42582,0.0343263,0.0603058,2.51318,0.338326,-0.177011,0,0,0,0.085164,0,2021,1721,2012,1844
5.96595e+08,-0.389864,1.00962,10.7184,5.37753,-0.470203,-0.91769,-0.653347,-2.07394,-1.15021,-0.0628181,-1.15008,-1.64198,-1.53765,0.337,0.337112,-0.0356454,29.8947,0.885683,-0.424708,0.0312818,0.0556287,2.50338,0.356461,-0.177137,0,0,0,0.0849415,0,2035,1674,2002,1886
5.96616e+08,0.240857,-0.180139,9.03029,-1.14239,-13.2641,-0.984283,-12.9466,1.52753,-2.50899,-0.115133,-2.49629,-1.27557,-1.3165,0.337,0.336718,-0.0424099,29.9006,0.886276,-0.423641,0.0296449,0.0533235,2.49919,0.365139,-0.177255,0,0,0,0.0847282,0,1956,1577,2080,1985
5.96637e+08,0.644227,0.446049,9.86192,2.58419,-10.8366,-1.10647,-10.306,3.73372,3.73528,-0.158517,0.908581,-3.06183,-3.3025,0.337,0.33668,-0.0381075,29.8947,0.886764,-0.422472,0.0244142,0.0584413,2.48045,0.343914,-0.177353,0,0,0,0.0844944,0,1959,1609,2095,1935
5.96658e+08,0.622896,-0.124745,9.49539,-0.751063,-14.6992,-1.28794,-14.4924,3.75289,6.59024,-0.089757,6.4585,-0.435875,-0.469332,0.334,0.334406,-0.0452818,29.8859,0.887034,-0.421345,0.0135011,0.05638,2.43865,0.351532,-0.177407,0,0,0,0.0842689,0,1873,1631,2156,1939
5.96679e+08,-1.01503,-0.616062,9.41767,-3.72121,-1.75265,-1.45619,-1.80241,-6.13851,2.1475,-0.127735,2.19498,0.648094,0.648505,0.334,0.333672,-0.0437746,29.9006,0.887152,-0.420031,0.00589231,0.0656941,2.4099,0.31329,-0.17743,0,0,0,0.0840062,0,1987,1694,2032,1886
5.967e+08,-0.162621,-0.423389,9.22731,-2.62673,-2.07326,-1.51612,-1.8825,-1.00861,3.3078,0.151885,3.32861,0.281682,0.305636,0.334,0.333562,-0.0503789,29.9094,0.883603,-0.418476,0,0.0777292,2.38505,0.263829,-0.176721,0,0,0,0.0836952,0,1976,1703,2046,1873
5.96721e+08,-0.186789,0.617046,10.2547,3.4429,9.20919,-1.43154,5.19621,-1.04164,-4.52426,0.166186,-4.56122,1.13664,0.669458,0.334,0.333558,-0.0476935,29.9035,0.880069,-0.416978,0,0.0748955,2.38382,0.27407,-0.176014,0,0,0,0.0833957,0,2081,1701,1937,1879
5.96742e+08,0.50108,0.00530915,9.2939,0.0326828,-0.790814,-1.28371,-0.812207,3.08611,-6.17311,0.0734693,-6.15403,1.07557,1.09523,0.334,0.333601,-0.0459809,29.8624,0.876383,-0.4139,-0.00826395,0.0782108,2.35086,0.258414,-0.175277,0,0,0,0.08278,0,2051,1650,1964,1934
5.96762e+08,-0.871829,-0.353544,10.1706,-1.98361,5.45346,-1.20759,5.38755,-4.8965,-13.2418,-0.19366,-13.1514,1.31985,1.27961,0.334,0.333634,-0.0371088,29.8918,0.876104,-0.412472,-0.013951,0.0714156,2.32931,0.284623,-0.175221,0,0,0,0.0824943,0,2148,1642,1865,1943
5.96783e+08,0.484628,-0.941197,9.49183,-5.65554,-9.59997,-1.24982,-9.46096,2.90859,-0.753267,-0.263033,-0.832795,0.0374072,0.0440184,0.332,0.331959,-0.0431157,29.9006,0.875649,-0.411074,-0.022757,0.0699004,2.29502,0.289692,-0.17513,0,0,0,0.0822147,0,1960,1618,2064,1957
5.96804e+08,-0.501933,0.436415,10.2641,2.43176,-8.4702,-1.38203,-8.45963,-2.7971,1.24673,-0.043638,1.34217,-1.29084,-1.25203,0.332,0.331625,-0.0447295,29.9153,0.87486,-0.409574,-0.0394569,0.0749717,2.22865,0.268214,-0.174972,0,0,0,0.0819148,0,1952,1637,2083,1926
5.96825e+08,-1.22778,0.229292,11.727,1.11405,1.85041,-1.37061,-4.27128,-5.97579,-1.07388,0.0544877,4.92081,-0.313738,-2.19768,0.332,0.331613,-0.043826,29.8712,0.873942,-0.40806,-0.045902,0.0757034,2.20325,0.264118,-0.174788,0,0,0,0.081612,0,1959,1690,2084,1865
5.96846e+08,-0.523524,0.797677,10.863,4.19486,-1.89005,-1.24811,-1.82227,-2.75173,-5.98991,-0.0413833,-5.93648,-2.75649,-2.73397,0.33,0.329865,-0.0313835,29.8888,0.872964,-0.406518,-0.048906,0.0770914,2.19157,0.257354,-0.174593,0,0,0,0.0813037,0,2059,1628,1990,1921
5.96867e+08,0.386576,-0.401713,8.74727,-2.62686,-5.55417,-1.2489,-5.24977,2.52782,-7.73037,-0.208765,-7.78382,-1.51984,-1.49586,0.33,0.329714,-0.0339544,29.8624,0.871927,-0.405024,-0.0518389,0.0747323,2.18009,0.265674,-0.174385,0,0,0,0.0810047,0,2044,1594,1993,1966
5.96888e+08,0.646787,-0.172913,9.38846,-1.05264,4.29316,-1.17591,4.2681,3.94031,-4.6922,-0.33178,-4.80926,-1.62671,-1.54516,0.33,0.329708,-0.031028,29.8624,0.87067,-0.403585,-0.0628406,0.0719305,2.13598,0.275837,-0.174134,0,0,0,0.080717,0,2093,1682,1945,1878
5.96909e+08,0.0714109,-0.507683,9.57598,-3.03468,-1.56944,-1.13142,4.94408,0.426664,2.40704,-0.330768,-2.71092,-1.67252,-1.46596,0.329,0.328797,-0.0336616,29.88,0.869238,-0.402108,-0.0716249,0.0738706,2.10054,0.266931,-0.173848,0,0,0,0.0804215,0,2083,1703,1955,1857
5.9693e+08,-0.714132,-0.712398,10.4809,-3.8795,-2.14959,-1.19947,-2.16819,-3.88896,1.59788,-0.270866,1.69043,-1.51984,-1.58071,0.329,0.328688,-0.0334114,29.8712,0.86768,-0.400711,-0.0778988,0.0698446,2.075,0.282052,-0.173536,0,0,0,0.0801422,0,1999,1684,2039,1876
5.96951e+08,0.892946,-0.933972,8.63677,-6.13946,-4.31753,-1.25276,-4.23104,5.8688,7.04826,-0.105743,6.90642,-2.55801,-2.59816,0.327,0.327951,-0.0394194,29.8682,0.86605,-0.399328,-0.0815185,0.0691334,2.06002,0.283894,-0.17321,0,0,0,0.0798656,0,1949,1703,2099,1847
5.96972e+08,0.852087,0.0245765,8.52912,0.164278,-12.8977,-1.32214,-12.7206,5.70508,4.10169,0.0717836,4.02452,-5.44351,-5.34631,0.327,0.32674,-0.0486707,29.8888,0.864292,-0.397948,-0.0878937,0.0690038,2.03382,0.283404,-0.172858,0,0,0,0.0795896,0,1918,1612,2155,1914
5.96993e+08,-0.253383,-0.336686,8.99485,-2.14278,-8.83662,-1.37807,-1.23496,-1.61245,-6.50899,0.0236623,-2.62555,-4.87862,-5.09629,0.327,0.326605,-0.0458474,29.8712,0.862465,-0.396604,-0.0913523,0.0672112,2.01923,0.289626,-0.172493,0,0,0,0.0793208,0,2045,1646,2025,1882
5.97014e+08,-0.673402,-1.20371,9.93639,-6.89161,-6.76028,-1.50617,-6.58167,-3.84902,-8.15785,-0.172103,-8.10786,-3.67252,-3.7073,0.325,0.325345,-0.054551,29.8918,0.860552,-0.395252,-0.0956254,0.0675708,2.00125,0.287205,-0.17211,0,0,0,0.0790505,0,2041,1571,2017,1969
5.97035e+08,0.928981,-1.7143,8.21287,-11.7176,6.17102,-1.48798,6.20367,6.31842,-3.16548,-0.247464,-3.26076,-3.22977,-3.28477,0.325,0.324589,-0.0589124,29.8535,0.858582,-0.393871,-0.0985239,0.0690582,1.98872,0.280221,-0.171716,0,0,0,0.0787742,0,2097,1698,1958,1846
5.97056e+08,-0.733681,0.894014,10.9631,4.65166,12.6443,-1.25617,12.352,-3.81605,1.18566,-0.301049,1.17295,-5.0771,-5.0661,0.325,0.324504,-0.0576971,29.8594,0.856434,-0.392424,-0.107386,0.0723589,1.95204,0.265878,-0.171287,0,0,0,0.0784848,0,2120,1768,1950,1759
5.97077e+08,-0.656667,-1.27597,9.45667,-7.66614,6.20155,-1.03146,0.767894,-3.93666,0.0711601,-0.280625,6.36287,-4.87862,-6.8603,0.322,0.322749,-0.057627,29.83,0.854239,-0.391054,-0.109768,0.0684869,1.94129,0.280398,-0.170848,0,0,0,0.0782109,0,2012,1717,2075,1794
5.97098e+08,0.221666,0.135363,9.74783,0.795383,-1.76791,-1.10528,-1.93168,1.30256,4.26963,-0.130478,4.26409,-4.75649,-4.79318,0.322,0.321592,-0.0630854,29.8741,0.852048,-0.389804,-0.109533,0.062522,1.94103,0.30346,-0.17041,0,0,0,0.0779608,0,1995,1693,2074,1836
5.97118e+08,1.02636,0.159448,9.54773,0.951274,-6.59234,-1.21823,-6.57469,6.13477,0.941389,-0.138524,0.808906,-6.92442,-6.84116,0.322,0.321512,-0.0608208,29.8476,0.849797,-0.3887,-0.112526,0.0551885,1.92774,0.332194,-0.169959,0,0,0,0.07774,0,1994,1625,2093,1886
5.97139e+08,-0.250824,-0.950831,9.30489,-5.83248,-5.4015,-1.3458,-5.26366,-1.53611,-3.51663,-0.192573,-3.5452,-5.13817,-5.21805,0.321,0.320741,-0.0645251,29.8682,0.847721,-0.387511,-0.103815,0.0594498,1.96162,0.314314,-0.169544,0,0,0,0.0775022,0,2027,1607,2046,1918
5.9716e+08,-0.955374,-0.457106,10.5171,-2.47849,2.10995,-1.3355,1.98954,-5.18562,-7.33342,-0.271677,-7.20688,-6.55801,-6.58039,0.321,0.320502,-0.0591192,29.8418,0.845558,-0.386344,-0.108141,0.0583651,1.9431,0.317902,-0.169112,0,0,0,0.0772688,0,2111,1626,1974,1887
5.97181e+08,0.472333,0.33767,9.68145,1.99518,6.44583,-1.32011,-1.78384,2.7914,1.93376,-0.218973,-2.09231,-6.16107,-5.97099,0.321,0.320475,-0.0633434,29.8447,0.843321,-0.385143,-0.111841,0.0600137,1.92698,0.310483,-0.168664,0,0,0,0.0770287,0,2045,1639,2035,1879
5.97202e+08,-1.38297,0.178715,10.9055,0.931395,7.46873,-1.23188,7.26347,-7.22637,-3.69983,-0.236266,-3.5364,-5.33664,-5.4034,0.317,0.317106,-0.0668674,29.8359,0.838563,-0.382559,-0.116897,0.0662601,1.90379,0.283578,-0.167713,0,0,0,0.0765118,0,2119,1697,1957,1825
5.97223e+08,-0.446925,0.120913,10.4369,0.663142,1.6214,-1.23359,1.63601,-2.45184,-3.10441,-0.171504,-3.04122,-3.61145,-3.69763,0.317,0.316495,-0.0687569,29.8476,0.83606,-0.381258,-0.125153,0.0650326,1.86905,0.287561,-0.167212,0,0,0,0.0762517,0,2066,1670,1994,1868
5.97244e+08,0.900243,-1.41325,8.86629,-9.01094,-7.56944,-1.37312,-7.46896,5.72589,-1.27235,-0.0450464,-1.34056,-4.0542,-4.08959,0.317,0.316429,-0.0731459,29.8535,0.833507,-0.380056,-0.127648,0.0601257,1.85735,0.306422,-0.166701,0,0,0,0.0760112,0,1987,1615,2076,1919
5.97265e+08,-0.530463,-0.00914133,11.1134,-0.0470749,4.46109,-1.4106,2.60178,-2.73275,-7.27235,-0.167586,-6.34267,-4.64962,-4.83634,0.315,0.314737,-0.0702429,29.8624,0.831021,-0.378856,-0.124325,0.0600111,1.86907,0.306063,-0.166204,0,0,0,0.0757711,0,2099,1645,1971,1882
5.97286e+08,-1.17031,-0.358361,10.4368,-1.95432,-4.287,-1.42865,-4.29127,-6.39429,-10.2495,-0.307608,-10.0943,-3.99313,-4.07264,0.315,0.314468,-0.0625481,29.8212,0.828522,-0.377643,-0.124941,0.0606171,1.86497,0.302797,-0.165704,0,0,0,0.0755286,0,2075,1571,1989,1963
5.97307e+08,0.338664,0.157039,9.51509,0.944939,5.7588,-1.42163,5.57123,2.03815,-7.68456,-0.380391,-7.65947,-4.1,-4.1095,0.315,0.314479,-0.0578864,29.8418,0.826024,-0.376495,-0.124892,0.0573888,1.86353,0.314988,-0.165205,0,0,0,0.0752991,0,2129,1657,1935,1876
5.97328e+08,1.07432,-0.575119,8.26681,-3.94655,-1.78318,-1.22056,-1.56155,7.38679,-3.74563,-0.490626,-3.84469,-3.24504,-3.22332,0.312,0.311834,-0.0558722,29.8535,0.823453,-0.375324,-0.128576,0.0585746,1.84703,0.309444,-0.164691,0,0,0,0.0750648,0,2051,1639,2005,1902
5.97349e+08,-1.05582,0.111279,10.2641,0.617894,0.903843,-1.14027,0.789758,-5.87276,-9.25708,-0.544335,0.196343,-2.72595,-2.25051,0.312,0.311583,-0.0515477,29.8418,0.820874,-0.374188,-0.128946,0.0568066,1.84379,0.315789,-0.164175,0,0,0,0.0748376,0,2036,1689,2012,1861
5.9737e+08,0.615682,0.0558858,8.89501,0.359116,-9.47784,-1.11409,-0.918262,3.95942,-0.234183,-0.629955,-3.59276,-1.87099,-1.38829,0.308,0.311589,-0.046181,29.8506,0.81835,-0.373165,-0.126193,0.0511259,1.85316,0.337967,-0.16367,0,0,0,0.0746331,0,2049,1653,1992,1905
5.97391e+08,0.413025,-1.05921,9.22816,-6.54127,-6.89768,-1.2001,-6.7863,2.54599,-0.386855,-0.470546,-0.440418,-1.56565,-1.53726,0.308,0.307778,-0.0619485,29.8359,0.815781,-0.372212,-0.128468,0.0476437,1.84229,0.351415,-0.163156,0,0,0,0.0744425,0,1982,1634,2060,1923
5.97412e+08,0.69468,-0.661821,9.08373,-4.155,9.49926,-1.23214,9.38417,4.36168,-0.0357101,-0.478907,-0.124835,-1.59618,-1.61906,0.308,0.307538,-0.0587455,29.8359,0.813163,-0.371293,-0.130862,0.0459489,1.83088,0.357735,-0.162633,0,0,0,0.0742587,0,2094,1750,1948,1805
5.97433e+08,-1.11783,-0.158463,10.6199,-0.850173,6.75117,-1.0723,5.28235,-6.00808,-5.95937,-0.497665,-0.626361,0.922903,-1.01478,0.307,0.307165,-0.0611582,29.8594,0.810595,-0.370332,-0.128428,0.0480614,1.83889,0.348729,-0.162119,0,0,0,0.0740665,0,2069,1722,1969,1839
5.97454e+08,-0.000102446,-0.946014,9.34267,-5.78192,6.41529,-1.02012,6.32312,-0.000625075,-6.63113,-0.549925,-6.57778,-0.267936,-0.290326,0.307,0.306571,-0.0582506,29.8653,0.80809,-0.369395,-0.125248,0.0468804,1.84997,0.352961,-0.161618,0,0,0,0.0738789,0,2117,1690,1914,1877
5.97474e+08,-0.0746451,0.922915,10.2764,5.13177,-3.58471,-1.01849,-3.74138,-0.414505,-3.16548,-0.570931,-3.22158,-0.863356,-0.862944,0.307,0.306546,-0.0555331,29.8653,0.805559,-0.368559,-0.126531,0.0417824,1.84311,0.373031,-0.161112,0,0,0,0.0737118,0,2024,1639,2012,1923
5.97495e+08,0.546191,0.932548,10.1073,5.26381,-11.1267,-1.13836,-11.1895,3.08015,-1.47082,-0.574441,-1.55124,-1.73359,-1.61743,0.306,0.30596,-0.0533237,29.8241,0.802859,-0.367724,-0.134991,0.0417266,1.80725,0.372877,-0.160572,0,0,0,0.0735449,0,1960,1594,2082,1962
5.97516e+08,0.326865,-0.346319,9.35522,-2.11876,-7.23356,-1.30233,-7.11754,1.99969,-6.09678,-0.645996,-6.07646,-1.13817,-1.09762,0.306,0.305595,-0.0501261,29.8535,0.800251,-0.366977,-0.130416,0.0373937,1.82378,0.389985,-0.16005,0,0,0,0.0733953,0,2018,1589,2020,1971
5.97537e+08,-0.196298,0.465316,9.47568,2.81073,-3.84425,-1.31314,4.88266,-1.18534,-2.43266,-0.744499,-2.03333,0.190079,1.47516,0.306,0.30555,-0.0504129,29.8506,0.79773,-0.366192,-0.126058,0.0392372,1.83954,0.382273,-0.159546,0,0,0,0.0732384,0,2064,1713,1951,1870
5.97558e+08,1.61405,-0.864128,8.17091,-5.92335,6.75117,-1.18252,6.92051,11.1137,2.07116,-0.685755,1.94216,0.0832087,0.155181,0.3,0.301051,-0.0657965,29.8359,0.795277,-0.365368,-0.122635,0.0412124,1.85164,0.373982,-0.159055,0,0,0,0.0730735,0,2058,1753,1969,1819
5.97579e+08,-0.00319062,1.57319,10.6573,8.39714,5.7588,-0.923404,5.75332,-0.0169696,1.97956,-0.674264,1.96311,0.693896,0.751148,0.3,0.299654,-0.0608327,29.8212,0.792778,-0.364537,-0.124964,0.0415444,1.8406,0.372271,-0.158556,0,0,0,0.0729073,0,2050,1751,1972,1826
5.976e+08,-0.3349,0.853071,10.7965,4.5156,6.7359,-0.805516,6.52055,-1.77119,1.41467,-0.64651,1.34749,0.00687277,0.0807587,0.3,0.299563,-0.0539889,29.8418,0.790288,-0.363791,-0.124501,0.037274,1.84076,0.389126,-0.158058,0,0,0,0.0727582,0,2063,1751,1964,1820
5.97621e+08,0.971121,1.31067,9.68496,7.66904,-11.1878,-0.946176,-9.86101,5.67459,1.04826,-0.59141,-2.0737,-0.1916,1.51087,0.299,0.29881,-0.0586807,29.8241,0.78798,-0.363105,-0.115389,0.0343352,1.87585,0.400713,-0.157596,0,0,0,0.0726209,0,1963,1614,2052,1969
5.97642e+08,0.532046,0.27746,9.86887,1.60809,-2.63814,-1.06063,-2.76486,3.0847,-2.11205,-0.643829,-2.20956,-1.53511,-1.43229,0.299,0.298566,-0.0523314,29.8182,0.783797,-0.361955,-0.101824,0.0295796,1.92786,0.419665,-0.156759,0,0,0,0.072391,0,2027,1648,2014,1910
5.97662e+08,0.491777,-0.888212,9.24262,-5.48154,-0.867149,-1.19451,-0.790037,3.03175,-1.91357,-0.654482,-2.00881,0.159545,0.129556,0.299,0.29856,-0.0524445,29.7947,0.781854,-0.361294,-0.0971604,0.0330407,1.94554,0.405614,-0.156371,0,0,0,0.0722588,0,2031,1668,1996,1903
5.97683e+08,-0.833694,-0.0982526,10.7812,-0.520589,6.33896,-1.16599,6.23783,-4.42164,-6.8296,-0.711053,-6.73431,0.358018,0.31427,0.297,0.296873,-0.0510213,29.8271,0.779922,-0.360608,-0.0965562,0.0342879,1.94696,0.400408,-0.155984,0,0,0,0.0721217,0,2115,1685,1910,1888
5.97704e+08,-1.20876,0.513484,10.4216,2.802,11.9573,-1.03976,11.7637,-6.60799,-6.6006,-0.823446,-6.42655,0.770232,0.737397,0.297,0.296617,-0.0448844,29.8094,0.777997,-0.359936,-0.0962954,0.033627,1.94701,0.402871,-0.155599,0,0,0,0.0719872,0,2153,1729,1868,1848
5.97725e+08,0.27174,0.388247,10.705,2.07641,13.0565,-0.986728,5.44094,1.45315,3.00246,-0.727119,-0.838605,1.13664,1.66398,0.297,0.296607,-0.047196,29.8241,0.776176,-0.35927,-0.0910254,0.0333134,1.96727,0.403948,-0.155235,0,0,0,0.0718539,0,2064,1729,1949,1856
5.97746e+08,-0.372831,-0.136787,10.2655,-0.762916,10.0947,-0.935584,9.79246,-2.07982,-1.34869,-0.68024,-1.31099,1.86947,1.85359,0.294,0.293913,-0.0478992,29.8418,0.774448,-0.358714,-0.0864115,0.0277806,1.98502,0.426096,-0.15489,0,0,0,0.0717428,0,2098,1758,1914,1828
5.97767e+08,-1.21571,-0.245166,11.1374,-1.2536,-2.48547,-1.00034,-2.52634,-6.228,-5.02808,-0.585277,-4.83478,1.64046,1.55715,0.294,0.293619,-0.0481723,29.8065,0.772814,-0.358212,-0.0816794,0.0251215,2.00335,0.436784,-0.154563,0,0,0,0.0716423,0,2034,1644,1979,1940
5.97788e+08,0.582464,-0.705173,8.97217,-4.48456,5.95728,-1.08492,5.74515,3.70298,-3.15021,-0.515583,-3.15221,0.709163,0.691625,0.294,0.293618,-0.0465839,29.8418,0.771361,-0.357709,-0.0726529,0.0251469,2.03914,0.436704,-0.154272,0,0,0,0.0715417,0,2084,1711,1938,1866
5.97809e+08,-1.42133,0.727833,11.5902,3.56665,1.94201,-1.16523,-7.18231,-6.97778,-4.738,-0.41056,-0.859424,0.648094,-0.405553,0.292,0.291811,-0.051689,29.8241,0.770085,-0.357273,-0.0638323,0.0217781,2.07432,0.450321,-0.154017,0,0,0,0.0714546,0,1978,1630,2053,1937
5.9783e+08,-0.453691,-1.30968,9.14067,-8.14402,8.81224,-1.14825,8.72119,-2.81283,-4.86014,-0.495801,-4.74719,-0.115265,-0.20467,0.292,0.291626,-0.0464872,29.8359,0.768885,-0.356736,-0.0599497,0.0268419,2.08979,0.429989,-0.153777,0,0,0,0.0713472,0,2120,1715,1910,1853
5.9785e+08,0.319934,-1.18204,8.43505,-7.97149,-3.00455,-1.03004,13.5358,2.15114,-3.18075,-0.603471,-2.10643,-0.542746,-0.644323,0.287,0.291639,-0.0380763,29.8535,0.767829,-0.356213,-0.0528347,0.0261502,2.1184,0.432757,-0.153566,0,0,0,0.0712426,0,2141,1766,1893,1798
5.97871e+08,0.840026,0.462908,9.53888,2.7676,-3.53891,-0.906924,-3.48234,5.02679,-1.86777,-0.595377,-1.94881,-1.68778,-1.6021,0.287,0.286945,-0.0474321,29.8241,0.766909,-0.355698,-0.0460046,0.0257838,2.14604,0.434229,-0.153382,0,0,0,0.0711395,0,2025,1643,2018,1912
5.97892e+08,-0.0458008,0.238925,10.2563,1.33448,-8.48547,-0.963675,-8.30341,-0.25579,-3.95937,-0.677771,-3.99369,-0.57328,-0.540635,0.287,0.286669,-0.0411973,29.7947,0.766134,-0.355256,-0.0387399,0.022058,2.17561,0.449267,-0.153227,0,0,0,0.0710513,0,2001,1597,2032,1968
5.97913e+08,0.0139072,0.195574,10.0805,1.11147,-5.69158,-1.02542,-1.36423,0.0790314,-5.69983,-0.746061,-2.3316,-1.85572,-1.70503,0.285,0.285938,-0.0385885,29.8124,0.765494,-0.354884,-0.0319805,0.0185995,2.20331,0.46332,-0.153099,0,0,0,0.0709769,0,2044,1651,2000,1904
5.97934e+08,1.01691,-0.187364,8.72808,-1.22151,-2.4244,-1.10032,-2.28319,6.64404,3.56734,-0.696402,3.40755,-5.59618,-5.49284,0.285,0.284733,-0.042232,29.8182,0.764963,-0.354421,-0.0265747,0.0231749,2.22573,0.445035,-0.152993,0,0,0,0.0708842,0,2012,1667,2065,1853
5.97955e+08,1.17463,-0.649779,9.53206,-3.8705,0.842774,-1.02774,0.966503,7.00902,6.3765,-0.748282,6.18982,-4.63435,-4.59813,0.285,0.284689,-0.0340123,29.8094,0.764491,-0.353972,-0.0236066,0.0224535,2.23844,0.448011,-0.152898,0,0,0,0.0707944,0,2013,1714,2056,1814
5.97976e+08,-0.604596,0.38343,10.8625,2.0185,5.74354,-0.947012,5.60348,-3.18377,-1.19602,-0.75448,-1.15704,-4.03893,-4.09724,0.283,0.28354,-0.0260324,29.8329,0.764209,-0.353525,-0.0140994,0.0223233,2.27761,0.448619,-0.152842,0,0,0,0.0707051,0,2098,1698,1967,1835
5.97997e+08,0.0708358,1.56114,10.9374,8.12308,-5.96639,-1.04269,-10.4436,0.367348,-4.81434,-0.755929,-5.1657,-4.1916,-2.25282,0.283,0.282857,-0.0211008,29.8124,0.761152,-0.35307,0,0.0227893,2.33311,0.446823,-0.15223,0,0,0,0.0706139,0,2004,1561,2045,1988
5.98018e+08,-0.141252,0.0149428,10.6074,0.0807061,5.713,-1.01315,5.4282,-0.762925,-7.88304,-0.886567,-7.90712,-2.32901,-2.32912,0.283,0.282861,-0.00589174,29.7976,0.761345,-0.352723,0.00963641,0.0173359,2.37339,0.468904,-0.152269,0,0,0,0.0705446,0,2139,1652,1911,1896
5.98038e+08,-1.12011,-0.541401,10.6644,-2.89039,5.11758,-1.03565,5.09832,-5.98832,-7.16548,-1.0328,-7.12272,-1.22977,-1.32751,0.283,0.282878,-0.00153085,29.8065,0.761674,-0.352444,0.0164713,0.0139291,2.40262,0.482863,-0.152335,0,0,0,0.0704889,0,2128,1657,1912,1900
5.98059e+08,-0.755037,0.409923,10.5777,2.21367,3.22445,-0.828732,3.26777,-4.07979,-1.92884,-1.03473,-1.91414,-2.1916,-2.22997,0.283,0.282928,0.00549018,29.8094,0.762096,-0.352167,0.0210978,0.0138719,2.4231,0.483388,-0.152419,0,0,0,0.0704334,0,2085,1679,1964,1870
5.9808e+08,-0.365633,-0.259616,9.82605,-1.51243,4.10995,-0.688862,4.15366,-2.13028,-3.57769,-1.02053,-3.4506,-2.37481,-2.3795,0.283,0.282992,0.0110018,29.7947,0.762574,-0.351837,0.0239284,0.01647,2.43646,0.473198,-0.152515,0,0,0,0.0703675,0,2105,1676,1945,1872
5.98101e+08,-1.0366,-0.324644,11.2534,-1.64547,-1.55417,-0.638035,-7.37479,-5.26071,-3.7609,-0.947022,3.577,-2.48168,-3.5171,0.283,0.283023,0.0110341,29.8359,0.763152,-0.35148,0.0288728,0.017862,2.45841,0.467809,-0.15263,0,0,0,0.070296,0,1978,1640,2082,1897
5.98122e+08,-1.00568,0.132955,10.4778,0.723676,-5.41677,-0.773274,-5.48971,-5.48216,-0.600595,-0.989166,-0.439552,-3.94733,-3.95771,0.283,0.283051,0.0180909,29.7947,0.765108,-0.350769,0.053582,0.0173047,2.56279,0.470434,-0.153022,0,0,0,0.0701537,0,2022,1619,2042,1914
5.98143e+08,0.883195,-0.213856,8.61894,-1.41395,-6.79081,-0.846091,-6.63892,5.84897,6.2849,-0.84169,6.18489,-5.70305,-5.68453,0.283,0.283053,0.01404,29.7859,0.766326,-0.350414,0.0608683,0.0177263,2.59495,0.468939,-0.153265,0,0,0,0.0700828,0,1973,1651,2108,1867
5.98164e+08,0.692319,-0.758158,8.95537,-4.82477,-5.52364,-0.982413,-5.51914,4.40492,3.27727,-0.701535,3.26589,-5.68778,-5.68431,0.286,0.2856,0.0211578,29.8153,0.767765,-0.350035,0.0719789,0.0189607,2.64273,0.464152,-0.153553,0,0,0,0.070007,0,1998,1638,2082,1880
5.98185e+08,0.505849,0.0293933,8.37985,0.200605,-8.25646,-0.987394,8.02226,3.45444,-3.53189,-0.821178,-6.11227,-5.10763,-4.82546,0.286,0.286076,0.0310835,29.7859,0.769539,-0.349687,0.0886813,0.0173741,2.71337,0.470718,-0.153908,0,0,0,0.0699375,0,2160,1668,1913,1857
5.98206e+08,0.725522,0.0582943,9.48848,0.350979,6.6901,-0.90792,6.62512,4.37244,-1.18075,-0.887863,-1.33353,-6.13053,-6.04743,0.286,0.28614,0.0306832,29.7829,0.771417,-0.349364,0.0939041,0.016175,2.7381,0.47576,-0.154283,0,0,0,0.0698728,0,2124,1687,1960,1827
5.98226e+08,-0.348722,-0.962873,10.5823,-5.19617,16.4306,-0.801019,16.142,-1.87965,1.15513,-0.913387,1.13675,-6.75649,-6.7583,0.286,0.286147,0.0322447,29.83,0.773409,-0.349006,0.0995913,0.0179078,2.76483,0.468999,-0.154682,0,0,0,0.0698011,0,2179,1769,1911,1738
5.98247e+08,-1.12989,0.260601,10.452,1.42,4.46109,-0.63827,4.43414,-6.16797,3.49101,-0.80854,3.56216,-7.80992,-7.87812,0.286,0.286166,0.0313354,29.8153,0.775603,-0.348609,0.109721,0.0198153,2.80965,0.461488,-0.155121,0,0,0,0.0697219,0,2085,1701,2015,1796
5.98268e+08,-0.470865,0.342487,10.245,1.91265,-14.6229,-0.677559,-14.5382,-2.63003,4.39177,-0.643956,4.45075,-9.94733,-9.90075,0.286,0.286184,0.0342038,29.7918,0.778103,-0.348344,0.125015,0.0132559,2.87557,0.488101,-0.155621,0,0,0,0.0696689,0,1951,1564,2168,1915
5.98289e+08,-0.747943,0.660398,10.3336,3.64717,-6.34807,-0.894782,-11.9926,-4.13145,-3.36395,-0.574497,0.517396,-7.50458,-9.50819,0.288,0.288035,0.0424105,29.8124,0.780844,-0.348199,0.137026,0.0072445,2.92863,0.512666,-0.156169,0,0,0,0.0696399,0,1992,1553,2124,1929
5.9831e+08,-1.20401,0.614638,10.4146,3.35521,-5.70684,-1.03498,-5.801,-6.5832,-6.15785,-0.697192,-6.02513,-9.59618,-9.52508,0.288,0.288224,0.04465,29.8124,0.783852,-0.348013,0.150395,0.00932979,2.98747,0.504706,-0.15677,0,0,0,0.0696025,0,2084,1546,2033,1936
5.98331e+08,-1.40666,-0.519725,10.7382,-2.74749,9.19392,-0.999221,9.05401,-7.45436,-7.13495,-0.843744,-7.00068,-9.24504,-9.28016,0.291,0.289357,0.0547509,29.8153,0.786961,-0.347812,0.155467,0.0100169,3.01318,0.502335,-0.157392,0,0,0,0.0695625,0,2198,1644,1916,1840
5.98352e+08,0.654031,-0.459515,9.41411,-2.78775,7.51453,-0.874052,7.50103,3.96944,-0.295252,-0.818338,-0.389075,-9.2603,-9.31728,0.291,0.291144,0.059862,29.7859,0.790157,-0.347499,0.159804,0.0156653,3.03605,0.479923,-0.158031,0,0,0,0.0694998,0,2142,1681,1973,1801
5.98373e+08,-2.01812,0.104054,11.642,0.504563,8.56797,-0.713034,13.2858,-9.83403,-1.22655,-0.878767,-0.356833,-9.45878,-9.85195,0.291,0.291353,0.0660701,29.7741,0.793427,-0.347215,0.163504,0.0141816,3.05647,0.486153,-0.158685,0,0,0,0.0694431,0,2189,1721,1932,1756
5.98394e+08,0.145411,-0.423389,9.30064,-2.60613,-2.60761,-0.601066,-2.5825,0.894789,2.01009,-0.868968,2.08355,-9.38244,-9.44939,0.294,0.29322,0.0712808,29.7712,0.796947,-0.346913,0.17596,0.0151457,3.11232,0.48254,-0.159389,0,0,0,0.0693825,0,2053,1622,2052,1847
5.98415e+08,-0.578564,1.22878,10.7902,6.4876,-10.9893,-0.646354,-11.0915,-3.04956,6.02536,-0.779853,6.01761,-11.2145,-11.1594,0.294,0.294345,0.0761035,29.8065,0.800591,-0.346688,0.182233,0.011228,3.14354,0.498606,-0.160118,0,0,0,0.0693376,0,1964,1575,2143,1864
5.98436e+08,-0.750362,0.773593,11.0484,3.99606,-6.36333,-0.778434,-6.56258,-3.87587,3.55208,-0.852332,3.4995,-9.76412,-9.75085,0.294,0.294482,0.0814144,29.8182,0.804511,-0.34651,0.195982,0.00890116,3.2051,0.508349,-0.160902,0,0,0,0.069302,0,2004,1588,2083,1856
5.98457e+08,0.594059,0.530343,9.99031,3.03339,-9.00455,-1.00155,-3.68863,3.39823,4.63605,-0.928609,-3.50316,-9.80992,-7.40352,0.3,0.298091,0.0923537,29.7653,0.808623,-0.346229,0.205611,0.0140406,3.25038,0.488017,-0.161725,0,0,0,0.0692458,0,2047,1548,1987,1884
5.98479e+08,0.011589,-0.0549012,10.6143,-0.296353,2.76644,-0.939527,2.80968,0.0625565,3.94902,-0.939798,3.89558,-9.0771,-9.06958,0.3,0.300444,0.101914,29.7888,0.812865,-0.345882,0.212086,0.0173389,3.28319,0.474986,-0.162573,0,0,0,0.0691765,0,2037,1628,1988,1765
5.98499e+08,-0.449257,-0.0789853,9.66259,-0.46784,1.30079,-0.818494,1.45605,-2.66193,2.36124,-0.93347,2.38606,-8.1458,-8.17976,0.3,0.300618,0.100271,29.8035,0.817129,-0.345464,0.213231,0.0209119,3.29466,0.460761,-0.163426,0,0,0,0.0690928,0,2038,1614,1982,1788
5.9852e+08,0.157219,0.0486606,9.4011,0.296522,-1.50837,-0.751409,-1.38117,0.958078,4.89559,-0.873509,4.89059,-9.61145,-9.49014,0.303,0.302874,0.102541,29.8153,0.82178,-0.345045,0.232524,0.0209691,3.37941,0.460636,-0.164356,0,0,0,0.069009,0,2001,1600,2019,1778
5.98541e+08,-0.153293,0.381022,9.92424,2.19842,-3.55417,-0.642552,7.04816,-0.884288,5.88795,-0.910673,4.33515,-8.48168,-8.97379,0.303,0.3036,0.106901,29.8006,0.826549,-0.344609,0.238482,0.0218094,3.41083,0.457348,-0.16531,0,0,0,0.0689217,0,2060,1654,1945,1719
5.98562e+08,0.501262,-0.652188,9.42105,-3.9545,-9.67631,-0.674969,-9.59466,3.03838,8.94139,-0.772672,8.84305,-8.89389,-8.82199,0.303,0.303654,0.0985714,29.8065,0.836421,-0.344028,0.250464,0.012157,3.47439,0.496592,-0.167284,0,0,0,0.0688057,0,1914,1575,2104,1813
5.98582e+08,-0.40862,-0.237941,10.2796,-1.32494,-8.16486,-0.878068,-8.40689,-2.27573,2.68185,-0.846193,2.69846,-9.18397,-9.16001,0.309,0.308737,0.118517,29.7859,0.841599,-0.343864,0.25891,0.00823584,3.51633,0.512741,-0.16832,0,0,0,0.0687727,0,1942,1509,2030,1826
5.98603e+08,-0.80762,0.590554,9.73757,3.45871,-13.5542,-1.06793,-13.4271,-4.73252,2.54444,-0.830764,2.61624,-7.61145,-7.64587,0.309,0.30962,0.112721,29.83,0.846942,-0.343757,0.267119,0.00535577,3.55754,0.524787,-0.169388,0,0,0,0.0687513,0,1900,1479,2064,1874
5.98624e+08,1.26543,-0.852086,7.81034,-6.14665,0.903843,-1.14988,1.02148,9.14969,8.3765,-0.676637,8.30066,-7.45878,-7.44719,0.309,0.309663,0.101863,29.8065,0.852239,-0.343503,0.264893,0.0126975,3.55686,0.495652,-0.170448,0,0,0,0.0687005,0,1968,1634,2012,1740
5.98645e+08,-1.2634,-0.48119,10.7738,-2.53992,2.87331,-0.969305,7.62397,-6.6817,7.10933,-0.763334,10.648,-6.43587,-6.94974,0.317,0.316416,0.116932,29.7829,0.85758,-0.343211,0.26705,0.0145861,3.57381,0.488338,-0.171516,0,0,0,0.0686422,0,1976,1676,1952,1653
5.98666e+08,1.29633,-0.353544,8.32158,-2.40381,2.12522,-0.778442,2.32054,8.84648,10.4834,-0.579554,10.3055,-5.44351,-5.47382,0.317,0.317647,0.106519,29.8271,0.863125,-0.343038,0.277216,0.00862974,3.62315,0.512639,-0.172625,0,0,0,0.0686077,0,1942,1654,1988,1703
5.98687e+08,-1.82691,-0.555851,10.6887,-2.93443,4.04888,-0.721494,3.90893,-9.68642,-1.07388,-0.65846,-0.884815,-6.58855,-6.6089,0.317,0.317684,0.105083,29.7947,0.868774,-0.341666,0.282448,0,3.65285,0.546776,-0.173755,0,0,0,0.0683332,0,2041,1580,1901,1768
5.98708e+08,0.200493,-1.00622,8.39508,-6.83287,-13.5694,-0.808717,-13.3864,1.35837,2.88032,-0.686466,2.93237,-7.2145,-7.20525,0.322,0.322206,0.109423,29.8212,0.874487,-0.341784,0.285677,-0.00590251,3.67461,0.571225,-0.174897,0,0,0,0.0683568,0,1881,1467,2043,1851
5.98729e+08,0.0931813,-1.5144,8.81222,-9.75063,-8.39387,-0.961801,-11.0713,0.597077,4.2391,-0.684775,5.21855,-4.00839,-5.92456,0.322,0.322622,0.106097,29.8447,0.880314,-0.342037,0.291323,-0.0126516,3.70621,0.59924,-0.176063,0,0,0,0.0684074,0,1875,1505,2041,1829
5.9875e+08,1.36555,-0.257208,8.09612,-1.79431,-19.7221,-1.14994,-4.70894,9.56908,10.1628,-0.673782,2.20214,-3.85572,-3.77693,0.331,0.322621,0.101471,29.8094,0.886158,-0.342236,0.292224,-0.00996226,3.71882,0.589332,-0.177232,0,0,0,0.0684473,0,1934,1540,1971,1821
5.98771e+08,-0.504039,-0.577527,9.73069,-3.39204,-3.73738,-1.27279,-3.62512,-2.96001,5.65895,-0.602014,5.61206,-2.52748,-2.58065,0.331,0.331135,0.122115,29.8124,0.892031,-0.342442,0.293646,-0.0102654,3.73356,0.591434,-0.178406,0,0,0,0.0684884,0,1878,1544,1953,1763
5.98792e+08,0.0857125,-0.416163,9.40754,-2.53285,8.43056,-1.31318,8.29283,0.5215,5.27727,-0.523373,5.21974,-2.83282,-2.79472,0.331,0.331657,0.115482,29.8094,0.898105,-0.342649,0.303677,-0.010368,3.78309,0.592735,-0.179621,0,0,0,0.0685298,0,1970,1630,1872,1685
5.98813e+08,-1.96083,0.178715,11.4758,0.879459,9.28552,-1.10789,5.13102,-9.69511,0.223832,-0.453521,8.79482,-0.649616,-3.54557,0.331,0.331663,0.0979031,29.78,0.904111,-0.342762,0.300303,-0.00565459,3.77879,0.574602,-0.180822,0,0,0,0.0685525,0,1943,1649,1937,1690
5.98834e+08,0.489205,-0.228307,9.3244,-1.40068,5.86567,-0.871723,5.89751,3.00238,9.76582,-0.49934,9.56742,-3.15343,-3.13134,0.338,0.33824,0.106962,29.8035,0.910074,-0.343028,0.298183,-0.0132813,3.77947,0.606155,-0.182015,0,0,0,0.0686056,0,1925,1644,1912,1660
5.98854e+08,-1.3474,1.05297,11.5432,5.17713,-3.79845,-0.788313,-3.89726,-6.63054,5.47574,-0.558377,5.51066,-4.25267,-4.25553,0.338,0.338631,0.105252,29.8006,0.915985,-0.343455,0.295538,-0.0213612,3.77799,0.639729,-0.183197,0,0,0,0.068691,0,1892,1542,1958,1754
5.98875e+08,0.680296,-0.457106,7.95156,-3.27815,-18.8824,-0.88294,-18.6388,4.88201,9.88795,-0.468585,9.78707,-4.93969,-4.93183,0.343,0.340453,0.0940001,29.8271,0.921844,-0.344049,0.292935,-0.029693,3.77663,0.674525,-0.184369,0,0,0,0.0688098,0,1763,1470,2105,1832
5.98896e+08,-1.19428,-0.0356339,9.28817,-0.218018,-11.4473,-1.05703,-11.4574,-7.32685,3.38414,-0.478383,3.52408,-4.60381,-4.63209,0.343,0.343272,0.09171,29.7447,0.927565,-0.344709,0.286083,-0.0330053,3.75806,0.689273,-0.185513,0,0,0,0.0689418,0,1852,1472,2008,1826
5.98917e+08,0.101833,1.72251,9.88343,9.88583,-0.745012,-1.21567,-14.284,0.581554,12.4223,-0.456268,9.10775,-6.0542,-3.81184,0.343,0.34347,0.0791124,29.8476,0.933337,-0.345528,0.288594,-0.0409599,3.77712,0.722843,-0.186667,0,0,0,0.0691057,0,1797,1504,2078,1824
5.98938e+08,-0.709679,0.450866,9.8536,2.61306,-5.18776,-1.17493,-4.98037,-4.11517,8.83452,-0.287245,8.92355,-5.2145,-5.17754,0.35,0.347615,0.0786051,29.8124,0.93904,-0.346423,0.285137,-0.044712,3.77216,0.739654,-0.187808,0,0,0,0.0692845,0,1862,1558,2011,1743
5.98958e+08,-0.267565,-0.856903,8.48594,-5.76329,17.5603,-1.30098,17.3385,-1.79683,5.59788,-0.107667,5.67832,-5.44351,-5.39948,0.35,0.350126,0.0677793,29.7859,0.94467,-0.347369,0.281504,-0.0473281,3.76642,0.751977,-0.188934,0,0,0,0.0694738,0,2045,1698,1840,1611
5.98979e+08,-2.10413,0.289502,11.4951,1.41911,10.4611,-1.11121,10.1822,-10.3697,-0.554794,-0.0768189,-0.332919,-4.49694,-4.60129,0.35,0.350344,0.0642715,29.8094,0.95025,-0.348514,0.278973,-0.0572498,3.76504,0.793852,-0.19005,0,0,0,0.0697028,0,2037,1612,1845,1708
5.99e+08,-0.184341,0.402697,10.1047,2.28178,-2.95875,-1.0526,-3.03023,-1.0443,3.82689,-0.0713073,3.76443,-6.26794,-6.29924,0.355,0.353323,0.0603656,29.7829,0.955653,-0.34973,0.270155,-0.060821,3.73824,0.810349,-0.191131,0,0,0,0.0699461,0,1921,1540,1975,1763
5.99021e+08,0.439125,-0.459515,8.21768,-3.19597,-9.98165,-1.09468,-6.2556,3.05402,1.96429,-0.321302,1.43358,-6.51221,-7.60667,0.355,0.355138,0.0595444,29.8035,0.961141,-0.351203,0.274405,-0.0736187,3.76396,0.864177,-0.192228,0,0,0,0.0702406,0,1920,1487,1982,1798
5.99042e+08,-1.31626,0.696524,10.5122,3.76152,-2.39387,-1.24301,-2.69295,-7.12156,2.86505,-0.311671,2.98877,-7.19923,-7.22397,0.355,0.355253,0.0484932,29.83,0.971434,-0.354618,0.254466,-0.0910349,3.70052,0.93963,-0.194287,0,0,0,0.0709236,0,1938,1532,1979,1774
5.99063e+08,-0.265323,-0.334277,9.14444,-2.09265,-3.41677,-1.39432,-3.22984,-1.66084,8.62078,-0.192859,8.62298,-8.22213,-8.25186,0.358,0.357442,0.0446001,29.83,0.976548,-0.356516,0.255696,-0.0948834,3.71369,0.958111,-0.19531,0,0,0,0.0713032,0,1895,1562,2031,1734
5.99084e+08,0.188446,-0.61847,8.42657,-4.19666,17.255,-1.305,16.9872,1.27767,11.4147,-0.0391239,11.339,-9.09236,-9.08593,0.358,0.358092,0.0313804,29.8212,0.981563,-0.358515,0.250748,-0.0999457,3.70197,0.981592,-0.196313,0,0,0,0.071703,0,2032,1734,1922,1574
5.99105e+08,0.44614,0.0751532,8.59604,0.500238,10.5374,-1.01713,13.1429,2.97091,7.01772,-0.0292328,-0.00445838,-10.9092,-9.32934,0.358,0.35811,0.0245762,29.8212,0.986531,-0.360668,0.248398,-0.107676,3.70062,1.01597,-0.197306,0,0,0,0.0721337,0,2096,1635,1872,1683
5.99126e+08,-1.63118,-0.274067,10.4325,-1.48678,-1.00455,-0.850144,-0.972912,-8.88353,-5.48609,-0.0139362,-5.32427,-8.31374,-8.44018,0.363,0.36231,0.0270595,29.7741,0.99124,-0.362813,0.235467,-0.10725,3.65651,1.01763,-0.198248,0,0,0,0.0725627,0,2022,1494,1921,1813
5.99147e+08,-0.327677,0.638722,9.74198,3.74905,1.22445,-0.939255,0.915143,-1.92233,-3.97464,-0.151907,-4.02419,-11.3366,-11.2746,0.363,0.36303,0.0221595,29.8006,0.995797,-0.365464,0.227825,-0.13254,3.63342,1.12307,-0.199159,0,0,0,0.0730928,0,2041,1503,1933,1785
5.99168e+08,0.2816,-0.722032,9.44487,-4.36965,-13.1878,-0.989974,-13.0007,1.70281,1.73528,-0.452747,1.54171,-10.8786,-10.8858,0.363,0.363106,0.0226546,29.8065,1.00025,-0.368365,0.222607,-0.145052,3.61994,1.17759,-0.20005,0,0,0,0.073673,0,1902,1439,2067,1850
5.99189e+08,0.130848,0.421965,9.59641,2.5175,-7.59997,-1.17438,-4.60008,0.780434,6.13223,-0.518975,4.47002,-12.6496,-12.3948,0.363,0.363056,0.0170425,29.78,1.00452,-0.371391,0.213528,-0.151296,3.59075,1.20713,-0.200904,0,0,0,0.0742782,0,1951,1514,2042,1771
5.9921e+08,-0.0813633,-0.67868,9.1461,-4.24365,0.277889,-1.24378,0.311679,-0.50829,7.67421,-0.419826,7.73124,-12.558,-12.5044,0.363,0.36302,0.0144221,29.7918,1.00856,-0.374532,0.201995,-0.157058,3.55144,1.23488,-0.201712,0,0,0,0.0749065,0,1962,1574,2036,1713
5.99231e+08,0.487092,-1.21576,8.25204,-8.36662,15.8046,-1.19296,15.6944,3.34208,7.84215,-0.238129,7.82138,-10.9397,-10.9716,0.363,0.362993,0.00700798,29.8035,1.01226,-0.377587,0.184997,-0.152727,3.48979,1.22206,-0.202452,0,0,0,0.0755174,0,2069,1702,1930,1613
5.99251e+08,-2.00605,-0.380037,11.2328,-1.90758,14.8886,-1.026,14.6691,-10.1199,-3.50136,-0.209846,-3.24565,-10.5427,-10.5735,0.364,0.363883,0.00927552,29.78,1.01598,-0.380832,0.18587,-0.162266,3.49984,1.2651,-0.203195,0,0,0,0.0761664,0,2136,1615,1852,1695
5.99272e+08,0.293689,-1.25911,8.54654,-8.37586,7.16338,-0.77676,7.24266,1.94711,-6.24945,-0.207522,-6.16516,-11.3977,-11.398,0.364,0.363964,-0.00137735,29.7976,1.01958,-0.384462,0.180277,-0.181493,3.48382,1.34749,-0.203916,0,0,0,0.0768924,0,2119,1549,1895,1771
5.99293e+08,0.69438,0.417148,9.10445,2.61576,-5.95112,-0.743576,-4.91343,4.35685,-2.49373,-0.354551,-4.76782,-13.9626,-12.1374,0.364,0.363919,-0.00828402,29.8035,1.02307,-0.38841,0.174537,-0.19739,3.46707,1.41694,-0.204615,0,0,0,0.077682,0,2033,1473,2000,1852
5.99314e+08,-0.518631,0.376205,9.21228,2.33482,-16.1496,-0.942718,-15.936,-3.21955,2.13223,-0.345905,2.16205,-14.2527,-14.2206,0.363,0.362888,-0.0238304,29.8153,1.02635,-0.392676,0.163756,-0.2133,3.42985,1.48685,-0.20527,0,0,0,0.0785352,0,1926,1447,2156,1890
5.99335e+08,-1.13917,-0.707581,10.2747,-3.9156,-7.69158,-1.18483,-7.72432,-6.31177,5.13986,-0.266788,5.26088,-10.8176,-10.9869,0.363,0.362732,-0.0309712,29.7888,1.02925,-0.397023,0.14534,-0.217347,3.36154,1.50929,-0.205851,0,0,0,0.0794045,0,1949,1546,2117,1831
5.99356e+08,0.274096,0.503851,8.84854,3.25744,11.7588,-1.19914,11.4606,1.77138,12.3765,-0.0278816,12.3055,-13.0771,-13.0483,0.363,0.362677,-0.0381649,29.8212,1.03195,-0.401387,0.134898,-0.218224,3.32495,1.51904,-0.206391,0,0,0,0.0802774,0,2048,1733,2051,1639
5.99377e+08,0.0306984,-0.0789853,9.36302,-0.483326,5.49926,-1.12833,14.2899,0.187848,7.96429,0.281899,12.7114,-13.5198,-13.386,0.363,0.362615,-0.0508304,29.8006,1.03441,-0.405846,0.122893,-0.222931,3.28179,1.54429,-0.206882,0,0,0,0.0811692,0,2073,1770,2050,1620
5.99398e+08,0.197825,0.00290074,9.82124,0.0169191,14.0031,-0.827233,14.0894,1.15393,2.98719,0.366833,2.8842,-14.6802,-14.6086,0.363,0.36257,-0.0546217,29.8006,1.03678,-0.410426,0.11858,-0.229019,3.26939,1.57523,-0.207356,0,0,0,0.0820852,0,2153,1701,1988,1684
5.99419e+08,0.252991,-0.880987,9.58947,-5.24723,6.53743,-0.722481,6.54393,1.5049,-7.50136,0.35616,-7.44809,-13.474,-13.4673,0.36,0.36078,-0.0597284,29.8153,1.03898,-0.415233,0.109741,-0.240315,3.23861,1.62735,-0.207795,0,0,0,0.0830465,0,2175,1587,1970,1822
5.9944e+08,1.29117,1.02166,9.43492,6.12355,-6.68394,-0.656088,-6.70151,7.7478,-2.46319,0.275322,-2.62122,-14.8939,-14.7655,0.36,0.359666,-0.0630161,29.7712,1.04101,-0.420098,0.101715,-0.243292,3.21089,1.6462,-0.208202,0,0,0,0.0840197,0,2059,1526,2108,1880
5.99461e+08,0.880766,-0.0669433,9.03229,-0.422638,-10.4855,-0.912763,-12.5556,5.56933,1.62841,0.077945,-4.1098,-14.2221,-14.7571,0.36,0.35953,-0.0648244,29.8035,1.04295,-0.425244,0.0968328,-0.257266,3.19566,1.70951,-0.20859,0,0,0,0.0850487,0,2028,1469,2144,1941
5.99482e+08,0.429509,-0.228307,9.81829,-1.3308,-2.91295,-1.13379,-2.95399,2.50418,9.15513,0.15045,9.10737,-14.2069,-14.1874,0.355,0.355721,-0.0766851,29.8006,1.04585,-0.436287,0.065503,-0.282597,3.0775,1.82661,-0.209171,0,0,0,0.0872574,0,1998,1636,2178,1787
5.99502e+08,-1.23923,-1.53608,10.0147,-8.65519,14.0489,-1.1574,13.8867,-6.97324,4.01009,0.178927,4.13903,-11.7336,-11.877,0.355,0.354536,-0.0740735,29.7947,1.04696,-0.441857,0.0550675,-0.278482,3.03896,1.81794,-0.209391,0,0,0,0.0883713,0,2142,1731,2014,1712
5.99523e+08,0.782734,0.405106,9.04025,2.55623,15.9267,-0.859239,15.8889,4.94357,9.20093,0.434353,9.15278,-13.245,-13.1349,0.355,0.354425,-0.0787487,29.8035,1.04793,-0.447328,0.048872,-0.273561,3.01726,1.80592,-0.209587,0,0,0,0.0894656,0,2126,1782,2041,1649
5.99544e+08,0.197639,0.670031,10.1001,3.79467,19.6672,-0.441691,19.5071,1.11857,2.98719,0.552169,2.88089,-11.9931,-11.9857,0.351,0.351415,-0.0866981,29.7829,1.04887,-0.45302,0.046746,-0.284611,3.01184,1.85824,-0.209774,0,0,0,0.090604,0,2195,1775,1962,1666
5.99565e+08,0.720599,0.585737,9.29464,3.59518,-2.11906,-0.340112,7.06297,4.42445,-3.95937,0.427231,-11.8654,-12.4969,-11.7744,0.351,0.35047,-0.08941,29.7741,1.04968,-0.459123,0.0406931,-0.305135,2.99051,1.94909,-0.209936,0,0,0,0.0918246,0,2212,1581,1944,1861
5.99586e+08,-0.786082,0.421965,10.3926,2.31846,-10.5313,-0.58016,-10.5454,-4.322,-10.2342,0.268993,-10.1996,-12.2069,-12.2246,0.351,0.350352,-0.0916021,29.78,1.05025,-0.465589,0.0284598,-0.323327,2.94409,2.03106,-0.21005,0,0,0,0.0931179,0,2075,1460,2086,1978
5.99607e+08,0.17155,0.0318017,9.54115,0.190942,-8.69921,-0.849849,-8.70804,1.03006,-3.10441,0.111176,-3.09584,-12.955,-12.9293,0.347,0.346957,-0.0971998,29.78,1.05059,-0.472139,0.016793,-0.327489,2.89965,2.05687,-0.210117,0,0,0,0.0944278,0,2038,1515,2129,1916
5.99628e+08,1.01204,0.154631,8.65265,1.01689,3.65193,-0.902731,3.70148,6.67009,7.12459,0.144011,6.95412,-13.413,-13.332,0.347,0.346353,-0.0979095,29.7771,1.05072,-0.478486,0.00669468,-0.317345,2.86124,2.02507,-0.210144,0,0,0,0.0956972,0,2056,1673,2115,1754
5.99649e+08,-0.265028,-1.39398,9.58672,-8.27013,10.4764,-0.838796,19.7381,-1.56709,5.3994,0.232863,8.97553,-10.8634,-13.8867,0.347,0.346285,-0.0973487,29.7682,1.04652,-0.484909,0,-0.321157,2.83294,2.04934,-0.209304,0,0,0,0.0969818,0,2157,1801,2019,1621
5.9967e+08,-0.21052,0.0871952,10.0544,0.496768,23.8657,-0.54515,23.6294,-1.19944,2.46811,0.324488,2.44262,-12.1916,-12.1558,0.342,0.341776,-0.102089,29.8065,1.04634,-0.491463,-0.0087295,-0.327672,2.79963,2.08463,-0.209269,0,0,0,0.0982925,0,2225,1794,1936,1642
5.99691e+08,-0.141281,0.118505,10.1422,0.669364,7.45346,-0.34349,7.48178,-0.798022,-1.89831,0.355102,-1.82567,-12.4817,-12.5086,0.342,0.341313,-0.103417,29.7506,1.0461,-0.498339,-0.0123758,-0.343801,2.78661,2.1589,-0.209219,0,0,0,0.0996677,0,2144,1650,2021,1783
5.99712e+08,1.37301,-1.32895,8.12526,-9.16131,-11.9969,-0.509212,-11.6367,9.46779,-6.11205,0.275231,-6.18393,-11.3824,-11.3758,0.342,0.341261,-0.107829,29.7712,1.04574,-0.505091,-0.0176394,-0.337607,2.76697,2.1435,-0.209149,0,0,0,0.101018,0,2033,1485,2122,1958
5.99733e+08,0.632748,-1.20853,8.07861,-8.48255,-9.92058,-0.595083,-0.359108,4.4294,-9.91357,0.0207338,-8.3895,-11.3824,-11.933,0.333,0.333073,-0.123419,29.78,1.04519,-0.512066,-0.0277406,-0.348746,2.72767,2.1979,-0.209038,0,0,0,0.102413,0,2132,1542,2028,1895
5.99754e+08,0.0980045,-1.6854,8.86418,-10.7648,3.86567,-0.954999,3.89163,0.622303,-8.29525,-0.0713718,-8.28013,-9.19923,-9.26654,0.333,0.332107,-0.132535,29.8035,1.04445,-0.519076,-0.0367667,-0.350507,2.69246,2.21476,-0.208891,0,0,0,0.103815,0,2146,1579,1991,1882
5.99774e+08,-0.363444,0.455683,10.8671,2.3998,14.4306,-0.894115,0.214826,-1.91383,-1.39449,-0.114446,-2.94769,-9.13817,-9.20088,0.328,0.332057,-0.130758,29.8065,1.04352,-0.526058,-0.0467922,-0.349106,2.65298,2.2189,-0.208703,0,0,0,0.105212,0,2082,1592,2054,1869
5.99795e+08,0.651307,0.749509,9.64635,4.43283,9.37713,-0.561644,9.38316,3.85109,6.1475,-0.0552345,6.13221,-8.08473,-8.15374,0.328,0.32739,-0.130627,29.7771,1.04228,-0.533063,-0.0619705,-0.350274,2.59246,2.23339,-0.208455,0,0,0,0.106613,0,2081,1732,2047,1739
5.99816e+08,-0.446753,-0.498049,9.66429,-2.94699,10.1558,-0.381346,10.3143,-2.64324,-0.14258,-0.0875584,-0.0661632,-6.52748,-6.53266,0.328,0.327138,-0.124546,29.7859,1.04089,-0.540137,-0.0693495,-0.353696,2.56302,2.25703,-0.208178,0,0,0,0.108027,0,2127,1704,1987,1781
5.99837e+08,-1.06066,0.325628,10.4781,1.77096,-1.3099,-0.277494,-2.21484,-5.77735,-4.43266,0.031291,4.67737,-4.43588,-5.55704,0.32,0.324215,-0.131462,29.7918,1.03946,-0.547061,-0.0717044,-0.346195,2.55368,2.23667,-0.207891,0,0,0,0.109412,0,2000,1656,2105,1837
5.99858e+08,-0.666426,-0.52695,10.3387,-2.91173,-5.67631,-0.328815,-5.63891,-3.68338,-6.95174,-0.138083,-6.84994,-3.44351,-3.53538,0.32,0.319401,-0.131452,29.7565,1.03785,-0.554112,-0.0804162,-0.352518,2.51861,2.27193,-0.20757,0,0,0,0.110822,0,2049,1555,2038,1956
5.99879e+08,0.577864,-1.33859,8.84295,-8.58965,-0.745012,-0.55455,-0.737103,3.69682,-4.02044,-0.189832,-4.14387,-4.43588,-4.42806,0.32,0.319112,-0.13017,29.7565,1.03611,-0.561225,-0.0867882,-0.355671,2.49277,2.29458,-0.207222,0,0,0,0.112245,0,2066,1602,2029,1901
5.999e+08,1.21521,-0.584752,8.2358,-4.0179,-4.10379,-0.688016,-4.18245,8.37276,-3.56243,-0.170192,-3.56371,-4.39007,-4.41932,0.311,0.313683,-0.147903,29.7888,1.03429,-0.568341,-0.0911238,-0.355773,2.47498,2.30499,-0.206858,0,0,0,0.113668,0,2035,1580,2060,1923
5.99921e+08,-0.687827,-0.852086,9.33391,-5.20201,12.5374,-0.637253,4.6842,-4.19718,-6.90594,-0.270886,-1.89359,-1.76412,-3.78613,0.311,0.31033,-0.14644,29.7888,1.03224,-0.575396,-0.102688,-0.352789,2.4279,2.30298,-0.206447,0,0,0,0.115079,0,2085,1658,2005,1851
5.99942e+08,0.286164,0.0414354,9.60517,0.247055,9.81987,-0.541983,9.70401,1.70648,1.01773,-0.303741,0.977745,-0.664883,-0.682318,0.311,0.310011,-0.140525,29.8035,1.02798,-0.589122,-0.111071,-0.347872,2.39268,2.3027,-0.205596,0,0,0,0.117824,0,2087,1729,1975,1807
5.99963e+08,1.38216,0.116096,8.91819,0.737031,-0.668676,-0.366696,-0.467758,8.80901,3.49101,-0.246989,3.32311,-0.115265,-0.0358935,0.306,0.306297,-0.144128,29.7447,1.02559,-0.596011,-0.119186,-0.34442,2.35901,2.29864,-0.205119,0,0,0,0.119202,0,1996,1680,2060,1862
5.99984e+08,-0.0909555,-0.531767,9.34103,-3.25807,2.33896,-0.330317,2.46037,-0.556981,-2.75327,-0.345345,-2.78328,0.602293,0.617283,0.306,0.30514,-0.1401,29.7682,1.02309,-0.602938,-0.125016,-0.34635,2.33435,2.31621,-0.204619,0,0,0,0.120588,0,2059,1659,1991,1888
6.00005e+08,0.935882,-0.7702,8.57289,-5.10359,-12.3023,-0.451161,-9.83525,6.20538,-2.7838,-0.32117,-3.88398,1.44199,2.06658,0.306,0.305051,-0.134945,29.7565,1.02065,-0.609575,-0.122328,-0.331847,2.34392,2.26753,-0.204129,0,0,0,0.121915,0,1972,1570,2066,1991
6.00026e+08,0.63488,-0.288517,9.33605,-1.76601,1.23972,-0.655411,1.18543,3.88845,-5.77617,-0.43833,-5.90628,0.877102,0.947591,0.299,0.299136,-0.143516,29.7565,1.01798,-0.616282,-0.133145,-0.335373,2.29905,2.29125,-0.203597,0,0,0,0.123256,0,2067,1625,1980,1926
6.00046e+08,-0.255684,-0.647371,10.1245,-3.65741,-5.21829,-0.759255,-5.05524,-1.4437,-6.79907,-0.621864,-6.84259,3.53359,3.54346,0.299,0.298099,-0.138015,29.7624,1.01522,-0.622942,-0.138411,-0.33301,2.2763,2.29132,-0.203043,0,0,0,0.124588,0,2019,1582,2005,1992
6.00067e+08,-0.867384,0.836212,11.1958,4.25877,11.026,-0.789532,10.7648,-4.41783,-5.69983,-0.773503,-5.67157,4.03741,4.00547,0.299,0.298034,-0.127139,29.7624,1.01234,-0.629697,-0.143778,-0.337753,2.25301,2.32001,-0.202468,0,0,0,0.125939,0,2122,1703,1898,1876
6.00088e+08,-1.0462,-0.136787,10.1331,-0.769302,16.4306,-0.623428,16.3195,-5.89413,-8.49373,-0.843479,-8.35491,6.06794,5.94658,0.291,0.291286,-0.142812,29.7388,1.0092,-0.636348,-0.156962,-0.332555,2.19802,2.30871,-0.20184,0,0,0,0.12727,0,2174,1734,1828,1862
6.00109e+08,-0.301217,-0.059718,10.1231,-0.337845,6.93438,-0.508392,10.5472,-1.70433,-4.738,-0.846694,-6.76256,6.63283,6.29547,0.291,0.29011,-0.137711,29.7682,1.00611,-0.642749,-0.154361,-0.320009,2.20641,2.26764,-0.201223,0,0,0,0.12855,0,2122,1708,1877,1891
6.0013e+08,-0.580519,-0.32946,10.0327,-1.87771,10.5985,-0.409211,10.3083,-3.30982,-5.44029,-0.998227,-5.46464,7.38092,7.3105,0.291,0.29007,-0.122726,29.7241,1.00279,-0.649108,-0.166397,-0.317951,2.15578,2.26859,-0.200557,0,0,0,0.129822,0,2109,1720,1880,1889
6.00172e+08,-0.246565,0.906056,11.117,4.65826,-8.71448,-0.686977,-8.86563,-1.26636,-5.28762,-1.15402,-5.2633,7.24351,7.27178,0.282,0.281126,-0.122616,29.7359,0.995801,-0.661768,-0.177025,-0.313367,2.10801,2.26858,-0.19916,0,0,0,0.132354,0,1969,1580,2020,2029
6.00193e+08,0.357928,-0.42098,10.2383,-2.35314,-2.53127,-0.837732,-3.77415,2.00054,-3.8067,-1.24799,-6.57267,10.0069,9.17693,0.282,0.281093,-0.113948,29.7682,0.992166,-0.667853,-0.181724,-0.304246,2.0864,2.24089,-0.198433,0,0,0,0.133571,0,2005,1613,1967,2013
6.00214e+08,0.283939,-0.546218,9.42853,-3.31408,11.942,-0.813108,11.8386,1.72205,-7.39449,-1.35682,-7.47502,11.0603,11.0253,0.275,0.274548,-0.114859,29.7476,0.988454,-0.673752,-0.185592,-0.294932,2.06802,2.21221,-0.197691,0,0,0,0.13475,0,2116,1726,1839,1917
6.00235e+08,-0.248447,-0.912296,8.84909,-5.88381,6.12522,-0.653523,6.25001,-1.59974,-14.509,-1.47068,-14.4528,12.3733,12.3272,0.275,0.274185,-0.107149,29.7476,0.984767,-0.679413,-0.184349,-0.283062,2.07016,2.17298,-0.196953,0,0,0,0.135883,0,2124,1644,1819,2012
6.00256e+08,-0.186603,-0.0500844,10.7759,-0.266258,11.4382,-0.474154,11.183,-0.992062,-14.8143,-1.68634,-14.7627,13.7626,13.6863,0.269,0.272012,-0.0960752,29.7506,0.981013,-0.685047,-0.187732,-0.281698,2.05366,2.17587,-0.196203,0,0,0,0.137009,0,2160,1682,1770,1985
6.00277e+08,0.312537,-0.343911,9.45732,-2.08148,7.89621,-0.231473,-0.187306,1.89152,-4.95174,-1.87618,-10.614,14.4649,14.3923,0.269,0.268611,-0.0874218,29.7241,0.977058,-0.690672,-0.197741,-0.28125,2.01032,2.18243,-0.195412,0,0,0,0.138134,0,2051,1636,1872,2039
6.00298e+08,-0.0434398,0.335262,10.9474,1.75412,-1.95112,-0.3291,-2.01652,-0.227245,2.34597,-1.84636,2.29042,13.8695,13.8647,0.269,0.268295,-0.0787786,29.7712,0.972944,-0.696198,-0.205678,-0.276297,1.97509,2.1708,-0.194589,0,0,0,0.13924,0,1947,1712,1981,1958
6.00318e+08,0.33389,0.152222,9.11621,0.955995,-8.65341,-0.44456,-8.41982,2.09728,5.64368,-1.7055,5.58493,12.4649,12.5019,0.269,0.268332,-0.0752272,29.7682,0.968773,-0.701598,-0.208569,-0.270023,1.96001,2.15374,-0.193755,0,0,0,0.14032,0,1880,1685,2059,1974
6.00339e+08,-0.260755,0.412331,10.8931,2.16714,1.43819,-0.567304,1.35098,-1.37028,5.3994,-1.50346,5.34662,12.526,12.4934,0.269,0.268382,-0.0675591,29.7712,0.964634,-0.706779,-0.206935,-0.259048,1.96312,2.11755,-0.192927,0,0,0,0.141356,0,1947,1754,1992,1905
6.0036e+08,-0.83825,-0.888212,10.1199,-4.99892,8.81224,-0.585938,8.71114,-4.71708,-4.738,-1.45335,-4.64744,13.2435,13.1667,0.269,0.268457,-0.0595635,29.7359,0.960457,-0.71181,-0.208848,-0.251517,1.95194,2.09499,-0.192091,0,0,0,0.142362,0,2067,1740,1866,1926
6.00381e+08,-0.399065,-0.252391,10.5241,-1.37283,4.49163,-0.660558,6.34492,-2.17094,-11.6388,-1.19499,-10.2198,14.1595,12.8575,0.264,0.265437,-0.0788693,29.7065,0.956356,-0.716657,-0.205067,-0.242352,1.96369,2.06565,-0.191271,0,0,0,0.143331,0,2087,1685,1848,1978
6.00402e+08,0.885723,-0.719623,8.3902,-4.87528,4.24735,-0.542862,4.4059,6.00431,-7.08915,-1.4116,-7.23439,13.1672,13.2011,0.264,0.263517,-0.0774883,29.7388,0.948138,-0.726194,-0.206268,-0.23658,1.952,2.05718,-0.189628,0,0,0,0.145239,0,2055,1693,1877,1974
6.00423e+08,0.852085,0.0293933,9.88482,0.169744,7.86567,-0.443154,7.77316,4.92678,-1.94411,-1.47364,-2.0671,12.0374,12.1253,0.264,0.263418,-0.0691308,29.7624,0.944084,-0.730671,-0.20272,-0.223846,1.96285,2.01309,-0.188817,0,0,0,0.146134,0,2049,1750,1891,1908
6.00444e+08,-0.160113,-0.856903,9.61361,-5.09286,8.94964,-0.456293,8.77108,-0.950393,-0.799069,-1.35567,-0.798665,12.6939,12.6527,0.262,0.261944,-0.0694872,29.7329,0.939972,-0.735,-0.205588,-0.216427,1.94789,1.99014,-0.187994,0,0,0,0.147,0,2043,1770,1892,1892
6.00465e+08,-1.42126,0.458091,10.7232,2.42499,-3.14196,-0.472889,-5.33071,-7.54321,2.68185,-1.11769,10.68,11.213,11.9597,0.262,0.261501,-0.0697708,29.7594,0.935822,-0.739314,-0.207468,-0.215713,1.93683,1.99407,-0.187164,0,0,0,0.147863,0,1861,1752,2081,1905
6.00486e+08,0.0569004,0.152222,10.0804,0.865135,-0.27173,-0.606327,-0.300625,0.323375,5.3078,-0.964494,5.27605,10.6786,10.738,0.262,0.261493,-0.0619147,29.7271,0.9317,-0.743448,-0.206131,-0.206691,1.9387,1.96446,-0.18634,0,0,0,0.14869,0,1937,1744,2015,1902
6.00507e+08,-0.675906,-0.784651,10.6778,-4.19441,-1.73738,-0.746435,-1.66728,-3.61228,-3.21128,-0.896346,-3.1303,11.5031,11.502,0.261,0.260669,-0.0602485,29.7035,0.927701,-0.747387,-0.199941,-0.196976,1.96019,1.93183,-0.18554,0,0,0,0.149477,0,1981,1678,1963,1976
6.00528e+08,0.783012,-0.596794,8.37861,-4.05658,-3.55417,-0.691401,-3.22095,5.32558,-6.41739,-0.927465,-6.48526,11.1519,11.1778,0.261,0.260545,-0.0623721,29.7182,0.923949,-0.751103,-0.187606,-0.18581,2.00662,1.89311,-0.18479,0,0,0,0.150221,0,1997,1642,1950,2009
6.00549e+08,0.670682,-0.230715,8.88501,-1.48324,15.3008,-0.661131,11.7065,4.31532,-7.54716,-0.98153,-14.5593,9.56412,11.4194,0.261,0.260512,-0.0602496,29.7094,0.920179,-0.754676,-0.188473,-0.178616,2.00009,1.87014,-0.184036,0,0,0,0.150935,0,2161,1692,1784,1962
6.0057e+08,0.183476,0.07997,9.7359,0.470529,1.78934,-0.466228,1.92202,1.07959,-1.53189,-1.09908,-1.63156,10.2359,10.2684,0.261,0.260515,-0.0611534,29.7212,0.91641,-0.758063,-0.188478,-0.169349,1.99699,1.83863,-0.183282,0,0,0,0.151613,0,2009,1711,1946,1933
6.00591e+08,0.233613,0.106463,10.5621,0.577361,8.79697,-0.523972,8.53602,1.267,2.59024,-0.962815,2.52853,9.57939,9.56654,0.261,0.260511,-0.0610656,29.7359,0.912645,-0.761385,-0.188238,-0.16612,1.99488,1.83127,-0.182529,0,0,0,0.152277,0,2027,1786,1934,1852
6.00612e+08,0.107258,-0.613653,9.26238,-3.79018,-2.82135,-0.546383,-2.65755,0.662002,7.20093,-0.859848,7.1194,10.5412,10.5099,0.261,0.260544,-0.0590921,29.7124,0.9089,-0.764642,-0.187255,-0.162854,1.99577,1.82368,-0.18178,0,0,0,0.152928,0,1909,1744,2043,1902
6.00633e+08,1.28917,-0.351136,8.57088,-2.31994,-5.96639,-0.611353,-2.90432,8.5468,5.23147,-0.766497,2.98593,8.89237,9.20115,0.254,0.254202,-0.070582,29.7212,0.90535,-0.767656,-0.177488,-0.150672,2.03213,1.78002,-0.18107,0,0,0,0.153531,0,1941,1708,2022,1927
6.00654e+08,1.18918,-1.43492,9.16753,-8.82314,-10.4091,-0.788925,-10.1701,7.30298,0.361237,-0.509414,0.239967,8.54122,8.58138,0.254,0.253499,-0.0741544,29.7212,0.901997,-0.770473,-0.167644,-0.140847,2.06904,1.74558,-0.180399,0,0,0,0.154095,0,1907,1635,2061,1995
6.00674e+08,0.732932,-0.83041,9.07156,-5.21339,6.20155,-0.843651,4.62796,4.6,-5.44029,-0.637645,-12.2536,7.53359,8.94382,0.256,0.25348,-0.0666835,29.73,0.898682,-0.773093,-0.165766,-0.131043,2.07404,1.71098,-0.179736,0,0,0,0.154619,0,2100,1651,1864,1982
6.00695e+08,0.864057,-0.088619,9.19134,-0.54998,7.39239,-0.655989,7.38404,5.37022,-7.57769,-0.758199,-7.63035,8.19008,8.18706,0.256,0.255429,-0.0544872,29.7065,0.895441,-0.775494,-0.162076,-0.120035,2.08639,1.67128,-0.179088,0,0,0,0.155099,0,2095,1702,1876,1925
6.00716e+08,-1.30445,1.17821,11.5434,5.79127,17.087,-0.491633,16.7226,-6.4143,-8.89067,-0.975196,-8.79958,9.15191,9.162,0.256,0.255604,-0.0419053,29.6976,0.892346,-0.777771,-0.154734,-0.113845,2.11358,1.65075,-0.178469,0,0,0,0.155554,0,2171,1763,1791,1873
6.00737e+08,0.455759,-0.170505,10.0463,-0.971329,-0.790814,-0.453746,1.73587,2.59712,0.803984,-1.00729,-4.08521,9.35038,10.8929,0.254,0.254919,-0.0425344,29.7006,0.889413,-0.779833,-0.146665,-0.103111,2.14387,1.61173,-0.177883,0,0,0,0.155967,0,2025,1698,1922,1953
6.00758e+08,-0.599567,-0.52695,9.54804,-3.15272,0.293156,-0.568547,0.162853,-3.58771,-2.6922,-0.926417,-2.60288,12.2817,12.2079,0.254,0.253764,-0.0378089,29.7212,0.886524,-0.78175,-0.144425,-0.0958448,2.15084,1.58643,-0.177305,0,0,0,0.15635,0,1995,1704,1939,1960
6.00779e+08,0.214436,0.376205,10.0355,2.14638,-3.81371,-0.65825,-3.9375,1.22323,3.99482,-0.810452,3.92034,12.4649,12.4617,0.254,0.253709,-0.0350547,29.7212,0.883725,-0.783571,-0.139972,-0.0910332,2.16679,1.57087,-0.176745,0,0,0,0.156714,0,1916,1723,2016,1944
6.008e+08,-0.762391,1.09632,10.5361,5.92509,-0.745012,-0.796394,-0.906196,-4.11656,-0.203649,-0.615696,-0.110389,11.7168,11.763,0.252,0.252515,-0.0355327,29.6918,0.881055,-0.785192,-0.133486,-0.081038,2.19105,1.53426,-0.176211,0,0,0,0.157038,0,1965,1713,1972,1947
6.00821e+08,-1.27798,0.448457,11.6704,2.18756,13.2092,-0.808875,1.20792,-6.2448,-2.31052,-0.543618,4.33923,13.7931,11.8252,0.252,0.251785,-0.0388268,29.7212,0.878564,-0.786609,-0.12454,-0.070866,2.22541,1.49669,-0.175713,0,0,0,0.157322,0,1948,1761,1988,1900
6.00842e+08,-0.310589,-0.705173,9.36231,-4.30505,3.45346,-0.653252,3.58441,-1.89469,-1.48609,-0.578048,-1.49415,12.9992,12.9816,0.252,0.251736,-0.0349411,29.7506,0.874205,-0.788785,-0.104911,-0.0499722,2.30185,1.41853,-0.174841,0,0,0,0.157757,0,2005,1744,1920,1929
6.00862e+08,-1.46426,0.544794,11.0225,2.80497,0.598499,-0.623608,0.579763,-7.55791,-6.6006,-0.615223,-6.439,12.0679,12.111,0.254,0.253247,-0.0242682,29.7359,0.872338,-0.789656,-0.0933094,-0.0435093,2.34762,1.39515,-0.174468,0,0,0,0.157931,0,2025,1683,1908,1982
6.00883e+08,0.052262,-0.341502,9.17264,-2.13213,-5.59997,-0.61679,-5.4704,0.326218,-2.31052,-0.683012,-2.32772,13.0298,13.0217,0.254,0.25375,-0.0239442,29.7476,0.870493,-0.790367,-0.0922833,-0.0355509,2.35101,1.36558,-0.174099,0,0,0,0.158073,0,1949,1673,1975,2000
6.00904e+08,0.0736253,0.116096,8.89795,0.7475,-14.5007,-0.664997,-14.1701,0.474038,0.941389,-0.636462,0.842128,12.526,12.6211,0.254,0.253783,-0.0273272,29.7388,0.868851,-0.790974,-0.0820938,-0.0303962,2.3914,1.34712,-0.17377,0,0,0,0.158195,0,1866,1632,2061,2039
6.00925e+08,-1.3735,0.450866,11.0911,2.31022,-8.27173,-0.762352,-10.7878,-7.05365,-0.310519,-0.678245,5.84719,14.7244,12.8056,0.254,0.253813,-0.0209522,29.7212,0.867371,-0.791505,-0.073993,-0.0265347,2.42362,1.33375,-0.173474,0,0,0,0.158301,0,1853,1691,2072,1982
6.00946e+08,-0.952933,-0.649779,9.78082,-3.78295,-3.38623,-0.875589,-3.36448,-5.55253,2.25437,-0.705962,2.35925,16.358,16.2543,0.254,0.253864,-0.0108689,29.6888,0.865937,-0.791707,-0.0717157,-0.0100896,2.43253,1.2695,-0.173187,0,0,0,0.158341,0,1915,1733,1979,1971
6.00967e+08,-0.401702,0.645947,10.1172,3.65031,-7.92058,-0.877932,-7.67648,-2.26911,7.27727,-0.629967,7.26504,14.8008,14.8693,0.254,0.253869,-0.0117265,29.7006,0.864602,-0.791574,-0.0667511,0.0066328,2.45234,1.20372,-0.17292,0,0,0,0.158315,0,1856,1733,2050,1959
6.00988e+08,0.374832,-1.10256,8.65119,-7.25624,-3.2641,-0.828684,-2.94212,2.46103,6.13223,-0.503501,6.07609,16.3275,16.3485,0.255,0.254758,-0.00522017,29.7271,0.863421,-0.791239,-0.0590387,0.0167613,2.48337,1.16413,-0.172684,0,0,0,0.158248,0,1891,1768,2001,1938
6.01009e+08,1.16972,-0.160871,8.79921,-1.03826,2.65957,-0.792799,2.69265,7.57095,0.0406258,-0.34956,-4.04355,15.213,17.3397,0.255,0.254907,-0.00592009,29.6976,0.862383,-0.790794,-0.0519036,0.0222624,2.51226,1.14295,-0.172477,0,0,0,0.158159,0,1997,1743,1885,1973
6.0103e+08,-0.143949,1.12522,10.7042,6.00035,-7.70684,-0.737935,-7.62217,-0.76624,-5.21128,-0.445562,-5.24916,16.2053,16.2684,0.255,0.254916,-0.00551312,29.7035,0.861488,-0.790255,-0.044756,0.026931,2.54138,1.125,-0.172298,0,0,0,0.158051,0,1940,1656,1952,2051
6.01051e+08,-0.148508,0.347304,9.57992,2.076,-12.3786,-0.773111,-12.0862,-0.887547,-3.77617,-0.698565,-3.84146,16.4954,16.4868,0.256,0.255835,-0.00206011,29.7065,0.860816,-0.789492,-0.0335817,0.0381362,2.58693,1.08054,-0.172163,0,0,0,0.157899,0,1900,1632,1988,2078
6.01072e+08,-0.528402,1.16616,11.5783,5.74549,2.32369,-0.923959,2.0839,-2.59988,2.34597,-0.792515,2.29268,17.3962,17.4068,0.256,0.25594,0.00531069,29.6712,0.860245,-0.788522,-0.0285546,0.0485155,2.60795,1.03914,-0.172049,0,0,0,0.157704,0,1953,1777,1927,1941
6.01093e+08,-0.282426,1.0626,10.4217,5.8197,-4.04272,-0.934151,0.255458,-1.54433,9.56734,-0.731401,10.0553,17.2282,19.4179,0.256,0.255987,0.00691315,29.7094,0.859705,-0.787476,-0.0270023,0.0522865,2.61507,1.02414,-0.171941,0,0,0,0.157495,0,1875,1830,1986,1907
6.01114e+08,-0.463423,-0.659413,9.66405,-3.89898,6.65957,-0.728776,6.61719,-2.73906,8.62078,-0.638108,8.68549,18.526,18.4356,0.26,0.259856,0.0293841,29.7124,0.859268,-0.786257,-0.0218643,0.0609647,2.6367,0.989237,-0.171854,0,0,0,0.157251,0,1936,1865,1933,1863
6.01135e+08,-0.0529777,0.287094,10.2255,1.6082,4.26262,-0.684078,4.1058,-0.296726,8.74292,-0.413137,8.72949,16.816,16.8601,0.26,0.260163,0.034605,29.6859,0.858909,-0.784862,-0.017951,0.0697616,2.65351,0.953635,-0.171782,0,0,0,0.156972,0,1923,1845,1960,1870
6.01156e+08,0.118902,0.448457,10.5604,2.4315,-1.79845,-0.717402,-1.84942,0.644498,5.47574,-0.31879,5.39745,16.984,17.0658,0.262,0.260958,0.0413817,29.7035,0.855473,-0.78335,0,0.0755947,2.72432,0.929771,-0.171095,0,0,0,0.15667,0,1903,1780,1978,1937
6.01218e+08,-0.764371,-0.370403,10.3391,-2.0462,0.0488809,-0.877467,0.0872775,-4.22551,-2.05098,-0.552469,-1.9546,14.2817,14.2312,0.27,0.26703,0.0493727,29.7329,0.856294,-0.778071,0.0211821,0.0964472,2.81502,0.843773,-0.171259,0,0,0,0.155614,0,1984,1725,1920,1969
6.01239e+08,-0.781017,-0.61847,9.73799,-3.62243,9.88094,-0.748205,9.84758,-4.57631,2.04063,-0.518393,2.15309,14.0679,13.9406,0.27,0.270012,0.0571553,29.6741,0.85675,-0.776108,0.0227853,0.098141,2.8236,0.835929,-0.17135,0,0,0,0.155222,0,2027,1824,1880,1867
6.0126e+08,-0.898303,0.395472,10.4164,2.16624,9.85041,-0.663293,9.58704,-4.92544,6.34597,-0.385641,6.44283,11.9763,11.9912,0.27,0.270331,0.0577512,29.6771,0.85731,-0.774008,0.027991,0.105013,2.84675,0.807138,-0.171462,0,0,0,0.154802,0,2003,1847,1920,1827
6.01281e+08,-0.442344,0.821761,10.7965,4.34895,-3.15723,-0.69834,-9.9041,-2.33939,7.67421,-0.229776,6.78457,12.9534,12.4613,0.274,0.272744,0.0557506,29.7094,0.85794,-0.771791,0.0314832,0.110844,2.86313,0.782375,-0.171588,0,0,0,0.154358,0,1858,1715,2061,1964
6.01301e+08,-0.93379,-0.794284,10.0845,-4.48439,-1.4931,-0.757748,-7.88597,-5.27408,-0.24945,-0.190951,6.78838,12.4191,10.1448,0.274,0.274243,0.0638928,29.7124,0.858717,-0.769475,0.0388907,0.115789,2.89539,0.76103,-0.171743,0,0,0,0.153895,0,1882,1719,2057,1940
6.01322e+08,-0.435064,0.400289,10.1786,2.25004,-12.3786,-0.95039,-12.3502,-2.44563,3.00246,-0.168466,3.02386,10.0832,10.1395,0.274,0.274385,0.0632447,29.6888,0.860619,-0.764775,0.0478025,0.116355,2.93668,0.755646,-0.172124,0,0,0,0.152955,0,1874,1658,2064,2001
6.01342e+08,0.701861,-0.72444,8.74411,-4.72096,-6.95875,-1.03065,-6.63149,4.5735,1.18566,-0.185892,1.14694,10.6634,10.6183,0.278,0.277386,0.0659784,29.7182,0.861692,-0.762194,0.0536431,0.129053,2.96304,0.702864,-0.172338,0,0,0,0.152439,0,1926,1687,2008,1977
6.01362e+08,0.895208,-0.478782,8.39057,-3.24747,2.96491,-0.913918,3.09201,6.08015,3.55208,-0.180409,3.43722,7.9458,8.06141,0.278,0.278316,0.0627552,29.6565,0.862861,-0.759546,0.0584843,0.1324,2.98551,0.687493,-0.172572,0,0,0,0.151909,0,1992,1762,1964,1879
6.01382e+08,0.32241,-1.49995,8.70995,-9.76456,3.83514,-0.895463,3.92672,2.08918,2.57498,-0.166127,2.56979,10.0832,10.0002,0.278,0.278394,0.0591573,29.6859,0.864174,-0.756837,0.0656494,0.135487,3.01749,0.673085,-0.172835,0,0,0,0.151367,0,1996,1771,1943,1888
6.01403e+08,-0.437407,0.238925,10.062,1.35897,12.2168,-0.769738,11.9283,-2.48846,2.59024,-0.200807,2.56857,8.64809,8.6505,0.285,0.283629,0.0713189,29.7035,0.865688,-0.754065,0.075669,0.138595,3.06117,0.658508,-0.173138,0,0,0,0.150813,0,2062,1823,1889,1824
6.01424e+08,-1.61715,0.77841,11.2153,3.92978,2.46109,-0.79058,2.19078,-8.18555,2.02536,-0.129891,2.1348,7.31985,7.27199,0.285,0.285251,0.0676745,29.6829,0.867153,-0.751377,0.0732525,0.134396,3.05492,0.673338,-0.173431,0,0,0,0.150275,0,2000,1745,1963,1890
6.01445e+08,0.248447,-1.7143,8.50549,-11.3907,-7.01982,-0.81084,-3.42435,1.64018,3.96429,-0.166038,2.61491,7.83893,4.71432,0.285,0.285415,0.0669605,29.6653,0.868721,-0.748647,0.0784414,0.136475,3.0793,0.662933,-0.173744,0,0,0,0.149729,0,1969,1696,2017,1916
6.01466e+08,-0.260744,0.373796,10.3184,2.07403,5.83514,-0.958937,5.48742,-1.44659,5.32307,-0.149872,5.31697,5.57939,5.56762,0.29,0.289616,0.0714879,29.6741,0.870377,-0.745672,0.0827771,0.148739,3.10037,0.61136,-0.174075,0,0,0,0.149134,0,2008,1781,1970,1839
6.01487e+08,1.49453,-0.377629,7.98423,-2.66173,-5.37097,-1.02038,-5.13696,10.5906,13.2162,-0.0953436,13.056,4.66336,4.7515,0.29,0.290362,0.0666528,29.6476,0.872097,-0.74254,0.0859953,0.156638,3.11704,0.577094,-0.174419,0,0,0,0.148508,0,1880,1758,2105,1856
6.01508e+08,-0.459007,0.633905,9.4738,3.82356,4.30842,-0.953009,4.26325,-2.76764,7.00246,-0.078161,6.9814,4.58703,4.65341,0.29,0.290421,0.0655683,29.6682,0.873935,-0.739271,0.0919134,0.163455,3.1447,0.546988,-0.174787,0,0,0,0.147854,0,1992,1782,1993,1831
6.01529e+08,0.156869,1.30585,9.75688,7.62214,9.51453,-0.925299,-3.68886,0.91297,5.68948,0.041204,3.66475,3.33512,4.77952,0.295,0.294629,0.0731108,29.68,0.875752,-0.735927,0.090837,0.167175,3.14428,0.529202,-0.17515,0,0,0,0.147185,0,1947,1695,2017,1899
6.0155e+08,1.48257,-0.32946,8.85091,-2.10249,-0.546539,-0.724595,-0.389028,9.50261,7.03299,0.151695,6.83715,2.48016,2.50727,0.295,0.295412,0.0660263,29.7065,0.877716,-0.732585,0.0981982,0.167116,3.17789,0.526569,-0.175543,0,0,0,0.146517,0,1964,1738,2028,1844
6.01571e+08,-0.793143,0.0534774,9.35207,0.326456,1.68247,-0.747504,1.62109,-4.84754,-1.68457,0.0584694,-1.64657,2.03741,2.0195,0.295,0.295406,0.0586125,29.6447,0.879782,-0.72912,0.103288,0.173223,3.20252,0.499044,-0.175956,0,0,0,0.145824,0,2048,1695,1960,1895
6.01592e+08,-0.950645,-0.290926,9.75053,-1.70096,-5.20303,-0.790439,-5.12415,-5.56609,0.330702,0.0127633,0.450974,0.877102,0.835082,0.3,0.299917,0.0653282,29.6888,0.88195,-0.725471,0.108404,0.182476,3.22738,0.458667,-0.17639,0,0,0,0.145094,0,1979,1642,2015,1911
6.01613e+08,-0.0956027,-0.994183,9.29281,-6.10619,-4.16486,-0.842198,-1.29616,-0.586083,7.82689,0.0685414,5.23333,1.33512,-0.950902,0.3,0.300354,0.06136,29.6712,0.884158,-0.721759,0.110431,0.1856,3.23992,0.442779,-0.176832,0,0,0,0.144352,0,1982,1699,2033,1844
6.01634e+08,-0.0196872,0.788044,10.7605,4.18856,-10.2107,-0.933673,-8.30967,-0.104547,11.3841,0.204098,11.8628,1.53359,0.616264,0.304,0.300365,0.0587429,29.6888,0.886299,-0.718095,0.107061,0.183181,3.23073,0.44918,-0.17726,0,0,0,0.143619,0,1877,1706,2128,1855
6.01655e+08,0.159746,-0.454698,8.40312,-3.09673,-6.74501,-0.934509,-6.46709,1.08749,9.81162,0.346447,9.81021,1.42672,1.44707,0.304,0.304148,0.0618166,29.6653,0.88843,-0.71432,0.106533,0.18877,3.23292,0.423316,-0.177686,0,0,0,0.142864,0,1890,1701,2090,1850
6.01676e+08,1.09086,0.0462522,8.32002,0.315809,7.65193,-0.834985,7.59425,7.46951,10.6971,0.467883,10.5373,-0.313738,-0.174246,0.304,0.304355,0.0556449,29.6388,0.890646,-0.710294,0.110791,0.201278,3.25443,0.369377,-0.178129,0,0,0,0.142059,0,1998,1807,2006,1739
6.01697e+08,-0.628058,-1.11219,9.58274,-6.60621,-1.70684,-0.777578,10.4605,-3.7249,1.49101,0.418191,5.76543,2.9229,1.57087,0.304,0.304331,0.0499095,29.6594,0.892953,-0.706233,0.115345,0.203049,3.27724,0.358451,-0.178591,0,0,0,0.141247,0,2051,1806,1947,1765
6.01718e+08,1.16256,-0.172913,8.63301,-1.13718,-0.714478,-0.655526,-0.539768,7.66806,7.55208,0.400529,7.34955,2.48016,2.49107,0.308,0.308079,0.0504876,29.6741,0.895312,-0.70197,0.117963,0.213176,3.29235,0.313746,-0.179062,0,0,0,0.140394,0,1953,1738,2023,1828
6.01738e+08,-1.11063,-0.290926,10.3775,-1.59672,0.186285,-0.684432,0.0953163,-6.10635,1.23147,0.28916,1.30749,3.28932,3.20343,0.308,0.308295,0.0499387,29.6329,0.897725,-0.697648,0.120668,0.216068,3.30789,0.297979,-0.179545,0,0,0,0.13953,0,1999,1701,1971,1871
6.01759e+08,-0.855007,-0.738891,9.05883,-4.64251,-12.5007,-0.832329,-12.3806,-5.37408,3.67421,0.271027,3.76554,1.68626,1.68141,0.311,0.30938,0.0440104,29.6271,0.900107,-0.693616,0.119065,0.201636,3.30611,0.352053,-0.180021,0,0,0,0.138723,0,1900,1623,2089,1941
6.0178e+08,0.333779,0.552019,8.9839,3.51372,-5.43203,-0.922936,-5.53814,2.12373,7.3078,0.366835,7.31444,0.419087,0.496233,0.311,0.311076,0.0438558,29.6476,0.902338,-0.68938,0.111582,0.211794,3.28057,0.307233,-0.180468,0,0,0,0.137876,0,1923,1690,2070,1858
6.01801e+08,-0.676425,1.08187,10.7663,5.72699,-1.99692,-0.945738,0.745772,-3.57709,9.85742,0.358973,8.68331,1.48779,2.28644,0.311,0.311258,0.0454246,29.6212,0.904589,-0.685005,0.112549,0.218718,3.28894,0.275207,-0.180918,0,0,0,0.137001,0,1950,1751,2026,1811
6.01822e+08,0.883472,-1.21094,8.29919,-8.25548,-6.21066,-0.867632,-5.82954,6.01321,7.52154,0.367495,7.43402,3.02977,3.0261,0.319,0.316084,0.0548635,29.6653,0.908817,-0.676105,0.102753,0.220256,3.25831,0.260308,-0.181763,0,0,0,0.135221,0,1892,1684,2043,1851
6.01843e+08,0.474797,0.0631111,8.79068,0.410739,4.75117,-0.712754,4.76865,3.09154,5.15513,0.282295,4.97963,2.81603,2.86699,0.319,0.31905,0.0584863,29.6653,0.910883,-0.67168,0.10331,0.221224,3.26482,0.252079,-0.182177,0,0,0,0.134336,0,1981,1734,1939,1784
6.01864e+08,0.0399753,0.908464,10.0792,5.15024,-1.93585,-0.655909,-1.99389,0.226322,2.94139,0.247139,2.89641,3.13664,3.15433,0.319,0.319337,0.0560912,29.6624,0.912887,-0.667218,0.100198,0.223094,3.25654,0.240178,-0.182577,0,0,0,0.133444,0,1950,1675,1972,1850
6.01885e+08,0.756745,-0.591977,9.05055,-3.72929,-10.7145,-0.73444,-0.869371,4.76942,6.30017,0.0553153,-3.56777,6.31222,5.014,0.319,0.319351,0.0546661,29.6535,0.91485,-0.662763,0.0981484,0.222759,3.25247,0.237119,-0.18297,0,0,0,0.132553,0,1998,1643,1909,1900
6.01906e+08,-0.688215,0.544794,11.5893,2.68667,-7.72211,-0.827662,-7.92668,-3.3947,2.63605,-0.0491724,2.65361,6.52596,6.51416,0.319,0.319332,0.0547826,29.6418,0.916591,-0.658107,0.087043,0.232821,3.2118,0.1921,-0.183318,0,0,0,0.131621,0,1897,1642,1997,1915
6.01927e+08,-1.41639,0.12573,10.4734,0.681583,-12.3939,-1.02131,-12.3191,-7.70125,-0.279985,-0.137672,-0.153914,8.31222,8.23682,0.319,0.319333,0.0555142,29.68,0.918211,-0.653612,0.0810197,0.224757,3.19137,0.219974,-0.183642,0,0,0,0.130722,0,1874,1594,2001,1976
6.01948e+08,0.386795,-1.18686,8.29016,-8.13862,-3.75265,-1.11483,-3.64291,2.64439,4.17803,-0.207699,4.17041,8.9229,8.90941,0.323,0.322334,0.0593329,29.6476,0.919728,-0.649042,0.0758264,0.228453,3.17414,0.200582,-0.183946,0,0,0,0.129809,0,1894,1680,1959,1881
6.01969e+08,-1.22354,2.14398,10.8801,11.0796,16.1558,-0.997916,-2.16006,-6.29626,5.23147,-0.289322,8.44171,7.86947,9.90548,0.323,0.323304,0.0655932,29.6506,0.921032,-0.644389,0.0652217,0.232684,3.13494,0.178927,-0.184206,0,0,0,0.128878,0,1865,1720,1965,1836
6.0199e+08,-1.68144,0.132955,10.5757,0.711337,3.17865,-0.706065,3.16507,-9.0332,0.849786,-0.352473,1.07639,9.79313,9.79971,0.323,0.3234,0.0633528,29.6359,0.922218,-0.639705,0.0592827,0.234198,3.11431,0.168125,-0.184444,0,0,0,0.127941,0,1961,1710,1872,1848
6.02011e+08,0.057276,-1.1989,8.44,-8.08456,-2.94349,-0.725571,-2.92576,0.384954,3.53681,-0.336539,3.57918,10.1748,10.2061,0.329,0.328462,0.0659276,29.6535,0.923293,-0.635031,0.0537611,0.233702,3.09521,0.165389,-0.184659,0,0,0,0.127006,0,1887,1676,1921,1865
6.02032e+08,0.880491,0.922915,10.0619,5.22087,-6.13433,-0.737993,-6.21335,4.98026,9.13986,-0.244265,9.02167,7.97634,8.16252,0.329,0.329325,0.0648416,29.6624,0.924197,-0.630449,0.0452214,0.229116,3.06379,0.179162,-0.18484,0,0,0,0.12609,0,1831,1683,1993,1839
6.02053e+08,-0.270101,-0.324644,9.78788,-1.89896,2.75117,-0.981621,2.37488,-1.57984,3.29253,-0.205369,3.30563,8.90764,8.91707,0.329,0.329367,0.0577852,29.6506,0.92496,-0.626082,0.0381201,0.218305,3.03797,0.218165,-0.184992,0,0,0,0.125216,0,1922,1701,1890,1822
6.02074e+08,1.21998,-0.57271,8.47562,-3.82637,-7.69158,-1.03239,-7.44575,8.17251,12.7887,-0.0794228,12.6,7.65573,7.72457,0.331,0.331118,0.0472836,29.6624,0.92496,-0.626082,0.0381201,0.218305,0,0,0,1,0,0,0,0,1715,1698,2033,1740
6.02094e+08,-0.136308,-0.591977,8.76641,-3.86273,-3.46257,-0.989054,-3.156,-0.888789,6.22383,-0.00418519,6.26384,7.60993,7.61134,0.331,0.331251,0.0410206,29.6329,0.92496,-0.626082,0.0381201,0.218305,0,0,0,1,0,0,0,0,1754,1648,1921,1716
6.02115e+08,-0.941132,-0.151238,9.54894,-0.90301,5.17865,-0.814122,5.26767,-5.62813,-2.37159,-0.172231,-2.38387,8.37328,8.40092,0.331,0.331229,0.0363804,29.6712,0.92496,-0.626082,0.0381201,0.218305,0,0,0,1,0,0,0,0,1837,1611,1752,1682
6.02136e+08,-0.511474,0.397881,9.71089,2.343,-1.78318,-0.69982,-1.69443,-3.01247,0.101695,-0.246715,0.0195379,8.48015,8.55528,0.335,0.334794,0.030776,29.6712,0.92496,-0.626082,0.0381201,0.218305,0,0,0,1,0,0,0,0,1728,1536,1772,1670
6.02157e+08,-2.21404,0.52071,10.5839,2.757,5.5756,-0.770931,-14.4851,-11.8014,-15.9441,-0.288478,-3.99366,9.70153,6.93451,0.335,0.335053,0.00880847,29.6124,0.92496,-0.626082,0.0381201,0.218305,0,0,0,1,0,0,0,0,1647,1383,1817,1759
6.02178e+08,-0.694874,-1.26874,9.16943,-7.85555,-15.3557,-0.851051,-7.90661,-4.29294,-11.7304,-0.683149,-4.20865,8.70916,6.02418,0.336,0.334965,-0.00671737,29.6506,0.92496,-0.626082,0.0381201,0.218305,0,0,0,1,0,0,0,0,1673,1388,1738,1686
6.02198e+08,-0.613974,-0.240349,9.67909,-1.41961,-9.85952,-1.12677,-9.8048,-3.62846,0.865053,-0.844186,0.718501,7.9458,7.95715,0.336,0.335703,-0.0282958,29.6653,0.92496,-0.626082,0.0381201,0.218305,0,0,0,1,0,0,0,0,1582,1380,1746,1646
6.02219e+08,1.11484,-0.288517,7.57633,-2.15764,-10.516,-1.15627,-10.1895,8.36487,12.0254,-0.694585,11.8193,6.19008,6.32413,0.336,0.335588,-0.0575165,29.6741,0.92496,-0.626082,0.0381201,0.218305,0,0,0,1,0,0,0,0,1487,1433,1819,1543
6.0224e+08,0.21007,-1.09774,7.9272,-7.88134,2.5069,-1.19443,2.66817,1.50363,12.8956,-0.50453,12.7444,7.45725,7.47868,0.334,0.334713,-0.0801234,29.6918,0.92496,-0.626082,0.0381201,0.218305,0,0,0,1,0,0,0,0,1541,1516,1710,1427
6.02261e+08,0.634969,-0.608836,7.3768,-4.70085,9.36186,-0.989217,7.29551,4.90311,0.88032,-0.350499,9.11771,6.7397,8.18195,0.334,0.333398,-0.106896,29.6212,0.92496,-0.626082,0.0381201,0.218305,0,0,0,1,0,0,0,0,1579,1513,1630,1400
6.02282e+08,-1.36652,1.12763,9.57272,6.65145,0.842774,-0.75416,0.955679,-8.06914,-0.52426,-0.13735,-0.715898,6.77023,6.87129,0.334,0.33306,-0.137785,29.6653,0.92496,-0.626082,0.0381201,0.218305,0,0,0,1,0,0,0,0,1586,1374,1586,1480
6.02303e+08,-0.972829,2.20419,9.67857,12.7675,8.6443,-0.718248,8.19715,-5.59736,-11.6846,-0.156104,-11.6485,9.8542,9.72617,0.329,0.329889,-0.170265,29.6535,0.92496,-0.626082,0.0381201,0.218305,0,0,0,1,0,0,0,0,1693,1351,1433,1509
6.02323e+08,0.140641,-0.445064,7.19704,-3.53798,-10.287,-1.06966,-10.2496,1.11737,-5.44029,-0.223158,-5.70699,8.63283,8.63821,0.329,0.327832,-0.204772,29.6212,0.92496,-0.626082,0.0381201,0.218305,0,0,0,1,0,0,0,0,1511,1242,1605,1588
6.02344e+08,0.985828,-0.0549012,6.58914,-0.472127,-5.11142,-1.33171,-5.33608,8.50885,-8.32579,-0.357372,-8.15288,10.1137,10.0196,0.329,0.327431,-0.230407,29.6418,0.92496,-0.626082,0.0381201,0.218305,0,0,0,1,0,0,0,0,1535,1241,1528,1562
6.02365e+08,-1.60097,2.70996,10.0147,14.9602,5.81987,-1.61366,-17.4079,-8.77226,-2.03571,-0.485771,3.39245,10.3122,9.32004,0.314,0.31821,-0.277621,29.6359,0.92496,-0.626082,0.0381201,0.218305,0,0,0,1,0,0,0,0,1381,1242,1714,1581
6.02386e+08,2.79076,0.946999,5.89591,8.26035,10.5985,-1.38046,10.4599,25.0489,13.72,-0.120964,13.553,10.4038,10.5027,0.314,0.312188,-0.318071,29.6447,0.92496,-0.626082,0.0381201,0.218305,0,0,0,1,0,0,0,0,1493,1518,1577,1302
6.02406e+08,1.84554,-0.367995,7.03425,-2.89682,11.2397,-1.10067,11.2615,14.6818,8.17803,0.0596856,8.2084,14.1137,14.0566,0.314,0.311724,-0.333368,29.6212,0.92496,-0.626082,0.0381201,0.218305,0,0,0,1,0,0,0,0,1493,1479,1487,1315
6.02426e+08,-0.56199,1.73455,8.49747,11.5126,9.2598,-0.76532,9.19803,-3.70758,-7.1774,-0.0265895,-6.93984,15.4325,15.4825,0.298,0.299578,-0.380306,29.6388,0,0,0,0,0,0,0,1,0,0,0,0,0,0,0,0
6.02446e+08,0.355405,0.0655195,4.12542,0.906531,-9.71364,-0.642735,-9.6456,4.92325,4.0666,-0.1129,3.488,20.0372,19.9926,0.298,0.295624,-0.419722,29.6212,0,0,0,0,0,0,0,1,0,0,0,0,0,0,0,0
6.02466e+08,-3.2283,-1.51922,1.68527,-22.6445,-30.0717,-1.1625,-29.9457,-54.8992,-24.8822,-1.05146,-25.0744,20.6666,20.7847,0.298,0.294866,-0.484718,29.6388,0,0,0,0,0,0,0,1,0,0,0,0,0,0,0,0
6.02487e+08,-5.5685,-1.12424,9.05516,-6.03701,-55.2473,-1.54532,-55.2131,-31.3944,-32.6837,-2.34232,-32.9336,30.0559,30.1677,0.276,0.277721,-0.559457,29.6271,0,0,0,0,0,0,0,1,0,0,0,0,0,0,0,0
6.02508e+08,-0.0622245,-0.808735,-6.28661,-7.33014,-102.53,-3.81624,-102.417,-0.562457,-64.5158,-4.19991,-64.2472,52.7124,52.572,0.276,0.271333,-0.69219,29.6329,0,0,0,0,0,0,0,1,0,0,0,0,0,0,0,0
6.02529e+08,7.40671,0.0173512,26.6958,0.0358845,-139.537,-4.09147,-114.437,15.5066,-95.1417,-5.93954,-105.573,48.1627,48.1131,0.276,0.268696,-0.749217,29.6124,0,0,0,0,0,0,0,1,0,0,0,0,0,0,0,0
6.0255e+08,-19.4408,3.80097,13.3843,9.14837,-144.148,-8.40222,-144.699,-54.4093,-127.707,-7.44921,-126.448,61.491,60.9131,0.242,0.239001,-0.738517,29.6653,0,0,0,0,0,0,0,1,0,0,0,0,0,0,0,0
6.02571e+08,2.18448,8.6756,16.3008,27.8118,-168.24,-10.9155,-168.623,6.7467,-216.974,-10.4324,-215.905,66.0253,65.3548,0.242,0.23052,-0.75415,29.6329,0,0,0,0,0,0,0,1,0,0,0,0,0,0,0,0
6.02592e+08,13.1643,6.76091,-4.59071,25.8705,-193.217,-13.246,-193.129,58.1687,-208.363,-12.788,-208.746,45.7658,45.2088,0.242,0.225505,-0.813978,29.6418,0,0,0,0,0,0,0,1,0,0,0,0,0,0,0,0
6.02613e+08,-28.9086,-5.01142,15.9971,-8.62484,-243.614,-17.1962,-249.02,-59.8911,-214.348,-17.0046,-158.042,60.3612,49.5487,0.203,0.187566,-0.9057,29.6388,0,0,0,0,0,0,0,1,0,0,0,0,0,0,0,0
6.02634e+08,-11.3183,-10.0402,18.9867,-24.4284,-207.95,-21.9467,-208.282,-27.7881,-227.478,-23.5819,-227.604,45.3536,45.564,0.203,0.170412,-0.917944,29.6212,0,0,0,0,0,0,0,1,0,0,0,0,0,0,0,0
6.02654e+08,-10.2089,-6.84663,17.1342,-18.9461,-99.4763,-25.0866,-100.59,-28.9549,-232.439,-28.7944,-232.618,6.22382,6.06627,0.203,0.158721,-0.911258,29.6476,0,0,0,0,0,0,0,1,0,0,0,0,0,0,0,0
6.02674e+08,-10.5023,-7.77146,13.4292,-24.5059,-15.6289,-26.0822,-15.9596,-34.0933,-199.722,-33.8802,-200.155,-49.2266,-48.7167,0.177,0.130126,-1.02539,29.6329,0,0,0,0,0,0,0,1,0,0,0,0,0,0,0,0
6.02694e+08,-14.9567,-3.76868,6.03189,-13.1531,66.0505,-25.0344,65.5043,-64.5674,-143.539,-38.436,-143.822,-81.2266,-80.9905,0.177,0.120422,-1.16651,29.6388,0,0,0,0,0,0,0,1,0,0,0,0,0,0,0,0
6.02715e+08,-6.20328,-2.48258,5.09094,-17.19,115.898,-22.9709,115.533,-47.6019,-98.8669,-41.3432,-98.8843,-112.249,-111.527,0.177,0.114905,-1.29762,29.6888,0,0,0,0,0,0,0,1,0,0,0,0,0,0,0,0
6.02736e+08,-10.7729,-5.11016,10.7057,-18.5963,170.722,-19.979,170.489,-42.2433,-70.3326,-43.3304,-70.4675,-138.112,-137.766,0.15,0.0951548,-1.46252,29.6418,0,0,0,0,0,0,0,1,0,0,0,0,0,0,0,0
6.02757e+08,-12.2728,-3.81684,9.61221,-13.7578,223.424,-15.9394,229.584,-49.8792,-40.2257,-44.883,-54.0683,-163.761,-157.866,0.15,0.0918372,-1.5927,29.6565,0,0,0,0,0,0,0,1,0,0,0,0,0,0,0,0
6.02778e+08,-13.5339,-2.74992,11.1844,-8.90168,217.409,-11.0136,225.878,-49.6019,-18.7448,-45.909,-24.9819,-150.692,-160.528,0.116,0.0908695,-1.71791,29.6918,0,0,0,0,0,0,0,1,0,0,0,0,0,0,0,0
6.02798e+08,-9.15722,-1.84676,8.66298,-8.3347,185.913,-5.63808,186.136,-45.9527,0.094928,-46.4225,0.0704731,-127.15,-127.476,0.116,0.0680331,-1.9243,29.6712,0,0,0,0,0,0,0,1,0,0,0,0,0,0,0,0
6.02819e+08,-10.0627,-0.088619,10.5612,-0.348066,143.852,-2.04739,144.071,-43.6143,-9.72187,-46.4127,-9.69156,-103.318,-103.528,0.116,0.0662532,-2.014,29.6741,0,0,0,0,0,0,0,1,0,0,0,0,0,0,0,0
6.0284e+08,-9.90751,-0.0332255,9.50939,-0.138624,73.1192,0.397958,86.3472,-46.1744,-34.1493,-46.5854,-31.1148,-71.5777,-69.6867,0.112,0.0645212,-2.08723,29.6918,0,0,0,0,0,0,0,1,0,0,0,0,0,0,0,0
6.02861e+08,-11.4433,1.30344,9.92835,4.91741,-0.743441,1.68564,16.1778,-48.8121,-48.5768,-47.1469,-45.2415,-29.5472,-36.2249,0.112,0.0617671,-2.16395,29.6976,0,0,0,0,0,0,0,1,0,0,0,0,0,0,0,0
6.02882e+08,-7.98796,0.968675,8.81131,4.65636,-63.9037,1.22171,-63.7985,-42.0229,-42.989,-48.0732,-42.9617,6.33069,6.09156,0.112,0.059632,-2.26262,29.6976,0,0,0,0,0,0,0,1,0,0,0,0,0,0,0,0
6.02902e+08,-9.17635,-1.75283,10.0236,-7.34962,-102.866,-0.602085,-102.726,-42.0439,-48.3784,-48.674,-48.3823,27.094,26.8417,0.146,0.0717284,-2.29178,29.7182,0,0,0,0,0,0,0,1,0,0,0,0,0,0,0,0
6.02922e+08,-8.49833,-1.30728,9.52037,-5.84887,-107.125,-2.96586,-107.129,-41.4879,-68.1035,-49.3596,-68.0417,28.804,28.7315,0.146,0.0784435,-2.33044,29.6859,0,0,0,0,0,0,0,1,0,0,0,0,0,0,0,0
6.02942e+08,-7.38313,-1.57461,7.84515,-8.31564,-96.2549,-5.29121,-96.3091,-42.6979,-75.2638,-50.3258,-75.2781,24.9872,25.1823,0.146,0.0769675,-2.39549,29.7094,0,0,0,0,0,0,0,1,0,0,0,0,0,0,0,0
6.02963e+08,-9.82076,-2.83662,9.13681,-11.9405,-74.0564,-7.25399,-74.1699,-45.7499,-67.3707,-51.4238,-67.4753,16.2085,16.2468,0.211,0.0983988,-2.40321,29.7212,0,0,0,0,0,0,0,1,0,0,0,0,0,0,0,0
6.02984e+08,-9.92823,-2.79086,9.03726,-11.7433,-31.69,-8.68979,-31.8751,-46.3883,-47.0654,-52.2272,-47.117,2.33069,2.47563,0.211,0.110026,-2.45411,29.7241,0,0,0,0,0,0,0,1,0,0,0,0,0,0,0,0
6.03005e+08,-11.0858,-4.84524,10.4168,-17.6675,41.1497,-9.21836,27.2221,-43.9779,-25.5539,-52.5215,-29.1796,-32.1731,-26.8198,0.211,0.10944,-2.54118,29.73,0,0,0,0,0,0,0,1,0,0,0,0,0,0,0,0
6.03026e+08,-7.65276,-2.29232,7.80387,-11.8448,100.753,-8.20368,100.572,-43.2554,-25.2333,-52.421,-25.1714,-58.0968,-57.8967,0.295,0.147118,-2.50921,29.7712,0,0,0,0,0,0,0,1,0,0,0,0,0,0,0,0
6.03047e+08,-6.4496,-1.1435,5.82694,-7.4947,121.272,-6.24863,121.254,-47.3646,-27.9814,-52.4128,-27.9713,-67.0434,-67.0321,0.295,0.159718,-2.53488,29.7565,0,0,0,0,0,0,0,1,0,0,0,0,0,0,0,0
6.03068e+08,-6.68117,-1.32173,5.9978,-8.37447,128.142,-4.02479,128.142,-47.4091,-24.4547,-52.511,-24.4884,-65.5624,-65.7438,0.295,0.161026,-2.59406,29.7624,0,0,0,0,0,0,0,1,0,0,0,0,0,0,0,0
6.03089e+08,-9.15011,-1.64205,8.5161,-7.48377,129.012,-1.75497,129.483,-46.5335,-15.9967,-52.5541,-17.0348,-61.425,-61.9649,0.387,0.202901,-2.53535,29.78,0,0,0,0,0,0,0,1,0,0,0,0,0,0,0,0
6.0311e+08,-10.0194,-1.1989,9.47913,-4.96776,115.608,0.836157,115.684,-46.3602,-11.3097,-52.4386,-11.3167,-51.7609,-51.8169,0.387,0.216858,-2.59017,29.7653,0,0,0,0,0,0,0,1,0,0,0,0,0,0,0,0
6.03131e+08,-7.42168,-0.322235,7.32961,-1.76943,87.3024,2.61717,87.4274,-45.33,-12.5616,-52.2527,-12.5388,-34.3716,-34.4626,0.387,0.217987,-2.6558,29.7476,0,0,0,0,0,0,0,1,0,0,0,0,0,0,0,0
6.03152e+08,-5.94614,0.188349,5.70518,1.30935,57.5772,3.85001,57.6971,-46.1692,-14.7906,-52.1116,-14.8001,-15.0128,-15.1217,0.497,0.275432,-2.53839,29.7918,0,0,0,0,0,0,0,1,0,0,0,0,0,0,0,0
6.03173e+08,-6.21111,-0.0934358,5.59099,-0.640582,26.7069,4.44127,32.3538,-48.0038,-9.06538,-52.034,-11.4317,4.59023,3.07082,0.497,0.285769,-2.5697,29.78,0,0,0,0,0,0,0,1,0,0,0,0,0,0,0,0
6.03194e+08,-7.44081,-0.228307,6.71722,-1.3047,7.81452,4.4474,7.89347,-47.9093,-1.31573,-51.8332,-1.34113,20.5405,20.4263,0.497,0.287451,-2.64211,29.7506,0,0,0,0,0,0,0,1,0,0,0,0,0,0,0,0
6.03215e+08,-7.41928,-0.365587,6.76447,-2.08537,-9.13205,3.99998,-9.07034,-47.6017,10.9438,-51.4943,10.9046,34.8,34.6675,0.612,0.353959,-2.50974,29.8094,0,0,0,0,0,0,0,1,0,0,0,0,0,0,0,0
6.03236e+08,-6.84853,-0.567893,6.61645,-3.41287,-23.9107,3.2284,-23.8666,-45.8824,19.9667,-50.9184,19.9653,48.4183,48.2909,0.612,0.364926,-2.54495,29.8094,0,0,0,0,0,0,0,1,0,0,0,0,0,0,0,0
6.03257e+08,-6.76009,-0.890621,6.41642,-5.4584,-37.8191,2.26426,-37.3709,-46.221,25.3866,-50.2712,24.7385,61.426,59.0973,0.612,0.370921,-2.59049,29.8153,0,0,0,0,0,0,0,1,0,0,0,0,0,0,0,0
6.03278e+08,-6.60479,-1.21576,6.04776,-7.73105,-35.9565,0.796756,-35.9824,-46.9551,30.1347,-49.3955,30.0787,65.3802,65.3514,0.612,0.377963,-2.63518,29.8153,0,0,0,0,0,0,0,1,0,0,0,0,0,0,0,0
6.03298e+08,-6.82202,-1.45419,6.73134,-8.62783,-18.7809,-0.364647,-18.8383,-44.73,32.7911,-48.5388,32.7833,61.655,61.7137,0.612,0.384337,-2.66368,29.7976,0,0,0,0,0,0,0,1,0,0,0,0,0,0,0,0
6.03319e+08,-6.97712,-1.85639,6.80444,-10.7846,6.71528,-1.16936,6.59636,-44.6896,37.814,-47.6863,37.8079,55.9756,56.0663,0.283,0.309737,-2.93892,29.8153,0,0,0,0,0,0,0,1,0,0,0,0,0,0,0,0
6.0334e+08,-6.83154,-1.5722,6.46288,-9.491,29.3565,-1.34265,29.2938,-45.7656,38.8369,-46.7862,38.8393,49.487,49.4953,0.283,0.184689,-3.33363,29.8359,0,0,0,0,0,0,0,1,0,0,0,0,0,0,0,0
6.03361e+08,-5.38464,-1.10979,5.49606,-8.20754,46.8069,-1.153,44.9689,-43.8411,32.4553,-45.8651,33.9155,46.1283,46.7479,0.283,0.174127,-3.35672,29.83,0,0,0,0,0,0,0,1,0,0,0,0,0,0,0,0
6.03382e+08,-5.05029,-1.29042,5.29604,-10.0004,59.8756,-0.58179,59.8026,-42.8148,25.9056,-44.9856,25.9348,45.8993,45.9176,0.251,0.162483,-3.37716,29.8094,0,0,0,0,0,0,0,1,0,0,0,0,0,0,0,0
6.03403e+08,-5.22459,-1.34581,5.54777,-10.0152,77.2191,0.124217,77.1469,-42.4648,15.6308,-44.3693,15.6824,39.5328,39.5836,0.251,0.1562,-3.37657,29.8153,0,0,0,0,0,0,0,1,0,0,0,0,0,0,0,0
6.03424e+08,-5.09089,-1.26152,5.45282,-9.59825,92.0588,1.12006,92.007,-42.2896,5.03542,-44.0247,5.07295,38.2046,38.2188,0.251,0.156767,-3.35545,29.8182,0,0,0,0,0,0,0,1,0,0,0,0,0,0,0,0
6.03445e+08,-5.00267,-0.799101,5.37276,-6.21227,100.242,2.40901,100.25,-42.6446,-7.48367,-43.9182,-5.30644,37.2886,36.8129,0.222,0.144758,-3.37411,29.8418,0,0,0,0,0,0,0,1,0,0,0,0,0,0,0,0
6.03466e+08,-5.13887,-0.469148,5.43514,-3.58897,91.8298,4.10809,91.8763,-43.2889,-16.0486,-44.08,-16.022,46.4641,46.3543,0.222,0.13633,-3.37656,29.8682,0,0,0,0,0,0,0,1,0,0,0,0,0,0,0,0
6.03487e+08,-5.22007,-0.423389,5.33319,-3.24713,75.9519,5.29968,76.0282,-44.2959,-21.9417,-44.4243,-21.9269,58.0672,57.9672,0.222,0.134878,-3.36469,29.8565,0,0,0,0,0,0,0,1,0,0,0,0,0,0,0,0
6.03508e+08,-5.09353,-0.339094,5.25249,-2.65352,59.4634,6.12974,59.5233,-44.0602,-27.4073,-44.8677,-27.3899,70.4336,70.3163,0.185,0.113918,-3.41398,29.9006,0,0,0,0,0,0,0,1,0,0,0,0,0,0,0,0
6.03529e+08,-4.58252,-0.382445,4.57295,-3.38082,43.7993,6.59299,45.8114,-44.9601,-29.9875,-45.3856,-29.7204,84.5405,82.4365,0.185,0.106412,-3.42182,29.8594,0,0,0,0,0,0,0,1,0,0,0,0,0,0,0,0
6.0355e+08,-4.11452,-0.336686,4.10965,-3.31349,36.3489,6.76263,36.3771,-44.9381,-29.4531,-46.0323,-29.4677,93.4107,93.3369,0.185,0.10423,-3.4133,29.8888,0,0,0,0,0,0,0,1,0,0,0,0,0,0,0,0
6.03571e+08,-4.29839,-0.324644,4.09083,-3.13153,29.9519,6.77365,29.9782,-46.3274,-25.6211,-46.5497,-25.6373,101.197,101.119,0.169,0.0937246,-3.43543,29.8888,0,0,0,0,0,0,0,1,0,0,0,0,0,0,0,0
6.03592e+08,-4.88819,-0.317418,4.52346,-2.72866,20.8527,6.69205,20.8931,-47.1491,-18.3844,-47.0128,-18.4234,110.311,110.222,0.169,0.0910325,-3.43646,29.9006,0,0,0,0,0,0,0,1,0,0,0,0,0,0,0,0
6.03613e+08,-5.5448,-0.469148,5.05799,-3.57689,8.79162,6.40892,10.4954,-47.5066,-4.94932,-47.3204,-7.30315,122.342,120.449,0.169,0.0901253,-3.43599,29.8712,0,0,0,0,0,0,0,1,0,0,0,0,0,0,0,0
6.03634e+08,-5.60684,-0.630512,5.21448,-4.70746,3.78398,5.78028,3.79335,-46.8691,6.60794,-47.3442,6.56539,129.426,129.368,0.186,0.10038,-3.40249,29.8624,0,0,0,0,0,0,0,1,0,0,0,0,0,0,0,0
6.03655e+08,-5.43245,-0.900254,5.15217,-6.85639,6.97482,5.11699,6.95036,-46.0865,14.6079,-47.0902,14.5833,131.487,131.489,0.186,0.102076,-3.39511,29.8976,0,0,0,0,0,0,0,1,0,0,0,0,0,0,0,0
6.03676e+08,-5.77146,-1.12183,5.46788,-8.03169,17.2344,4.52423,17.1862,-45.9572,19.982,-46.6869,19.9619,129.319,129.342,0.186,0.103196,-3.38802,29.8741,0,0,0,0,0,0,0,1,0,0,0,0,0,0,0,0
6.03697e+08,-6.36358,-1.36749,6.05443,-8.84915,33.9672,4.13749,30.5254,-45.7139,28.2415,-46.1864,26.5191,124.724,125.636,0.195,0.110071,-3.36361,29.9124,0,0,0,0,0,0,0,1,0,0,0,0,0,0,0,0
6.03718e+08,-6.65966,-1.42529,6.44872,-8.74074,47.0817,4.05775,47.0308,-45.2389,33.9209,-45.4388,33.9,120.602,120.64,0.195,0.112523,-3.35092,29.9653,0,0,0,0,0,0,0,1,0,0,0,0,0,0,0,0
6.03739e+08,-6.86019,-1.5722,6.89738,-9.18044,61.4023,4.25946,61.3442,-44.1197,35.8904,-44.7107,35.8912,115.487,115.545,0.198,0.115084,-3.33507,29.9065,0,0,0,0,0,0,0,1,0,0,0,0,0,0,0,0
6.0376e+08,-7.1419,-1.79618,7.62141,-9.75773,77.9977,4.71604,77.9322,-42.3678,30.3942,-43.9463,30.4282,108.586,108.654,0.198,0.1182,-3.31124,29.9006,0,0,0,0,0,0,0,1,0,0,0,0,0,0,0,0
6.03781e+08,-6.5617,-1.61796,7.18908,-9.43787,96.1046,5.44595,93.543,-41.6837,15.5698,-43.3167,18.2153,100.174,101.474,0.198,0.119987,-3.28636,29.9359,0,0,0,0,0,0,0,1,0,0,0,0,0,0,0,0
6.03802e+08,-5.95529,-1.24225,6.41991,-8.07421,104.288,6.66044,104.266,-42.3252,3.18809,-42.9521,3.23773,96.5252,96.5493,0.192,0.118427,-3.27016,29.9535,0,0,0,0,0,0,0,1,0,0,0,0,0,0,0,0
6.03823e+08,-6.05802,-1.05439,6.45829,-6.7905,104.517,7.79797,104.525,-42.7925,-5.80428,-42.9401,-5.77364,96.7084,96.6976,0.192,0.116818,-3.25978,29.9741,0,0,0,0,0,0,0,1,0,0,0,0,0,0,0,0
6.03844e+08,-6.2419,-1.00622,6.62947,-6.30598,100.502,8.88052,100.522,-42.9498,-12.9646,-43.1114,-12.9388,98.8764,98.8551,0.192,0.116112,-3.24864,29.9476,0,0,0,0,0,0,0,1,0,0,0,0,0,0,0,0
6.03865e+08,-5.75004,-0.883395,6.1354,-5.99735,91.9519,9.81652,93.5511,-42.8498,-22.2165,-43.4134,-20.6425,103.35,102.627,0.193,0.11564,-3.23873,29.9565,0,0,0,0,0,0,0,1,0,0,0,0,0,0,0,0
6.03886e+08,-5.54231,-0.825594,5.73882,-5.90803,84.929,10.7009,84.954,-43.7089,-28.3386,-43.9609,-28.3218,107.151,107.115,0.193,0.114451,-3.23262,29.9741,0,0,0,0,0,0,0,1,0,0,0,0,0,0,0,0
6.03907e+08,-5.75006,-0.811143,5.62743,-5.75703,78.3794,11.2499,78.4087,-45.323,-27.8959,-44.552,-27.9128,111.289,111.239,0.193,0.11293,-3.23475,29.9829,0,0,0,0,0,0,0,1,0,0,0,0,0,0,0,0
6.03928e+08,-5.76677,-0.83041,5.4541,-5.97253,73.5702,11.6477,73.5841,-46.2683,-19.3157,-45.1256,-19.3573,115.136,115.097,0.191,0.110275,-3.24608,29.9565,0,0,0,0,0,0,0,1,0,0,0,0,0,0,0,0
6.03949e+08,-6.60007,-1.04476,6.04091,-6.66019,71.5702,11.9164,71.6642,-47.112,-1.97222,-45.4958,-5.27048,117.869,117.594,0.191,0.108709,-3.25742,29.9594,0,0,0,0,0,0,0,1,0,0,0,0,0,0,0,0
6.0397e+08,-7.17547,-1.27597,6.69157,-7.40966,74.1657,12.1573,74.1522,-46.4879,14.0583,-45.5078,14.0038,117.915,117.922,0.191,0.108106,-3.26973,29.9829,0,0,0,0,0,0,0,1,0,0,0,0,0,0,0,0
6.0399e+08,-7.31631,-1.41806,7.07134,-7.93399,78.7153,12.3743,78.697,-45.4109,25.0354,-45.1634,24.9974,115.777,115.808,0.176,0.0997498,-3.30063,30.0271,0,0,0,0,0,0,0,1,0,0,0,0,0,0,0,0
6.04011e+08,-6.72176,-1.33859,6.48215,-8.15758,86.013,12.6535,85.9778,-45.4417,33.3102,-44.6324,33.2747,111.823,111.874,0.176,0.0990287,-3.30426,29.9888,0,0,0,0,0,0,0,1,0,0,0,0,0,0,0,0
6.04032e+08,-6.04602,-1.27115,5.94035,-8.52914,93.9367,13.0519,93.9046,-44.8638,40.4858,-43.9713,40.4594,107.121,107.162,0.176,0.0999929,-3.29986,29.9771,0,0,0,0,0,0,0,1,0,0,0,0,0,0,0,0
6.04053e+08,-5.5995,-1.26392,5.61233,-9.05821,103.433,13.5529,101.92,-44.2259,45.2034,-43.2008,44.9174,100.54,101.727,0.151,0.0863109,-3.33655,29.9859,0,0,0,0,0,0,0,1,0,0,0,0,0,0,0,0
6.04074e+08,-5.79291,-1.2856,6.13717,-8.66151,110.12,14.3129,110.102,-42.7334,41.356,-42.2032,41.385,94.4947,94.5521,0.151,0.0849795,-3.326,30.0329,0,0,0,0,0,0,0,1,0,0,0,0,0,0,0,0
6.04095e+08,-5.94334,-1.29283,6.65487,-8.24452,112.639,15.0378,112.636,-41.2408,27.9667,-41.4616,28.0339,89.7619,89.8035,0.151,0.0859233,-3.30371,29.9888,0,0,0,0,0,0,0,1,0,0,0,0,0,0,0,0
6.04116e+08,-5.78338,-1.22057,6.7237,-7.83614,111.708,15.7636,111.716,-40.2418,7.11175,-41.0168,7.21202,85.9298,85.9682,0.126,0.0701036,-3.32761,30.0182,0,0,0,0,0,0,0,1,0,0,0,0,0,0,0,0
6.04137e+08,-5.91233,-1.17481,6.75237,-7.45755,108.013,16.4257,108.744,-40.7822,-16.9798,-41.0095,-13.0276,82.9527,83.2954,0.126,0.0684073,-3.30797,30.0006,0,0,0,0,0,0,0,1,0,0,0,0,0,0,0,0
6.04158e+08,-6.59762,-1.26633,7.31551,-7.32501,103.906,16.9971,104.762,-41.6259,-33.7432,-41.4052,-30.6104,81.3954,81.7147,0.097,0.0677274,-3.28825,30.0359,0,0,0,0,0,0,0,1,0,0,0,0,0,0,0,0
6.04179e+08,-6.67883,-1.18204,7.41543,-6.75486,98.1962,17.544,98.2231,-41.6511,-49.6363,-42.3138,-49.5785,80.8916,80.8869,0.097,0.04697,-3.32844,30.0212,0,0,0,0,0,0,0,1,0,0,0,0,0,0,0,0
6.042e+08,-5.86224,-0.996591,6.52706,-6.48076,89.4023,17.8635,89.4403,-41.6004,-63.3157,-43.3367,-63.2662,82.2962,82.2775,0.097,0.0445827,-3.31929,30.0594,0,0,0,0,0,0,0,1,0,0,0,0,0,0,0,0
6.04221e+08,-5.89805,-0.994183,6.32292,-6.55893,79.7992,18.002,81.0529,-42.6601,-75.8653,-44.5657,-74.3734,84.0061,83.7487,0.07,0.0364437,-3.33343,30.0771,0,0,0,0,0,0,0,1,0,0,0,0,0,0,0,0
6.04242e+08,-7.5528,-1.10979,7.67747,-5.88335,77.6008,17.9628,77.5819,-44.2348,-78.1402,-46.2482,-78.1602,83.3496,83.3913,0.07,0.023833,-3.36737,30.0653,0,0,0,0,0,0,0,1,0,0,0,0,0,0,0,0
6.04263e+08,-14.5918,-2.21043,9.85421,-7.1554,237.784,18.9538,236.789,-55.3127,42.1805,-47.3156,41.4431,-50.8183,-48.8753,0.07,0.0217622,-3.40899,30.0712,0,0,0,0,0,0,0,1,0,0,0,0,0,0,0,0
6.04284e+08,-10.7614,-3.4893,8.16789,-14.4815,330.379,22.7747,330.702,-50.4652,138.654,-45.9641,138.334,-144.299,-144.478,0.036,0.00771544,-3.52323,30.08,0,0,0,0,0,0,0,1,0,0,0,0,0,0,0,0
6.04305e+08,-8.3733,4.19113,6.23602,21.8724,-6.15495,25.6628,19.0957,-48.0976,401.814,-41.8595,374.693,-89.0778,-93.3997,0.036,-0.000104407,-3.56345,30.08,0,0,0,0,0,0,0,1,0,0,0,0,0,0,0,0
6.04325e+08,-1.03703,1.21433,4.67691,14.2241,20.1199,25.5202,7.71729,-12.1129,489.387,-33.307,470.338,-100.452,-97.2983,0.036,0.00165559,-3.49484,30.0918,0,0,0,0,0,0,0,1,0,0,0,0,0,0,0,0
6.04346e+08,0.0568261,0.419556,6.85899,3.50024,71.3718,24.9348,71.1566,0.473794,496.883,-19.8748,496.883,-97.4748,-97.5931,0.04,0.00805163,-3.34751,30.0888,0,0,0,0,0,0,0,1,0,0,0,0,0,0,0,0
6.04366e+08,5.9749,5.37848,20.63,14.0589,73.2191,25.6827,73.9171,15.6558,496.883,-8.40088,496.883,-73.3068,-73.7353,0.04,0.0126311,-3.07833,30.08,0,0,0,0,0,0,0,1,0,0,0,0,0,0,0,0
6.04386e+08,8.34653,3.59144,14.1102,12.3566,-338.72,21.7903,-338.931,29.8234,-47.9875,-1.7957,-47.4108,-23.2152,-23.4036,0.04,0.017188,-2.6015,30.0741,0,0,0,0,0,0,0,1,0,0,0,0,0,0,0,0
6.04406e+08,-0.625122,-3.08469,6.37437,-25.7159,-174.857,14.4075,-175.376,-5.04472,-15.1173,-1.9332,-15.2596,-17.8717,-17.8895,0.039,0.0200036,-2.47267,30.0741,0,0,0,0,0,0,0,1,0,0,0,0,0,0,0,0
6.04426e+08,-0.0618073,-2.30918,5.0598,-24.5293,-59.2847,9.31447,-59.7583,-0.63669,19.0049,-2.23824,18.8597,-10.3145,-10.4959,0.039,0.0211984,-2.42389,30.0682,0,0,0,0,0,0,0,1,0,0,0,0,0,0,0,0
6.04447e+08,1.38306,-3.11359,8.76106,-19.3432,106.914,7.67599,106.283,8.46071,38.2873,-1.03981,38.3328,20.3725,20.1434,0.039,0.0220373,-2.33164,30.0829,0,0,0,0,0,0,0,1,0,0,0,0,0,0,0,0
6.04468e+08,3.21625,-0.70999,10.8242,-3.5978,217.57,9.66418,217.313,16.5151,-12.5982,0.313818,-12.3015,31.1359,31.1155,0.034,0.0198595,-2.19926,30.1094,0,0,0,0,0,0,0,1,0,0,0,0,0,0,0,0
6.04489e+08,2.33424,2.51006,9.76643,14.0345,141.891,13.5215,157.328,13.0335,-171.087,0.114696,-156.86,23.258,23.3604,0.034,0.0187304,-2.03994,30.0712,0,0,0,0,0,0,0,1,0,0,0,0,0,0,0,0
6.0451e+08,-1.27811,0.88438,9.72895,5.15001,122.731,16.1851,122.758,-7.45378,-123.178,-3.49868,-123.538,18.6321,18.7084,0.034,0.0191418,-1.90024,30.08,0,0,0,0,0,0,0,1,0,0,0,0,0,0,0,0
6.04531e+08,-1.46044,3.96956,10.1543,21.1536,38.6695,18.039,39.2197,-7.62953,-8.3539,-5.24415,-8.79483,-0.741963,-0.525879,0.036,0.0210194,-1.76523,30.1212,0,0,0,0,0,0,0,1,0,0,0,0,0,0,0,0
6.04552e+08,0.221236,1.68397,8.35189,11.3957,-74.2939,17.6336,-74.061,1.48745,54.184,-4.52138,54.0611,-8.08208,-8.00015,0.036,0.0221542,-1.67332,30.1241,0,0,0,0,0,0,0,1,0,0,0,0,0,0,0,0
6.04573e+08,0.987977,0.802494,10.8428,4.21546,-78.6145,15.4021,-82.4775,5.19222,62.3977,-2.90675,63.3613,-10.9981,-11.3697,0.036,0.0232289,-1.57101,30.1212,0,0,0,0,0,0,0,1,0,0,0,0,0,0,0,0
6.04594e+08,1.46568,0.308769,9.73278,1.79683,-41.7595,12.9246,-41.917,8.55971,38.8863,-0.889377,39.0165,-6.23476,-6.28391,0.035,0.0237831,-1.44607,30.1124,0,0,0,0,0,0,0,1,0,0,0,0,0,0,0,0
6.04615e+08,1.46333,0.166673,8.94194,1.05382,-1.53952,11.7141,-1.69511,9.2924,0.164883,0.206195,0.316666,-0.246913,-0.300892,0.035,0.0244353,-1.37433,30.0918,0,0,0,0,0,0,0,1,0,0,0,0,0,0,0,0
6.04636e+08,1.1528,0.585737,9.91631,3.35786,30.8119,11.3667,30.7242,6.61959,-25.7733,0.438328,-25.7123,3.65967,3.63446,0.035,0.0250164,-1.29773,30.1124,0,0,0,0,0,0,0,1,0,0,0,0,0,0,0,0
6.04657e+08,0.675052,1.22637,9.81566,7.10506,32.0027,11.6813,34.5556,3.90395,-26.613,0.189841,-28.3871,4.08715,4.47176,0.033,0.0239043,-1.2209,30.1418,0,0,0,0,0,0,0,1,0,0,0,0,0,0,0,0
6.04678e+08,0.448166,1.3757,9.66415,8.09307,11.6843,11.9715,11.7752,2.62868,-9.85367,-0.0985215,-9.93521,1.55106,1.58088,0.033,0.024193,-1.13301,30.1241,0,0,0,0,0,0,0,1,0,0,0,0,0,0,0,0
6.04699e+08,0.579521,1.2914,9.68289,7.58327,-11.1764,11.754,-11.1089,3.39507,9.14242,0.0771809,9.09285,-1.45691,-1.43917,0.033,0.0246694,-1.06499,30.1006,0,0,0,0,0,0,0,1,0,0,0,0,0,0,0,0
6.0472e+08,0.873328,0.920506,9.84112,5.32292,-14.6001,11.132,-14.6192,5.04938,12.3787,0.571435,12.3871,-1.96843,-1.9741,0.037,0.0287627,-0.988347,30.1359,0,0,0,0,0,0,0,1,0,0,0,0,0,0,0,0
6.04741e+08,1.0023,0.812128,9.53218,4.84318,-0.187625,10.5259,-3.72216,5.98104,0.53591,1.08005,3.70004,-0.0991057,-0.65205,0.037,0.0296454,-0.930576,30.1241,0,0,0,0,0,0,0,1,0,0,0,0,0,0,0,0
6.04761e+08,0.827937,0.999984,9.92675,5.73259,8.77242,10.2247,7.98666,4.7438,-7.70887,1.33254,-7.06566,0.967747,0.899944,0.037,0.030113,-0.875909,30.1535,0,0,0,0,0,0,0,1,0,0,0,0,0,0,0,0
6.04782e+08,0.672693,1.12522,9.61844,6.65635,4.80079,10.1089,4.8337,3.97362,-3.59014,1.3941,-3.62002,0.444848,0.456462,0.033,0.0268584,-0.822272,30.1888,0,0,0,0,0,0,0,1,0,0,0,0,0,0,0,0
6.04802e+08,0.749102,1.13004,9.63975,6.66618,-4.20973,9.91609,-4.18449,4.41341,3.31206,1.56393,3.29433,-0.69999,-0.688477,0.033,0.0269664,-0.775678,30.1418,0,0,0,0,0,0,0,1,0,0,0,0,0,0,0,0
6.04822e+08,0.87572,0.906056,9.79836,5.26227,-3.1836,9.63683,-4.11659,5.08561,2.77787,1.78698,3.58237,-0.559692,-0.643455,0.034,0.0272283,-0.737437,30.1741,0,0,0,0,0,0,0,1,0,0,0,0,0,0,0,0
6.04842e+08,0.880484,0.946999,9.66546,5.57292,2.78874,9.29975,2.76919,5.18038,-2.23268,2.06693,-2.21642,0.17383,0.176096,0.034,0.0285656,-0.683323,30.1535,0,0,0,0,0,0,0,1,0,0,0,0,0,0,0,0
6.04863e+08,0.773006,1.03852,9.73218,6.07199,2.71378,9.16304,2.72605,4.51582,-2.49566,2.17475,-2.50493,0.24902,0.251006,0.034,0.0289272,-0.642824,30.1506,0,0,0,0,0,0,0,1,0,0,0,0,0,0,0,0
6.04883e+08,0.780175,1.01925,9.74164,5.9541,-1.00055,9.00844,-0.986851,4.5541,1.50772,2.2889,1.49565,0.111353,0.10694,0.034,0.0292207,-0.604177,30.1829,0,0,0,0,0,0,0,1,0,0,0,0,0,0,0,0
6.04904e+08,1.37013,0.462908,9.22978,2.84012,4.82046,8.70949,4.78296,8.43324,-1.21643,2.51614,-1.18973,-0.681083,-0.638016,0.034,0.0294756,-0.575542,30.1712,0,0,0,0,0,0,0,1,0,0,0,0,0,0,0,0
6.04925e+08,0.562845,1.14931,9.83938,6.65157,2.50654,8.67735,4.76738,3.25188,-3.53169,2.5534,-5.09229,0.462522,0.285256,0.034,0.0297263,-0.534306,30.18,0,0,0,0,0,0,0,1,0,0,0,0,0,0,0,0
6.04946e+08,0.801625,1.16376,9.38097,7.04628,-2.74904,8.56082,-2.7271,4.84721,2.8513,2.61682,2.85342,-0.377481,-0.38264,0.034,0.030009,-0.501712,30.1888,0,0,0,0,0,0,0,1,0,0,0,0,0,0,0,0
6.04966e+08,0.832738,0.908464,9.99308,5.1766,-5.08012,8.31035,-5.09664,4.74406,3.46469,2.81271,3.45352,-0.359828,-0.369416,0.034,0.0302195,-0.470496,30.1741,0,0,0,0,0,0,0,1,0,0,0,0,0,0,0,0
6.04987e+08,0.737207,0.971083,9.54691,5.79086,-0.778942,8.08322,-0.786944,4.39301,0.658376,3.00474,0.682597,-0.129432,-0.141552,0.034,0.0304407,-0.443889,30.1741,0,0,0,0,0,0,0,1,0,0,0,0,0,0,0,0
6.05008e+08,0.80884,0.980717,9.72018,5.74164,4.19025,7.95908,3.79252,4.73284,-2.26495,3.0955,-2.99557,0.557588,0.0137712,0.033,0.0300375,-0.418563,30.1712,0,0,0,0,0,0,0,1,0,0,0,0,0,0,0,0
6.05029e+08,0.710906,1.09632,9.69434,6.43496,-0.691012,7.92047,0.662315,4.16764,-0.364546,3.14366,-1.12626,0.189914,0.133928,0.033,0.0298399,-0.397869,30.2035,0,0,0,0,0,0,0,1,0,0,0,0,0,0,0,0
6.0505e+08,0.854197,1.02166,9.75107,5.95864,-2.30155,7.7468,-2.30683,4.97923,2.63876,3.25945,2.63336,-0.404325,-0.396541,0.033,0.0300028,-0.368857,30.2212,0,0,0,0,0,0,0,1,0,0,0,0,0,0,0,0
6.0507e+08,0.863763,0.971083,9.68451,5.70352,-0.173269,7.59241,-0.182014,5.07144,-0.513338,3.4173,-0.493647,-0.0977582,-0.0926022,0.033,0.030149,-0.3507,30.2065,0,0,0,0,0,0,0,1,0,0,0,0,0,0,0,0
6.0509e+08,0.804047,1.04093,9.71079,6.09763,3.08844,7.5054,3.0835,4.70642,-1.88148,3.46263,-1.88237,0.0241106,0.0326585,0.033,0.0302897,-0.331094,30.1829,0,0,0,0,0,0,0,1,0,0,0,0,0,0,0,0
6.05111e+08,0.732407,1.05779,9.73462,6.18422,-0.461037,7.4734,-0.449748,4.27759,0.0632694,3.50023,0.0491709,-0.449536,-0.432337,0.033,0.0304223,-0.312563,30.1976,0,0,0,0,0,0,0,1,0,0,0,0,0,0,0,0
6.05132e+08,0.818374,1.04334,9.62293,6.16585,-1.44806,7.3597,-1.45518,4.83279,2.02736,3.60286,2.0314,-0.372198,-0.371305,0.032,0.0298031,-0.29883,30.1741,0,0,0,0,0,0,0,1,0,0,0,0,0,0,0,0
6.05153e+08,0.911514,0.99035,9.69399,5.80773,1.97539,7.23073,1.13063,5.34401,-0.203568,3.69288,-0.340593,-0.00517392,0.0263377,0.032,0.0296896,-0.281669,30.2035,0,0,0,0,0,0,0,1,0,0,0,0,0,0,0,0
6.05173e+08,0.746737,1.05056,9.7156,6.15348,0.855158,7.18667,0.934723,4.36971,-0.779589,3.74668,-1.21764,-0.00577497,0.0268004,0.032,0.029772,-0.268509,30.2006,0,0,0,0,0,0,0,1,0,0,0,0,0,0,0,0
6.05194e+08,0.804047,1.04334,9.73928,6.094,-0.76377,7.11935,-0.759845,4.69274,0.747667,3.80072,0.741719,-0.0817703,-0.0873042,0.033,0.0307366,-0.247103,30.2329,0,0,0,0,0,0,0,1,0,0,0,0,0,0,0,0
6.05214e+08,0.830331,0.978308,9.77002,5.69777,-0.394674,7.03516,-0.398236,4.8337,0.194819,3.87339,0.201392,-0.0657253,-0.0667531,0.033,0.0309854,-0.234327,30.2094,0,0,0,0,0,0,0,1,0,0,0,0,0,0,0,0
6.05234e+08,0.775399,1.02166,9.7274,5.97692,0.993408,6.96863,0.993053,4.53274,-0.780996,3.91367,-0.781792,-0.0351847,-0.0314979,0.033,0.0310928,-0.22187,30.2329,0,0,0,0,0,0,0,1,0,0,0,0,0,0,0,0
6.05254e+08,0.751502,1.08669,9.74414,6.34476,0.333233,6.94071,0.340052,4.38305,-0.0302248,3.93876,-0.0367617,0.0259635,0.0256908,0.034,0.0320179,-0.208059,30.2565,0,0,0,0,0,0,0,1,0,0,0,0,0,0,0,0
6.05275e+08,0.775403,1.00721,9.70838,5.90437,-0.993279,6.87724,-0.995829,4.54221,0.975589,3.98743,0.975251,-0.233255,-0.23385,0.034,0.0322498,-0.196956,30.2329,0,0,0,0,0,0,0,1,0,0,0,0,0,0,0,0
6.05296e+08,0.851814,1.00721,9.79854,5.84702,-0.318081,6.8035,-0.322276,4.94247,-0.0504146,4.05483,-0.0432398,-0.0950285,-0.0978509,0.034,0.0323375,-0.187341,30.2476,0,0,0,0,0,0,0,1,0,0,0,0,0,0,0,0
6.05317e+08,0.775396,1.03129,9.72504,6.03431,0.732535,6.75707,0.99518,4.53335,-0.82653,4.08472,-0.884484,-0.0186034,0.0259496,0.034,0.0324109,-0.177595,30.2682,0,0,0,0,0,0,0,1,0,0,0,0,0,0,0,0
6.05338e+08,0.773,1.06019,9.72984,6.19922,-0.749012,6.72293,-0.741294,4.51578,0.54862,4.10553,0.544969,-0.201332,-0.2013,0.034,0.032486,-0.167445,30.2535,0,0,0,0,0,0,0,1,0,0,0,0,0,0,0,0
6.05359e+08,0.825545,1.01443,9.68223,5.95975,-0.623017,6.65703,-0.628387,4.84707,0.546063,4.15072,0.546144,-0.200504,-0.199884,0.034,0.0325489,-0.158928,30.2712,0,0,0,0,0,0,0,1,0,0,0,0,0,0,0,0
6.0538e+08,0.770625,1.01443,9.7084,5.94664,0.842581,6.60955,0.837211,4.51399,-0.217036,4.18346,-0.222029,-0.0783101,-0.072626,0.034,0.0326048,-0.151624,30.2506,0,0,0,0,0,0,0,1,0,0,0,0,0,0,0,0
6.05401e+08,0.823152,1.0337,9.9553,5.908,-1.75568,6.61731,-1.21336,4.70157,-2.06381,4.25106,-1.65901,-0.0473033,-0.163267,0.034,0.0326433,-0.145847,30.2565,0,0,0,0,0,0,0,1,0,0,0,0,0,0,0,0
6.05421e+08,0.794498,1.0337,9.51135,6.18125,1.37317,6.55026,2.29804,4.7471,1.15876,4.2224,1.80255,-0.0166894,-0.269477,0.033,0.0327129,-0.136049,30.2829,0,0,0,0,0,0,0,1,0,0,0,0,0,0,0,0
6.05442e+08,0.823184,0.920506,9.63935,5.43524,-0.335658,6.52076,-0.345795,4.85912,1.64585,4.28064,1.62528,-0.382766,-0.381075,0.033,0.0317963,-0.137901,30.2624,0,0,0,0,0,0,0,1,0,0,0,0,0,0,0,0
6.05462e+08,0.761072,1.02166,9.94109,5.85076,0.857437,6.48874,0.834292,4.35507,-1.30321,4.326,-1.29938,0.0759236,0.0723435,0.033,0.0317937,-0.125418,30.2771,0,0,0,0,0,0,0,1,0,0,0,0,0,0,0,0
6.05482e+08,0.878059,1.08187,9.5066,6.46516,-0.706373,6.50068,0.800006,5.24339,-1.30079,4.34764,-0.770564,-0.0464195,-0.0262501,0.035,0.0318207,-0.125029,30.2594,0,0,0,0,0,0,0,1,0,0,0,0,0,0,0,0
6.05503e+08,0.818378,1.02889,10.0099,5.84925,-0.380588,6.42698,-0.386149,4.64953,1.69267,4.34175,1.68559,-0.290118,-0.287398,0.035,0.0337421,-0.110796,30.2771,0,0,0,0,0,0,0,1,0,0,0,0,0,0,0,0
6.05524e+08,0.804075,0.942182,9.43759,5.68067,0.291797,6.39546,0.289076,4.84582,0.315511,4.3815,0.311454,-0.167457,-0.163289,0.035,0.0339056,-0.108651,30.2594,0,0,0,0,0,0,0,1,0,0,0,0,0,0,0,0
6.05545e+08,0.799259,1.08669,9.87943,6.25673,0.717563,6.38919,0.44022,4.59762,-0.951369,4.42203,-0.897921,0.107789,3.01184e-05,0.032,0.0328489,-0.107077,30.3065,0,0,0,0,0,0,0,1,0,0,0,0,0,0,0,0
6.05566e+08,0.753897,1.06019,9.65863,6.24524,0.271059,6.40203,0.281159,4.43659,-0.68865,4.40604,-0.689537,0.0769825,0.0756541,0.032,0.0310895,-0.105521,30.2859,0,0,0,0,0,0,0,1,0,0,0,0,0,0,0,0
6.05586e+08,0.842265,0.997576,9.67507,5.86482,-1.22371,6.36815,-1.2154,4.94924,1.24848,4.42392,1.25045,-0.242984,-0.242931,0.032,0.030991,-0.103815,30.2918,0,0,0,0,0,0,0,1,0,0,0,0,0,0,0,0
6.05607e+08,0.830336,0.961449,9.79373,5.58684,0.170444,6.30751,0.156952,4.82301,0.176891,4.46262,0.180439,-0.104939,-0.105733,0.034,0.0321963,-0.0957285,30.3271,0,0,0,0,0,0,0,1,0,0,0,0,0,0,0,0
6.05628e+08,0.796865,1.10836,9.6468,6.53217,1.29614,6.31052,1.29793,4.69142,-1.14963,4.47068,-1.14865,0.139401,0.139083,0.034,0.0329668,-0.089976,30.3094,0,0,0,0,0,0,0,1,0,0,0,0,0,0,0,0
6.05649e+08,0.76821,1.11077,9.81777,6.43542,-0.538527,6.32104,-0.199188,4.44585,0.136036,4.46117,-0.0667072,-0.059008,0.0118081,0.034,0.0330684,-0.0864515,30.3035,0,0,0,0,0,0,0,1,0,0,0,0,0,0,0,0
6.0567e+08,0.775405,0.997576,9.65851,5.87809,-0.824245,6.27895,-0.835393,4.5658,0.684294,4.4765,0.683066,-0.195872,-0.193605,0.033,0.0323648,-0.0846946,30.3241,0,0,0,0,0,0,0,1,0,0,0,0,0,0,0,0
6.05691e+08,0.811212,1.03852,9.58969,6.15895,0.687715,6.25526,0.682038,4.80728,-0.249041,4.50142,-0.243633,0.0334538,0.0319939,0.033,0.0321375,-0.0849013,30.3006,0,0,0,0,0,0,0,1,0,0,0,0,0,0,0,0
6.05712e+08,0.782544,1.08669,9.76549,6.32953,0.882625,6.27152,0.883859,4.55354,-0.750387,4.50431,-0.751839,0.0179067,0.0199942,0.033,0.0321284,-0.081003,30.33,0,0,0,0,0,0,0,1,0,0,0,0,0,0,0,0
6.05733e+08,0.768237,1.01443,9.59919,6.0135,-1.13292,6.26505,-0.92651,4.55048,0.761815,4.50869,0.528679,-0.256854,-0.128081,0.035,0.0336406,-0.0735278,30.3124,0,0,0,0,0,0,0,1,0,0,0,0,0,0,0,0
6.05754e+08,0.761097,0.93014,9.77712,5.41815,-0.166635,6.20367,-0.176497,4.43127,0.163817,4.52851,0.167992,-0.0574647,-0.0584555,0.035,0.0341497,-0.0708354,30.3124,0,0,0,0,0,0,0,1,0,0,0,0,0,0,0,0
6.05775e+08,0.823151,1.03852,9.63717,6.12842,1.28062,6.19537,1.28094,4.85406,-0.354787,4.53514,-0.356188,0.0340016,0.0369595,0.035,0.0341946,-0.0698092,30.3359,0,0,0,0,0,0,0,1,0,0,0,0,0,0,0,0
6.05796e+08,0.818361,1.0891,9.8533,6.28589,0.010622,6.21437,0.0136377,4.71917,0.302277,4.54126,0.297821,-0.0881252,-0.0852827,0.034,0.0333606,-0.0708507,30.3594,0,0,0,0,0,0,0,1,0,0,0,0,0,0,0,0
6.05817e+08,0.758693,0.987942,9.68937,5.80419,-0.2797,6.22124,-0.063955,4.45421,0.421735,4.55661,0.3352,-0.148943,0.107069,0.034,0.0332274,-0.0682825,30.3565,0,0,0,0,0,0,0,1,0,0,0,0,0,0,0,0
6.05838e+08,0.88046,1.03611,9.75107,6.04087,-0.295583,6.20401,-0.283763,5.13072,0.249622,4.58947,0.265978,-0.163921,-0.156244,0.034,0.0332147,-0.0686389,30.3241,0,0,0,0,0,0,0,1,0,0,0,0,0,0,0,0
6.05859e+08,0.775432,0.901239,9.67735,5.30364,1.36934,6.15663,1.36048,4.56159,1.34833,4.59014,1.33748,-0.224774,-0.217604,0.035,0.0341335,-0.0630498,30.33,0,0,0,0,0,0,0,1,0,0,0,0,0,0,0,0
6.0588e+08,0.854219,0.944591,9.72721,5.52536,-1.74564,6.13997,-1.74151,4.99532,0.748107,4.66218,0.748783,-0.361049,-0.360929,0.035,0.0342324,-0.0631586,30.3271,0,0,0,0,0,0,0,1,0,0,0,0,0,0,0,0
6.05901e+08,0.744322,1.1469,9.7205,6.70961,1.18558,6.13928,1.32269,4.34868,-0.416842,4.67114,0.239712,0.00642216,-0.121461,0.035,0.0342496,-0.0612552,30.3535,0,0,0,0,0,0,0,1,0,0,0,0,0,0,0,0
6.05922e+08,0.741938,1.13245,9.71099,6.63235,0.356879,6.20284,0.363766,4.33973,0.928565,4.62861,0.91337,-0.298556,-0.29553,0.034,0.0333178,-0.0629928,30.3565,0,0,0,0,0,0,0,1,0,0,0,0,0,0,0,0
6.05943e+08,0.839888,0.956633,9.67501,5.62584,-3.19509,6.16807,-3.18927,4.93746,3.1952,4.68409,3.18866,-0.678348,-0.672802,0.034,0.0332628,-0.062023,30.3506,0,0,0,0,0,0,0,1,0,0,0,0,0,0,0,0
6.05964e+08,0.937821,0.845846,9.8172,4.90221,-1.67151,6.03791,-1.68469,5.43679,2.35761,4.78655,2.36898,-0.431291,-0.438617,0.033,0.0329061,-0.0612144,30.3653,0,0,0,0,0,0,0,1,0,0,0,0,0,0,0,0
6.05985e+08,0.825518,1.11318,9.71088,6.5161,3.3185,6.0062,2.6347,4.82754,-2.49921,4.82725,-1.70577,0.363399,0.158414,0.033,0.0323413,-0.0610342,30.33,0,0,0,0,0,0,0,1,0,0,0,0,0,0,0,0
6.06005e+08,0.749049,1.3203,9.77064,7.6735,2.34285,6.13427,3.10176,4.34458,-1.84717,4.77015,-2.37533,0.346852,0.290038,0.033,0.0322847,-0.0598352,30.3624,0,0,0,0,0,0,0,1,0,0,0,0,0,0,0,0
6.06026e+08,0.794449,1.20952,9.61847,7.14321,-1.96485,6.24883,-1.95014,4.68497,1.72667,4.73733,1.71585,-0.26411,-0.257022,0.033,0.0322839,-0.05874,30.3653,0,0,0,0,0,0,0,1,0,0,0,0,0,0,0,0
6.06046e+08,0.878087,0.983125,9.78423,5.71504,-2.71732,6.19123,-2.72238,5.10272,1.77925,4.79182,1.78581,-0.293516,-0.296813,0.033,0.032282,-0.0586696,30.3741,0,0,0,0,0,0,0,1,0,0,0,0,0,0,0,0
6.06066e+08,0.808903,0.751917,9.76493,4.38822,-0.28287,6.06861,-0.291002,4.72152,-0.22421,4.8119,-0.219078,-0.0790187,-0.0790376,0.033,0.0322954,-0.057113,30.3535,0,0,0,0,0,0,0,1,0,0,0,0,0,0,0,0
6.06086e+08,0.837523,0.874747,9.66301,5.1534,0.768876,5.99884,0.769203,4.93355,-0.0860076,4.80949,-0.0892248,-0.0483762,-0.045655,0.034,0.032899,-0.0556771,30.38,0,0,0,0,0,0,0,1,0,0,0,0,0,0,0,0
6.06107e+08,0.870898,1.07464,9.66092,6.32185,0.461352,6.00147,0.461626,5.11968,0.554947,4.82441,0.55193,-0.185392,-0.183909,0.034,0.0332703,-0.0546531,30.3771,0,0,0,0,0,0,0,1,0,0,0,0,0,0,0,0
6.06128e+08,0.86849,1.14449,9.73939,6.67592,0.261573,6.0459,0.260979,5.06112,0.278495,4.85016,0.277097,-0.154044,-0.158244,0.034,0.0333092,-0.0537944,30.3918,0,0,0,0,0,0,0,1,0,0,0,0,0,0,0,0
6.06149e+08,0.827922,1.05538,9.66568,6.20878,-0.228022,6.08018,0.0198497,4.86698,0.627586,4.86134,0.58249,-0.26014,-0.108294,0.034,0.0333136,-0.0536907,30.38,0,0,0,0,0,0,0,1,0,0,0,0,0,0,0,0
6.0617e+08,0.777792,1.00239,9.73212,5.86208,-0.729659,6.06188,-0.729963,4.54543,0.868574,4.86691,0.870334,-0.22875,-0.22788,0.034,0.0333141,-0.0534369,30.3741,0,0,0,0,0,0,0,1,0,0,0,0,0,0,0,0
6.06191e+08,0.866125,1.06501,9.73214,6.22077,-0.330115,6.03568,-0.333084,5.05569,0.315573,4.88409,0.322961,-0.15172,-0.150341,0.034,0.0333203,-0.052495,30.3624,0,0,0,0,0,0,0,1,0,0,0,0,0,0,0,0
6.06212e+08,0.839862,1.05056,9.80337,6.0945,0.525042,6.03805,0.519125,4.86888,-0.630678,4.89123,-0.626233,0.0315307,0.0315331,0.033,0.0325866,-0.0525433,30.3829,0,0,0,0,0,0,0,1,0,0,0,0,0,0,0,0
6.06233e+08,0.861344,1.08187,9.67994,6.35226,-0.331787,6.0652,-0.0530834,5.05362,-0.551175,4.89487,-0.704404,-0.014312,-0.0116681,0.033,0.0323551,-0.0530682,30.4065,0,0,0,0,0,0,0,1,0,0,0,0,0,0,0,0
6.06254e+08,0.849425,1.00962,9.7012,5.91898,-0.482683,6.05437,-0.483566,4.97724,0.166826,4.89911,0.168263,-0.0601418,-0.0581121,0.033,0.0323262,-0.0534053,30.3976,0,0,0,0,0,0,0,1,0,0,0,0,0,0,0,0
6.06275e+08,0.837488,1.00239,9.69408,5.8818,0.388436,6.03405,0.385388,4.91156,-0.169279,4.89673,-0.1675,-0.0752786,-0.0731318,0.033,0.032324,-0.0536678,30.3506,0,0,0,0,0,0,0,1,0,0,0,0,0,0,0,0
6.06338e+08,0.851798,1.06501,9.69179,6.24707,-0.0709499,6.01359,-0.0741568,4.99284,0.181772,4.91675,0.187061,-0.105241,-0.105856,0.034,0.0332303,-0.0506281,30.4094,0,0,0,0,0,0,0,1,0,0,0,0,0,0,0,0
6.06359e+08,0.844637,1.05538,9.80099,6.12344,0.813292,6.02794,0.810307,4.89733,-0.657037,4.91446,-0.654373,0.0781288,0.0753668,0.034,0.0333312,-0.0489452,30.3918,0,0,0,0,0,0,0,1,0,0,0,0,0,0,0,0
6.0638e+08,0.804057,1.0048,9.72497,5.87905,-0.120619,6.04806,-0.114017,4.70153,-0.226933,4.8927,-0.231415,-0.0899147,-0.0852839,0.034,0.0333479,-0.0483958,30.4329,0,0,0,0,0,0,0,1,0,0,0,0,0,0,0,0
6.06401e+08,0.868545,0.949407,9.76519,5.53135,-0.956918,6.02702,-1.03491,5.05895,0.53489,4.89239,0.643075,-0.211426,-0.236538,0.036,0.0351553,-0.0431113,30.3859,0,0,0,0,0,0,0,1,0,0,0,0,0,0,0,0
6.06422e+08,0.84228,0.942182,9.71772,5.51725,0.678307,5.9823,0.670846,4.93071,-0.67173,4.90739,-0.665475,0.0637637,0.060708,0.036,0.0353581,-0.0431331,30.4212,0,0,0,0,0,0,0,1,0,0,0,0,0,0,0,0
6.06442e+08,0.804041,1.0626,9.68233,6.24164,1.16246,5.99584,1.34613,4.71887,-0.957623,4.89111,-1.18844,0.139674,0.0808183,0.033,0.0353708,-0.0431354,30.4182,0,0,0,0,0,0,0,1,0,0,0,0,0,0,0,0
6.06463e+08,0.813593,1.0626,9.72268,6.21561,-0.503836,6.02775,-0.498984,4.75517,0.448658,4.86251,0.44092,-0.119986,-0.118432,0.033,0.0325469,-0.0515275,30.3888,0,0,0,0,0,0,0,1,0,0,0,0,0,0,0,0
6.06484e+08,0.866138,1.01684,9.77005,5.91877,-0.77573,6.01313,-0.776053,5.03908,0.506886,4.87958,0.510778,-0.180466,-0.177209,0.033,0.0323589,-0.0518797,30.4035,0,0,0,0,0,0,0,1,0,0,0,0,0,0,0,0
6.06505e+08,0.842251,1.04815,9.74638,6.11554,0.73652,6.00334,0.533373,4.91087,-0.698867,4.88877,-0.573316,0.00303137,0.028272,0.035,0.033068,-0.0489851,30.4418,0,0,0,0,0,0,0,1,0,0,0,0,0,0,0,0
6.06526e+08,0.815996,1.00721,9.70835,5.9024,0.184278,6.02068,0.188166,4.77894,-0.497493,4.86747,-0.50048,-0.0582446,-0.055303,0.035,0.03428,-0.0447585,30.4418,0,0,0,0,0,0,0,1,0,0,0,0,0,0,0,0
6.06547e+08,0.87569,1.01443,9.69644,5.94848,-0.547732,6.01768,-0.545992,5.13255,0.601497,4.86703,0.599402,-0.134018,-0.134693,0.035,0.034361,-0.0447698,30.4506,0,0,0,0,0,0,0,1,0,0,0,0,0,0,0,0
6.06568e+08,0.844657,0.980717,9.73915,5.72885,0.0344244,5.9977,0.0279007,4.93193,-0.208979,4.8783,-0.205962,0.00393355,-0.00169489,0.033,0.0331763,-0.0486284,30.4624,0,0,0,0,0,0,0,1,0,0,0,0,0,0,0,0
6.06589e+08,0.842244,1.07224,9.67282,6.30179,0.611972,6.00704,0.886311,4.94624,-0.618728,4.87926,-0.665919,0.0344249,-0.0848974,0.033,0.0324369,-0.0502163,30.4624,0,0,0,0,0,0,0,1,0,0,0,0,0,0,0,0
6.06609e+08,0.806425,1.07705,9.72509,6.29831,-0.39636,6.02923,-0.329888,4.71157,-0.00615621,4.8646,-0.163723,-0.0877644,-0.0418355,0.033,0.0323586,-0.0498573,30.4447,0,0,0,0,0,0,0,1,0,0,0,0,0,0,0,0
6.0663e+08,0.849435,0.973491,9.72014,5.69765,-0.211461,6.01143,-0.214145,4.96961,-0.0219965,4.87002,-0.0184248,-0.011261,-0.0120192,0.035,0.0338468,-0.0445576,30.4124,0,0,0,0,0,0,0,1,0,0,0,0,0,0,0,0
6.0665e+08,0.849415,1.04574,9.73212,6.11001,0.643076,6.01264,0.639184,4.9597,-0.860297,4.87505,-0.859048,0.125957,0.127189,0.035,0.0343218,-0.0436163,30.4359,0,0,0,0,0,0,0,1,0,0,0,0,0,0,0,0
6.0667e+08,0.870892,1.09632,9.82478,6.34247,0.396099,6.02972,0.398769,5.03451,-1.05438,4.85436,-1.05705,0.140526,0.141989,0.035,0.0343782,-0.0420246,30.4476,0,0,0,0,0,0,0,1,0,0,0,0,0,0,0,0
