timestamp_us,AccX,AccY,AccZ,Roll_Acc,Roll_Gyr,Roll_Kalman,RollRate_Kalman,Pitch_Acc,Pitch_Gyr,Pitch_Kalman,PitchRate_Kalman,YawRate_Gyr,YawRate_Kalman,Alt_ToF,Alt_Kalman,Vz_Kalman,VBat,temp
7.79305e+08,0.0188054,-0.0068087,9.81,-6.16261,19.2759,-7.66261,8.09587,-6.99444,0.559385,-5.99444,0.567991,-3.04481,-3.04481,0.452679,0.457723,0.0570929,0.932779,28.5
7.7933e+08,0.0175213,-0.00964386,9.81,-5.95874,19.9826,-7.45874,8.39269,-6.97147,1.26633,-5.97147,1.28581,-2.95132,-2.95132,0.458527,0.45914,0.0575009,0.93268,28.5
7.79353e+08,0.015919,-0.0121073,9.81,-5.75963,20.632,-7.25963,8.66545,-6.93349,1.93033,-5.93349,1.96003,-2.86157,-2.86157,0.464194,0.460486,0.0578732,0.932586,28.5
7.79377e+08,0.0139573,-0.0143246,9.81,-5.55268,21.2682,-7.05268,8.93266,-6.87933,2.5941,-5.87933,2.63401,-2.76975,-2.76975,0.469193,0.461852,0.0582357,0.932492,28.5
7.79399e+08,0.0119074,-0.0160691,9.81,-5.35917,21.8304,-6.85917,9.16876,-6.81638,3.1915,-5.81638,3.2406,-2.68509,-2.68509,0.47252,0.4631,0.0585541,0.932406,28.5
7.79424e+08,0.00923098,-0.0177423,9.81,-5.12586,22.4696,-6.62586,9.43722,-6.72608,3.88309,-5.72608,3.94283,-2.58439,-2.58439,0.474487,0.464573,0.058914,0.932305,28.5
7.79449e+08,0.00632155,-0.0189747,9.81,-4.88569,23.0869,-6.38569,9.69652,-6.61816,4.56352,-5.61816,4.63373,-2.48213,-2.48213,0.474275,0.466056,0.0592596,0.932205,28.5
7.79469e+08,0.00386298,-0.0196234,9.81,-4.68783,23.5669,-6.18783,9.89808,-6.51884,5.10084,-5.51884,5.17931,-2.39886,-2.39886,0.472762,0.467256,0.0595269,0.932124,28.5
7.79493e+08,0.000817336,-0.0199833,9.81,-4.4438,24.1255,-5.9438,10.1327,-6.38446,5.73555,-5.38446,5.82379,-2.29723,-2.29723,0.469933,0.46871,0.0598365,0.932026,28.5
7.79516e+08,-0.00196872,-0.0199029,9.81,-4.21719,24.6135,-5.71719,10.3377,-6.24888,6.298,-5.24888,6.39489,-2.20382,-2.20382,0.467123,0.470037,0.0601056,0.931937,28.5
7.79541e+08,-0.00505605,-0.0193504,9.81,-3.95683,25.1398,-5.45683,10.5587,-6.08133,6.91302,-5.08133,7.01938,-2.09754,-2.09754,0.464601,0.471539,0.0603945,0.931837,28.5
7.79561e+08,-0.00751869,-0.0185329,9.81,-3.73742,25.5563,-5.23742,10.7337,-5.93115,7.40599,-4.93115,7.51993,-2.00875,-2.00875,0.463633,0.472786,0.0606222,0.931755,28.5
5.37178e+08,0.656001,1.04093,9.81063,6.04314,0.115339,5.92739,0.128815,3.80418,-0.182356,3.91719,-0.151217,0.0831523,-0.00766176,0.038,0.0376423,-0.00927036,4.168,37.6124
5.37199e+08,0.667944,1.02648,9.74887,5.99668,0.0390028,5.9636,0.0407877,3.89802,-0.10602,3.86358,-0.108058,0.113687,0.112166,0.038,0.0376442,-0.00950755,4.16824,37.5976
5.37219e+08,0.65601,1.00962,9.80583,5.86549,0.0390028,5.8919,0.0383884,3.80732,-0.151821,3.84596,-0.151228,0.0373508,0.0434261,0.038,0.037646,-0.0093021,4.16846,37.6094
5.37239e+08,0.656019,0.978308,9.81053,5.68212,0.115339,5.76186,0.112136,3.80678,-0.10602,3.8005,-0.105743,0.0220836,0.022996,0.037,0.0372916,-0.0103266,4.16868,37.6271
5.37259e+08,0.653631,0.978308,9.78442,5.69721,0.130606,5.83614,0.127984,3.80296,-0.10602,3.75968,-0.103981,0.0678852,0.07051,0.037,0.0367135,-0.0117052,4.16896,37.63
5.37279e+08,0.656011,1.0048,9.78208,5.85172,0.0848043,5.84619,0.0859458,3.81663,-0.151821,3.7874,-0.152108,0.113687,0.112263,0.037,0.0366559,-0.0116008,4.16806,37.6006
5.37299e+08,0.617807,1.00239,9.77499,5.84345,0.05427,5.96165,0.0551677,3.59763,-0.0907526,3.71354,-0.0916517,0.0831523,0.0824545,0.039,0.0373666,-0.0092282,4.1682,37.6271
5.37319e+08,0.66078,1.03129,9.79874,5.99461,0.0237356,5.98847,0.0254245,3.83678,-0.0907526,3.83533,-0.0904749,0.0678852,0.0683344,0.039,0.0385179,-0.0064114,4.16835,37.6094
5.37339e+08,0.644069,1.01443,9.82247,5.88388,0.0695372,5.94256,0.0697923,3.73178,-0.121287,3.77164,-0.120988,0.0220836,0.0255564,0.039,0.0386437,-0.00630197,4.16848,37.5829
5.37359e+08,0.675101,1.05297,9.79876,6.11904,0.115339,6.02504,0.115899,3.91876,-0.197623,3.82744,-0.19699,0.0831523,0.0797098,0.038,0.0382931,-0.00744895,4.16861,37.5918
5.37379e+08,0.627351,1.02648,9.75365,5.99541,0.0695372,6.00593,0.0692721,3.66002,-0.0754855,3.72215,-0.07522,0.0831523,0.0843861,0.038,0.0377125,-0.00931284,4.16873,37.6006
5.37399e+08,0.65601,1.00962,9.7536,5.89654,0.115339,5.96657,0.11474,3.82743,-0.0907526,3.80429,-0.0910457,0.190022,0.187895,0.038,0.0376497,-0.00976847,4.16885,37.5976
5.37419e+08,0.636895,1.05538,9.72995,6.17738,0.0695372,6.03047,0.0706957,3.7233,-0.136554,3.74172,-0.135972,0.0526179,0.0526445,0.038,0.0376444,-0.0103825,4.16904,37.6271
5.37439e+08,0.629742,1.01443,9.77737,5.91127,0.115339,5.89041,0.113582,3.6656,-0.10602,3.70418,-0.106596,0.0526179,0.0533847,0.038,0.037646,-0.0103997,4.16923,37.6153
5.37459e+08,0.646461,0.999984,9.78446,5.82283,0.16114,5.87164,0.161395,3.76052,-0.121287,3.74724,-0.121564,0.0373508,0.0389533,0.038,0.0376445,-0.0103963,4.16932,37.6124
5.37479e+08,0.655999,1.05056,9.76554,6.12647,0.0695372,6.07433,0.0703907,3.82108,-0.151821,3.79942,-0.150082,0.0984194,0.0922893,0.039,0.0380014,-0.00922364,4.1694,37.63
7.79585e+08,-0.0101796,-0.0172155,9.81,-3.48197,26.0119,-4.98197,10.925,-5.74679,7.9514,-4.74679,8.07373,-1.90621,-1.90621,0.464223,0.474219,0.0608703,0.93166,28.5
7.7961e+08,-0.0127593,-0.0154013,9.81,-3.2058,26.4707,-4.7058,11.1177,-5.5369,8.50719,-4.5369,8.63807,-1.79623,-1.79623,0.466994,0.475747,0.061119,0.93156,28.5
7.79635e+08,-0.0150152,-0.0132115,9.81,-2.92583,26.9018,-4.42583,11.2988,-5.31388,9.0354,-4.31388,9.1744,-1.68561,-1.68561,0.47168,0.477276,0.0613519,0.931459,28.5
7.79658e+08,-0.0167731,-0.0108932,9.81,-2.66286,27.277,-4.16286,11.4563,-5.09586,9.49977,-4.09586,9.64592,-1.5824,-1.5824,0.477132,0.478697,0.0615538,0.931367,28.5
5.37559e+08,0.651234,1.01203,9.74411,5.91639,0.100072,5.96378,0.098919,3.8032,-0.136554,3.79993,-0.134837,0.00681639,0.00960074,0.038,0.037698,-0.0115411,4.16986,37.6065
5.37579e+08,0.64884,1.0337,9.77264,6.02485,0.130606,5.98714,0.131182,3.77748,-0.0754855,3.78041,-0.0766766,0.113687,0.107798,0.038,0.0376371,-0.0115414,4.16992,37.6065
7.79682e+08,-0.0182174,-0.00825389,9.81,-2.38719,27.6407,-3.88719,11.6091,-4.85921,9.95406,-3.85921,10.1072,-1.47488,-1.47488,0.483074,0.48017,0.0617489,0.931271,28.5
5.3762e+08,0.672724,1.01443,9.8272,5.87995,0.100072,5.94131,0.0983319,3.89545,-0.0907526,3.8455,-0.0910463,0.0984194,0.0963993,0.038,0.0376315,-0.0112638,4.17028,37.6065
7.79704e+08,-0.0191545,-0.00575372,9.81,-2.13965,27.9424,-3.63965,11.7358,-4.64025,10.334,-3.64025,10.493,-1.37885,-1.37885,0.487888,0.481481,0.0619103,0.931186,28.5
7.79726e+08,-0.0197709,-0.00301881,9.81,-1.87691,28.2377,-3.37691,11.8598,-4.40176,10.7087,-3.40176,10.8734,-1.27742,-1.27742,0.491846,0.482862,0.0620679,0.931096,28.5
7.7975e+08,-0.02,1.61787e-06,9.81,-1.59002,28.5318,-3.09002,11.9834,-4.13485,11.0845,-3.13485,11.255,-1.16717,-1.16717,0.494357,0.484357,0.0622244,0.931,28.5
7.79775e+08,-0.0197549,0.00312124,9.81,-1.29063,28.8082,-2.79063,12.0994,-3.84983,11.44,-2.84983,11.616,-1.05264,-1.05264,0.494821,0.485906,0.0623712,0.9309,28.5
5.37701e+08,0.660786,1.00721,9.81295,5.84722,0.145873,5.91608,0.14353,3.83231,-0.10602,3.80911,-0.106031,0.00681639,0.0089891,0.038,0.037637,-0.0110118,4.1705,37.6182
7.79799e+08,-0.0190481,0.00609662,9.81,-0.995419,29.0509,-2.49542,12.2014,-3.56303,11.7542,-2.56303,11.9351,-0.940147,-0.940147,0.493407,0.487423,0.0624997,0.930803,28.5
5.37722e+08,0.622574,1.0337,9.7964,6.01144,0.05427,5.95707,0.039612,3.6163,-0.0754855,3.832,-0.13713,-0.0542523,0.0665001,0.038,0.0376314,-0.0114324,4.17027,37.6182
7.79821e+08,-0.0180484,0.00861708,9.81,-0.731761,29.2433,-2.23176,12.2822,-3.30262,12.0046,-2.30262,12.1893,-0.840016,-0.840016,0.491094,0.48877,0.0626015,0.930716,28.5
7.79845e+08,-0.0165149,0.0112808,9.81,-0.430847,29.4355,-1.93085,12.3629,-3.00111,12.2557,-2.00111,12.4442,-0.726068,-0.726068,0.488049,0.4903,0.0627029,0.930618,28.5
7.79866e+08,-0.0149574,0.0132769,9.81,-0.181672,29.5728,-1.68167,12.4206,-2.74844,12.4358,-1.74844,12.6271,-0.631943,-0.631943,0.485857,0.491562,0.0627753,0.930538,28.5
7.79888e+08,-0.0129705,0.0152239,9.81,0.0933879,29.7017,-1.40661,12.4747,-2.46684,12.6055,-1.46684,12.7995,-0.528247,-0.528247,0.484404,0.492949,0.0628432,0.930449,28.5
7.79913e+08,-0.0104158,0.0170737,9.81,0.40664,29.8201,-1.09336,12.5245,-2.14329,12.7618,-1.14329,12.9581,-0.410369,-0.410369,0.484551,0.494525,0.0629055,0.930349,28.5
5.37803e+08,0.656003,1.03611,9.75364,6.05011,-0.0678674,5.93442,-0.0643538,3.8263,-0.121287,3.75482,-0.121298,0.0373508,0.0393752,0.038,0.0377745,-0.0117091,4.17042,37.6447
5.37823e+08,0.658394,1.02166,9.737,5.97632,0.00846851,5.97872,0.00816915,3.84727,-0.0602183,3.79962,-0.0613816,0.0678852,0.0638149,0.038,0.0376444,-0.0121723,4.17045,37.6035
5.37843e+08,0.629741,1.01925,9.8035,5.92349,0.0848043,5.85647,0.114474,3.65577,-0.0296841,3.78189,-0.150934,0.0984194,0.0685461,0.039,0.0376311,-0.0126296,4.17039,37.5918
7.79937e+08,-0.00766911,0.0184712,9.81,0.713742,29.9071,-0.786258,12.561,-1.82381,12.8769,-0.823813,13.075,-0.29498,-0.29498,0.486817,0.496066,0.0629512,0.930251,28.5
5.37864e+08,0.68228,0.995167,9.7773,5.79775,0.00846851,5.80335,0.0090672,3.9713,-0.121287,3.93667,-0.121552,0.0831523,0.0825805,0.039,0.0385702,-0.0101611,4.17051,37.5947
7.79963e+08,-0.00463518,0.0194555,9.81,1.0324,29.9672,-0.467601,12.5862,-1.49061,12.9565,-0.490611,13.1558,-0.175378,-0.175378,0.491207,0.497661,0.0629828,0.930149,28.5
7.79983e+08,-0.00208285,0.0198912,9.81,1.29135,29.9935,-0.208648,12.5973,-1.21905,12.9913,-0.219048,13.1912,-0.0782456,-0.0782456,0.495878,0.498957,0.0629966,0.930066,28.5
7.80005e+08,0.000677339,0.0199885,9.81,1.56775,29.9993,0.0677463,12.5997,-0.928868,12.9991,0.0711325,13.1991,0.0254049,0.0254049,0.501353,0.500339,0.0629996,0.929978,28.5
7.80031e+08,0.00381832,0.0196321,9.81,1.8841,29.9779,0.384096,12.5907,-0.596904,12.9706,0.403096,13.1702,0.144051,0.144051,0.50737,0.501921,0.0629884,0.929878,28.5
7.80053e+08,0.00649963,0.0189144,9.81,2.1615,29.9343,0.661501,12.5724,-0.30647,12.9129,0.69353,13.1115,0.248142,0.248142,0.511686,0.503309,0.0629655,0.929789,28.5
5.37904e+08,0.627343,1.05538,9.77032,6.15254,0.0848043,6.06592,0.0856686,3.65268,-0.151821,3.73019,-0.152386,0.0984194,0.0982972,0.039,0.0386308,-0.0103893,4.17048,37.6506
5.37924e+08,0.656015,0.99035,9.79868,5.75847,0.0237356,5.84015,0.0237472,3.81084,-0.167089,3.80261,-0.16793,0.144221,0.138211,0.039,0.038635,-0.0101353,4.17051,37.5918
5.37944e+08,0.636906,1.01443,9.83435,5.87713,0.0390028,5.91723,0.0381553,3.68599,-0.0449512,3.78752,-0.0469906,0.0678852,0.0740993,0.039,0.0386363,-0.00967483,4.17053,37.6035
5.37964e+08,0.651239,0.992759,9.78682,5.77948,0.145873,5.84961,0.144388,3.78761,-0.136554,3.81158,-0.135097,0.0831523,0.0798624,0.04,0.0390058,-0.00846869,4.17056,37.6565
5.37984e+08,0.667955,0.987942,9.77492,5.75789,0.05427,5.82065,0.0531461,3.88939,-0.182356,3.86395,-0.182067,0.0526179,0.0528268,0.04,0.0395835,-0.00703984,4.1694,37.6153
7.80077e+08,0.0092508,0.017732,9.81,2.46023,29.8614,0.960234,12.5418,0.00504152,12.8163,1.00504,13.0135,0.360331,0.360331,0.514725,0.504807,0.0629272,0.929694,28.5
5.38005e+08,0.62019,1.01925,9.82487,5.91111,0.145873,5.91691,0.144681,3.59274,-0.151821,3.70534,-0.152697,0.00681639,0.0123039,0.04,0.0396447,-0.00686691,4.16957,37.6124
7.80097e+08,0.0114481,0.0163994,9.81,2.71586,29.7774,1.21586,12.5065,0.270134,12.7054,1.27013,12.9008,0.456441,0.456441,0.515761,0.506091,0.062883,0.929612,28.5
7.80117e+08,0.0134556,0.0147969,9.81,2.97057,29.6738,1.47057,12.463,0.532543,12.5688,1.53254,12.7621,0.552341,0.552341,0.515375,0.507373,0.0628285,0.92953,28.5
7.80138e+08,0.0152282,0.0129654,9.81,3.22235,29.5517,1.72235,12.4117,0.789857,12.4081,1.78986,12.599,0.647295,0.647295,0.513829,0.508644,0.0627642,0.929449,28.5
5.38046e+08,0.663177,0.997576,9.75595,5.82503,-0.0220659,5.86999,-0.0200162,3.86868,-0.136554,3.87371,-0.136261,0.0220836,0.0256761,0.038,0.0377097,-0.0131917,4.16971,37.63
5.38066e+08,0.629734,1.04574,9.72044,6.12763,0.0848043,6.03542,0.0842232,3.68549,-0.10602,3.75107,-0.106003,0.159488,0.15399,0.038,0.0376277,-0.0134688,4.16961,37.6153
7.80163e+08,0.0170779,0.0104089,9.81,3.53259,29.3738,2.03259,12.337,1.10353,12.1749,2.10353,12.3622,0.764557,0.764557,0.510929,0.510216,0.0626704,0.929348,28.5
5.38086e+08,0.648843,1.02166,9.80348,5.93665,0.130606,6.0078,0.131187,3.76626,-0.10602,3.75302,-0.106014,0.0984194,0.0976717,0.038,0.0376172,-0.0130222,4.16968,37.6388
5.38107e+08,0.656009,1.01443,9.81534,5.88764,0.0695372,5.87559,0.0686672,3.80348,-0.136554,3.83524,-0.136549,-0.0695194,-0.0653151,0.038,0.0376231,-0.012902,4.16984,37.6153
7.80187e+08,0.0184709,0.00766969,9.81,3.83277,29.1723,2.33277,12.2524,1.40282,11.912,2.40282,12.0953,0.878341,0.878341,0.507942,0.511745,0.062564,0.929251,28.5
7.8021e+08,0.0193648,0.00500057,9.81,4.10575,28.9636,2.60575,12.1647,1.67084,11.641,2.67084,11.8201,0.982137,0.982137,0.505881,0.513143,0.0624535,0.929161,28.5
5.38127e+08,0.660788,0.999984,9.74646,5.84471,0.100072,5.80345,0.0986197,3.8584,-0.136554,3.76282,-0.137429,0.0526179,0.0533698,0.038,0.0376374,-0.0120948,4.1699,37.6359
5.38147e+08,0.660788,0.999984,9.73221,5.85317,0.130606,5.89212,0.130023,3.86397,-0.243424,3.84282,-0.241363,0.0984194,0.0936193,0.039,0.0382302,-0.0102931,4.16995,37.6124
7.80232e+08,0.0198721,0.00225813,9.81,4.37418,28.7342,2.87418,12.0683,1.92999,11.3446,2.92999,11.5191,1.08455,1.08455,0.505096,0.514525,0.0623319,0.929072,28.5
5.38167e+08,0.660782,1.02166,9.75836,5.9633,0.00846851,5.97626,0.00879564,3.85284,-0.10602,3.83102,-0.104303,0.113687,0.112139,0.039,0.0385939,-0.00938918,4.17001,37.6035
7.80254e+08,0.019993,-0.000528982,9.81,4.64044,28.4823,3.14044,11.9625,2.18222,11.021,3.18222,11.1905,1.18651,1.18651,0.505936,0.515905,0.0621981,0.928983,28.5
5.38187e+08,0.648845,1.01443,9.82722,5.88089,-0.00679874,5.96239,-0.00651641,3.75758,-0.121287,3.81327,-0.121243,0.0678852,0.067921,0.039,0.0386321,-0.0089977,4.17006,37.6241
7.8028e+08,0.0196558,-0.00369443,9.81,4.94135,28.1676,3.44135,11.8304,2.46079,10.6195,3.46079,10.7829,1.30225,1.30225,0.508989,0.517476,0.0620305,0.928882,28.5
7.80302e+08,0.0189552,-0.00637979,9.81,5.20077,27.87,3.70077,11.7054,2.69485,10.2427,3.69485,10.4002,1.40252,1.40252,0.513221,0.518841,0.0618717,0.928793,28.5
7.80325e+08,0.0178331,-0.00905429,9.81,5.46885,27.536,3.96885,11.5651,2.93013,9.82293,3.93013,9.97405,1.50667,1.50667,0.518658,0.520265,0.0616929,0.928701,28.5
7.80348e+08,0.0163027,-0.0115855,9.81,5.73882,27.1715,4.23882,11.412,3.15964,9.36877,4.15964,9.5129,1.61215,1.61215,0.524502,0.521712,0.0614971,0.928607,28.5
7.80369e+08,0.0146371,-0.0136292,9.81,5.97627,26.8266,4.47627,11.2672,3.35478,8.94281,4.35478,9.08039,1.70548,1.70548,0.529274,0.522998,0.0613113,0.928523,28.5
5.38207e+08,0.629736,1.03611,9.84389,5.99633,0.05427,5.9406,0.0542819,3.6403,-0.0602183,3.65844,-0.0619968,-0.0389851,-0.0327636,0.038,0.0380528,-0.0102427,4.17011,37.5859
5.38227e+08,0.665555,1.03129,9.77737,6.00736,0.05427,5.92774,0.0557216,3.87276,-0.167089,3.84822,-0.166795,0.128954,0.125603,0.038,0.037679,-0.0116719,4.17033,37.6006
5.38247e+08,0.660792,0.985534,9.80342,5.72773,0.05427,5.81546,0.053134,3.83687,-0.10602,3.85305,-0.106573,0.00681639,0.0111138,0.038,0.0376343,-0.0119399,4.17036,37.6241
5.38267e+08,0.617797,1.03611,9.79641,6.02552,0.0848043,5.97152,0.0848368,3.58854,-0.0907526,3.63635,-0.0913455,0.0220836,0.0255893,0.039,0.0382295,-0.0100037,4.1704,37.6153
5.38287e+08,0.644077,0.985534,9.79868,5.73111,0.0390028,5.78852,0.039867,3.74188,-0.151821,3.77827,-0.151516,0.0984194,0.0982997,0.039,0.038606,-0.00871799,4.17043,37.6212
7.80394e+08,0.0123143,-0.0157594,9.81,6.25613,26.3896,4.75613,11.0837,3.57592,8.40849,4.57592,8.53786,1.81621,1.81621,0.533665,0.52453,0.0610752,0.928422,28.5
7.80416e+08,0.0101138,-0.0172543,9.81,6.48859,26.0005,4.98859,10.9202,3.75169,7.93764,4.75169,8.05976,1.90885,1.90885,0.535816,0.525818,0.060864,0.928338,28.5
7.80441e+08,0.0072763,-0.0186294,9.81,6.75963,25.5152,5.25963,10.7164,3.94671,7.35713,4.94671,7.47032,2.01771,2.01771,0.536328,0.52734,0.0605998,0.928237,28.5
7.80462e+08,0.00468358,-0.0194439,9.81,6.98897,25.0767,5.48897,10.5322,4.10266,6.83888,5.10266,6.94409,2.1106,2.1106,0.535157,0.528645,0.06036,0.92815,28.5
5.38307e+08,0.672726,1.00721,9.73934,5.89041,0.100072,5.949,0.0986365,3.93042,-0.0602183,3.84672,-0.0616923,0.144221,0.137395,0.039,0.0386389,-0.00894513,4.16962,37.5624
7.80485e+08,0.00189217,-0.0199103,9.81,7.2235,24.6003,5.7235,10.3321,4.25278,6.28269,5.25278,6.37934,2.20641,2.20641,0.532804,0.529999,0.0600983,0.92806,28.5
5.38328e+08,0.636902,1.02889,9.77976,5.99314,0.115339,5.9039,0.113018,3.7057,-0.136554,3.78487,-0.135119,0.0526179,0.0538892,0.037,0.0374479,-0.0130642,4.16986,37.6212
5.38348e+08,0.622576,1.02407,9.80114,5.95297,-0.037333,5.99898,-0.0346845,3.61497,-0.0907526,3.68235,-0.0904818,0.0220836,0.0248045,0.037,0.0367032,-0.0147477,4.16992,37.5888
5.38368e+08,0.639283,1.05297,9.79405,6.12343,0.100072,6.02031,0.099196,3.71321,-0.136554,3.76216,-0.135108,0.0526179,0.0527484,0.037,0.0366243,-0.0145477,4.16997,37.5829
5.38388e+08,0.629744,1.00721,9.74412,5.88927,0.100072,5.93572,0.100642,3.67823,-0.136554,3.70813,-0.135696,0.0526179,0.0492418,0.037,0.0366221,-0.0144629,4.17019,37.6182
7.80506e+08,-0.000769766,-0.0199852,9.81,7.43997,24.134,5.93997,10.1363,4.38226,5.74527,5.38226,5.83366,2.29564,2.29564,0.530115,0.531268,0.0598412,0.927975,28.5
7.80529e+08,-0.00367935,-0.0196586,9.81,7.67313,23.6015,6.17313,9.91264,4.51111,5.13994,5.51111,5.21901,2.3927,2.3927,0.527386,0.532656,0.0595461,0.927882,28.5
7.8055e+08,-0.00613287,-0.0190365,9.81,7.8704,23.1249,6.3704,9.71247,4.61081,4.60579,5.61081,4.67665,2.47567,2.47567,0.525804,0.53385,0.0592808,0.927802,28.5
7.80575e+08,-0.00904854,-0.017836,9.81,8.11049,22.5103,6.61049,9.45432,4.71961,3.9276,5.71961,3.98803,2.5778,2.5778,0.525463,0.535331,0.0589369,0.927701,28.5
5.38408e+08,0.653627,0.99035,9.78206,5.76824,0.0695372,5.84651,0.0686944,3.80338,-0.151821,3.76895,-0.149511,0.0984194,0.0962478,0.037,0.0366268,-0.0140449,4.16922,37.5859
5.38428e+08,0.663169,1.02648,9.79398,5.96958,0.0848043,5.97607,0.0836686,3.85265,-0.151821,3.82294,-0.151538,0.128954,0.127533,0.037,0.0366247,-0.0134535,4.16932,37.6212
5.38448e+08,0.608242,1.04815,9.78694,6.10122,0.100072,6.07562,0.10062,3.5361,-0.167089,3.69587,-0.165361,0.0373508,0.039408,0.038,0.0369854,-0.0118723,4.16949,37.6006
5.38468e+08,0.665569,0.980717,9.78678,5.70931,0.0695372,5.86712,0.0692381,3.87119,-0.151821,3.84647,-0.151505,0.0831523,0.0844771,0.038,0.0375698,-0.0102698,4.16965,37.6153
5.38488e+08,0.667946,1.02166,9.79872,5.93873,0.05427,5.89663,0.0545751,3.87867,-0.121287,3.90179,-0.121321,0.144221,0.138751,0.038,0.0376355,-0.0100965,4.16972,37.6212
5.38508e+08,0.622577,1.02166,9.82013,5.92772,0.115339,5.9539,0.113278,3.60816,-0.0907526,3.70304,-0.0918946,0.0678852,0.0686396,0.038,0.0376396,-0.00988871,4.16877,37.5976
7.80595e+08,-0.0112342,-0.0165467,9.81,8.29887,21.9995,6.79887,9.23979,4.79449,3.37321,5.79449,3.4251,2.65892,2.65892,0.526754,0.536516,0.0586495,0.92762,28.5
7.80615e+08,-0.0132292,-0.0149996,9.81,8.48194,21.4773,6.98194,9.02045,4.85764,2.81504,5.85764,2.85835,2.73867,2.73867,0.529422,0.537689,0.0583543,0.92754,28.5
7.80637e+08,-0.01519,-0.0130102,9.81,8.67932,20.8834,7.17932,8.77103,4.91417,2.19103,5.91417,2.22474,2.82577,2.82577,0.533719,0.53898,0.0580167,0.927451,28.5
7.80661e+08,-0.0169815,-0.0105655,9.81,8.88717,20.2205,7.38717,8.4926,4.9595,1.50795,5.9595,1.53115,2.91889,2.91889,0.539385,0.540372,0.0576375,0.927354,28.5
7.80687e+08,-0.0184347,-0.0077563,9.81,9.09683,19.5088,7.59683,8.1937,4.98889,0.790576,5.98889,0.802739,3.01445,3.01445,0.545488,0.541815,0.0572277,0.927254,28.5
5.38528e+08,0.698988,1.01925,9.79394,5.92639,0.0695372,5.95654,0.0689893,4.06039,-0.0907526,3.87474,-0.0907796,0.0831523,0.0823621,0.038,0.0376448,-0.0095313,4.16905,37.63
5.38548e+08,0.639294,1.01203,9.84146,5.85899,0.05427,5.88287,0.0551401,3.69723,-0.0449512,3.69219,-0.0458269,0.00681639,0.0121248,0.038,0.0376535,-0.00898304,4.16915,37.6182
5.38568e+08,0.658387,1.04815,9.74891,6.12273,0.145873,6.01018,0.144704,3.8415,-0.0754855,3.81038,-0.0763884,0.0220836,0.0187334,0.038,0.0376516,-0.00904802,4.16925,37.5859
5.38588e+08,0.656003,1.03611,9.82012,6.00964,-0.00679874,5.94579,-0.00564551,3.80075,-0.0602183,3.78407,-0.0614043,0.0678852,0.0683701,0.038,0.0376534,-0.00851655,4.16942,37.6212
5.38608e+08,0.689441,1.0048,9.82004,5.82801,0.0390028,5.8768,0.0390025,3.99521,-0.10602,3.90635,-0.10541,0.0984194,0.100408,0.038,0.03765,-0.00931145,4.1695,37.6329
7.80707e+08,-0.0192696,-0.00535571,9.81,9.25975,18.9229,7.75975,7.94763,4.9992,0.212449,5.9992,0.215717,3.08999,3.08999,0.549838,0.542967,0.0568881,0.927173,28.5
7.80729e+08,-0.0198267,-0.00262706,9.81,9.43252,18.2668,7.93252,7.67206,4.99684,-0.421556,5.99684,-0.428041,3.17148,3.17148,0.553451,0.544221,0.0565053,0.927084,28.5
7.80754e+08,-0.0199932,0.000520566,9.81,9.62066,17.507,8.12066,7.35292,4.97697,-1.138,5.97697,-1.15551,3.26206,3.26206,0.5556,0.545631,0.0560588,0.926983,28.5
7.80779e+08,-0.0196644,0.00364869,9.81,9.80035,16.7313,8.30035,7.02716,4.93897,-1.84947,5.93897,-1.87793,3.35063,3.35063,0.555549,0.547026,0.0555993,0.926883,28.5
5.38628e+08,0.656015,0.99035,9.75119,5.7862,0.0695372,5.84851,0.0692485,3.82916,-0.10602,3.79635,-0.105144,0.144221,0.142649,0.037,0.0372878,-0.01077,4.16958,37.6153
5.38648e+08,0.679886,1.01684,9.76071,5.93318,0.145873,5.9589,0.145856,3.96315,-0.304493,3.88507,-0.302718,0.0220836,0.0247788,0.037,0.0367006,-0.0127471,4.16974,37.5976
5.38668e+08,0.627348,1.03852,9.82252,6.02318,0.222209,5.9701,0.22073,3.63422,-0.136554,3.68927,-0.138327,0.0526179,0.0565454,0.037,0.0366423,-0.0123163,4.16981,37.5976
5.38688e+08,0.615398,1.07705,9.75612,6.28742,0.0695372,6.16447,0.0698145,3.58759,-0.0602183,3.67119,-0.0599532,0.00681639,0.0135486,0.038,0.0369952,-0.0109184,4.16987,37.6241
5.38708e+08,0.656001,1.04334,9.7679,6.0832,-0.00679874,5.92934,-0.00649337,3.82048,-0.0907526,3.70747,-0.0898659,0.0220836,0.0229288,0.038,0.0375884,-0.00894728,4.16993,37.6124
7.80802e+08,-0.0189531,0.0063859,9.81,9.95486,16.0199,8.45486,6.72837,4.88942,-2.48433,5.88942,-2.52255,3.42865,3.42865,0.553882,0.54827,0.0551744,0.926793,28.5
7.80827e+08,-0.0177149,0.00928354,9.81,10.1191,15.212,8.61907,6.38903,4.81719,-3.18458,5.81719,-3.23358,3.51378,3.51378,0.550869,0.549645,0.054688,0.926693,28.5
7.80852e+08,-0.0160408,0.0119454,9.81,10.2744,14.3907,8.77439,6.04408,4.72744,-3.87369,5.72744,-3.93329,3.59677,3.59677,0.547581,0.551005,0.054189,0.926593,28.5
7.80877e+08,-0.0139617,0.0143203,9.81,10.4215,13.5519,8.92155,5.69179,4.61988,-4.5536,5.61988,-4.62366,3.67806,3.67806,0.545023,0.552358,0.0536745,0.926492,28.5
5.38728e+08,0.658394,1.02407,9.82722,5.93595,0.145873,5.88674,0.145291,3.81233,-0.151821,3.8627,-0.1515,0.0526179,0.0499947,0.038,0.0376499,-0.00859899,4.16998,37.6329
5.38748e+08,0.658388,1.04334,9.81538,6.05402,0.100072,5.966,0.100333,3.81606,-0.197623,3.83628,-0.196487,0.00681639,0.0113089,0.039,0.0380185,-0.00706484,4.17012,37.5976
5.38768e+08,0.703767,1.00962,9.81054,5.86076,-0.00679874,5.86762,-0.00618855,4.08165,-0.10602,3.99791,-0.10628,0.190022,0.184545,0.039,0.0385973,-0.00545465,4.17017,37.6182
5.38788e+08,0.67033,1.03611,9.73938,6.05826,0.00846851,5.98235,0.00705089,3.91525,-0.0296841,3.8565,-0.0305594,0.0678852,0.0706926,0.039,0.0386582,-0.00574594,4.17021,37.6006
7.80899e+08,-0.0118108,0.0161401,9.81,10.5454,12.7919,9.04536,5.3726,4.50937,-5.14867,5.50937,-5.22788,3.74886,3.74886,0.544075,0.553554,0.0532042,0.926402,28.5
5.38808e+08,0.66079,0.992759,9.72983,5.81257,0.130606,5.84436,0.130001,3.86521,-0.243424,3.81596,-0.240476,0.128954,0.132816,0.039,0.038672,-0.00580798,4.17034,37.6124
7.80925e+08,-0.00912861,0.0177952,9.81,10.6754,11.9295,9.17537,5.0104,4.36984,-5.79957,5.36984,-5.88879,3.82609,3.82609,0.54499,0.554879,0.0526653,0.926302,28.5
7.80947e+08,-0.00658536,0.0188847,9.81,10.7819,11.1628,9.28195,4.6884,4.23388,-6.35633,5.23388,-6.45412,3.89211,3.89211,0.547581,0.556031,0.0521816,0.926214,28.5
7.80968e+08,-0.00399726,0.0195965,9.81,10.8785,10.4109,9.37854,4.37258,4.09024,-6.88219,5.09024,-6.98807,3.95455,3.95455,0.551462,0.557139,0.0517028,0.926128,28.5
7.80991e+08,-0.00117955,0.0199652,9.81,10.9734,9.6066,9.47343,4.03477,3.9259,-7.42237,4.9259,-7.53656,4.01891,4.01891,0.556539,0.5583,0.0511857,0.926038,28.5
5.38828e+08,0.646455,1.02407,9.75363,5.9807,0.191675,5.95012,0.191059,3.77125,-0.182356,3.75707,-0.181192,-0.0237179,-0.0170474,0.039,0.0386687,-0.00595309,4.17054,37.6006
5.38848e+08,0.644061,1.04334,9.77028,6.08222,0.0848043,6.04239,0.0850925,3.75025,-0.10602,3.7821,-0.105173,0.0373508,0.0428389,0.039,0.0386543,-0.00700698,4.17057,37.5859
5.38868e+08,0.667957,0.980717,9.82714,5.68603,-0.00679874,5.85103,-0.00647764,3.86929,-0.0449512,3.80867,-0.0452561,0.0984194,0.0977268,0.039,0.0386543,-0.00702059,4.17059,37.6124
5.38888e+08,0.710939,0.978308,9.82948,5.6691,0.0390028,5.77052,0.0390131,4.11657,-0.0754855,4.02129,-0.0763323,0.0831523,0.0769902,0.039,0.0386578,-0.00696658,4.17061,37.6035
5.38908e+08,0.629736,1.03611,9.79165,6.02795,0.16114,5.92152,0.162548,3.65946,-0.136554,3.70985,-0.136853,0.0831523,0.081737,0.039,0.0386619,-0.00716315,4.17063,37.6006
7.81013e+08,0.00162265,0.0199341,9.81,11.0595,8.80583,9.55951,3.69845,3.7519,-7.93706,4.7519,-8.05917,4.08059,4.08059,0.561846,0.559434,0.0506656,0.925948,28.5
7.81035e+08,0.00431871,0.0195282,9.81,11.136,8.02014,9.63603,3.36846,3.57163,-8.41945,4.57163,-8.54898,4.13886,4.13886,0.566601,0.560525,0.0501501,0.925861,28.5
7.8106e+08,0.00733303,0.0186072,9.81,11.2156,7.1042,9.71557,2.98377,3.35021,-8.95326,4.35021,-9.091,4.20408,4.20408,0.570801,0.561773,0.0495423,0.925761,28.5
7.81082e+08,0.0098192,0.0174236,9.81,11.2771,6.29842,9.77713,2.64533,3.14595,-9.39721,4.14595,-9.54178,4.25912,4.25912,0.572846,0.562851,0.0490014,0.925673,28.5
5.38928e+08,0.696596,1.03611,9.78922,6.02668,0.206942,5.99951,0.204315,4.04774,-0.136554,3.89803,-0.137988,0.0526179,0.0519488,0.038,0.0382905,-0.00813042,4.17074,37.6359
5.38948e+08,0.653613,1.04334,9.82013,6.05132,0.0695372,6.04953,0.0692433,3.78665,0.0161176,3.84654,0.0143655,0.0373508,0.0380822,0.038,0.0377064,-0.00948824,4.17092,37.63
5.38968e+08,0.65363,0.980717,9.88176,5.65549,0.05427,5.77894,0.0548453,3.76587,-0.0754855,3.70437,-0.0763386,0.0678852,0.0658855,0.038,0.0376618,-0.0089894,4.17093,37.6065
7.81102e+08,0.0120085,0.0159936,9.81,11.3287,5.5288,9.82871,2.3221,2.94306,-9.79858,3.94306,-9.94933,4.3097,4.3097,0.573218,0.563863,0.0484792,0.92559,28.5
5.38988e+08,0.651233,1.01443,9.74411,5.93037,0.130606,5.8602,0.12916,3.8031,-0.167089,3.80043,-0.166241,0.0220836,0.0213954,0.038,0.0376593,-0.00917465,4.17094,37.6035
5.39008e+08,0.641671,1.05297,9.81541,6.11017,0.16114,6.02893,0.160276,3.71904,-0.167089,3.79946,-0.167687,0.0526179,0.0519254,0.038,0.0376481,-0.0091746,4.17086,37.5918
7.81127e+08,0.014281,0.0140019,9.81,11.38,4.63457,9.87995,1.94652,2.69827,-10.2368,3.69827,-10.3943,4.36609,4.36609,0.571879,0.56502,0.0478652,0.925494,28.5
7.81148e+08,0.0160018,0.0119975,9.81,11.4173,3.84944,9.91733,1.61677,2.47581,-10.5965,3.47581,-10.7595,4.41354,4.41354,0.569534,0.566018,0.0473196,0.92541,28.5
7.81173e+08,0.0176925,0.00932616,9.81,11.453,2.90611,9.95297,1.22057,2.19976,-10.9971,3.19976,-11.1663,4.46806,4.46806,0.566047,0.567199,0.0466555,0.925309,28.5
7.81198e+08,0.018936,0.00643647,9.81,11.4785,1.96452,9.97854,0.825099,1.91532,-11.3623,2.91532,-11.5371,4.51982,4.51982,0.562811,0.568356,0.0459832,0.925209,28.5
5.39028e+08,0.639291,1.02407,9.81537,5.9438,-0.037333,5.92788,-0.0355419,3.70644,-0.136554,3.69984,-0.135391,0.128954,0.124871,0.038,0.0376521,-0.00896569,4.16985,37.6271
5.39049e+08,0.648846,1.01203,9.82009,5.87123,0.00846851,5.87607,0.00846328,3.76037,-0.121287,3.73075,-0.120372,0.0831523,0.0856549,0.037,0.037296,-0.00970838,4.17,37.6006
5.39069e+08,0.644064,1.0337,9.79876,6.00917,0.191675,5.98166,0.1902,3.7399,-0.21289,3.78166,-0.211155,0.128954,0.12532,0.037,0.0367091,-0.0112984,4.17005,37.5594
5.39089e+08,0.656004,1.03129,9.82486,5.97905,0.0237356,5.92639,0.0237703,3.79915,-0.0754855,3.81143,-0.0758016,0.0526179,0.049846,0.037,0.036652,-0.01094,4.17002,37.5976
5.39109e+08,0.663169,1.02407,9.8106,5.9457,0.0390028,5.96272,0.0378397,3.84632,-0.0907526,3.80714,-0.0904751,0.144221,0.142825,0.038,0.0370037,-0.00984122,4.17007,37.6006
7.81223e+08,0.0197119,0.00338263,9.81,11.4942,1.01949,9.99422,0.428187,1.62157,-11.6935,2.62157,-11.8734,4.56912,4.56912,0.560771,0.569499,0.0452983,0.925108,28.5
7.81248e+08,0.0199986,0.000237372,9.81,11.5,0.0712132,9.99997,0.0299095,1.31911,-11.9897,2.31911,-12.1741,4.61598,4.61598,0.560633,0.570627,0.0446006,0.925008,28.5
7.81273e+08,0.0197876,-0.00290707,9.81,11.4957,-0.875099,9.99574,-0.367541,1.01022,-12.2487,2.01022,-12.4371,4.66016,4.66016,0.562677,0.571735,0.0438932,0.924907,28.5
7.81294e+08,0.0192451,-0.00544294,9.81,11.4848,-1.6529,9.98481,-0.69422,0.751504,-12.4338,1.7515,-12.6251,4.69454,4.69454,0.565861,0.572633,0.0433031,0.924825,28.5
5.39129e+08,0.656013,0.997576,9.71559,5.84923,0.05427,5.80432,0.0542426,3.8427,-0.151821,3.88172,-0.150624,0.0526179,0.0513208,0.038,0.0375904,-0.00859101,4.16893,37.6388
5.3915e+08,0.615422,0.99035,9.77497,5.77382,0.145873,5.85543,0.147042,3.58423,-0.167089,3.6144,-0.166501,0.0526179,0.048031,0.038,0.0376564,-0.00830474,4.16904,37.6153
5.3917e+08,0.639288,1.0337,9.80826,6.0036,0.0695372,5.99658,0.0689834,3.7087,-0.0449512,3.77225,-0.0478715,0.0984194,0.0922861,0.038,0.037654,-0.00835154,4.16914,37.5976
5.3919e+08,0.663159,1.0626,9.77505,6.1899,-0.037333,6.10833,-0.0355702,3.85845,0.000850439,3.86441,-0.000346698,0.0984194,0.0937127,0.038,0.0376438,-0.00882998,4.16907,37.6065
5.3921e+08,0.636907,1.00962,9.79635,5.87185,0.0390028,5.89889,0.0387198,3.70029,-0.10602,3.80854,-0.105721,0.0678852,0.0668021,0.038,0.0376502,-0.00872959,4.16917,37.6065
7.81319e+08,0.0181516,-0.00839758,9.81,11.4625,-2.59662,9.96247,-1.09058,0.432275,-12.6242,1.43228,-12.8184,4.73392,4.73392,0.571032,0.573707,0.0425762,0.924724,28.5
7.81339e+08,0.0169393,-0.010633,9.81,11.4372,-3.35625,9.93722,-1.40963,0.171469,-12.7498,1.17147,-12.946,4.76377,4.76377,0.575667,0.574561,0.0419819,0.924643,28.5
7.81364e+08,0.0150616,-0.0131586,9.81,11.3971,-4.29361,9.89705,-1.80332,-0.154571,-12.8703,0.845429,-13.0683,4.79832,4.79832,0.58111,0.575602,0.0412368,0.924543,28.5
5.3923e+08,0.672727,1.00239,9.79156,5.83153,0.176407,6.05819,0.0997613,3.90995,-0.182356,3.74272,-0.092786,0.0678852,0.0934365,0.039,0.0380105,-0.00814425,4.16816,37.5859
5.3925e+08,0.670338,1.00721,9.78445,5.86367,0.115339,5.92466,0.115643,3.8987,-0.136554,3.86958,-0.13656,0.144221,0.140803,0.039,0.038616,-0.0063268,4.16831,37.63
5.3927e+08,0.641686,0.997576,9.77021,5.81746,0.0695372,5.8765,0.0709547,3.73829,-0.136554,3.68425,-0.135668,0.159488,0.163921,0.039,0.0386622,-0.00648807,4.16844,37.6153
5.3929e+08,0.6393,0.99035,9.77733,5.77155,0.130606,5.783,0.0842054,3.72203,-0.0754855,3.76047,-0.105133,0.0373508,-0.032248,0.039,0.0386694,-0.00647509,4.16883,37.6212
7.81389e+08,0.0128794,-0.015301,9.81,11.3486,-5.20032,9.84861,-2.18413,-0.473834,-12.9499,0.526166,-13.1491,4.82933,4.82933,0.585231,0.576595,0.0405031,0.924445,28.5
5.3931e+08,0.651242,0.980717,9.78442,5.71123,0.0695372,5.95008,0.128589,3.78901,-0.121287,3.69299,-0.151533,0.0984194,0.112329,0.038,0.0377612,-0.00962041,4.16885,37.6624
7.81412e+08,0.0105248,-0.0170067,9.81,11.294,-6.05782,9.79401,-2.54428,-0.778771,-12.9912,0.221229,-13.191,4.85645,4.85645,0.58748,0.577522,0.0397967,0.924353,28.5
5.39331e+08,0.667951,1.00239,9.78919,5.83312,0.100072,5.83596,0.0989406,3.8832,-0.0907526,3.74652,-0.0913513,0.0984194,0.0984453,0.038,0.0376607,-0.0099784,4.16896,37.63
5.39351e+08,0.653616,1.03129,9.81299,5.98629,0.0390028,5.97971,0.0390532,3.78987,-0.136554,3.79838,-0.136572,0.0678852,0.0678798,0.039,0.038005,-0.00917694,4.16907,37.5829
7.81435e+08,0.00794827,-0.0183528,9.81,11.2311,-6.90999,9.73112,-2.9022,-1.08421,-12.9987,-0.0842123,-13.1987,4.88124,4.88124,0.587844,0.578433,0.039082,0.92426,28.5
5.39372e+08,0.634516,1.02166,9.78688,5.94717,0.0695372,5.95071,0.0712547,3.68949,-0.0144167,3.66454,-0.0161622,0.0678852,0.0645911,0.039,0.0385856,-0.00742604,4.16917,37.6212
7.81457e+08,0.0053964,-0.0192582,9.81,11.1651,-7.69844,9.66514,-3.23335,-1.36851,-12.9755,-0.368513,-13.1751,4.90225,4.90225,0.586575,0.579266,0.038409,0.924174,28.5
5.39392e+08,0.656019,0.978308,9.79629,5.69029,0.0848043,5.86868,0.0836454,3.81225,-0.136554,3.81139,-0.13539,0.0984194,0.0937653,0.039,0.0386478,-0.00706283,4.16926,37.6182
7.81479e+08,0.00262121,-0.0198275,9.81,11.0885,-8.51736,9.5885,-3.57729,-1.66509,-12.9199,-0.665087,-13.1187,4.92206,4.92206,0.583964,0.580122,0.0376972,0.924084,28.5
5.39412e+08,0.689439,1.01203,9.81056,5.87523,0.100072,5.86024,0.0994672,3.99871,-0.0907526,3.89692,-0.0910569,0.0831523,0.0845705,0.039,0.038657,-0.00726954,4.16935,37.6006
7.81504e+08,-0.000521554,-0.0199932,9.81,10.9943,-9.41921,9.49432,-3.95607,-1.99266,-12.8209,-0.992662,-13.0181,4.94146,4.94146,0.580273,0.581055,0.0368974,0.923983,28.5
5.39432e+08,0.639284,1.04815,9.77504,6.10734,0.100072,5.99046,0.100066,3.72053,-0.0907526,3.76217,-0.0922102,0.0678852,0.0685214,0.039,0.0386559,-0.00774307,4.16943,37.6006
7.81529e+08,-0.00365461,-0.0196633,9.81,10.8906,-10.3126,9.3906,-4.3313,-2.31755,-12.6827,-1.31755,-12.8778,4.95812,4.95812,0.57673,0.581968,0.0360877,0.923883,28.5
5.39452e+08,0.665561,1.00962,9.75122,5.89758,0.145873,5.95437,0.145579,3.88392,-0.167089,3.88905,-0.167975,0.0678852,0.0678522,0.039,0.038648,-0.00815788,4.16952,37.6065
7.81551e+08,-0.00634289,-0.0189675,9.81,10.7915,-11.0915,9.29145,-4.65841,-2.60057,-12.5289,-1.60057,-12.7217,4.97051,4.97051,0.574518,0.582756,0.0353666,0.923795,28.5
5.39473e+08,0.665556,1.02889,9.79873,5.98052,0.130606,5.92051,0.130606,3.86453,-0.136554,3.80641,-0.135956,0.128954,0.125535,0.039,0.0386483,-0.00836539,4.16951,37.5888
7.81573e+08,-0.00887275,-0.0179241,9.81,10.6867,-11.8506,9.18672,-4.97726,-2.87577,-12.3484,-1.87577,-12.5384,4.98059,4.98059,0.5737,0.583517,0.0346494,0.923707,28.5
5.39494e+08,0.632123,1.04093,9.80116,6.04987,0.0237356,6.02341,0.023171,3.66958,-0.0449512,3.71636,-0.0446526,0.144221,0.143336,0.039,0.0386452,-0.00837376,4.16958,37.5859
5.39515e+08,0.656017,0.983125,9.84378,5.69083,0.16114,5.77707,0.158508,3.7939,-0.182356,3.77394,-0.182593,0.0984194,0.0957024,0.039,0.0386564,-0.00777464,4.16966,37.6035
7.81598e+08,-0.0115777,-0.0163082,9.81,10.5576,-12.7139,9.05758,-5.33982,-3.18734,-12.1054,-2.18734,-12.2916,4.98961,4.98961,0.574767,0.584374,0.0338154,0.923607,28.5
7.81619e+08,-0.013569,-0.0146929,9.81,10.4459,-13.4068,8.94587,-5.63085,-3.43592,-11.8804,-2.43592,-12.0632,4.99489,4.99489,0.577194,0.585056,0.0331307,0.923525,28.5
7.8164e+08,-0.0153928,-0.0127696,9.81,10.3242,-14.1139,8.8242,-5.92782,-3.68773,-11.6227,-2.68773,-11.8015,4.99839,4.99839,0.580892,0.585746,0.0324171,0.923441,28.5
7.8166e+08,-0.0168959,-0.0107018,9.81,10.201,-14.7864,8.70098,-6.21028,-3.9251,-11.3505,-2.9251,-11.5251,4.99991,4.99991,0.585169,0.586397,0.0317235,0.923359,28.5
7.81684e+08,-0.0183018,-0.0080649,9.81,10.0497,-15.5604,8.54968,-6.53537,-4.19518,-11.0033,-3.19518,-11.1726,4.99934,4.99934,0.590339,0.58714,0.030906,0.923264,28.5
7.81705e+08,-0.0192199,-0.00553128,9.81,9.90671,-16.2464,8.40671,-6.82348,-4.43121,-10.6645,-3.43121,-10.8286,4.99667,4.99667,0.594463,0.587794,0.0301629,0.923178,28.5
5.39536e+08,0.696589,1.06019,9.79163,6.1642,0.145873,6.06188,0.14496,4.04567,-0.136554,3.93207,-0.137712,-0.0237179,-0.0210527,0.038,0.0380466,-0.00987698,4.16863,37.6035
5.39556e+08,0.660784,1.01443,9.78447,5.90581,0.130606,5.95557,0.131481,3.84301,-0.121287,3.7867,-0.121857,0.113687,0.112361,0.038,0.0376772,-0.0108293,4.16875,37.6359
5.39576e+08,0.632134,0.999984,9.81059,5.80804,0.00846851,5.85094,0.0114,3.66774,-0.10602,3.69859,-0.105443,0.0678852,0.069911,0.038,0.0376438,-0.0110898,4.16887,37.6124
5.39596e+08,0.665566,0.992759,9.77256,5.78726,0.0848043,5.81139,0.083934,3.87626,-0.136554,3.8572,-0.136244,0.0678852,0.0680266,0.038,0.0376418,-0.0113254,4.16889,37.5888
5.39616e+08,0.665558,1.02166,9.82484,5.92323,0.115339,5.92475,0.115322,3.85471,-0.10602,3.8458,-0.106048,0.174755,0.171098,0.038,0.0376353,-0.0109689,4.169,37.6065
5.39636e+08,0.644069,1.01443,9.79161,5.90222,0.0390028,5.94838,0.0395789,3.74339,-0.182356,3.80344,-0.181469,0.159488,0.155892,0.038,0.0376352,-0.0106021,4.16902,37.6094
7.81731e+08,-0.0198509,-0.00243795,9.81,9.7314,-17.0352,8.2314,-7.15477,-4.69805,-10.2372,-3.69805,-10.3947,4.99094,4.99094,0.597875,0.588539,0.0292852,0.923078,28.5
7.81751e+08,-0.0199998,8.45784e-05,9.81,9.5852,-17.6541,8.0852,-7.41471,-4.90344,-9.87277,-3.90344,-10.0247,4.98434,4.98434,0.599119,0.58912,0.0285777,0.922997,28.5
7.81772e+08,-0.0198025,0.00280358,9.81,9.42166,-18.3092,7.92166,-7.68986,-5.11646,-9.45787,-4.11646,-9.60338,4.9752,4.9752,0.598853,0.58973,0.0278091,0.92291,28.5
7.81795e+08,-0.0192183,0.00553672,9.81,9.24787,-18.9667,7.74787,-7.966,-5.32512,-9.01013,-4.32512,-9.14875,4.96367,4.96367,0.597002,0.590339,0.0270158,0.922821,28.5
7.8182e+08,-0.0181108,0.00848531,9.81,9.04471,-19.69,7.54471,-8.2698,-5.54788,-8.47961,-4.54788,-8.61006,4.94806,4.94806,0.593539,0.591004,0.0261152,0.922721,28.5
5.39656e+08,0.672719,1.03129,9.8201,5.98123,0.0695372,5.94349,0.0686348,3.89752,-0.0754855,3.78196,-0.0769146,0.113687,0.112962,0.039,0.0382404,-0.00820478,4.1692,37.6182
5.39676e+08,0.663171,1.01925,9.83433,5.90382,0.115339,5.93429,0.115599,3.83736,-0.0449512,3.77679,-0.0461258,0.0831523,0.0850502,0.039,0.0386108,-0.00726517,4.16921,37.6329
5.39696e+08,0.644077,0.987942,9.79156,5.74915,0.191675,5.79564,0.189647,3.74447,-0.197623,3.78666,-0.196171,0.00681639,0.00899743,0.039,0.0386566,-0.00743751,4.1693,37.6094
5.39716e+08,0.648844,1.01925,9.8296,5.9072,0.100072,5.94171,0.0994738,3.75649,-0.151821,3.76534,-0.150952,0.113687,0.110275,0.039,0.0386535,-0.0074348,4.16939,37.6212
5.39736e+08,0.656008,1.01684,9.7821,5.92134,0.05427,5.87002,0.0528014,3.81613,-0.0754855,3.73754,-0.0752026,0.0373508,0.0414914,0.039,0.0386608,-0.0076091,4.16939,37.6124
7.81843e+08,-0.0167103,0.0109894,9.81,8.85315,-20.3318,7.35315,-8.53934,-5.73873,-7.97394,-4.73873,-8.09661,4.93143,4.93143,0.589854,0.591589,0.0252894,0.92263,28.5
7.81865e+08,-0.0150121,0.013215,9.81,8.66041,-20.9418,7.16041,-8.79554,-5.91341,-7.46114,-4.91341,-7.57592,4.91301,4.91301,0.586541,0.592143,0.0244786,0.92254,28.5
7.8189e+08,-0.012746,0.0154123,9.81,8.4363,-21.6099,6.9363,-9.07618,-6.09622,-6.86136,-5.09622,-6.96692,4.88962,4.88962,0.58398,0.592745,0.0235585,0.92244,28.5
7.81915e+08,-0.0102139,0.0171952,9.81,8.20971,-22.2445,6.70971,-9.3427,-6.26043,-6.25256,-5.26043,-6.34876,4.86401,4.86401,0.58332,0.593314,0.0226501,0.922341,28.5
5.39757e+08,0.667961,0.966266,9.74402,5.65005,0.115339,5.73995,0.115038,3.90246,-0.136554,3.86735,-0.13626,0.0526179,0.0572353,0.039,0.0386568,-0.00819348,4.16947,37.6388
5.39777e+08,0.653611,1.05056,9.79166,6.11042,0.222209,6.03088,0.220746,3.7972,-0.136554,3.80615,-0.136842,0.0526179,0.055299,0.039,0.0386467,-0.00856888,4.16972,37.6182
5.39797e+08,0.634519,1.00962,9.80585,5.86632,0.0390028,5.94065,0.0419112,3.68293,-0.121287,3.77136,-0.121011,0.0526179,0.0585932,0.039,0.0386431,-0.00867999,4.16978,37.6212
5.39817e+08,0.68704,1.05297,9.82724,6.10101,0.05427,6.04474,0.0545584,3.97645,-0.10602,3.94496,-0.106319,0.0220836,0.0255566,0.039,0.0386377,-0.00827611,4.16985,37.6182
5.39837e+08,0.679895,0.985534,9.82952,5.71194,0.0390028,5.87087,0.0393074,3.9371,-0.136554,3.83865,-0.134819,0.0526179,0.0545462,0.039,0.0386471,-0.00825929,4.16991,37.6153
7.8194e+08,-0.00740141,0.0185801,9.81,7.97375,-22.8651,6.47375,-9.60336,-6.41091,-5.61752,-5.41091,-5.70395,4.83541,4.83541,0.584791,0.593866,0.0217249,0.922241,28.5
7.81962e+08,-0.00478639,0.0194188,9.81,7.76186,-23.3902,6.26186,-9.82389,-6.5293,-5.04737,-5.5293,-5.12502,4.80816,4.80816,0.5877,0.594331,0.0209102,0.922154,28.5
7.81985e+08,-0.00186804,0.0199126,9.81,7.52816,-23.9364,6.02816,-10.0533,-6.64259,-4.41977,-5.64259,-4.48776,4.77649,4.77649,0.592043,0.594812,0.0200277,0.92206,28.5
7.82007e+08,0.000853228,0.0199818,9.81,7.30859,-24.4201,5.80859,-10.2565,-6.73339,-3.83211,-5.73339,-3.89107,4.7453,4.7453,0.596513,0.595237,0.0192122,0.921973,28.5
5.39857e+08,0.622581,1.00721,9.77499,5.87115,0.100072,5.87493,0.0998054,3.62517,-0.151821,3.65801,-0.150359,0.0220836,0.0275175,0.039,0.0386567,-0.00814652,4.16996,37.6065
5.39877e+08,0.639286,1.04334,9.7964,6.06639,0.0695372,6.0466,0.0698308,3.71273,-0.167089,3.67521,-0.165642,0.0678852,0.0679196,0.039,0.0386488,-0.00818111,4.17002,37.6182
5.39897e+08,0.677499,1.01443,9.82244,5.88257,0.0695372,5.93494,0.0706784,3.92489,-0.0449512,3.90422,-0.044093,0.0373508,0.0401002,0.038,0.0380435,-0.0105237,4.17007,37.6006
5.39917e+08,0.656013,0.997576,9.80344,5.79741,0.130606,5.79577,0.131142,3.80872,-0.0754855,3.81931,-0.0760894,0.0831523,0.0811018,0.038,0.0376802,-0.0113245,4.17012,37.58
5.39937e+08,0.653612,1.04574,9.79877,6.07825,0.0237356,6.0228,0.0251993,3.79469,-0.0754855,3.82874,-0.0769438,0.0831523,0.0839069,0.038,0.0376383,-0.011118,4.17017,37.6065
7.8203e+08,0.00380067,0.0196356,9.81,7.06427,-24.9269,5.56427,-10.4693,-6.81755,-3.18148,-5.81755,-3.23043,4.70902,4.70902,0.601106,0.595679,0.018319,0.921878,28.5
7.82056e+08,0.00683644,0.0187953,9.81,6.79955,-25.4408,5.29955,-10.6851,-6.88968,-2.48146,-5.88968,-2.51964,4.66796,4.66796,0.604783,0.596126,0.0173664,0.921778,28.5
7.82081e+08,0.0096994,0.0174906,9.81,6.52988,-25.9288,5.02988,-10.8901,-6.94383,-1.77471,-5.94383,-1.80202,4.62434,4.62434,0.606534,0.596548,0.0164107,0.921678,28.5
7.82106e+08,0.0123213,0.0157539,9.81,6.25534,-26.3909,4.75534,-11.0842,-6.97991,-1.06288,-5.97991,-1.07923,4.57816,4.57816,0.606075,0.596946,0.0154512,0.921577,28.5
5.39957e+08,0.65362,1.01684,9.77261,5.92712,0.05427,5.99751,0.0542536,3.80592,-0.0907526,3.8449,-0.0893237,0.0220836,0.0247431,0.039,0.0382233,-0.00946204,4.17021,37.6065
5.39977e+08,0.627355,1.01443,9.76313,5.91989,0.0237356,5.9514,0.0254527,3.657,-0.10602,3.7224,-0.104846,0.0220836,0.0268257,0.039,0.0386028,-0.00855084,4.17034,37.5682
5.39997e+08,0.644071,1.00962,9.7916,5.87439,0.145873,5.86075,0.143818,3.74358,-0.136554,3.73543,-0.136255,0.00681639,0.0141479,0.039,0.0386501,-0.00790893,4.17029,37.5888
5.40017e+08,0.627353,1.02166,9.81063,5.93321,0.0695372,5.88021,0.0695485,3.63924,-0.0754855,3.66353,-0.0751922,0.0984194,0.0997192,0.038,0.0380623,-0.00945083,4.17032,37.5888
5.40037e+08,0.620188,1.02407,9.832,5.93458,0.206942,5.91441,0.203722,3.58998,-0.167089,3.66917,-0.167094,0.0526179,0.050021,0.038,0.0376891,-0.0106507,4.17036,37.6271
7.82131e+08,0.0146375,0.0136288,9.81,5.97623,-26.8267,4.47623,-11.2672,-6.99785,-0.348171,-5.99785,-0.353527,4.52945,4.52945,0.603595,0.59732,0.0144885,0.921477,28.5
7.82156e+08,0.0165915,0.011168,9.81,5.69278,-27.2357,4.19278,-11.439,-6.9976,0.36734,-5.9976,0.372991,4.47824,4.47824,0.59972,0.597669,0.0135224,0.921377,28.5
7.82181e+08,0.0181364,0.00843033,9.81,5.40507,-27.618,3.90507,-11.5996,-6.97918,1.08202,-5.97918,1.09866,4.42451,4.42451,0.595371,0.597995,0.0125527,0.921277,28.5
7.82206e+08,0.0192344,0.00548058,9.81,5.11313,-27.9733,3.61313,-11.7488,-6.94257,1.79432,-5.94257,1.82192,4.36825,4.36825,0.591568,0.598297,0.0115786,0.921177,28.5
5.40057e+08,0.641675,1.03852,9.79402,6.03994,0.100072,5.98965,0.0998007,3.72765,-0.121287,3.82881,-0.122434,0.0678852,0.066412,0.038,0.037642,-0.0102818,4.17048,37.5594
5.40077e+08,0.687043,1.04093,9.73463,6.08843,-0.00679874,6.03332,-0.00506433,4.01427,-0.0449512,3.94144,-0.0452894,0.0678852,0.0686495,0.038,0.0376338,-0.0103173,4.17059,37.5829
5.40097e+08,0.670321,1.06742,9.82253,6.18774,0.130606,6.02532,0.128572,3.88121,-0.182356,3.76698,-0.180632,0.0831523,0.0831852,0.038,0.0376457,-0.00955937,4.17062,37.6212
7.82228e+08,0.0198068,0.00277347,9.81,4.85357,-28.2627,3.35357,-11.8703,-6.89548,2.41592,-5.89548,2.45309,4.31679,4.31679,0.5894,0.598542,0.0107201,0.921089,28.5
5.40117e+08,0.620188,1.02407,9.79877,5.95449,0.100072,5.95048,0.101489,3.602,-0.0602183,3.70674,-0.0625458,0.0678852,0.0674029,0.038,0.0376447,-0.00976149,4.17055,37.5976
5.40137e+08,0.641686,0.997576,9.77496,5.81467,0.115339,5.80881,0.114757,3.73649,-0.151821,3.76122,-0.150669,0.0831523,0.0850884,0.038,0.037654,-0.00971874,4.17058,37.6329
7.8225e+08,0.02,-2.23506e-05,9.81,4.58804,-28.5338,3.08804,-11.9842,-6.83367,3.03973,-5.83367,3.0865,4.26276,4.26276,0.588771,0.598771,0.00984842,0.920999,28.5
7.82275e+08,0.0197573,-0.00310621,9.81,4.2921,-28.8069,2.7921,-12.0989,-6.74912,3.71986,-5.74912,3.77709,4.20093,4.20093,0.590075,0.599001,0.00888387,0.920901,28.5
7.823e+08,0.0190251,-0.00616802,9.81,3.98815,-29.0565,2.48815,-12.2037,-6.64574,4.40082,-5.64574,4.46853,4.13568,4.13568,0.593317,0.599211,0.00790004,0.9208,28.5
7.8232e+08,0.0180873,-0.00853512,9.81,3.7406,-29.2373,2.2406,-12.2796,-6.5496,4.94167,-5.5496,5.0177,4.08123,4.08123,0.596907,0.599362,0.00710319,0.920719,28.5
5.40157e+08,0.627362,0.987942,9.72985,5.78585,-0.0220659,5.86117,-0.019999,3.67039,-0.0296841,3.70577,-0.031436,0.159488,0.153264,0.038,0.0376501,-0.00999688,4.1706,37.6065
5.40177e+08,0.639294,1.01443,9.76312,5.91943,0.0695372,5.94647,0.0701183,3.7264,-0.10602,3.7375,-0.103433,-0.00845075,-0.00494768,0.038,0.0376444,-0.0101834,4.17062,37.6182
5.40197e+08,0.694213,1.01925,9.79157,5.92801,0.0695372,5.90713,0.0709827,4.03371,-0.136554,3.86985,-0.136509,0.0373508,0.0374484,0.038,0.0376472,-0.0102881,4.17064,37.6182
5.40217e+08,0.644068,1.01925,9.79161,5.93004,0.16114,5.91331,0.161982,3.74319,-0.167089,3.80454,-0.167083,0.0526179,0.0526467,0.038,0.0376459,-0.0102123,4.17058,37.6153
5.40237e+08,0.653621,1.01203,9.77972,5.895,0.0695372,5.96965,0.0692545,3.80339,-0.182356,3.87726,-0.179148,0.0678852,0.0704754,0.038,0.0376329,-0.0105986,4.1706,37.6241
7.82345e+08,0.0165217,-0.0112708,9.81,3.43203,-29.4348,1.93203,-12.3626,-6.41527,5.59775,-5.41527,5.68387,4.01174,4.01174,0.601761,0.599528,0.00611477,0.920619,28.5
7.8237e+08,0.014546,-0.0137264,9.81,3.12156,-29.603,1.62156,-12.4332,-6.26444,6.23671,-5.26444,6.33266,3.94,3.94,0.606099,0.599669,0.00512491,0.920518,28.5
7.82396e+08,0.0122039,-0.0158451,9.81,2.80884,-29.7419,1.30884,-12.4916,-6.09721,6.8579,-5.09721,6.96341,3.86591,3.86591,0.609003,0.599785,0.00413175,0.920418,28.5
7.82417e+08,0.00998613,-0.0173285,9.81,2.54369,-29.8362,1.04369,-12.5312,-5.9438,7.36628,-4.9438,7.47961,3.80164,3.80164,0.609863,0.599863,0.00329213,0.920333,28.5
5.40257e+08,0.677497,1.02407,9.86282,5.91401,-0.0984018,5.86454,-0.0960462,3.90864,-0.0602183,3.90864,-0.0607724,0.0373508,0.0400103,0.038,0.0376409,-0.0103091,4.16961,37.6418
5.40277e+08,0.667947,1.01684,9.77972,5.92228,0.0695372,5.81947,0.0706839,3.8863,-0.151821,3.85079,-0.149794,0.0984194,0.0964601,0.038,0.0376532,-0.00984955,4.16968,37.58
5.40297e+08,0.682272,1.02648,9.81059,5.95881,0.100072,5.9286,0.100676,3.95667,-0.182356,3.87096,-0.182649,0.0220836,0.0229069,0.038,0.0376477,-0.00961278,4.16975,37.6065
5.40317e+08,0.646451,1.03852,9.74178,6.07176,0.00846851,6.00916,0.0105188,3.77517,-0.0144167,3.79786,-0.01444,0.0678852,0.0664989,0.038,0.0376446,-0.0099053,4.16982,37.5976
5.40337e+08,0.605871,0.99035,9.70138,5.8175,0.100072,5.81146,0.0986141,3.55517,-0.10602,3.64342,-0.104569,0.0220836,0.0320976,0.038,0.0376489,-0.0100333,4.16979,37.5947
7.82438e+08,0.00758874,-0.0185044,9.81,2.27759,-29.9092,0.77759,-12.5618,-5.77947,7.85896,-4.77947,7.97987,3.73579,3.73579,0.609122,0.599924,0.00245126,0.920248,28.5
7.82463e+08,0.00458906,-0.0194664,9.81,1.96287,-29.9678,0.462866,-12.5865,-5.57213,8.41818,-4.57213,8.54769,3.65616,3.65616,0.606374,0.599973,0.00145842,0.920147,28.5
7.82485e+08,0.00190708,-0.0199089,9.81,1.69099,-29.9945,0.190987,-12.5977,-5.38205,8.88006,-4.38205,9.01667,3.58582,3.58582,0.602821,0.599995,0.000601636,0.920061,28.5
7.8251e+08,-0.00124564,-0.0199612,9.81,1.37536,-29.9977,-0.124642,-12.599,-5.14909,9.3907,-4.14909,9.53517,3.50233,3.50233,0.598139,0.599998,-0.000392629,0.91996,28.5
7.82531e+08,-0.00383164,-0.0196295,9.81,1.11455,-29.9777,-0.385452,-12.5906,-4.94695,9.79122,-3.94695,9.94185,3.43184,3.43184,0.594515,0.599981,-0.0012144,0.919877,28.5
5.40357e+08,0.677499,1.01443,9.91266,5.82964,0.115339,5.77966,0.115903,3.88965,-0.136554,3.83152,-0.138282,0.0220836,0.0236515,0.038,0.0376529,-0.00970979,4.16901,37.6241
5.40377e+08,0.660791,0.99035,9.67047,5.83375,0.0848043,6.01299,0.0854136,3.88872,-0.21289,3.95593,-0.212874,0.113687,0.112933,0.038,0.0376304,-0.01033,4.16911,37.6035
5.40397e+08,0.68705,1.01684,9.79157,5.91441,-0.0526003,6.0068,-0.0534253,3.99232,0.0161176,3.89598,0.014943,0.0678852,0.0694545,0.038,0.0376308,-0.0101788,4.16921,37.5918
5.40417e+08,0.660788,0.999984,9.81531,5.80418,0.0848043,5.83919,0.083873,3.83169,-0.0602183,3.80954,-0.0596301,0.113687,0.111602,0.038,0.0376505,-0.00932856,4.16922,37.5829
5.40437e+08,0.610642,1.00721,9.7845,5.86595,0.176407,5.84534,0.178135,3.55242,-0.228157,3.60186,-0.228428,0.0678852,0.0665852,0.038,0.0376615,-0.00956889,4.16931,37.6035
7.82556e+08,-0.00686844,-0.0187836,9.81,0.799458,-29.9263,-0.700542,-12.569,-4.6915,10.2483,-3.6915,10.406,3.34482,3.34482,0.591256,0.599939,-0.00220806,0.919777,28.5
7.82578e+08,-0.00943858,-0.0176327,9.81,0.518627,-29.8552,-0.981373,-12.5392,-4.45381,10.6302,-3.45381,10.7937,3.26552,3.26552,0.589926,0.599879,-0.00309506,0.919687,28.5
7.82603e+08,-0.0120946,-0.0159286,9.81,0.20479,-29.7473,-1.29521,-12.4939,-4.17744,11.0274,-3.17744,11.1971,3.1749,3.1749,0.590493,0.599789,-0.00408853,0.919587,28.5
7.82627e+08,-0.0143219,-0.0139601,9.81,-0.0896108,-29.6185,-1.58961,-12.4398,-3.90826,11.3708,-2.90826,11.5457,3.08793,3.08793,0.592887,0.599682,-0.00502327,0.919492,28.5
5.40457e+08,0.639288,1.03611,9.82251,6.00886,0.115339,5.95582,0.114774,3.7033,-0.136554,3.65663,-0.138,0.144221,0.142701,0.038,0.0376564,-0.00939279,4.16838,37.5947
5.40478e+08,0.6369,1.03611,9.73704,6.06108,0.00846851,5.962,0.00962091,3.72144,0.0313847,3.68428,0.0302488,0.0373508,0.039492,0.038,0.0376551,-0.00964078,4.16852,37.6006
5.40498e+08,0.689442,0.999984,9.77255,5.82812,-0.00679874,5.86819,-0.00622853,4.01457,-0.0449512,3.9096,-0.0463963,0.0526179,0.0533173,0.038,0.0376468,-0.0100477,4.16864,37.6065
5.40518e+08,0.67271,1.06501,9.80828,6.18265,0.16114,6.0629,0.161129,3.90068,-0.243424,3.95759,-0.242538,0.159488,0.157799,0.038,0.0376289,-0.0107391,4.16868,37.6006
5.40538e+08,0.651238,0.995167,9.72746,5.82836,0.145873,5.99257,0.14559,3.81032,-0.151821,3.8684,-0.153246,0.0831523,0.0811347,0.038,0.0376233,-0.0112592,4.1688,37.6094
7.82652e+08,-0.0163164,-0.0115661,9.81,-0.396732,-29.4554,-1.89673,-12.3713,-3.61761,11.6976,-2.61761,11.8776,2.9951,2.9951,0.59679,0.599545,-0.00600201,0.919393,28.5
7.82674e+08,-0.0177903,-0.0091381,9.81,-0.675043,-29.2818,-2.17504,-12.2983,-3.34589,11.9652,-2.34589,12.1493,2.90906,2.90906,0.600867,0.5994,-0.00689276,0.919302,28.5
7.82698e+08,-0.0189482,-0.00640032,9.81,-0.964446,-29.0747,-2.46445,-12.2114,-3.0553,12.2135,-2.0553,12.4014,2.8176,2.8176,0.604819,0.599226,-0.00782357,0.919207,28.5
7.82724e+08,-0.0197243,-0.0033094,9.81,-1.27232,-28.8241,-2.77232,-12.1061,-2.73756,12.4429,-1.73756,12.6344,2.71797,2.71797,0.607797,0.599015,-0.00881967,0.919106,28.5
5.40558e+08,0.627348,1.03852,9.80828,6.03183,-0.0831345,5.95308,-0.0346842,3.63942,0.0161176,3.82162,-0.0302664,0.0831523,0.162015,0.038,0.0376288,-0.0114421,4.16823,37.6065
5.40579e+08,0.632136,0.992759,9.80345,5.77051,0.0390028,5.81645,0.037811,3.67066,-0.10602,3.71506,-0.104567,0.0678852,0.0691479,0.038,0.0376418,-0.0112059,4.16846,37.6065
5.40599e+08,0.658407,0.9759,9.82952,5.6573,0.16114,5.75875,0.161416,3.81341,-0.197623,3.79856,-0.197036,0.0220836,0.0235708,0.038,0.0376466,-0.01121,4.16859,37.6094
5.40619e+08,0.639289,1.03129,9.82013,5.98256,0.130606,6.00442,0.130922,3.70438,-0.136554,3.74403,-0.137148,0.144221,0.138608,0.038,0.0376357,-0.0108996,4.1688,37.5741
5.40639e+08,0.675101,1.05056,9.77264,6.12127,0.05427,6.07273,0.0531124,3.92919,-0.0907526,3.87543,-0.088154,0.0373508,0.0372605,0.038,0.0376319,-0.0104233,4.16891,37.63
7.82744e+08,-0.0199842,-0.000793986,9.81,-1.51454,-28.6044,-3.01454,-12.0139,-2.48162,12.5974,-1.48162,12.7912,2.63784,2.63784,0.608759,0.59883,-0.0096082,0.919025,28.5
5.40659e+08,0.646444,1.06019,9.79168,6.16631,0.0237356,6.08442,0.0249158,3.75529,-0.0754855,3.82274,-0.0748929,0.0373508,0.0379844,0.038,0.037627,-0.010844,4.168,37.6212
7.82769e+08,-0.0198603,0.00235973,9.81,-1.81423,-28.3045,-3.31423,-11.8879,-2.15805,12.7556,-1.15805,12.9518,2.53646,2.53646,0.607954,0.598577,-0.0105905,0.918925,28.5
7.82794e+08,-0.0192393,0.00546361,9.81,-2.11148,-27.9753,-3.61148,-11.7496,-1.82998,12.875,-0.829981,13.0731,2.43335,2.43335,0.605046,0.598298,-0.0115731,0.918824,28.5
7.82814e+08,-0.018388,0.00786654,9.81,-2.34816,-27.6898,-3.84816,-11.6297,-1.56396,12.9424,-0.563963,13.1416,2.34934,2.34934,0.60156,0.598056,-0.012362,0.918743,28.5
5.40679e+08,0.675111,1.01443,9.74409,5.9294,0.115339,5.95043,0.115039,3.94212,-0.121287,3.88225,-0.121275,-0.00845075,-0.00557187,0.039,0.0382265,-0.00946973,4.16816,37.6065
7.82839e+08,-0.0169314,0.0106456,9.81,-2.63612,-27.3136,-4.13612,-11.4717,-1.23495,12.99,-0.234947,13.1899,2.24473,2.24473,0.596607,0.597736,-0.0133306,0.918643,28.5
5.40699e+08,0.653624,1.00239,9.77496,5.84209,0.115339,5.88708,0.116762,3.80562,-0.136554,3.77143,-0.136847,0.0678852,0.069332,0.039,0.0386068,-0.00822869,4.1683,37.6271
5.40719e+08,0.627352,1.02407,9.79638,5.95565,0.115339,5.98289,0.114203,3.64436,-0.182356,3.71268,-0.182056,0.0831523,0.0837226,0.039,0.0386436,-0.00831299,4.16844,37.5976
5.40739e+08,0.620188,1.02407,9.79402,5.95734,-0.037333,5.9267,-0.0358804,3.60372,-0.10602,3.65585,-0.104552,0.0373508,0.0408027,0.039,0.0386545,-0.0085183,4.16857,37.6094
5.40759e+08,0.60826,0.985534,9.86044,5.6969,0.115339,5.80199,0.115021,3.51247,-0.136554,3.65907,-0.136233,0.0526179,0.0506585,0.039,0.0386537,-0.0084609,4.16878,37.6094
7.82864e+08,-0.0150477,0.0131745,9.81,-2.92141,-26.9084,-4.42141,-11.3015,-0.903561,12.9983,0.0964393,13.1983,2.13833,2.13833,0.591854,0.59739,-0.0143007,0.918542,28.5
7.82888e+08,-0.0129777,0.0152178,9.81,-3.18061,-26.5109,-4.68061,-11.1346,-0.59819,12.9708,0.40181,13.1704,2.03915,2.03915,0.588511,0.597049,-0.0151923,0.91845,28.5
7.8291e+08,-0.0107653,0.0168555,9.81,-3.42224,-26.1141,-4.92224,-10.9679,-0.310166,12.9138,0.689834,13.1125,1.9444,1.9444,0.586798,0.596708,-0.0160329,0.918362,28.5
7.82934e+08,-0.00804537,0.0183104,9.81,-3.68863,-25.6457,-5.18863,-10.7712,0.0107268,12.8142,1.01073,13.0114,1.83722,1.83722,0.586839,0.596303,-0.0169716,0.918264,28.5
5.40779e+08,0.651224,1.04574,9.77028,6.09586,0.16114,6.06015,0.163145,3.79173,-0.228157,3.80938,-0.227548,-0.00845075,-0.00434306,0.039,0.038645,-0.00831478,4.16897,37.6006
5.40799e+08,0.670329,1.03852,9.72989,6.07809,0.00846851,6.12395,0.00907315,3.91891,-0.182356,3.9505,-0.181774,0.0220836,0.0249258,0.038,0.0380311,-0.0110681,4.16925,37.6212
5.40819e+08,0.675113,1.00962,9.80107,5.86754,-0.0220659,5.80957,-0.0232507,3.91972,-0.0296841,3.90319,-0.0291025,0.0526179,0.0575142,0.038,0.037674,-0.0119186,4.16934,37.6329
5.40839e+08,0.653617,1.02648,9.78924,5.97282,0.206942,5.90556,0.206022,3.79914,-0.182356,3.82129,-0.180887,0.0831523,0.0802883,0.038,0.037636,-0.0118621,4.16942,37.6124
5.40859e+08,0.639289,1.03129,9.7584,6.01997,0.176407,5.97011,0.17521,3.72749,-0.182356,3.70071,-0.182051,0.0220836,0.0229347,0.039,0.0382315,-0.0100324,4.1695,37.5829
7.82958e+08,-0.00516829,0.0193207,9.81,-3.94709,-25.1587,-5.44709,-10.5667,0.325043,12.679,1.32504,12.8741,1.73029,1.73029,0.588819,0.595881,-0.0178955,0.918166,28.5
7.82982e+08,-0.0022514,0.0198729,9.81,-4.19384,-24.6621,-5.69384,-10.3581,0.627411,12.5127,1.62741,12.7052,1.62533,1.62533,0.592128,0.595448,-0.0187909,0.918072,28.5
7.83007e+08,0.00089618,0.0199799,9.81,-4.45014,-24.1115,-5.95014,-10.1268,0.943393,12.2992,1.94339,12.4884,1.51308,1.51308,0.596307,0.594966,-0.0197364,0.917971,28.5
7.83031e+08,0.00388282,0.0196195,9.81,-4.68942,-23.5631,-6.18942,-9.8965,1.23968,12.0603,2.23968,12.2459,1.40508,1.40508,0.600015,0.594484,-0.0206349,0.917876,28.5
5.40879e+08,0.639287,1.03852,9.79402,6.04004,0.0390028,5.95573,0.0392806,3.71382,-0.136554,3.72449,-0.13569,0.0678852,0.0699685,0.039,0.0386031,-0.00900777,4.16975,37.5653
5.40899e+08,0.601096,0.985534,9.76548,5.75197,0.0390028,5.84718,0.03841,3.50454,-0.0754855,3.622,-0.0766324,0.00681639,0.00938093,0.039,0.0386447,-0.00888726,4.16981,37.6124
5.40919e+08,0.687054,1.00239,9.72982,5.86751,-0.00679874,5.86402,-0.00622239,4.01794,-0.0296841,3.90055,-0.0299721,-0.00845075,-0.00741271,0.038,0.0382832,-0.0102706,4.16988,37.6065
5.40939e+08,0.718087,1.0337,9.90079,5.94493,0.145873,5.92842,0.144981,4.12595,-0.167089,3.97603,-0.166755,-0.00845075,-0.00644166,0.038,0.0376951,-0.01126,4.16993,37.5947
5.40959e+08,0.644061,1.04334,9.77266,6.08076,0.100072,6.02822,0.100366,3.74935,-0.258692,3.81756,-0.255534,0.159488,0.159239,0.038,0.0376369,-0.0109877,4.16999,37.6124
7.83056e+08,0.00688293,0.0187783,9.81,-4.93134,-22.9726,-6.43134,-9.64849,1.54002,11.7776,2.54002,11.9588,1.29246,1.29246,0.602656,0.593962,-0.0215607,0.917776,28.5
7.83078e+08,0.0094287,0.017638,9.81,-5.14259,-22.4251,-6.64259,-9.41853,1.80245,11.4948,2.80245,11.6717,1.19105,1.19105,0.603427,0.593475,-0.0223848,0.917687,28.5
7.831e+08,0.0117404,0.0161914,9.81,-5.3441,-21.8729,-6.8441,-9.18663,2.05254,11.1918,3.05254,11.364,1.09141,1.09141,0.6025,0.592981,-0.0231863,0.917601,28.5
7.83122e+08,0.0138315,0.0144461,9.81,-5.54027,-21.3052,-7.04027,-8.94819,2.29538,10.8637,3.29538,11.0309,0.991433,0.991433,0.599988,0.592471,-0.0239825,0.917514,28.5
7.83145e+08,0.0158366,0.0122149,9.81,-5.7503,-20.6615,-7.2503,-8.67784,2.55417,10.4737,3.55417,10.6349,0.880829,0.880829,0.595785,0.591889,-0.0248544,0.917418,28.5
5.40979e+08,0.665553,1.03852,9.76313,6.05785,-0.0220659,6.03471,-0.0208959,3.87801,0.0771863,3.73132,0.0753847,-0.0389851,-0.0366458,0.039,0.0380004,-0.00958729,4.17004,37.6212
5.40999e+08,0.605867,1.0048,9.75601,5.8691,0.115339,5.8014,0.114136,3.53496,-0.136554,3.59213,-0.13652,0.0831523,0.0778077,0.039,0.0385989,-0.00752853,4.17009,37.6006
5.41019e+08,0.615414,1.01925,9.77977,5.93825,0.206942,5.89094,0.205772,3.58137,-0.167089,3.67066,-0.168252,0.0526179,0.0526524,0.039,0.038658,-0.00745285,4.17014,37.5976
5.41039e+08,0.627349,1.0337,9.83676,5.98687,-0.0831345,6.0131,-0.0798868,3.62922,0.000850439,3.6399,-5.89886e-05,0.0373508,0.039401,0.039,0.0386545,-0.00753141,4.17019,37.6241
5.41059e+08,0.691824,1.02407,9.77259,5.96736,0.0848043,6.01619,0.0836233,4.02736,-0.0449512,4.03014,-0.0463968,0.0831523,0.0857082,0.039,0.038637,-0.00787395,4.17023,37.6124
7.83171e+08,0.0175593,0.00957457,9.81,-5.964,-19.9649,-7.464,-8.38526,2.81559,10.0327,3.81559,10.187,0.764098,0.764098,0.590524,0.591255,-0.0257647,0.917318,28.5
7.83193e+08,0.0187098,0.00706693,9.81,-6.14489,-19.3391,-7.64489,-8.12242,3.0348,9.62165,4.0348,9.76968,0.661613,0.661613,0.585999,0.590682,-0.026556,0.91723,28.5
7.83216e+08,0.019539,0.00426935,9.81,-6.32987,-18.6611,-7.82987,-7.83768,3.25639,9.16249,4.25639,9.30346,0.552908,0.552908,0.582068,0.590057,-0.0273873,0.917137,28.5
7.8324e+08,0.0199587,0.00128529,9.81,-6.5139,-17.9443,-8.0139,-7.53659,3.47358,8.66317,4.47358,8.79645,0.440359,0.440359,0.579576,0.589391,-0.0282398,0.917041,28.5
5.41079e+08,0.710917,1.05779,9.76787,6.16443,0.115339,6.13772,0.115937,4.1386,-0.0602183,4.09694,-0.0610993,0.0678852,0.0699328,0.039,0.0386274,-0.00815676,4.17027,37.6006
5.41099e+08,0.677489,1.05056,9.77502,6.1197,0.0390028,6.05841,0.0398618,3.9421,-0.0602183,3.9376,-0.0602238,0.0984194,0.0963988,0.038,0.0382728,-0.00912385,4.17031,37.6065
5.41119e+08,0.656003,1.0337,9.7845,6.01734,0.16114,6.00035,0.160559,3.8145,-0.228157,3.80156,-0.225847,0.0831523,0.0838462,0.038,0.0377008,-0.0109498,4.17035,37.5771
5.41139e+08,0.67034,0.997576,9.73457,5.83738,0.0390028,5.81261,0.0430925,3.91881,-0.0449512,3.75242,-0.0473113,0.190022,0.185774,0.038,0.0376588,-0.010729,4.17038,37.6035
5.41159e+08,0.610647,0.987942,9.81533,5.73661,-0.128936,5.73962,-0.1281,3.54214,0.000850439,3.55085,1.98941e-05,0.0526179,0.0547355,0.038,0.0376629,-0.0101185,4.1705,37.6124
7.83263e+08,0.0199324,-0.00164244,9.81,-6.68572,-17.2321,-8.18572,-7.23749,3.67266,8.15492,4.67266,8.28038,0.330796,0.330796,0.579027,0.588724,-0.0290619,0.916948,28.5
7.83283e+08,0.0195626,-0.0041599,9.81,-6.82931,-16.6013,-8.32931,-6.97255,3.83568,7.69586,4.83568,7.81426,0.235468,0.235468,0.580041,0.58813,-0.0297712,0.916867,28.5
7.83308e+08,0.0186668,-0.00717976,9.81,-6.99963,-15.8053,-8.49963,-6.63822,4.02421,7.1063,5.02421,7.21562,0.117301,0.117301,0.582852,0.587374,-0.0306428,0.916766,28.5
7.83331e+08,0.0174807,-0.00971724,9.81,-7.14396,-15.0844,-8.64396,-6.33543,4.17901,6.56392,5.17901,6.66491,0.0121872,0.0121872,0.586196,0.586684,-0.0314113,0.916677,28.5
5.41179e+08,0.624965,1.02166,9.80825,5.93472,0.283278,5.86811,0.281171,3.62629,-0.243424,3.59993,-0.241369,-0.0237179,-0.0235538,0.038,0.0376585,-0.0101743,4.16968,37.6212
5.41199e+08,0.6178,1.02648,9.73467,6.00734,0.16114,5.97776,0.160322,3.61138,-0.197623,3.7305,-0.198211,0.0831523,0.0837525,0.038,0.0376425,-0.0103365,4.16975,37.6035
5.41219e+08,0.68466,1.02407,9.81533,5.94199,-0.0526003,5.98284,-0.0522844,3.96868,0.0313847,4.02166,0.0319601,0.0373508,0.0392609,0.038,0.0376255,-0.0104264,4.16982,37.5829
7.83355e+08,0.0157797,-0.0122882,9.81,-7.29498,-14.2771,-8.79498,-5.99638,4.33497,5.94869,5.33497,6.04021,-0.103522,-0.103522,0.589928,0.585904,-0.0322501,0.916579,28.5
5.41239e+08,0.667951,1.00239,9.7607,5.84995,0.05427,5.85561,0.0533723,3.89438,-0.151821,3.92446,-0.1515,-0.0237179,-0.0190302,0.038,0.0376331,-0.0107432,4.16988,37.5888
5.41259e+08,0.629744,1.00962,9.74413,5.90325,0.115339,5.97762,0.114796,3.67813,-0.10602,3.68461,-0.107239,0.0526179,0.0528337,0.038,0.0376368,-0.0108433,4.16994,37.6271
7.83379e+08,0.0138149,-0.0144619,9.81,-7.43074,-13.4973,-8.93074,-5.66885,4.4688,5.34787,5.4688,5.43015,-0.213443,-0.213443,0.592684,0.585144,-0.0330402,0.916485,28.5
7.83402e+08,0.0115943,-0.0162964,9.81,-7.55672,-12.7194,-9.05672,-5.34214,4.58631,4.74354,5.58631,4.81652,-0.321393,-0.321393,0.593978,0.584379,-0.0338099,0.916394,28.5
7.83426e+08,0.00896736,-0.017877,9.81,-7.68254,-11.8797,-9.18254,-4.98949,4.69577,4.087,5.69577,4.14987,-0.436139,-0.436139,0.593392,0.583546,-0.0346216,0.916296,28.5
7.83449e+08,0.00630319,-0.0189808,9.81,-7.793,-11.0798,-9.293,-4.65351,4.78375,3.45871,5.78375,3.51193,-0.543852,-0.543852,0.590947,0.582744,-0.0353776,0.916204,28.5
5.41279e+08,0.64407,1.01203,9.81297,5.87563,-0.0831345,5.8626,0.00878976,3.73544,0.0313847,3.53323,0.0442852,0.0984194,0.15583,0.038,0.0376463,-0.0106499,4.16906,37.6153
5.413e+08,0.622585,0.992759,9.75835,5.79725,0.16114,5.79924,0.158795,3.63184,-0.10602,3.62674,-0.106595,0.144221,0.144762,0.038,0.0376593,-0.0102767,4.16916,37.5976
5.4132e+08,0.656003,1.03611,9.74652,6.05448,0.0695372,5.92557,0.070984,3.82905,-0.243424,3.75338,-0.241108,-0.00845075,-0.00369684,0.038,0.0376576,-0.00995374,4.16934,37.6182
5.4134e+08,0.670325,1.05297,9.80114,6.11777,0.145873,6.06333,0.145868,3.89019,-0.151821,3.8303,-0.151788,0.113687,0.1135,0.038,0.0376386,-0.0104069,4.16943,37.6124
5.4136e+08,0.689431,1.04093,9.8201,6.03599,0.130606,6.08244,0.128866,3.99362,-0.121287,3.99521,-0.120999,0.0678852,0.0678564,0.038,0.0376235,-0.0108257,4.16951,37.5888
7.83477e+08,0.00285807,-0.0197947,9.81,-7.91804,-10.0848,-9.41804,-4.23563,4.87158,2.67523,5.87158,2.71639,-0.675778,-0.675778,0.585907,0.581736,-0.0362958,0.916091,28.5
7.83498e+08,0.000194531,-0.0199991,9.81,-8.00454,-9.326,-9.50454,-3.91692,4.9229,2.07735,5.9229,2.10931,-0.774966,-0.774966,0.581251,0.580959,-0.0369809,0.916006,28.5
7.8352e+08,-0.00250194,-0.0198429,9.81,-8.08508,-8.55195,-9.58508,-3.59182,4.96161,1.46821,5.96161,1.4908,-0.874939,-0.874939,0.576484,0.580158,-0.0376668,0.91592,28.5
7.83545e+08,-0.00559404,-0.0192017,9.81,-8.17039,-7.63883,-9.67039,-3.20831,4.98996,0.751764,5.98996,0.76333,-0.991397,-0.991397,0.571687,0.579203,-0.0384603,0.91582,28.5
5.4138e+08,0.672708,1.06983,9.77742,6.22975,-0.0984018,6.12807,-0.0966498,3.91259,0.0313847,3.81886,0.0298996,0.0984194,0.0982929,0.038,0.0376265,-0.0111877,4.1684,37.5771
5.414e+08,0.639306,0.971083,9.80104,5.64646,0.0695372,5.75163,0.0677686,3.71389,-0.0754855,3.773,-0.0769366,0.0526179,0.0514446,0.037,0.0372729,-0.0125373,4.16853,37.58
5.4142e+08,0.62974,1.02407,9.81775,5.94274,0.206942,5.88332,0.205772,3.65034,-0.167089,3.65584,-0.169105,0.0678852,0.0692714,0.037,0.0367059,-0.013469,4.16866,37.5976
5.4144e+08,0.601096,0.985534,9.82721,5.71622,0.115339,5.78791,0.114486,3.4828,-0.10602,3.52988,-0.108917,0.128954,0.129458,0.037,0.0366536,-0.0132492,4.16878,37.6065
5.4146e+08,0.601094,0.992759,9.82722,5.75784,0.0848043,5.81667,0.0839616,3.48253,-0.0449512,3.48578,-0.0444035,0.0373508,0.0413962,0.04,0.0377373,-0.00963679,4.16889,37.6124
7.8357e+08,-0.00854685,-0.0180818,9.81,-8.24604,-6.71802,-9.74604,-2.82157,4.99998,0.0329769,5.99998,0.0334842,-1.1073,-1.1073,0.56853,0.578228,-0.0392441,0.915719,28.5
7.83595e+08,-0.0112306,-0.0165491,9.81,-8.31065,-5.81041,-9.81065,-2.44037,4.99201,-0.670542,5.99201,-0.680858,-1.22013,-1.22013,0.567492,0.577255,-0.0400018,0.91562,28.5
7.83618e+08,-0.0135331,-0.014726,9.81,-8.36333,-4.94286,-9.86333,-2.076,4.96817,-1.33721,5.96817,-1.35778,-1.32672,-1.32672,0.568407,0.576314,-0.0407128,0.915527,28.5
7.8364e+08,-0.0154351,-0.0127183,9.81,-8.40515,-4.1221,-9.90515,-1.73128,4.93129,-1.96172,5.93129,-1.9919,-1.4265,-1.4265,0.570646,0.575412,-0.0413742,0.915439,28.5
5.4148e+08,0.646453,1.02889,9.77976,5.99276,-0.0220659,5.98463,-0.0217555,3.76112,-0.0754855,3.78584,-0.0746266,0.0984194,0.0997479,0.04,0.0394603,-0.0048014,4.16799,37.6212
5.415e+08,0.665559,1.01925,9.81534,5.91502,0.0390028,5.96245,0.0407473,3.85849,-0.10602,3.8905,-0.107448,0.00681639,0.00965547,0.04,0.0396383,-0.00469717,4.16814,37.6006
5.4152e+08,0.675113,1.00962,9.76071,5.89152,0.176407,5.93105,0.176118,3.93571,-0.289226,4.00584,-0.287763,0.128954,0.128731,0.038,0.0389271,-0.00700141,4.16829,37.6506
5.4154e+08,0.648835,1.05056,9.72756,6.1504,-0.0220659,6.14649,-0.0211728,3.79402,-0.136554,3.79064,-0.137164,0.0220836,0.0246835,0.038,0.037761,-0.0109576,4.16842,37.6212
5.4156e+08,0.675123,0.971083,9.76064,5.66818,0.00846851,5.7838,0.00788054,3.93735,-0.0602183,3.80103,-0.0593428,0.144221,0.138721,0.038,0.0376531,-0.0113723,4.16839,37.6241
7.83664e+08,-0.0171292,-0.0103243,9.81,-8.44121,-3.24819,-9.94121,-1.36424,4.87698,-2.61899,5.87698,-2.65928,-1.53165,-1.53165,0.573876,0.57444,-0.042067,0.915345,28.5
5.4158e+08,0.601092,1.00239,9.72277,5.87511,0.100072,5.90392,0.100647,3.51909,-0.21289,3.62038,-0.212591,0.0831523,0.0825616,0.038,0.037645,-0.0111948,4.16742,37.6329
7.83684e+08,-0.0183178,-0.00802856,9.81,-8.46589,-2.47563,-9.96589,-1.03977,4.81625,-3.1926,5.81625,-3.24172,-1.6237,-1.6237,0.576826,0.57357,-0.0426701,0.915263,28.5
7.83705e+08,-0.0192006,-0.00559781,9.81,-8.48391,-1.70117,-9.98391,-0.71449,4.74358,-3.75985,5.74358,-3.81769,-1.71518,-1.71518,0.57928,0.572688,-0.0432662,0.915181,28.5
7.83726e+08,-0.019772,-0.00301146,9.81,-8.49543,-0.90675,-9.99543,-0.380835,4.65693,-4.33285,5.65693,-4.39951,-1.8082,-1.8082,0.580761,0.571771,-0.0438693,0.915096,28.5
7.83747e+08,-0.0199971,-0.000343181,9.81,-8.49994,-0.102959,-9.99994,-0.0432429,4.55697,-4.90266,5.55697,-4.97809,-1.90152,-1.90152,0.580819,0.570832,-0.0444712,0.915011,28.5
5.416e+08,0.653625,0.997576,9.77258,5.81561,-0.00679874,5.83481,-0.00499235,3.80673,-0.0449512,3.80792,-0.0455669,0.174755,0.17124,0.038,0.0376413,-0.0109959,4.1676,37.6094
5.4162e+08,0.675112,1.01203,9.7251,5.92684,0.0848043,5.93993,0.0839006,3.94982,-0.0754855,3.90944,-0.0763492,0.0373508,0.0388034,0.038,0.0376345,-0.0114999,4.16761,37.6241
5.4164e+08,0.670321,1.06742,9.82966,6.18332,0.191675,6.07806,0.192843,3.87844,-0.228157,3.88139,-0.227586,0.0526179,0.0520187,0.038,0.0376274,-0.0114827,4.16778,37.6212
5.4166e+08,0.620183,1.04334,9.7798,6.07732,0.115339,6.0984,0.116243,3.60811,-0.121287,3.69162,-0.1213,0.113687,0.112242,0.038,0.0376231,-0.0117145,4.16794,37.6094
5.4168e+08,0.613032,0.997576,9.83672,5.77963,-0.0831345,5.95122,-0.0819883,3.54796,0.0466518,3.65194,0.0472102,0.128954,0.122971,0.038,0.0376293,-0.0112873,4.16801,37.5947
7.83772e+08,-0.0198035,0.002797,9.81,-8.49606,0.841748,-9.99606,0.353534,4.42388,-5.55846,5.42388,-5.64398,-2.01021,-2.01021,0.578839,0.569712,-0.0451684,0.914911,28.5
7.83794e+08,-0.0192517,0.00541947,9.81,-8.48494,1.6456,-9.98494,0.691152,4.29755,-6.10369,5.29755,-6.19759,-2.10188,-2.10188,0.575543,0.568744,-0.0457532,0.914825,28.5
7.83815e+08,-0.0183347,0.00798988,9.81,-8.46624,2.46301,-9.96624,1.03446,4.15691,-6.64511,5.15691,-6.74734,-2.19436,-2.19436,0.571061,0.567746,-0.0463404,0.914738,28.5
7.83839e+08,-0.0169548,0.0106083,9.81,-8.43755,3.34756,-9.93755,1.40598,3.99104,-7.21519,4.99104,-7.3262,-2.29364,-2.29364,0.565586,0.566649,-0.0469674,0.914644,28.5
5.417e+08,0.624967,1.01203,9.71802,5.93313,0.176407,5.8592,0.176069,3.6599,-0.121287,3.74637,-0.12214,0.0220836,0.0242867,0.038,0.0376439,-0.0111654,4.16825,37.6476
7.83864e+08,-0.0150759,0.0131421,9.81,-8.39737,4.28712,-9.89737,1.80059,3.7995,-7.80145,4.7995,-7.92147,-2.3982,-2.3982,0.559982,0.565464,-0.0476245,0.914544,28.5
5.4172e+08,0.660774,1.05056,9.78453,6.11453,0.313812,6.04158,0.315839,3.84145,-0.273959,3.82766,-0.274878,0.0220836,0.0202518,0.038,0.0376299,-0.0114244,4.16839,37.5829
5.4174e+08,0.639297,1.00239,9.70849,5.8822,-0.113669,6.04885,-0.111833,3.74758,0.107721,3.74038,0.104173,0.0831523,0.0865344,0.038,0.0376193,-0.0120228,4.16852,37.6153
5.4176e+08,0.644083,0.966266,9.81527,5.61039,-0.220539,5.7165,-0.219659,3.73638,0.138255,3.80574,0.139994,0.174755,0.165368,0.038,0.0376362,-0.011752,4.16865,37.6212
5.4178e+08,0.598719,0.949407,9.80579,5.51999,0.283278,5.59726,0.283474,3.47779,-0.31976,3.60344,-0.316512,0.0831523,0.0844456,0.038,0.0376541,-0.0114855,4.16877,37.6065
7.83886e+08,-0.0130921,0.0151194,9.81,-8.35342,5.11765,-9.85342,2.14941,3.61716,-8.30198,4.61716,-8.42971,-2.48991,-2.48991,0.55598,0.564398,-0.0481979,0.914454,28.5
7.8391e+08,-0.0106844,0.0169069,9.81,-8.29779,6.00249,-9.79779,2.52104,3.40962,-8.81577,4.40962,-8.9514,-2.58688,-2.58688,0.553314,0.563242,-0.0488013,0.914359,28.5
7.83932e+08,-0.00831279,0.0181906,9.81,-8.24023,6.79346,-9.74023,2.85325,3.21261,-9.257,4.21261,-9.39941,-2.67295,-2.67295,0.552594,0.562191,-0.0493344,0.914273,28.5
7.83952e+08,-0.00591191,0.0191063,9.81,-8.17879,7.54249,-9.67879,3.16785,3.01616,-9.6582,4.01616,-9.80679,-2.75393,-2.75393,0.553345,0.561179,-0.0498341,0.914191,28.5
5.418e+08,0.632122,1.04334,9.7513,6.0944,0.344346,5.96212,0.343227,3.68798,-0.396096,3.64169,-0.397564,0.00681639,0.0102657,0.038,0.0376507,-0.0111395,4.16888,37.5976
5.4182e+08,0.641682,1.01443,9.81298,5.8896,-0.037333,6.05203,-0.0367169,3.72153,0.0924535,3.71621,0.0903627,0.0526179,0.0545773,0.038,0.037634,-0.0106494,4.16908,37.6124
7.83975e+08,-0.00310511,0.0197575,9.81,-8.10227,8.37661,-9.60227,3.51818,2.78617,-10.0849,3.78617,-10.24,-2.84355,-2.84355,0.555525,0.560032,-0.0503846,0.914099,28.5
7.83999e+08,-7.71483e-05,0.0199999,9.81,-8.01295,9.2485,-9.51295,3.88437,2.53326,-10.5069,3.53326,-10.6685,-2.93659,-2.93659,0.558694,0.55881,-0.0509538,0.914002,28.5
7.8402e+08,0.0025039,0.0198426,9.81,-7.93,9.9838,-9.43,4.19319,2.31012,-10.8427,3.31012,-11.0095,-3.01456,-3.01456,0.561436,0.557758,-0.0514289,0.91392,28.5
7.84042e+08,0.00527405,0.0192921,9.81,-7.83217,10.7794,-9.33217,4.52734,2.05862,-11.184,3.05862,-11.3561,-3.09845,-3.09845,0.563776,0.556599,-0.051938,0.91383,28.5
5.41983e+08,0.725245,1.05297,9.79872,6.11685,0.0848043,6.01403,0.0853641,4.20885,-0.182356,4.03437,-0.181734,0.0373508,0.0381944,0.039,0.0386298,-0.00882546,4.16843,37.6035
7.84068e+08,0.00823977,0.0182238,9.81,-7.71416,11.6573,-9.21416,4.89607,1.76906,-11.5328,2.76906,-11.7102,-3.19045,-3.19045,0.564854,0.555291,-0.0524941,0.91373,28.5
5.42004e+08,0.672714,1.04815,9.79163,6.09574,0.115339,6.13455,0.116497,3.90796,-0.10602,3.96562,-0.1072,0.0678852,0.0747245,0.038,0.0382565,-0.0103405,4.16856,37.5594
7.84093e+08,0.0110007,0.0167028,9.81,-7.58699,12.5236,-9.08699,5.25991,1.47106,-11.8463,2.47106,-12.0286,-3.28065,-3.28065,0.563815,0.55397,-0.0530371,0.913629,28.5
7.84118e+08,0.0134876,0.0147676,9.81,-7.4508,13.3771,-8.9508,5.6184,1.16563,-12.1237,2.16563,-12.3102,-3.36899,-3.36899,0.560599,0.552635,-0.0535668,0.913529,28.5
7.84143e+08,0.0156401,0.0124654,9.81,-7.30569,14.2175,-8.80569,5.97137,0.85354,-12.3641,1.85354,-12.5543,-3.45547,-3.45547,0.555619,0.551288,-0.0540832,0.913428,28.5
7.84166e+08,0.0172979,0.0100391,9.81,-7.16251,14.9883,-8.66251,6.29507,0.557498,-12.5544,1.5575,-12.7475,-3.53434,-3.53434,0.550087,0.55002,-0.0545525,0.913335,28.5
7.84191e+08,0.0186601,0.00719737,9.81,-7.00062,15.8005,-8.50062,6.6362,0.235405,-12.7214,1.23541,-12.9172,-3.61702,-3.61702,0.544151,0.548648,-0.0550427,0.913234,28.5
5.42105e+08,0.629741,1.01925,9.83911,5.90229,-0.128936,5.91518,-0.129472,3.64272,0.0161176,3.63129,0.0152028,0.0831523,0.0822811,0.038,0.0376393,-0.0113741,4.1692,37.6035
5.42125e+08,0.696603,1.01203,9.77731,5.89467,0.05427,5.8999,0.0542139,4.05367,-0.151821,4.03558,-0.149189,0.113687,0.111659,0.038,0.0376284,-0.0120978,4.1693,37.6182
7.84212e+08,0.0194427,0.00468847,9.81,-6.85918,16.4656,-8.35918,6.91557,-0.0360433,-12.8311,0.963957,-13.0285,-3.6844,-3.6844,0.53991,0.547494,-0.055441,0.913151,28.5
5.42146e+08,0.610638,1.02166,9.78215,5.95092,0.222209,5.94736,0.222226,3.5527,-0.243424,3.72054,-0.245441,0.0220836,0.027578,0.038,0.0376312,-0.0114411,4.16938,37.5947
7.84234e+08,0.0199033,0.00196398,9.81,-6.70422,17.1527,-8.20422,7.20415,-0.323651,-12.9171,0.676349,-13.1159,-3.75371,-3.75371,0.536705,0.546273,-0.0558494,0.913063,28.5
7.84259e+08,0.0199648,-0.0011867,9.81,-6.51981,17.9205,-8.01981,7.52661,-0.65363,-12.9783,0.34637,-13.178,-3.8308,-3.8308,0.535027,0.544869,-0.0563022,0.912962,28.5
7.84282e+08,0.0195939,-0.00401009,9.81,-6.34633,18.5988,-7.84633,7.81151,-0.952694,-12.9996,0.0473056,-13.1996,-3.8986,-3.8986,0.53537,0.543591,-0.0566993,0.912871,28.5
7.84307e+08,0.0187259,-0.00702434,9.81,-6.14782,19.3287,-7.64782,8.11804,-1.28229,-12.9856,-0.282285,-13.1854,-3.97124,-3.97124,0.53743,0.542173,-0.0571235,0.912772,28.5
5.42207e+08,0.660788,0.999984,9.81056,5.80695,0.115339,5.79057,0.116208,3.83352,-0.182356,3.7836,-0.181728,0.0831523,0.0830012,0.04,0.0395841,-0.0051105,4.16945,37.6065
5.42227e+08,0.639286,1.04334,9.7964,6.06639,0.115339,5.92692,0.11796,3.71273,-0.243424,3.75661,-0.242278,0.0678852,0.0705693,0.04,0.0396634,-0.00479402,4.16945,37.6006
5.42247e+08,0.636901,1.03129,9.7489,6.02586,-0.00679874,6.06418,-0.00592819,3.71717,-0.0602183,3.77649,-0.0596484,-0.0389851,-0.034146,0.038,0.0384626,-0.00890878,4.16953,37.5771
7.84332e+08,0.0174333,-0.00980213,9.81,-5.94667,20.0231,-7.44667,8.4097,-1.60338,-12.9341,-0.603384,-13.1331,-4.04006,-4.04006,0.540436,0.540778,-0.0575241,0.912674,28.5
7.84357e+08,0.0156812,-0.0124136,9.81,-5.7329,20.7163,-7.2329,8.70086,-1.93117,-12.8425,-0.931168,-13.0401,-4.10848,-4.10848,0.543577,0.539335,-0.0579214,0.912574,28.5
5.42268e+08,0.672718,1.03611,9.82485,6.00609,-0.0220659,5.96515,-0.0220157,3.89545,-0.0602183,3.90705,-0.0599245,0.0831523,0.0803788,0.038,0.0377182,-0.0107278,4.16943,37.6124
5.42289e+08,0.608253,1.01203,9.813,5.87696,0.16114,5.89612,0.160841,3.52824,-0.167089,3.65544,-0.168252,-0.00845075,-0.00697192,0.038,0.0376474,-0.0110718,4.16951,37.6006
7.84382e+08,0.0135528,-0.0147079,9.81,-5.51306,21.3858,-7.01306,8.98204,-2.25456,-12.7126,-1.25456,-12.9082,-4.17429,-4.17429,0.545773,0.537891,-0.0583024,0.912474,28.5
5.4231e+08,0.634513,1.03129,9.81538,5.98561,0.100072,5.99107,0.10036,3.67853,-0.182356,3.70865,-0.182079,0.0984194,0.0965146,0.038,0.0376384,-0.0109975,4.16959,37.6153
7.84407e+08,0.0110763,-0.0166528,9.81,-5.28491,22.0383,-6.78491,9.25607,-2.57615,-12.5434,-1.57615,-12.7364,-4.23819,-4.23819,0.546247,0.536427,-0.0586714,0.912374,28.5
5.42331e+08,0.651237,0.999984,9.76071,5.83665,-0.00679874,5.92082,-0.00824488,3.79731,-0.0144167,3.79755,-0.0147272,0.0220836,0.0266737,0.038,0.0376323,-0.0113416,4.16966,37.5947
5.42351e+08,0.636911,0.995167,9.78208,5.79673,0.05427,5.85526,0.0539588,3.70619,-0.0602183,3.72665,-0.0587833,0.0984194,0.101105,0.038,0.0376363,-0.0112514,4.16973,37.6094
7.84432e+08,0.00833014,-0.0181826,9.81,-5.05042,22.6678,-6.55042,9.52046,-2.8924,-12.3365,-1.8924,-12.5263,-4.29961,-4.29961,0.544563,0.534958,-0.0590252,0.912273,28.5
7.84457e+08,0.00537836,-0.0192633,9.81,-4.80946,23.2748,-6.30946,9.77541,-3.20291,-12.0921,-2.20291,-12.2781,-4.35864,-4.35864,0.540769,0.533479,-0.0593644,0.912173,28.5
7.84479e+08,0.0026207,-0.0198276,9.81,-4.58843,23.7987,-6.08843,9.99546,-3.47526,-11.8422,-2.47526,-12.0244,-4.40942,-4.40942,0.53599,0.532149,-0.0596556,0.912084,28.5
5.42372e+08,0.658392,1.03129,9.87234,5.95053,0.145873,5.97599,0.145563,3.79485,-0.289226,3.71178,-0.286892,-0.0237179,-0.0188497,0.039,0.0383817,-0.0084943,4.1698,37.6065
5.42392e+08,0.629735,1.04093,9.81778,6.03984,0.115339,6.08947,0.115937,3.64966,-0.121287,3.73834,-0.120756,0.0831523,0.0831824,0.039,0.0386149,-0.00751196,4.16986,37.5771
7.84504e+08,-0.000459614,-0.0199947,9.81,-4.3406,24.3513,-5.8406,10.2275,-3.76686,-11.5352,-2.76686,-11.7127,-4.46283,-4.46283,0.529994,0.530683,-0.0599611,0.911985,28.5
7.84529e+08,-0.0035973,-0.0196738,9.81,-4.08145,24.8923,-5.58145,10.4548,-4.05665,-11.1866,-3.05665,-11.3587,-4.51496,-4.51496,0.524014,0.529177,-0.0602588,0.911885,28.5
7.84554e+08,-0.00663849,-0.0188661,9.81,-3.81737,25.4073,-5.31737,10.6711,-4.33647,-10.8047,-3.33647,-10.9709,-4.56445,-4.56445,0.519172,0.527667,-0.0605408,0.911785,28.5
7.84579e+08,-0.00951283,-0.0175928,9.81,-3.54826,25.8966,-5.04826,10.8766,-4.6059,-10.3904,-3.6059,-10.5502,-4.61135,-4.61135,0.516186,0.526151,-0.0608076,0.911684,28.5
5.42412e+08,0.682269,1.03611,9.76312,6.04321,-0.0526003,6.00027,-0.0519792,3.97521,-0.0449512,3.88185,-0.0449894,0.144221,0.141375,0.039,0.0386427,-0.00771187,4.16992,37.5976
5.42432e+08,0.667957,0.983125,9.78679,5.72314,0.00846851,5.79908,0.00904988,3.88494,-0.10602,3.81913,-0.106584,0.0678852,0.0699395,0.037,0.0371587,-0.0127163,4.16998,37.58
5.42452e+08,0.641704,0.934957,9.79148,5.44285,0.115339,5.61066,0.113898,3.7327,-0.243424,3.75472,-0.241668,0.0678852,0.0678301,0.037,0.0366931,-0.0137753,4.17003,37.5888
5.42472e+08,0.641674,1.04334,9.82252,6.05035,0.0848043,5.98638,0.0856799,3.71679,-0.21289,3.73194,-0.212868,-0.0542523,-0.0513757,0.037,0.0366388,-0.0133012,4.17,37.6065
5.42492e+08,0.687051,1.01203,9.77495,5.89648,0.0848043,5.95897,0.0836798,3.99923,-0.10602,3.95696,-0.104574,0.0678852,0.0723744,0.038,0.0373691,-0.0111781,4.17005,37.6065
7.84604e+08,-0.0121535,-0.0158837,9.81,-3.27399,26.3606,-4.77399,11.0715,-4.86455,-9.94433,-3.86455,-10.0973,-4.6557,-4.6557,0.515374,0.524629,-0.0610594,0.911584,28.5
7.84629e+08,-0.0144964,-0.0137787,9.81,-2.99462,26.799,-4.49462,11.2556,-5.11178,-9.46744,-4.11178,-9.61309,-4.69751,-4.69751,0.516585,0.523098,-0.0612964,0.911484,28.5
7.84654e+08,-0.0164821,-0.0113288,9.81,-2.71043,27.2112,-4.21043,11.4287,-5.34678,-8.96108,-4.34678,-9.09895,-4.73674,-4.73674,0.519224,0.521559,-0.0615185,0.911383,28.5
7.84676e+08,-0.0178626,-0.00899595,9.81,-2.46285,27.5438,-3.96285,11.5684,-5.53815,-8.50404,-4.53815,-8.63487,-4.76833,-4.76833,0.521936,0.520233,-0.061697,0.911297,28.5
5.42512e+08,0.696591,1.05297,9.76551,6.13868,0.130606,6.08267,0.128826,4.05667,-0.0754855,4.02735,-0.0763388,0.0831523,0.0823703,0.038,0.0375984,-0.0106777,4.1701,37.5771
5.42532e+08,0.691818,1.04574,9.81773,6.06506,0.100072,6.03161,0.100953,4.00815,-0.0754855,3.92655,-0.0752088,0.113687,0.110155,0.038,0.0376248,-0.0103742,4.17015,37.6065
5.42552e+08,0.641684,1.00721,9.7726,5.87183,-0.037333,5.94458,-0.0341084,3.73699,-0.136554,3.70714,-0.137136,0.0984194,0.0994705,0.038,0.0376356,-0.0110791,4.17019,37.6418
5.42572e+08,0.617806,1.0048,9.77737,5.85598,0.115339,5.85212,0.114148,3.59667,-0.10602,3.58443,-0.10458,0.0678852,0.0666803,0.038,0.0376467,-0.0112501,4.17023,37.5859
5.42592e+08,0.589155,0.992759,9.75126,5.80265,0.115339,5.83903,0.114452,3.43978,-0.121287,3.56978,-0.121853,0.0831523,0.0830865,0.038,0.0376504,-0.0110457,4.17027,37.6153
7.84701e+08,-0.0190427,-0.00611351,9.81,-2.17471,27.901,-3.67471,11.7184,-5.74545,-7.95516,-4.74545,-8.07755,-4.8022,-4.8022,0.524666,0.518704,-0.0618882,0.911198,28.5
7.84721e+08,-0.0196726,-0.00360385,9.81,-1.93269,28.1771,-3.43269,11.8344,-5.90689,-7.48126,-4.90689,-7.59635,-4.82834,-4.82834,0.525989,0.51743,-0.0620356,0.911115,28.5
7.84743e+08,-0.0199788,-0.000920273,9.81,-1.67759,28.4451,-3.17759,11.947,-6.06467,-6.97017,-5.06467,-7.0774,-4.85367,-4.85367,0.526003,0.516098,-0.0621783,0.911029,28.5
7.84764e+08,-0.0199213,0.00177304,9.81,-1.42084,28.6918,-2.92084,12.0505,-6.21076,-6.44488,-5.21076,-6.54403,-4.87696,-4.87696,0.524414,0.514766,-0.0623094,0.910944,28.5
5.42612e+08,0.655999,1.05056,9.83676,6.08264,0.0390028,5.96857,0.0381236,3.79381,-0.0449512,3.78501,-0.0466965,0.128954,0.129392,0.039,0.0382383,-0.00910897,4.16955,37.5947
5.42632e+08,0.679896,0.980717,9.78915,5.70738,0.05427,5.84738,0.0536992,3.95332,-0.151821,3.92475,-0.150906,0.0526179,0.0518938,0.039,0.0386045,-0.0082421,4.16954,37.6035
5.42652e+08,0.691825,1.01925,9.76071,5.94663,0.237476,5.96026,0.23629,4.03241,-0.243424,4.02512,-0.24282,0.0526179,0.0485708,0.039,0.0386351,-0.00828165,4.16962,37.6124
5.42672e+08,0.634525,0.99035,9.76071,5.78145,0.05427,5.87639,0.0557499,3.70051,-0.121287,3.75586,-0.121576,0.113687,0.108885,0.037,0.0374534,-0.0121284,4.16961,37.5888
7.84789e+08,-0.0193914,0.00489633,9.81,-1.11613,28.9552,-2.61613,12.1612,-6.36773,-5.80872,-5.36773,-5.89809,-4.9018,-4.9018,0.520567,0.513196,-0.0624491,0.910843,28.5
5.42692e+08,0.624969,1.00721,9.77499,5.87106,-0.0984018,5.84286,-0.0969217,3.63904,-0.10602,3.64448,-0.104829,0.0831523,0.0818594,0.037,0.036718,-0.0145445,4.16959,37.5918
7.84814e+08,-0.0183823,0.00787981,9.81,-0.810584,29.1882,-2.31058,12.259,-6.5074,-5.15854,-5.5074,-5.2379,-4.92374,-4.92374,0.515116,0.511632,-0.0625724,0.910742,28.5
7.8484e+08,-0.016916,0.01067,9.81,-0.502493,29.3923,-2.00249,12.3448,-6.63041,-4.49211,-5.63041,-4.56122,-4.94295,-4.94295,0.508892,0.510064,-0.0626802,0.910642,28.5
7.84864e+08,-0.015115,0.0130972,9.81,-0.205229,29.5606,-1.70523,12.4155,-6.73223,-3.84028,-5.73223,-3.89936,-4.95876,-4.95876,0.503151,0.508558,-0.0627689,0.910545,28.5
5.42712e+08,0.60826,0.985534,9.81296,5.72418,0.191675,5.80659,0.189302,3.52925,-0.167089,3.68593,-0.165909,-0.0237179,-0.0202307,0.037,0.0366383,-0.0143057,4.16849,37.5741
5.42733e+08,0.641688,0.99035,9.81056,5.75212,0.0848043,5.79977,0.0854086,3.7234,-0.0754855,3.71043,-0.0792415,0.144221,0.1415,0.039,0.0378264,-0.0104092,4.1687,37.6182
7.84889e+08,-0.01287,0.0153089,9.81,0.106429,29.7073,-1.39357,12.4771,-6.8213,-3.14909,-5.8213,-3.19753,-4.97254,-4.97254,0.498339,0.506985,-0.0628461,0.910445,28.5
5.42753e+08,0.651229,1.02889,9.75364,6.00843,0.0695372,5.97992,0.0706895,3.79883,-0.0449512,3.85432,-0.0461148,-0.0237179,-0.0177395,0.039,0.0385547,-0.00855737,4.16882,37.6035
5.42773e+08,0.64645,1.04093,9.73704,6.08866,0.176407,6.15177,0.174368,3.77688,-0.167089,3.8453,-0.165936,0.0526179,0.0526837,0.039,0.0386188,-0.00874522,4.16893,37.5976
5.42793e+08,0.665553,1.04093,9.75839,6.07471,0.0390028,6.08105,0.0396013,3.87977,-0.0754855,3.86682,-0.076356,0.00681639,0.0089891,0.038,0.0380338,-0.0109499,4.16903,37.5859
7.8491e+08,-0.0107331,0.016876,9.81,0.369487,29.8077,-1.13051,12.5192,-6.88246,-2.56057,-5.88246,-2.59997,-4.98196,-4.98196,0.495744,0.505662,-0.0628989,0.910361,28.5
7.84935e+08,-0.0079522,0.0183511,9.81,0.68309,29.8997,-0.81691,12.5579,-6.93866,-1.8542,-5.93866,-1.88272,-4.9906,-4.9906,0.494674,0.504088,-0.0629473,0.91026,28.5
7.84955e+08,-0.00556291,0.0192108,9.81,0.936573,29.9523,-0.563427,12.58,-6.97083,-1.2804,-5.97083,-1.3001,-4.99553,-4.99553,0.495335,0.502818,-0.062975,0.910179,28.5
7.84979e+08,-0.00265459,0.019823,9.81,1.23379,29.9894,-0.266213,12.5955,-6.99349,-0.605487,-5.99349,-0.614802,-4.999,-4.999,0.497443,0.501331,-0.0629944,0.910085,28.5
5.42813e+08,0.641685,1.00239,9.73698,5.86509,0.0390028,5.97122,0.0369752,3.75068,-0.121287,3.76086,-0.120118,0.0984194,0.0949878,0.038,0.0376686,-0.012033,4.16812,37.6006
5.42834e+08,0.665563,1.0048,9.80819,5.83594,0.100072,5.84288,0.0992295,3.86187,-0.121287,3.77094,-0.120179,0.128954,0.120839,0.038,0.0376436,-0.0116492,4.16827,37.5859
5.42854e+08,0.658392,1.03129,9.75838,6.0192,0.145873,5.93676,0.145585,3.83855,-0.121287,3.80119,-0.121858,0.0526179,0.0573271,0.039,0.0383849,-0.00920035,4.16841,37.5947
5.42874e+08,0.708534,1.03852,9.77022,6.05166,0.0390028,6.0115,0.0398728,4.12466,-0.151821,3.92492,-0.15125,0.128954,0.122799,0.039,0.0386157,-0.00844042,4.16854,37.5741
5.42894e+08,0.658393,1.02648,9.80586,5.96263,0.0390028,6.03033,0.0396062,3.82042,-0.0907526,3.80172,-0.0913284,-0.0237179,-0.0202134,0.039,0.0386371,-0.00820894,4.16858,37.6065
7.85004e+08,0.000446046,0.019995,9.81,1.54461,29.9997,0.0446081,12.5999,-6.99982,0.101483,-5.99982,0.103044,-4.99997,-4.99997,0.500446,0.499777,-0.0629998,0.909986,28.5
7.85024e+08,0.00305956,0.0197646,9.81,1.80711,29.9858,0.307113,12.5941,-6.99133,0.698456,-5.99133,0.709202,-4.99867,-4.99867,0.50291,0.498464,-0.0629926,0.909902,28.5
7.85049e+08,0.00610703,0.0190448,9.81,2.12022,29.9422,0.620217,12.5757,-6.96465,1.40913,-5.96465,1.4308,-4.99458,-4.99458,0.504919,0.496897,-0.0629697,0.909802,28.5
7.85075e+08,0.00903387,0.0178435,9.81,2.43595,29.8683,0.935953,12.5447,-6.91946,2.12286,-5.91946,2.15552,-4.98765,-4.98765,0.50518,0.495315,-0.0629308,0.909702,28.5
5.42914e+08,0.675102,1.04815,9.813,6.08253,0.0848043,5.99637,0.0833363,3.91337,-0.0907526,3.9179,-0.0901929,0.0831523,0.0833061,0.038,0.037895,-0.0105854,4.16777,37.5624
5.42935e+08,0.632124,1.03611,9.77266,6.03944,0.0848043,6.00398,0.0850652,3.68033,-0.151821,3.75803,-0.151246,0.128954,0.127476,0.038,0.037658,-0.0116891,4.16794,37.5976
5.42955e+08,0.660782,1.02166,9.79398,5.94186,0.100072,5.89113,0.102094,3.83903,-0.121287,3.8052,-0.122467,0.0373508,0.0400374,0.038,0.0376398,-0.011457,4.16809,37.58
5.42975e+08,0.653631,0.9759,9.72981,5.71482,-0.0526003,5.8225,-0.051148,3.82413,-0.10602,3.76793,-0.105743,0.0373508,0.0412742,0.038,0.0376353,-0.0120897,4.16824,37.5771
7.85098e+08,0.011545,0.0163313,9.81,2.72761,29.7731,1.22761,12.5047,-6.86138,2.77828,-5.86138,2.82102,-4.97872,-4.97872,0.503474,0.49385,-0.0628808,0.909608,28.5
5.42995e+08,0.660766,1.07946,9.99588,6.1502,-0.0220659,5.97265,-0.0212113,3.76017,-0.197623,3.75414,-0.195832,0.0220836,0.0207894,0.038,0.0376331,-0.0116216,4.16838,37.6065
7.85121e+08,0.01381,0.0144666,9.81,3.01847,29.6521,1.51847,12.4539,-6.78777,3.42694,-5.78777,3.47966,-4.96736,-4.96736,0.499932,0.492386,-0.0628171,0.909515,28.5
7.85142e+08,0.0155795,0.0125411,9.81,3.27658,29.5228,1.77658,12.3996,-6.7093,3.99745,-5.7093,4.05895,-4.95521,-4.95521,0.495543,0.491082,-0.062749,0.909431,28.5
7.85163e+08,0.0171071,0.0103608,9.81,3.5381,29.3703,2.0381,12.3355,-6.6171,4.56963,-5.6171,4.63993,-4.94088,-4.94088,0.490384,0.489756,-0.0626685,0.909347,28.5
7.85188e+08,0.0185236,0.00754173,9.81,3.84622,29.1626,2.34622,12.2483,-6.49202,5.23495,-5.49202,5.31548,-4.92133,-4.92133,0.484192,0.488186,-0.0625588,0.909246,28.5
5.43015e+08,0.622591,0.971083,9.82242,5.6349,-0.113669,5.89914,-0.111552,3.60927,0.000850439,3.90239,-0.0032831,0.296893,0.284842,0.038,0.0376266,-0.011086,4.16733,37.6035
5.43036e+08,0.560512,0.954224,9.57078,5.684,0.191675,5.90327,0.190211,3.3352,-0.380829,3.6114,-0.374686,0.0678852,0.082957,0.038,0.0376252,-0.0127825,4.16752,37.6182
5.43056e+08,0.768205,1.13004,10.1122,6.35818,0.05427,6.26984,0.0548968,4.31753,-0.121287,4.15112,-0.124465,0.0526179,0.0448971,0.038,0.0376114,-0.011058,4.1677,37.5741
5.43076e+08,0.560528,0.896422,9.45435,5.40692,0.05427,5.81322,0.0516541,3.37786,-0.0907526,3.65645,-0.0869764,0.20529,0.209837,0.038,0.0376247,-0.0131198,4.16786,37.6065
5.43096e+08,0.665545,1.06742,9.87714,6.15415,0.0237356,5.92941,0.023719,3.83265,-0.10602,3.76198,-0.105986,-0.0237179,-0.0286589,0.038,0.0376325,-0.0126681,4.16794,37.5771
5.43116e+08,0.687045,1.03611,9.78923,6.02708,0.26801,5.87169,0.26591,3.99242,-0.182356,3.83555,-0.182355,0.0373508,0.0379316,0.038,0.0376345,-0.0124889,4.16708,37.6006
7.85214e+08,0.0194794,0.00453352,9.81,4.15215,28.9257,2.65215,12.1488,-6.3501,5.88458,-5.3501,5.97512,-4.89902,-4.89902,0.478881,0.486619,-0.0624334,0.909146,28.5
7.85234e+08,0.0199034,0.00196288,9.81,4.4026,28.7084,2.9026,12.0575,-6.22065,6.40717,-5.22065,6.50574,-4.87853,-4.87853,0.47576,0.485328,-0.0623182,0.909063,28.5
7.85259e+08,0.0199646,-0.00118921,9.81,4.70312,28.4194,3.20312,11.9361,-6.04946,7.02181,-5.04946,7.12983,-4.85124,-4.85124,0.473928,0.483769,-0.0621646,0.908962,28.5
7.85282e+08,0.0196027,-0.00396675,9.81,4.96738,28.1389,3.46738,11.8183,-5.88445,7.54986,-4.88445,7.66601,-4.82472,-4.82472,0.474129,0.482388,-0.0620152,0.908873,28.5
5.43136e+08,0.703765,1.01684,9.8248,5.89394,0.0695372,5.93577,0.0721354,4.07549,-0.0907526,3.96176,-0.0904925,0.113687,0.110432,0.038,0.037623,-0.0124504,4.16736,37.6094
5.43156e+08,0.691818,1.04334,9.77737,6.07586,0.00846851,6.05582,0.00876871,4.02457,-0.0602183,3.84522,-0.0596809,0.00681639,0.0122851,0.039,0.0383638,-0.0103304,4.16755,37.6182
5.43176e+08,0.627379,0.927732,9.7345,5.43284,0.0390028,5.71874,0.0395389,3.67097,-0.0296841,3.77745,-0.0302609,0.0831523,0.083791,0.039,0.0386077,-0.0100521,4.16764,37.5829
5.43196e+08,0.648853,0.985534,9.80343,5.72818,0.130606,5.76552,0.129448,3.76774,-0.21289,3.78607,-0.211732,-0.0237179,-0.0134048,0.039,0.0386412,-0.00956687,4.16781,37.5859
5.43216e+08,0.605862,1.02166,9.78928,5.94682,0.145873,5.89098,0.144439,3.52246,-0.167089,3.61733,-0.169127,0.0831523,0.0804408,0.038,0.0379032,-0.0114177,4.16797,37.5976
7.85307e+08,0.0187361,-0.00699715,9.81,5.26155,27.7967,3.76155,11.6746,-5.68471,8.1224,-4.68471,8.24736,-4.79232,-4.79232,0.476056,0.480837,-0.0618325,0.908772,28.5
7.85331e+08,0.0174491,-0.00977383,9.81,5.54358,27.438,4.04358,11.524,-5.4771,8.65462,-4.4771,8.78777,-4.75829,-4.75829,0.478946,0.479336,-0.0616403,0.908675,28.5
7.85355e+08,0.0157852,-0.0122812,9.81,5.81719,27.0602,4.31719,11.3653,-5.26043,9.15368,-4.26043,9.29451,-4.72238,-4.72238,0.481877,0.477865,-0.0614372,0.908579,28.5
7.85376e+08,0.0140109,-0.0142721,9.81,6.05635,26.705,4.55635,11.2161,-5.05854,9.57467,-4.05854,9.72197,-4.68855,-4.68855,0.48383,0.476566,-0.0612457,0.908494,28.5
5.43236e+08,0.617803,1.01443,9.76551,5.91883,0.0695372,5.98215,0.0689779,3.6006,-0.0144167,3.657,-0.0156036,0.00681639,0.0063397,0.038,0.0376602,-0.0121277,4.16812,37.5888
5.43256e+08,0.658402,0.995167,9.79156,5.79035,0.0390028,5.81972,0.0380923,3.82722,-0.0754855,3.7565,-0.0745705,0.113687,0.111603,0.038,0.0376394,-0.0120913,4.16827,37.6271
5.43276e+08,0.651232,1.01925,9.76787,5.94401,0.0848043,5.90903,0.0862838,3.79377,-0.289226,3.84322,-0.28774,0.00681639,0.011078,0.039,0.0383717,-0.0105142,4.16832,37.6065
7.85402e+08,0.0115915,-0.0162984,9.81,6.33524,26.2599,4.83524,11.0292,-4.80816,10.0459,-3.80816,10.2005,-4.64609,-4.64609,0.484633,0.475033,-0.0610049,0.908394,28.5
5.43296e+08,0.63929,1.02648,9.79638,5.96909,0.0390028,5.98184,0.0387261,3.71343,-0.136554,3.77301,-0.137752,0.0831523,0.0825133,0.039,0.0386014,-0.0100951,4.16846,37.5976
5.43316e+08,0.656013,0.999984,9.81057,5.80714,-0.0220659,5.93816,-0.0229411,3.8059,-0.0602183,3.78908,-0.0590769,0.144221,0.138571,0.039,0.0386319,-0.00948751,4.16859,37.6153
7.85426e+08,0.00898687,-0.0178672,9.81,6.59938,25.8063,5.09938,10.8387,-4.55592,10.4709,-3.55592,10.632,-4.6027,-4.6027,0.483414,0.473562,-0.0607584,0.908297,28.5
7.85451e+08,0.00606239,-0.0190591,9.81,6.86872,25.3099,5.36872,10.6302,-4.28326,10.8809,-3.28326,11.0483,-4.5551,-4.5551,0.480021,0.472041,-0.0604876,0.908196,28.5
7.85471e+08,0.00357729,-0.0196775,9.81,7.08314,24.8889,5.58314,10.4533,-4.05481,11.1889,-3.05481,11.3611,-4.51464,-4.51464,0.475951,0.470814,-0.060257,0.908114,28.5
7.85492e+08,0.000979887,-0.019976,9.81,7.29826,24.4422,5.79826,10.2657,-3.81525,11.4801,-2.81525,11.6568,-4.4716,-4.4716,0.47103,0.469565,-0.0600113,0.908031,28.5
5.43336e+08,0.644069,1.01443,9.76549,5.91782,0.0848043,5.8883,0.0856346,3.75326,-0.167089,3.79164,-0.164733,0.113687,0.114261,0.038,0.0378948,-0.0117588,4.1688,37.5829
5.43356e+08,0.632128,1.02166,9.813,5.93161,0.191675,5.87997,0.191375,3.666,-0.0754855,3.69134,-0.0775304,0.0373508,0.039989,0.038,0.0376665,-0.0118552,4.16891,37.6065
5.43376e+08,0.658386,1.05056,9.73467,6.14556,0.05427,6.00152,0.0548527,3.84693,-0.121287,3.70786,-0.121292,0.0526179,0.0518646,0.038,0.0376411,-0.0121782,4.16885,37.5653
5.43396e+08,0.658388,1.04574,9.73941,6.11466,0.05427,6.04047,0.054874,3.8453,-0.0754855,3.84879,-0.0766378,0.144221,0.140077,0.038,0.0376265,-0.0122084,4.16896,37.6006
5.43416e+08,0.684653,1.04815,9.79875,6.09086,0.00846851,6.05531,0.00849648,3.97425,-0.0144167,3.96185,-0.0161624,0.0526179,0.0573288,0.038,0.0376187,-0.0120944,4.16906,37.6006
7.85517e+08,-0.00212021,-0.0198873,9.81,7.54837,23.8905,6.04837,10.034,-3.52338,11.7944,-2.52338,11.9759,-4.4183,-4.4183,0.464957,0.46809,-0.0597064,0.907932,28.5
7.85537e+08,-0.00462379,-0.0194582,9.81,7.74881,23.4216,6.24881,9.83708,-3.27882,12.0259,-2.27882,12.2109,-4.37288,-4.37288,0.460447,0.466888,-0.0594461,0.907851,28.5
7.85562e+08,-0.00762637,-0.0184889,9.81,7.99223,22.8179,6.49223,9.58353,-2.96871,12.2803,-1.96871,12.4692,-4.31423,-4.31423,0.45618,0.465402,-0.0591093,0.907751,28.5
7.85583e+08,-0.00998603,-0.0173286,9.81,8.19011,22.2976,6.69011,9.36498,-2.70572,12.4636,-1.70572,12.6554,-4.26352,-4.26352,0.454171,0.464171,-0.0588174,0.907667,28.5
5.43436e+08,0.708536,1.03129,9.80345,5.98975,0.145873,5.96773,0.14528,4.11121,-0.136554,4.00845,-0.136542,0.0526179,0.0507244,0.038,0.0376161,-0.0124241,4.16916,37.6124
5.43456e+08,0.636906,1.01443,9.84384,5.87152,0.16114,5.90942,0.159677,3.68248,-0.0296841,3.7717,-0.0311697,0.0373508,0.0400415,0.038,0.0376247,-0.0121111,4.16942,37.6065
7.85605e+08,-0.0122456,-0.0158128,9.81,8.38999,21.7429,6.88999,9.13201,-2.42977,12.6255,-1.42977,12.8197,-4.20929,-4.20929,0.453716,0.462903,-0.0585046,0.90758,28.5
5.43476e+08,0.617812,0.983125,9.77971,5.72915,-0.00679874,5.81403,-0.00529664,3.59665,-0.167089,3.65602,-0.16679,0.0220836,0.0248331,0.038,0.0376358,-0.0117969,4.16951,37.5888
5.43496e+08,0.608267,0.961449,9.76069,5.61479,0.145873,5.74453,0.144985,3.54882,-0.10602,3.53509,-0.107749,0.0678852,0.0699339,0.038,0.0376481,-0.0114256,4.16958,37.6241
5.43516e+08,0.610642,1.0048,9.81299,5.83522,0.0695372,5.82875,0.0689719,3.54233,-0.10602,3.58456,-0.10659,0.0678852,0.0706981,0.038,0.0376502,-0.0111543,4.16966,37.6153
7.85629e+08,-0.0144557,-0.0138215,9.81,8.60271,21.1179,7.10271,8.8695,-2.12432,12.7697,-1.12432,12.9662,-4.14798,-4.14798,0.454945,0.461525,-0.0581502,0.907486,28.5
7.85652e+08,-0.0163479,-0.0115216,9.81,8.80936,20.4734,7.30936,8.59881,-1.81547,12.8794,-0.815469,13.0775,-4.08453,-4.08453,0.457476,0.460153,-0.0577825,0.907391,28.5
7.85677e+08,-0.0179411,-0.00883828,9.81,9.01895,19.7785,7.51895,8.30697,-1.48945,12.9567,-0.489453,13.156,-4.01585,-4.01585,0.460689,0.458725,-0.0573833,0.907291,28.5
7.857e+08,-0.0190359,-0.00613455,9.81,9.2082,19.1116,7.7082,8.02687,-1.18341,12.9939,-0.183414,13.1938,-3.94967,-3.94967,0.463336,0.4574,-0.0569976,0.907198,28.5
5.43536e+08,0.608254,1.00721,9.83911,5.83383,-0.00679874,5.90762,-0.00390106,3.51918,-0.151821,3.69971,-0.151539,0.0831523,0.08122,0.038,0.0376416,-0.0110084,4.16973,37.5653
5.43556e+08,0.646441,1.07464,9.79882,6.24519,0.130606,6.11676,0.129427,3.75197,-0.0754855,3.79657,-0.0775133,0.0678852,0.063962,0.038,0.0376327,-0.01067,4.16979,37.6065
5.43576e+08,0.639277,1.07464,9.79171,6.24997,-0.0220659,6.16781,-0.0223649,3.71317,-0.10602,3.80299,-0.10484,0.159488,0.150708,0.037,0.0370302,-0.0124445,4.16986,37.5829
5.43596e+08,0.682278,1.0048,9.85566,5.80748,-0.0678674,5.90902,-0.0660718,3.93974,-0.121287,3.94756,-0.122151,0.0373508,0.0414914,0.037,0.0366598,-0.013138,4.16991,37.5741
5.43616e+08,0.613028,1.01443,9.7489,5.92898,0.0848043,5.82691,0.086245,3.57885,-0.121287,3.6361,-0.122467,0.0220836,0.0248007,0.037,0.0366456,-0.0129764,4.16997,37.5888
7.85722e+08,-0.0196874,-0.00352224,9.81,9.37702,18.4817,7.87703,7.7623,-0.90054,12.9982,0.0994599,13.1982,-3.88691,-3.88691,0.464808,0.456185,-0.0566309,0.907113,28.5
7.85747e+08,-0.0199958,-0.000407885,9.81,9.56613,17.7324,8.06613,7.44761,-0.571956,12.9669,0.428044,13.1664,-3.81195,-3.81195,0.464764,0.454783,-0.0561916,0.907013,28.5
7.85772e+08,-0.0198116,0.00273875,9.81,9.74858,16.9602,8.24858,7.12328,-0.242314,12.8959,0.757686,13.0943,-3.73432,-3.73432,0.462544,0.453381,-0.0557352,0.906913,28.5
7.85792e+08,-0.0192994,0.00524729,9.81,9.8907,16.3207,8.3907,6.85469,0.0236963,12.8094,1.0237,13.0065,-3.66974,-3.66974,0.459245,0.452252,-0.0553544,0.906831,28.5
5.43636e+08,0.622572,1.04093,9.81778,6.04011,0.0390028,5.95394,0.0398785,3.60825,-0.0754855,3.66884,-0.0763728,0.0526179,0.0527129,0.038,0.0372385,-0.0103375,4.16876,37.5771
5.43656e+08,0.608255,1.0048,9.78925,5.8493,0.0390028,5.85311,0.0387318,3.53696,-0.0296841,3.59782,-0.0291422,0.113687,0.114888,0.038,0.0376172,-0.00882837,4.16887,37.5947
5.43676e+08,0.639295,1.00962,9.77261,5.88587,0.100072,5.84897,0.098941,3.72303,-0.136554,3.75542,-0.134815,0.144221,0.140018,0.038,0.0376547,-0.00904646,4.16898,37.5624
5.43696e+08,0.665553,1.03852,9.76313,6.05785,0.16114,5.99763,0.159102,3.87801,-0.167089,3.82036,-0.167941,0.0220836,0.0229043,0.038,0.0376509,-0.00910022,4.16909,37.6212
5.43716e+08,0.636911,0.997576,9.77497,5.81485,0.0848043,5.91914,0.0854193,3.70876,-0.0907526,3.73709,-0.0922214,0.0678852,0.0671295,0.038,0.0376465,-0.00882939,4.16918,37.5976
7.85818e+08,-0.0182269,0.00823289,9.81,10.0592,15.5132,8.55921,6.51554,0.350509,12.6664,1.35051,12.8613,-3.58782,-3.58782,0.453799,0.450863,-0.0548698,0.90673,28.5
7.85842e+08,-0.0167286,0.0109614,9.81,10.2162,14.7057,8.71616,6.17639,0.667127,12.4881,1.66713,12.6802,-3.50547,-3.50547,0.447826,0.449512,-0.0543809,0.906631,28.5
7.85864e+08,-0.0150484,0.0131737,9.81,10.3491,13.9731,8.84906,5.86871,0.945469,12.2977,1.94547,12.4868,-3.43037,-3.43037,0.442783,0.448317,-0.0539335,0.906542,28.5
7.85889e+08,-0.0128575,0.0153195,9.81,10.4878,13.1517,8.98784,5.52373,1.24742,12.0536,2.24742,12.239,-3.34572,-3.34572,0.43835,0.447009,-0.0534274,0.906444,28.5
5.43736e+08,0.684663,1.01203,9.76782,5.90083,0.05427,5.92081,0.0533891,3.98824,-0.0602183,3.84464,-0.0608165,0.113687,0.114795,0.038,0.037653,-0.00915066,4.16835,37.6035
5.43757e+08,0.601097,0.983125,9.7631,5.73939,0.0237356,5.77152,0.0257574,3.50547,-0.0754855,3.62524,-0.0757739,0.0373508,0.0420647,0.039,0.0382585,-0.00755514,4.16848,37.5829
5.43777e+08,0.624973,0.992759,9.79634,5.77493,0.0848043,5.89804,0.0845103,3.63178,-0.10602,3.69726,-0.108923,0.0831523,0.0839342,0.039,0.0386184,-0.00680973,4.16853,37.5888
7.85914e+08,-0.0102876,0.0171512,9.81,10.6218,12.2935,9.12183,5.16327,1.5514,11.7661,2.5514,11.9471,-3.25675,-3.25675,0.435689,0.445676,-0.0528934,0.906344,28.5
5.43797e+08,0.627351,1.02648,9.74415,6.00119,0.0237356,5.95807,0.0248939,3.66353,-0.0296841,3.68929,-0.030599,0.0220836,0.0241507,0.039,0.0386591,-0.00681914,4.16857,37.6124
5.43817e+08,0.601088,1.01443,9.81776,5.88829,0.05427,5.90485,0.0539651,3.48503,-0.0754855,3.66365,-0.0766381,0.0526179,0.0512011,0.037,0.0374678,-0.0106484,4.16869,37.6035
7.85935e+08,-0.00793744,0.0183575,9.81,10.727,11.5659,9.22696,4.85766,1.7998,11.4979,2.7998,11.6747,-3.18089,-3.18089,0.435165,0.444571,-0.0524364,0.90626,28.5
7.8596e+08,-0.00495615,0.0193762,9.81,10.8439,10.6872,9.34394,4.48864,2.08828,11.1457,3.08828,11.3172,-3.08876,-3.08876,0.43644,0.443266,-0.0518793,0.906159,28.5
7.85985e+08,-0.0018494,0.0199143,9.81,10.9517,9.79731,9.45171,4.11487,2.36756,10.7593,3.36756,10.9248,-2.99483,-2.99483,0.439231,0.441973,-0.0513088,0.906059,28.5
7.8601e+08,0.00131109,0.019957,9.81,11.0503,8.89538,9.55029,3.73606,2.63723,10.339,3.63723,10.4981,-2.89898,-2.89898,0.442647,0.440692,-0.050724,0.905958,28.5
5.43837e+08,0.648838,1.04093,9.76078,6.07393,0.0237356,6.09106,0.0254978,3.7817,-0.121287,3.83736,-0.122168,0.113687,0.11233,0.037,0.0367107,-0.0126785,4.16771,37.5741
5.43858e+08,0.66557,0.978308,9.78441,5.69675,0.115339,5.84832,0.115321,3.87222,-0.121287,3.90971,-0.119853,0.00681639,0.0102248,0.037,0.0366303,-0.0129452,4.16788,37.5888
5.43878e+08,0.65124,0.99035,9.77732,5.7711,0.0390028,5.85443,0.0398616,3.79134,-0.0602183,3.8089,-0.0596477,0.0678852,0.0685242,0.038,0.0373789,-0.0104376,4.16804,37.5947
5.43898e+08,0.62975,0.985534,9.82719,5.7152,0.0390028,5.79018,0.0416062,3.64839,-0.136554,3.69485,-0.13569,0.0678852,0.0652918,0.038,0.0376274,-0.00945755,4.16827,37.6094
5.43918e+08,0.6178,1.02648,9.81776,5.95706,0.100072,5.93572,0.100659,3.58122,-0.21289,3.64902,-0.211151,0.0526179,0.055997,0.038,0.0376522,-0.00921217,4.16841,37.5771
7.86036e+08,0.00443568,0.0195019,9.81,11.1392,7.98548,9.63923,3.3539,2.89548,9.88751,3.89548,10.0396,-2.8016,-2.8016,0.445644,0.439427,-0.0501272,0.905858,28.5
7.86062e+08,0.00760243,0.0184987,9.81,11.2224,7.01953,9.7224,2.9482,3.15433,9.37983,4.15433,9.52414,-2.69744,-2.69744,0.447319,0.438112,-0.0494858,0.905752,28.5
7.86085e+08,0.0101723,0.0172199,9.81,11.2856,6.1788,9.7856,2.59509,3.36664,8.91563,4.36664,9.0528,-2.60611,-2.60611,0.446986,0.43699,-0.0489206,0.90566,28.5
7.86105e+08,0.0123043,0.0157672,9.81,11.3355,5.41893,9.83551,2.27595,3.54803,8.47924,4.54803,8.60969,-2.52301,-2.52301,0.445136,0.435993,-0.0484042,0.905578,28.5
7.86126e+08,0.014266,0.0140172,9.81,11.3796,4.6409,9.87962,1.94918,3.72332,8.01675,4.72332,8.14009,-2.43735,-2.43735,0.44187,0.434988,-0.0478696,0.905494,28.5
7.86148e+08,0.01604,0.0119465,9.81,11.4181,3.83049,9.91815,1.60881,3.89455,7.5191,4.89455,7.63477,-2.3475,-2.3475,0.437384,0.433958,-0.0473063,0.905408,28.5
7.8617e+08,0.0175354,0.00961823,9.81,11.4497,3.00512,9.9497,1.26215,4.05693,6.99651,5.05693,7.10415,-2.2553,-2.2553,0.432268,0.432924,-0.0467257,0.905319,28.5
7.86191e+08,0.0186402,0.00724869,9.81,11.4725,2.22323,9.9725,0.933758,4.19943,6.4877,5.19943,6.58751,-2.16731,-2.16731,0.427537,0.43196,-0.0461689,0.905236,28.5
7.86216e+08,0.0195415,0.0042577,9.81,11.4908,1.28676,9.9908,0.540441,4.35542,5.86182,5.35542,5.952,-2.06105,-2.06105,0.422823,0.430822,-0.0454931,0.905137,28.5
7.86239e+08,0.0199501,0.00141191,9.81,11.499,0.423913,9.999,0.178043,4.48481,5.27034,5.48481,5.35142,-1.96227,-1.96227,0.420015,0.429791,-0.0448614,0.905045,28.5
7.8626e+08,0.0199593,-0.00127599,9.81,11.4992,-0.383047,9.99918,-0.16088,4.5932,4.70529,5.5932,4.77768,-1.86909,-1.86909,0.419022,0.428839,-0.0442624,0.904959,28.5
7.86283e+08,0.0195676,-0.00413631,9.81,11.4913,-1.24955,9.99132,-0.524811,4.69581,4.08674,5.69581,4.14962,-1.76816,-1.76816,0.419722,0.427832,-0.0436101,0.904867,28.5
7.86309e+08,0.0186475,-0.00722992,9.81,11.4727,-2.21721,9.97265,-0.931228,4.79331,3.38278,5.79331,3.43482,-1.65432,-1.65432,0.422273,0.426723,-0.0428699,0.904765,28.5
7.86334e+08,0.0172832,-0.0100644,9.81,11.4444,-3.15807,9.94444,-1.32639,4.87051,2.68628,5.87051,2.7276,-1.54243,-1.54243,0.425772,0.425661,-0.0421378,0.904664,28.5
7.86359e+08,0.0154926,-0.0126483,9.81,11.4064,-4.09517,9.90639,-1.71997,4.92985,1.9821,5.92985,2.01259,-1.42976,-1.42976,0.429264,0.424617,-0.0413957,0.904564,28.5
7.86384e+08,0.0133182,-0.0149207,9.81,11.3585,-5.02866,9.85851,-2.11204,4.97123,1.27156,5.97123,1.29113,-1.31623,-1.31623,0.431758,0.423592,-0.040643,0.904464,28.5
7.86405e+08,0.0112017,-0.0165687,9.81,11.31,-5.82068,9.80997,-2.44469,4.9922,0.662611,5.9922,0.672805,-1.21886,-1.21886,0.432508,0.422733,-0.0399933,0.904378,28.5
7.8643e+08,0.00845915,-0.018123,9.81,11.2439,-6.74634,9.74387,-2.83346,4.99995,-0.0550198,5.99995,-0.0558662,-1.10376,-1.10376,0.431404,0.421742,-0.0392203,0.904278,28.5
7.86456e+08,0.00550375,-0.0192278,9.81,11.168,-7.66609,9.66799,-3.21976,4.98938,-0.773109,5.98938,-0.785003,-0.987943,-0.987943,0.42819,0.420768,-0.0384368,0.904177,28.5
7.86478e+08,0.00279934,-0.0198031,9.81,11.0936,-8.46563,9.59359,-3.55556,4.96509,-1.40036,5.96509,-1.42191,-0.886016,-0.886016,0.424021,0.419932,-0.0377425,0.904089,28.5
7.86503e+08,-0.000400336,-0.019996,9.81,10.9981,-9.38467,9.49812,-3.94156,4.91941,-2.12356,5.91941,-2.15623,-0.76734,-0.76734,0.418381,0.418981,-0.0369284,0.903987,28.5
7.86525e+08,-0.00307442,-0.0197623,9.81,10.9107,-10.1466,9.41067,-4.26158,4.86681,-2.72391,5.86681,-2.76582,-0.667648,-0.667648,0.413734,0.418201,-0.0362395,0.903902,28.5
7.8655e+08,-0.00614519,-0.0190325,9.81,10.7991,-11.0334,9.29912,-4.63404,4.78837,-3.42224,5.78837,-3.47489,-0.550049,-0.550049,0.409245,0.417302,-0.0354209,0.903801,28.5
7.86576e+08,-0.00924591,-0.0177345,9.81,10.6701,-11.9659,9.17011,-5.02566,4.68536,-4.15451,5.68536,-4.21842,-0.42445,-0.42445,0.406451,0.416368,-0.0345392,0.903694,28.5
7.866e+08,-0.011712,-0.016212,9.81,10.5506,-12.7587,9.05057,-5.35867,4.58074,-4.77421,5.58074,-4.84766,-0.315971,-0.315971,0.406046,0.415582,-0.0337714,0.903602,28.5
7.86621e+08,-0.0137695,-0.0145052,9.81,10.4336,-13.4805,8.93356,-5.6618,4.4715,-5.33487,5.4715,-5.41695,-0.215791,-0.215791,0.407271,0.414872,-0.033057,0.903517,28.5
7.86647e+08,-0.0159518,-0.012064,9.81,10.2815,-14.3516,8.78149,-6.02768,4.32133,-6.00579,5.32133,-6.09819,-0.0929263,-0.0929263,0.410391,0.414024,-0.0321736,0.903412,28.5
7.86667e+08,-0.0173465,-0.00995489,9.81,10.1576,-15.0135,8.65765,-6.30568,4.19342,-6.51025,5.19342,-6.61041,0.00195193,0.00195193,0.413463,0.413384,-0.0314858,0.903332,28.5
7.86688e+08,-0.0184872,-0.00763047,9.81,10.0251,-15.6814,8.52509,-6.58618,4.05188,-7.01361,5.05188,-7.12151,0.0991098,0.0991098,0.416606,0.412744,-0.0307762,0.903249,28.5
7.86713e+08,-0.0194483,-0.00466514,9.81,9.85786,-16.4717,8.35786,-6.9181,3.86768,-7.60056,4.86768,-7.7175,0.216063,0.216063,0.419601,0.411993,-0.0299149,0.90315,28.5
7.86733e+08,-0.0198886,-0.00210827,9.81,9.71251,-17.117,8.21251,-7.18915,3.70332,-8.07175,4.70332,-8.19593,0.313287,0.313287,0.420886,0.411384,-0.0291926,0.903067,28.5
7.86758e+08,-0.0199717,0.00106325,9.81,9.52719,-17.8907,8.02719,-7.51411,3.48911,-8.62537,4.48911,-8.75807,0.43205,0.43205,0.420532,0.410659,-0.0283024,0.902966,28.5
7.8678e+08,-0.0196524,0.00371268,9.81,9.36508,-18.5274,7.86508,-7.78151,3.29823,-9.07036,4.29823,-9.2099,0.53173,0.53173,0.418539,0.410067,-0.0275484,0.902881,28.5
7.86803e+08,-0.0188996,0.00654263,9.81,9.18072,-19.2109,7.68072,-8.06858,3.07794,-9.53589,4.07794,-9.6826,0.640881,0.640881,0.414841,0.409436,-0.0267151,0.902788,28.5
7.86828e+08,-0.0176699,0.00936872,9.81,8.97954,-19.9125,7.47954,-8.36326,2.8345,-9.99879,3.8345,-10.1526,0.755435,0.755435,0.409873,0.408793,-0.0258319,0.90269,28.5
7.86849e+08,-0.0162736,0.0116262,9.81,8.8006,-20.5015,7.3006,-8.61063,2.61591,-10.3741,3.61591,-10.5337,0.85375,0.85375,0.405395,0.408256,-0.0250664,0.902605,28.5
7.86873e+08,-0.0142862,0.0139966,9.81,8.58554,-21.1697,7.08554,-8.89128,2.35128,-10.7831,3.35128,-10.949,0.967917,0.967917,0.400801,0.407651,-0.0241687,0.902507,28.5
7.86898e+08,-0.0119137,0.0160643,9.81,8.35975,-21.8288,6.85975,-9.16808,2.07195,-11.1669,3.07195,-11.3387,1.08354,1.08354,0.397643,0.407058,-0.0232493,0.902406,28.5
7.86921e+08,-0.00956563,0.0175641,9.81,8.15421,-22.394,6.65421,-9.4055,1.81689,-11.4783,2.81689,-11.6548,1.18538,1.18538,0.396581,0.406553,-0.0224306,0.902317,28.5
7.86944e+08,-0.00688059,0.0187792,9.81,7.93115,-22.9731,6.43115,-9.64869,1.53978,-11.7779,2.53978,-11.9591,1.29255,1.29255,0.397346,0.406038,-0.0215599,0.902224,28.5
7.86968e+08,-0.00401205,0.0195935,9.81,7.69977,-23.5386,6.19977,-9.88621,1.25252,-12.0491,2.25252,-12.2345,1.40033,1.40033,0.399843,0.405538,-0.0206742,0.902129,28.5
7.86993e+08,-0.000855892,0.0199817,9.81,7.4469,-24.1187,5.9469,-10.1298,0.939387,-12.3022,1.93939,-12.4914,1.51452,1.51452,0.403747,0.405028,-0.0197244,0.902027,28.5
7.87018e+08,0.00231503,0.0198656,9.81,7.18858,-24.6731,5.68858,-10.3627,0.620937,-12.5166,1.62094,-12.7092,1.6276,1.6276,0.407953,0.404542,-0.0187717,0.901926,28.5
7.87044e+08,0.00545914,0.0192405,9.81,6.92177,-25.2079,5.42177,-10.5873,0.294128,-12.694,1.29413,-12.8893,1.7409,1.7409,0.411452,0.404076,-0.0178044,0.901824,28.5
7.87068e+08,0.00825615,0.0182164,9.81,6.66888,-25.6816,5.16888,-10.7863,-0.0131707,-12.823,0.986829,-13.0202,1.84526,1.84526,0.413236,0.403666,-0.0169016,0.901729,28.5
7.87093e+08,0.0110233,0.016688,9.81,6.39544,-26.1594,4.89544,-10.9869,-0.34226,-12.9217,0.65774,-13.1204,1.95502,1.95502,0.413091,0.403253,-0.0159392,0.901628,28.5
7.87116e+08,0.0133345,0.0149061,9.81,6.13869,-26.5771,4.63869,-11.1624,-0.647837,-12.9776,0.352163,-13.1772,2.05536,2.05536,0.411041,0.402894,-0.0150474,0.901535,28.5
7.87138e+08,0.0152533,0.0129358,9.81,5.89313,-26.95,4.39313,-11.319,-0.93664,-12.9993,0.0633605,-13.1993,2.14901,2.14901,0.40771,0.402575,-0.0142041,0.901448,28.5
7.87161e+08,0.0169629,0.0105953,9.81,5.63071,-27.321,4.13071,-11.4748,-1.24117,-12.9895,-0.241171,-13.1893,2.24672,2.24672,0.403298,0.402258,-0.0133123,0.901355,28.5
7.87186e+08,0.0184204,0.00779022,9.81,5.34051,-27.6994,3.84051,-11.6337,-1.57263,-12.9407,-0.572632,-13.1397,2.35209,2.35209,0.398315,0.401936,-0.0123364,0.901255,28.5
7.87211e+08,0.0193935,0.00488805,9.81,5.05585,-28.0393,3.55585,-11.7765,-1.8919,-12.8556,-0.891902,-13.0533,2.45285,2.45285,0.394268,0.401647,-0.0113886,0.901157,28.5
7.87236e+08,0.0199198,0.00178943,9.81,4.76008,-28.361,3.26008,-11.9116,-2.21707,-12.7297,-1.21707,-12.9256,2.55497,2.55497,0.391734,0.401375,-0.0104124,0.901057,28.5
7.87258e+08,0.0199767,-0.000965972,9.81,4.49812,-28.6199,2.99812,-12.0204,-2.49913,-12.5877,-1.49913,-12.7813,2.64332,2.64332,0.391262,0.401157,-0.00955461,0.900969,28.5
7.87281e+08,0.0196155,-0.00390278,9.81,4.21431,-28.8737,2.71431,-12.127,-2.79809,-12.4025,-1.79809,-12.5933,2.73693,2.73693,0.392629,0.400943,-0.00863147,0.900875,28.5
7.87306e+08,0.0187841,-0.00686712,9.81,3.91646,-29.1109,2.41646,-12.2266,-3.10404,-12.1745,-2.10404,-12.3618,2.83291,2.83291,0.395781,0.400744,-0.00766888,0.900777,28.5
7.87331e+08,0.0174877,-0.0097047,9.81,3.6123,-29.3231,2.1123,-12.3157,-3.40783,-11.9073,-2.40783,-12.0905,2.92862,2.92862,0.400057,0.400566,-0.00669159,0.900677,28.5
7.87353e+08,0.0159512,-0.0120648,9.81,3.336,-29.49,1.836,-12.3858,-3.67586,-11.6356,-2.67586,-11.8146,3.01363,3.01363,0.40406,0.400426,-0.00580814,0.900588,28.5
7.87375e+08,0.0141087,-0.0141755,9.81,3.05968,-29.6329,1.55968,-12.4458,-3.93605,-11.3372,-2.93605,-11.5116,3.09686,3.09686,0.407427,0.400306,-0.00492809,0.900499,28.5
7.87398e+08,0.0119443,-0.0160416,9.81,2.77655,-29.7546,1.27655,-12.4969,-4.19418,-11.0047,-3.19418,-11.174,3.18035,3.18035,0.409601,0.400205,-0.0040294,0.900407,28.5
7.87421e+08,0.00953072,-0.0175831,9.81,2.49179,-29.8521,0.991787,-12.5379,-4.44482,-10.6439,-3.44482,-10.8076,3.26255,3.26255,0.410091,0.400123,-0.00312799,0.900316,28.5
7.87446e+08,0.00665367,-0.0188608,9.81,2.17778,-29.931,0.677775,-12.571,-4.71036,-10.2163,-3.71036,-10.3735,3.35118,3.35118,0.408565,0.400057,-0.00213622,0.900216,28.5
7.87471e+08,0.0036131,-0.0196709,9.81,1.86322,-29.9802,0.363225,-12.5917,-4.96451,-9.75786,-3.96451,-9.90798,3.4379,3.4379,0.4052,0.400016,-0.00114435,0.900116,28.5
7.87496e+08,0.000483756,-0.0199941,9.81,1.54838,-29.9996,0.0483801,-12.5999,-5.20657,-9.26989,-4.20657,-9.4125,3.52268,3.52268,0.400725,0.4,-0.000152398,0.900015,28.5
7.87521e+08,-0.00263502,-0.0198257,9.81,1.23576,-29.9895,-0.264239,-12.5956,-5.43425,-8.75759,-4.43425,-8.89232,3.60491,3.60491,0.396148,0.400009,0.000832427,0.899916,28.5
7.87546e+08,-0.0057111,-0.0191672,9.81,0.921153,-29.9497,-0.578847,-12.5789,-5.65014,-8.21511,-4.65014,-8.3415,3.68573,3.68573,0.392407,0.400042,0.00182413,0.899816,28.5
7.87571e+08,-0.00864499,-0.0180351,9.81,0.607218,-29.8802,-0.892782,-12.5497,-5.85186,-7.64788,-4.85186,-7.76554,3.76446,3.76446,0.390363,0.4001,0.00281507,0.899715,28.5
7.87591e+08,-0.0108484,-0.0168022,9.81,0.355881,-29.803,-1.14412,-12.5173,-6.00314,-7.17575,-5.00314,-7.28615,3.82614,3.82614,0.390275,0.400164,0.00360991,0.899635,28.5
7.87613e+08,-0.0130496,-0.0151561,9.81,0.083075,-29.6973,-1.41692,-12.4729,-6.15671,-6.64581,-5.15671,-6.74805,3.89173,3.89173,0.391789,0.400253,0.00447461,0.899547,28.5
7.87638e+08,-0.0152649,-0.0129222,9.81,-0.227918,-29.5488,-1.72792,-12.4105,-6.31784,-6.02027,-5.31784,-6.11289,3.96478,3.96478,0.395264,0.400377,0.00546353,0.899447,28.5
7.87663e+08,-0.0171037,-0.0103665,9.81,-0.537447,-29.3707,-2.03745,-12.3357,-6.46293,-5.37593,-5.46293,-5.45863,4.03568,4.03568,0.399887,0.400526,0.00645188,0.899347,28.5
7.87688e+08,-0.0185166,-0.00755882,9.81,-0.844425,-29.1639,-2.34442,-12.2488,-6.59121,-4.71638,-5.59121,-4.78894,4.10421,4.10421,0.404668,0.400699,0.00743694,0.899247,28.5
7.87713e+08,-0.0194727,-0.00456229,9.81,-1.1493,-28.928,-2.6493,-12.1498,-6.7026,-4.04206,-5.7026,-4.10424,4.17049,4.17049,0.408607,0.400897,0.00842085,0.899146,28.5
7.87736e+08,-0.0199198,-0.00178969,9.81,-1.41924,-28.6932,-2.91924,-12.0512,-6.78743,-3.42967,-5.78743,-3.48243,4.2277,4.2277,0.410736,0.401095,0.00929742,0.899057,28.5
7.87757e+08,-0.019982,0.000848977,9.81,-1.67082,-28.4519,-3.17082,-11.9498,-6.85439,-2.8466,-5.85439,-2.89039,4.27975,4.27975,0.411217,0.401298,0.0101195,0.898973,28.5
7.87782e+08,-0.0196078,0.00394112,9.81,-1.96493,-28.1416,-3.46493,-11.8195,-6.91733,-2.15061,-5.91733,-2.1837,4.33903,4.33903,0.409842,0.401561,0.0110876,0.898874,28.5
7.87803e+08,-0.0188913,0.00656635,9.81,-2.21908,-27.8481,-3.71908,-11.6962,-6.9579,-1.53737,-5.9579,-1.56103,4.38887,4.38887,0.407183,0.40181,0.011931,0.898787,28.5
7.87825e+08,-0.0178404,0.00903994,9.81,-2.46737,-27.538,-3.96737,-11.5659,-6.98468,-0.9283,-5.98468,-0.942582,4.43629,4.43629,0.403704,0.402073,0.0127618,0.898701,28.5
7.8785e+08,-0.0161832,0.0117517,9.81,-2.75735,-27.1454,-4.25735,-11.4011,-6.99925,-0.205316,-5.99925,-0.208474,4.49006,4.49006,0.399325,0.402408,0.0137415,0.8986,28.5
7.87873e+08,-0.0143013,0.0139812,9.81,-3.01973,-26.761,-4.51973,-11.2396,-6.99626,0.458925,-5.99626,0.465986,4.53716,4.53716,0.39591,0.402737,0.0146377,0.898507,28.5
7.87896e+08,-0.0121933,0.0158532,9.81,-3.26959,-26.3678,-4.76959,-11.0745,-6.9785,1.0996,-5.9785,1.11652,4.5806,4.5806,0.393848,0.403074,0.0155007,0.898417,28.5
7.87919e+08,-0.00977033,0.0174511,9.81,-3.52286,-25.941,-5.02286,-10.8952,-6.94498,1.75641,-5.94498,1.78344,4.62318,4.62318,0.39345,0.403442,0.016386,0.898325,28.5
7.87942e+08,-0.00713057,0.0186857,9.81,-3.77291,-25.4906,-5.27291,-10.706,-6.89588,2.41132,-5.89588,2.44842,4.66373,4.66373,0.394948,0.403831,0.0172714,0.898232,28.5
7.87967e+08,-0.00410629,0.0195739,9.81,-4.03834,-24.9788,-5.53834,-10.4911,-6.82547,3.11266,-5.82547,3.16055,4.70508,4.70508,0.398463,0.404276,0.018225,0.898132,28.5
7.8799e+08,-0.00130257,0.0199575,9.81,-4.2719,-24.4983,-5.7719,-10.2893,-6.74715,3.73417,-5.74715,3.79162,4.73995,4.73995,0.402752,0.404695,0.0190772,0.898041,28.5
7.8801e+08,0.00124965,0.0199609,9.81,-4.47856,-24.0481,-5.97856,-10.1002,-6.6644,4.28679,-5.6644,4.35275,4.76956,4.76956,0.406954,0.405089,0.0198423,0.89796,28.5
7.88033e+08,0.00414566,0.0195656,9.81,-4.71047,-23.5132,-6.21047,-9.87554,-6.55573,4.90922,-5.55573,4.98475,4.80133,4.80133,0.411422,0.40556,0.0207148,0.897867,28.5
7.88057e+08,0.00698559,0.0187404,9.81,-4.93972,-22.9515,-6.43972,-9.63962,-6.43096,5.52592,-5.43096,5.61093,4.83113,4.83113,0.414831,0.406057,0.0215931,0.897773,28.5
7.88081e+08,0.00971635,0.0174812,9.81,-5.16704,-22.3597,-6.66704,-9.39106,-6.28915,6.13778,-5.28915,6.23221,4.85898,4.85898,0.416572,0.406584,0.0224813,0.897677,28.5
7.88102e+08,0.0119818,0.0160137,9.81,-5.36592,-21.8113,-6.86592,-9.16074,-6.14938,6.67246,-5.14938,6.77511,4.88187,4.88187,0.416446,0.407074,0.0232741,0.897591,28.5
7.88123e+08,0.0139857,0.0142969,9.81,-5.55549,-21.2598,-7.05549,-8.92913,-6.00162,7.18074,-5.00162,7.29121,4.90231,4.90231,0.414871,0.40757,0.024045,0.897507,28.5
7.88144e+08,0.015731,0.0123506,9.81,-5.73845,-20.6989,-7.23845,-8.69353,-5.8447,7.66916,-4.8447,7.78715,4.92066,4.92066,0.412209,0.408077,0.0248046,0.897424,28.5
7.88165e+08,0.0171844,0.0102322,9.81,-5.91341,-20.1338,-7.41341,-8.45621,-5.68061,8.13349,-4.68061,8.25862,4.93685,4.93685,0.408994,0.408591,0.0255469,0.897342,28.5
7.88188e+08,0.0184912,0.00762069,9.81,-6.10638,-19.4753,-7.60638,-8.17963,-5.48256,8.64135,-4.48256,8.77429,4.95303,4.95303,0.405317,0.409193,0.0263858,0.897249,28.5
7.88212e+08,0.019441,0.0046954,9.81,-6.3026,-18.7637,-7.8026,-7.88074,-5.26128,9.15182,-4.26128,9.29261,4.9675,4.9675,0.402271,0.409849,0.0272632,0.897151,28.5
7.88235e+08,0.0199084,0.00191183,9.81,-6.47615,-18.095,-7.97615,-7.59991,-5.04735,9.59688,-4.04735,9.74452,4.97844,4.97844,0.400878,0.410469,0.0280627,0.897061,28.5
7.88259e+08,0.0199712,-0.00107342,9.81,-6.65283,-17.3719,-8.15283,-7.2962,-4.81026,10.0422,-3.81026,10.1967,4.98758,4.98758,0.401274,0.411144,0.0289024,0.896966,28.5
7.88281e+08,0.0196287,-0.00383596,9.81,-6.81097,-16.6838,-8.31097,-7.00721,-4.57985,10.4326,-3.57985,10.5931,4.99385,4.99385,0.403422,0.411792,0.0296793,0.896877,28.5
7.88306e+08,0.0187812,-0.00687505,9.81,-6.98243,-15.8882,-8.48244,-6.67304,-4.30839,10.8451,-3.30839,11.012,4.99832,4.99832,0.407595,0.412547,0.0305532,0.896777,28.5
7.88328e+08,0.0176418,-0.00942162,9.81,-7.12698,-15.1716,-8.62698,-6.37206,-4.05996,11.1823,-3.05996,11.3543,4.99994,4.99994,0.412242,0.413233,0.0313193,0.896688,28.5
7.88356e+08,0.0157515,-0.0123243,9.81,-7.29716,-14.265,-8.79716,-5.9913,-3.74127,11.5639,-2.74127,11.7418,4.99889,4.99889,0.418194,0.414108,0.0322625,0.896577,28.5
7.88379e+08,0.0138021,-0.0144742,9.81,-7.43154,-13.4925,-8.93154,-5.66686,-3.46656,11.8507,-2.46656,12.033,4.99541,4.99541,0.422417,0.41486,0.033045,0.896485,28.5
7.88404e+08,0.011362,-0.0164592,9.81,-7.56871,-12.6423,-9.0687,-5.30976,-3.16157,12.1271,-2.16157,12.3136,4.98897,4.98897,0.425406,0.415697,0.0338853,0.896385,28.5
7.88429e+08,0.00863967,-0.0180376,9.81,-7.69693,-11.7791,-9.19693,-4.94723,-2.84989,12.3667,-1.84989,12.557,4.97973,4.97973,0.426289,0.416554,0.0347176,0.896284,28.5
7.8845e+08,0.00623766,-0.0190024,9.81,-7.79554,-11.0606,-9.29554,-4.64543,-2.58934,12.5356,-1.58934,12.7285,4.97005,4.97005,0.425418,0.417275,0.0353955,0.896202,28.5
7.88475e+08,0.00317548,-0.0197463,9.81,-7.9072,-10.1755,-9.4072,-4.27371,-2.26769,12.7065,-1.26769,12.902,4.95573,4.95573,0.422775,0.418171,0.0362131,0.896102,28.5
7.88495e+08,0.000621432,-0.0199903,9.81,-7.99118,-9.44766,-9.49118,-3.96802,-2.00301,12.8171,-1.00301,13.0143,4.94203,4.94203,0.419847,0.418916,0.0368719,0.89602,28.5
7.8852e+08,-0.00254869,-0.0198369,9.81,-8.08642,-8.5384,-9.58642,-3.58613,-1.67272,12.918,-0.672719,13.1168,4.92254,4.92254,0.416116,0.419856,0.0376787,0.895919,28.5
7.88541e+08,-0.00511061,-0.019336,9.81,-8.15749,-7.78429,-9.65749,-3.2694,-1.39955,12.9711,-0.39955,13.1707,4.90442,4.90442,0.413645,0.420644,0.038335,0.895836,28.5
7.88562e+08,-0.00754989,-0.0185202,9.81,-8.22107,-7.03609,-9.72107,-2.95516,-1.12958,12.997,-0.129581,13.1969,4.88473,4.88473,0.412261,0.421434,0.0389752,0.895754,28.5
7.88587e+08,-0.0103528,-0.0171119,9.81,-8.28992,-6.11702,-9.78992,-2.56915,-0.79992,12.9928,0.20008,13.1927,4.85824,4.85824,0.412433,0.422415,0.0397474,0.895654,28.5
7.88611e+08,-0.0128859,-0.0152955,9.81,-8.34876,-5.19779,-9.84876,-2.18307,-0.472941,12.9497,0.527059,13.149,4.82925,4.82925,0.414778,0.423408,0.0405051,0.895554,28.5
7.88632e+08,-0.0147337,-0.0135247,9.81,-8.3899,-4.43948,-9.8899,-1.86458,-0.205691,12.8856,0.794309,13.0838,4.80347,4.80347,0.418129,0.424238,0.0411197,0.895473,28.5
7.88657e+08,-0.0166543,-0.0110741,9.81,-8.43121,-3.51276,-9.93121,-1.47536,0.117341,12.7726,1.11734,12.9691,4.76972,4.76972,0.423379,0.425264,0.0418585,0.895374,28.5
7.88677e+08,-0.0179568,-0.00880634,9.81,-8.45845,-2.73192,-9.95845,-1.14741,0.386062,12.6484,1.38606,12.843,4.73936,4.73936,0.428155,0.42614,0.042471,0.89529,28.5
7.88702e+08,-0.0191032,-0.00592176,9.81,-8.48193,-1.80248,-9.98193,-0.757041,0.701283,12.4665,1.70128,12.6582,4.70095,4.70095,0.433398,0.427196,0.0431887,0.895191,28.5
7.88725e+08,-0.019745,-0.00318355,9.81,-8.49489,-0.958982,-9.99489,-0.402772,0.982522,12.2698,1.98252,12.4586,4.66395,4.66395,0.43704,0.428168,0.0438299,0.895102,28.5
7.88749e+08,-0.0199997,-0.000108307,9.81,-8.49999,-0.0324922,-9.99999,-0.0136467,1.28559,12.0198,2.28559,12.2048,4.62095,4.62095,0.43925,0.429251,0.0445236,0.895003,28.5
7.88774e+08,-0.0197687,0.0030332,9.81,-8.49536,0.913344,-9.99536,0.383605,1.58808,11.7284,2.58808,11.9089,4.5745,4.5745,0.439349,0.430374,0.0452208,0.894903,28.5
7.88798e+08,-0.0191062,0.00591226,9.81,-8.48199,1.7995,-9.98199,0.75579,1.86461,11.4227,2.86461,11.5984,4.52862,4.52862,0.437657,0.431443,0.0458643,0.894809,28.5
7.88823e+08,-0.0179417,0.00883713,9.81,-8.45814,2.74217,-9.95814,1.15171,2.15086,11.0632,3.15086,11.2334,4.47726,4.47726,0.434564,0.432598,0.0465392,0.894709,28.5
7.88843e+08,-0.0166674,0.0110543,9.81,-8.43149,3.50568,-9.93149,1.47239,2.37628,10.7465,3.37628,10.9118,4.43372,4.43372,0.431699,0.433549,0.0470787,0.894627,28.5
7.88864e+08,-0.0150537,0.0131676,9.81,-8.39688,4.29715,-9.89688,1.8048,2.6035,10.3943,3.6035,10.5542,4.38672,4.38672,0.429026,0.434549,0.0476315,0.894542,28.5
7.88892e+08,-0.0125848,0.0155442,9.81,-8.34192,5.31314,-9.84192,2.23152,2.88489,9.90705,3.88489,10.0595,4.32353,4.32353,0.426944,0.435856,0.0483318,0.894433,28.5
7.88914e+08,-0.0102384,0.0171807,9.81,-8.28719,6.15622,-9.78719,2.58561,3.10903,9.47304,4.10903,9.61878,4.26861,4.26861,0.426969,0.436961,0.0489054,0.894342,28.5
7.88953e+08,-0.00583407,0.0191302,9.81,-8.17674,7.56614,-9.67674,3.17778,3.46335,8.6879,4.46335,8.82156,4.17155,4.17155,0.431095,0.438853,0.0498498,0.894188,28.5
7.88979e+08,-0.00266017,0.0198223,9.81,-8.08962,8.50605,-9.58962,3.57254,3.6842,8.12377,4.6842,8.24875,4.10308,4.10308,0.436251,0.440147,0.0504695,0.894085,28.5
7.89004e+08,0.000507597,0.0199936,9.81,-7.99476,9.41523,-9.49476,3.9544,3.88524,7.54747,4.88524,7.66359,4.03387,4.03387,0.442188,0.441427,0.0510619,0.893984,28.5
7.89029e+08,0.00361546,0.0196705,9.81,-7.89196,10.3014,-9.39196,4.32659,4.0685,6.95709,5.0685,7.06412,3.96346,3.96346,0.447889,0.442702,0.0516327,0.893884,28.5
7.89053e+08,0.00658157,0.0188861,9.81,-7.7821,11.1617,-9.2821,4.68793,4.23367,6.35712,5.23367,6.45493,3.89221,3.89221,0.452414,0.443967,0.0521809,0.893787,28.5
7.89078e+08,0.00946171,0.0176203,9.81,-7.66034,12.033,-9.16034,5.05386,4.38734,5.72284,5.38734,5.81088,3.817,3.817,0.455235,0.445278,0.0527303,0.893686,28.5
7.89103e+08,0.0121076,0.0159188,9.81,-7.52952,12.8923,-9.02952,5.41475,4.52465,5.07123,5.52465,5.14925,3.73966,3.73966,0.455889,0.446603,0.0532665,0.893586,28.5
7.89129e+08,0.0144579,0.0138191,9.81,-7.38947,13.7403,-8.88947,5.77094,4.64539,4.40296,5.64539,4.4707,3.66009,3.66009,0.454519,0.447943,0.0537905,0.893486,28.5
7.89154e+08,0.0164469,0.0113798,9.81,-7.24077,14.5736,-8.74077,6.12091,4.7488,3.7222,5.7488,3.77947,3.57858,3.57858,0.45172,0.449294,0.0543005,0.893385,28.5
7.89179e+08,0.0180327,0.00864986,9.81,-7.0829,15.3949,-8.5829,6.46587,4.83498,3.02796,5.83498,3.07455,3.49482,3.49482,0.448392,0.450663,0.0547985,0.893285,28.5
7.892e+08,0.0190335,0.00614208,9.81,-6.94112,16.085,-8.44112,6.7557,4.89451,2.42697,5.89451,2.46431,3.42164,3.42164,0.445916,0.451842,0.0552134,0.893199,28.5
7.89225e+08,0.0197614,0.0030804,9.81,-6.76806,16.8746,-8.26806,7.08734,4.94728,1.71955,5.94728,1.74601,3.33455,3.33455,0.444286,0.453229,0.0556844,0.893098,28.5
7.8925e+08,0.0199999,-6.04603e-05,9.81,-6.58661,17.6482,-8.08661,7.41226,4.982,1.00626,5.982,1.02174,3.24552,3.24552,0.444628,0.454628,0.0561421,0.892998,28.5
7.89276e+08,0.0197425,-0.00319878,9.81,-6.3972,18.404,-7.8972,7.72969,4.99851,0.290131,5.99851,0.294595,3.1547,3.1547,0.447177,0.456038,0.0565856,0.892898,28.5
7.89301e+08,0.0189955,-0.00625881,9.81,-6.19987,19.1418,-7.69987,8.03956,4.99676,-0.427114,5.99676,-0.433685,3.06209,3.06209,0.451682,0.457459,0.0570152,0.892797,28.5
7.89326e+08,0.0177794,-0.00915933,9.81,-5.9952,19.8595,-7.4952,8.34097,4.97681,-1.14197,5.97681,-1.15954,2.96791,2.96791,0.457457,0.458889,0.05743,0.892697,28.5
7.89348e+08,0.0163621,-0.0115013,9.81,-5.81105,20.4679,-7.31105,8.59653,4.94468,-1.76127,5.94468,-1.78837,2.88461,2.88461,0.462783,0.460142,0.0577794,0.89261,28.5
7.89373e+08,0.0143579,-0.013923,9.81,-5.59278,21.1479,-7.09278,8.8821,4.89093,-2.46752,5.89093,-2.50548,2.78743,2.78743,0.468327,0.46159,0.0581673,0.89251,28.5
7.89398e+08,0.0119965,-0.0160026,9.81,-5.36725,21.8075,-6.86725,9.15915,4.81923,-3.16699,5.81923,-3.21571,2.6886,2.6886,0.472411,0.463048,0.0585412,0.89241,28.5
7.89423e+08,0.00934338,-0.0176834,9.81,-5.13536,22.4443,-6.63536,9.42661,4.73005,-3.85553,5.73005,-3.91485,2.58846,2.58846,0.47445,0.464514,0.0588998,0.892309,28.5
7.89448e+08,0.00644991,-0.0189314,9.81,-4.89611,23.061,-6.39611,9.68561,4.62314,-4.53465,5.62314,-4.60442,2.48654,2.48654,0.474326,0.465993,0.0592451,0.892209,28.5
7.89471e+08,0.00359928,-0.0196735,9.81,-4.66672,23.6166,-6.16672,9.91897,4.50772,-5.15695,5.50772,-5.23629,2.39002,2.39002,0.472548,0.467383,0.0595545,0.892115,28.5
7.89496e+08,0.000457398,-0.0199948,9.81,-4.4148,24.1896,-5.9148,10.1596,4.36767,-5.80896,5.36767,-5.89833,2.28522,2.28522,0.469566,0.468881,0.0598719,0.892015,28.5
7.89522e+08,-0.00269666,-0.0198174,9.81,-4.1569,24.7385,-5.6569,10.3902,4.21116,-6.44335,5.21116,-6.54248,2.17911,2.17911,0.46644,0.470387,0.0601744,0.891914,28.5
7.89543e+08,-0.00533053,-0.0192766,9.81,-3.93298,25.1862,-5.43298,10.5782,4.0654,-6.9677,5.0654,-7.0749,2.08786,2.08786,0.464437,0.471675,0.0604199,0.891828,28.5
7.89566e+08,-0.00801637,-0.0183231,9.81,-3.69133,25.6408,-5.19133,10.7691,3.89862,-7.50664,4.89862,-7.62213,1.99019,1.99019,0.463597,0.473046,0.0606683,0.891737,28.5
7.89591e+08,-0.0107837,-0.0168437,9.81,-3.42034,26.1173,-4.92034,10.9693,3.70087,-8.07845,4.70087,-8.20274,1.88159,1.88159,0.464656,0.474561,0.0609275,0.891637,28.5
7.89611e+08,-0.0128436,-0.0153311,9.81,-3.19612,26.4862,-4.69612,11.1242,3.52935,-8.52604,4.52935,-8.65721,1.7924,1.7924,0.467128,0.4758,0.0611274,0.891556,28.5
7.89632e+08,-0.0147209,-0.0135387,9.81,-2.96524,26.8431,-4.46524,11.2741,3.34587,-8.96315,4.34587,-9.10104,1.70113,1.70113,0.470931,0.477062,0.0613203,0.891473,28.5
7.89657e+08,-0.0166675,-0.0110541,9.81,-2.68034,27.2529,-4.18034,11.4462,3.1106,-9.46984,4.1106,-9.61553,1.58925,1.58925,0.476753,0.478603,0.0615409,0.891373,28.5
7.89682e+08,-0.0182034,-0.00828479,9.81,-2.39032,27.6367,-3.89032,11.6074,2.86194,-9.94909,3.86194,-10.1022,1.4761,1.4761,0.483008,0.480154,0.0617468,0.891272,28.5
7.89707e+08,-0.0192777,-0.00532629,9.81,-2.09818,27.9907,-3.59818,11.7561,2.603,-10.3951,3.603,-10.555,1.36281,1.36281,0.488604,0.4817,0.0619361,0.891172,28.5
7.89732e+08,-0.019869,-0.00228536,9.81,-1.80717,28.3119,-3.30717,11.891,2.33747,-10.8032,3.33747,-10.9694,1.25057,1.25057,0.492642,0.483227,0.0621074,0.891073,28.5
7.89754e+08,-0.0199939,0.000494568,9.81,-1.54309,28.5772,-3.04309,12.0024,2.09059,-11.1427,3.09059,-11.3141,1.14918,1.14918,0.494573,0.484601,0.0622485,0.890984,28.5
7.89779e+08,-0.0196676,0.00363128,9.81,-1.24091,28.8511,-2.74091,12.1175,1.8019,-11.4955,2.8019,-11.6723,1.03366,1.03366,0.494699,0.486162,0.0623939,0.890884,28.5
7.89801e+08,-0.0189942,0.00626277,9.81,-0.978497,29.064,-2.4785,12.2069,1.54643,-11.7711,2.54643,-11.9522,0.933712,0.933712,0.493282,0.48751,0.0625066,0.890797,28.5
7.89826e+08,-0.0177731,0.0091715,9.81,-0.671375,29.2842,-2.17138,12.2994,1.24246,-12.0579,2.24246,-12.2434,0.817122,0.817122,0.490489,0.489078,0.0626231,0.890697,28.5
7.89848e+08,-0.0163474,0.0115223,9.81,-0.401997,29.4524,-1.902,12.37,0.971991,-12.2778,1.97199,-12.4667,0.71516,0.71516,0.487768,0.490446,0.0627118,0.890609,28.5
7.89871e+08,-0.0144786,0.0137975,9.81,-0.111901,29.6077,-1.6119,12.4352,0.677261,-12.4817,1.67726,-12.6738,0.605621,0.605621,0.485372,0.491914,0.0627937,0.890515,28.5
7.89896e+08,-0.012129,0.0159025,9.81,0.200515,29.7456,-1.29949,12.4932,0.356499,-12.6634,1.3565,-12.8582,0.487911,0.487911,0.484217,0.493489,0.0628663,0.890415,28.5
7.89921e+08,-0.00947554,0.0176129,9.81,0.514453,29.8539,-0.985547,12.5387,0.0313594,-12.8065,1.03136,-13.0035,0.369843,0.369843,0.485107,0.495066,0.0629233,0.890314,28.5
7.89947e+08,-0.00659306,0.018882,9.81,0.828634,29.9323,-0.671366,12.5716,-0.296159,-12.9102,0.703841,-13.1089,0.251845,0.251845,0.488185,0.496641,0.0629645,0.890214,28.5
7.89972e+08,-0.0035435,0.0196836,9.81,1.14384,29.981,-0.356156,12.592,-0.6262,-12.9747,0.3738,-13.1744,0.133571,0.133571,0.493126,0.498219,0.06299,0.890113,28.5
7.89994e+08,-0.000776922,0.0199849,9.81,1.42229,29.9991,-0.0777109,12.5996,-0.918405,-12.9988,0.0815948,-13.1988,0.0291417,0.0291417,0.498448,0.499611,0.0629995,0.890025,28.5
7.90019e+08,0.00236859,0.0198592,9.81,1.73739,29.9915,0.237394,12.5964,-1.24922,-12.9888,-0.249216,-13.1886,-0.0890265,-0.0890265,0.504673,0.501187,0.0629956,0.889924,28.5
7.90049e+08,0.00605494,0.0190614,9.81,2.11476,29.9433,0.614759,12.5762,-1.64466,-12.9247,-0.644658,-13.1236,-0.230598,-0.230598,0.511048,0.503075,0.0629702,0.889804,28.5
7.90071e+08,0.00857455,0.0180687,9.81,2.38501,29.8823,0.885008,12.5506,-1.92675,-12.844,-0.926751,-13.0416,-0.332068,-0.332068,0.514139,0.504429,0.0629382,0.889718,28.5
7.90094e+08,0.0111652,0.0165934,9.81,2.6818,29.7898,1.1818,12.5117,-2.23491,-12.7217,-1.23491,-12.9174,-0.443629,-0.443629,0.515708,0.505919,0.0628895,0.889623,28.5
7.90117e+08,0.0133919,0.0148545,9.81,2.96206,29.6776,1.46206,12.4646,-2.52382,-12.5738,-1.52382,-12.7672,-0.549137,-0.549137,0.515409,0.50733,0.0628305,0.889533,28.5
7.90142e+08,0.015574,0.012548,9.81,3.27571,29.5232,1.77571,12.3998,-2.8441,-12.3708,-1.8441,-12.5611,-0.667444,-0.667444,0.513388,0.508914,0.0627492,0.889432,28.5
7.90169e+08,0.0174541,0.00976497,9.81,3.60555,29.3275,2.10555,12.3175,-3.17668,-12.1144,-2.17668,-12.3007,-0.792184,-0.792184,0.510182,0.510587,0.0626459,0.889325,28.5
7.90201e+08,0.0190774,0.00600452,9.81,4.00477,29.0437,2.50477,12.1983,-3.5722,-11.7448,-2.5722,-11.9255,-0.943705,-0.943705,0.506525,0.512625,0.0624959,0.889194,28.5
7.90222e+08,0.0196818,0.00355326,9.81,4.24853,28.8446,2.74853,12.1147,-3.80926,-11.487,-2.80926,-11.6637,-1.03657,-1.03657,0.505278,0.513877,0.0623905,0.889114,28.5
7.90247e+08,0.0199955,0.000423221,9.81,4.54989,28.5707,3.04989,11.9997,-4.09701,-11.1343,-3.09701,-11.3056,-1.15179,-1.15179,0.505455,0.515434,0.0622451,0.889013,28.5
7.90272e+08,0.0198146,-0.00271673,9.81,4.84817,28.2685,3.34817,11.8728,-4.37531,-10.7479,-3.37531,-10.9133,-1.26635,-1.26635,0.507812,0.516988,0.0620843,0.888913,28.5
7.90293e+08,0.0192864,-0.0052948,9.81,5.09513,27.9942,3.59513,11.7576,-4.60026,-10.3996,-3.60026,-10.5596,-1.36163,-1.36163,0.511344,0.518284,0.061938,0.888829,28.5
7.90315e+08,0.0183744,-0.00789818,9.81,5.35134,27.6858,3.85134,11.628,-4.82786,-10.0107,-3.82786,-10.1647,-1.46094,-1.46094,0.516183,0.519639,0.0617731,0.888742,28.5
7.9034e+08,0.016906,-0.0106858,9.81,5.64045,27.3077,4.14045,11.4692,-5.07692,-9.53794,-4.07692,-9.68467,-1.57364,-1.57364,0.522382,0.521183,0.0615703,0.888641,28.5
7.90362e+08,0.0152235,-0.012971,9.81,5.89727,26.9439,4.39727,11.3165,-5.29059,-9.08731,-4.29059,-9.22711,-1.67437,-1.67437,0.527763,0.522569,0.0613746,0.888551,28.5
7.90383e+08,0.0133724,-0.0148721,9.81,6.13418,26.5842,4.63418,11.1654,-5.48079,-8.64566,-4.48079,-8.77867,-1.76786,-1.76786,0.531962,0.52386,0.0611804,0.888466,28.5
7.90409e+08,0.0108653,-0.0167912,9.81,6.41189,26.1316,4.91189,10.9753,-5.69453,-8.09573,-4.69453,-8.22028,-1.87822,-1.87822,0.535276,0.525392,0.0609352,0.888366,28.5
7.9043e+08,0.00849421,-0.0181066,9.81,6.64642,25.7222,5.14642,10.8033,-5.86661,-7.60377,-4.86661,-7.72075,-1.97213,-1.97213,0.536379,0.526702,0.0607126,0.888279,28.5
7.90452e+08,0.00595643,-0.0190924,9.81,6.87809,25.292,5.37809,10.6226,-6.02835,-7.09255,-5.02835,-7.20167,-2.0656,-2.0656,0.53589,0.528012,0.0604778,0.888193,28.5
7.90475e+08,0.0030968,-0.0197588,9.81,7.1235,24.807,5.6235,10.4189,-6.18998,-6.5231,-5.18998,-6.62346,-2.16545,-2.16545,0.533916,0.529419,0.060212,0.888099,28.5
7.90497e+08,0.000418309,-0.0199956,9.81,7.34396,24.3441,5.84396,10.2245,-6.32595,-5.98652,-5.32595,-6.07862,-2.25596,-2.25596,0.53133,0.530703,0.0599572,0.888013,28.5
7.90518e+08,-0.00223416,-0.0198748,9.81,7.55749,23.8697,6.05749,10.0253,-6.44863,-5.44364,-5.44863,-5.52739,-2.34443,-2.34443,0.528669,0.531964,0.0596949,0.887929,28.5
7.90541e+08,-0.00514218,-0.0193276,9.81,7.79045,23.3211,6.29045,9.79485,-6.57148,-4.82473,-5.57148,-4.89895,-2.44195,-2.44195,0.526331,0.533364,0.0593901,0.887834,28.5
7.90566e+08,-0.00804318,-0.0183114,9.81,8.02662,22.7295,6.52662,9.54637,-6.68325,-4.16805,-5.68325,-4.23217,-2.54198,-2.54198,0.525347,0.53481,0.0590598,0.887736,28.5
7.90587e+08,-0.0104127,-0.0170756,9.81,8.22689,22.1978,6.72689,9.32306,-6.76703,-3.5874,-5.76703,-3.64259,-2.62782,-2.62782,0.526087,0.536061,0.0587612,0.887651,28.5
7.90612e+08,-0.0129488,-0.0152423,9.81,8.45534,21.5548,6.95534,9.05302,-6.84908,-2.89737,-5.84908,-2.94194,-2.72702,-2.72702,0.52895,0.537517,0.0583982,0.887552,28.5
7.90635e+08,-0.015022,-0.0132038,9.81,8.66145,20.9385,7.16145,8.79418,-6.90957,-2.24849,-5.90957,-2.28308,-2.81784,-2.81784,0.533278,0.538862,0.0580481,0.887459,28.5
7.90658e+08,-0.0167672,-0.0109023,9.81,8.8602,20.3088,7.3602,8.52969,-6.95449,-1.59813,-5.95449,-1.62271,-2.90672,-2.90672,0.538608,0.54019,0.0576882,0.887367,28.5
7.90684e+08,-0.0183087,-0.00804927,9.81,9.07605,19.5814,7.57605,8.22418,-6.98676,-0.862986,-5.98676,-0.876263,-3.0049,-3.0049,0.544894,0.541671,0.0572696,0.887264,28.5
7.90705e+08,-0.0192112,-0.00556136,9.81,9.24625,18.9726,7.74625,7.96851,-6.99879,-0.261073,-5.99879,-0.26509,-3.08369,-3.08369,0.549505,0.542871,0.056917,0.887179,28.5
7.9073e+08,-0.0198465,-0.00247277,9.81,9.44198,18.2298,7.94198,7.6565,-6.99629,0.456924,-5.99629,0.463954,-3.17599,-3.17599,0.553608,0.544291,0.0564836,0.887079,28.5
7.90755e+08,-0.0199884,0.000680453,9.81,9.62999,17.468,8.12999,7.33655,-6.97547,1.17425,-5.97547,1.19231,-3.2666,-3.2666,0.55565,0.545702,0.0560358,0.886978,28.5
7.90781e+08,-0.0196322,0.00381808,9.81,9.80995,16.6884,8.30995,7.00912,-6.93637,1.88829,-5.93637,1.91734,-3.35542,-3.35542,0.555487,0.547102,0.0555737,0.886878,28.5
7.90809e+08,-0.0186555,0.00720928,9.81,10.0013,15.7972,8.50129,6.63483,-6.87116,2.67955,-5.87116,2.72078,-3.45247,-3.45247,0.553133,0.548653,0.0550408,0.886765,28.5
7.9083e+08,-0.0175034,0.00967623,9.81,10.1416,15.0965,8.6416,6.34054,-6.80554,3.28286,-5.80554,3.33336,-3.52566,-3.52566,0.550396,0.549839,0.0546181,0.886679,28.5
7.90855e+08,-0.0158009,0.0122609,9.81,10.2933,14.2862,8.79333,6.00021,-6.7149,3.95967,-5.7149,4.02059,-3.60708,-3.60708,0.547199,0.551176,0.0541252,0.88658,28.5
7.90878e+08,-0.0138862,0.0143935,9.81,10.4263,13.5237,8.92629,5.67997,-6.616,4.576,-5.616,4.6464,-3.68073,-3.68073,0.544962,0.552403,0.0536572,0.886489,28.5
7.90903e+08,-0.0114501,0.016398,9.81,10.5642,12.6714,9.06418,5.322,-6.49076,5.24115,-5.49076,5.32178,-3.75985,-3.75985,0.544072,0.553741,0.0531292,0.886388,28.5
7.90926e+08,-0.00900416,0.0178585,9.81,10.6809,11.8911,9.18091,4.99425,-6.36328,5.82798,-5.36328,5.91764,-3.82946,-3.82946,0.545082,0.554938,0.0526412,0.886297,28.5
7.90948e+08,-0.00637349,0.0189573,9.81,10.7903,11.1005,9.29026,4.66219,-6.22234,6.40072,-5.22234,6.49919,-3.89738,-3.89738,0.547858,0.556124,0.0521421,0.886206,28.5
7.9097e+08,-0.0037649,0.0196424,9.81,10.8867,10.3442,9.38673,4.34458,-6.07703,6.92785,-5.07703,7.03443,-3.95998,-3.95998,0.551856,0.557236,0.0516602,0.886121,28.5
7.90994e+08,-0.000785065,0.0199846,9.81,10.986,9.49427,9.48601,3.98759,-5.90211,7.49596,-4.90211,7.61128,-4.02771,-4.02771,0.557285,0.55846,0.0511131,0.886025,28.5
7.91014e+08,0.00176877,0.0199216,9.81,11.0638,8.76376,9.5638,3.68078,-5.74248,7.96346,-4.74248,8.08597,-4.08377,-4.08377,0.562118,0.559493,0.0506382,0.885944,28.5
7.9104e+08,0.00492924,0.0193831,9.81,11.1526,7.83856,9.65262,3.2922,-5.52868,8.52772,-4.52868,8.65892,-4.15202,-4.15202,0.56757,0.560775,0.0500302,0.885841,28.5
7.91063e+08,0.00772337,0.0184486,9.81,11.2255,6.98133,9.72546,2.93216,-5.31962,9.02251,-4.31962,9.16132,-4.21261,-4.21261,0.571221,0.561939,0.0494602,0.885748,28.5
7.91084e+08,0.0100214,0.0173081,9.81,11.282,6.2301,9.78199,2.61664,-5.12825,9.43373,-4.12825,9.57887,-4.26368,-4.26368,0.572942,0.562942,0.0489553,0.885666,28.5
7.91107e+08,0.0124721,0.0156348,9.81,11.3393,5.35586,9.83935,2.24946,-4.89646,9.8857,-3.89646,10.0378,-4.3208,-4.3208,0.573096,0.564089,0.048361,0.885571,28.5
7.91128e+08,0.0143852,0.0138949,9.81,11.3822,4.59028,9.88225,1.92792,-4.68591,10.2578,-3.68591,10.4156,-4.36882,-4.36882,0.57177,0.565077,0.0478346,0.885489,28.5
7.91149e+08,0.0161346,0.0118183,9.81,11.4202,3.78307,9.92017,1.58889,-4.45669,10.6258,-3.45669,10.7893,-4.41747,-4.41747,0.569303,0.566102,0.0472731,0.885402,28.5
7.91175e+08,0.0177993,0.00912066,9.81,11.4552,2.83695,9.95519,1.19152,-4.17916,11.0251,-3.17916,11.1947,-4.47195,-4.47195,0.565788,0.567284,0.0466065,0.885301,28.5
7.91196e+08,0.0188726,0.00662001,9.81,11.4772,2.02264,9.97725,0.849511,-3.93313,11.3407,-2.93313,11.5152,-4.5167,-4.5167,0.562984,0.568285,0.046025,0.885215,28.5
7.9122e+08,0.019656,0.00369355,9.81,11.4931,1.1142,9.9931,0.467966,-3.65137,11.6619,-2.65137,11.8413,-4.5643,-4.5643,0.560898,0.569385,0.0453674,0.885118,28.5
7.91246e+08,0.0199925,0.000547191,9.81,11.4999,0.164177,9.99985,0.0689544,-3.34908,11.9622,-2.34908,12.1463,-4.61151,-4.61151,0.560551,0.570517,0.0446695,0.885017,28.5
7.91266e+08,0.0199013,-0.00198485,9.81,11.498,-0.596398,9.99802,-0.250487,-3.10189,12.1762,-2.10189,12.3635,-4.64741,-4.64741,0.561851,0.57141,0.0441027,0.884937,28.5
7.9129e+08,0.0193819,-0.00493376,9.81,11.4876,-1.49495,9.98758,-0.627879,-2.80438,12.3982,-1.80438,12.589,-4.68769,-4.68769,0.565119,0.572451,0.0434236,0.884841,28.5
7.91312e+08,0.0185243,-0.00753984,9.81,11.4701,-2.31697,9.97013,-0.973128,-2.52745,12.5717,-1.52745,12.7651,-4.72252,-4.72252,0.569394,0.57339,0.0427929,0.884754,28.5
7.91333e+08,0.0173426,-0.00996162,9.81,11.4457,-3.12264,9.94568,-1.31151,-2.25202,12.7138,-1.25202,12.9094,-4.75477,-4.75477,0.574233,0.5743,0.0421656,0.884668,28.5
7.91354e+08,0.0158957,-0.0121378,9.81,11.4151,-3.90178,9.91506,-1.63875,-1.98225,12.8246,-0.982251,13.0219,-4.78419,-4.78419,0.57893,0.575168,0.0415499,0.884585,28.5
7.91374e+08,0.0142066,-0.0140774,9.81,11.3783,-4.66596,9.87831,-1.9597,-1.71475,12.9074,-0.714752,13.106,-4.81135,-4.81135,0.582984,0.576011,0.0409371,0.884503,28.5
7.91395e+08,0.0122386,-0.0158183,9.81,11.334,-5.44347,9.834,-2.28626,-1.43997,12.965,-0.439971,13.1645,-4.83724,-4.83724,0.586051,0.576859,0.040304,0.884419,28.5
7.9142e+08,0.00961327,-0.0175381,9.81,11.2722,-6.36751,9.77215,-2.67435,-1.11048,12.9978,-0.110479,13.1978,-4.86571,-4.86571,0.587832,0.577854,0.0395385,0.884319,28.5
7.91445e+08,0.00673303,-0.0188326,9.81,11.2002,-7.29088,9.70019,-3.06217,-0.778625,12.9911,0.221375,13.191,-4.89163,-4.89163,0.58741,0.578836,0.0387583,0.884219,28.5
7.91466e+08,0.00427157,-0.0195385,9.81,11.1347,-8.03409,9.63474,-3.37432,-0.510065,12.9566,0.489935,13.1559,-4.91062,-4.91062,0.585636,0.579618,0.0381188,0.884137,28.5
7.91486e+08,0.00173941,-0.0199242,9.81,11.0629,-8.77222,9.56294,-3.68433,-0.242419,12.896,0.757581,13.0944,-4.9278,-4.9278,0.58297,0.580387,0.0374729,0.884055,28.5
7.9151e+08,-0.00121293,-0.0199632,9.81,10.9724,-9.6161,9.47236,-4.03876,0.0642523,12.7939,1.06425,12.9907,-4.94536,-4.94536,0.579446,0.581257,0.0367205,0.883961,28.5
7.91533e+08,-0.00415635,-0.0195634,9.81,10.8729,-10.4566,9.37289,-4.39178,0.369909,12.6566,1.36991,12.8513,-4.96056,-4.96056,0.576239,0.582114,0.0359555,0.883867,28.5
7.91555e+08,-0.00677711,-0.0188168,9.81,10.7744,-11.2195,9.27436,-4.71218,0.647028,12.5006,1.64703,12.6929,-4.97234,-4.97234,0.574276,0.582885,0.0352467,0.88378,28.5
7.91579e+08,-0.00953317,-0.0175818,9.81,10.6571,-12.0553,9.15708,-5.06323,0.949803,12.2944,1.9498,12.4836,-4.98297,-4.98297,0.573753,0.583721,0.0344535,0.883684,28.5
7.91605e+08,-0.0122895,-0.0157787,9.81,10.5196,-12.9544,9.01963,-5.44086,1.27381,12.0303,2.27381,12.2154,-4.99164,-4.99164,0.575458,0.584611,0.0335792,0.883579,28.5
7.91629e+08,-0.0145353,-0.0137378,9.81,10.3843,-13.7703,8.88432,-5.7835,1.56561,11.7516,2.56561,11.9324,-4.99693,-4.99693,0.578963,0.585411,0.0327658,0.883482,28.5
7.91655e+08,-0.0165112,-0.0112863,9.81,10.2353,-14.6033,8.73526,-6.1334,1.86073,11.4272,2.86073,11.603,-4.99968,-4.99968,0.58396,0.58622,0.0319138,0.883382,28.5
7.9168e+08,-0.0180767,-0.00855763,9.81,10.0777,-15.4212,8.57766,-6.47691,2.14689,11.0685,3.14689,11.2388,-4.99963,-4.99963,0.589426,0.587007,0.0310546,0.883281,28.5
7.917e+08,-0.0190251,-0.00616802,9.81,9.94258,-16.0781,8.44258,-6.7528,2.37362,10.7504,3.37362,10.9158,-4.99752,-4.99752,0.593527,0.587634,0.0303469,0.8832,28.5
7.91721e+08,-0.0196723,-0.00360573,9.81,9.79791,-16.7422,8.29791,-7.03173,2.59957,10.4007,3.59957,10.5607,-4.99341,-4.99341,0.59682,0.588263,0.0296142,0.883115,28.5
7.91746e+08,-0.0199947,-0.000458776,9.81,9.61705,-17.522,8.11705,-7.35925,2.85993,9.95275,3.85993,10.1059,-4.98591,-4.98591,0.598973,0.588996,0.0287301,0.883015,28.5
7.91772e+08,-0.0198177,0.00269455,9.81,9.42837,-18.283,7.92837,-7.67887,3.10805,9.47504,4.10805,9.62081,-4.97561,-4.97561,0.598895,0.589706,0.0278402,0.882914,28.5
7.91793e+08,-0.0192867,0.00529382,9.81,9.2638,-18.908,7.7638,-7.94135,3.30672,9.05143,4.30672,9.19068,-4.9648,-4.9648,0.597226,0.590285,0.0270876,0.882829,28.5
7.91818e+08,-0.0182119,0.008266,9.81,9.06054,-19.6353,7.56054,-8.24682,3.5313,8.52118,4.5313,8.65227,-4.94936,-4.94936,0.593838,0.590954,0.0261845,0.882729,28.5
7.9184e+08,-0.0169036,0.0106896,9.81,8.87729,-20.2529,7.37729,-8.50623,3.71566,8.03788,4.71566,8.16154,-4.93362,-4.93362,0.590312,0.591518,0.0253923,0.882641,28.5
7.91863e+08,-0.0151563,0.0130494,9.81,8.67572,-20.8945,7.17572,-8.7757,3.90014,7.502,4.90014,7.61742,-4.91453,-4.91453,0.586774,0.5921,0.0245424,0.882547,28.5
7.91888e+08,-0.012917,0.0152692,9.81,8.45235,-21.5635,6.95235,-9.05666,4.08382,6.90441,5.08382,7.01063,-4.89136,-4.89136,0.584104,0.592703,0.0236236,0.882447,28.5
7.91912e+08,-0.0105302,0.0170034,9.81,8.23709,-22.1699,6.73709,-9.31136,4.24164,6.32622,5.24164,6.42355,-4.86721,-4.86721,0.58329,0.593247,0.0227588,0.882353,28.5
7.91937e+08,-0.00774147,0.018441,9.81,8.00171,-22.7936,6.50171,-9.57333,4.39412,5.69278,5.39412,5.78036,-4.83889,-4.83889,0.58451,0.593803,0.0218335,0.882253,28.5
7.91962e+08,-0.00474661,0.0194286,9.81,7.75866,-23.3979,6.25866,-9.82712,4.53097,5.03878,5.53097,5.1163,-4.80773,-4.80773,0.587753,0.594338,0.020898,0.882153,28.5
7.91987e+08,-0.00163456,0.0199331,9.81,7.50945,-23.9787,6.00945,-10.0711,4.65091,4.36958,5.65091,4.43681,-4.77389,-4.77389,0.59242,0.59485,0.0199576,0.882052,28.5
7.92012e+08,0.00151781,0.0199423,9.81,7.25427,-24.5356,5.75427,-10.305,4.75361,3.68712,5.75361,3.74385,-4.73737,-4.73737,0.597597,0.595338,0.0190124,0.881952,28.5
7.92037e+08,0.00457439,0.0194698,9.81,6.99834,-25.0582,5.49834,-10.5244,4.83732,3.00663,5.83732,3.05289,-4.69896,-4.69896,0.602176,0.595793,0.0180804,0.881853,28.5
