timestamp_us,AccX,AccY,AccZ,Roll_Acc,Roll_Gyr,Roll_Kalman,RollRate_Kalman,Pitch_Acc,Pitch_Gyr,Pitch_Kalman,PitchRate_Kalman,YawRate_Gyr,YawRate_Kalman,Alt_ToF,Alt_Kalman,Vz_Kalman,VBat,temp
3.70851e+07,1.01438,0.328037,9.63824,1.93861,0.0577102,1.92454,0.0559712,6.00452,-0.00171518,6.07798,-0.00257409,-0.0172377,-0.0157862,0.044,0.0429842,-0.0908914,4.1104,22.8094
3.71251e+07,1.04065,0.311178,9.74265,1.81905,-0.0949616,1.77838,-0.0923353,6.09376,0.0746207,6.12759,0.074898,0.0285639,0.0305908,0.044,0.0430876,-0.0911061,4.11032,22.7859
3.71451e+07,1.03826,0.308769,9.66905,1.8186,0.0271758,1.83049,0.0269032,6.12582,0.0898879,6.12702,0.0884305,0.0590981,0.0577143,0.043,0.0421833,-0.0942144,4.11065,22.8035
3.71651e+07,1.0287,0.332853,9.69759,1.95485,-0.0033586,1.86155,-0.00132565,6.05164,-0.0780511,6.04815,-0.0782999,-0.0630392,-0.0608896,0.043,0.0420916,-0.0940764,4.1103,22.7947
3.71851e+07,1.07408,0.299136,9.66663,1.76163,-0.0338929,1.74465,-0.0327071,6.33724,-0.00171518,6.21546,-0.00228508,0.0590981,0.0565711,0.043,0.0420803,-0.0939353,4.11063,22.7888
3.72851e+07,1.03348,0.320811,9.76404,1.87141,-0.0033586,1.83231,-0.0013088,6.03877,-0.0322495,6.07618,-0.0328594,0.043831,0.0470604,0.044,0.0430815,-0.0908774,4.11142,22.8124
3.73051e+07,1.01916,0.313586,9.65958,1.84913,-0.232366,1.84805,-0.227999,6.01969,0.150957,6.06861,0.149194,0.0743654,0.0756213,0.044,0.0430945,-0.0909076,4.1117,22.8065
3.73851e+07,1.08125,0.289502,9.68797,1.70108,0.042443,1.71588,0.0427253,6.36544,-0.00171518,6.23412,-0.00114987,0.0285639,0.0287826,0.044,0.0430965,-0.0904604,4.11187,22.8271
3.74051e+07,1.0311,0.308769,9.68567,1.81566,0.0119087,1.83297,0.0110614,6.07352,0.0288191,6.12606,0.0296825,0.043831,0.0458537,0.044,0.0430963,-0.0901004,4.11204,22.7976
3.74251e+07,1.07409,0.258193,9.70218,1.51513,0.0119087,1.65612,0.0102128,6.31506,0.0898879,6.19684,0.0884256,0.0590981,0.0564197,0.044,0.043102,-0.0899854,4.11221,22.8271
3.74851e+07,1.05019,0.330445,9.65958,1.9478,0.042443,1.80612,0.0568242,6.20125,0.0440865,6.23994,-0.106535,0.0285639,0.000170755,0.043,0.042079,-0.0932285,4.1113,22.8153
3.7506e+07,1.03826,0.306361,9.70703,1.79745,0.0271758,1.7564,0.0265995,6.10211,0.0288191,6.0949,0.0262205,0.0896325,0.0883005,0.045,0.0438942,-0.0878675,4.1115,22.8006
3.7586e+07,1.04543,0.282277,9.66188,1.66374,-0.125496,1.64624,-0.127196,6.17285,0.0746207,6.14143,0.0760895,0.0285639,0.0291341,0.042,0.0411007,-0.097151,4.11214,22.8271
3.7606e+07,1.05258,0.330445,9.69756,1.94022,0.0729773,1.90384,0.0711817,6.19111,-0.0780511,6.15648,-0.0762938,0.0285639,0.0279659,0.042,0.0410646,-0.0970915,4.1123,22.8065
3.7686e+07,1.06692,0.294319,9.71886,1.72422,-0.110229,1.71023,-0.1105,6.26189,0.0593536,6.22342,0.0596587,0.0896325,0.0867342,0.044,0.0430883,-0.0912013,4.11147,22.8094
3.7707e+07,1.02871,0.306361,9.66668,1.80505,-0.0186257,1.75047,-0.0174516,6.07142,0.0898879,6.08213,0.0884535,-0.0630392,-0.0554521,0.044,0.0430935,-0.0910022,4.11174,22.8359
3.7727e+07,1.03825,0.335262,9.70708,1.96688,0.103512,1.85021,0.102918,6.10143,-0.0933182,6.16823,-0.0926972,0.043831,0.0451008,0.044,0.0430881,-0.0911321,4.11201,22.83
3.7747e+07,1.01437,0.330445,9.68335,1.94384,0.0882446,1.94322,0.0879395,5.97673,-0.0933182,6.13325,-0.0921557,0.0285639,0.0300151,0.043,0.0421798,-0.093979,4.11218,22.8476
3.7767e+07,1.01199,0.320811,9.71895,1.88042,-0.0491601,1.83336,-0.0485835,5.94131,0.0746207,6.10062,0.0739874,0.0743654,0.0715002,0.043,0.0420818,-0.0944061,4.11225,22.8271
3.7787e+07,1.05737,0.296727,9.58117,1.76318,0.042443,1.80369,0.0394895,6.29461,0.0898879,6.25601,0.0890122,-0.0172377,-0.0124031,0.043,0.0420703,-0.0948061,4.11114,22.8447
3.7808e+07,1.0693,0.318403,9.67853,1.87284,-0.0491601,1.86688,-0.0482788,6.30117,0.0440865,6.31837,0.0452386,0.0590981,0.0591912,0.043,0.0420554,-0.0952851,4.11143,22.8212
3.7828e+07,1.06213,0.33767,9.70944,1.98,-0.0033586,1.93699,-0.00276579,6.23911,-0.0475166,6.20891,-0.0463304,-0.047772,-0.0443556,0.043,0.0420599,-0.0953296,4.11163,22.8359
3.7848e+07,1.04303,0.328037,9.6667,1.93236,0.118779,1.88617,0.116712,6.15483,-0.0475166,6.18678,-0.0472178,0.0896325,0.0902947,0.043,0.0420622,-0.0954851,4.11122,22.8271
3.7868e+07,1.03587,0.296727,9.7735,1.72931,0.103512,1.74875,0.101461,6.04732,-0.062784,6.06694,-0.0630492,0.1049,0.100176,0.043,0.0420661,-0.0954362,4.11134,22.83
3.79895e+07,1.11467,0.296727,9.67609,1.74495,0.0882446,1.77432,0.0879458,6.56838,-0.154387,6.35817,-0.151765,0.0132966,0.0168314,0.043,0.0421202,-0.0965201,4.10817,22.8418
3.801e+07,1.03827,0.279868,9.70699,1.64211,0.0119087,1.77754,0.0113319,6.10267,-0.0475166,6.14856,-0.0475168,0.1049,0.10496,0.043,0.042063,-0.0963677,4.10844,22.8418
3.803e+07,1.02393,0.330445,9.68097,1.94411,-0.125496,1.91326,-0.124343,6.03406,0.0288191,6.07385,0.0299995,-0.0325049,-0.0290868,0.043,0.0420622,-0.0961188,4.10887,22.8329
3.805e+07,1.08124,0.313586,9.69514,1.84116,-0.0796944,1.826,-0.0805472,6.36025,0.0898879,6.27638,0.0907637,0.0743654,0.0731242,0.043,0.0420585,-0.095903,4.10911,22.8124
3.807e+07,1.05258,0.32322,9.67381,1.90243,0.0729773,1.87393,0.073536,6.20634,-0.0322495,6.17976,-0.0337057,0.0132966,0.0167952,0.043,0.0420615,-0.0958435,4.10934,22.8447
3.811e+07,1.03348,0.308769,9.72129,1.80904,0.0119087,1.88227,0.0124906,6.06537,-0.0169823,6.10704,-0.0172931,0.0285639,0.0299808,0.044,0.0430055,-0.0925709,4.11008,22.8476
3.821e+07,1.0526,0.260601,9.69033,1.53147,0.0729773,1.70198,0.0726937,6.19715,-0.0169823,6.19307,-0.018423,-0.047772,-0.046161,0.043,0.0420617,-0.0956921,4.11038,22.8506
3.823e+07,1.01439,0.29191,9.68091,1.71773,-0.140763,1.78051,-0.141062,5.97904,0.181491,6.06232,0.183811,-0.00197053,-0.00121461,0.043,0.0420655,-0.0954668,4.11071,22.8153
3.831e+07,1.09079,0.306361,9.66663,1.80381,-0.232366,1.8216,-0.231778,6.43488,0.227293,6.32998,0.227315,0.0132966,0.0167353,0.043,0.0420638,-0.094983,4.11173,22.8594
3.833e+07,1.00484,0.282277,9.71177,1.65602,-0.0491601,1.7553,-0.050053,5.90466,-0.0169823,6.01537,-0.0163942,0.0132966,0.0179495,0.043,0.0420718,-0.0946909,4.11199,22.8535
3.841e+07,1.0096,0.332853,9.71422,1.95194,-0.217099,1.96824,-0.218557,5.92999,0.24256,6.02333,0.242271,0.120167,0.115487,0.043,0.0420719,-0.09456,4.11207,22.8506
3.843e+07,1.03348,0.325628,9.69994,1.91189,0.179848,1.80304,0.178012,6.07823,-0.0780511,6.11571,-0.0765766,0.0285639,0.0264188,0.043,0.0420739,-0.0943156,4.11232,22.8771
3.845e+07,1.06692,0.296727,9.74261,1.73414,0.195115,1.80276,0.196267,6.24671,-0.215456,6.24365,-0.215189,0.135434,0.134124,0.044,0.0424331,-0.0930294,4.11255,22.8771
3.847e+07,1.0096,0.335262,9.69998,1.96891,-0.0033586,1.83446,-0.00304177,5.93857,0.0288191,6.1354,0.0255929,0.150701,0.145201,0.044,0.0430162,-0.0909763,4.11269,22.8506
3.849e+07,1.05498,0.296727,9.707,1.74065,-0.217099,1.77674,-0.217669,6.19981,0.257827,6.17361,0.257533,-0.0325049,-0.0311993,0.044,0.0430843,-0.090883,4.11291,22.8624
3.8531e+07,1.03588,0.267826,9.60726,1.58765,0.0271758,1.63392,0.0272257,6.15165,-0.169654,6.17095,-0.167288,0.043831,0.0444354,0.043,0.0421473,-0.0940554,4.11315,22.8359
3.8551e+07,1.19823,0.376205,9.73312,2.19693,-0.0491601,2.09705,-0.040062,7.01307,-0.398662,6.70827,-0.390212,-0.0783064,-0.0688142,0.043,0.0420519,-0.095321,4.11326,22.8682
3.8571e+07,1.09079,0.313586,9.71887,1.83652,-0.781984,1.86101,-0.767498,6.40045,-0.0322495,6.44845,-0.0248751,-0.108841,-0.108555,0.042,0.0416853,-0.0960254,4.11328,22.8829
3.8591e+07,1.09318,0.318403,9.62153,1.88328,-0.720916,1.65915,-0.708535,6.4785,0.0898879,6.12462,0.101504,-0.368383,-0.366144,0.042,0.041155,-0.0973095,4.11347,22.8741
3.8631e+07,1.16957,0.395472,9.57173,2.34848,0.286718,2.42493,0.312401,6.96054,-1.32996,6.81201,-1.32288,0.288106,0.259079,0.043,0.0413913,-0.0962843,4.11277,22.8329
3.8651e+07,1.25076,0.359346,9.59297,2.12727,-1.65221,1.95983,-1.62754,7.42336,0.944849,6.99428,0.944755,0.135434,0.113929,0.043,0.0419695,-0.0946094,4.11282,22.8712
3.8792e+07,1.0764,0.542385,9.70263,3.18008,0.775267,2.87074,0.766902,6.32066,-1.03988,6.23185,-1.03233,0.349174,0.348096,0.042,0.0410466,-0.0966639,4.11244,22.8329
3.8812e+07,1.07177,0.0197596,9.77065,0.115181,-0.446107,0.607258,-0.445638,6.25989,0.56317,6.26335,0.535958,-0.108841,-0.0750311,0.043,0.0414125,-0.0952662,4.11208,22.8771
3.8832e+07,0.821037,0.0534774,9.65696,0.316144,-1.89649,0.125382,-1.90928,4.85954,2.86851,5.23374,2.85642,-0.521055,-0.509011,0.043,0.0420747,-0.0925313,4.11233,22.8741
3.8852e+07,1.02157,0.219658,9.8185,1.27472,0.485191,1.27674,0.470409,5.93851,-0.337593,5.81204,-0.326683,-0.185177,-0.173264,0.043,0.0421275,-0.0912384,4.11248,22.88
3.8872e+07,0.792249,0.53516,9.66013,3.16029,4.31725,2.91549,4.29858,4.68132,-3.84904,5.30351,-3.8414,0.562915,0.53731,0.042,0.0417455,-0.0923321,4.1127,22.8771
3.8892e+07,1.25552,0.431598,9.7023,2.52604,2.43939,2.83985,2.457,7.36614,-2.67347,7.25973,-2.69682,0.31864,0.350408,0.042,0.0410558,-0.09506,4.11275,22.8506
3.90331e+07,1.07645,0.344895,9.68569,2.0269,-0.369771,2.2011,-0.354038,6.33777,-0.917746,6.27154,-0.896163,0.31864,0.310218,0.043,0.042044,-0.093939,4.11369,22.8653
3.90531e+07,1.0216,0.118505,9.63077,0.701044,0.256183,0.84523,0.269774,6.05463,-0.642936,5.77138,-0.64318,-0.0172377,-0.0257362,0.043,0.0421376,-0.092745,4.11386,22.8535
3.90731e+07,1.21493,0.424373,9.62397,2.50499,-0.278168,2.12524,-0.268064,7.18803,0.410499,6.67543,0.411983,-0.00197053,-0.0213008,0.043,0.0420914,-0.093021,4.11402,22.8476
3.90931e+07,1.17433,0.446049,9.61929,2.63538,-0.201832,2.70646,-0.195616,6.95286,-0.261257,6.95933,-0.25815,0.181236,0.161208,0.043,0.0420052,-0.094431,4.114,22.8624
3.91131e+07,1.11231,0.202799,9.65694,1.19515,-0.781984,1.34371,-0.776807,6.56909,0.425766,6.40523,0.421957,0.120167,0.11586,0.042,0.0414609,-0.0963465,4.11407,22.8771
3.9134e+07,1.05259,0.287094,9.65001,1.69404,-0.873587,1.49072,-0.87064,6.2223,0.670041,6.08078,0.678015,0.043831,0.0401033,0.042,0.0411255,-0.0967094,4.11405,22.88
3.9154e+07,1.10511,0.352121,9.69518,2.06665,0.637863,2.03181,0.635997,6.49856,-1.02462,6.35411,-1.0159,0.227037,0.217933,0.042,0.0410633,-0.0967036,4.1142,22.88
3.9214e+07,0.78517,0.229292,9.93031,1.31862,-0.476641,1.67409,-0.473478,4.51966,1.60134,5.65118,1.5992,-0.59739,-0.560587,0.043,0.0420714,-0.0931656,4.11427,22.8829
3.9315e+07,0.811475,0.0896036,9.01123,0.567409,5.40122,0.431335,5.32896,5.14544,2.48683,4.4814,2.43641,0.517113,0.562107,0.042,0.0411371,-0.0957747,4.11326,22.88
3.9335e+07,0.109539,-0.230715,8.73829,-1.5123,6.54626,-0.765809,6.40849,0.717947,5.5708,3.29134,5.43072,0.578182,0.634959,0.042,0.0411099,-0.093962,4.11336,22.9006
3.9355e+07,0.486761,-0.0235918,9.51942,-0.14181,0.0271758,0.215777,-0.0361974,2.92717,0.899048,3.52383,0.880341,0.501846,0.496499,0.041,0.0405287,-0.0941155,4.11354,22.8653
3.9436e+07,0.694385,0.397881,10.5575,2.15365,-2.53771,2.93996,-2.55765,3.76038,0.4563,6.57406,0.452384,0.730854,0.664383,0.042,0.0408288,-0.0998797,4.11419,22.8741
3.9456e+07,0.89986,-0.0332255,10.1743,-0.186378,-1.68275,1.55598,-1.71243,5.0543,-0.383394,6.64224,-0.423407,1.14307,1.08549,0.042,0.0409077,-0.101518,4.11433,22.8829
3.9476e+07,0.737547,-0.249983,9.92246,-1.43921,-2.3545,0.184764,-2.35648,4.2497,-1.48263,5.592,-1.49773,1.15833,1.09411,0.044,0.0422259,-0.0979045,4.11447,22.8947
3.9496e+07,0.773185,0.395472,10.1063,2.2344,-0.766717,2.19508,-0.757839,4.37158,-1.98645,5.53909,-1.97137,0.80719,0.73937,0.044,0.0429875,-0.0948813,4.1146,22.9065
3.9516e+07,1.08117,0.552019,9.94719,3.15781,0.530993,3.17379,0.547695,6.19375,-2.82614,6.73293,-2.82119,1.02093,0.961155,0.044,0.0429951,-0.0955893,4.11455,22.8888
3.9536e+07,1.22931,0.238925,9.74,1.39415,-2.62931,1.99425,-2.59879,7.19125,0.318896,7.49763,0.291855,0.257571,0.23107,0.041,0.04118,-0.101753,4.11467,22.8506
3.9556e+07,1.21252,0.491809,9.65495,2.89335,-4.27817,2.66328,-4.24354,7.14887,2.15096,7.15464,2.18462,0.623984,0.559042,0.041,0.0400771,-0.10529,4.11479,22.8506
3.9636e+07,1.1791,0.467725,9.72379,2.73387,1.90504,2.25374,1.91978,6.90597,-1.13149,6.26416,-1.14451,-0.322581,-0.327182,0.044,0.043105,-0.0909216,4.11505,22.8859
3.9696e+07,0.651508,0.0245765,9.64519,0.145661,-2.85832,0.22115,-2.88268,3.8643,3.78454,4.70515,3.78732,-0.169909,-0.178047,0.042,0.0411143,-0.097698,4.11501,22.8918
3.9716e+07,1.08837,0.431598,9.70007,2.53179,2.60733,2.19625,2.57799,6.39567,-2.03225,5.85763,-2.00973,0.288106,0.291398,0.044,0.0422922,-0.0933999,4.11511,22.8829
3.9736e+07,0.837684,0.296727,9.61222,1.76147,5.8745,2.0618,5.86608,4.97826,-5.5437,5.359,-5.54502,0.715587,0.711347,0.044,0.043031,-0.0908494,4.11402,22.88
3.9836e+07,0.964267,0.197982,9.71642,1.1616,1.61496,1.07934,1.60901,5.66636,-1.43683,5.74264,-1.43762,0.288106,0.277659,0.044,0.0427198,-0.0908581,4.11431,22.8829
4.00171e+07,1.01914,0.373796,9.67154,2.20115,1.46229,2.11618,1.46825,6.01089,-1.05515,6.04167,-1.06266,0.196503,0.192045,0.043,0.042108,-0.0909962,4.11373,22.9065
4.00376e+07,1.05733,0.409923,9.71668,2.40157,-0.598778,2.48908,-0.592184,6.20481,0.685308,6.21843,0.675555,-0.0783064,-0.073536,0.043,0.0420729,-0.0913448,4.11322,22.8918
4.0058e+07,1.15286,0.36898,9.7189,2.15908,-1.91176,2.27658,-1.90753,6.76,1.73874,6.44678,1.73195,-0.0172377,-0.0169655,0.043,0.0420694,-0.0915524,4.11215,22.8829
4.0079e+07,1.04307,0.183532,9.67597,1.08039,-2.29344,1.27846,-2.29312,6.15163,2.13569,6.26573,2.13535,-0.154642,-0.159886,0.043,0.0420793,-0.0917087,4.11222,22.8682
4.0099e+07,1.00245,0.267826,9.67376,1.57743,-0.400305,1.36778,-0.410734,5.91396,0.593705,5.85683,0.604716,0.043831,0.0374083,0.043,0.0421213,-0.091695,4.11179,22.9124
4.0119e+07,1.04062,0.409923,9.67871,2.41132,2.7142,2.30986,2.70251,6.1312,-2.59714,6.12271,-2.58624,0.31864,0.314968,0.043,0.0420938,-0.0915538,4.11087,22.8888
4.014e+07,1.05735,0.36898,9.67625,2.17086,2.68366,2.21963,2.69137,6.2316,-2.96355,6.19619,-2.96743,0.440778,0.436511,0.043,0.0420797,-0.0917763,4.10999,22.8771
4.01611e+07,1.03347,0.36898,9.65016,2.17724,-1.16366,2.06993,-1.15011,6.10827,1.03645,6.23321,1.02355,-0.0172377,-0.0132853,0.043,0.0420759,-0.0921355,4.11035,22.9065
4.0182e+07,0.971378,0.388247,9.66923,2.28785,-2.76672,2.20922,-2.76226,5.73214,2.63951,5.86048,2.63999,-0.169909,-0.170848,0.043,0.0420988,-0.091464,4.11068,22.9065
4.0202e+07,1.00725,0.205207,9.66654,1.20958,-1.42321,1.55881,-1.42853,5.94738,0.975384,6.06561,0.982329,0.0132966,0.00969395,0.044,0.0429412,-0.0894296,4.11091,22.8976
4.0222e+07,1.00724,0.21725,9.71641,1.27404,0.286718,1.21264,0.284303,5.9169,-0.413929,5.92902,-0.408505,0.1049,0.0936519,0.044,0.0431198,-0.0885728,4.11122,22.8594
4.0242e+07,1.14329,0.419556,9.64302,2.47399,1.37069,2.18744,1.37125,6.75519,-1.32996,6.64302,-1.32665,0.379709,0.368496,0.044,0.0430853,-0.0892108,4.11024,22.8976
4.0262e+07,1.03108,0.352121,9.662,2.07538,0.790535,2.19472,0.798848,6.08727,-1.11622,6.42282,-1.12177,0.196503,0.192904,0.045,0.0438894,-0.087855,4.11058,22.8947
4.0283e+07,0.995283,0.289502,9.71891,1.69732,-0.2629,1.72548,-0.25602,5.84452,0.013552,5.81074,0.0111097,0.21177,0.21232,0.045,0.0441112,-0.0869765,4.11082,22.88
4.0303e+07,1.01915,0.335262,9.69522,1.96966,-0.53771,1.95138,-0.536545,5.99726,0.654773,5.80762,0.654213,-0.0630392,-0.062906,0.045,0.0441436,-0.0868299,4.11113,22.8888
4.0364e+07,1.04065,0.287094,9.52418,1.71637,0.347787,1.73976,0.340324,6.23284,-0.108585,6.3099,-0.106472,-0.0935736,-0.0876727,0.043,0.0420594,-0.0939363,4.11069,22.8771
4.0464e+07,1.06691,0.318403,9.65479,1.87744,-1.34687,1.63335,-1.35345,6.30253,1.44867,6.12908,1.46109,-0.108841,-0.120737,0.043,0.0421114,-0.0936507,4.11132,22.8682
4.0484e+07,1.04063,0.378613,9.59081,2.2475,1.43176,2.19595,1.42249,6.18773,-1.55897,6.26763,-1.54582,0.242304,0.235971,0.043,0.0420711,-0.0939854,4.11143,22.9182
4.0504e+07,1.03349,0.299136,9.72839,1.75137,1.96611,1.89078,1.97088,6.06117,-2.29179,6.1426,-2.29526,0.349174,0.345607,0.045,0.0437548,-0.0885725,4.11163,22.8829
4.0524e+07,1.05736,0.315995,9.67617,1.85938,0.0729773,1.80422,0.084073,6.23294,-0.184921,6.18406,-0.192144,0.0896325,0.0890758,0.045,0.044077,-0.0874078,4.11173,22.8976
4.0544e+07,1.04301,0.400289,9.6407,2.36382,-1.51481,2.259,-1.50651,6.16943,1.41813,6.11935,1.41715,-0.124108,-0.123379,0.045,0.0441061,-0.0873955,4.11191,22.9065
4.0564e+07,1.03348,0.303952,9.63106,1.79732,-1.02626,1.91352,-1.02981,6.12181,0.975384,6.11239,0.980423,-0.0935736,-0.0896848,0.043,0.0424213,-0.0928422,4.11217,22.8976
4.0584e+07,1.03111,0.265418,9.68323,1.56126,-0.0338929,1.52935,-0.0380569,6.07591,0.0593536,6.04417,0.0609306,0.0132966,0.0118082,0.043,0.0421259,-0.0935574,4.11233,22.88
4.0604e+07,1.09555,0.371388,9.72608,2.17303,0.622596,1.99214,0.620229,6.42209,-0.688738,6.24827,-0.686618,0.135434,0.13537,0.043,0.0420851,-0.0931857,4.11248,22.9006
4.0624e+07,1.05258,0.347304,9.69047,2.0406,0.882138,2.10761,0.882165,6.1952,-1.00935,6.22287,-1.00817,0.181236,0.180448,0.044,0.0429091,-0.0910187,4.1127,22.9094
4.0644e+07,1.01199,0.311178,9.68569,1.83018,0.0882446,1.92188,0.0897992,5.96175,-0.0780511,5.99674,-0.083751,0.21177,0.211135,0.044,0.0430711,-0.0912304,4.11284,22.8947
4.0664e+07,1.02632,0.308769,9.69755,1.81356,-0.827786,1.79134,-0.825961,6.03825,0.822712,6.00436,0.820293,-0.047772,-0.0436267,0.044,0.043099,-0.0910061,4.11305,22.9124
4.0804e+07,1.03109,0.313586,9.64769,1.85114,0.195115,1.83662,0.193649,6.09712,-0.200188,5.97718,-0.196584,-0.0783064,-0.0734428,0.043,0.0420989,-0.0937232,4.11393,22.9035
4.0824e+07,1.09556,0.33767,9.7284,1.97545,0.240916,1.93789,0.245626,6.42143,-0.383394,6.23181,-0.383665,0.043831,0.0469655,0.043,0.0420847,-0.0930778,4.11392,22.9035
4.0844e+07,1.00721,0.330445,9.65487,1.94965,-0.201832,2.03561,-0.197686,5.95219,0.0288191,6.17289,0.0290162,0.0285639,0.0234411,0.043,0.0420644,-0.0935655,4.11399,22.9006
4.0864e+07,1.03826,0.306361,9.72603,1.79398,-0.385038,1.81933,-0.387287,6.09029,0.303628,6.14294,0.302171,0.120167,0.117858,0.044,0.0429156,-0.0908967,4.11414,22.9182
4.0884e+07,0.976179,0.294319,9.78067,1.7151,0.118779,1.76675,0.116085,5.69708,-0.169654,5.71803,-0.167536,0.196503,0.185929,0.044,0.0431033,-0.0899603,4.11361,22.9418
4.0964e+07,0.971393,0.332853,9.64303,1.96698,0.042443,2.00454,0.0359123,5.7489,-0.0169823,5.9757,-0.0105033,0.0285639,0.0306492,0.043,0.0420805,-0.0932342,4.11245,22.9241
4.0984e+07,1.02154,0.332853,9.64773,1.96498,0.821069,1.94714,0.817825,6.0406,-0.795608,5.99376,-0.79611,0.0743654,0.079905,0.046,0.0446215,-0.0856026,4.11268,22.93
4.1004e+07,1.02393,0.313586,9.75454,1.83124,0.515725,1.84377,0.515782,5.9893,-0.398662,5.90928,-0.400793,0.0743654,0.0716022,0.046,0.0450871,-0.0840807,4.11289,22.9329
4.1024e+07,1.02155,0.29191,9.67141,1.71926,-0.568244,1.78869,-0.566419,6.02682,0.761644,6.11712,0.755678,-0.200444,-0.193216,0.046,0.045127,-0.0839775,4.11302,22.9535
4.1044e+07,1.07168,0.354529,9.68334,2.08408,-0.552977,1.97323,-0.555349,6.31115,0.624239,6.16923,0.62573,-0.0172377,-0.0140674,0.043,0.042596,-0.0918888,4.11322,22.9182
4.1064e+07,1.02393,0.301544,9.65955,1.77808,0.149313,1.83283,0.145703,6.04796,-0.00171518,6.10634,-0.000810029,0.0590981,0.0591885,0.043,0.0421318,-0.093738,4.1124,22.9271
4.10851e+07,1.05259,0.313586,9.64055,1.85205,0.0882446,1.85683,0.0905772,6.22778,-0.307059,6.27013,-0.306482,0.135434,0.133046,0.043,0.0420722,-0.09408,4.11263,22.9094
4.11051e+07,1.03109,0.32322,9.67383,1.90287,0.16458,1.82747,0.163117,6.08057,-0.123852,6.07465,-0.122695,0.1049,0.102762,0.044,0.0429844,-0.0913058,4.11285,22.9094
4.11251e+07,0.997659,0.332853,9.6715,1.96071,0.378321,1.92712,0.37714,5.88603,-0.322326,5.8898,-0.323156,0.0285639,0.0308084,0.044,0.0431,-0.0902091,4.11289,22.9241
4.11451e+07,1.02154,0.340079,9.66199,2.00468,0.0882446,2.01411,0.0929831,6.0316,-0.13912,5.99565,-0.141204,0.0896325,0.0827532,0.044,0.0431114,-0.0897062,4.11242,22.9624
4.11651e+07,1.10034,0.335262,9.71177,1.96457,-0.766717,1.86857,-0.458119,6.46018,0.700575,6.29068,0.470324,0.043831,0.0395423,0.043,0.0422532,-0.0927283,4.11147,22.9594
4.11851e+07,1.01677,0.289502,9.67379,1.70476,-0.873587,1.73739,-0.875936,5.99744,0.883781,6.13717,0.886063,0.0132966,0.00837405,0.043,0.0420845,-0.093568,4.11175,22.9153
4.12851e+07,1.04064,0.320811,9.72842,1.87804,-1.39267,1.84591,-1.39324,6.10239,1.55554,6.17266,1.55376,-0.307314,-0.307026,0.042,0.0412884,-0.0945997,4.11144,22.93
4.1306e+07,1.05495,0.395472,9.67392,2.32718,-0.323969,2.18145,-0.329658,6.21841,0.34943,6.28211,0.357492,-0.0325049,-0.0350692,0.042,0.041083,-0.0951569,4.11155,22.9359
4.1387e+07,0.976135,0.455683,9.31083,2.78664,0.240916,2.06295,0.235555,5.97785,1.31126,5.80582,1.3143,0.364442,0.36998,0.044,0.0431095,-0.0906351,4.11199,22.9476
4.1407e+07,1.08118,0.525527,9.54352,3.13189,-0.598778,2.19831,-0.571225,6.45375,0.410499,6.01104,0.447717,-0.38365,-0.343029,0.042,0.0413278,-0.094042,4.11215,22.9535
4.1587e+07,1.1266,0.328037,9.72361,1.91937,-0.75145,1.92914,-0.746862,6.60525,0.379964,6.40116,0.38798,0.0132966,0.00220093,0.044,0.0431981,-0.0896048,4.11302,22.9271
4.1787e+07,0.990494,0.340079,9.68576,2.00047,-0.0338929,1.92802,-0.0311278,5.83536,-0.230723,5.899,-0.23282,0.0590981,0.0605796,0.044,0.0431028,-0.0913069,4.11321,22.9241
4.1887e+07,1.01437,0.342487,9.68574,2.01412,0.912672,1.99375,0.915682,5.97499,-0.978814,6.014,-0.980621,0.272839,0.269177,0.045,0.0438942,-0.0882175,4.11267,22.9653
4.1988e+07,1.06214,0.313586,9.74976,1.83137,0.897405,1.90133,0.896805,6.21408,-1.08568,6.22715,-1.0827,0.196503,0.1923,0.042,0.0410558,-0.0973816,4.11209,22.9682
4.20091e+07,1.00243,0.344895,9.65727,2.03445,0.317252,1.97113,0.320852,5.92237,-0.383394,6.04641,-0.387282,0.135434,0.133186,0.043,0.0420063,-0.0941021,4.11234,22.9712
4.20891e+07,1.08124,0.325628,9.74501,1.90215,0.317252,1.75409,0.00870577,6.32772,-0.0780511,6.14516,-0.183418,-0.0172377,0.235787,0.043,0.042079,-0.0931526,4.11162,22.9388
4.21291e+07,1.02154,0.325628,9.75931,1.90064,0.332519,1.77317,0.33129,5.97228,-0.169654,5.97605,-0.173505,0.135434,0.130608,0.045,0.0439816,-0.0873665,4.11206,22.9653
4.21491e+07,1.03108,0.371388,9.68815,2.183,0.0577102,2.0307,0.0600326,6.07051,0.0593536,6.03049,0.0572696,-0.00197053,-0.00373623,0.045,0.0441068,-0.0870895,4.11214,22.9624
4.2169e+07,1.04064,0.320811,9.68806,1.88577,-0.308702,2.00528,-0.186542,6.12759,0.273094,5.97354,0.241916,-0.0172377,0.0249222,0.045,0.0441185,-0.0869206,4.11238,22.9682
4.21891e+07,1.07646,0.315995,9.63104,1.86758,-0.491908,1.85046,-0.490153,6.37409,0.532636,6.28666,0.533201,-0.108841,-0.11061,0.043,0.0422199,-0.0931044,4.11194,22.9418
4.22091e+07,1.05257,0.361754,9.63351,2.13783,-0.15603,1.97579,-0.156686,6.23113,0.212025,6.13481,0.214087,-0.047772,-0.0457143,0.043,0.0420955,-0.0935303,4.11093,22.9565
4.22291e+07,1.00721,0.328037,9.64062,1.93828,0.485191,1.89329,0.450482,5.96097,-0.505532,6.04808,-0.22927,0.0743654,0.0895055,0.043,0.0420871,-0.0936021,4.10971,23.0094
4.22491e+07,1.04064,0.344895,9.63824,2.03757,0.515725,1.92066,0.697711,6.15842,-0.520799,6.02257,-0.642061,0.135434,0.0910492,0.045,0.0439006,-0.0877552,4.10907,22.9535
4.227e+07,1.00481,0.361754,9.67866,2.12909,-0.110229,1.97788,-0.106076,5.92297,0.166224,5.98186,0.162635,-0.0172377,-0.0145698,0.045,0.0441024,-0.0875883,4.10947,22.9506
4.22905e+07,1.03825,0.330445,9.72369,1.93537,-0.659847,1.9303,-0.657468,6.09121,0.608972,6.07144,0.608073,0.0132966,0.0145543,0.042,0.0430174,-0.0912241,4.11001,22.9771
4.2311e+07,1.04066,0.275051,9.69273,1.61617,-0.339236,1.76078,-0.343615,6.12562,0.318896,6.08785,0.322748,-0.0325049,-0.032355,0.042,0.0412779,-0.0963785,4.11036,22.9741
4.2351e+07,1.03826,0.308769,9.71416,1.81026,0.317252,1.75324,0.317547,6.09762,-0.35286,6.0791,-0.352577,0.165968,0.162938,0.044,0.0418006,-0.094024,4.11093,22.9624
4.2411e+07,0.997665,0.313586,9.68809,1.84417,-0.110229,1.80314,-0.111652,5.87645,0.0746207,5.96401,0.0752132,-0.0630392,-0.058108,0.043,0.0427388,-0.091673,4.11007,22.9271
4.2511e+07,0.995273,0.328037,9.63825,1.939,0.424122,1.89897,0.423196,5.89224,-0.429196,6.02403,-0.42802,0.043831,0.0452866,0.045,0.0440932,-0.0884996,4.11128,22.9771
4.2611e+07,1.02392,0.361754,9.66202,2.13227,0.912672,2.09976,0.910218,6.04505,-0.933013,6.0931,-0.929685,0.21177,0.207528,0.045,0.0440229,-0.0896721,4.11095,22.9682
4.2631e+07,1.00961,0.29191,9.68804,1.71657,0.927939,1.87619,0.930605,5.94675,-0.978814,5.93501,-0.982344,0.1049,0.107013,0.045,0.0440959,-0.0899747,4.11109,22.9447
4.2651e+07,1.00244,0.330445,9.69998,1.94079,-0.339236,1.90426,-0.333252,5.89684,0.303628,5.96056,0.297667,-0.0172377,-0.0136628,0.043,0.0433759,-0.0918887,4.11121,22.9829
4.2671e+07,1.04303,0.328037,9.64533,1.93659,-1.11786,1.9308,-1.11838,6.16834,1.20439,6.20493,1.20489,-0.047772,-0.049164,0.043,0.0421991,-0.0957392,4.11151,22.9653
4.2691e+07,1.03348,0.308769,9.67618,1.81737,-0.629313,1.80285,-0.632302,6.0934,0.502102,6.11501,0.508017,-0.0935736,-0.0869047,0.043,0.0420806,-0.0955166,4.1117,22.9859
4.27112e+07,1.0096,0.32322,9.69284,1.89962,0.576794,1.83974,0.573511,5.94318,-0.749807,5.97804,-0.742971,0.0743654,0.073579,0.044,0.0424428,-0.0938343,4.11112,22.9771
4.2811e+07,1.06214,0.306361,9.65478,1.80658,0.134046,1.8237,0.131023,6.27483,-0.13912,6.21277,-0.135266,0.0285639,0.0290995,0.043,0.0420787,-0.094746,4.11073,22.9712
4.2852e+07,1.02631,0.33767,9.66673,1.98942,0.256183,1.92038,0.257083,6.0567,-0.24599,6.12302,-0.249239,0.0896325,0.0855581,0.045,0.0439534,-0.0893571,4.1111,23.0035
4.2912e+07,1.02633,0.287094,9.6524,1.69411,-0.354504,1.78376,-0.353646,6.06671,0.227293,6.05421,0.227958,0.043831,0.0384826,0.044,0.0431665,-0.0917402,4.11053,22.9741
4.3195e+07,1.01438,0.320811,9.69758,1.88447,0.118779,1.82513,0.116983,5.96825,-0.0169823,6.02083,-0.0178358,0.120167,0.112772,0.043,0.0420715,-0.0952138,4.11075,23.0241
4.3215e+07,1.05496,0.366571,9.74035,2.14275,0.0729773,2.05127,0.0741909,6.17716,-0.291791,6.1711,-0.289114,-0.047772,-0.0415877,0.043,0.0420618,-0.095101,4.10972,22.98
4.3235e+07,1.00721,0.332853,9.66437,1.96194,0.0729773,1.98855,0.0739599,5.94633,-0.337593,6.0353,-0.337803,-0.00197053,-0.00325224,0.043,0.0420677,-0.0952081,4.11,22.9888
4.3255e+07,1.00961,0.308769,9.73318,1.80732,-0.323969,1.86543,-0.318907,5.91905,0.0288191,6.0612,0.0308354,0.0743654,0.0713393,0.043,0.0420698,-0.0951868,4.11026,22.9947
4.3275e+07,1.10989,0.311178,9.68798,1.82776,-0.507175,1.81646,-0.506497,6.5322,0.379964,6.37454,0.379959,0.0896325,0.0873855,0.043,0.0420644,-0.0950211,4.11043,22.9594
4.3295e+07,1.02871,0.313586,9.63345,1.85389,-0.15603,1.91761,-0.158934,6.09202,0.120422,6.19376,0.122822,0.135434,0.131098,0.043,0.0420588,-0.0952358,4.11009,22.9712
4.3315e+07,1.02155,0.294319,9.67854,1.73218,0.240916,1.74512,0.240007,6.02237,-0.307059,6.06637,-0.304116,-0.00197053,0.00143044,0.045,0.0432706,-0.0908609,4.11035,22.9594
4.3335e+07,1.00721,0.330445,9.71185,1.93835,0.286718,1.91357,0.286419,5.91755,-0.215456,6.01929,-0.217794,0.0132966,0.0133913,0.045,0.0440209,-0.0882367,4.1106,23.0447
4.3355e+07,1.05736,0.320811,9.68092,1.88679,-0.0491601,1.96671,-0.0517396,6.22979,0.181491,6.19454,0.178514,0.0743654,0.0748719,0.045,0.0440917,-0.0880884,4.11075,23.0094
4.3375e+07,1.04064,0.332853,9.70232,1.95365,-0.293435,1.97219,-0.295784,6.11839,0.410499,6.08936,0.409589,0.0285639,0.0265462,0.042,0.0423063,-0.0937676,4.11107,22.9682
4.33952e+07,1.00243,0.33767,9.70711,1.98175,-0.15603,1.87758,-0.158374,5.89238,0.0440865,6.00161,0.0467302,-0.0172377,-0.0144987,0.042,0.0412016,-0.0965445,4.1112,23.0035
4.3415e+07,1.00005,0.306361,9.6857,1.8021,0.363054,1.76813,0.360094,5.89201,-0.337593,5.93896,-0.336926,0.0285639,0.0306471,0.042,0.0410918,-0.0963928,4.11039,23.0094
4.3435e+07,1.05735,0.356938,9.6145,2.11339,0.225649,2.08359,0.227146,6.27156,-0.200188,6.20884,-0.202261,0.0743654,0.0723783,0.044,0.0422617,-0.0928459,4.11072,22.9859
4.34551e+07,1.05258,0.330445,9.7308,1.93367,-0.247633,1.90235,-0.246401,6.17015,0.24256,6.21828,0.240707,-0.00197053,0.00603302,0.044,0.0429952,-0.0910838,4.11095,22.9859
4.3615e+07,1.05498,0.303952,9.68802,1.78646,0.0577102,1.82308,0.0591395,6.2117,-0.169654,6.18213,-0.168474,0.043831,0.041139,0.044,0.0426767,-0.0922725,4.11211,23.0094
4.36351e+07,1.03348,0.332853,9.69996,1.95428,-0.201832,1.96703,-0.199149,6.07806,0.166224,6.11892,0.16502,0.0590981,0.061053,0.044,0.0430439,-0.0908712,4.11109,22.9712
4.3655e+07,1.00721,0.318403,9.64772,1.88003,-0.140763,1.87359,-0.142786,5.95682,0.120422,6.02751,0.121575,-0.00197053,-0.00336,0.044,0.04309,-0.0911236,4.1108,23.0035
4.3675e+07,1.0502,0.315995,9.67142,1.86043,-0.0033586,1.87143,-0.00308168,6.19405,-0.0780511,6.10892,-0.0771188,0.0285639,0.0278766,0.043,0.0424983,-0.0930442,4.11111,23.0271
4.3695e+07,1.07169,0.299136,9.64289,1.76596,0.149313,1.87319,0.150764,6.33869,-0.215456,6.28805,-0.214308,0.0590981,0.0604531,0.043,0.0421102,-0.0944039,4.11073,23.0241
4.3715e+07,1.03826,0.296727,9.69752,1.74265,-0.125496,1.73368,-0.125461,6.10824,0.181491,6.13607,0.179677,-0.00197053,0.000200492,0.043,0.0420786,-0.0942722,4.11037,23.0124
4.3735e+07,1.05736,0.328037,9.65482,1.9344,-0.461374,1.91799,-0.458702,6.24632,0.303628,6.17873,0.303646,-0.00197053,5.78959e-05,0.043,0.0420705,-0.0944054,4.1107,23.0388
4.3815e+07,1.05497,0.332853,9.70706,1.95241,-0.201832,1.88198,-0.200955,6.19897,0.135689,6.20787,0.136271,0.0132966,0.0180693,0.044,0.0430439,-0.090928,4.11149,23.0359
4.3835e+07,1.02154,0.325628,9.67146,1.9177,-0.186565,1.91771,-0.189468,6.02607,0.181491,6.0565,0.181768,0.0285639,0.0310949,0.044,0.0430918,-0.0903667,4.11177,23.0418
4.3855e+07,1.0287,0.330445,9.69046,1.94213,0.042443,1.87749,0.0415443,6.05611,-0.0169823,6.03784,-0.0175303,-0.00197053,-0.00248703,0.044,0.0431052,-0.0901581,4.11187,23.0006
4.3935e+07,1.03586,0.335262,9.70233,1.96788,-0.186565,1.9107,-0.185683,6.09046,0.181491,6.14358,0.18005,-0.0325049,-0.0291491,0.044,0.043096,-0.0902463,4.11134,23.0006
4.4015e+07,1.04303,0.318403,9.68331,1.87248,0.149313,1.92798,0.147268,6.14459,-0.062784,6.12278,-0.0627732,0.0743654,0.0745163,0.044,0.04309,-0.0910535,4.11185,23.0418
4.41351e+07,0.995268,0.344895,9.73325,2.0189,0.195115,1.91298,0.194844,5.83482,-0.215456,5.92615,-0.21457,0.0590981,0.0616597,0.045,0.0441137,-0.0876832,4.11069,23.03
4.4195e+07,1.06931,0.294319,9.77584,1.71425,-0.247633,1.80526,-0.249639,6.23953,0.24256,6.20516,0.243441,0.0132966,0.0125382,0.043,0.0420803,-0.0940591,4.11036,23.0006
4.4255e+07,1.01199,0.320811,9.66909,1.89001,0.225649,1.88287,0.226236,5.97169,-0.230723,6.06791,-0.231926,0.0590981,0.0577117,0.044,0.0430907,-0.0905961,4.11011,23.0329
4.4275e+07,1.0502,0.313586,9.64768,1.85075,0.042443,1.93273,0.0430416,6.20921,0.0440865,6.17352,0.0431657,-0.0172377,-0.0144248,0.043,0.0424951,-0.0923709,4.11037,23.0476
4.4295e+07,1.02631,0.352121,9.72136,2.06297,-0.217099,1.97884,-0.218494,6.02261,0.150957,6.0096,0.149777,-0.0325049,-0.0285844,0.043,0.0421326,-0.0928661,4.11003,23.0565
4.4315e+07,1.01916,0.303952,9.65481,1.79323,-0.15603,1.82039,-0.155194,6.02284,0.24256,6.06274,0.241706,0.0285639,0.0304297,0.043,0.0420925,-0.0929632,4.11021,23.0212
4.4335e+07,1.02393,0.328037,9.72845,1.92064,-0.0338929,1.85267,-0.0353499,6.00492,-0.00171518,6.06981,-0.000229408,0.0285639,0.0291918,0.044,0.0426851,-0.0909437,4.11039,23.0182
4.4355e+07,1.02393,0.320811,9.69282,1.88519,0.118779,1.84707,0.119077,6.02696,-0.13912,6.1069,-0.138804,0.043831,0.0445882,0.044,0.0430564,-0.089844,4.11055,23.0329
4.4375e+07,1.04065,0.315995,9.70467,1.85433,0.179848,1.8189,0.179565,6.1173,-0.123852,6.07335,-0.12413,0.0590981,0.059123,0.044,0.0431024,-0.0895186,4.11028,22.9947
4.43952e+07,1.00005,0.332853,9.69524,1.95592,0.0119087,1.8939,0.0139818,5.88569,-0.0169823,6.01174,-0.0192933,0.0132966,0.0140211,0.044,0.043104,-0.0896999,4.10995,23.0212
4.4415e+07,1.02632,0.313586,9.72367,1.83694,-0.186565,1.86468,-0.184763,6.02207,-0.00171518,6.06114,-0.000856479,-0.124108,-0.117129,0.044,0.0431061,-0.0893955,4.11022,23.0506
4.4435e+07,1.0478,0.330445,9.73555,1.93284,-0.171297,1.88877,-0.169552,6.1394,0.150957,6.08224,0.150392,0.0285639,0.0260022,0.044,0.0431081,-0.0892633,4.10988,23.0124
4.4555e+07,1.03348,0.303952,9.66905,1.79034,-0.53771,1.86618,-0.537991,6.09796,0.502102,6.15704,0.502112,-0.00197053,-0.00013187,0.044,0.0430939,-0.0900831,4.10859,23.0329
4.4575e+07,1.05258,0.328037,9.72367,1.92098,-0.0338929,1.94211,-0.0385874,6.17469,-0.00171518,6.12489,0.00184469,0.0590981,0.0589125,0.044,0.0430996,-0.0898761,4.10893,23.0418
4.4595e+07,1.0096,0.330445,9.66199,1.94818,0.393588,1.8546,0.392961,5.96184,-0.383394,6.09828,-0.382197,0.0743654,0.0771095,0.044,0.0430945,-0.090412,4.10866,23.0535
4.4615e+07,1.02631,0.330445,9.67384,1.94547,0.317252,1.88236,0.318727,6.05245,-0.24599,6.05845,-0.24864,0.1049,0.100186,0.044,0.0430995,-0.0907322,4.10849,23.0653
4.4635e+07,1.05736,0.301544,9.64765,1.77959,-0.140763,1.84056,-0.139571,6.25151,0.181491,6.17262,0.180564,-0.00197053,-0.00266146,0.043,0.0424991,-0.0923467,4.10875,23.0624
4.4655e+07,1.00483,0.313586,9.71182,1.83957,-0.461374,1.81366,-0.461916,5.904,0.379964,6.01124,0.382617,0.0285639,0.0285058,0.043,0.0421301,-0.0933075,4.10849,23.0359
4.4695e+07,1.02632,0.32322,9.69282,1.89928,0.424122,1.89218,0.424076,6.04086,-0.444463,6.07692,-0.443813,-0.0172377,-0.0131644,0.044,0.042686,-0.0911605,4.10891,23.0359
4.4715e+07,1.01438,0.325628,9.71183,1.90997,0.271451,1.90189,0.272377,5.95945,-0.307059,6.01992,-0.309403,0.0285639,0.0305346,0.044,0.0430603,-0.0897102,4.10873,23.0829
4.4735e+07,0.997672,0.287094,9.64293,1.69628,-0.339236,1.78401,-0.335988,5.90429,0.364697,6.03177,0.362882,-0.047772,-0.0457104,0.044,0.0430987,-0.0899963,4.10897,23.0712
4.4755e+07,1.03348,0.313586,9.67143,1.8466,-0.659847,1.85593,-0.658678,6.09626,0.715842,6.10327,0.714379,-0.0783064,-0.076847,0.044,0.0431022,-0.0899045,4.10929,23.0182
4.4775e+07,1.05497,0.332853,9.7308,1.9477,0.118779,1.89817,0.114343,6.18398,-0.0780511,6.11182,-0.0745125,-0.0325049,-0.03093,0.044,0.0431027,-0.089857,4.10959,23.0594
4.4795e+07,1.0096,0.344895,9.67625,2.03034,0.714199,1.95298,0.712391,5.95279,-0.704005,5.97776,-0.703383,0.0896325,0.0890526,0.044,0.0431065,-0.0900148,4.10997,23.0476
4.4815e+07,1.02155,0.301544,9.69279,1.7721,0.256183,1.80482,0.259482,6.01344,-0.291791,6.03396,-0.295927,0.0590981,0.0576718,0.043,0.0425081,-0.0915108,4.11015,23.0476
4.4835e+07,1.03109,0.325628,9.71419,1.90917,-0.705649,1.88948,-0.701185,6.05547,0.56317,6.08725,0.561356,-0.00197053,-0.00556093,0.043,0.0421307,-0.0925728,4.11041,23.0712
4.4855e+07,1.03349,0.289502,9.66665,1.7057,-0.583511,1.81236,-0.58385,6.09976,0.56317,6.1174,0.566119,-0.0172377,-0.017302,0.043,0.0420914,-0.0924326,4.10939,23.0418
4.4955e+07,0.983336,0.320811,9.73085,1.87871,-0.385038,1.85655,-0.388241,5.76724,0.4563,5.81363,0.455435,-0.00197053,-0.0026332,0.042,0.0411787,-0.0947869,4.109,23.0624
4.4975e+07,1.00244,0.311178,9.6857,1.83037,0.0271758,1.82031,0.0253623,5.90588,0.013552,5.97325,0.0153369,-0.0325049,-0.0276446,0.042,0.041099,-0.0945111,4.1094,23.0535
4.50553e+07,1.02392,0.347304,9.71898,2.03532,0.042443,1.93821,0.0424206,6.01027,-0.123852,6.01043,-0.120904,-0.00197053,-0.000796725,0.043,0.0425122,-0.0910506,4.10935,23.0682
4.5176e+07,1.02392,0.342487,9.67149,2.01685,0.179848,1.99837,0.181644,6.03965,-0.154387,6.0305,-0.154155,0.0285639,0.0319527,0.043,0.0425003,-0.0928306,4.10976,23.0918
4.5196e+07,1.05974,0.328037,9.68568,1.92826,-0.247633,1.94468,-0.246729,6.24055,0.303628,6.11344,0.300663,0.043831,0.0404424,0.043,0.0421286,-0.0933589,4.11012,23.0712
4.5276e+07,1.04543,0.284685,9.70462,1.67063,-0.0338929,1.78232,-0.0285945,6.14585,-0.13912,6.19766,-0.139753,0.0285639,0.0313197,0.045,0.0440936,-0.0874669,4.11042,23.0565
4.5296e+07,1.05497,0.315995,9.63106,1.86803,-0.369771,1.86209,-0.368019,6.24784,0.441033,6.15274,0.43896,-0.0630392,-0.0602905,0.043,0.0429135,-0.091368,4.11075,23.0329
4.5316e+07,1.03587,0.313586,9.71179,1.83897,-0.293435,1.84925,-0.293186,6.08506,0.181491,6.03768,0.183564,-0.0325049,-0.031054,0.043,0.0421763,-0.0930151,4.11115,23.0506
4.53771e+07,1.05496,0.344895,9.64298,2.03626,-0.0949616,2.00441,0.0421717,6.2395,0.0440865,6.1105,0.0265139,0.043831,-0.030482,0.044,0.0430438,-0.0907575,4.11102,23.0624
4.53971e+07,1.03587,0.318403,9.7118,1.86719,-0.110229,1.88045,-0.110511,6.08495,0.120422,6.13239,0.120405,-0.0172377,-0.0159649,0.044,0.0430852,-0.0909261,4.11115,23.0947
4.54171e+07,1.01438,0.294319,9.70941,1.72687,-0.0796944,1.77542,-0.0797223,5.96159,-0.0475166,5.95335,-0.0448397,0.0896325,0.0887263,0.044,0.0431058,-0.090371,4.11144,23.0918
4.54571e+07,1.02632,0.325628,9.65247,1.92133,-0.0186257,1.82044,0.0582919,6.06585,0.0288191,6.13606,0.0417202,0.043831,0.073035,0.044,0.0430967,-0.0907216,4.11073,23.0476
4.54781e+07,1.01677,0.318403,9.65959,1.87756,-0.110229,1.83857,-0.111376,6.00558,0.181491,6.09453,0.180897,0.0590981,0.0589195,0.043,0.0423464,-0.0931973,4.11105,23.0741
4.5498e+07,1.01916,0.306361,9.66906,1.8048,-0.0796944,1.86616,-0.078559,6.01399,-0.00171518,6.06105,-0.000501191,-0.0172377,-0.0159414,0.043,0.0421095,-0.0936176,4.11118,23.0535
4.5518e+07,1.0311,0.287094,9.69988,1.68583,0.134046,1.80641,0.134045,6.06514,-0.154387,6.12825,-0.155804,-0.047772,-0.0455058,0.043,0.0420839,-0.0932925,4.11147,23.0653
4.5538e+07,1.01916,0.29191,9.71415,1.71183,0.042443,1.7427,0.0430252,5.9866,0.120422,6.03281,0.117157,-0.00197053,-0.0031807,0.043,0.0420901,-0.0928,4.11158,23.0859
4.5558e+07,1.03825,0.354529,9.69761,2.08182,-0.232366,1.95634,-0.23262,6.10688,0.257827,6.14609,0.25808,0.043831,0.0409931,0.043,0.0420815,-0.0926442,4.11177,23.0888
4.5578e+07,1.01916,0.308769,9.7023,1.81282,-0.0338929,1.90194,-0.0359556,5.9935,0.150957,6.04255,0.150697,0.0743654,0.0696296,0.043,0.0420855,-0.0927187,4.11186,23.0829
4.5598e+07,1.05736,0.315995,9.67379,1.85983,0.16458,1.90832,0.162519,6.23445,-0.200188,6.22716,-0.198697,0.0590981,0.0598785,0.044,0.0428318,-0.0900622,4.11153,23.0918
4.5618e+07,1.04304,0.294319,9.68327,1.73094,0.103512,1.81225,0.104393,6.14513,-0.13912,6.16629,-0.13973,0.043831,0.0463059,0.044,0.0430711,-0.0897276,4.11172,23.0624
4.5638e+07,1.0502,0.313586,9.72603,1.83602,0.0271758,1.94536,0.0260173,6.15963,0.0440865,6.10727,0.0434767,0.0285639,0.0307075,0.044,0.0430998,-0.089145,4.11139,23.0653
4.5658e+07,1.01917,0.27746,9.73549,1.62361,-0.15603,1.76001,-0.154585,5.97386,0.0440865,6.01375,0.0461204,0.043831,0.0430366,0.042,0.0416168,-0.093057,4.11168,23.08
4.5678e+07,0.995279,0.306361,9.66671,1.80569,-0.0949616,1.81949,-0.0946802,5.8755,0.105155,5.98671,0.105438,-0.0325049,-0.0285486,0.042,0.0411458,-0.0939604,4.11194,23.08
4.5698e+07,1.03587,0.318403,9.74504,1.8609,0.0577102,1.85936,0.0571271,6.06437,-0.0475166,6.11461,-0.0477933,0.0285639,0.0278039,0.042,0.0410903,-0.0940065,4.11203,23.1035
4.57191e+07,1.04542,0.330445,9.71419,1.93709,0.0119087,1.87384,0.0127899,6.13887,-0.0780511,6.14671,-0.0791973,0.0285639,0.0292551,0.044,0.0425835,-0.0886717,4.11245,23.0741
4.574e+07,1.06692,0.299136,9.67613,1.76006,-0.0949616,1.77915,-0.0932053,6.28919,0.0746207,6.20822,0.0742994,-0.0325049,-0.0304777,0.044,0.0430584,-0.0872483,4.11259,23.1006
4.57824e+07,1.02154,0.320811,9.68095,1.88752,0.134046,1.90422,0.134017,6.02032,-0.13912,6.05196,-0.13851,0.043831,0.0413532,0.043,0.0422672,-0.0915254,4.11286,23.0918
4.58046e+07,1.05258,0.340079,9.65484,2.00546,-0.110229,1.95084,-0.108161,6.21803,0.013552,6.10445,0.0115186,-0.00197053,-0.00247908,0.043,0.0421164,-0.0916977,4.1129,23.0829
4.5826e+07,1.02871,0.303952,9.70466,1.78394,-0.217099,1.86853,-0.218555,6.0479,0.257827,6.09486,0.256928,0.043831,0.0435245,0.043,0.0420957,-0.0915828,4.11244,23.0535
4.58469e+07,1.03348,0.308769,9.66193,1.82002,-0.0491601,1.85292,-0.0532332,6.10231,0.181491,6.11735,0.180616,-0.00197053,-4.12462e-06,0.042,0.0411902,-0.094365,4.11258,23.1329
4.58675e+07,1.04542,0.311178,9.72603,1.82203,0.210382,1.83051,0.209494,6.13189,-0.184921,6.07527,-0.184023,0.0132966,0.0154969,0.042,0.041097,-0.0941305,4.11213,23.0594
4.5908e+07,0.997662,0.32322,9.6976,1.89894,-0.0949616,1.93171,-0.0957867,5.87053,0.120422,5.98456,0.119512,0.0590981,0.0582546,0.045,0.0438029,-0.0856964,4.11304,23.08
4.5935e+07,1.06691,0.311178,9.71889,1.82292,-0.217099,1.87159,-0.217072,6.26151,0.166224,6.13527,0.166812,0.0590981,0.0603304,0.045,0.0441171,-0.0848606,4.11307,23.0712
4.59558e+07,1.02391,0.376205,9.7214,2.20398,0.16458,2.01148,0.160773,6.00809,-0.184921,6.0392,-0.184005,0.043831,0.0410548,0.044,0.0435284,-0.087242,4.1131,23.08
4.5976e+07,1.03348,0.311178,9.68805,1.82932,0.210382,1.84831,0.210121,6.08594,-0.24599,6.0964,-0.245979,0.0285639,0.0312214,0.044,0.0431569,-0.0885701,4.11203,23.0506
4.59967e+07,1.05019,0.340079,9.66197,2.00405,-0.140763,1.97268,-0.139548,6.1995,0.166224,6.16404,0.164156,-0.00197053,-0.00257898,0.044,0.0431096,-0.0886199,4.11101,23.1094
4.60171e+07,1.01437,0.347304,9.62402,2.05537,-0.278168,1.93722,-0.277902,6.01287,0.303628,6.10432,0.303639,0.0132966,0.0139975,0.043,0.0423546,-0.0914447,4.11114,23.0682
4.6038e+07,1.03587,0.306361,9.70229,1.79837,-0.0186257,1.88129,-0.0200951,6.09113,-0.0780511,6.11702,-0.0742381,0.0896325,0.0888146,0.043,0.0421158,-0.0923411,4.11135,23.1065
4.6058e+07,1.01438,0.311178,9.62634,1.84129,0.408855,1.81732,0.405635,6.01226,-0.24599,6.01726,-0.248023,0.150701,0.143797,0.043,0.0421021,-0.0923732,4.11155,23.0888
4.6078e+07,0.976169,0.332853,9.56468,1.98281,0.469924,1.91299,0.465519,5.82392,-0.0475166,5.81873,-0.0525655,0.272839,0.261898,0.044,0.0428593,-0.0901345,4.11056,23.1094
4.6098e+07,1.05735,0.366571,9.5979,2.17409,0.0577102,2.07686,0.0579095,6.28206,0.318896,6.19387,0.317229,0.043831,0.0529967,0.044,0.0430725,-0.0893873,4.11021,23.0859
4.6119e+07,1.01439,0.263009,9.69749,1.54513,-0.552977,1.71525,-0.554805,5.96946,0.700575,6.0212,0.699275,-0.0783064,-0.0639801,0.044,0.0430946,-0.0894451,4.11047,23.0947
4.6139e+07,1.01916,0.29191,9.75926,1.70401,-0.614046,1.62693,-0.620224,5.95915,0.731109,6.05039,0.729126,-0.215711,-0.206288,0.043,0.0423543,-0.0921636,4.11063,23.0918
4.6159e+07,1.05735,0.33767,9.79491,1.96304,0.576794,1.87625,0.569627,6.15755,-0.612402,6.12034,-0.607581,0.0590981,0.0565128,0.043,0.0421137,-0.0926311,4.11035,23.1006
4.61801e+07,1.02393,0.32322,9.68808,1.90025,1.21802,2.00591,1.21479,6.02983,-1.20782,6.06554,-1.21102,0.288106,0.28065,0.043,0.0420844,-0.0927313,4.11001,23.08
4.62011e+07,1.03825,0.325628,9.70706,1.91041,-0.369771,1.91798,-0.360308,6.10166,0.227293,6.15131,0.221014,0.043831,0.0446819,0.044,0.0429293,-0.0896829,4.1102,23.1359
4.6222e+07,1.06213,0.325628,9.65956,1.91918,-1.31634,1.97477,-1.31361,6.27131,1.25019,6.21097,1.25077,-0.124108,-0.121896,0.044,0.0430812,-0.0892304,4.10986,23.0859
4.6242e+07,1.04065,0.306361,9.60969,1.81539,-0.64458,1.93008,-0.650428,6.17745,0.379964,6.14107,0.385394,-0.0325049,-0.0352219,0.044,0.0430977,-0.0900313,4.11005,23.0859
4.6262e+07,0.988118,0.296727,9.69044,1.74484,0.592061,1.81839,0.589071,5.81952,-0.627669,5.9276,-0.623168,0.120167,0.117318,0.044,0.0431129,-0.0897399,4.11032,23.1006
4.6282e+07,1.07647,0.29191,9.63575,1.7245,0.805802,1.77081,0.807043,6.37154,-0.826143,6.25299,-0.826165,0.165968,0.163091,0.044,0.0431009,-0.0900489,4.11048,23.0947
4.6302e+07,1.03825,0.356938,9.69762,2.09595,-0.110229,2.08308,-0.103715,6.10682,-0.0322495,6.21865,-0.0349565,0.135434,0.131898,0.044,0.0430852,-0.0901021,4.11081,23.0712
4.6402e+07,1.02154,0.330445,9.70471,1.93946,0.0882446,1.91233,0.090347,6.00549,-0.0169823,6.06125,-0.0208469,0.1049,0.102876,0.044,0.0430791,-0.0902951,4.11086,23.1094
4.64227e+07,1.00721,0.325628,9.70709,1.91104,-0.369771,1.92518,-0.36829,5.92054,0.471567,5.98028,0.468628,0.043831,0.0431645,0.044,0.043101,-0.0902704,4.10982,23.08
4.64436e+07,1.03348,0.306361,9.66905,1.80452,-0.354504,1.85296,-0.353629,6.09791,0.410499,6.06712,0.408444,-0.0783064,-0.0714504,0.043,0.042261,-0.0924877,4.10925,23.1271
4.6464e+07,1.05975,0.296727,9.65002,1.75071,-0.140763,1.75571,-0.142808,6.2641,0.0898879,6.19869,0.09221,-0.0172377,-0.014478,0.043,0.0421046,-0.0928892,4.10947,23.0859
4.64864e+07,1.05975,0.315995,9.65242,1.86385,0.118779,1.93489,0.119913,6.26213,-0.169654,6.23944,-0.167326,0.0743654,0.0695401,0.043,0.0420772,-0.0931602,4.10985,23.08
4.6507e+07,1.05737,0.282277,9.65949,1.66393,0.210382,1.71715,0.213013,6.24432,-0.368127,6.20022,-0.367845,0.150701,0.147107,0.044,0.0429848,-0.0905289,4.11021,23.1271
4.6527e+07,1.02155,0.275051,9.71412,1.61298,-0.0338929,1.72948,-0.031515,6.00087,0.013552,6.10318,0.0126131,0.0132966,0.0179762,0.044,0.0430854,-0.0903468,4.11055,23.0712
4.6547e+07,1.01915,0.33767,9.72609,1.97758,-0.278168,1.90763,-0.278421,5.97833,0.288361,6.02392,0.289812,-0.0325049,-0.0344314,0.044,0.0431014,-0.0900955,4.11088,23.1153
4.6567e+07,0.983336,0.318403,9.64537,1.88096,-0.0491601,1.8434,-0.0509731,5.81799,0.120422,5.83853,0.122789,-0.0630392,-0.0576728,0.044,0.0431154,-0.0901187,4.11118,23.0976
4.6587e+07,1.03109,0.315995,9.6382,1.86716,0.134046,1.93901,0.134017,6.10302,-0.0933182,6.06401,-0.0927081,-0.0325049,-0.0358552,0.044,0.0431026,-0.0905588,4.11139,23.1153
4.6607e+07,1.08841,0.29191,9.65236,1.72133,-0.110229,1.87044,-0.111635,6.43063,0.181491,6.29169,0.179424,-0.0783064,-0.0766952,0.044,0.0430884,-0.0903317,4.11159,23.0918
4.6627e+07,1.01439,0.289502,9.68803,1.70233,-0.461374,1.74745,-0.459645,5.97473,0.425766,6.09926,0.424573,0.0743654,0.0735418,0.043,0.0421848,-0.0935456,4.11186,23.1359
4.6647e+07,1.01438,0.296727,9.66668,1.7486,0.240916,1.77366,0.236752,5.98768,-0.184921,5.99164,-0.182803,0.0590981,0.0619026,0.043,0.042101,-0.0934214,4.11195,23.0976
4.6667e+07,0.973791,0.296727,9.66196,1.75019,0.943206,1.83012,0.942854,5.75249,-0.94828,5.81372,-0.947059,-0.0172377,-0.0141854,0.043,0.0421066,-0.0930815,4.11204,23.1212
4.6687e+07,1.07166,0.395472,9.72614,2.31442,0.54626,2.17162,0.549521,6.28256,-0.398662,6.05381,-0.403174,0.043831,0.0449486,0.044,0.0430007,-0.0897842,4.1122,23.13
4.6707e+07,1.02393,0.299136,9.64768,1.76603,-1.02626,1.80899,-1.02289,6.05539,1.15859,6.12682,1.15171,-0.0783064,-0.0815349,0.044,0.0430908,-0.089338,4.11227,23.0888
4.6727e+07,1.17674,0.373796,9.72364,2.18555,-1.65221,2.21448,-1.6495,6.89522,1.20439,6.88169,1.20767,0.1049,0.105893,0.044,0.0430361,-0.0903389,4.11251,23.1153
4.6747e+07,0.928459,0.161856,9.72589,0.949101,-0.705649,1.14722,-0.711774,5.45233,0.24256,5.84777,0.24427,0.120167,0.111438,0.043,0.0421916,-0.0926471,4.11274,23.1065
4.6767e+07,0.926039,0.279868,9.65248,1.65321,1.56916,1.60368,1.56227,5.47778,-1.74217,5.46326,-1.73142,0.288106,0.285605,0.043,0.0421558,-0.0918826,4.11236,23.13
4.6787e+07,1.05017,0.412331,9.6146,2.44118,2.48519,2.50823,2.48781,6.22783,-2.44446,6.12095,-2.44566,0.227037,0.224895,0.043,0.0420933,-0.0925047,4.1126,23.1476
4.6807e+07,1.10034,0.325628,9.7355,1.90358,-0.522442,2.03003,-0.501672,6.44482,0.150957,6.37726,0.142423,0.0590981,0.0669325,0.043,0.0420701,-0.0918505,4.11265,23.1271
4.6827e+07,1.0311,0.29191,9.745,1.70626,-3.31634,1.63723,-3.31236,6.0372,3.5708,6.24639,3.56318,-0.322581,-0.319482,0.043,0.0420754,-0.091781,4.11228,23.1182
4.6847e+07,0.988111,0.320811,9.69285,1.8859,-1.65221,1.81326,-1.67435,5.81759,2.18149,5.93667,2.1873,-0.124108,-0.129074,0.043,0.0420919,-0.0924387,4.11243,23.1388
4.6867e+07,1.06692,0.294319,9.65476,1.73552,1.90504,1.79355,1.8931,6.30309,-2.00172,6.25537,-1.99375,0.227037,0.23033,0.043,0.0420839,-0.0927213,4.11258,23.1124
4.6887e+07,0.990507,0.29191,9.71417,1.71234,2.6684,1.67528,2.67014,5.81944,-2.6582,5.83433,-2.66086,0.364442,0.359732,0.043,0.0421051,-0.0923643,4.11271,23.13
4.6907e+07,1.10986,0.424373,9.70953,2.48645,0.989008,2.33234,0.995327,6.51481,-0.871944,6.29462,-0.881758,0.165968,0.172007,0.043,0.0420815,-0.0923331,4.11225,23.1094
4.6927e+07,1.02391,0.378613,9.68579,2.22614,-1.49954,2.49297,-1.48668,6.02992,0.929583,6.26636,0.919552,0.0896325,0.0917335,0.043,0.042045,-0.0929832,4.11232,23.1124
4.72072e+07,0.99054,0.173898,9.66413,1.02551,-2.75145,1.09121,-2.74922,5.85125,2.91432,6.08519,2.90627,-0.398917,-0.391195,0.043,0.0420753,-0.0939169,4.11136,23.1418
4.7227e+07,1.05018,0.388247,9.72615,2.27272,-1.02626,1.99463,-1.04227,6.15774,1.25019,6.17038,1.26244,-0.0783064,-0.0804989,0.043,0.0420755,-0.0937826,4.11156,23.1624
4.7247e+07,1.01676,0.32322,9.72607,1.89306,2.42412,2.01546,2.41186,5.96476,-2.62767,6.15848,-2.61772,0.42551,0.419627,0.043,0.0420576,-0.0945395,4.11166,23.1065
4.7267e+07,1.01677,0.294319,9.69041,1.73017,2.53099,1.78723,2.53753,5.98714,-2.74981,5.91855,-2.75721,0.364442,0.368196,0.043,0.0420897,-0.0938298,4.11176,23.1124
4.7287e+07,1.02871,0.306361,9.68567,1.80155,-0.339236,1.75275,-0.329268,6.05961,0.425766,6.07239,0.418012,-0.108841,-0.0988757,0.043,0.0420864,-0.0934131,4.11186,23.1359
4.7307e+07,1.00003,0.409923,9.65262,2.41882,-1.97282,2.17865,-1.96961,5.90953,2.19676,5.91159,2.19661,-0.215711,-0.21417,0.043,0.0420929,-0.0929471,4.11076,23.1212
4.7427e+07,0.99049,0.352121,9.64779,2.07931,0.332519,2.03301,0.333061,5.85786,-0.35286,5.73033,-0.353119,-0.108841,-0.105204,0.044,0.0431349,-0.089409,4.11189,23.1241
4.7447e+07,1.1266,0.356938,9.68567,2.0964,-0.415572,2.03923,-0.411956,6.63013,0.364697,6.39266,0.361675,-0.00197053,-0.0055323,0.044,0.0430967,-0.0898619,4.11156,23.1124
4.7527e+07,0.851995,0.354529,9.68828,2.08767,3.67603,2.0226,3.66641,5.02236,-3.00935,5.14115,-3.01674,0.593449,0.595189,0.045,0.0438375,-0.0871025,4.11106,23.13
4.7547e+07,0.935592,0.272643,9.61447,1.6167,1.00428,1.78262,1.00865,5.55578,-0.413929,5.75959,-0.437763,0.1049,0.117824,0.045,0.0441079,-0.0867637,4.11119,23.1594
4.7567e+07,1.17196,0.373796,9.66429,2.1989,-3.3316,2.00686,-3.31883,6.90921,3.37233,6.62952,3.36328,-0.505787,-0.486227,0.045,0.0440863,-0.087268,4.11149,23.1212
4.7587e+07,0.995298,0.236517,9.67609,1.39288,-3.31634,1.65411,-3.32965,5.87114,3.31126,6.07357,3.31612,-0.307314,-0.304544,0.042,0.0413693,-0.0963399,4.11176,23.1771
4.7607e+07,0.923674,0.197982,9.73545,1.15981,0.485191,1.26627,0.466033,5.41874,-0.490265,5.61419,-0.476466,0.043831,0.0471301,0.042,0.0411217,-0.0966372,4.11194,23.1212
4.7628e+07,1.00005,0.340079,9.74511,1.98823,3.38595,1.71761,3.37721,5.85566,-3.25362,5.70583,-3.2456,0.42551,0.420491,0.042,0.0411088,-0.0958542,4.11211,23.1506
4.7648e+07,1.03823,0.400289,9.67632,2.35535,2.40886,2.20835,2.41688,6.11901,-2.21546,6.28824,-2.22712,0.242304,0.241914,0.044,0.0428653,-0.0908123,4.11236,23.0976
4.7668e+07,1.1075,0.332853,9.69752,1.95314,-1.1942,1.98302,-1.1819,6.51141,1.18912,6.43671,1.17475,-0.108841,-0.0997574,0.044,0.0430415,-0.0905193,4.11259,23.1124
4.7688e+07,0.978564,0.306361,9.67622,1.80425,-2.94992,1.75261,-2.94813,5.77186,3.05172,5.82731,3.05277,-0.292047,-0.290434,0.044,0.0431069,-0.0904096,4.11273,23.1094
4.7708e+07,0.949906,0.320811,9.67627,1.88984,-0.614046,1.94448,-0.627255,5.60362,0.914315,5.73659,0.922553,-0.185177,-0.187049,0.044,0.0431227,-0.0900358,4.11294,23.1476
4.7728e+07,1.15288,0.303952,9.69981,1.78229,1.66076,1.82643,1.65649,6.77484,-1.69637,6.39481,-1.68947,0.1049,0.105497,0.044,0.0431022,-0.089712,4.11197,23.0918
4.77491e+07,1.11229,0.275051,9.7544,1.60479,0.515725,1.71801,1.02818,6.50276,-0.73454,6.56989,-1.10693,0.257571,0.149628,0.044,0.0430683,-0.0906054,4.11222,23.1653
4.7769e+07,0.997657,0.342487,9.71662,2.00815,-0.766717,1.83726,-0.762806,5.8587,0.700575,5.95182,0.699562,0.0743654,0.070863,0.044,0.0431014,-0.0902222,4.11246,23.1565
4.77891e+07,0.992871,0.378613,9.63121,2.23934,-0.0186257,2.29829,-0.0221592,5.88126,-0.0475166,5.91154,-0.0458824,-0.047772,-0.0449673,0.044,0.0431124,-0.089644,4.11201,23.1359
4.7809e+07,1.0478,0.335262,9.65246,1.97766,0.408855,2.00042,0.592308,6.19166,-0.505532,5.81529,-0.580432,0.043831,0.0556609,0.044,0.0431163,-0.0893267,4.11226,23.1565
4.78291e+07,1.06214,0.284685,9.66662,1.67681,-1.01099,1.69398,-1.00441,6.26767,1.09752,6.28308,1.09178,-0.0630392,-0.0669283,0.045,0.0440425,-0.0871539,4.11259,23.13
4.78491e+07,1.12421,0.332853,9.6975,1.95276,-1.25527,1.92855,-1.25849,6.60883,1.32653,6.55759,1.32632,-0.108841,-0.108222,0.045,0.0440701,-0.0877719,4.11213,23.1006
4.78691e+07,0.935577,0.325628,9.66916,1.91986,0.668397,1.89381,0.18909,5.52356,-0.826143,6.10652,-0.450448,0.150701,0.191685,0.045,0.0440919,-0.0880431,4.11255,23.1506
4.7889e+07,1.00008,0.2317,9.73069,1.35688,1.6455,1.4717,1.64662,5.86634,-1.69637,5.877,-1.69489,0.165968,0.169438,0.044,0.0431852,-0.0906958,4.1126,23.1271
4.7909e+07,1.08122,0.393064,9.75937,2.29236,0.744733,2.22194,0.753332,6.3168,-0.765074,6.18368,-0.769305,0.0896325,0.0930492,0.044,0.0431053,-0.0903029,4.11223,23.13
4.79294e+07,1.05737,0.270235,9.67609,1.59028,-1.31634,2.15671,-0.988459,6.23394,1.03645,6.43241,0.740037,-0.0935736,-0.130902,0.044,0.0430679,-0.0908369,4.1123,23.1535
4.795e+07,0.995296,0.246151,9.7141,1.44398,-1.75908,1.50317,-1.7623,5.84818,1.84561,5.84771,1.84793,-0.154642,-0.153247,0.042,0.0412234,-0.0959285,4.11254,23.1682
4.797e+07,1.05975,0.318403,9.65717,1.87713,-0.0186257,1.79485,-0.0287669,6.25902,0.135689,6.15435,0.14494,-0.0783064,-0.0763538,0.042,0.0410939,-0.0960817,4.11209,23.1329
4.79901e+07,1.03825,0.354529,9.61689,2.09908,1.7829,2.05947,1.77865,6.15768,-1.5895,6.18412,-1.58855,0.227037,0.225539,0.043,0.0414269,-0.0952862,4.11175,23.1594
4.801e+07,1.12184,0.289502,9.71168,1.69619,0.790535,1.73933,0.795341,6.58638,-0.612402,6.41745,-0.61786,0.0896325,0.0944934,0.043,0.0419958,-0.0932953,4.11201,23.1594
4.803e+07,0.964231,0.325628,9.72375,1.90865,-0.766717,1.88354,-0.764625,5.65993,0.883781,5.76516,0.879907,-0.047772,-0.0488492,0.043,0.0420911,-0.0925486,4.11108,23.1418
4.805e+07,1.05257,0.361754,9.66437,2.13109,-0.522442,2.07595,-0.525115,6.21141,0.608972,6.04041,0.612249,-0.00197053,-0.00789301,0.044,0.0424594,-0.0911687,4.11138,23.1388
4.813e+07,1.03586,0.354529,9.66912,2.08794,0.0729773,1.97785,0.0720679,6.11073,0.0898879,6.04618,0.0887404,-0.00197053,-0.000999893,0.044,0.0431071,-0.0893514,4.11101,23.1359
4.82304e+07,0.988111,0.32322,9.67624,1.90328,0.210382,1.89732,0.207681,5.82745,-0.230723,5.93955,-0.225712,0.150701,0.149845,0.044,0.0424535,-0.0925022,4.11056,23.1006
4.8251e+07,1.05257,0.381022,9.6834,2.24013,0.744733,2.03618,0.743807,6.19882,-0.795608,6.099,-0.794958,0.120167,0.124175,0.044,0.0430306,-0.0903719,4.11088,23.1682
4.8271e+07,0.9905,0.318403,9.71896,1.86673,0.286718,1.86941,0.291186,5.81606,-0.398662,5.88512,-0.401645,0.0132966,0.0189273,0.044,0.0431041,-0.0897284,4.11102,23.1918
4.8291e+07,1.02154,0.315995,9.69282,1.85696,-0.904122,1.97431,-0.898167,6.01312,0.685308,6.0297,0.684634,0.0743654,0.0680865,0.043,0.0427396,-0.0910171,4.11115,23.1594
4.8311e+07,1.03587,0.328037,9.6762,1.93064,-1.02626,1.87948,-1.02861,6.10693,1.20439,6.19804,1.20409,-0.108841,-0.10632,0.043,0.0421484,-0.0928227,4.11136,23.1271
4.8331e+07,1.02871,0.299136,9.6453,1.76637,-0.0338929,1.85045,-0.0398201,6.08491,-0.108585,6.1551,-0.102303,0.0896325,0.0859925,0.043,0.0420814,-0.0932782,4.11029,23.1741
4.8451e+07,1.06453,0.294319,9.67375,1.73221,0.256183,1.75251,0.252578,6.27686,-0.261257,6.28093,-0.257036,0.0743654,0.0734772,0.042,0.0410838,-0.0953993,4.11008,23.1447
4.8551e+07,1.06452,0.344895,9.69045,2.02619,-0.522442,1.91453,-0.523329,6.26498,0.471567,6.16238,0.473398,0.1049,0.0999328,0.043,0.0421663,-0.0916262,4.10929,23.1888
4.8571e+07,1.08124,0.311178,9.69988,1.82615,-0.0644273,1.90165,-0.0641301,6.35722,-0.0322495,6.39962,-0.0316268,0.1049,0.101383,0.043,0.0420802,-0.0920954,4.10967,23.1359
4.8591e+07,1.08603,0.270235,9.69269,1.58708,0.103512,1.64068,0.102353,6.39063,-0.200188,6.41253,-0.200775,0.135434,0.13748,0.045,0.0427957,-0.0902182,4.10996,23.1535
4.86731e+07,1.086,0.376205,9.79495,2.18615,-0.904122,2.06648,-0.904085,6.3221,1.09752,6.09826,1.09547,-0.307314,-0.299198,0.043,0.0422068,-0.0906596,4.10976,23.1535
4.86931e+07,1.06213,0.347304,9.67384,2.04384,-0.675114,2.15638,-0.679202,6.26162,0.960117,6.46214,0.955735,-0.047772,-0.0554579,0.043,0.0420682,-0.092154,4.10945,23.1535
4.87131e+07,1.12185,0.238925,9.65699,1.40781,-0.797252,1.58775,-0.800133,6.62434,0.761644,6.79384,0.759062,-0.0172377,-0.0132079,0.045,0.0432222,-0.0895799,4.10974,23.1859
4.87331e+07,1.08366,0.210024,9.67597,1.23573,-0.369771,1.51819,-0.571525,6.38869,0.0898879,6.61998,0.4763,0.21177,0.133243,0.045,0.0439263,-0.0880453,4.10943,23.1388
4.8754e+07,0.923644,0.306361,9.6549,1.8092,1.7371,1.83103,1.72752,5.46188,-1.78797,5.70527,-1.78077,0.257571,0.262316,0.045,0.044114,-0.0875647,4.10914,23.1771
4.87741e+07,0.856772,0.349712,9.67402,2.06226,2.86687,2.01846,2.86652,5.05786,-2.82614,5.0813,-2.82816,0.272839,0.279667,0.042,0.0423783,-0.0921942,4.10936,23.1859
4.8814e+07,1.14331,0.356938,9.70465,2.09194,-2.78198,2.13563,-2.77054,6.71458,3.00592,6.57405,2.99186,-0.49052,-0.486338,0.042,0.0410793,-0.0940892,4.10888,23.1947
4.8834e+07,1.16003,0.335262,9.68086,1.96936,-4.3087,1.97263,-4.31012,6.82897,4.27309,6.7999,4.27453,-0.353116,-0.360757,0.044,0.04222,-0.0912461,4.10861,23.1594
4.8854e+07,1.03112,0.234108,9.65232,1.38153,-1.51481,1.43313,-1.53095,6.09577,1.37233,6.30956,1.3899,-0.0325049,-0.0307995,0.044,0.0429866,-0.0896393,4.10894,23.1829
4.8874e+07,0.973796,0.27746,9.69755,1.63067,3.12641,1.48965,3.10875,5.73191,-3.11622,5.7742,-3.10088,0.486579,0.481636,0.044,0.0431169,-0.0892053,4.10867,23.1859
4.8894e+07,0.928413,0.330445,9.73328,1.93567,5.09588,1.8915,5.09635,5.44558,-5.03988,5.43169,-5.04038,0.593449,0.598186,0.044,0.0431563,-0.0883454,4.10909,23.1741
4.8914e+07,0.978536,0.407514,9.69775,2.3941,2.43939,2.26702,2.45724,5.75679,-2.4292,5.77185,-2.44649,0.272839,0.27247,0.044,0.04314,-0.087604,4.10932,23.1741
4.8934e+07,1.086,0.36898,9.62874,2.18072,-2.72092,2.21209,-2.70115,6.43036,2.74638,6.31669,2.72719,-0.337848,-0.336064,0.044,0.0431051,-0.0877336,4.10954,23.1653
4.9034e+07,0.947505,0.36898,9.62411,2.18504,2.94321,2.10054,2.9548,5.61861,-2.93301,5.76024,-2.9452,0.364442,0.365391,0.042,0.041137,-0.0950796,4.10978,23.1741
4.9054e+07,1.02628,0.438824,9.67164,2.58337,-0.766717,2.41021,-0.748812,6.05096,0.868514,5.99189,0.849429,-0.0172377,-0.0163116,0.042,0.0410822,-0.0955377,4.10888,23.1594
4.9075e+07,1.02632,0.325628,9.61448,1.92883,-3.49954,2.05331,-3.49379,6.08961,3.55554,6.07873,3.54921,-0.459986,-0.457067,0.042,0.0410759,-0.0951464,4.10929,23.1506
4.9095e+07,1.0693,0.306361,9.66427,1.80468,-3.24,1.79587,-3.24422,6.31066,3.20439,6.31142,3.20862,-0.292047,-0.293026,0.042,0.0410655,-0.0951775,4.109,23.1565
4.9115e+07,1.04782,0.27746,9.65949,1.63572,-0.171297,1.55594,-0.184446,6.18845,0.0593536,6.26632,0.0728733,0.0285639,0.0255874,0.042,0.0410674,-0.0951353,4.10923,23.2006
4.9135e+07,1.00006,0.29191,9.66905,1.72007,2.8974,1.72457,2.88983,5.90236,-2.99408,5.97981,-2.98563,0.42551,0.423132,0.042,0.0410812,-0.0951417,4.10954,23.1771
4.9155e+07,0.969015,0.296727,9.73557,1.73718,3.03481,1.82476,3.03837,5.68151,-2.97881,5.77422,-2.983,0.364442,0.365202,0.042,0.0411,-0.0940374,4.10856,23.1476
4.9175e+07,1.03108,0.366571,9.63591,2.16625,0.500458,2.17424,0.511855,6.10325,-0.413929,6.02782,-0.427076,0.043831,0.0468692,0.042,0.0410891,-0.0941584,4.10839,23.1682
4.9276e+07,1.01915,0.330445,9.63824,1.95273,2.7142,1.99935,2.71629,6.03253,-2.64294,6.02307,-2.64615,0.333907,0.333938,0.044,0.0430288,-0.0885077,4.10831,23.1624
4.93571e+07,0.995278,0.308769,9.71894,1.8102,1.43176,1.97621,1.38224,5.84412,-1.75744,5.94228,-1.50158,0.333907,0.177081,0.043,0.042109,-0.0916083,4.10737,23.18
4.9378e+07,0.988108,0.332853,9.681,1.95901,0.76,2.03991,0.766926,5.82439,-0.826143,5.76234,-0.830318,0.303373,0.296217,0.043,0.0421223,-0.0909116,4.10777,23.2124
4.9478e+07,1.00961,0.306361,9.66432,1.80586,0.301985,1.68483,0.28835,5.96093,-0.383394,6.08095,-0.379441,0.21177,0.211341,0.042,0.0410819,-0.0945758,4.10804,23.1947
4.9498e+07,1.03349,0.287094,9.73312,1.6801,2.6684,1.63769,2.66027,6.0585,-2.53607,6.13432,-2.53235,0.288106,0.289955,0.042,0.0410812,-0.0939741,4.10782,23.1918
4.9518e+07,0.961841,0.335262,9.71902,1.96606,2.39359,1.98535,2.39602,5.64853,-2.53607,5.8865,-2.54109,0.288106,0.297138,0.042,0.0410863,-0.0937172,4.1076,23.1741
4.9579e+07,1.07408,0.282277,9.62624,1.66929,-3.16366,1.71017,-3.16813,6.36395,3.23493,6.27589,3.23821,-0.398917,-0.39762,0.042,0.0410868,-0.0934589,4.10879,23.1947
4.9679e+07,1.00004,0.373796,9.62882,2.21126,-5.17893,2.44411,-5.17027,5.92497,5.05172,5.88417,5.03856,-1.31495,-1.30325,0.042,0.0410924,-0.0924885,4.1089,23.1829
4.9699e+07,1.0908,0.294319,9.72834,1.7221,-5.54534,1.68269,-5.55001,6.3947,5.75401,6.26862,5.75241,-0.963803,-0.968584,0.042,0.0410926,-0.0920664,4.10931,23.2094
4.9719e+07,1.13858,0.210024,9.67355,1.23524,-2.50718,1.32548,-2.52684,6.71125,2.56317,6.49474,2.57793,-0.246245,-0.269092,0.042,0.0410911,-0.0920613,4.10961,23.1682
4.9739e+07,1.12424,0.234108,9.64274,1.38141,2.6684,1.34698,2.64743,6.64812,-2.59714,6.63005,-2.5803,0.303373,0.291183,0.041,0.0403187,-0.0957503,4.10981,23.1771
4.9759e+07,1.08125,0.275051,9.67608,1.61818,5.8745,1.61549,5.86756,6.37349,-5.87958,6.43723,-5.87352,0.822457,0.820338,0.041,0.0400753,-0.096768,4.1095,23.1682
4.9779e+07,1.00481,0.381022,9.70006,2.23748,5.26382,2.09158,5.26948,5.90954,-5.20782,6.03035,-5.21383,0.715587,0.720895,0.041,0.0400664,-0.0966488,4.10928,23.2065
4.9799e+07,0.983325,0.359346,9.66443,2.11848,2.8974,2.16467,2.90729,5.80569,-2.90248,5.86747,-2.91088,0.410243,0.413277,0.044,0.0423192,-0.0897194,4.10959,23.18
4.9819e+07,0.959434,0.402697,9.69063,2.36801,0.790535,2.25734,0.797452,5.64938,-0.84141,5.69061,-0.848603,0.120167,0.122722,0.044,0.0430532,-0.0870852,4.10987,23.1653
4.9839e+07,0.928397,0.385839,9.72625,2.26145,-1.91176,2.23934,-1.89572,5.44826,1.78454,5.58734,1.77085,-0.185177,-0.182169,0.044,0.0431401,-0.086205,4.10956,23.1829
4.9859e+07,0.980938,0.354529,9.66917,2.08915,-4.47664,2.15249,-4.46739,5.78898,4.34943,5.80448,4.34101,-0.49052,-0.494356,0.043,0.0423983,-0.0882417,4.10976,23.1859
4.9879e+07,1.08841,0.294319,9.72359,1.72298,-5.45374,1.80546,-5.45457,6.38391,5.40287,6.29359,5.4014,-0.673726,-0.674286,0.043,0.0421385,-0.0888883,4.10996,23.2182
4.9979e+07,0.985729,0.301544,9.67146,1.77663,3.93557,1.85794,3.93739,5.81677,-3.78797,5.9388,-3.79478,0.578182,0.580169,0.043,0.0421052,-0.0914408,4.10849,23.1976
5.0079e+07,1.01198,0.349712,9.7095,2.05166,2.53099,1.97174,2.52912,5.94639,-2.55133,6.01344,-2.54892,0.31864,0.320095,0.042,0.0410919,-0.0931916,4.10845,23.1859
5.0179e+07,1.15289,0.263009,9.61902,1.5551,0.0729773,1.4258,0.0521064,6.83206,-0.215456,6.6434,-0.181249,-0.0172377,-0.0285501,0.044,0.04308,-0.0869363,4.10773,23.23
5.02e+07,1.13139,0.279868,9.74727,1.63369,5.75237,1.62997,5.74572,6.61815,-6.12385,6.54416,-6.10284,0.944594,0.924999,0.044,0.0430915,-0.0876682,4.10803,23.1741
5.028e+07,1.04541,0.349712,9.63587,2.0664,-4.69038,2.03737,-4.68211,6.18785,4.5479,6.13831,4.54971,-0.582123,-0.5957,0.043,0.0421204,-0.0898741,4.1076,23.23
5.03e+07,1.1266,0.332853,9.63815,1.96456,-4.72092,1.9176,-4.71827,6.66311,4.65477,6.2783,4.66015,-0.627925,-0.634661,0.043,0.0421179,-0.0897724,4.10808,23.2006
5.04411e+07,1.09318,0.303952,9.68799,1.78569,-3.57588,1.80007,-3.58002,6.43482,3.60134,6.33175,3.60665,-0.429451,-0.429763,0.044,0.0431089,-0.087392,4.10906,23.2212
5.04611e+07,1.09081,0.253376,9.65942,1.49309,-1.07206,1.54436,-1.8001,6.44074,1.05172,6.3145,1.73687,-0.139375,-0.23449,0.043,0.0423593,-0.0899169,4.10955,23.2271
5.04815e+07,1.09081,0.226883,9.69499,1.3322,1.96611,1.4159,1.95903,6.41779,-2.01698,6.42085,-2.00705,0.333907,0.328273,0.043,0.0421006,-0.091109,4.10924,23.2329
5.0664e+07,1.01199,0.335262,9.71422,1.966,-0.15603,1.98086,-0.146476,5.94386,0.166224,5.89349,0.158454,-0.0172377,-0.0144058,0.042,0.0411303,-0.0963576,4.10998,23.2065
5.0684e+07,1.03587,0.330445,9.65721,1.94858,-1.78962,1.90672,-1.78599,6.11878,1.78454,6.13163,1.78064,-0.200444,-0.197832,0.042,0.0410713,-0.0967259,4.10966,23.2418
5.0704e+07,0.890233,0.236517,9.57884,1.40837,-2.96519,1.63206,-2.9577,5.30806,2.53264,5.86486,2.54223,-0.765329,-0.724324,0.044,0.0427566,-0.0917768,4.10994,23.2388
5.0724e+07,1.08364,0.275051,9.71169,1.61228,-2.01863,1.59333,-2.01782,6.36424,1.63187,6.24669,1.64088,-0.719528,-0.691233,0.044,0.0430563,-0.090849,4.11013,23.2124
5.0744e+07,1.06215,0.263009,9.75205,1.53579,-0.812519,1.5442,-0.816173,6.21366,0.486835,6.28219,0.494903,-0.368383,-0.363614,0.044,0.0430842,-0.0905231,4.11047,23.2271
5.0764e+07,1.12184,0.279868,9.73541,1.63584,0.500458,1.63027,0.493297,6.57069,-0.0933182,6.44027,-0.097634,0.242304,0.223451,0.042,0.0413925,-0.0956527,4.11063,23.2241
5.0784e+07,1.01915,0.320811,9.64297,1.89492,1.08061,1.74358,1.07761,6.02981,-0.780341,6.17815,-0.781532,0.349174,0.33891,0.042,0.0410909,-0.0971814,4.11028,23.2241
5.0804e+07,1.09318,0.311178,9.64289,1.83655,0.821069,1.70777,0.822826,6.46446,-0.780341,6.35635,-0.783273,0.196503,0.198115,0.042,0.0410549,-0.0972952,4.11045,23.2006
5.0844e+07,0.990507,0.29191,9.58834,1.73457,-0.0644273,1.75417,-0.0605466,5.89521,-0.0780511,6.07723,-0.0763872,-0.0325049,-0.022762,0.042,0.0410662,-0.0971265,4.11076,23.2388
5.0864e+07,1.10513,0.267826,9.66655,1.57679,-0.64458,1.68193,-0.642191,6.51955,0.441033,6.26542,0.442778,-0.047772,-0.045764,0.042,0.041067,-0.0966945,4.1109,23.2359
5.0884e+07,1.04066,0.258193,9.7212,1.51276,-0.446107,1.519,-0.443786,6.10815,0.395231,6.20078,0.393759,0.196503,0.18785,0.043,0.041909,-0.093713,4.11104,23.2153
5.09051e+07,1.04304,0.299136,9.63104,1.76867,0.592061,1.69235,0.587248,6.17806,-0.719272,6.26726,-0.71329,-0.0325049,-0.027625,0.043,0.0420619,-0.0937958,4.11067,23.2359
5.09251e+07,1.03588,0.272643,9.7331,1.59554,1.40122,1.65632,1.39827,6.07269,-1.36049,6.17801,-1.36133,-0.108841,-0.0934488,0.043,0.0420708,-0.0937116,4.11031,23.1888
5.09451e+07,1.05497,0.311178,9.73552,1.82008,0.698932,1.82405,0.70165,6.1815,-0.765074,6.03341,-0.766888,-0.0630392,-0.0541462,0.042,0.0411821,-0.0959654,4.11005,23.23
5.09651e+07,1.00483,0.294319,9.69517,1.72955,-0.736183,1.69748,-0.733164,5.91446,0.624239,5.93417,0.619729,-0.261513,-0.259951,0.042,0.0410946,-0.0960396,4.10981,23.2182
5.09851e+07,1.09791,0.470133,9.71674,2.75254,-0.843053,2.44713,-0.849049,6.43913,1.41813,6.38608,1.41603,-0.139375,-0.166317,0.042,0.0410542,-0.0956828,4.11009,23.2241
5.11064e+07,1.04542,0.301544,9.69277,1.77164,-1.01099,1.82755,-1.01148,6.15295,0.914315,6.1803,0.91401,0.1049,0.0910652,0.042,0.0410673,-0.095709,4.10999,23.2182
5.1127e+07,1.09556,0.32322,9.69039,1.89829,-0.736183,1.89892,-0.737945,6.44673,0.624239,6.37762,0.626048,0.0590981,0.0545783,0.042,0.0410595,-0.0956766,4.11034,23.2241
5.1207e+07,1.03587,0.299136,9.71415,1.75386,0.683664,1.76192,0.682224,6.08391,-0.581868,6.15605,-0.584529,0.043831,0.0445923,0.043,0.0420716,-0.0925117,4.11016,23.2535
5.1227e+07,1.00244,0.328037,9.67861,1.93086,0.240916,1.88776,0.242126,5.90981,-0.307059,5.96076,-0.306528,0.135434,0.132593,0.043,0.0420935,-0.0923429,4.11042,23.2388
5.1408e+07,1.04065,0.303952,9.72365,1.78027,-0.919389,1.84868,-0.920015,6.10572,0.807445,6.10898,0.810082,-0.047772,-0.050666,0.045,0.0441109,-0.0872084,4.11075,23.2594
5.1428e+07,1.04065,0.29191,9.64765,1.72309,-0.781984,1.79761,-0.783391,6.15366,0.761644,6.12789,0.761582,-0.139375,-0.133821,0.044,0.0432074,-0.0901734,4.11039,23.2329
5.173e+07,1.08125,0.287094,9.75445,1.67559,-1.54534,1.71039,-1.55743,6.3225,1.98302,6.21453,1.98685,-0.261513,-0.261,0.044,0.0429616,-0.0896247,4.10912,23.2565
5.175e+07,1.05976,0.260601,9.65946,1.53619,-2.01863,1.64209,-2.02144,6.25876,1.83035,6.28301,1.83425,-0.124108,-0.130732,0.044,0.0430817,-0.0895497,4.10884,23.2418
5.177e+07,1.09796,0.289502,9.66422,1.70488,0.225649,1.60282,0.218495,6.47875,-0.307059,6.53934,-0.298667,0.165968,0.162146,0.043,0.0427106,-0.0915508,4.10916,23.2741
5.179e+07,1.07648,0.243742,9.66654,1.43554,2.43939,1.53786,2.42896,6.35238,-2.67347,6.38759,-2.66416,0.42551,0.423603,0.043,0.0421303,-0.0937232,4.10888,23.2418
5.183e+07,0.978537,0.405106,9.65738,2.3898,0.744733,2.33181,0.768832,5.78071,-0.963547,5.84043,-0.978278,0.165968,0.17056,0.044,0.0424538,-0.0926231,4.10895,23.2624
5.185e+07,1.05496,0.352121,9.74033,2.05836,-3.89649,2.18461,-3.87618,6.17753,3.60134,5.98887,3.59193,-0.307314,-0.313991,0.044,0.0430425,-0.0901354,4.10935,23.2565
5.187e+07,1.08843,0.202799,9.63797,1.19781,-4.59878,1.41673,-4.60311,6.4418,4.28836,6.40939,4.29661,-0.521055,-0.527234,0.044,0.0430877,-0.0901219,4.10965,23.2682
5.189e+07,1.09797,0.253376,9.69265,1.48792,-1.1942,1.43288,-1.20943,6.46065,1.05172,6.44362,1.06851,-0.00197053,-0.0159998,0.042,0.0423556,-0.0926556,4.10985,23.2653
5.191e+07,1.10752,0.265418,9.62856,1.56866,1.85924,1.61284,1.85379,6.5591,-2.04752,6.50532,-2.03903,0.42551,0.418116,0.042,0.0411832,-0.0970084,4.11004,23.2682
5.193e+07,1.07646,0.318403,9.66666,1.87496,2.69893,1.82018,2.69862,6.35076,-2.88721,6.36078,-2.88543,0.486579,0.484176,0.042,0.0410584,-0.0973801,4.11039,23.2741
5.195e+07,1.00244,0.328037,9.71185,1.92433,1.56916,1.90843,1.57753,5.88975,-1.74217,5.9703,-1.74933,0.227037,0.232625,0.043,0.0414285,-0.0957871,4.11064,23.2447
5.197e+07,0.997647,0.376205,9.68581,2.2126,-0.827786,2.10955,-0.818152,5.87638,0.868514,5.89013,0.855728,0.043831,0.0445558,0.043,0.0420247,-0.0932084,4.11088,23.2447
5.199e+07,1.0311,0.308769,9.70704,1.81171,-2.2171,1.9282,-2.21237,6.06026,2.27309,6.06415,2.27039,-0.292047,-0.290687,0.043,0.0420817,-0.0927268,4.11118,23.2388
5.201e+07,1.06453,0.301544,9.63103,1.78248,-1.49954,1.72468,-1.50695,6.3043,1.54027,6.31605,1.54794,-0.200444,-0.197103,0.043,0.0420741,-0.0929637,4.11139,23.2476
5.21301e+07,1.09557,0.289502,9.77106,1.68653,-0.522442,1.67928,-0.52659,6.39474,0.670041,6.34303,0.670714,-0.0935736,-0.0915203,0.043,0.0420792,-0.0926506,4.11157,23.2918
5.223e+07,1.03826,0.296727,9.65953,1.74942,-1.05679,1.83079,-1.05591,6.13206,1.18912,6.18111,1.18733,-0.0783064,-0.0777043,0.043,0.0420837,-0.0923889,4.11072,23.2741
5.225e+07,1.0144,0.255784,9.71884,1.49944,-0.690381,1.61417,-0.693055,5.95657,0.654773,6.09955,0.657174,-0.0172377,-0.0167065,0.043,0.0420883,-0.092433,4.11087,23.2859
5.23303e+07,1.01438,0.306361,9.7308,1.79357,-0.53771,1.86388,-0.53354,5.94835,0.410499,6.0204,0.408662,-0.047772,-0.043025,0.042,0.0411429,-0.0956118,4.11043,23.2682
5.2351e+07,1.05976,0.289502,9.669,1.70479,-0.614046,1.6252,-0.614056,6.25207,0.700575,6.18985,0.699123,-0.0783064,-0.0781897,0.042,0.0410834,-0.0953519,4.11059,23.2712
5.2371e+07,1.05259,0.308769,9.67141,1.81788,-0.507175,1.80365,-0.506616,6.20819,0.425766,6.18415,0.429008,-0.0783064,-0.0728798,0.043,0.041435,-0.094359,4.11074,23.2859
5.2431e+07,1.07886,0.284685,9.64998,1.67934,0.86687,1.72384,0.865925,6.37637,-0.933013,6.30927,-0.929726,0.1049,0.103553,0.043,0.0420785,-0.0927468,4.10928,23.2535
5.2451e+07,1.07407,0.33767,9.63345,1.99515,0.851603,1.88359,0.857444,6.35797,-0.765074,6.21061,-0.767215,0.0743654,0.0764538,0.043,0.0420841,-0.0927833,4.10958,23.3035
5.2732e+07,1.03109,0.330445,9.71895,1.93645,-0.873587,1.88595,-0.871219,6.05242,0.868514,6.10054,0.867033,-0.0630392,-0.0609586,0.044,0.0424512,-0.091343,4.10983,23.2682
5.2752e+07,1.03825,0.328037,9.73081,1.91989,-0.64458,1.78057,-0.645467,6.08685,0.4563,6.22979,0.459609,-0.0172377,-0.0221342,0.044,0.0430245,-0.0893874,4.11019,23.3329
5.2872e+07,1.03108,0.356938,9.65964,2.10426,-1.04153,2.05692,-1.03173,6.08863,1.03645,6.00134,1.0354,-0.124108,-0.126502,0.044,0.0430496,-0.0885455,4.11116,23.2594
5.2892e+07,1.07885,0.311178,9.70226,1.82576,-0.690381,1.80551,-0.691101,6.34176,0.670041,6.31041,0.675085,-0.108841,-0.1121,0.044,0.0430939,-0.0887997,4.11146,23.3153
5.2912e+07,1.07646,0.308769,9.67851,1.81607,-0.125496,1.76761,-0.12492,6.34327,0.0746207,6.2553,0.0755931,0.0743654,0.0674806,0.043,0.0427367,-0.0904916,4.11114,23.3124
5.2932e+07,1.03826,0.294319,9.67852,1.73187,0.347787,1.75677,0.344538,6.12018,-0.551333,6.20026,-0.547768,0.227037,0.223373,0.043,0.0421526,-0.0925531,4.11135,23.2947
5.2952e+07,1.03348,0.33767,9.59312,2.00435,0.622596,1.93266,0.627012,6.14503,-0.658204,6.14977,-0.660254,0.288106,0.280425,0.043,0.0420916,-0.0931038,4.11096,23.2888
5.2972e+07,1.02154,0.342487,9.66912,2.01739,-0.323969,1.99264,-0.320952,6.02713,0.196758,6.04603,0.193198,0.1049,0.102806,0.044,0.0424532,-0.0920128,4.11068,23.2888
5.2992e+07,1.02154,0.340079,9.67386,2.00225,-0.598778,1.9297,-0.596954,6.02426,0.593705,6.0716,0.592811,0.1049,0.104564,0.044,0.0430289,-0.0904296,4.1104,23.3153
5.3012e+07,1.07885,0.313586,9.70463,1.83943,-0.736183,1.81341,-0.737928,6.34017,0.792178,6.29675,0.791054,-0.047772,-0.0505314,0.044,0.0430827,-0.0902068,4.11065,23.2918
5.3032e+07,1.04781,0.311178,9.71415,1.82418,-0.171297,1.76036,-0.174285,6.15323,0.135689,6.18283,0.138706,0.0285639,0.0238489,0.043,0.0427288,-0.0915584,4.11088,23.2888
5.3052e+07,1.04781,0.299136,9.70464,1.75533,0.424122,1.69135,0.420609,6.15947,-0.505532,6.1775,-0.503413,0.1049,0.102119,0.043,0.0421507,-0.0933167,4.11119,23.2859
5.3072e+07,1.0287,0.347304,9.69761,2.03964,0.668397,1.92401,0.667228,6.05129,-0.704005,6.06199,-0.704304,0.196503,0.193719,0.043,0.042088,-0.0937999,4.11089,23.28
5.3092e+07,1.00721,0.340079,9.72373,1.9924,0.332519,1.91867,0.336056,5.91016,-0.398662,5.98011,-0.400154,0.120167,0.118295,0.044,0.0424506,-0.0922434,4.11111,23.2918
5.3112e+07,1.03348,0.328037,9.67621,1.93069,-0.278168,1.90001,-0.274863,6.09296,0.334163,6.02313,0.33144,-0.00197053,-0.0039958,0.044,0.0430317,-0.0910492,4.11074,23.33
5.3132e+07,1.04542,0.328037,9.67145,1.93137,-0.705649,1.87025,-0.705332,6.16581,0.731109,6.09941,0.730803,-0.0783064,-0.0822281,0.044,0.0430963,-0.090167,4.11088,23.3094
5.3152e+07,1.06214,0.289502,9.63576,1.71055,-0.461374,1.7826,-0.464024,6.28747,0.517369,6.20143,0.519126,-0.0783064,-0.0788506,0.043,0.0427286,-0.0918391,4.10992,23.2976
5.31731e+07,1.08124,0.313586,9.68089,1.84384,0.134046,1.78551,0.132848,6.36953,-0.184921,6.22442,-0.181966,0.0132966,0.0180591,0.043,0.0421246,-0.0932822,4.11028,23.2918
5.32531e+07,1.04542,0.306361,9.70465,1.79774,-0.476641,1.80989,-0.473076,6.14538,0.273094,6.13354,0.273082,-0.0172377,-0.0150895,0.043,0.0420891,-0.0920808,4.11012,23.2771
5.3274e+07,1.01439,0.284685,9.67378,1.67646,-0.369771,1.75532,-0.369179,5.98356,0.318896,6.09405,0.31715,0.0132966,0.0114224,0.043,0.04209,-0.0922325,4.11047,23.2771
5.3354e+07,1.04064,0.318403,9.62633,1.88347,0.149313,1.90657,0.151369,6.1666,-0.200188,6.10237,-0.201951,0.0285639,0.0285653,0.042,0.0411184,-0.0953628,4.10882,23.3329
5.3375e+07,1.04781,0.313586,9.68804,1.84318,-0.201832,1.89701,-0.200052,6.16962,0.166224,6.15323,0.164776,0.0132966,0.0158348,0.042,0.0410778,-0.0951319,4.10923,23.3182
5.3456e+07,1.05735,0.349712,9.71183,2.05016,0.286718,1.92966,0.287311,6.20946,-0.383394,6.2385,-0.383078,0.1049,0.106162,0.043,0.0420802,-0.0922494,4.10795,23.2976
5.3476e+07,1.04541,0.33767,9.70233,1.9818,0.210382,1.85711,0.210698,6.14614,-0.108585,6.14301,-0.110669,0.0590981,0.0589829,0.043,0.0420848,-0.0925007,4.10781,23.3006
5.3556e+07,1.0502,0.294319,9.69751,1.72829,-0.15603,1.69255,-0.157291,6.178,0.0898879,6.22394,0.0931482,0.0285639,0.0258081,0.045,0.0441009,-0.0862508,4.10713,23.3065
5.3576e+07,1.04065,0.301544,9.74026,1.7632,0.592061,1.76016,0.58849,6.09545,-0.566601,6.08384,-0.564199,0.165968,0.163839,0.043,0.0429232,-0.089852,4.10754,23.3182
5.3656e+07,1.04543,0.275051,9.67849,1.61843,-0.705649,1.74314,-0.709156,6.1625,0.746377,6.14246,0.747292,-0.0325049,-0.0313919,0.045,0.0440299,-0.0864042,4.10635,23.3124
5.36771e+07,1.05975,0.318403,9.6453,1.87941,0.317252,1.73131,0.312179,6.26666,-0.337593,6.27668,-0.329035,0.0743654,0.0742069,0.045,0.0441065,-0.0865936,4.10689,23.33
5.36971e+07,1.06453,0.289502,9.67849,1.70305,0.805802,1.74062,0.80406,6.27391,-0.658204,6.23421,-0.659639,0.0590981,0.0605319,0.042,0.041867,-0.0939818,4.10723,23.33
5.37171e+07,1.02632,0.306361,9.69517,1.79986,0.256183,1.85411,0.262402,6.03977,-0.35286,6.12323,-0.35468,0.0285639,0.0348143,0.042,0.0411544,-0.0954273,4.10755,23.3094
5.37371e+07,0.992875,0.364163,9.72853,2.13265,-0.75145,2.04733,-0.745467,5.82327,0.547903,5.97602,0.544082,0.0285639,0.0338119,0.042,0.0410829,-0.0953667,4.10802,23.3065
5.37571e+07,1.0884,0.306361,9.71411,1.79515,-0.629313,1.81745,-0.980175,6.38982,0.257827,6.39111,0.607614,0.196503,0.0120449,0.044,0.0422629,-0.0920545,4.10737,23.2859
5.37771e+07,1.00723,0.267826,9.67138,1.57774,1.56916,1.64041,1.55698,5.94339,-1.80324,6.19734,-1.79478,0.471312,0.455697,0.044,0.0430363,-0.0894959,4.10786,23.3388
5.37971e+07,1.02869,0.36898,9.6929,2.16786,1.09588,2.07514,1.10514,6.05368,-0.933013,6.03769,-0.944016,0.303373,0.302419,0.044,0.0430983,-0.089546,4.10764,23.3124
5.38771e+07,1.05258,0.325628,9.74029,1.90367,0.332519,1.92275,0.330959,6.1643,-0.184921,6.12451,-0.183361,0.0285639,0.0279549,0.044,0.0433657,-0.0890405,4.10746,23.2918
5.38971e+07,1.05497,0.318403,9.6643,1.87587,0.042443,1.81962,0.0427661,6.22648,-0.200188,6.24907,-0.199324,0.1049,0.103472,0.044,0.0431207,-0.089924,4.10777,23.3182
5.39771e+07,1.01914,0.356938,9.67864,2.10045,-1.43847,1.98148,-1.4372,6.00694,1.40286,6.04597,1.40075,-0.215711,-0.210872,0.044,0.043108,-0.0895035,4.10801,23.3006
5.39971e+07,1.0287,0.328037,9.72132,1.92193,-1.39267,1.78181,-1.39449,6.0371,1.44867,6.07774,1.45102,-0.124108,-0.125473,0.045,0.0438549,-0.0875132,4.10829,23.3388
5.40171e+07,1.01916,0.287094,9.67853,1.68973,-0.568244,1.70738,-0.570984,6.00855,0.593705,6.11019,0.600489,-0.00197053,-0.00282581,0.045,0.0440837,-0.0873695,4.10864,23.3094
5.40371e+07,1.06932,0.258193,9.70455,1.51485,0.698932,1.55298,0.693795,6.28568,-0.704005,6.28554,-0.697462,0.0896325,0.0924641,0.045,0.0441034,-0.0875244,4.10889,23.3006
5.40571e+07,1.06692,0.294319,9.65476,1.73552,1.52336,1.71653,1.51896,6.30309,-1.46736,6.26481,-1.46586,0.288106,0.287881,0.043,0.042607,-0.0926927,4.10913,23.3124
5.40773e+07,1.00482,0.325628,9.64299,1.92364,1.18748,1.91606,1.19014,5.94554,-1.23836,6.04228,-1.24219,0.21177,0.211136,0.043,0.0421323,-0.0942765,4.10936,23.2976
5.4098e+07,1.02153,0.344895,9.67387,2.03058,-0.232366,1.96237,-0.227213,6.02414,0.150957,5.99728,0.144956,0.0590981,0.0556902,0.043,0.0420928,-0.0936711,4.10957,23.3212
5.4118e+07,1.04781,0.325628,9.67382,1.91669,-1.46901,1.90271,-1.46659,6.17834,1.525,6.14402,1.52227,-0.185177,-0.182962,0.044,0.0428302,-0.0909767,4.10986,23.3124
5.4138e+07,1.03349,0.272643,9.64288,1.61033,-1.20947,1.6933,-1.21275,6.11501,1.20439,6.16176,1.20796,-0.169909,-0.171964,0.044,0.0430683,-0.0906748,4.10963,23.3388
5.4158e+07,1.05497,0.313586,9.6548,1.8493,0.43939,1.75492,0.430474,6.23267,-0.429196,6.24626,-0.421139,0.0285639,0.0279515,0.044,0.0430862,-0.0908889,4.10983,23.3182
5.4278e+07,1.08364,0.267826,9.70693,1.57071,0.592061,1.59619,0.584846,6.36747,-0.627669,6.33425,-0.618736,0.120167,0.117896,0.044,0.0430931,-0.0890665,4.10948,23.3182
5.4298e+07,1.04304,0.299136,9.66428,1.76266,1.56916,1.82308,1.5685,6.157,-1.5895,6.15567,-1.588,0.257571,0.258055,0.042,0.0416042,-0.094093,4.10977,23.3124
5.4318e+07,1.03826,0.313586,9.73079,1.83538,0.714199,1.8169,0.721016,6.08718,-0.765074,6.09427,-0.769255,0.135434,0.135689,0.042,0.0411309,-0.0949907,4.10946,23.3124
5.4338e+07,1.02869,0.361754,9.69288,2.12546,-0.690381,2.07696,-0.685899,6.05387,0.715842,6.06617,0.710728,-0.108841,-0.103183,0.042,0.0410875,-0.0944358,4.10916,23.3153
5.4358e+07,1.04303,0.335262,9.65722,1.97681,-1.48427,1.82986,-1.48333,6.16065,1.46393,6.16262,1.4639,-0.154642,-0.151916,0.042,0.0410776,-0.0947818,4.10897,23.3535
5.43782e+07,1.06691,0.311178,9.65953,1.83398,-0.965191,1.78553,-0.969088,6.29963,0.899048,6.2923,0.905003,-0.0172377,-0.0216314,0.042,0.0410667,-0.0951512,4.10802,23.3065
5.4398e+07,1.07886,0.294319,9.631,1.73951,0.43939,1.6595,0.43226,6.38862,-0.307059,6.36884,-0.302284,0.165968,0.161064,0.042,0.0410637,-0.0953496,4.10779,23.3212
5.4478e+07,1.01676,0.344895,9.70711,2.02381,-0.507175,1.90462,-0.501807,5.97582,0.547903,5.97974,0.543416,-0.124108,-0.119201,0.044,0.0428515,-0.0884531,4.10685,23.3388
5.4498e+07,1.02153,0.344895,9.73322,2.01834,-1.74382,2.0279,-1.74021,5.98772,1.73874,6.01608,1.73807,-0.154642,-0.15592,0.044,0.0430885,-0.087477,4.10668,23.2947
5.4578e+07,1.05019,0.330445,9.6667,1.94638,2.8974,1.85827,2.89673,6.19672,-2.73454,6.21994,-2.73333,0.394976,0.398444,0.042,0.0410794,-0.094482,4.10595,23.3241
5.4599e+07,1.03586,0.359346,9.67151,2.11576,2.08824,2.10737,2.09184,6.10912,-2.09332,6.06609,-2.09867,0.227037,0.230762,0.043,0.0418281,-0.0919288,4.10633,23.3447
5.4799e+07,1.03586,0.340079,9.6691,2.00291,0.118779,1.90948,0.121054,6.1111,-0.0933182,6.097,-0.0918558,0.0590981,0.0585883,0.043,0.0421414,-0.0930365,4.10764,23.3271
5.4819e+07,1.02632,0.315995,9.6572,1.86363,0.195115,1.88477,0.193628,6.06311,-0.230723,6.00684,-0.228063,0.043831,0.0393302,0.043,0.0420972,-0.0930562,4.10794,23.3418
5.4839e+07,1.04781,0.320811,9.69043,1.88516,0.515725,1.93733,0.514555,6.16795,-0.398662,6.10757,-0.40013,0.120167,0.118901,0.044,0.0428353,-0.0905636,4.10823,23.3271
5.4859e+07,0.940363,0.29191,9.65249,1.72405,-2.36977,1.93283,-2.35564,5.56177,2.01355,5.74156,2.00156,-0.414184,-0.403553,0.044,0.0430875,-0.0897326,4.1085,23.3212
5.4879e+07,1.12425,0.202799,9.68542,1.19152,-0.965191,1.497,-0.976486,6.61963,-0.108585,6.60732,-0.0801548,0.135434,0.121012,0.044,0.0430795,-0.0901374,4.10876,23.3447
5.4999e+07,0.997657,0.342487,9.73562,2.00428,1.09588,1.96856,1.0995,5.84737,-1.36049,5.86045,-1.36578,0.31864,0.317969,0.043,0.0421052,-0.0926284,4.10878,23.33
5.5019e+07,0.976171,0.32322,9.7356,1.89203,-1.63695,2.06848,-1.62466,5.72267,1.49447,5.76317,1.48341,-0.124108,-0.120651,0.042,0.0413609,-0.0940214,4.10919,23.3418
5.5039e+07,1.0526,0.265418,9.65947,1.56469,-1.83542,1.70786,-1.84365,6.21669,1.89141,6.22705,1.89648,-0.292047,-0.29009,0.042,0.0411103,-0.0943052,4.10891,23.3241
5.5059e+07,1.10513,0.284685,9.74018,1.66349,0.943206,1.72598,0.932154,6.47038,-1.05515,6.38257,-1.04257,0.196503,0.19605,0.042,0.0410747,-0.0941159,4.10914,23.3535
5.5079e+07,1.01199,0.311178,9.73081,1.8218,3.26382,1.83455,3.25578,5.93434,-3.17729,6.08259,-3.17273,0.440778,0.436514,0.043,0.0418271,-0.091323,4.10954,23.3124
5.5099e+07,0.954681,0.32322,9.68339,1.90254,3.26382,2.02873,3.26184,5.62745,-3.02462,5.7679,-3.03344,0.471312,0.475504,0.043,0.0420829,-0.0903311,4.10932,23.3535
5.5119e+07,0.87827,0.32322,9.79504,1.88243,1.76763,2.12981,1.76842,5.12094,-1.80324,5.43627,-1.81358,0.333907,0.334093,0.043,0.0421299,-0.0889972,4.10954,23.3124
5.5139e+07,0.863937,0.344895,9.82596,2.00256,-0.934656,2.17659,-0.932564,5.02167,1.05172,5.30711,1.0263,0.0132966,0.0194278,0.041,0.0406473,-0.0927938,4.10983,23.3771
5.5159e+07,0.930811,0.29191,9.74984,1.70717,-3.46901,1.9745,-3.47468,5.45104,3.89141,5.58359,3.87742,-0.337848,-0.327306,0.041,0.0401747,-0.0930602,4.11002,23.3447
5.5179e+07,1.08603,0.265418,9.65232,1.56524,-2.1255,1.62322,-2.13813,6.41722,2.5021,6.11231,2.51331,-0.337848,-0.32238,0.041,0.0401112,-0.0931455,4.10969,23.2976
5.51991e+07,0.990507,0.29191,9.65244,1.72317,1.52336,1.65416,1.5097,5.85637,-1.34523,5.97526,-1.32718,0.0743654,0.0846324,0.043,0.0415963,-0.0883982,4.11023,23.3741
5.5219e+07,1.02868,0.393064,9.7333,2.29975,2.83634,2.0806,2.83678,6.02816,-2.68874,5.95606,-2.69113,0.21177,0.224103,0.043,0.042073,-0.0871993,4.1104,23.3447
5.5239e+07,0.980928,0.390655,9.73808,2.28571,0.0119087,2.24576,0.0250294,5.74748,0.120422,5.72138,0.101994,-0.185177,-0.173445,0.043,0.0421407,-0.0861112,4.11065,23.3418
5.5259e+07,1.01197,0.376205,9.73803,2.20054,-3.95756,2.17356,-3.94846,5.92848,4.05935,5.84091,4.04561,-0.49052,-0.489363,0.043,0.0421513,-0.0854747,4.1108,23.3682
5.5299e+07,1.06214,0.289502,9.67612,1.70351,-2.2629,1.62396,-2.2743,6.26147,2.30363,6.28939,2.31676,-0.261513,-0.267081,0.043,0.0421276,-0.0861303,4.11066,23.3212
5.5319e+07,1.07647,0.27746,9.67371,1.63282,1.11115,1.549,1.09947,6.34706,-1.13149,6.33188,-1.11954,0.135434,0.129649,0.045,0.0436164,-0.0819516,4.11097,23.3388
5.5399e+07,1.03108,0.361754,9.68813,2.12643,-1.95756,2.0691,-1.95696,6.07076,1.99828,5.95852,1.99619,-0.215711,-0.218361,0.043,0.0421966,-0.087313,4.11052,23.3359
5.542e+07,1.05497,0.315995,9.72365,1.85046,-1.07206,1.88101,-1.07804,6.18887,1.18912,6.11482,1.19302,-0.0783064,-0.0825973,0.043,0.0421307,-0.0877674,4.11076,23.3388
5.544e+07,1.06692,0.27746,9.60012,1.64536,-0.217099,1.72032,-0.219823,6.33899,0.410499,6.38864,0.409953,-0.0630392,-0.0644248,0.045,0.0435984,-0.0840752,4.11091,23.3388
5.546e+07,1.11943,0.354529,9.75927,2.06695,0.347787,1.89916,0.344776,6.53921,-0.24599,6.42205,-0.242957,0.043831,0.0485043,0.045,0.0440642,-0.0832078,4.11113,23.3506
5.548e+07,0.980946,0.328037,9.60265,1.9464,2.10351,1.86817,2.09428,5.82936,-1.89484,6.05772,-1.885,0.257571,0.249735,0.045,0.0441325,-0.0831451,4.11126,23.3624
5.56211e+07,1.00481,0.366571,9.68342,2.15636,4.40885,2.07438,4.41866,5.91997,-4.50553,6.00303,-4.51504,0.608716,0.615822,0.044,0.042947,-0.0879535,4.10885,23.3359
5.58611e+07,0.952281,0.366571,9.70008,2.15386,-0.64458,2.11954,-0.642138,5.60293,0.685308,5.69424,0.682278,-0.169909,-0.164708,0.042,0.0412851,-0.0918356,4.10978,23.33
5.58811e+07,1.012,0.301544,9.64532,1.7809,-0.583511,1.83736,-0.5862,5.9867,0.56317,6.00497,0.568469,-0.108841,-0.106881,0.042,0.0411276,-0.0919414,4.10947,23.3535
5.5901e+07,1.05259,0.287094,9.70461,1.68462,0.714199,1.77883,0.710237,6.18759,-0.749807,6.16573,-0.743496,0.165968,0.162456,0.042,0.0411033,-0.0916088,4.10976,23.3506
5.60211e+07,1.06449,0.434007,9.64548,2.56081,7.09588,2.02564,7.03827,6.29145,-9.46736,6.14723,-7.61823,0.501846,0.660013,0.042,0.0411111,-0.0900242,4.11117,23.3771
5.60411e+07,1.09789,0.559244,9.72401,3.27082,-0.0186257,3.14044,0.0287454,6.43114,-19.0246,6.27342,-18.9839,-0.38365,-0.370946,0.043,0.0419169,-0.0873253,4.11129,23.3771
5.61211e+07,0.541658,0.0582943,9.69282,0.344046,-62.4614,0.472017,-62.4118,3.19844,-104.093,3.20063,-104.011,-6.45999,-6.44826,0.044,0.0433081,-0.0799062,4.11015,23.3359
5.6142e+07,0.111917,-0.194589,9.70466,-1.14861,-69.6217,-1.20527,-69.5945,0.660591,-125.193,0.653604,-125.117,-7.68136,-7.67031,0.044,0.0434253,-0.0767255,4.1105,23.3506
5.6162e+07,-0.243753,-0.61847,9.60694,-3.68229,-77.7438,-3.35844,-77.715,-1.45043,-141.773,-1.60365,-141.715,-8.12411,-8.12609,0.045,0.0442656,-0.0716573,4.11082,23.33
5.6182e+07,-0.286627,-1.00382,9.08166,-6.30432,68.1188,-7.76718,67.5774,-1.79678,-7.92538,-5.1684,-8.41583,-7.29968,-7.13536,0.045,0.0440558,-0.037608,4.11113,23.3476
5.6202e+07,0.00458419,-0.625695,8.55493,-4.18308,46.3783,-4.73971,46.5005,0.0306203,-8.20019,-0.176119,-8.1643,-7.14701,-7.15618,0.045,0.0443231,-0.0720613,4.11118,23.3388
5.6222e+07,0.0571488,-0.741299,8.62118,-4.91443,10.6226,-4.76366,10.7797,0.378405,-16.8261,0.0607559,-16.7939,-4.79586,-4.82023,0.048,0.0467791,-0.0861141,4.11037,23.3565
5.6242e+07,-0.711736,-0.738891,11.1433,-3.78593,-27.5148,-4.11979,-27.4274,-3.64661,-22.9483,-2.08202,-22.978,-4.09357,-4.05334,0.048,0.0472058,-0.079431,4.1107,23.3506
5.6262e+07,-0.217427,-0.832819,9.81313,-4.84976,2.76,-4.41445,2.81255,-1.26474,15.2197,-2.38524,15.1703,-19.544,-19.4769,0.048,0.047495,-0.0271959,4.11085,23.3329
5.6282e+07,0.0882075,-0.801509,10.0313,-4.56808,-36.6293,-4.59663,-36.4549,0.502199,5.98302,0.434561,6.02999,-18.3836,-18.4046,0.041,0.0417244,-0.0431544,4.11099,23.3771
5.6302e+07,0.0930588,-1.07366,10.6102,-5.77794,-76.4003,-5.83547,-76.2578,0.499957,-5.07042,0.446211,-5.02667,-16.8875,-16.8948,0.041,0.0406628,-0.0334455,4.11112,23.3624
5.6322e+07,-0.143241,-1.42047,10.731,-7.53982,-103.408,-7.71183,-103.373,-0.758148,-12.6124,-0.380911,-12.6244,-16.6737,-16.6455,0.041,0.0405336,-0.0134535,4.1099,23.3712
5.6342e+07,-0.0357881,-1.42047,8.29253,-9.72008,-80.2171,-9.55465,-80.2396,-0.243721,8.24256,-0.94149,8.23744,-25.9867,-25.9582,0.016,0.0194893,-0.0766072,4.11009,23.33
5.6382e+07,-0.00213677,-2.21766,10.4826,-11.9451,-37.5148,-11.9703,-37.5303,-0.0114262,25.3113,-0.317493,25.3489,-34.3073,-34.3339,0.016,0.0149694,-0.102359,4.11004,23.3624
5.6402e+07,-0.140595,-2.34771,11.0927,-11.949,-36.5835,-12.1427,-36.5829,-0.710425,16.7922,-0.485153,16.8257,-32.3226,-32.3396,0.026,0.0233653,-0.0435196,4.1103,23.3447
5.6443e+07,-0.198063,-1.77451,8.00482,-12.4955,-33.3621,-12.6233,-33.3697,-1.3838,3.66241,-1.27696,3.68396,-27.834,-27.8538,0.026,0.02511,-0.0442989,4.10972,23.3888
5.6463e+07,-0.324648,-1.66854,7.24059,-12.9642,-29.4385,-13.042,-29.4576,-2.50178,-0.0322495,-2.17385,-0.0220673,-25.0249,-25.053,0.03,0.0281822,-0.0717449,4.10942,23.3506
5.6543e+07,-0.928623,-2.20321,9.53614,-12.95,-14.156,-13.0076,-14.1632,-5.42,16.5937,-5.20222,16.5689,-8.76533,-8.80219,0.032,0.030787,-0.0279341,4.10822,23.3565
5.6563e+07,-0.78072,-1.68781,7.89625,-12.0085,-14.5224,-12.2082,-14.5164,-5.52266,22.3189,-5.47283,22.2973,-4.39892,-4.44383,0.032,0.0308113,-0.052428,4.10798,23.3506
5.6583e+07,-0.849924,-1.84435,8.18334,-12.6353,-14.553,-12.6425,-14.5592,-5.7854,27.4334,-5.72179,27.4107,-0.00197053,-0.0502889,0.035,0.0330457,-0.0798849,4.10835,23.3653
5.6603e+07,-1.14352,-2.23933,10.0159,-12.5241,-13.8812,-12.5275,-13.8821,-6.35767,36.3036,-6.19602,36.265,5.1736,5.12258,0.035,0.0333721,-0.0780059,4.1082,23.3653
5.6643e+07,-0.880926,-1.98645,8.60812,-12.9291,-10.7209,-12.8877,-10.731,-5.69448,50.212,-5.48964,50.1937,14.9293,14.8876,0.036,0.034223,-0.0844897,4.10831,23.3565
5.66631e+07,-0.82359,-2.0876,9.0329,-12.9613,-7.1484,-13.0999,-7.16604,-5.07655,53.0059,-4.97454,53.0016,19.2194,19.1861,0.036,0.0342666,-0.0966894,4.10815,23.3418
5.6684e+07,-0.735189,-2.27064,9.54774,-13.3395,-2.38504,-13.2982,-2.40273,-4.28414,52.9448,-4.24188,52.9493,23.4179,23.3813,0.036,0.0342635,-0.0960606,4.108,23.33
5.67051e+07,-0.642004,-2.48499,10.5184,-13.2687,3.55389,-13.2634,3.5359,-3.39944,49.2044,-3.34607,49.222,27.7385,27.7043,0.034,0.0326015,-0.0821791,4.10829,23.3653
5.6726e+07,-0.489218,-2.35494,10.1338,-13.0677,6.69893,-13.0982,6.68959,-2.69222,43.1128,-2.69158,43.1415,30.9904,30.9598,0.034,0.0326068,-0.060117,4.10856,23.3476
5.6747e+07,-0.367545,-1.972,8.67418,-12.7969,7.50809,-12.7541,7.5119,-2.366,33.1891,-2.19819,33.2299,33.8912,33.8685,0.034,0.032692,-0.063751,4.10839,23.3241
5.6768e+07,-0.654039,-2.14059,9.96336,-12.1002,43.4928,-12.3949,42.9132,-3.6722,-12.5819,-3.23709,-11.976,26.6087,26.9457,0.034,0.0326517,-0.0700164,4.10865,23.3388
5.6848e+07,-1.11502,-1.69744,9.42077,-10.1447,18.6531,-10.1297,18.3563,-6.64395,-53.0093,-6.20368,-52.6858,33.2347,33.4308,0.03,0.0288663,-0.0847115,4.1085,23.3653
5.6868e+07,-1.31797,-1.72393,9.91475,-9.77938,25.0043,-9.72692,24.8254,-7.46132,-69.0552,-7.27053,-68.8458,31.0209,31.1453,0.03,0.0286789,-0.105476,4.10893,23.3212
5.6888e+07,-1.25855,-0.746116,8.82174,-4.78616,112.455,-4.15427,112.543,-8.09079,-61.1315,-8.86858,-61.1876,25.0667,24.9809,0.025,0.0245017,-0.0874715,4.10917,23.3741
5.6908e+07,-2.39745,-1.10979,14.7553,-4.24579,84.2409,-5.05319,84.3389,-9.20323,-35.3147,-9.87928,-35.4261,29.7385,29.7292,0.025,0.0239796,-0.0740656,4.10888,23.3565
5.6928e+07,-1.55709,-0.514908,9.32808,-3.11648,71.1111,-3.6071,71.2608,-9.4626,-26.4139,-9.70708,-26.4453,32.4102,32.3509,0.025,0.0240639,-0.0752181,4.10786,23.3535
5.697e+07,-0.547079,-0.365587,9.99461,-2.09172,30.0577,-2.11348,30.1328,-3.13101,-11.8185,-4.26547,-11.9167,42.6698,42.59,0.029,0.0282911,-0.0641075,4.10794,23.3859
5.699e+07,-0.888576,-0.237941,10.0141,-1.3558,9.35542,-1.51773,9.44255,-5.06929,7.5708,-5.11297,7.50613,49.5553,49.4937,0.043,0.0335359,-0.0454004,4.1078,23.3682
5.701e+07,-0.795416,-0.36077,9.89274,-2.08183,-9.05679,-2.06904,-8.9918,-4.59388,22.8532,-4.49562,22.7993,55.5247,55.4701,0.043,0.0417192,-0.0201653,4.10818,23.3594
5.703e+07,-0.618682,-0.483599,9.88764,-2.79462,-24.2629,-2.93414,-24.2093,-3.57614,34.3494,-3.69514,34.312,61.2805,61.2288,0.043,0.0426128,-0.0173261,4.10795,23.3476
5.705e+07,-0.59953,-0.659413,9.77813,-3.85084,-40.4003,-3.68397,-40.3223,-3.50067,41.4181,-3.30132,41.3979,67.0973,67.042,0.038,0.0409043,-0.0203934,4.10773,23.3241
5.707e+07,-0.65197,-0.991774,9.72066,-5.81262,-66.0492,-5.60468,-65.9455,-3.81736,41.9525,-3.63488,41.9631,72.0591,72.0187,0.038,0.0379303,-0.0282343,4.10752,23.3329
5.709e+07,-0.537201,-1.54089,10.1423,-8.62683,-89.2858,-8.3614,-89.2084,-2.99759,35.1586,-2.9407,35.1943,75.4484,75.4184,0.038,0.0374739,-0.0234639,4.10732,23.3653
5.7151e+07,-0.584519,-3.12081,11.4171,-15.269,-32.8583,-15.0223,-32.9357,-2.82725,-40.2155,-2.86102,-40.1944,67.4484,67.4357,0.017,0.0166858,0.0305947,4.10776,23.3476
5.7171e+07,-0.753936,-3.55192,12.1027,-16.326,-6.96519,-16.177,-7.07377,-3.4207,-45.6964,-3.44547,-45.6811,68.4866,68.4783,0.029,0.0209691,0.0931547,4.10806,23.3506
5.7191e+07,-0.813636,-3.53506,12.0102,-16.3656,22.8974,-16.4407,22.7805,-3.71835,-48.0475,-3.87209,-48.0413,69.769,69.7505,0.029,0.0279389,0.159863,4.10834,23.3712
5.7251e+07,-1.10506,-3.15935,11.9921,-14.6998,90.1188,-14.4855,90.0741,-5.09208,-38.6887,-5.18843,-38.7142,74.6851,74.6659,0.049,0.0477869,0.291317,4.1087,23.3447
5.7271e+07,-1.11472,-2.76677,11.487,-13.4814,94.8058,-13.316,94.8074,-5.38953,-30.704,-5.52045,-30.7357,77.4484,77.4212,0.049,0.0494253,0.325444,4.10844,23.38
5.7291e+07,-0.81653,-1.71671,8.27373,-11.6668,88.2104,-11.7314,88.2465,-5.51943,-24.8719,-5.67089,-24.8879,80.1965,80.1698,0.069,0.0569646,0.326025,4.1087,23.3506
5.7311e+07,-0.718749,-1.28319,6.7216,-10.7482,76.1188,-10.5584,76.1706,-5.99604,-21.5132,-6.07855,-21.5257,82.4866,82.4668,0.069,0.0682375,0.285376,4.10852,23.3535
5.7331e+07,-1.18185,-1.79618,10.0688,-10.0471,57.0043,-9.77701,57.0937,-6.59144,-15.5437,-6.60182,-15.5742,85.2194,85.1889,0.069,0.0691913,0.244103,4.10827,23.3476
5.73513e+07,-1.41095,-2.25378,12.5019,-10.1561,32.0272,-10.0467,32.1334,-6.33779,-5.43683,-6.40211,-5.47987,88.8683,88.8319,0.09,0.0768277,0.293359,4.10736,23.3624
5.7372e+07,-1.01713,-1.65409,8.9103,-10.4502,6.21038,-10.2887,6.30467,-6.40375,2.85325,-6.33494,2.82864,92.5018,92.4706,0.09,0.0889582,0.332591,4.10776,23.3271
5.7392e+07,-0.749783,-1.31209,6.92814,-10.6632,-6.79725,-10.6674,-6.75199,-6.06961,4.60897,-6.0242,4.60423,94.0744,94.0585,0.09,0.0898865,0.26624,4.10755,23.38
5.7412e+07,-1.05276,-2.30918,10.6235,-12.2054,-16.6293,-11.862,-16.6072,-5.53107,6.30363,-5.67534,6.29407,95.3873,95.3783,0.113,0.0976466,0.257222,4.10794,23.3741
5.7432e+07,-1.04305,-2.86793,12.4317,-12.9466,-18.1713,-12.9962,-18.1681,-4.67384,7.95248,-4.8226,7.94827,96.3797,96.3688,0.113,0.110411,0.327379,4.10772,23.3329
5.75531e+07,-0.367752,-1.22539,6.16819,-11.2168,5.66076,-11.7028,5.68883,-3.34673,-41.391,-3.13955,-41.3584,88.2881,88.3054,0.157,0.154404,0.278809,4.10766,23.3418
5.75731e+07,-0.649413,-1.6011,8.21679,-10.9929,-5.22473,-11.0349,-5.17359,-4.43588,-45.7422,-4.38628,-45.7346,87.5705,87.5723,0.157,0.15515,0.211083,4.10804,23.3506
5.7594e+07,-0.995521,-2.06352,11.3622,-10.255,-23.8965,-10.5677,-23.8084,-4.9271,-46.5971,-4.89288,-46.6006,87.4331,87.4291,0.177,0.166944,0.249498,4.10781,23.3624
5.76543e+07,-1.14374,-1.44456,7.47196,-10.819,-86.614,-10.7828,-86.5594,-8.5469,-27.2078,-8.4673,-27.2479,89.998,89.9905,0.177,0.173682,0.164723,4.10708,23.3388
5.7675e+07,-1.69514,-2.13577,10.2753,-11.5897,-97.5301,-11.7533,-97.5036,-9.17517,-14.2155,-9.14946,-14.2762,91.2041,91.1875,0.177,0.172406,0.13122,4.10741,23.33
5.7755e+07,-1.32726,-2.6873,9.83249,-15.155,-93.5148,-15.4066,-93.5697,-7.41882,31.3418,-7.44902,31.3238,95.5553,95.5665,0.972,0.942066,2.24378,4.10699,23.3682
5.78555e+07,-0.479565,-2.72102,10.5962,-14.3878,-17.6369,-14.6409,-17.6598,-2.51001,0.532636,-2.62882,0.589507,81.2805,81.3218,0.725,0.717269,1.09396,4.10737,23.3271
5.7876e+07,-0.391244,-2.61745,10.6723,-13.7713,-15.927,-13.9046,-15.9259,-2.03913,-15.9254,-2.18707,-15.8628,77.1431,77.1824,0.725,0.710851,1.03048,4.10718,23.3506
5.7896e+07,-0.333991,-2.41756,10.3663,-13.121,-19.7285,-13.251,-19.7073,-1.79718,-31.9101,-2.11863,-31.8516,73.3721,73.4036,0.683,0.687172,0.917514,4.107,23.38
5.7916e+07,-0.374697,-2.01053,8.98277,-12.6055,-27.1942,-12.723,-27.1628,-2.33098,-46.7193,-2.49017,-46.6653,69.7385,69.77,0.683,0.673025,0.818407,4.10741,23.3506
5.7936e+07,-0.465453,-1.94551,8.88799,-12.3305,-36.2934,-12.5473,-36.2514,-2.92856,-59.5895,-3.02855,-59.5361,66.3339,66.3728,0.683,0.671226,0.748417,4.10773,23.3918
5.7956e+07,-0.510824,-1.94069,8.60313,-12.6904,-44.2476,-12.7879,-44.2209,-3.31493,-68.704,-3.59654,-68.6734,63.4026,63.4322,0.647,0.648952,0.619674,4.10701,23.3918
5.7976e+07,-0.635019,-1.84194,7.92199,-13.0489,-49.011,-13.1251,-48.9996,-4.46439,-74.5361,-4.63015,-74.5196,60.8225,60.8478,0.647,0.633996,0.508048,4.10751,23.3653
5.8076e+07,-1.2844,-2.23933,7.46131,-16.4769,11.7982,-16.3988,11.726,-9.36246,-39.7422,-9.23673,-39.7954,51.7232,51.7438,0.34,0.440182,-0.340063,4.10791,23.3535
5.8176e+07,-1.4085,-2.48017,9.06839,-15.1233,86.531,-14.9166,86.5007,-8.52056,32.2731,-8.59451,32.2248,45.3721,45.387,0.337,0.316448,-0.703695,4.10898,23.4182
5.8276e+07,-0.663544,-2.30677,9.03478,-14.2859,80.2409,-13.7381,80.2407,-4.07033,30.0441,-4.00799,30.0806,33.8148,33.8405,0.691,0.657108,0.345514,4.10975,23.3712
5.8376e+07,-0.493863,-2.82458,10.6768,-14.8032,121.584,-14.3613,121.552,-2.56042,-30.9025,-2.70153,-30.8527,18.6393,18.6592,0.994,0.877536,0.931607,4.10872,23.3447
5.83971e+07,-0.606094,-2.81735,11.2538,-14.0354,127.707,-13.6943,127.699,-2.99067,-44.9483,-3.08226,-44.9081,16.624,16.6317,0.994,0.965359,1.15927,4.10914,23.3712
5.8418e+07,-0.618113,-2.52834,10.9361,-12.9975,125.386,-12.7114,125.408,-3.15196,-54.4445,-3.3502,-54.4076,15.769,15.7728,0.994,0.97405,1.14708,4.10936,23.3506
5.8438e+07,-0.65644,-2.09242,9.60256,-12.265,115.294,-11.9426,115.342,-3.82131,-62.5971,-3.91977,-62.569,15.7843,15.782,0.994,0.977101,1.09669,4.10907,23.3506
5.8478e+07,-0.837902,-2.143,10.7375,-11.2535,81.1569,-10.9503,81.2386,-4.37607,-72.4597,-4.59537,-72.4471,17.8148,17.7989,0.994,0.979561,0.992435,4.10842,23.3594
5.8499e+07,-0.962049,-2.21766,11.2575,-11.1048,57.0806,-10.7656,57.1736,-4.79289,-73.9865,-5.02936,-73.9854,19.9522,19.9302,0.672,0.742665,0.243668,4.10877,23.3771
5.8519e+07,-0.978833,-1.96718,10.0328,-11.0424,35.2943,-10.8958,35.3758,-5.46886,-73.4368,-5.60755,-73.4422,22.1202,22.1011,0.672,0.666194,0.0195731,4.10851,23.3712
5.8539e+07,-0.995588,-1.82509,9.23528,-11.116,15.9356,-10.9966,16.0083,-6.03701,-72.0322,-6.09989,-72.0394,24.395,24.3752,0.672,0.657226,-0.0150308,4.10876,23.3624
5.8559e+07,-1.01944,-1.92865,9.52004,-11.3891,-1.05679,-11.2679,-0.9912,-5.99133,-69.559,-6.19496,-69.5727,26.6545,26.6314,0.75,0.712744,0.146875,4.10901,23.3565
5.8579e+07,-1.03378,-1.85399,9.22339,-11.2966,-16.5682,-11.4,-16.5137,-6.27079,-65.9712,-6.47679,-65.9856,29.1278,29.1094,0.75,0.72989,0.180161,4.10924,23.3418
5.8599e+07,-1.00752,-1.85639,8.9622,-11.6313,-28.6598,-11.7974,-28.6163,-6.28193,-61.9865,-6.57069,-62.0023,31.5247,31.4954,0.75,0.730403,0.156935,4.10954,23.3859
5.8619e+07,-1.00991,-1.84194,8.58947,-12.0229,-39.866,-12.0289,-39.8255,-6.55803,-58.3376,-6.6918,-58.3534,33.6927,33.6716,0.911,0.847603,0.480676,4.10983,23.3594
5.8639e+07,-1.05288,-1.87807,8.88623,-11.8531,-50.3087,-12.049,-50.2684,-6.61243,-53.5437,-6.80104,-53.565,35.9064,35.8879,0.911,0.884163,0.53953,4.11011,23.3271
5.8659e+07,-1.07674,-1.94069,9.04047,-12.0331,-59.8507,-12.2218,-59.8139,-6.64215,-47.8338,-6.83359,-47.8595,38.0286,38.0103,0.911,0.887425,0.501725,4.11029,23.3241
5.8679e+07,-1.13166,-1.94551,9.00015,-12.1051,-68.1866,-12.4015,-68.1557,-7.00648,-41.162,-7.19176,-41.1902,40.2576,40.2378,0.951,0.915127,0.538854,4.10953,23.3624
5.8699e+07,-1.26532,-2.16708,9.83089,-12.3326,-76.3545,-12.5723,-76.3239,-7.16399,-33.2536,-7.32192,-33.2877,42.4255,42.4043,0.951,0.923553,0.525115,4.10973,23.3653
5.8719e+07,-1.33933,-2.22488,10.2155,-12.1857,-85.011,-12.5564,-84.9781,-7.30007,-23.7727,-7.37989,-23.8104,44.6851,44.6605,0.951,0.923973,0.500921,4.10993,23.3624
5.8779e+07,-1.18656,-2.03943,8.92645,-12.761,-105.362,-13.0909,-105.345,-7.38362,0.837979,-7.35398,0.810903,49.5858,49.5713,0.963,0.933751,0.426618,4.10904,23.3594
5.8799e+07,-1.24142,-2.23452,9.26807,-13.4396,-107.576,-13.6157,-107.572,-7.41902,8.16622,-7.29847,8.13515,50.5782,50.5654,1.121,1.04656,0.729346,4.10876,23.3771
5.8899e+07,-1.26757,-2.64154,10.4569,-14.0781,-92.2018,-14.4617,-92.2204,-6.70304,45.8456,-6.52692,45.8234,51.8759,51.8838,1.151,1.1126,0.754026,4.10895,23.3653
5.8919e+07,-1.18641,-2.55483,9.98453,-14.2567,-86.385,-14.5191,-86.4067,-6.56677,50.7158,-6.4239,50.7004,51.2805,51.2859,1.151,1.11253,0.717338,4.10868,23.3859
5.8939e+07,-1.16731,-2.56206,10.0486,-14.2121,-80.2934,-14.5257,-80.3168,-6.42246,54.2578,-6.26117,54.2461,50.2423,50.2559,1.151,1.11209,0.678848,4.10851,23.3653
5.8959e+07,-1.11238,-2.60059,10.2313,-14.1813,-74.3392,-14.5311,-74.3623,-6.01518,56.4105,-5.8807,56.4039,49.1583,49.167,1.151,1.11245,0.648829,4.10834,23.3418
5.89793e+07,-1.01927,-2.52593,9.87996,-14.2686,-68.614,-14.5617,-68.6351,-5.70779,57.0059,-5.57186,57.0042,47.6469,47.6567,0.267,0.47274,-1.31799,4.10861,23.3712
5.9e+07,-0.950054,-2.41756,9.334,-14.4493,-63.011,-14.6136,-63.0328,-5.62735,55.5861,-5.40452,55.5926,45.769,45.7855,0.267,0.268556,-1.84662,4.10895,23.3271
5.902e+07,-0.854546,-2.39829,9.07516,-14.7408,-56.4461,-14.864,-56.4751,-5.20174,52.8685,-5.02518,52.8825,43.7232,43.7408,0.267,0.246906,-1.80901,4.10867,23.3506
5.904e+07,-0.852118,-2.54038,9.35747,-15.129,-47.8354,-15.0543,-47.8758,-5.02236,49.1586,-4.81661,49.173,41.2652,41.2891,0.227,0.216178,-1.80051,4.1085,23.3918
5.906e+07,-0.902204,-2.75232,9.86051,-15.5341,-34.0492,-15.613,-34.1225,-5.03635,45.4181,-4.77278,45.4357,38.6392,38.6709,0.227,0.206907,-1.71565,4.10884,23.3712
5.908e+07,-0.835365,-2.67766,9.40709,-15.8295,-18.2018,-15.8393,-18.267,-4.88173,41.5555,-4.71121,41.5702,35.8454,35.8737,0.227,0.206295,-1.61346,4.10917,23.3624
5.91e+07,-0.749438,-2.55002,8.88014,-15.9681,-1.91176,-15.9301,-1.97614,-4.63749,37.3723,-4.48927,37.3937,33.0515,33.0831,0.216,0.198836,-1.54818,4.10939,23.3829
5.912e+07,-0.673082,-2.35253,8.35094,-15.6846,14.2409,-15.748,14.1775,-4.43612,32.38,-4.34029,32.4012,30.1965,30.2254,0.216,0.196928,-1.48067,4.10918,23.3829
5.92e+07,-0.646793,-2.43682,8.65468,-15.6836,83.7218,-15.4711,83.664,-4.11455,7.69294,-4.05719,7.72019,18.456,18.4816,0.229,0.21167,-1.16093,4.10976,23.3418
5.94011e+07,-1.11476,-2.62227,10.7394,-13.6511,101.89,-13.0679,102.152,-5.75816,-34.2918,-5.92728,-35.268,11.2041,10.8433,0.665,0.647176,0.422026,4.10835,23.3565
5.9461e+07,-0.96202,-2.31881,9.9396,-13.0727,94.2714,-12.735,94.2944,-5.38455,-24.7498,-5.59009,-24.7508,16.1354,16.1148,0.665,0.647973,0.401716,4.10935,23.3594
5.94811e+07,-0.868943,-2.1454,9.45783,-12.7288,86.302,-12.3786,86.3377,-5.11998,-25.62,-5.28689,-25.6132,17.7232,17.7073,0.665,0.649092,0.380198,4.10956,23.3271
5.95014e+07,-0.794938,-2.08038,9.45312,-12.3691,75.676,-12.0847,75.7204,-4.69501,-28.7193,-4.88118,-28.7041,19.2499,19.2347,0.665,0.650115,0.354577,4.10926,23.3771
5.9522e+07,-0.77105,-2.11409,9.87803,-12.0446,62.302,-11.7836,62.3603,-4.36484,-33.6506,-4.61888,-33.6287,20.6393,20.6275,0.623,0.616198,0.232219,4.10956,23.3329
5.9542e+07,-0.747178,-2.09001,10.0395,-11.7283,46.6379,-11.562,46.7037,-4.16731,-39.8948,-4.30588,-39.868,22.0744,22.0646,0.623,0.610591,0.208889,4.10994,23.3859
5.9562e+07,-0.706602,-2.0298,9.70954,-11.7775,30.2409,-11.6683,30.3038,-4.07453,-47.2231,-4.32912,-47.1958,23.4942,23.4844,0.623,0.609912,0.196761,4.10962,23.3388
5.9582e+07,-0.775842,-2.05629,9.89713,-11.7023,14.1188,-11.6987,14.1811,-4.38894,-54.1849,-4.45448,-54.158,24.9751,24.9593,0.579,0.573152,0.0775802,4.10931,23.3447
5.96023e+07,-0.799708,-2.10205,9.87808,-11.9753,-1.74382,-11.9008,-1.68536,-4.52751,-60.7193,-4.68089,-60.695,26.3492,26.338,0.579,0.566157,0.0570201,4.10835,23.3447
5.9623e+07,-0.814015,-2.17431,10.1439,-12.0604,-17.0415,-12.0875,-16.987,-4.48649,-66.3223,-4.73675,-66.3025,28.0896,28.0687,0.579,0.564922,0.0558847,4.10861,23.3712
5.9643e+07,-0.909515,-2.22007,10.2745,-12.1467,-28.7973,-12.2111,-28.7576,-4.9452,-69.8948,-5.10732,-69.8843,29.8148,29.7979,0.59,0.573372,0.0900291,4.10887,23.3594
5.9663e+07,-1.00978,-2.32122,10.3029,-12.638,-36.324,-12.7965,-36.3023,-5.46159,-70.7651,-5.61947,-70.765,31.5858,31.5691,0.59,0.573505,0.0944262,4.1086,23.3594
5.9683e+07,-1.10525,-2.45368,10.4595,-13.1317,-40.5072,-13.1315,-40.4957,-5.87377,-69.0094,-6.04502,-69.021,33.708,33.6874,0.59,0.572527,0.100756,4.10834,23.3771
5.9703e+07,-1.11484,-2.34049,9.96819,-13.1344,-42.614,-13.2739,-42.6074,-6.2138,-64.8872,-6.43092,-64.9046,36.0591,36.0372,0.619,0.595423,0.171818,4.10743,23.3418
5.9724e+07,-1.16259,-2.33808,9.88039,-13.2255,-43.7896,-13.3154,-43.7851,-6.53217,-59.8338,-6.70249,-59.8556,38.395,38.3702,0.619,0.599199,0.174789,4.10782,23.3418
5.98051e+07,-1.47059,-2.46572,9.93743,-13.7907,-36.2476,-13.9352,-36.7132,-8.17347,-16.6582,-8.29158,-19.7379,49.1889,48.6235,0.675,0.650341,0.277222,4.10554,23.3506
6.0006e+07,-0.644417,-2.39347,9.037,-14.7984,-69.9881,-14.9314,-70.0168,-3.94328,58.8532,-3.78642,58.8963,65.54,65.5706,1.078,1.04755,1.07338,4.10706,23.3653
6.0026e+07,-0.553666,-2.43923,9.01311,-15.1161,-60.4156,-15.2489,-60.4595,-3.39343,47.0517,-3.18547,47.102,63.311,63.3349,1.078,1.04606,0.994124,4.10739,23.3859
6.0046e+07,-0.548795,-2.78363,9.90763,-15.6703,-46.5682,-15.7344,-46.6272,-3.05248,33.7998,-2.97705,33.8484,60.3492,60.3789,1.078,1.04362,0.925948,4.1072,23.3741
6.0066e+07,-0.577393,-2.98594,10.5602,-15.766,-29.3163,-15.869,-29.3882,-3.01174,21.5861,-2.95065,21.6331,57.2347,57.2712,0.296,0.358108,-1.1467,4.10752,23.3624
6.0086e+07,-0.570331,-2.61986,9.51854,-15.3627,-13.5453,-15.5617,-13.5999,-3.30628,10.5632,-3.26099,10.6031,54.4408,54.4669,0.296,0.284207,-1.28642,4.10783,23.3712
6.01064e+07,-0.58713,-2.31881,8.77116,-14.7768,-3.25527,-14.9852,-3.28833,-3.70275,1.09752,-3.63606,1.13402,51.9064,51.9263,0.296,0.277185,-1.2425,4.10812,23.3829
6.0127e+07,-0.692173,-2.39588,9.34569,-14.3411,3.56916,-14.4806,3.54787,-4.10356,-6.55133,-4.08693,-6.52819,49.769,49.7891,0.265,0.250087,-1.25771,4.10856,23.3829
6.0147e+07,-0.771021,-2.21766,8.87594,-13.9776,6.8516,-14.1339,6.84553,-4.81726,-10.9483,-4.77058,-10.9359,48.2728,48.2874,0.265,0.247742,-1.19904,4.10899,23.38
6.0227e+07,-0.985913,-2.26823,9.17045,-13.8162,4.63786,-13.7281,4.63345,-5.95809,-8.38339,-5.96581,-8.3939,46.6851,46.6831,0.265,0.249052,-0.987473,4.10797,23.3712
6.0247e+07,-0.904793,-2.02739,8.01452,-14.11,7.20275,-14.058,7.18605,-6.24598,-5.57423,-6.26084,-5.58415,46.5782,46.5825,0.275,0.257765,-0.9245,4.10826,23.38
6.0267e+07,-0.802173,-1.82268,6.99384,-14.5159,12.5157,-14.4542,12.4933,-6.33333,-3.52843,-6.28376,-3.53557,46.227,46.2302,0.275,0.258339,-0.914707,4.10861,23.38
6.0327e+07,-0.802089,-2.12373,7.72699,-15.2897,44.3783,-15.1395,44.3369,-5.71581,-0.978814,-5.70197,-0.975837,43.6622,43.6772,0.299,0.281268,-0.797088,4.10974,23.3947
6.0347e+07,-0.780608,-2.09242,7.72703,-15.0787,53.4623,-14.8979,53.4296,-5.56937,-1.75744,-5.57503,-1.7524,42.7309,42.7423,0.299,0.281967,-0.785824,4.10943,23.3682
6.0427e+07,-0.814074,-1.95996,8.29233,-13.2369,62.8058,-13.0466,62.822,-5.45745,-8.67347,-5.39253,-8.66919,38.8835,38.8913,0.359,0.344096,-0.554077,4.1106,23.3565
6.0447e+07,-0.866557,-2.13818,9.17768,-13.0585,56.7905,-12.8365,56.8183,-5.25399,-10.2307,-5.38054,-10.2259,38.3186,38.3237,0.359,0.344552,-0.538295,4.11076,23.4094
6.0467e+07,-0.909503,-2.26582,9.72359,-13.0621,48.5615,-12.7461,48.593,-5.205,-11.4368,-5.26261,-11.4306,37.8759,37.8756,0.359,0.345112,-0.504446,4.11099,23.3741
6.0487e+07,-0.852269,-1.99608,8.68406,-12.8851,40.6989,-12.738,40.7251,-5.46359,-12.9788,-5.39017,-12.9731,37.2194,37.2282,0.726,0.66985,0.480231,4.11112,23.3653
6.0507e+07,-0.775871,-1.95273,8.30656,-13.1737,34.6379,-12.9032,34.6591,-5.19538,-15.0399,-5.24189,-15.0312,36.5782,36.5849,0.726,0.704571,0.528085,4.11082,23.3506
6.0527e+07,-0.825936,-2.23692,9.4624,-13.252,30.7447,-13.1991,30.7541,-4.85533,-17.4368,-5.02989,-17.4269,35.6622,35.6681,0.726,0.707236,0.489409,4.11046,23.3624
6.0547e+07,-0.916579,-2.57892,10.6063,-13.6174,29.3707,-13.5236,29.3735,-4.79996,-19.6658,-4.97239,-19.6586,34.624,34.6341,0.74,0.718947,0.505793,4.1107,23.3712
6.0567e+07,-0.928498,-2.65358,10.8579,-13.6854,28.9279,-13.6317,28.9288,-4.7486,-22.4597,-4.81168,-22.4463,33.6622,33.6717,0.74,0.720018,0.50232,4.11094,23.3829
6.0587e+07,-0.83066,-2.42478,10.0818,-13.4794,27.386,-13.353,27.3949,-4.58006,-26.3223,-4.70034,-26.3047,32.5324,32.5468,0.74,0.720768,0.490228,4.11107,23.3624
6.0607e+07,-0.782983,-2.13818,9.26783,-12.9468,22.0119,-12.9704,22.0389,-4.70606,-31.2384,-4.82592,-31.2197,31.4789,31.4892,0.651,0.642881,0.227959,4.11137,23.3918
6.0647e+07,-0.935771,-2.2586,10.7517,-11.8202,-3.01099,-11.933,-2.94367,-4.86847,-38.7651,-5.07458,-38.7584,30.227,30.2367,0.651,0.635528,0.185021,4.11005,23.4035
6.0667e+07,-1.13632,-2.34771,11.8201,-11.1837,-23.3621,-11.405,-23.2745,-5.38667,-39.62,-5.37995,-39.6218,30.5324,30.5261,0.651,0.636466,0.210446,4.1104,23.3859
6.0687e+07,-1.12918,-2.27787,11.7276,-10.9424,-49.5759,-11.1232,-49.4703,-5.39942,-38.704,-5.59423,-38.709,31.1583,31.1546,0.651,0.637172,0.241135,4.11005,23.3565
6.0707e+07,-1.12922,-2.13577,11.0631,-10.8717,-75.698,-11.1136,-75.5979,-5.72312,-36.9177,-5.86865,-36.9249,31.9828,31.9733,0.651,0.637318,0.257038,4.10973,23.3947
6.0727e+07,-1.10059,-2.03703,10.2512,-11.1763,-99.0873,-11.4741,-99.0135,-6.0113,-35.3147,-6.02534,-35.3212,32.456,32.4558,0.362,0.380084,-0.50683,4.10874,23.3682
6.0827e+07,-1.2771,-2.74269,9.57831,-15.8456,-86.5224,-16.1676,-86.5982,-7.30439,-4.64294,-7.31573,-4.67441,28.3339,28.3596,0.307,0.289063,-0.521889,4.10784,23.3653
6.0848e+07,-1.10526,-2.42719,8.30846,-16.1502,-67.3621,-16.3913,-67.4349,-7.27679,2.71584,-7.29394,2.68769,26.1965,26.2184,0.304,0.286083,-0.515452,4.10763,23.3829
6.1048e+07,-0.811575,-2.35975,8.32968,-15.7463,50.4394,-15.5417,50.3957,-5.35541,78.2578,-5.25661,78.2725,-5.25388,-5.19947,0.282,0.266776,-0.562688,4.1071,23.3506
6.1068e+07,-0.758885,-2.92814,10.2352,-15.9235,63.8592,-15.5691,63.7983,-4.07741,72.5479,-4.10379,72.5736,-11.1775,-11.1198,0.282,0.267096,-0.529585,4.10743,23.3829
6.1088e+07,-0.601331,-2.77159,9.60617,-16.0642,80.7142,-15.7481,80.6471,-3.44191,63.7387,-3.41376,63.7798,-17.6356,-17.5742,0.262,0.249886,-0.534849,4.10791,23.3829
6.1108e+07,-0.441547,-2.04666,7.25671,-15.7228,95.7982,-15.5904,95.749,-3.35153,51.7387,-3.1524,51.7808,-24.7195,-24.6587,0.262,0.248295,-0.535488,4.10769,23.3741
6.1128e+07,-0.276903,-1.62519,5.59053,-16.1905,106.531,-15.789,106.493,-2.72304,40.2578,-2.7168,40.3042,-31.376,-31.3133,0.262,0.248041,-0.569219,4.10807,23.3476
6.1148e+07,-0.33893,-1.8299,6.49247,-15.7201,114.516,-15.2533,114.488,-2.87646,29.0059,-2.75211,29.0484,-37.3302,-37.2741,0.269,0.254294,-0.59373,4.10843,23.3947
6.1248e+07,-0.148088,-1.16518,6.43401,-10.2622,72.531,-10.1629,72.604,-1.29741,-36.3376,-1.61939,-36.2894,-59.3302,-59.297,0.359,0.353206,0.043854,4.10848,23.3712
6.1268e+07,-0.262525,-1.81063,11.4118,-9.01322,46.5005,-8.98045,46.6357,-1.30156,-48.704,-1.55561,-48.6538,-62.4447,-62.4182,0.359,0.354297,0.0265163,4.10831,23.3712
6.1348e+07,-0.233901,-1.69985,7.13837,-13.3874,-85.3927,-13.2272,-85.3853,-1.82571,-84.5361,-2.13177,-84.5184,-73.3607,-73.3355,1.057,1.03888,2.20234,4.10911,23.3624
6.14482e+07,-1.35342,-3.05097,8.98433,-18.562,40.2562,-18.785,40.0957,-8.11804,-60.1697,-8.27314,-60.2359,-83.1623,-83.1612,0.435,0.469139,-0.191347,4.10943,23.3565
6.1469e+07,-1.69972,-2.83903,9.32685,-16.6709,68.2256,-16.7747,68.1563,-9.88962,-40.3223,-9.74255,-40.3983,-82.0172,-82.0373,0.435,0.411554,-0.36087,4.10964,23.3976
6.14891e+07,-1.67592,-2.54038,9.27508,-15.0844,79.4012,-15.6432,78.1012,-9.88579,-20.8872,-10.0323,-24.702,-79.7119,-80.2452,0.435,0.409837,-0.357285,4.10984,23.3829
6.1509e+07,-1.85029,-2.33808,9.38239,-13.7387,78.6837,-13.6728,78.6991,-10.833,-0.490265,-10.7338,-0.576426,-76.3226,-76.3596,0.541,0.508351,-0.0564087,4.11003,23.3888
6.15291e+07,-1.73817,-1.94069,8.89147,-12.0906,68.4394,-12.1571,68.4972,-10.8128,20.9296,-10.7566,20.8561,-72.0172,-72.0533,0.541,0.51739,-0.046179,4.11021,23.3476
6.15491e+07,-1.84088,-1.85158,9.69656,-10.6252,47.7371,-10.8859,52.5723,-10.5631,40.6242,-10.6518,36.4533,-67.2539,-68.3671,0.541,0.52058,-0.04833,4.1092,23.3888
6.15691e+07,-1.87906,-1.93346,10.5654,-10.2135,19.8745,-10.2434,26.0951,-9.92315,60.4563,-10.0752,56.6239,-61.9562,-63.0475,0.541,0.523067,-0.0393456,4.10951,23.3859
6.15891e+07,-1.69282,-1.90215,9.90529,-10.7187,-11.1179,-10.4948,-10.9906,-9.52736,78.7769,-9.31252,78.6987,-56.8111,-56.8634,0.541,0.524737,-0.0227677,4.10921,23.3771
6.1609e+07,-1.22487,-1.63482,8.04154,-11.3638,-29.698,-11.2505,-26.7483,-8.48957,89.9372,-8.6071,88.311,-53.2997,-53.9264,0.541,0.524559,-0.0390931,4.10893,23.3712
6.16291e+07,-1.06009,-1.71189,7.75399,-12.3386,-39.1942,-12.2704,-39.1719,-7.60406,95.8151,-7.49212,95.7965,-51.2691,-51.2841,1.091,1.03032,1.40067,4.10874,23.3771
6.16491e+07,-1.02417,-2.08038,8.54874,-13.5838,-40.2171,-13.2567,-40.6886,-6.63971,99.1739,-6.90193,98.75,-49.8798,-50.1956,1.091,1.05904,1.39301,4.1078,23.3947
6.1671e+07,-1.00499,-2.37661,9.27476,-14.2923,-35.1026,-14.345,-35.1313,-5.99215,99.0975,-5.63946,99.1014,-49.2997,-49.3027,1.127,1.07405,1.32127,4.10759,23.3653
6.1691e+07,-0.935644,-2.7162,10.1004,-14.9906,-24.8278,-14.982,-24.8753,-5.11186,96.9906,-4.91356,97.0014,-48.9638,-48.9618,1.127,1.0921,1.30086,4.10747,23.4006
6.1711e+07,-0.80913,-2.56688,9.43811,-15.1617,-12.4614,-15.2323,-12.5102,-4.72903,91.7082,-4.371,91.7316,-49.1775,-49.1704,1.127,1.09299,1.23106,4.10778,23.3653
6.1731e+07,-0.656401,-2.23211,8.2514,-15.0914,-0.430839,-15.0957,-0.480765,-4.39114,84.7616,-4.03549,84.7971,-49.4676,-49.4607,1.144,1.09946,1.15964,4.10757,23.3888
6.1791e+07,-0.544346,-1.60833,7.27887,-12.4262,7.8745,-12.8232,7.8957,-4.1765,60.0899,-3.91858,60.1207,-50.3073,-50.3116,1.077,1.09333,0.814989,4.10812,23.3859
6.1811e+07,-0.685147,-1.90215,9.09243,-11.7835,-3.54534,-11.9373,-3.48971,-4.21832,52.151,-4.01764,52.1776,-49.8646,-49.871,1.077,1.05908,0.638095,4.10839,23.4359
6.1831e+07,-0.723317,-2.02739,10.4313,-10.973,-22.9957,-11.2309,-22.9087,-3.89396,45.3723,-3.81405,45.3986,-48.9943,-49.0004,1.077,1.05771,0.600927,4.10815,23.3976
6.1851e+07,-0.759144,-1.99608,10.1204,-11.127,-45.5148,-11.2448,-45.4324,-4.20901,40.0135,-3.99087,40.0333,-47.7577,-47.768,0.951,1.01284,0.441645,4.10851,23.38
6.1871e+07,-0.656515,-1.82027,8.61294,-11.8998,-62.4308,-11.9605,-62.3804,-4.26505,34.7464,-4.0821,34.7665,-46.8722,-46.8849,0.951,0.938898,0.183913,4.10826,23.3947
6.1891e+07,-0.737592,-2.21766,9.32702,-13.3346,-70.0797,-13.1395,-70.066,-4.39946,31.1586,-4.25923,31.1706,-46.4753,-46.4769,0.951,0.927383,0.12212,4.10853,23.3682
6.1972e+07,-0.630064,-2.4874,8.36493,-16.5162,-30.3698,-16.4195,-30.4452,-4.12946,14.9754,-4.03599,14.9943,-48.4447,-48.4296,1.089,1.0134,0.325954,4.10816,23.3594
6.1992e+07,-0.613349,-2.4874,8.41003,-16.4351,-9.72855,-16.5822,-9.81236,-4.00052,9.69294,-3.85615,9.71509,-49.8951,-49.8805,1.089,1.04083,0.364673,4.10843,23.3976
6.20731e+07,-0.704155,-2.24174,8.69541,-14.4113,56.6684,-14.2186,56.6665,-4.48374,-8.94828,-4.51055,-8.92888,-56.6127,-56.6025,1.066,1.03107,0.254657,4.10739,23.4006
6.20931e+07,-0.744795,-2.07556,8.61024,-13.5044,53.5692,-13.3851,53.5877,-4.80683,-12.1239,-4.84821,-12.1108,-57.8188,-57.805,0.993,0.991661,0.100579,4.10787,23.3624
6.21131e+07,-0.740062,-1.91901,8.41817,-12.794,46.1646,-12.7294,46.1984,-4.89905,-14.6735,-4.84616,-14.6639,-58.6737,-58.6645,0.993,0.967609,-0.00183825,4.10816,23.3888
6.21331e+07,-0.823557,-2.20802,9.75447,-12.7108,36.134,-12.5722,36.1772,-4.70742,-17.0246,-4.88288,-17.0136,-59.7119,-59.7046,0.993,0.965587,-0.0190137,4.10793,23.4065
6.21531e+07,-0.885543,-2.55965,11.537,-12.4737,21.5844,-12.2962,21.6442,-4.28543,-20.6124,-4.4245,-20.5983,-60.8569,-60.8427,0.926,0.927698,-0.10972,4.10771,23.4006
6.21731e+07,-0.821023,-2.73065,12.3273,-12.4633,6.63786,-12.3978,6.69448,-3.72047,-24.8109,-3.94616,-24.7918,-61.9409,-61.9267,0.926,0.903991,-0.125211,4.10818,23.3829
6.21931e+07,-0.704067,-2.55965,11.2377,-12.8073,-5.1942,-12.712,-5.1587,-3.49572,-31.0246,-3.6738,-30.9974,-63.4829,-63.4683,0.926,0.901354,-0.0821166,4.10862,23.4006
6.22731e+07,-0.520369,-1.96236,7.25691,-15.0947,5.70657,-15.1196,5.67691,-3.95973,-60.8567,-4.15782,-60.8339,-73.4371,-73.4161,1.057,0.988274,0.121522,4.10837,23.4153
6.2374e+07,-1.38708,-2.21766,9.31333,-13.2527,14.0424,-13.3023,14.064,-8.24391,-40.078,-8.2003,-40.1355,-74.3836,-74.4051,1.047,1.00874,0.00278769,4.10897,23.3947
6.2394e+07,-1.22958,-1.89493,7.86069,-13.3964,8.65313,-13.2585,8.67411,-8.64644,-26.017,-8.66896,-26.0706,-72.3531,-72.374,1.022,0.993407,-0.0709741,4.1092,23.3712
6.2474e+07,-1.65208,-2.4296,10.8327,-12.5013,-21.4995,-12.5199,-21.4561,-8.46412,23.7082,-8.38671,23.6471,-63.4218,-63.4512,0.979,0.945002,-0.313624,4.10874,23.3653
6.2494e+07,-1.05051,-1.80582,7.63512,-13.1869,-28.3545,-13.1311,-28.3391,-7.62629,35.7845,-7.69041,35.7447,-60.7043,-60.729,0.979,0.943211,-0.309442,4.10848,23.3624
6.25742e+07,-0.711346,-2.143,7.91208,-15.0969,-11.2705,-15.0605,-11.3062,-4.95968,34.838,-4.83857,34.8542,-58.3226,-58.3225,0.923,0.892113,-0.569439,4.10737,23.3712
6.2594e+07,-0.448822,-1.64686,5.8898,-15.5787,-1.91176,-15.3705,-1.94917,-4.19732,28.2731,-4.2626,28.3013,-58.5363,-58.5306,0.923,0.884835,-0.616726,4.10768,23.3712
6.2674e+07,-0.599181,-1.9166,7.88385,-13.626,5.70657,-13.5549,5.70936,-4.22363,2.18149,-4.2172,2.20247,-56.6127,-56.6243,0.893,0.862087,-0.568864,4.10623,23.3976
6.2695e+07,-0.775869,-1.95755,7.81034,-14.0043,6.76,-13.9122,6.75285,-5.50393,-1.72691,-5.17273,-1.71936,-55.544,-55.5604,0.846,0.832841,-0.664756,4.10677,23.3712
6.2715e+07,-0.940529,-2.32122,9.61906,-13.5049,7.35542,-13.5555,7.35539,-5.42962,-1.17729,-5.43678,-1.1797,-53.3608,-53.3859,0.846,0.81558,-0.68916,4.10729,23.3271
6.2735e+07,-1.02411,-2.29713,9.47672,-13.5496,6.46992,-13.574,6.47674,-5.99548,0.441033,-5.8165,0.427627,-50.9638,-50.9874,0.846,0.813926,-0.649585,4.10769,23.3888
6.2755e+07,-0.766379,-1.73838,7.25748,-13.3985,4.39359,-13.3675,4.40168,-5.86335,3.87615,-5.98022,3.86622,-47.8951,-47.9229,0.794,0.783765,-0.732834,4.10757,23.4006
6.27751e+07,-0.864282,-1.73116,7.35967,-13.1494,2.13405,-13.1997,2.14513,-6.52146,5.50974,-6.43664,5.49872,-44.9638,-44.9933,0.794,0.764849,-0.798008,4.10669,23.4065
6.2795e+07,-1.15306,-2.28028,9.84486,-12.9554,-2.61405,-13.0205,-2.59366,-6.50942,11.0059,-6.51686,10.9822,-41.4829,-41.5138,0.794,0.763059,-0.772374,4.10653,23.3771
6.2815e+07,-1.22223,-2.56447,10.749,-13.3358,-7.62168,-13.2276,-7.60195,-6.31135,16.4258,-6.15087,16.4028,-37.9867,-38.019,0.739,0.731652,-0.804446,4.10638,23.3741
6.2835e+07,-1.03607,-2.22729,9.09221,-13.6793,-9.24,-13.6087,-9.24287,-6.31572,22.1815,-6.24715,22.1655,-34.6127,-34.6427,0.739,0.711072,-0.812333,4.10624,23.3506
6.2855e+07,-0.747257,-1.80823,7.09591,-14.2208,-5.27053,-14.1521,-5.28974,-5.82669,23.3723,-5.78316,23.3723,-31.5745,-31.6016,0.739,0.707904,-0.814698,4.1061,23.3859
6.28951e+07,-0.81862,-2.78604,10.4136,-14.9341,13.1264,-14.9306,13.0776,-4.34271,22.0746,-4.42209,22.0964,-26.5211,-26.5385,0.686,0.656444,-0.896224,4.10636,23.3888
6.2915e+07,-0.651539,-2.54279,9.52111,-14.9196,25.9814,-14.896,25.9267,-3.78254,14.7006,-3.80646,14.7405,-24.7043,-24.7229,0.686,0.655332,-0.834049,4.10622,23.3859
6.2935e+07,-0.367477,-2.21525,8.65717,-14.3408,33.3249,-14.2878,33.3045,-2.35483,2.30363,-2.56722,2.36166,-23.6203,-23.6315,0.627,0.623325,-0.893984,4.10608,23.3653
6.2955e+07,-0.429546,-2.26823,9.36703,-13.5984,35.1722,-13.705,35.176,-2.55193,-12.5666,-2.48424,-12.5094,-22.4753,-22.4895,0.627,0.603881,-0.910512,4.10595,23.3771
6.2975e+07,-0.322063,-2.37661,10.3829,-12.8867,28.5768,-12.7836,28.6132,-1.7319,-27.4216,-2.08409,-27.3596,-20.9333,-20.9478,0.627,0.604501,-0.843609,4.1049,23.3859
6.2996e+07,-0.365078,-2.25619,10.0318,-12.6671,18.073,-12.5072,18.1137,-2.03345,-44.1544,-2.15491,-44.0965,-19.3455,-19.3622,0.568,0.571388,-0.880541,4.10416,23.3682
6.30171e+07,-0.400948,-2.06593,9.36021,-12.4354,5.6455,-12.3882,5.68416,-2.39521,-59.9865,-2.64883,-59.9376,-17.2844,-17.3039,0.568,0.549524,-0.881914,4.10413,23.3682
6.3038e+07,-0.723311,-2.05148,9.39612,-12.281,-4.06443,-12.3831,-4.02314,-4.301,-67.9407,-4.09551,-67.9258,-14.8417,-14.8687,0.568,0.54779,-0.838913,4.1041,23.3947
6.3058e+07,-1.05518,-2.20802,10.22,-12.1288,-15.9576,-12.2443,-15.9104,-5.76265,-66.1697,-5.77973,-66.1923,-10.8722,-10.9159,0.516,0.508891,-0.904027,4.10407,23.3918
6.3099e+07,-1.31308,-2.15745,8.83852,-13.574,-29.4995,-13.5049,-29.5012,-8.21254,-40.3987,-8.34404,-40.458,-0.795864,-0.836372,0.516,0.491576,-0.839069,4.10452,23.3918
6.3119e+07,-1.29398,-2.12614,8.16427,-14.4243,-24.3545,-14.3804,-24.3841,-8.71995,-27.0093,-8.74003,-27.0638,3.61635,3.57561,0.464,0.45169,-0.941535,4.10498,23.3565
6.3139e+07,-1.53269,-2.42237,9.02348,-14.8241,-13.2247,-14.8231,-13.267,-9.31622,-10.2155,-9.29321,-10.2854,7.90643,7.86907,0.464,0.437907,-0.946802,4.10541,23.4153
6.3159e+07,-1.65686,-2.41033,9.37736,-14.2042,-5.13313,-14.2945,-5.15599,-9.71064,9.41813,-9.65991,9.33728,12.7461,12.6994,0.464,0.436847,-0.905658,4.10583,23.3682
6.3179e+07,-1.66881,-2.3453,9.47482,-13.7002,-2.2171,-13.8098,-2.2214,-9.70214,29.8456,-9.62561,29.7695,18.0133,17.9658,0.412,0.40033,-0.971757,4.10512,23.3947
6.3199e+07,-1.47063,-2.30918,9.38924,-13.6569,-2.76672,-13.7133,-2.76254,-8.64825,47.6319,-8.69587,47.5761,22.9599,22.9171,0.412,0.389836,-0.950963,4.10563,23.3976
6.3219e+07,-1.1101,-2.18635,8.70059,-13.9967,-2.94992,-13.8681,-2.95227,-7.05405,55.4945,-7.13495,55.4755,26.0438,26.0205,0.412,0.390231,-0.911252,4.10603,23.3918
6.3239e+07,-0.985874,-2.40792,9.69493,-13.8795,-2.49191,-13.7927,-2.49485,-5.63634,56.67,-5.68962,56.6706,28.2423,28.2205,0.352,0.348107,-0.992976,4.10641,23.3947
6.3259e+07,-0.775713,-2.52112,9.94387,-14.1854,-0.354504,-14.1513,-0.367075,-4.32429,52.5326,-4.3739,52.5601,29.6316,29.622,0.352,0.334951,-0.965745,4.10686,23.4094
6.3279e+07,-0.520203,-2.55965,9.93409,-14.4298,4.8516,-14.3469,4.82504,-2.90294,41.4945,-2.98342,41.5467,30.1202,30.1207,0.352,0.334189,-0.90408,4.10678,23.3771
6.3299e+07,-0.312376,-2.86552,10.743,-14.9289,12.8058,-14.8287,12.7696,-1.60929,25.8609,-1.74848,25.9303,29.4942,29.5028,0.293,0.291368,-0.961936,4.10712,23.3829
6.3319e+07,-0.188155,-3.05578,11.4525,-14.9378,23.3554,-14.8404,23.3097,-0.909427,7.14332,-1.04101,7.2185,28.0744,28.087,0.293,0.278199,-0.908801,4.10694,23.3976
6.3339e+07,-0.130826,-3.13285,11.7919,-14.8777,35.1722,-14.7534,35.1185,-0.614337,-14.1544,-0.678583,-14.0512,26.4713,26.4867,0.293,0.277492,-0.812536,4.10686,23.3918
6.3399e+07,-0.374535,-2.59578,11.1353,-13.1149,43.0959,-13.1301,43.1197,-1.87615,-67.3452,-1.86628,-67.2828,24.3492,24.3444,0.239,0.227201,-0.743572,4.1071,23.3653
6.3419e+07,-0.589418,-2.67526,11.7859,-12.7733,34.9279,-12.6711,34.9674,-2.7921,-76.0933,-2.8734,-76.069,24.853,24.846,0.19,0.192089,-0.76416,4.1076,23.4094
6.3499e+07,-1.53029,-2.4585,10.8682,-12.6259,-11.1331,-12.6371,-11.1025,-7.81976,-48.3834,-7.7684,-48.4475,37.4942,37.4534,0.144,0.135895,-0.656296,4.10796,23.3859
6.3519e+07,-1.69498,-2.69934,11.2003,-13.4032,-15.1942,-13.2394,-15.1863,-8.36936,-30.475,-8.40525,-30.5519,41.6316,41.59,0.144,0.13463,-0.599922,4.10824,23.4271
6.3599e+07,-1.4896,-2.79568,11.3187,-13.76,-12.1255,-13.8722,-12.1268,-7.28097,44.1815,-7.35793,44.1317,55.937,55.9139,0.077,0.0775253,-0.536431,4.10879,23.4035
6.3619e+07,-1.4155,-3.07264,12.6193,-13.6024,-13.8354,-13.6523,-13.8199,-6.21986,55.2807,-6.39673,55.2481,58.0438,58.0281,0.077,0.0715018,-0.476335,4.10912,23.4094
6.3639e+07,-1.24359,-3.03652,12.7901,-13.2949,-18.8583,-13.3911,-18.8341,-5.40413,60.1204,-5.3301,60.1116,59.54,59.5291,0.077,0.0716247,-0.386306,4.10935,23.3653
6.3659e+07,-0.916485,-2.91851,12.3152,-13.2968,-25.9728,-13.3537,-25.9482,-4.14175,58.6242,-4.14217,58.6424,59.998,59.9953,0.047,0.0504328,-0.370425,4.10965,23.4124
6.3679e+07,-0.687316,-2.6873,11.2185,-13.4466,-31.5759,-13.4902,-31.5584,-3.4097,50.7311,-3.33996,50.7711,59.4789,59.4866,0.047,0.0439969,-0.324065,4.10985,23.4065
6.3699e+07,-0.474813,-2.63431,10.7886,-13.7089,-33.4385,-13.9047,-33.4387,-2.44815,37.3571,-2.39866,37.4115,57.8759,57.9009,0.047,0.0435753,-0.281556,4.10885,23.3771
6.3719e+07,-0.675622,-1.80823,9.44633,-10.8096,149.874,-9.89897,148.546,-4.01824,173.418,-6.01577,172.386,12.0133,12.9633,0.034,0.0346634,-0.228039,4.10926,23.3506
6.3799e+07,-0.0793277,0.588145,6.45813,5.20321,224.684,7.13554,224.805,-0.70085,16.3342,-3.98275,16.4361,-21.5592,-21.5494,0.031,0.0298962,-0.10487,4.10809,23.3624
6.382e+07,1.34578,2.12953,6.99832,16.637,36.9585,16.7217,37.3174,10.4243,-102.643,16.8797,-102.566,5.72322,5.62813,0.031,0.0280807,-0.139793,4.10854,23.3859
6.384e+07,-1.33798,1.51298,8.6165,9.84346,-66.1102,15.7316,-65.7836,-8.69549,-7.51317,-6.72393,-7.73756,-12.5211,-12.6173,0.037,0.0323319,-0.116774,4.10837,23.3535
6.386e+07,-0.0938502,1.2914,9.90428,7.42846,-102.019,7.54198,-101.971,-0.538346,25.1586,-0.813881,25.0501,-9.8951,-9.9125,0.037,0.0354283,-0.099708,4.1088,23.3976
6.388e+07,-0.0625545,0.378613,9.89804,2.19053,-92.6599,2.46012,-92.7337,-0.361834,44.0594,-0.151393,44.001,-10.1394,-10.1372,0.037,0.0361874,-0.0913597,4.10854,23.4035
6.39e+07,0.212235,-0.295743,9.55246,-1.77286,-52.8583,-1.38463,-53.0907,1.27217,62.5479,1.03435,62.4607,-8.68899,-8.70892,0.025,0.0273473,-0.111923,4.10761,23.3976
6.39211e+07,0.474967,-0.546218,9.58032,-3.25917,14.3936,-3.07661,14.1654,2.83365,77.5555,2.86038,77.5016,-4.71953,-4.74816,0.025,0.0243374,-0.117971,4.10808,23.3682
6.39411e+07,0.770892,0.0534774,9.65937,0.316199,64.9585,-0.668183,64.7889,4.5629,88.4716,4.58385,88.4283,-0.0783064,-0.125748,0.025,0.0241237,-0.117792,4.10794,23.3506
6.39611e+07,2.1749,0.214841,12.2986,0.985499,-12.9805,6.49321,-13.1953,10.0271,-4.73454,15.5921,-4.88676,-2.24625,-2.30539,0.043,0.0368458,-0.11561,4.1084,23.3829
6.39811e+07,2.63783,1.32994,8.05245,8.91995,8.6684,6.42997,8.85454,17.9109,-15.8032,13.0698,-15.5976,2.44078,2.38405,0.043,0.0410962,-0.0987093,4.10866,23.3771
6.40011e+07,1.27207,1.02166,10.0879,5.73785,20.2104,0.495182,19.1871,7.15082,-16.3223,5.4754,-16.7275,4.13543,4.27212,0.043,0.0419038,-0.0900011,4.10756,23.3947
6.4222e+07,0.763539,0.735058,9.63673,4.34831,1.67603,4.31279,1.69309,4.51714,-1.66584,4.45341,-1.67995,-1.46762,-1.46663,0.045,0.0442084,-0.0751387,4.1073,23.3947
6.4242e+07,0.792187,0.756734,9.72221,4.43603,-1.98809,4.39267,-1.97493,4.64431,1.98302,4.52784,1.97013,-1.39128,-1.39703,0.045,0.0442158,-0.0737999,4.10762,23.3947
6.4262e+07,0.754,0.689299,9.65803,4.06996,-5.01099,4.19092,-5.00402,4.45273,5.02119,4.55297,5.011,-0.704261,-0.689553,0.046,0.0450626,-0.0704079,4.10792,23.38
6.4282e+07,0.801763,0.670031,9.69357,3.94065,-6.20183,3.95769,-6.1997,4.71701,6.19676,4.73245,6.19784,-0.780596,-0.773689,0.046,0.0452268,-0.0692834,4.1077,23.3771
6.4302e+07,0.906845,0.607413,9.68389,3.57353,-4.98046,3.58393,-4.98881,5.33941,5.06699,5.28944,5.07504,-0.688993,-0.684358,0.046,0.0452301,-0.0700348,4.108,23.3771
6.4322e+07,0.918785,0.605004,9.69812,3.55382,-1.85069,3.52904,-1.86266,5.40152,1.90668,5.42595,1.91899,-0.0935736,-0.102723,0.044,0.0435332,-0.0754255,4.10845,23.3624
6.4342e+07,0.945049,0.612229,9.70048,3.59436,0.592061,3.50259,0.584823,5.55338,-0.612402,5.47062,-0.603988,0.0896325,0.0867748,0.044,0.0432267,-0.0762803,4.10871,23.4035
6.4362e+07,0.820879,0.619455,9.72434,3.63202,1.47756,3.71567,1.47783,4.81546,-1.62004,4.99571,-1.61824,0.21177,0.21367,0.044,0.0432014,-0.0758137,4.10845,23.3565
6.4422e+07,0.921175,0.595371,9.7076,3.49392,0.775267,3.54464,0.76607,5.41059,-0.749807,5.34466,-0.74292,0.135434,0.129336,0.045,0.0442129,-0.0726394,4.10912,23.38
6.4442e+07,0.906833,0.650764,9.66734,3.83432,3.15695,3.71501,3.14762,5.34685,-3.23836,5.31836,-3.23082,0.486579,0.481487,0.045,0.0442082,-0.0732564,4.10934,23.38
6.4522e+07,0.868622,0.670031,9.78136,3.90337,5.72183,3.81537,5.70628,5.06297,-5.46736,5.04206,-5.453,-2.41418,-2.37831,0.046,0.0452241,-0.0682848,4.11046,23.3535
6.4542e+07,0.849521,0.665215,9.67928,3.9165,8.59206,3.99416,8.58342,5.00408,-11.7116,4.96733,-11.6823,-5.86457,-5.83653,0.046,0.0452381,-0.0680118,4.1107,23.3918
6.4562e+07,0.780223,0.848254,9.66776,4.99815,6.8516,4.848,6.86532,4.59639,-18.2307,4.65652,-18.2091,-8.61266,-8.59054,0.045,0.0443782,-0.0703216,4.11085,23.4212
6.4642e+07,0.453093,0.831395,9.63953,4.92407,-10.2782,4.77021,-10.2569,2.68119,-53.2078,2.7147,-53.1632,-21.2233,-21.189,0.043,0.0423247,-0.0713794,4.11152,23.4271
6.4662e+07,0.285974,0.725425,9.7867,4.23741,-14.4919,4.23083,-14.4781,1.66917,-64.6887,1.71696,-64.643,-24.5058,-24.477,0.043,0.0423638,-0.0681238,4.11163,23.3888
6.4682e+07,0.0400409,0.67244,9.77259,3.93622,-17.0873,3.90451,-17.0757,0.234201,-78.2918,0.159158,-78.2446,-27.9104,-27.8791,0.042,0.041577,-0.068123,4.11122,23.3918
6.4702e+07,-0.270372,0.648356,9.70159,3.8219,-20.324,3.73975,-20.3108,-1.5928,-91.5284,-1.53646,-91.4745,-30.8569,-30.8275,0.042,0.0414485,-0.0664977,4.11084,23.4065
6.4722e+07,-0.673905,0.607413,9.71612,3.56869,-24.385,3.47958,-24.3698,-3.95995,-101.36,-3.79914,-101.334,-33.1012,-33.0829,0.042,0.041399,-0.0658588,4.11056,23.4035
6.4742e+07,-1.25174,0.527935,9.30812,3.21731,-74.2934,3.3734,-74.0142,-7.64695,-74.1544,-7.66901,-74.3316,-19.2691,-19.476,0.037,0.0369545,-0.0823932,4.11071,23.4212
6.4762e+07,-1.44995,0.605004,9.826,3.4857,-82.9347,3.26295,-83.0665,-8.37851,-65.6811,-8.29753,-65.615,-13.5898,-13.5435,0.037,0.0360783,-0.0868217,4.11035,23.4212
6.4783e+07,-1.69291,-1.55534,6.52019,-13.001,22.5157,-10.5976,21.8887,-14.174,4.16622,-11.5231,3.64103,-7.74243,-7.82678,0.037,0.0355594,-0.0944541,4.11001,23.4271
6.4803e+07,-2.25946,0.701341,8.89615,4.3695,36.5615,1.32965,36.7207,-14.2084,23.2197,-15.3035,23.1552,-7.45235,-7.46183,0.035,0.0332791,-0.115278,4.10901,23.3976
6.4823e+07,-0.750227,0.287094,9.61833,1.70452,4.33252,2.19989,4.35624,-4.45805,43.9372,-6.51596,43.907,-1.40655,-1.43898,0.035,0.0336362,-0.119694,4.10882,23.3976
6.4843e+07,-0.583057,0.210024,9.60856,1.24988,9.72183,0.762047,9.70228,-3.47168,30.0899,-4.30332,30.1319,-3.97144,-3.95238,0.035,0.0339711,-0.117667,4.10906,23.4124
6.4863e+07,-0.633187,0.157039,9.78896,0.917171,9.6913,1.09553,9.69227,-3.70048,12.1662,-4.06966,12.2275,-6.58212,-6.5534,0.035,0.0340543,-0.115383,4.10929,23.4212
6.4883e+07,-0.776501,0.313586,9.77034,1.83254,5.95084,1.65172,5.96698,-4.54172,-7.69637,-4.55311,-7.63215,-8.8264,-8.80695,0.035,0.0340767,-0.113135,4.10909,23.4006
6.4903e+07,-0.993805,0.352121,9.8157,2.04406,1.01954,1.80537,1.0437,-5.7776,-20.9635,-5.70096,-20.9323,-9.95617,-9.95506,0.035,0.0340445,-0.111603,4.10949,23.4182
6.4923e+07,-1.30185,0.417148,9.72348,2.43485,-16.553,2.55339,-16.4824,-7.61893,-13.6658,-7.67839,-13.711,-3.25388,-3.33431,0.037,0.0355889,-0.107223,4.10927,23.3888
6.4943e+07,-1.12026,-0.0115497,9.69177,-0.0678281,-17.5759,0.210905,-17.6141,-6.59348,-11.162,-6.88228,-11.1439,0.959862,0.954917,0.037,0.0359282,-0.106582,4.10966,23.4006
6.4963e+07,-1.1561,0.0679279,9.69193,0.398736,-5.51481,0.0548995,-5.54033,-6.80221,-18.5666,-6.7501,-18.5416,-0.551589,-0.532668,0.037,0.0360042,-0.105927,4.10868,23.4006
6.4983e+07,-1.34001,0.2317,9.73983,1.35004,-12.4461,1.24168,-12.3968,-7.8314,-18.0475,-7.8328,-18.0592,0.990396,0.94651,0.036,0.0350844,-0.110034,4.1091,23.4241
6.5003e+07,-1.43541,-0.180139,9.61817,-1.06122,-15.1026,-0.479447,-15.1445,-8.48666,-15.4063,-8.1938,-15.4312,3.15833,3.15808,0.036,0.0348967,-0.111824,4.10932,23.4182
6.50232e+07,-1.6909,-0.196998,9.59699,-1.15811,3.59969,-1.36386,3.53867,-9.99037,-0.444463,-9.94554,-0.518917,-1.45235,-1.41588,0.036,0.0346953,-0.117674,4.10971,23.3888
6.5043e+07,-1.43547,0.0462522,9.5758,0.273685,7.7829,0.211239,7.79227,-8.52541,13.5097,-8.75972,13.4936,-1.19281,-1.20326,0.038,0.0363896,-0.115947,4.11008,23.4359
6.5064e+07,-1.16805,0.0944205,9.53291,0.563266,2.31725,0.61865,2.33947,-6.98516,3.89141,-6.80587,3.9538,-0.612658,-0.611371,0.038,0.0368667,-0.114772,4.10983,23.3947
6.50851e+07,-1.28744,0.120913,9.69925,0.708016,-6.88885,0.750986,-6.86546,-7.56047,-10.7956,-7.45395,-10.7735,-0.0325049,-0.0415035,0.038,0.0369033,-0.114452,4.11002,23.3859
6.51051e+07,-1.51661,-0.107886,9.71332,-0.628743,-4.29343,-0.359976,-4.31934,-8.87383,-6.33759,-8.83967,-6.37398,0.42551,0.434003,0.036,0.0349742,-0.12232,4.11037,23.4535
6.5246e+07,-1.19672,0.183532,9.68028,1.07796,19.7524,1.04116,19.7368,-7.04618,28.5479,-6.96497,28.5204,-2.01724,-2.01018,0.037,0.0358266,-0.12523,4.11009,23.4329
6.5266e+07,-1.08451,0.243742,9.71114,1.4289,23.9661,1.39498,23.9532,-6.37024,35.2655,-6.30107,35.237,-2.79586,-2.78775,0.037,0.0358875,-0.123173,4.11027,23.4506
6.5286e+07,-1.04633,0.318403,9.7041,1.86845,25.447,2.03285,25.4452,-6.15076,44.8838,-5.93993,44.8398,-3.58976,-3.57622,0.036,0.0350188,-0.123463,4.11044,23.4271
6.5306e+07,-0.81476,0.506259,9.67809,2.98387,23.3554,2.9318,23.3665,-4.80562,58.3494,-4.81346,58.2987,-4.29205,-4.28823,0.036,0.0349774,-0.120183,4.11009,23.3947
6.5326e+07,-0.633295,0.544794,9.6685,3.21817,20.1798,3.30592,20.1875,-3.74165,73.4945,-3.67803,73.4319,-5.37602,-5.36536,0.036,0.0350261,-0.116559,4.11036,23.4035
6.5346e+07,-0.392137,0.595371,9.7206,3.50205,18.5463,3.61629,18.5475,-2.30579,89.9983,-2.25627,89.9307,-6.53632,-6.52413,0.037,0.0360002,-0.108724,4.11069,23.4329
6.5366e+07,0.0305009,0.631497,9.68943,3.72889,19.7524,3.84807,19.7402,0.179976,107.036,0.0124324,106.96,-7.69663,-7.67944,0.037,0.0361632,-0.103331,4.11101,23.4212
6.5446e+07,0.844869,0.219658,12.6084,0.995851,-11.8354,0.563394,-11.875,3.833,10.6395,7.39218,10.8317,1.31101,1.32507,0.04,0.0388307,-0.0811314,4.11182,23.4565
6.5466e+07,1.27472,0.0896036,9.253,0.549629,11.7371,0.888091,11.6336,7.84347,-14.3071,8.75335,-14.2714,2.1507,2.1261,0.042,0.040684,-0.0877422,4.112,23.4329
6.5546e+07,0.527095,0.908464,9.6847,5.35102,6.57679,5.53985,6.63689,3.10169,-6.67347,3.06968,-6.73099,0.91406,0.934548,0.045,0.0441784,-0.072109,4.11224,23.43
6.5566e+07,0.586797,0.886789,9.7036,5.21215,-8.14076,5.27492,-8.08683,3.44625,7.99829,3.39868,7.94749,-1.0096,-0.991457,0.045,0.0442299,-0.0693362,4.1124,23.4447
6.5646e+07,1.03106,0.419556,9.63362,2.47958,0.592061,2.46526,0.550374,6.10324,-0.612402,6.27728,-0.567178,0.0896325,0.0751183,0.034,0.0343658,-0.0998884,4.11286,23.4653
6.5666e+07,0.973735,0.499034,9.67891,2.9367,8.8516,2.89624,8.82785,5.73727,-9.4063,5.78586,-9.38308,1.18887,1.18079,0.034,0.0332006,-0.102775,4.1129,23.4094
6.5686e+07,0.830429,0.624271,9.65549,3.68572,10.3173,3.58638,10.3217,4.90549,-10.6277,4.98549,-10.6351,1.50948,1.50612,0.034,0.0331038,-0.101224,4.11252,23.4476
6.5706e+07,0.756374,0.739875,9.65811,4.36736,5.50809,4.2106,5.5329,4.46495,-5.57423,4.48862,-5.60028,0.80719,0.812573,0.043,0.04126,-0.0742696,4.11274,23.4447
6.5726e+07,0.770714,0.694115,9.64853,4.10175,-1.78962,4.24255,-1.76413,4.5553,1.86088,4.45461,1.83597,-0.215711,-0.205702,0.043,0.0421511,-0.0706576,4.11279,23.4506
6.57462e+07,0.837586,0.650764,9.71488,3.81819,-5.59114,3.82643,-5.58589,4.91671,5.78454,4.81315,5.7767,-0.719528,-0.715883,0.043,0.0422535,-0.0699083,4.11174,23.4153
6.5767e+07,0.909247,0.556836,9.64819,3.28857,-4.75145,3.34516,-4.76099,5.37477,4.91432,5.25501,4.92442,-0.688993,-0.686283,0.046,0.044977,-0.0619938,4.112,23.4329
6.5787e+07,0.902083,0.556836,9.61021,3.30165,-0.766717,3.27353,-0.786373,5.35355,0.685308,5.4884,0.706788,-0.0630392,-0.0702572,0.046,0.0452475,-0.0627487,4.11158,23.4418
6.5847e+07,0.816101,0.629088,9.6745,3.70731,2.13405,3.72585,2.14,4.81171,-2.09332,4.85145,-2.10315,0.364442,0.36861,0.045,0.0442837,-0.0670942,4.11078,23.4359
6.5867e+07,0.823259,0.648356,9.73863,3.79539,-0.15603,3.75661,-0.147899,4.82141,-0.00171518,4.87718,-0.00951919,-0.0172377,-0.010188,0.045,0.0442728,-0.0668161,4.1105,23.43
6.59471e+07,0.875815,0.564061,9.72895,3.30482,2.72947,3.43558,2.72523,5.13541,-2.81088,5.18785,-2.80606,0.394976,0.393575,0.044,0.0433505,-0.0705509,4.11012,23.4329
6.5967e+07,0.839973,0.653172,9.71488,3.83219,2.10351,3.78151,2.11005,4.93057,-2.13912,5.01205,-2.14423,0.257571,0.262529,0.044,0.0432529,-0.0703728,4.11038,23.4388
6.5987e+07,0.820863,0.677257,9.73393,3.96602,-0.186565,3.89412,-0.178715,4.80878,0.227293,4.7605,0.217665,0.0132966,0.0175055,0.044,0.0432629,-0.0692553,4.11055,23.4212
6.6007e+07,0.818488,0.633905,9.67688,3.73463,-2.01863,3.65997,-2.01442,4.82438,2.13569,4.85466,2.12943,-0.246245,-0.241895,0.044,0.043271,-0.0688388,4.11079,23.4182
6.6027e+07,0.887746,0.595371,9.65777,3.51287,-1.31634,3.50545,-1.32261,5.242,1.31126,5.18923,1.3181,-0.124108,-0.125686,0.044,0.0432606,-0.0694798,4.11093,23.4388
6.6047e+07,0.875816,0.561653,9.68384,3.30591,0.897405,3.2617,0.890709,5.1592,-0.963547,5.21306,-0.955128,0.165968,0.162419,0.044,0.0432564,-0.069975,4.10989,23.4182
6.6068e+07,0.875808,0.588145,9.71712,3.44975,2.05771,3.50452,2.05883,5.14082,-2.20019,5.09643,-2.19923,0.257571,0.26034,0.043,0.0423502,-0.0726792,4.11024,23.4359
6.6088e+07,0.847134,0.662806,9.69827,3.89488,1.03481,3.8668,1.04227,4.98049,-1.08568,4.92315,-1.09486,0.165968,0.16753,0.043,0.0422519,-0.0725693,4.11058,23.4447
6.6108e+07,0.832807,0.662806,9.69354,3.89726,-1.08733,3.94697,-1.07834,4.89905,1.11279,4.88525,1.10467,-0.124108,-0.117841,0.043,0.0422379,-0.072332,4.11082,23.4212
6.6128e+07,0.887735,0.633905,9.69107,3.7269,-1.83542,3.69933,-1.83687,5.22278,1.96775,5.16995,1.96803,-0.169909,-0.173982,0.046,0.0449511,-0.0642568,4.11096,23.3888
6.6148e+07,0.930724,0.605004,9.65062,3.57069,-0.186565,3.5155,-0.193188,5.49795,0.181491,5.3393,0.189904,0.0132966,0.00965721,0.046,0.0452434,-0.0642733,4.10983,23.4359
6.6268e+07,0.866256,0.590554,9.70051,3.47001,0.271451,3.50771,0.267292,5.0936,-0.154387,5.07297,-0.153697,0.043831,0.046421,0.045,0.0442674,-0.0676888,4.11038,23.4565
6.6288e+07,0.866232,0.679665,9.68879,3.99682,0.882138,3.81748,0.881787,5.09652,-0.94828,5.03786,-0.94589,0.165968,0.165701,0.045,0.0442634,-0.0674839,4.11071,23.4359
6.6308e+07,0.839984,0.612229,9.67445,3.60749,0.530993,3.61761,0.537188,4.9524,-0.612402,5.01396,-0.614493,0.0743654,0.0759745,0.045,0.0442668,-0.0673918,4.11094,23.4447
6.6328e+07,0.859078,0.645947,9.65075,3.81419,-0.659847,3.77258,-0.652119,5.07557,0.578438,4.94651,0.57333,-0.0783064,-0.0760344,0.045,0.0442715,-0.0673784,4.11125,23.4094
6.6348e+07,0.842377,0.592962,9.70054,3.48487,-1.3774,3.54242,-1.37592,4.95381,1.41813,4.96693,1.41748,-0.139375,-0.140753,0.045,0.0442732,-0.067158,4.11086,23.4329
6.6368e+07,0.890148,0.544794,9.70517,3.19949,-0.797252,3.39357,-0.80023,5.23225,0.853247,5.15841,0.855089,-0.0783064,-0.0824428,0.046,0.0451771,-0.0646314,4.11109,23.4271
6.6388e+07,0.847144,0.62668,9.67922,3.69037,0.332519,3.6172,0.327159,4.99149,-0.123852,5.0934,-0.122603,0.135434,0.134357,0.046,0.0452654,-0.0647499,4.11079,23.4447
6.6408e+07,0.873409,0.631497,9.66259,3.7241,0.592061,3.69459,0.589463,5.15404,-0.566601,5.106,-0.567514,0.120167,0.12089,0.046,0.0452719,-0.0651901,4.11102,23.4212
6.6588e+07,0.880589,0.571286,9.65061,3.3738,-0.15603,3.46346,-0.159527,5.20457,0.166224,5.18284,0.16771,0.0132966,0.017341,0.044,0.0432383,-0.0721654,4.111,23.4271
6.6608e+07,0.873421,0.585737,9.68625,3.44657,0.118779,3.5108,0.119344,5.14315,-0.154387,5.13487,-0.154668,0.0743654,0.0756553,0.044,0.0432397,-0.0719919,4.11121,23.4506
6.6628e+07,0.839985,0.609821,9.68395,3.58985,-0.278168,3.4884,-0.275206,4.94767,0.334163,4.95191,0.3318,0.043831,0.040512,0.044,0.0432525,-0.0717038,4.1115,23.4388
6.66491e+07,0.890139,0.573695,9.69334,3.37291,-0.53771,3.58853,-0.599066,5.23764,0.56317,5.22929,0.729922,-0.108841,-0.0933819,0.044,0.0432319,-0.0722761,4.11178,23.4153
6.667e+07,0.863874,0.571286,9.68861,3.36122,0.179848,3.37325,0.173943,5.08645,-0.0933182,5.1712,-0.0903012,0.0896325,0.0882014,0.045,0.0441831,-0.0691853,4.11196,23.4241
6.669e+07,0.866257,0.588145,9.72425,3.44755,1.18748,3.47216,1.18562,5.08136,-1.28416,5.13139,-1.28143,0.165968,0.163794,0.045,0.0442468,-0.0686775,4.11162,23.4418
6.671e+07,0.866246,0.629088,9.70295,3.69491,1.09588,3.64081,1.09915,5.09101,-1.20782,5.09843,-1.20962,0.242304,0.239016,0.044,0.0438892,-0.0699021,4.11189,23.4859
6.6731e+07,0.823261,0.643539,9.66027,3.79752,-0.217099,3.79067,-0.211104,4.86033,0.196758,4.86529,0.189583,0.0285639,0.0267039,0.044,0.0433149,-0.071323,4.11198,23.43
6.6751e+07,0.85671,0.573695,9.70762,3.36903,-1.42321,3.53343,-1.42106,5.03462,1.50974,4.99769,1.50643,-0.0935736,-0.0928668,0.044,0.0432553,-0.0712846,4.11164,23.4388
6.6771e+07,0.87819,0.612229,9.6673,3.60888,-0.415572,3.58212,-0.423063,5.18025,0.471567,5.18221,0.48051,-0.0325049,-0.0347213,0.044,0.0432431,-0.0714224,4.11191,23.4359
6.6791e+07,0.902071,0.600187,9.64114,3.54677,1.98137,3.49201,1.97236,5.33504,-2.10859,5.33819,-2.09636,0.242304,0.243557,0.044,0.0432303,-0.0720061,4.112,23.4065
6.6811e+07,0.839985,0.607413,9.69582,3.57137,3.09588,3.53238,3.09492,4.94175,-3.13149,4.99366,-3.13203,0.440778,0.441984,0.044,0.043247,-0.071131,4.11208,23.4653
6.6851e+07,0.806544,0.650764,9.66505,3.83871,-0.354504,3.79537,-0.346451,4.75953,0.395231,4.72295,0.388885,0.0132966,0.0153807,0.045,0.0442087,-0.0675806,4.11248,23.4359
6.6871e+07,0.868632,0.633905,9.66259,3.73842,-1.24,3.7714,-1.24112,5.12592,1.37233,5.0371,1.37286,-0.139375,-0.137925,0.045,0.0442562,-0.0674451,4.11254,23.4859
6.6891e+07,0.890143,0.561653,9.68858,3.30387,-0.385038,3.44163,-0.388113,5.24059,0.318896,5.2014,0.32607,-0.00197053,-0.00466421,0.046,0.0446289,-0.066244,4.11277,23.4829
6.6971e+07,0.799381,0.645947,9.71491,3.79124,0.195115,3.86614,0.200159,4.69361,-0.261257,4.7539,-0.263953,0.0743654,0.0790763,0.046,0.0452823,-0.0648035,4.11145,23.4535
6.6991e+07,0.816104,0.619455,9.69823,3.64185,-0.507175,3.72447,-0.506254,4.80036,0.425766,4.82661,0.425725,-0.0325049,-0.0310812,0.046,0.0452842,-0.0646737,4.11173,23.4535
6.7031e+07,0.847152,0.595371,9.67917,3.50649,0.301985,3.618,0.300763,4.99258,-0.368127,4.9709,-0.365737,0.135434,0.13328,0.046,0.0452831,-0.064649,4.11101,23.4741
6.7051e+07,0.828034,0.650764,9.67453,3.83427,0.851603,3.78892,0.850106,4.881,-0.795608,4.92282,-0.793552,-0.00197053,0.00293597,0.046,0.0452816,-0.0645692,4.11064,23.4712
6.7152e+07,0.837596,0.614638,9.7077,3.60944,0.179848,3.6783,0.17717,4.92155,-0.154387,4.89589,-0.153167,0.043831,0.044558,0.045,0.0442783,-0.0662013,4.11179,23.4447
6.7172e+07,0.844747,0.657989,9.59855,3.90649,0.134046,3.86537,0.134673,5.0178,-0.200188,4.98792,-0.200731,-0.0325049,-0.0270668,0.045,0.0442714,-0.0666475,4.11079,23.4947
6.7192e+07,0.804155,0.653172,9.66268,3.85388,-0.15603,3.83403,-0.153652,4.74657,0.120422,4.79827,0.120116,0.0285639,0.0298983,0.044,0.0439117,-0.0675871,4.1111,23.4565
6.7212e+07,0.83758,0.670031,9.69117,3.9404,-0.461374,3.79947,-0.461063,4.92793,0.486835,4.90048,0.487692,-0.0172377,-0.0178638,0.044,0.043335,-0.0690175,4.11131,23.4741
6.7232e+07,0.835196,0.657989,9.68403,3.8727,0.378321,3.83739,0.373315,4.91797,-0.398662,4.91619,-0.394413,0.135434,0.132498,0.044,0.043267,-0.0691207,4.11143,23.4624
6.7252e+07,0.823257,0.655581,9.67929,3.86084,0.805802,3.85942,0.80549,4.85045,-0.978814,4.84472,-0.974335,0.135434,0.135343,0.046,0.0439959,-0.066591,4.11171,23.4624
6.7272e+07,0.816096,0.645947,9.6033,3.83431,0.76,3.88159,0.759752,4.84647,-0.780341,4.79872,-0.780064,0.165968,0.164432,0.046,0.045157,-0.0633311,4.11197,23.4418
6.7292e+07,0.780275,0.660398,9.66271,3.89715,0.729466,3.85727,0.725959,4.60598,-0.719272,4.65929,-0.717822,0.0743654,0.0724116,0.046,0.0452844,-0.0633281,4.11223,23.4594
6.7312e+07,0.844738,0.689299,9.66745,4.06291,1.29435,3.93112,1.2908,4.98122,-1.4063,4.85021,-1.40154,-0.856932,-0.843771,0.044,0.0445671,-0.0654784,4.11188,23.4829
6.7332e+07,0.842349,0.694115,9.68645,4.08336,1.8745,3.99714,1.87244,4.95738,-1.95591,4.85959,-1.95409,-1.68136,-1.67486,0.044,0.043404,-0.0682613,4.11213,23.4741
6.7352e+07,0.825642,0.667623,9.65794,3.94006,1.99664,3.90641,1.9981,4.87467,-2.13912,4.85699,-2.13793,-1.7577,-1.76104,0.044,0.0432789,-0.0682587,4.1117,23.4918
6.7372e+07,0.828037,0.64113,9.69825,3.76852,2.24092,3.80823,2.23973,4.8695,-2.21546,4.78369,-2.21484,-2.04777,-2.0442,0.045,0.0436356,-0.0672956,4.11138,23.4535
6.7432e+07,0.770695,0.76396,9.708,4.4855,2.77527,4.44308,2.77947,4.52512,-4.20019,4.52745,-4.19661,-4.88747,-4.8723,0.046,0.044646,-0.0630193,4.11195,23.4712
6.7452e+07,0.765922,0.754326,9.66288,4.4498,1.18748,4.32171,1.19375,4.51835,-4.99408,4.50847,-4.99049,-6.01724,-6.00553,0.046,0.0452331,-0.0613357,4.11203,23.4594
6.7472e+07,0.785038,0.706158,9.6889,4.15496,0.500458,4.14084,0.50199,4.62004,-6.01698,4.55817,-6.01426,-7.07067,-7.06117,0.046,0.0453007,-0.060924,4.11169,23.4829
6.7492e+07,0.699061,0.759143,9.6297,4.49572,0.286718,4.34372,0.288481,4.13926,-6.38339,4.19065,-6.38192,-7.83403,-7.82946,0.044,0.0445937,-0.0632474,4.11188,23.4653
6.7512e+07,0.691899,0.754326,9.7223,4.42538,-0.15603,4.34829,-0.152195,4.0585,-5.75744,4.06441,-5.75985,-8.58212,-8.57638,0.044,0.0434428,-0.0657773,4.11197,23.4447
6.7532e+07,0.62983,0.698932,9.71039,4.10832,0.0119087,4.07791,0.010378,3.70154,-4.00172,3.8336,-4.00924,-8.99434,-8.99082,0.044,0.0433397,-0.0652979,4.11163,23.48
6.7552e+07,0.644156,0.701341,9.67477,4.13709,1.09588,4.08207,1.09314,3.79925,-0.73454,3.77035,-0.748275,-9.26915,-9.26853,0.045,0.0437099,-0.0631688,4.11173,23.4565
6.7572e+07,0.617885,0.720608,9.72468,4.22943,2.11878,4.20753,2.11407,3.62565,3.54027,3.61097,3.52349,-9.34548,-9.34624,0.045,0.0442958,-0.0606128,4.1114,23.4535
6.7592e+07,0.627439,0.710974,9.73178,4.16981,2.6226,4.22764,2.62051,3.67916,8.21203,3.70214,8.1955,-9.39128,-9.38595,0.045,0.0443602,-0.0592659,4.11042,23.4947
6.76131e+07,1.48227,0.771185,8.91915,4.87519,-7.51481,5.24098,-7.4378,9.40127,2.39523,7.17285,2.44473,-4.16991,-4.26794,0.04,0.0412373,-0.0718325,4.11058,23.4535
6.76931e+07,0.775504,0.64113,9.75765,3.74745,0.576794,3.81372,0.576202,4.53438,-0.35286,4.62845,-0.351511,0.181236,0.178742,0.044,0.0431398,-0.0621094,4.11013,23.4594
6.7714e+07,0.730118,0.703749,9.74117,4.12062,0.256183,4.06782,0.258807,4.2753,0.120422,4.47314,0.112042,0.120167,0.122128,0.044,0.0432979,-0.0619333,4.11039,23.4653
6.77943e+07,0.851927,0.600187,9.6863,3.53206,-1.92702,3.53792,-1.93394,5.01676,2.12042,5.04443,2.1279,-0.215711,-0.217233,0.045,0.043078,-0.0627136,4.11037,23.4888
6.7815e+07,0.890129,0.612229,9.67204,3.60673,0.286718,3.58218,0.279197,5.24774,-0.200188,5.09025,-0.193298,0.043831,0.0383262,0.045,0.044191,-0.0599237,4.11054,23.4476
6.78951e+07,0.804142,0.698932,9.74585,4.08815,-0.888855,4.0048,-0.887883,4.70483,0.914315,4.71736,0.914224,0.0132966,0.0103708,0.044,0.0433098,-0.0630262,4.10952,23.4594
6.7915e+07,0.820871,0.648356,9.70065,3.81018,-0.812519,3.87379,-0.813096,4.82615,0.776911,4.764,0.779001,-0.0783064,-0.0769171,0.045,0.0439074,-0.060949,4.1099,23.4653
6.7935e+07,0.83758,0.67244,9.67693,3.96028,-0.201832,3.85198,-0.205108,4.93503,0.196758,4.87267,0.199765,0.0132966,0.0130796,0.045,0.0442809,-0.0596916,4.10958,23.4535
6.7995e+07,0.801767,0.655581,9.71492,3.84753,0.363054,3.87864,0.366946,4.70724,-0.368127,4.68231,-0.372619,0.1049,0.109703,0.044,0.0433557,-0.0631012,4.10914,23.4976
6.8016e+07,0.813714,0.62668,9.65788,3.69953,-0.965191,3.77196,-0.960998,4.80596,1.06699,4.77191,1.06246,-0.108841,-0.106652,0.044,0.0433156,-0.0630159,4.10953,23.5006
6.8036e+07,0.820893,0.571286,9.65779,3.37313,-0.904122,3.58445,-0.906834,4.84991,0.944849,4.83552,0.950198,-0.047772,-0.0510702,0.044,0.0433106,-0.0632488,4.10982,23.48
6.8056e+07,0.823265,0.62668,9.71485,3.67774,0.714199,3.69459,0.706441,4.83384,-0.642936,4.91881,-0.637489,0.0743654,0.0696212,0.044,0.0433069,-0.0629864,4.11001,23.5153
6.8076e+07,0.818489,0.629088,9.6745,3.70724,1.47756,3.82454,1.47849,4.82572,-1.66584,4.84593,-1.66638,0.227037,0.225004,0.044,0.0433024,-0.0633817,4.1102,23.4565
6.8096e+07,0.770714,0.694115,9.68889,4.08483,0.485191,3.99251,0.492886,4.5365,-0.597135,4.57376,-0.603118,0.120167,0.118939,0.046,0.0445075,-0.0595526,4.10902,23.5212
6.8116e+07,0.794599,0.670031,9.75056,3.91808,-0.522442,3.91491,-0.520616,4.64798,0.593705,4.6941,0.589491,-0.0172377,-0.0152995,0.046,0.0452473,-0.0573881,4.10942,23.5006
6.8136e+07,0.808925,0.674848,9.68645,3.97154,-0.339236,3.84127,-0.341592,4.76226,0.24256,4.78237,0.245255,-0.0325049,-0.0278245,0.046,0.0453269,-0.057784,4.10972,23.4947
6.8156e+07,0.792224,0.624271,9.69826,3.67082,0.515725,3.73397,0.51304,4.66036,-0.581868,4.73102,-0.577942,0.21177,0.20804,0.047,0.0459342,-0.0564432,4.10991,23.5153
6.8176e+07,0.820867,0.662806,9.69117,3.89861,0.836336,3.88692,0.834585,4.83031,-0.871944,4.79906,-0.872226,0.150701,0.15079,0.047,0.0463024,-0.0557294,4.1101,23.5094
6.8196e+07,0.799375,0.670031,9.74581,3.91981,0.592061,3.95253,0.592982,4.67805,-0.490265,4.70632,-0.492355,0.1049,0.104235,0.047,0.0463363,-0.0557045,4.1091,23.4918
6.8216e+07,0.816096,0.648356,9.74576,3.79287,0.424122,3.79669,0.422134,4.77619,-0.383394,4.67173,-0.384325,0.1049,0.108809,0.044,0.0445564,-0.0613784,4.10949,23.5006
6.8236e+07,0.816101,0.629088,9.71724,3.69117,0.363054,3.80517,0.361618,4.79073,-0.35286,4.72035,-0.353758,0.043831,0.0472726,0.044,0.0434327,-0.0648606,4.1097,23.4947
6.8256e+07,0.806539,0.667623,9.6722,3.93496,0.43939,3.94635,0.437656,4.75545,-0.444463,4.72222,-0.443859,0.0743654,0.0743931,0.044,0.0433096,-0.065013,4.10948,23.5124
6.8276e+07,0.837592,0.62668,9.64836,3.70237,0.378321,3.79581,0.380026,4.95113,-0.444463,4.85233,-0.442989,0.1049,0.107619,0.047,0.04509,-0.0595181,4.10977,23.4947
6.8296e+07,0.811307,0.694115,9.6295,4.10837,0.698932,3.95827,0.697407,4.80352,-0.627669,4.7263,-0.626809,0.0896325,0.0897275,0.047,0.0462067,-0.0567744,4.11005,23.5035
6.8416e+07,0.770717,0.682073,9.62239,4.04167,2.57679,4.00818,2.57589,4.56799,-2.58187,4.61151,-2.58191,-0.261513,-0.257424,0.044,0.0432892,-0.0661741,4.11081,23.4712
6.8436e+07,0.76833,0.682073,9.70074,4.00942,2.31725,4.07187,2.31587,4.51745,-2.5666,4.49968,-2.56659,-1.52869,-1.5154,0.044,0.0432947,-0.0655012,4.11112,23.4771
6.8456e+07,0.739665,0.720608,9.73882,4.21969,1.98137,4.21539,1.98171,4.33149,-1.94065,4.32581,-1.9419,-2.24625,-2.23966,0.046,0.0444963,-0.0611533,4.11133,23.4712
6.8476e+07,0.753998,0.698932,9.69366,4.11163,2.8058,4.07341,2.80338,4.43619,-3.29943,4.39514,-3.29167,-2.93327,-2.92536,0.046,0.0452485,-0.0585387,4.11153,23.4741
6.8496e+07,0.782638,0.749509,9.70084,4.40377,1.61496,4.33717,1.62422,4.59883,-6.39866,4.58105,-6.38168,-3.92563,-3.9173,0.046,0.0453137,-0.0585134,4.11113,23.5006
6.8516e+07,0.761138,0.783227,9.6653,4.6186,-1.49954,4.52513,-1.48719,4.48807,-11.8185,4.50118,-11.7945,-5.43709,-5.42362,0.045,0.0447071,-0.0606659,4.11143,23.5035
6.8536e+07,0.713398,0.723016,9.62251,4.2853,-3.01099,4.45019,-3.00852,4.22819,-17.7116,4.23886,-17.6892,-6.90273,-6.88415,0.045,0.0443475,-0.0617293,4.11154,23.4888
6.8616e+07,0.383894,0.657989,9.72478,3.86779,-6.73618,3.83366,-6.73198,2.25547,-50.9635,2.19776,-50.9201,-14.5363,-14.5158,0.041,0.040405,-0.0678843,4.11114,23.4859
6.8636e+07,0.238229,0.682073,9.70833,4.01759,-7.92702,3.88698,-7.92254,1.40222,-63.7422,1.2572,-63.6886,-16.689,-16.6699,0.04,0.0398311,-0.0671116,4.11127,23.4918
6.8716e+07,-1.45246,1.04815,9.75548,6.06611,-83.2705,6.37577,-83.1553,-8.42062,-57.0093,-8.81036,-57.1073,1.0362,0.882666,0.034,0.0330987,-0.0873159,4.11029,23.4829
6.8736e+07,-1.10821,-0.392079,9.77662,-2.28195,-70.5988,-1.82017,-70.7167,-6.46192,-62.7345,-6.55313,-62.6845,2.33391,2.36171,0.034,0.0331377,-0.0868754,4.11063,23.5035
6.8816e+07,-1.28981,0.0414354,9.47595,0.248246,30.0882,0.424735,30.0523,-7.75106,45.2807,-6.23357,45.3153,-2.75006,-2.72764,0.036,0.0346513,-0.104709,4.10992,23.5153
6.88771e+07,-0.661987,0.682073,9.73997,3.9966,25.4318,3.8976,25.4583,-3.87872,53.4334,-3.84929,53.3948,-6.97907,-6.97311,0.036,0.0351603,-0.095288,4.10949,23.5153
6.88971e+07,-0.425606,0.737467,9.67337,4.35542,17.3554,4.39663,17.3883,-2.51198,63.3113,-2.55266,63.2735,-7.86457,-7.85589,0.036,0.0352012,-0.0915488,4.10919,23.4859
6.89171e+07,-0.172504,0.771185,9.6922,4.54858,10.3325,4.49824,11.5183,-1.01645,70.9754,-1.40828,69.6046,-8.47525,-8.33606,0.036,0.0352406,-0.0882574,4.10823,23.5065
6.8938e+07,0.173731,0.77841,9.71566,4.57997,6.72947,4.46885,6.73844,1.02115,74.9601,0.87675,74.9531,-9.08594,-9.07806,0.038,0.0367945,-0.078788,4.10867,23.5153
6.90186e+07,0.529797,-0.22349,9.78497,-1.3065,1.00428,0.0601945,0.881401,3.09839,11.2807,4.09564,11.2886,-7.54396,-7.51848,0.041,0.040166,-0.0732085,4.11083,23.4947
6.9039e+07,1.80696,0.951816,7.62046,6.92933,-0.614046,6.71803,-0.544147,13.2404,-12.4445,10.1189,-12.2767,2.22704,2.06334,0.041,0.0399229,-0.081086,4.11038,23.5212
6.9059e+07,1.3127,0.889197,9.22814,5.44935,15.1875,4.33534,15.0626,8.05916,-8.5208,6.34632,-8.48052,0.975129,1.03905,0.043,0.0416721,-0.073762,4.10953,23.5182
6.91193e+07,0.493711,0.742284,9.77231,4.33821,-6.3545,4.43248,-6.32724,2.88391,8.5479,2.78877,8.44291,-0.856932,-0.843804,0.046,0.0445968,-0.0549381,4.105,23.5124
6.914e+07,0.63227,0.511076,9.7552,2.99272,-10.3087,3.62092,-10.2725,3.7033,12.609,3.3176,12.4865,0.929327,0.789638,0.046,0.0453433,-0.0516511,4.08729,23.4888
6.916e+07,0.312273,0.607413,9.49209,3.65947,-7.04153,3.54851,-7.0207,1.88041,6.48683,3.73508,6.46961,-1.87983,-1.87896,0.046,0.0454055,-0.051982,4.05805,23.5212
6.918e+07,0.911621,0.607413,9.7836,3.53735,1.44702,3.27107,1.36542,5.31319,1.67767,4.64773,1.64062,-0.398917,-0.386132,0.039,0.0401867,-0.0667946,4.00935,23.5094
6.92e+07,0.93773,1.17339,9.71801,6.85326,4.69893,4.82552,4.65448,5.47214,-2.64294,4.85903,-2.73308,1.38734,1.26928,0.039,0.0384764,-0.0723774,3.96485,23.5271
6.922e+07,-0.828745,-0.722032,9.18229,-4.47796,9.55389,0.82485,9.35628,-5.14146,-1.6353,0.738703,-1.73251,-2.23098,-2.01298,0.039,0.0383151,-0.0747772,3.9225,23.5271
6.926e+07,0.385535,3.34337,2.83907,49.4048,-0.873587,28.4363,-0.932039,5.02327,-3.57423,2.10204,-3.42614,-4.32258,-4.37125,0.047,0.0441156,-0.0559338,3.85107,23.5153
6.928e+07,4.0507,3.94307,2.45461,39.7776,-0.995725,36.2606,-1.11135,41.0923,-8.90248,26.4362,-8.91443,-8.79586,-8.74209,0.047,0.0395982,-0.0813941,3.81972,23.5388
6.93e+07,5.72841,-1.23502,11.7495,-5.3974,-12.5072,-12.5258,-12.4678,25.8676,8.24256,13.7093,8.00686,-7.16228,-6.84938,0.038,0.035818,-0.132352,3.7907,23.5124
6.932e+07,1.56666,-2.15985,11.2316,-10.7833,-5.88122,-4.3642,-5.80786,7.79964,-25.2078,-0.569701,-25.0711,-6.75006,-6.85509,0.038,0.0373669,0.0267149,3.76515,23.5329
6.944e+07,0.131467,-1.80341,9.73293,-10.4963,-15.8812,-4.76515,-15.7433,0.760923,-8.09332,2.40383,-7.89571,-20.3836,-20.4493,0.046,0.0455349,-0.0411189,3.65565,23.4859
6.946e+07,0.314897,-0.242757,10.2956,-1.35008,-13.6827,-0.833469,-13.5947,1.75139,-30.017,2.29585,-29.7123,-23.9562,-23.9912,0.046,0.0457001,-0.0287442,3.64294,23.4712
6.95e+07,1.0242,-0.654596,10.5745,-3.52583,13.0653,-1.62049,12.8904,5.52167,14.3036,2.14744,13.9975,-28.4295,-28.4037,0.042,0.0420206,0.000489009,3.62277,23.4565
6.952e+07,0.718323,0.183532,11.8249,0.887567,6.40886,0.61369,6.36811,3.47583,42.8074,2.1495,42.396,-30.1546,-30.1248,0.042,0.042153,0.0394081,3.6128,23.4388
6.954e+07,-0.587797,0.0823784,11.0733,0.425639,24.3631,0.131031,24.1175,-3.03847,50.9143,-0.879025,50.6238,-32.0478,-32.056,0.032,0.0349009,0.053835,3.6045,23.4624
6.956e+07,0.441641,-0.919522,11.5147,-4.56238,1.53863,-1.95604,1.65621,2.1895,8.74638,2.17244,8.86468,-35.8646,-35.7941,0.032,0.0326906,0.0761088,3.59645,23.4212
6.966e+07,0.248212,-0.871353,10.1118,-4.92364,-2.93466,-2.37592,-2.84164,1.40095,51.5097,0.535803,51.1412,-42.0783,-41.9482,0.058,0.0542655,0.265697,3.56234,23.4271
6.974e+07,0.508314,-0.249983,9.72084,-1.47109,-25.5453,-1.407,-25.2941,2.99235,-20.0322,1.85894,-19.9888,-43.9714,-43.8925,0.083,0.0844689,0.315442,3.53661,23.3976
6.984e+07,1.17899,0.86993,9.00029,5.47433,11.8287,1.62663,11.662,7.42869,-33.5742,1.43591,-33.4012,-41.6203,-41.6393,0.13,0.124974,0.32313,3.50908,23.3388
6.98611e+07,-0.0149136,0.795269,10.1408,4.48409,-10.0492,0.195902,-10.0167,-0.0840037,-32.2155,0.780873,-32.0439,-42.3989,-42.2909,0.13,0.131619,0.313122,3.50445,23.3182
6.98811e+07,-0.53237,-1.74079,9.64338,-10.2174,-25.6217,-4.86142,-25.2992,-3.10969,-13.788,0.212922,-13.7098,-40.292,-40.2777,0.13,0.131723,0.284431,3.4993,23.3565
6.99011e+07,-0.73091,-0.483599,10.8256,-2.55201,-14.4614,-1.53635,-14.3662,-3.85875,-1.80324,-1.80305,-1.77953,-39.4371,-39.4078,0.147,0.146168,0.312003,3.4949,23.3153
6.99211e+07,2.21584,-1.03753,11.1023,-5.23624,-2.70565,-2.75349,-2.65062,11.2393,-8.32233,7.524,-8.26693,-40.6127,-40.4711,0.147,0.148178,0.307304,3.49056,23.3241
6.99411e+07,2.23256,-1.06643,13.5311,-4.44651,-0.904122,-2.88808,-0.850261,9.34067,-54.0475,10.6137,-53.5901,-42.3073,-42.2874,0.147,0.146647,0.323732,3.48543,23.3065
6.99611e+07,3.76536,-0.380037,13.6947,-1.53274,-7.3774,-2.03896,-7.37169,15.368,-69.7116,11.0928,-69.3393,-45.544,-45.5475,0.17,0.166213,0.436826,3.49034,23.3065
6.99811e+07,1.95534,-0.22349,11.9324,-1.05889,-20.0797,-1.83266,-19.9658,9.30461,-46.8872,7.33365,-46.6928,-46.7959,-46.8328,0.17,0.17116,0.501083,3.49475,23.3241
7.00411e+07,0.0876504,1.20229,8.13518,8.40636,32.7753,0.489509,30.9847,0.610663,49.4029,4.61185,50.6917,-42.6127,-43.4644,0.203,0.204666,0.503015,3.48714,23.2888
7.0162e+07,-0.0217631,-0.334277,8.34886,-2.29281,16.6837,-1.80401,16.53,-0.149234,30.2273,-0.186869,29.8487,-36.3837,-36.3493,0.271,0.272738,0.337527,3.46187,23.2271
7.0262e+07,-1.12489,-0.541401,9.78352,-3.14672,-15.6675,-1.75696,-15.5843,-6.54901,-32.9635,-0.889981,-32.807,-34.2004,-34.2521,0.313,0.311399,0.227049,3.44765,23.2124
7.0462e+07,0.465355,-0.32946,8.64523,-2.17927,-1.2858,-2.33216,-1.29928,3.07891,18.5632,2.99295,18.4502,-38.9943,-38.9678,0.353,0.352576,0.189478,3.43149,23.1682
7.0482e+07,-1.68143,0.0823784,9.92983,0.468647,-3.07206,-1.12527,-3.0555,-9.61047,2.67004,-1.51406,2.82859,-38.3226,-38.3135,0.353,0.353197,0.164749,3.42998,23.1741
7.0502e+07,-0.547419,0.855479,9.91109,4.92581,-0.140763,0.0771213,-0.180933,-3.14971,-8.30706,-1.19988,-8.22179,-36.6737,-36.6561,0.365,0.362445,0.166921,3.42905,23.1829
7.0522e+07,0.957125,0.120913,8.34875,0.824345,-2.93466,-0.963316,-2.92968,6.53933,-17.62,3.24767,-17.5207,-37.3913,-37.345,0.365,0.364852,0.139459,3.428,23.1712
7.0542e+07,0.964276,0.166673,8.4509,1.12259,-5.22473,-0.0293336,-5.20452,6.50823,-11.2994,2.63489,-11.3514,-34.6279,-34.6448,0.365,0.365413,0.11611,3.42734,23.1535
7.0782e+07,0.873577,0.0269849,9.15353,0.168145,5.96611,-1.04372,5.8678,5.45155,-5.25362,2.26036,-5.24262,-31.8646,-31.8462,0.4,0.399733,0.0201349,3.4208,23.0771
7.0862e+07,-0.159967,-1.37953,9.4537,-8.3011,-13.5911,-4.39666,-13.4144,-0.959259,6.71584,-0.171649,6.66724,-30.0936,-30.0914,0.406,0.404316,0.0306682,3.41897,23.0741
7.0882e+07,0.730533,-0.787059,8.64427,-5.18405,0.408855,-2.28413,0.341584,4.81082,3.17386,1.39743,3.11176,-30.5058,-30.4823,0.406,0.405746,0.0306291,3.41919,23.0947
7.0902e+07,0.0358062,-1.27356,9.27326,-7.81984,-2.90412,-3.70748,-2.80777,0.219174,-4.59714,0.288084,-4.56417,-29.4982,-29.4944,0.406,0.40567,0.0229253,3.41897,23.0535
7.0922e+07,0.811586,-0.307785,8.87526,-1.97791,1.53863,-1.23882,1.53203,5.22168,-3.60477,1.4948,-3.63283,-30.7043,-30.6439,0.409,0.408127,0.024805,3.41927,23.0712
7.0942e+07,0.137953,0.633905,10.0265,3.61726,-0.629313,0.442505,-0.715675,0.786705,-0.795608,0.14159,-0.823536,-30.3226,-30.2874,0.409,0.40895,0.0288696,3.41972,23.0624
7.0962e+07,0.446108,0.190757,9.65275,1.13092,0.454657,0.682049,0.35645,2.64556,3.99828,-0.311556,3.92973,-29.2081,-29.2324,0.409,0.408943,0.0333463,3.42015,23.0859
7.1062e+07,0.0471428,0.894014,10.4353,4.89662,-3.40794,1.14473,-3.48619,0.257894,-1.94065,0.277582,-1.94021,-31.2081,-31.1981,0.413,0.413032,0.0472538,3.42069,23.03
7.1083e+07,0.0499685,-0.681089,11.062,-3.52323,-6.14076,-2.54525,-6.06177,0.258322,2.07462,1.04093,2.04737,-31.8951,-31.9065,0.413,0.412962,0.0552535,3.4209,23.0447
7.1103e+07,0.236088,-0.204223,10.2506,-1.14105,-2.55298,-1.48868,-2.5648,1.31912,6.53264,1.01613,6.46722,-31.2081,-31.1883,0.417,0.416098,0.0642877,3.4211,23.0359
7.1243e+07,0.376972,-0.211448,10.1365,-1.19419,-2.76672,-1.82457,-2.76034,2.12936,7.49447,1.89179,7.44253,-31.8035,-31.7659,0.427,0.427182,0.0982677,3.42356,23.0182
7.1263e+07,-0.141384,0.4894,10.5939,2.64474,-3.3774,-0.1386,-3.38807,-0.763796,7.15859,0.299816,7.10996,-31.544,-31.508,0.427,0.427394,0.102515,3.42363,23.0035
7.1303e+07,-0.186262,-1.27597,9.78628,-7.42718,-1.92702,-3.19918,-1.83849,-1.08123,4.10515,-0.590646,4.07125,-30.6737,-30.7232,0.434,0.434209,0.121814,3.4224,23.0182
7.1323e+07,-0.754917,-0.0211834,11.059,-0.109495,-0.308702,-1.36935,-0.258882,-3.9051,3.4334,-1.03511,3.43156,-29.3607,-29.4758,0.434,0.434387,0.125037,3.42177,23.0182
7.1343e+07,-0.582712,-1.03031,10.2001,-5.75852,1.49282,-2.83201,1.54032,-3.25312,4.88378,-0.998417,4.85926,-31.6356,-31.6408,0.443,0.441267,0.146689,3.42244,23.0418
7.1363e+07,0.677867,-0.307785,9.45469,-1.85976,7.00428,-0.866888,6.88603,4.09872,4.67004,1.72403,4.61602,-32.5516,-32.6392,0.443,0.443451,0.15,3.42341,22.9918
7.1403e+07,0.689633,0.313586,9.70497,1.84604,2.21038,-0.520989,2.06886,4.06248,6.39523,1.22134,6.31934,-32.8569,-32.8388,0.455,0.452575,0.171431,3.42316,22.9918
7.16031e+07,-0.036147,-0.129562,9.2063,-0.806275,8.59206,-0.752913,8.44991,-0.224939,9.20439,-1.76391,9.14642,-25.0554,-25.1178,0.49,0.490571,0.211003,3.41984,22.9565
7.1683e+07,-1.91534,-0.262025,10.7035,-1.38042,-6.07969,-2.07599,-6.0477,-10.1425,6.3189,-6.14511,6.42479,-16.9027,-16.9828,0.502,0.501428,0.210688,3.41626,22.9712
7.18851e+07,0.498822,-0.464332,8.59275,-3.08793,5.58443,-3.37033,2.89521,3.31755,3.86088,-1.13827,7.66013,-6.04777,-7.26808,0.572,0.569565,0.19358,3.40888,22.9712
7.2207e+07,-0.953163,0.176307,9.41177,1.06771,-0.736183,-0.504154,-0.720862,-5.78182,4.4105,-2.00343,4.4531,-6.36838,-6.42881,0.618,0.617506,0.0155413,3.42329,22.9006
7.2227e+07,0.945428,-0.750933,8.15742,-5.22477,-8.11023,-2.98003,-8.05259,6.58338,12.5326,2.26755,12.3509,-7.83403,-7.81114,0.618,0.617202,-0.00784882,3.4227,22.9124
7.2307e+07,-0.267712,-0.32946,9.26553,-2.03559,1.58443,-1.06383,1.60574,-1.65396,4.01355,-0.755072,3.91462,-10.8569,-10.8516,0.621,0.620229,-0.0505581,3.41825,22.9241
7.2327e+07,-0.057886,0.76396,9.17451,4.75993,1.7829,-0.0475294,1.70717,-0.360252,11.0975,-0.728237,11.0075,-12.7348,-12.7504,0.621,0.619725,-0.0590353,3.41724,22.9506
7.2347e+07,0.728161,-0.844861,8.39251,-5.72714,-0.0491601,-3.15965,-0.0604228,4.93393,8.37996,1.49544,8.32662,-13.4829,-13.5806,0.621,0.619539,-0.0674043,3.41636,22.9212
7.2367e+07,0.0952873,-0.500458,9.98909,-2.86802,-2.59878,-1.57374,-2.54033,0.545851,2.89905,-0.00583637,2.81411,-16.8722,-16.7369,0.621,0.620239,-0.0649963,3.41637,22.9035
7.2387e+07,-0.628044,-1.16277,10.1264,-6.53792,-5.05679,-3.02947,-4.96434,-3.52587,-8.4292,-1.20726,-8.32874,-14.7195,-14.7844,0.621,0.619954,-0.0641912,3.41629,22.9065
7.2607e+07,-0.0457613,0.0968289,9.26365,0.598858,14.4394,-1.38454,14.3063,-0.283016,0.288361,-0.517551,0.397798,-26.002,-26.0437,0.607,0.606139,-0.0964893,3.41159,22.9065
7.2627e+07,-0.0268856,0.913281,10.0389,5.19809,10.6989,0.788087,10.5821,-0.152814,-7.5895,-0.00350635,-7.52983,-28.3378,-28.2797,0.607,0.605833,-0.0931894,3.41159,22.8859
7.2647e+07,-0.967243,-0.712398,10.4408,-3.88678,-8.20183,-3.09864,-8.04798,-5.28062,-19.2231,-1.90365,-19.0131,-27.8035,-27.7906,0.607,0.60559,-0.0896499,3.4109,22.8712
7.2667e+07,0.608791,-0.924339,9.27807,-5.67726,-13.4537,-3.32994,-13.3139,3.7357,-8.50553,1.702,-8.54085,-27.9409,-27.8757,0.602,0.601188,-0.0969641,3.41119,22.8682
7.2687e+07,0.522942,-1.33377,9.98976,-7.59452,-13.2095,-4.66619,-13.0866,2.97027,2.12042,0.85421,2.01917,-25.9409,-25.9233,0.602,0.600418,-0.0821395,3.4112,22.8771
7.2807e+07,-0.575868,0.118505,9.73187,0.696436,-14.2171,-1.00622,-14.1494,-3.38619,-8.67347,-1.31055,-8.56019,-23.9409,-23.9724,0.592,0.591049,-0.05656,3.41207,22.8594
7.2827e+07,-0.601917,-0.661821,9.58106,-3.94374,-5.57588,-2.65223,-5.50102,-3.58628,3.5708,-0.63608,3.53145,-23.5745,-23.5955,0.592,0.590794,-0.0594081,3.41187,22.8388
7.2847e+07,-0.248406,-1.06162,9.40205,-6.43995,12.1188,-3.26975,12.0334,-1.50387,5.21966,-0.190989,5.22782,-22.3836,-22.4275,0.592,0.590932,-0.0608502,3.41227,22.8594
7.2867e+07,1.4085,-0.136787,8.3337,-0.927207,20.134,-1.50753,19.9532,9.59177,3.3876,4.07959,3.29077,-23.8035,-23.7237,0.592,0.590444,-0.0672399,3.41197,22.8447
7.2927e+07,-0.033861,0.236517,9.25199,1.46437,-17.0263,-0.664201,-16.9398,-0.209625,-8.53607,-0.424549,-8.4698,-23.2844,-23.2205,0.589,0.58803,-0.0648744,3.41125,22.8418
7.29473e+07,0.341114,-0.0645349,9.51235,-0.388457,-7.59114,-2.35726,-7.61671,2.0537,0.4563,0.776852,0.444464,-21.7882,-21.7833,0.589,0.587736,-0.0654097,3.40906,22.83
7.3029e+07,0.262352,-0.196998,10.0203,-1.1259,-8.01863,-2.60921,-7.9563,1.49949,-9.4521,1.08215,-9.43374,-22.7653,-22.7566,0.583,0.58182,-0.0680208,3.4068,22.8476
7.3049e+07,0.937978,0.279868,10.0727,1.58469,-7.40794,-1.5163,-7.49439,5.31804,-7.4063,2.50769,-7.38724,-24.5821,-24.5257,0.583,0.580703,-0.0639099,3.40737,22.8094
7.30691e+07,0.107032,0.197982,10.852,1.04512,-4.87359,-1.89583,-4.87336,0.564989,-5.00935,0.435438,-4.9701,-23.3607,-23.3748,0.583,0.581662,-0.0437,3.40775,22.8359
7.30891e+07,-0.308337,-0.213856,10.8826,-1.12534,9.35542,-2.31646,9.29297,-1.62262,-4.35286,0.486632,-4.31833,-22.2004,-22.2627,0.582,0.580831,-0.0367042,3.40802,22.8388
7.3109e+07,-0.353594,-0.61847,9.702,-3.64506,12.302,-1.5796,12.2688,-2.08302,-5.4521,-0.569206,-5.39451,-21.7882,-21.9124,0.582,0.581391,-0.0350583,3.4081,22.8594
7.3129e+07,-0.568463,-0.748524,9.71385,-4.39886,0.317252,-3.15635,0.423653,-3.3393,-5.51317,0.153256,-5.46993,-24.3836,-24.3047,0.582,0.580808,-0.039873,3.40827,22.8271
7.32291e+07,-0.112656,0.224475,9.28766,1.38442,5.26382,-0.700674,5.15909,-0.694743,-8.85668,0.561058,-8.76027,-24.1546,-24.1947,0.583,0.582029,-0.0525827,3.40854,22.8271
7.33291e+07,0.634783,0.0607027,9.17753,0.378061,11.7676,-1.37937,11.5882,3.95659,1.84561,1.37058,1.77714,-25.3607,-25.3614,0.578,0.577043,-0.0791864,3.40838,22.7653
7.3349e+07,-0.826712,0.554428,10.3002,3.07121,8.28672,0.142671,8.22181,-4.58221,-7.39103,-1.23143,-7.2568,-24.9638,-24.9676,0.578,0.57699,-0.0741869,3.40819,22.7741
7.34291e+07,-0.320188,-0.531767,10.298,-2.95457,3.72183,-3.36164,6.06293,-1.77851,0.807445,1.69196,-0.560097,-28.0325,-27.439,0.574,0.572464,-0.0755139,3.40744,22.7976
7.345e+07,-0.55871,-1.47587,9.91449,-8.45363,5.01954,-4.90026,5.0962,-3.19029,-5.11622,-1.13897,-5.03414,-26.6279,-26.6671,0.574,0.572229,-0.0697714,3.40764,22.7741
7.347e+07,0.837924,-0.567893,9.11462,-3.55032,7.58443,-2.38859,7.5076,5.24244,-2.5666,1.63396,-2.60019,-28.1241,-28.1327,0.574,0.572563,-0.0633986,3.40732,22.7859
7.349e+07,0.269829,-1.32654,9.29909,-8.11527,-3.01099,-4.09419,-2.90707,1.64542,-0.00171518,0.695652,-0.0459065,-28.2615,-28.3003,0.574,0.572677,-0.0557882,3.40736,22.7682
7.351e+07,0.455676,0.130547,10.1916,0.733143,-0.0033586,-1.74237,-0.0691365,2.55983,1.4334,1.45252,1.41124,-27.1317,-27.1487,0.571,0.570185,-0.0532839,3.4079,22.7535
7.363e+07,-0.473011,-0.529359,9.99665,-3.0278,-6.64458,-1.61879,-6.59616,-2.70525,-2.49026,-1.14096,-2.42281,-23.773,-23.8642,0.571,0.570142,-0.015226,3.40618,22.7624
7.365e+07,1.07416,0.0245765,8.61915,0.162117,2.34779,-1.07155,2.21355,7.10379,5.20439,2.45432,5.11554,-24.3684,-24.3937,0.571,0.570069,-0.0180486,3.40627,22.7388
7.367e+07,-0.628583,0.776002,9.86355,4.48933,8.97374,0.75676,8.8566,-3.63521,3.26546,-1.39136,3.26312,-22.9943,-23.0844,0.571,0.570444,-0.0176915,3.40636,22.7506
7.369e+07,-0.0742407,-0.531767,9.19619,-3.30932,8.43939,-2.70192,8.36033,-0.461766,1.87615,-0.583346,1.91492,-22.8264,-22.8851,0.573,0.572117,-0.0146428,3.4067,22.7535
7.371e+07,0.069252,-1.33136,9.65539,-7.85069,1.15695,-4.41332,1.2125,0.407088,4.25783,0.0741553,4.24739,-21.834,-21.8923,0.573,0.57192,-0.017462,3.40677,22.7594
7.37301e+07,-0.27731,-0.16328,10.1799,-0.918573,-1.20947,-2.07823,0.959964,-1.5602,6.05935,-0.646179,2.27427,-22.8417,-22.7737,0.574,0.572333,-0.0164247,3.40599,22.7182
7.375e+07,-0.391615,-1.28319,9.5229,-7.66786,-2.09496,-4.09783,-2.05719,-2.3338,3.98302,-1.64075,3.97398,-20.7195,-20.7981,0.574,0.572893,-0.0109815,3.40534,22.7388
7.383e+07,0.445902,0.93014,10.1003,5.25646,5.6913,0.214562,5.57806,2.51718,8.22729,0.0450054,8.1629,-21.4829,-21.4696,0.575,0.574089,0.000127844,3.40466,22.7388
7.385e+07,-0.964793,-0.933972,11.2358,-4.73444,-6.50718,-3.22195,-6.40624,-4.89105,7.92195,-2.1051,7.86109,-19.7577,-19.7693,0.575,0.574199,0.00923733,3.40424,22.7359
7.3951e+07,-1.53796,-0.625695,10.902,-3.25262,-1.59114,-3.0575,-1.51624,-8.01679,14.8838,-3.23125,14.8062,-15.6508,-15.6592,0.579,0.577687,0.0306604,3.40375,22.6947
7.3971e+07,0.0928365,-0.274067,9.93247,-1.58049,-5.66748,-2.75921,-5.61829,0.535311,13.5403,-0.663747,13.456,-15.7272,-15.6627,0.584,0.579905,0.0314355,3.40329,22.7065
7.4051e+07,0.522786,-0.772608,8.05328,-5.46858,3.81344,-3.41868,3.81126,3.69727,-1.4979,1.29594,-1.48056,-12.6737,-12.6778,0.589,0.587892,0.0205009,3.40285,22.7065
7.4071e+07,0.493927,-0.0332255,8.61719,-0.220553,-1.71328,-1.87181,-1.69158,3.28051,1.78454,1.39426,1.77316,-14.6737,-14.5364,0.589,0.58761,-0.00676196,3.40226,22.7271
7.4091e+07,0.395799,0.780818,9.29998,4.79493,-1.1026,0.703411,-1.19176,2.42845,5.23493,0.883619,5.16783,-14.1852,-14.1479,0.593,0.589873,-0.00790495,3.40205,22.6976
7.4111e+07,0.551487,-0.941197,8.22868,-6.51066,-5.82015,-3.25037,-5.75919,3.80947,3.02119,1.76652,3.00038,-13.3455,-13.3434,0.593,0.591801,-0.0148368,3.40193,22.6888
7.4131e+07,0.699513,-0.868945,9.02641,-5.48241,-0.949923,-3.0839,-0.955141,4.41104,4.48683,2.09145,4.35184,-14.063,-13.9972,0.593,0.592065,-0.0261094,3.40173,22.7359
7.4151e+07,0.976228,0.120913,8.89243,0.774368,7.96611,-0.652657,7.81428,6.26438,3.55554,2.07886,3.45461,-12.8417,-12.8603,0.596,0.593246,-0.0334467,3.40137,22.7065
7.4171e+07,-0.668777,-0.661821,9.83991,-3.83902,2.88214,-1.73092,2.92728,-3.87943,1.49447,-0.564183,1.49595,-12.2462,-12.2881,0.596,0.595064,-0.0364667,3.4012,22.7241
7.4372e+07,0.53698,-0.293334,9.87033,-1.69975,-6.64458,-1.14422,-6.58161,3.11265,-2.76507,1.13688,-2.74906,-13.5592,-13.4788,0.596,0.595227,-0.0471895,3.39977,22.6829
7.4452e+07,-0.324851,-0.936381,9.29785,-5.74735,-5.56061,-3.04248,-5.45123,-1.99094,4.4105,-0.155314,4.381,-11.9562,-11.9721,0.593,0.592544,-0.0701628,3.39859,22.7006
7.4472e+07,0.133405,-0.184956,9.72602,-1.08934,-5.40794,-2.15543,-5.35674,0.785695,3.90668,0.248125,3.90675,-12.2768,-12.2446,0.593,0.591955,-0.0749263,3.39856,22.6947
7.4492e+07,-0.590329,0.600187,10.4805,3.27239,-5.77435,-0.19509,-5.73609,-3.21859,-0.73454,-0.53531,-0.675151,-12.9027,-12.8268,0.593,0.591892,-0.0727462,3.39819,22.6771
7.4512e+07,-0.05985,-0.760566,9.66591,-4.49899,-5.62168,-2.58517,-5.53145,-0.35367,-2.01698,1.09117,-2.05595,-14.1394,-13.985,0.591,0.591072,-0.0775925,3.39835,22.6976
7.4532e+07,-1.01738,-0.738891,10.5666,-3.98166,-2.62931,-2.74438,-2.54662,-5.48632,-8.39866,-1.10571,-8.30141,-12.6127,-12.6154,0.591,0.589714,-0.0835951,3.39833,22.6888
7.4652e+07,0.866611,-0.685906,9.44205,-4.13755,-1.17893,-1.94225,-1.21388,5.23033,-2.18492,0.752752,-2.25437,-11.1317,-11.1333,0.585,0.584188,-0.0670553,3.39663,22.6682
7.4672e+07,0.243344,-0.538992,9.74435,-3.16501,0.0271758,-1.89512,0.0311502,1.42836,-3.07042,0.933396,-3.07959,-10.5058,-10.5354,0.585,0.584218,-0.0620339,3.3972,22.6829
7.4692e+07,-0.446684,-0.746116,10.0129,-4.25733,-0.15603,-2.36409,-0.0992801,-2.54727,0.4563,-0.168609,0.404081,-11.0249,-11.0382,0.582,0.582899,-0.0645856,3.39715,22.6594
7.4732e+07,0.164312,0.299136,9.48697,1.80574,-1.78962,-0.306951,-1.83152,0.991759,1.25019,0.645436,1.28419,-11.1775,-11.2171,0.582,0.581142,-0.068362,3.39737,22.6771
7.48731e+07,-0.37055,0.248559,9.15496,1.55394,-4.87359,-0.477417,-4.84546,-2.31695,-4.36813,-0.597075,-4.29123,-14.1241,-14.1636,0.573,0.573272,-0.0884646,3.42045,22.6653
7.4893e+07,0.426988,0.253376,9.41307,1.5403,-2.41557,-0.393992,-2.48152,2.59628,-6.53607,0.760582,-6.47434,-14.4447,-14.4789,0.573,0.572026,-0.0886848,3.41916,22.6418
7.4974e+07,0.305553,-0.989366,9.68422,-5.83037,0.43939,-3.40673,0.467031,1.79783,1.99828,0.609027,1.95021,-14.3531,-14.3436,0.57,0.568809,-0.0805291,3.41575,22.6271
7.4994e+07,0.0928975,-0.493232,10.2028,-2.76758,-0.522442,-1.66242,-0.482848,0.521062,0.593705,0.371137,0.529502,-15.2386,-15.2338,0.565,0.566045,-0.0800923,3.41503,22.6624
7.5074e+07,-0.895757,-0.175322,10.387,-0.96343,-0.705649,-1.66332,-0.721711,-4.92821,-2.85668,-1.75122,-2.79278,-14.4753,-14.532,0.561,0.560233,-0.0636879,3.41469,22.6418
7.5094e+07,0.415261,-0.510091,10.3117,-2.82967,6.89741,-1.71413,6.82199,2.30329,0.334163,1.38435,0.286173,-15.0859,-15.0726,0.561,0.560189,-0.0567191,3.41453,22.6447
7.5114e+07,-0.0384532,-0.423389,9.86112,-2.45847,5.66076,-1.4235,5.65821,-0.223217,-3.26889,0.552361,-3.24509,-13.1012,-13.0919,0.559,0.559119,-0.0543404,3.4137,22.63
7.5134e+07,0.427184,-0.454698,9.00832,-2.88633,0.240916,-1.66682,0.249257,2.71155,-2.73454,1.38647,-2.7574,-14.0325,-14.0745,0.559,0.55817,-0.0568771,3.41308,22.6329
7.5154e+07,-0.969872,0.154631,10.5917,0.832928,-10.0644,0.208099,-9.98457,-5.23136,-4.15439,-3.31325,-4.12135,-14.0783,-14.1183,0.559,0.55794,-0.0499637,3.41207,22.6212
7.5174e+07,-0.972018,-0.714807,10.455,-3.89447,-13.3469,-2.62663,-13.1871,-5.2993,-3.03988,-1.73824,-2.94775,-14.6279,-14.6802,0.556,0.556306,-0.057516,3.41204,22.6241
7.5214e+07,0.207703,-1.17241,9.62703,-6.94184,-0.110229,-3.92141,-0.0760902,1.2269,-1.78797,0.978814,-1.77276,-17.773,-17.7705,0.556,0.554868,-0.0625417,3.41182,22.6065
7.5234e+07,0.369807,-0.204223,8.95654,-1.30509,8.91267,-2.23879,8.80939,2.36373,-7.4979,1.73293,-7.42753,-16.4447,-16.5149,0.554,0.552352,-0.0735228,3.41113,22.6535
7.5254e+07,0.24326,-0.237941,9.17739,-1.48464,5.98137,-1.4353,5.9353,1.51784,-8.74981,0.253388,-8.69638,-18.2004,-18.1259,0.554,0.553007,-0.0706763,3.41098,22.6329
7.5274e+07,0.653812,0.325628,9.0165,2.06291,3.98137,-0.473244,3.83389,4.14473,-4.90248,1.69047,-4.88876,-16.8417,-16.8541,0.554,0.552993,-0.0676234,3.41033,22.6447
7.5294e+07,0.0120363,-1.66372,9.33676,-10.1035,-6.36977,-7.53913,-6.32433,0.0727162,0.212025,-0.221146,0.199974,-16.4753,-16.5266,0.552,0.549931,-0.0749173,3.40979,22.63
7.5314e+07,0.811807,-1.10497,8.71254,-7.19711,-4.62931,-3.52251,-4.56228,5.28121,2.97538,2.1204,2.91664,-17.6814,-17.6945,0.552,0.550517,-0.0725279,3.40878,22.5918
7.5374e+07,0.339007,-1.07607,9.52735,-6.43993,-1.1026,-3.09269,-1.04691,2.025,-3.39103,2.06143,-3.37544,-18.46,-18.4357,0.549,0.547462,-0.0684507,3.40829,22.5859
7.5474e+07,-0.375074,-0.654596,10.3715,-3.60908,1.7829,-3.45778,1.82864,-2.06703,8.53264,0.270397,8.43335,-17.9409,-17.9624,0.546,0.545122,-0.0513135,3.40623,22.5829
7.5495e+07,-0.38464,-0.601611,10.165,-3.38465,2.39359,-1.82285,2.39704,-2.16323,3.44867,-0.0264832,3.4505,-18.1088,-18.1891,0.546,0.5453,-0.0434068,3.40658,22.6035
7.5515e+07,-0.59746,0.482175,10.6869,2.57931,2.76,0.929257,2.73366,-3.19659,-4.13912,-1.93311,-4.06742,-16.3073,-16.4237,0.546,0.545302,-0.0344472,3.40657,22.5976
7.5535e+07,-0.816965,-0.148829,10.273,-0.827401,-2.00336,-1.63633,-1.94521,-4.54644,-10.3529,-1.78895,-10.1996,-17.6661,-17.7085,0.545,0.544704,-0.0330382,3.40597,22.5535
7.5555e+07,-0.098038,-0.823185,9.93176,-4.73785,-3.56061,-3.153,-3.47722,-0.563625,-5.81851,-0.415488,-5.80638,-17.8798,-17.8368,0.545,0.544247,-0.0314917,3.40565,22.5947
7.5575e+07,0.623075,-0.7702,9.69854,-4.53126,-1.62168,-2.9517,-1.60003,3.66436,0.441033,0.894223,0.386988,-16.4447,-16.4336,0.545,0.544251,-0.0259481,3.40383,22.5712
7.5595e+07,0.360326,-0.459515,9.65178,-2.72386,-1.1026,-2.32162,-1.12541,2.13559,4.83798,0.642489,4.82,-15.2844,-15.3346,0.543,0.543135,-0.0271382,3.40371,22.5506
7.5615e+07,0.34113,-0.122337,9.87552,-0.709314,1.96611,-1.91415,1.94132,1.97823,9.06699,0.0770377,9.00356,-16.0478,-15.9677,0.543,0.54237,-0.0245567,3.40325,22.5976
7.5675e+07,-0.4419,-0.777425,10.1007,-4.39705,3.12641,-2.79317,3.12367,-2.49768,-3.81851,-0.667891,-3.78096,-14.3073,-14.3806,0.544,0.543363,-0.00849925,3.4016,22.6065
7.5696e+07,0.0858632,-0.958056,8.90809,-6.13823,-0.278168,-3.27246,-0.22828,0.549078,-2.5666,0.153152,-2.54621,-14.46,-14.4792,0.544,0.543258,-0.00916139,3.40108,22.5829
7.5716e+07,0.744799,-0.570302,8.81555,-3.68836,0.301985,-2.76273,0.259851,4.81926,5.08225,1.71647,4.95376,-13.4676,-13.5045,0.545,0.543833,-0.0104777,3.4016,22.5741
7.5736e+07,0.255286,-0.548626,9.46179,-3.31728,-1.71328,-2.9668,-1.71704,1.54292,8.12042,0.613862,8.039,-12.8722,-12.872,0.545,0.544331,-0.00790161,3.40141,22.58
7.5756e+07,0.360178,0.0751532,10.1845,0.422525,5.40122,-1.84232,5.31501,2.02539,9.84561,0.698566,9.77252,-12.4753,-12.4175,0.545,0.544285,-0.00832271,3.40141,22.5653
7.57762e+07,-1.02482,0.238925,11.0691,1.23126,4.91267,-1.20179,4.90318,-5.28832,1.96775,-2.02808,2.05045,-11.605,-11.6037,0.547,0.545489,-0.00179285,3.40065,22.5565
7.5857e+07,-0.327532,0.118505,9.5797,0.708321,5.05008,-1.51424,5.00493,-1.95804,2.42577,-1.72386,2.44495,-11.2844,-11.2697,0.548,0.547174,0.020773,3.39933,22.5653
7.58775e+07,-0.990837,-1.73357,10.0735,-9.71847,-0.476641,-4.52578,-0.332272,-5.5367,8.33416,-1.82931,8.28087,-9.40655,-9.45147,0.548,0.547028,0.0207454,3.42863,22.5712
7.5979e+07,-0.368082,-0.0380423,10.2656,-0.212189,0.805802,-1.50441,0.828723,-2.05349,-4.04752,-0.860342,-4.0105,-12.3836,-12.3536,0.554,0.553383,0.013216,3.41911,22.5741
7.608e+07,-0.912379,-0.507683,10.1087,-2.86351,2.24092,-3.33445,2.2535,-5.15093,3.11279,-1.22539,3.16479,-12.7043,-12.6975,0.559,0.557098,-0.014134,3.41272,22.5476
7.6101e+07,0.880638,0.393064,9.38916,2.38674,9.96611,-0.187201,9.81542,5.35361,-1.77271,2.5222,-1.77435,-13.3149,-13.2784,0.559,0.557448,-0.0307572,3.41047,22.5388
7.64211e+07,-0.435022,0.250967,9.56102,1.50206,-1.31634,-2.7536,-4.22891,-2.60424,-2.71927,-0.144446,0.130082,-8.8264,-10.047,0.563,0.56192,-0.0437361,3.40068,22.5124
7.6442e+07,0.706335,0.359346,9.08536,2.25819,8.16458,-0.618311,7.99302,4.44202,0.013552,1.0958,0.0271857,-9.49815,-9.46974,0.559,0.558582,-0.0559278,3.40063,22.5124
7.6502e+07,-0.914839,-0.247574,10.9329,-1.29271,-2.85832,-1.8988,-2.74189,-4.782,2.28836,-1.47382,2.31251,-9.86457,-9.80619,0.559,0.557975,-0.0455703,3.40021,22.5035
7.6522e+07,-1.18688,-0.856903,10.3529,-4.70091,-10.095,-3.08747,-9.90338,-6.5179,-2.29179,-2.28892,-2.22287,-9.49815,-9.5539,0.559,0.557879,-0.0444891,3.4001,22.5094
7.6542e+07,-0.320092,-0.878579,9.73005,-5.15678,-9.2858,-3.56166,-9.17323,-1.87656,-4.03225,-0.922703,-3.99852,-9.17754,-9.19531,0.559,0.557935,-0.0465921,3.40041,22.4918
7.6563e+07,-0.0883816,-1.20131,8.83662,-7.74131,-3.63695,-3.81744,-3.56725,-0.567816,-1.91011,-0.288763,-1.94047,-7.37602,-7.50196,0.559,0.557746,-0.0479271,3.40071,22.48
7.6583e+07,0.520561,-1.35544,9.04716,-8.50681,1.41649,-3.89179,1.41901,3.25682,3.4792,1.08477,3.38408,-8.27678,-8.34234,0.559,0.557781,-0.04719,3.40057,22.5271
7.6603e+07,0.744959,-1.14591,9.30134,-7.00118,4.24092,-3.38489,4.2525,4.54492,7.98302,1.81615,7.86797,-9.45235,-9.43165,0.559,0.55792,-0.0471018,3.4001,22.5153
7.66232e+07,0.524907,0.188349,8.93329,1.20576,7.95084,-0.19834,7.82958,3.362,2.70057,0.15571,2.72539,-8.27678,-8.36259,0.557,0.556531,-0.046513,3.39865,22.5153
7.66451e+07,-0.611343,-1.11219,10.5253,-6.02192,-5.08733,-3.12292,-4.97309,-3.30583,-2.6124,-0.681523,-2.58885,-7.9409,-8.00443,0.557,0.556012,-0.0453687,3.39785,22.4653
7.6666e+07,-0.549206,-1.30487,10.043,-7.39197,-7.78962,-3.84897,-7.66256,-3.1041,-6.03225,-1.48312,-5.96652,-8.64319,-8.65329,0.557,0.555912,-0.0452536,3.39769,22.4918
7.6686e+07,-0.145716,-1.10738,9.95983,-6.34367,-7.13313,-3.82577,-7.01119,-0.833065,-1.25362,-0.397609,-1.25077,-8.8722,-8.77963,0.557,0.556049,-0.0405887,3.39736,22.5124
7.6746e+07,0.190859,-0.70999,9.81298,-4.13748,-0.0033586,-2.84782,0.0144458,1.11134,6.80745,0.391916,6.74098,-9.08594,-9.00256,0.555,0.554458,-0.0397851,3.3978,22.5153
7.6766e+07,0.620814,-1.22539,8.66028,-8.03329,-3.74382,-5.638,-3.7035,4.05994,3.44867,2.67218,3.42252,-8.04777,-8.02978,0.555,0.553076,-0.0504804,3.3978,22.5006
7.6786e+07,0.663775,-1.15555,9.3655,-7.01637,-4.06443,-3.51872,-4.02979,4.02362,-1.20782,1.54618,-1.25718,-9.34548,-9.30626,0.555,0.553932,-0.048608,3.39781,22.4918
7.6806e+07,-0.0670912,-0.48119,10.3335,-2.66605,-5.95756,-1.81358,-5.8688,-0.371589,-3.94065,0.52959,-3.92977,-8.94854,-8.89578,0.553,0.552435,-0.0536029,3.39765,22.4712
7.6826e+07,-0.587711,-0.228307,10.4911,-1.24472,-6.44611,-1.30547,-6.34651,-3.2056,-2.16965,-0.500758,-2.15652,-9.97144,-9.91331,0.553,0.552257,-0.0547709,3.39716,22.4947
7.6846e+07,0.527501,-0.553443,9.05318,-3.49237,-0.659847,-2.18956,-0.647126,3.32848,1.79981,1.37031,1.71679,-11.3607,-11.2843,0.553,0.55231,-0.0544835,3.3972,22.4947
7.6867e+07,0.169328,-0.565485,10.1836,-3.17787,-0.217099,-2.02175,-0.212219,0.951136,1.09752,0.826091,1.04225,-10.689,-10.6757,0.551,0.55048,-0.0574126,3.39774,22.4771
7.6887e+07,-0.496799,-0.852086,10.1766,-4.78054,-4.55298,-2.57678,-4.44197,-2.78511,-1.10095,0.0766804,-1.08906,-10.4753,-10.4683,0.551,0.550039,-0.0595309,3.39741,22.4829
7.6907e+07,-0.874011,-1.09293,9.89876,-6.27632,-9.1484,-2.79674,-8.95917,-5.01553,-1.52843,-1.12996,-1.52171,-11.9562,-11.9514,0.551,0.549946,-0.0614089,3.39736,22.4947
7.6927e+07,0.395834,0.655581,9.76988,3.83578,-2.98046,-0.0686325,-3.02867,2.31491,0.120422,0.644022,0.110182,-13.2844,-13.2828,0.548,0.547219,-0.0673462,3.39747,22.5035
7.6947e+07,0.128447,0.470133,9.30446,2.89229,-1.11786,0.324223,-1.18196,0.789905,2.34943,0.637746,2.30993,-12.5516,-12.5592,0.548,0.547277,-0.0663218,3.3969,22.5124
7.6967e+07,-0.179436,-0.0621264,10.0328,-0.354735,-1.88122,-0.687103,-1.90064,-1.02461,-0.154387,-0.197165,-0.131673,-12.8875,-12.9347,0.548,0.547396,-0.0613755,3.39695,22.4829
7.6987e+07,-0.0670818,-0.514908,9.5286,-3.09307,-3.97282,-1.67683,-3.88975,-0.402771,-1.97118,0.482163,-1.95082,-14.5363,-14.457,0.548,0.547296,-0.0613529,3.39751,22.4712
7.7127e+07,-0.461016,-0.729257,10.5566,-3.94799,-4.29343,-1.61301,-4.20892,-2.49462,-4.36813,-0.550661,-4.32504,-16.7043,-16.7813,0.543,0.542247,-0.0621622,3.39941,22.5035
7.7227e+07,-0.083717,-0.801509,10.7533,-4.26261,-6.32397,-2.0687,-6.2276,-0.44482,-2.475,0.733466,-2.46128,-15.7272,-15.8131,0.538,0.537574,-0.0385609,3.39982,22.4829
7.7247e+07,-0.382157,-0.946014,10.2286,-5.28044,-4.15603,-2.39555,-4.05391,-2.13059,-2.5666,-0.270754,-2.5756,-16.8875,-16.8644,0.538,0.537332,-0.0370102,3.39955,22.4094
7.7267e+07,0.164596,-0.719623,9.49721,-4.33249,-0.491908,-1.78652,-0.469833,0.990053,-2.59714,0.893165,-2.60701,-15.9256,-16.0453,0.538,0.537429,-0.0344366,3.3988,22.4741
7.7287e+07,-0.267969,0.595371,10.1574,3.35337,0.424122,1.49084,0.419537,-1.50863,-1.95591,-0.904808,-1.93615,-16.002,-16.0873,0.539,0.538271,-0.0303461,3.39859,22.4624
7.7307e+07,-0.786058,0.335262,10.3165,1.85595,-4.62931,0.0283082,-4.58043,-4.35492,-4.21546,-1.33541,-4.11555,-18.2615,-18.1904,0.539,0.538539,-0.0274705,3.39923,22.4241
7.7327e+07,-0.539953,-0.233124,9.95208,-1.33992,-7.02626,-1.44228,-6.95942,-3.1047,-2.79561,-1.27523,-2.75471,-18.6585,-18.6265,0.539,0.538514,-0.0311343,3.399,22.4712
7.7347e+07,-0.0170309,-0.17773,9.77602,-1.04153,-6.15603,-1.04584,-6.12004,-0.099799,-5.11622,-0.597033,-5.0392,-18.0783,-18.0743,0.539,0.53861,-0.026137,3.39894,22.4329
7.7427e+07,-0.590144,-0.0645349,9.71022,-0.380085,-1.94229,-0.46747,-1.91152,-3.47783,-1.52843,-2.43992,-1.51302,-17.2844,-17.3143,0.538,0.537392,-0.032951,3.39885,22.4771
7.7628e+07,-1.03668,-0.0404507,10.6105,-0.217395,2.30199,-1.37508,2.31756,-5.58023,-5.10095,-1.4752,-4.99002,-11.9714,-12.0277,0.536,0.535286,-0.0215412,3.39538,22.4329
7.7649e+07,1.03104,0.513484,8.99035,3.24766,3.99664,0.353232,3.85164,6.53171,-1.66584,2.70391,-1.67473,-12.2615,-12.2668,0.536,0.535263,-0.0281929,3.39534,22.4182
7.7669e+07,0.119357,-1.18686,9.40153,-7.19442,-10.0797,-3.86813,-9.95408,0.721629,-2.67347,0.656831,-2.66002,-12.0172,-11.9707,0.536,0.535062,-0.0342015,3.39547,22.4212
7.7689e+07,0.238673,-0.914705,9.69627,-5.38747,-9.97282,-1.26564,-5.00322,1.40382,-3.19255,0.833056,-2.74385,-12.3531,-11.3244,0.536,0.535399,-0.0353319,3.39534,22.43
7.7709e+07,0.100149,-0.808735,10.1405,-4.55962,-4.14076,-3.00996,-4.06435,0.564048,-1.42156,0.430715,-1.44568,-11.7577,-11.7237,0.536,0.535227,-0.0326847,3.3953,22.4094
7.783e+07,0.159829,-0.753341,9.96488,-4.32276,-3.60641,-3.37887,-3.5571,0.916288,-1.32996,0.47337,-1.3648,-10.5974,-10.5339,0.536,0.535368,-0.0255202,3.39268,22.4212
7.785e+07,0.147793,-0.404121,10.578,-2.18765,4.48519,-2.33451,4.43745,0.799885,0.24256,0.736955,0.223762,-9.78823,-9.71745,0.536,0.535306,-0.0213048,3.39261,22.3888
7.787e+07,-0.458779,-0.187364,10.7071,-1.0016,2.98901,-1.78352,3.01073,-2.45314,-1.89484,-0.405653,-1.84961,-9.40655,-9.39143,0.536,0.535313,-0.0187465,3.39287,22.4035
7.789e+07,1.07183,-0.201814,9.32869,-1.23123,3.61496,-1.38174,3.53327,6.55281,1.11279,2.33781,1.07064,-8.16991,-8.19894,0.536,0.535402,-0.0174831,3.39279,22.3918
7.791e+07,0.570235,0.33767,9.48431,2.03537,0.332519,0.0239787,0.298331,3.43854,1.86088,1.4864,1.82103,-9.66609,-9.65708,0.536,0.535544,-0.0164636,3.39305,22.4241
7.8031e+07,-0.370178,-1.08811,9.9743,-6.22161,-9.77435,-2.22538,-9.63969,-2.11293,2.5021,-0.250183,2.50217,-10.5974,-10.5987,0.538,0.537444,0.00132383,3.39727,22.3976
7.8051e+07,0.085991,-1.41806,9.55552,-8.4409,-7.65221,-4.49887,-7.53063,0.510011,3.83035,-0.0041214,3.76103,-8.64319,-8.6712,0.54,0.537825,0.00034979,3.39747,22.4006
7.81311e+07,-0.398994,-0.505275,10.132,-2.85273,7.95084,-2.35156,7.95582,-2.25233,-0.0780511,-0.49984,-0.0329578,-7.28441,-7.40759,0.542,0.541384,0.0257674,3.39488,22.3682
7.8151e+07,0.945445,-0.813551,9.01679,-5.12766,-0.293435,-3.47025,-0.257051,5.96177,6.91432,1.72002,6.78887,-10.0936,-9.99562,0.542,0.541068,0.0231921,3.39469,22.3829
7.8252e+07,0.450916,0.0727447,9.14922,0.454992,12.7753,-2.07009,12.6667,2.82143,1.05172,-0.102218,1.06795,-9.39128,-9.40767,0.547,0.545819,0.0318118,3.39081,22.3918
7.8272e+07,-1.00584,0.696524,10.4621,3.79148,4.31725,-1.00954,4.28738,-5.47958,0.196758,-2.55729,0.261092,-8.10884,-8.15792,0.547,0.546003,0.0268395,3.39032,22.3859
7.8292e+07,0.606132,0.051069,8.70507,0.335315,-1.95756,-1.25538,-1.9976,3.98299,5.58607,1.15107,5.54126,-9.9867,-9.95125,0.548,0.546683,0.021131,3.39053,22.3624
7.8312e+07,0.711049,0.583328,9.56056,3.48193,-1.75908,-0.0590464,-1.87133,4.24557,7.03645,0.487408,6.96002,-9.91037,-9.88445,0.548,0.547372,0.0243104,3.39074,22.3829
7.8332e+07,-0.287061,0.556836,10.1977,3.12425,6.60733,-2.6909,6.48129,-1.61003,5.87615,-1.94206,5.88189,-10.2004,-10.1672,0.548,0.545774,0.0146029,3.39034,22.38
7.8352e+07,-0.790845,0.376205,9.63512,2.2285,18.3783,-1.07756,18.2118,-4.68873,1.08225,-2.4607,1.17212,-9.08594,-9.1612,0.551,0.547964,0.0186587,3.39004,22.3771
7.8372e+07,0.866476,-0.199406,8.97748,-1.26655,21.0806,-2.32007,20.8963,5.51157,5.55554,1.21745,5.45844,-10.1088,-10.1287,0.551,0.549783,0.0203989,3.39018,22.4182
7.8452e+07,-0.155818,0.874747,9.79682,5.1017,-0.919389,0.132541,-1.0071,-0.907601,2.62424,-0.841678,2.64768,-12.3073,-12.2998,0.555,0.55437,0.0231329,3.38994,22.3712
7.8552e+07,-0.480194,-0.459515,9.13255,-2.87651,-14.4766,-2.76036,-14.314,-3.00607,1.18912,-1.79497,1.24302,-12.0325,-11.9604,0.562,0.561135,-0.00157526,3.38844,22.3594
7.8572e+07,-0.217859,0.720608,9.6613,4.26455,-9.56061,-0.131588,-9.57219,-1.28821,6.33416,-1.14726,6.28511,-10.7348,-10.7812,0.562,0.56125,-0.00371986,3.38832,22.3624
7.8652e+07,-0.420452,-0.623287,9.22721,-3.8604,10.2104,-2.63082,10.1565,-2.60304,0.105155,-1.00677,0.1061,-7.9409,-8.02322,0.563,0.562171,-0.0150237,3.38899,22.3771
7.8672e+07,1.02185,-0.799101,8.40657,-5.39059,-4.03389,-3.09283,-4.0037,6.89973,2.57844,2.41756,2.49128,-9.71189,-9.66427,0.563,0.56193,-0.021767,3.3891,22.3829
7.8732e+07,-0.300926,-1.10497,9.20022,-6.84494,4.60733,-3.62841,4.59107,-1.86004,7.32653,-0.867731,7.24206,-5.51342,-5.56041,0.564,0.562921,-0.0250136,3.38919,22.3682
7.88531e+07,0.290916,0.12573,9.91395,0.72628,-2.32397,-0.727206,-5.58082,1.68068,9.17386,-1.09308,9.54393,-4.10884,-3.16174,0.563,0.562275,-0.0535021,3.3843,22.3859
7.8873e+07,0.254979,0.554428,9.70811,3.26747,4.74473,0.219733,4.66085,1.50206,5.58607,-0.0125455,5.56032,-2.8264,-2.83993,0.563,0.562343,-0.051727,3.38448,22.3535
7.88931e+07,-0.198519,-0.134379,9.35601,-0.822688,4.88214,-0.955278,4.82869,-1.21541,2.24256,-0.862553,2.19882,-2.88747,-2.97703,0.562,0.561702,-0.0534889,3.38515,22.3771
7.8913e+07,0.257914,-1.41325,9.05679,-8.86553,-0.400305,-3.91193,-0.363303,1.6117,1.08225,0.0276577,1.03451,-2.88747,-2.91795,0.562,0.560856,-0.0551133,3.38562,22.38
7.8933e+07,-0.286984,0.279868,9.38049,1.70812,-1.07206,-0.339433,-1.09983,-1.75157,-0.73454,-1.47443,-0.722878,-1.8951,-1.92031,0.562,0.560965,-0.0520197,3.38548,22.3653
7.89535e+07,0.491665,-0.486007,8.9536,-3.10234,-2.38504,-2.02628,-2.40985,3.13849,3.79981,0.569499,3.74032,-2.13938,-2.12788,0.558,0.558683,-0.0576514,3.38576,22.3859
7.8974e+07,0.441596,-0.760566,9.63461,-4.50892,-4.2629,-2.58859,-4.20934,2.61615,7.93722,0.24649,7.83487,-1.9867,-1.97655,0.558,0.557288,-0.0587615,3.38604,22.3329
7.9135e+07,-0.289353,0.210024,10.0618,1.19529,-1.04153,-0.459866,-1.02066,-1.64687,5.26546,0.0805911,5.25106,-1.05541,-1.03959,0.554,0.553186,-0.0630262,3.38514,22.3535
7.91553e+07,0.436785,-0.632921,9.62295,-3.75918,-5.2858,-2.12775,-5.21248,2.59327,4.02882,1.17618,3.98823,0.0743654,0.0919592,0.554,0.553347,-0.0576875,3.38418,22.3712
7.9276e+07,0.357585,0.812128,9.84614,4.7121,-2.79725,0.312933,-2.83257,2.07288,0.24256,0.270569,0.274867,-1.55922,-1.52731,0.548,0.547159,-0.0650224,3.38532,22.3476
7.9296e+07,0.832736,0.918098,9.19061,5.68153,-5.34687,1.42143,-5.38607,5.15177,-1.57423,1.70924,-1.57534,-0.582123,-0.592307,0.548,0.547112,-0.0628342,3.38511,22.38
7.9316e+07,-0.606783,-0.336686,9.9211,-1.94004,-12.4614,-1.48798,-12.3328,-3.49789,-7.22309,-1.3307,-7.13242,-0.0783064,-0.0600176,0.546,0.546039,-0.0627647,3.38491,22.3359
7.9336e+07,-0.0695493,-0.228307,9.08983,-1.43874,-5.1942,-1.49603,-5.19256,-0.438242,-4.55133,-0.250338,-4.52228,-1.13174,-1.1323,0.546,0.545411,-0.0625681,3.38556,22.3565
7.9356e+07,0.312489,-0.170505,9.11571,-1.07094,-0.491908,-0.957024,-0.537881,1.963,-1.80324,0.34598,-1.79016,-0.734795,-0.735465,0.546,0.54538,-0.0580239,3.38618,22.3506
7.9417e+07,0.329573,-1.49754,9.71425,-8.75872,-6.1713,-3.69075,-6.09074,1.92045,-2.76507,0.799899,-2.76922,-2.99434,-3.00002,0.542,0.540915,-0.0569385,3.38557,22.38
7.9437e+07,-0.136167,-1.09774,9.82451,-6.37491,-7.17893,-3.26707,-7.0443,-0.789155,-8.55133,0.178025,-8.46932,-3.0096,-3.01778,0.543,0.541797,-0.0508863,3.38585,22.3476
7.94571e+07,0.276627,-0.0115497,10.1417,-0.0652265,-2.03389,-0.592371,-2.03698,1.56243,-8.87194,0.996873,-8.81144,-1.52869,-1.59818,0.543,0.542331,-0.0460449,3.38561,22.3771
7.94773e+07,-0.0839018,-0.136787,10.0492,-0.779822,-5.36214,-1.06673,-5.29484,-0.478314,-3.6353,0.165981,-3.65029,-1.97144,-1.93192,0.543,0.542452,-0.0433405,3.39264,22.3682
7.9498e+07,0.0522633,-0.346319,10.0725,-1.96918,-3.83542,-1.42261,-3.82188,0.297114,1.64714,0.553831,1.58591,-0.505787,-0.531097,0.542,0.541788,-0.0422155,3.39223,22.3535
7.9578e+07,-0.191021,-1.33859,9.89302,-7.70425,-8.84305,-3.66699,-8.69356,-1.09618,-5.71164,-0.27221,-5.71013,0.547648,0.542923,0.542,0.541173,-0.0335913,3.39214,22.3594
7.9678e+07,1.18882,-0.148829,9.12686,-0.9264,-3.98809,-1.31039,-3.98203,7.42031,-3.4521,3.1911,-3.48697,-1.95617,-1.89268,0.539,0.5388,-0.0560746,3.39272,22.3594
7.9698e+07,0.919115,-0.582344,9.20712,-3.60124,-5.49954,-2.04454,-5.47745,5.68946,-0.108585,2.78574,-0.198579,-0.811131,-0.842204,0.539,0.538139,-0.0596969,3.39231,22.3535
7.9778e+07,-0.592302,-0.890621,10.0009,-5.08013,-2.94992,-2.38051,-2.83141,-3.37604,-5.81851,-0.724762,-5.77419,1.34154,1.32885,0.538,0.537249,-0.0506454,3.39214,22.3329
7.9798e+07,-0.733157,-0.991774,10.2573,-5.50877,-5.20947,-2.92863,-5.09201,-4.06944,-5.87958,-1.12692,-5.8512,1.43314,1.41514,0.537,0.536441,-0.0509413,3.39227,22.3418
7.98783e+07,0.28162,-0.791876,9.7083,-4.66116,-5.48427,-2.74405,-5.40954,1.65608,0.0288191,1.15936,-0.00689988,-0.643192,-0.644657,0.535,0.534149,-0.0587202,3.38948,22.3447
7.9899e+07,0.524969,-0.0332255,8.98754,-0.211452,0.54626,-0.150715,0.50941,3.34287,-0.276524,0.762418,-0.265905,-0.963803,-0.992618,0.535,0.534148,-0.053175,3.38906,22.3476
7.9939e+07,0.226747,-0.962873,9.21898,-5.96083,-5.34687,-2.9468,-5.28054,1.40132,-0.581868,0.748265,-0.629622,-1.45235,-1.48415,0.534,0.533137,-0.0509702,3.38936,22.3241
7.9959e+07,0.0620209,-1.08811,9.72701,-6.38272,-2.04916,-2.31873,-2.01085,0.363057,-3.5895,0.836755,-3.59662,-2.38365,-2.42353,0.534,0.533237,-0.0450045,3.38928,22.3329
7.99791e+07,0.371952,0.667623,9.76042,3.91017,2.27145,0.308518,2.17956,2.1773,-4.84141,1.02671,-4.83157,-2.30731,-2.30307,0.532,0.531759,-0.0446488,3.38777,22.3241
7.9999e+07,0.448436,0.405106,9.88577,2.34419,-2.78198,0.0445445,-2.84188,2.59508,-4.18492,1.00688,-4.16521,-1.25388,-1.30029,0.532,0.531557,-0.0392264,3.38794,22.3565
8.0019e+07,0.321968,0.0896036,9.99933,0.513146,-7.34687,-0.482137,-7.32769,1.84415,-0.062784,0.683991,-0.0766831,-0.963803,-1.0059,0.532,0.531644,-0.0319719,3.38827,22.3241
8.0039e+07,0.348335,-0.274067,9.37431,-1.67347,-6.11023,-1.18379,-6.08849,2.12714,4.99065,1.09802,4.89549,-2.24625,-2.189,0.528,0.528639,-0.0386213,3.38817,22.3447
8.0059e+07,0.00916503,0.0751532,9.52711,0.451959,-0.430839,-0.394891,-0.451234,0.0551165,1.525,-0.301013,1.52397,-0.8722,-0.85264,0.528,0.5277,-0.035917,3.3884,22.3329
8.0079e+07,0.305299,-0.0765769,9.07788,-0.483037,2.27145,-1.04482,2.21906,1.92613,3.23493,0.731718,3.17779,-1.17754,-1.18178,0.528,0.527432,-0.0301302,3.38643,22.3124
8.018e+07,-0.188988,-0.0621264,9.45109,-0.376551,-3.1942,-0.901711,-3.16378,-1.14553,0.975384,-0.105782,0.987848,-3.55922,-3.608,0.528,0.52754,-0.0326361,3.38645,22.3065
8.03e+07,-0.382358,-0.22349,10.6856,-1.19741,-4.88885,-1.90016,-4.83626,-2.04887,2.77691,-0.201996,2.76302,-12.231,-12.2399,0.529,0.528196,-0.035751,3.3869,22.33
8.032e+07,-0.77153,-0.389671,10.821,-2.05715,-4.14076,-2.29597,-4.08363,-4.07562,2.57844,-1.23685,2.60587,-13.4218,-13.4129,0.529,0.528198,-0.0308904,3.38678,22.2976
8.04e+07,-0.281763,-1.32173,9.55599,-7.87147,2.16458,-4.03752,2.21551,-1.67299,2.70057,-0.750697,2.65276,-13.0096,-13.0639,0.526,0.525336,-0.019631,3.38757,22.3006
8.042e+07,-0.860129,0.506259,10.191,2.8339,-2.14076,1.23236,-2.11556,-4.81848,1.525,-2.69046,1.50661,-12.5211,-12.5129,0.526,0.52498,-0.0186109,3.388,22.3094
8.044e+07,-0.461169,-0.17773,10.0399,-1.01309,0.561527,-1.92887,0.529737,-2.62953,1.79981,-1.13754,1.82453,-11.4829,-11.5725,0.526,0.52533,-0.0157039,3.38774,22.3212
8.046e+07,0.274239,-0.0115497,9.70718,-0.0681441,4.97374,-1.86211,4.89673,1.61824,2.51737,0.484169,2.5269,-12.5669,-12.5257,0.524,0.523775,-0.0206177,3.38648,22.3094
8.048e+07,-0.265492,0.275051,10.5889,1.48748,7.63023,-1.45202,7.58286,-1.43577,0.578438,-0.293011,0.604124,-13.2386,-13.1475,0.524,0.523301,-0.0201001,3.38671,22.3124
8.05e+07,1.05768,-0.828002,8.95969,-5.24374,12.0272,-3.26259,11.9398,6.70422,3.69294,3.2135,3.5995,-13.7882,-13.7031,0.524,0.522782,-0.0276084,3.38685,22.3006
8.052e+07,0.0307319,-0.199406,9.74033,-1.1728,7.34015,-1.22582,7.31214,0.180737,2.15096,0.24866,2.11577,-13.834,-13.8427,0.523,0.522625,-0.0272808,3.38707,22.3124
8.06e+07,0.560991,-0.767792,9.86954,-4.44117,14.4089,-3.24679,14.3028,3.24345,6.4105,1.00145,6.3142,-16.2462,-16.175,0.523,0.522087,-0.0219097,3.38739,22.2947
8.07e+07,-0.487284,-0.722032,10.2385,-4.02934,-1.05679,-3.24819,-1.01153,-2.71809,6.62424,-0.742053,6.5528,-13.9409,-13.9823,0.525,0.524184,0.00649005,3.38738,22.3065
8.08e+07,0.890404,-0.377629,9.00804,-2.38888,-1.65221,-2.48419,-1.73249,5.64017,3.69294,1.24669,3.60666,-13.8951,-13.8375,0.528,0.527386,0.0341316,3.38474,22.2565
8.0821e+07,-0.432164,-1.43974,9.63428,-8.49093,-0.0491601,-5.19974,8.48743e-05,-2.54022,7.15859,-1.67656,7.07967,-13.2081,-13.2038,0.532,0.530287,0.0452957,3.3849,22.2653
8.10011e+07,-1.35916,0.409923,10.7705,2.16247,13.8745,-1.25495,15.9952,-7.18712,-7.28416,-2.2092,-2.46209,-20.4905,-20.599,0.546,0.543873,0.0665774,3.38095,22.3035
8.1042e+07,-1.1083,-0.0838022,10.2567,-0.465414,-13.4385,-1.91596,-13.2766,-6.16703,-9.00935,-1.57195,-8.88668,-20.292,-20.2278,0.546,0.545421,0.0466139,3.37981,22.3094
8.1062e+07,0.699403,-0.471557,8.62343,-3.11978,-16.3698,-2.37798,-16.271,4.62994,3.41813,1.81598,3.35034,-20.7501,-20.6951,0.553,0.551536,0.0467311,3.3803,22.28
8.1082e+07,-0.0577835,0.395472,9.24277,2.44998,-8.00336,-0.574755,-8.00195,-0.357867,9.14332,0.375957,9.05645,-21.605,-21.5082,0.553,0.552715,0.0334766,3.38059,22.2829
8.1102e+07,-0.439783,0.197982,10.202,1.11073,5.53863,-0.994191,5.4618,-2.46789,12.5479,-0.877314,12.4386,-18.6737,-18.7019,0.553,0.552762,0.0244956,3.37842,22.2741
8.12033e+07,-1.41125,-1.18204,10.7728,-6.20907,-15.5148,-4.43588,-15.3147,-7.4193,4.56317,-2.83828,4.53936,-20.063,-20.0028,0.56,0.558213,0.00362929,3.37813,22.28
8.1224e+07,-0.0382383,-1.19649,9.61533,-7.09312,-5.98809,-4.2253,-5.91302,-0.226109,8.48683,-0.758167,8.4349,-19.6356,-19.6214,0.56,0.558859,0.000545392,3.37793,22.2682
8.13044e+07,-1.57861,-0.42098,10.4987,-2.27073,-7.77435,-1.73876,-7.61524,-8.54428,-8.30706,-2.12692,-8.18683,-19.1165,-19.145,0.564,0.562373,-0.0252078,3.37749,22.2682
8.1325e+07,0.200411,-0.70999,9.50194,-4.27228,-9.78962,-2.93291,-9.6781,1.20492,-1.81851,0.580651,-1.81726,-19.7424,-19.7323,0.564,0.563129,-0.034723,3.37708,22.2476
8.1426e+07,-0.198262,-1.0568,9.53972,-6.32004,6.97374,-2.99856,6.99137,-1.18336,-1.29943,-0.411646,-1.23043,-17.9256,-18.0122,0.562,0.561239,-0.064035,3.37787,22.2771
8.1446e+07,0.360204,-0.0211834,9.90415,-0.122465,-5.63695,-1.60719,-5.5607,2.08287,-0.230723,0.26412,-0.278372,-19.544,-19.4537,0.562,0.561035,-0.0632124,3.37854,22.2859
8.1466e+07,-0.103303,0.937365,10.5258,5.08877,-9.62168,0.579929,-9.59512,-0.560084,-1.52843,-0.178148,-1.49592,-20.8264,-20.8245,0.562,0.561059,-0.0588205,3.37816,22.2859
8.1486e+07,-0.547067,-0.408938,9.25615,-2.52529,-6.36977,-2.50841,-6.33545,-3.37913,-0.062784,-1.30972,-0.0344014,-19.5592,-19.521,0.557,0.556446,-0.074569,3.37797,22.2771
8.1506e+07,0.811519,-0.0669433,9.45259,-0.404275,9.81344,-1.42993,9.65315,4.90677,2.92958,1.72044,2.9066,-19.7424,-19.7312,0.557,0.555982,-0.0744393,3.37778,22.3035
8.1526e+07,0.0878473,0.494217,9.82212,2.88039,16.2562,1.51001,16.1415,0.511782,2.56317,-0.468008,2.54358,-19.0401,-19.0741,0.557,0.55626,-0.0701412,3.37871,22.2388
8.1546e+07,-0.403841,-0.249983,10.2653,-1.39392,4.86687,-1.93764,4.92431,-2.2522,2.89905,-0.0728262,2.84724,-19.2691,-19.2088,0.554,0.553314,-0.0783001,3.37925,22.2476
8.1626e+07,-0.430252,0.272643,10.6508,1.46516,1.50809,-1.22668,1.48919,-2.31252,-0.200188,-0.253361,-0.181383,-19.2844,-19.2319,0.552,0.550747,-0.083475,3.3807,22.2741
8.17262e+07,-0.153171,-0.059718,10.2203,-0.334742,-11.4232,-1.15821,-11.3269,-0.858607,-0.13912,0.439642,-0.149606,-19.8646,-19.8413,0.541,0.540549,-0.0962755,3.38134,22.2712
8.18262e+07,-0.229582,-0.059718,9.70279,-0.352537,-5.34687,-0.972545,-5.33918,-1.35542,-7.4521,-0.590275,-7.38669,-19.3455,-19.4334,0.537,0.535801,-0.0907498,3.38193,22.2682
8.1846e+07,-0.28461,0.330445,9.84829,1.92095,-8.07969,0.058863,-8.04494,-1.65443,-4.79561,-0.715085,-4.73111,-19.8493,-19.8581,0.53,0.529744,-0.102149,3.38248,22.2682
8.2026e+07,0.971643,-0.565485,9.44928,-3.40682,0.912672,-1.75899,0.907003,5.86052,-3.43683,2.83525,-3.43624,-22.2615,-22.2954,0.521,0.519762,-0.0770747,3.38347,22.2535
8.2067e+07,0.09544,-1.04958,9.72229,-6.16124,8.37832,-2.29657,8.37431,0.559183,-2.39866,0.424066,-2.41801,-24.0325,-24.0458,0.521,0.520183,-0.0577908,3.38414,22.2476
8.2087e+07,0.780502,-0.156055,9.12245,-0.976476,5.98137,-0.734819,5.92455,4.88951,-2.85668,2.01833,-2.83182,-24.3684,-24.3846,0.517,0.516606,-0.0646564,3.38433,22.2682
8.2107e+07,0.481812,0.597779,9.53941,3.58115,-9.30107,0.014016,-9.27449,2.88576,-2.15439,1.32509,-2.15485,-25.773,-25.7506,0.517,0.516199,-0.0600835,3.3845,22.2535
8.2148e+07,0.574986,0.424373,9.50581,2.55153,-9.89649,-0.166961,-9.97258,3.45804,-8.64294,1.01733,-8.57063,-26.1852,-26.176,0.514,0.513498,-0.0635934,3.38379,22.2712
8.2168e+07,0.400755,0.130547,9.42714,0.792663,-4.53771,-0.921081,-4.55618,2.43399,-5.94065,1.06238,-5.91851,-27.2386,-27.202,0.514,0.51331,-0.057436,3.38332,22.2771
8.2188e+07,0.439051,-0.192181,10.1222,-1.08666,6.08824,-1.57881,6.03487,2.48319,-3.03988,1.21175,-3.03373,-27.2539,-27.1711,0.514,0.51331,-0.0531266,3.38388,22.2565
8.2208e+07,0.0975707,-0.124745,9.41987,-0.75867,12.7295,-0.683377,12.6181,0.593394,-4.04752,0.116796,-3.99167,-26.3073,-26.303,0.512,0.511726,-0.0502922,3.38382,22.2653
8.2228e+07,0.74948,-0.228307,9.23395,-1.41169,2.07298,-1.74923,2.06986,4.63887,1.14332,2.17481,1.08199,-27.8493,-27.7392,0.512,0.511287,-0.0491754,3.38157,22.2624
8.2248e+07,0.482055,-0.276475,10.1007,-1.56612,-7.11786,-1.52002,-7.0466,2.73134,-1.37576,1.19601,-1.39675,-25.9562,-25.9532,0.512,0.511383,-0.0405565,3.38172,22.2212
8.2269e+07,-0.375395,0.499034,9.58748,2.97731,-11.3011,1.5281,-11.2285,-2.23923,-6.30706,-1.43604,-6.26011,-26.4295,-26.4368,0.511,0.510525,-0.0421221,3.38168,22.2535
8.235e+07,-0.349255,0.954224,10.2862,5.29697,5.32489,1.36958,5.27351,-1.93635,-10.9635,-0.507547,-10.8204,-21.8493,-21.8843,0.51,0.509349,-0.0432218,3.38229,22.2447
8.2451e+07,-0.100413,-0.868945,9.72513,-5.10558,5.66076,-1.83722,5.64885,-0.589218,-5.81851,-0.00216103,-5.78618,-17.9104,-17.9753,0.507,0.506415,-0.0367641,3.38095,22.2388
8.2471e+07,0.214699,-0.57271,9.40481,-3.48384,2.37832,-1.92877,2.37053,1.30534,-8.64294,0.373247,-8.56633,-17.8188,-17.8358,0.507,0.506408,-0.0354051,3.38138,22.2447
8.2491e+07,0.0712609,0.0318017,8.9358,0.203903,-6.84305,-0.676723,-6.80143,0.456908,-3.80324,-0.0606927,-3.81102,-18.0172,-17.9869,0.503,0.50512,-0.0362802,3.38145,22.2682
8.2511e+07,-0.425269,-0.476374,9.42214,-2.89141,-7.62168,-1.71792,-7.55975,-2.581,1.02119,-0.638066,0.997897,-16.2004,-16.2029,0.503,0.502739,-0.0425892,3.3816,22.2624
8.25314e+07,-0.122097,-0.172913,9.74763,-1.01619,-1.89649,-1.32635,-1.93821,-0.717527,3.60134,-0.0792403,3.59648,-13.2844,-13.3815,0.503,0.502481,-0.039607,3.40866,22.2594
8.2694e+07,0.493917,0.000492326,9.28915,0.0030324,5.8287,-1.04857,5.74088,3.04363,2.56317,1.31438,2.49448,-7.83403,-7.83736,0.503,0.502522,-0.0287547,3.40001,22.2535
8.2715e+07,0.12382,-0.0645349,9.66212,-0.382651,4.24092,-0.879275,4.15881,0.73419,0.715842,0.516592,0.6843,-6.8264,-6.85427,0.503,0.502651,-0.0264684,3.39923,22.2241
8.2755e+07,0.13563,0.402697,10.1519,2.27136,-0.675114,-0.801482,-0.73434,0.764822,2.73111,0.220406,2.71829,-8.65846,-8.63658,0.503,0.50235,-0.0244802,3.39811,22.23
8.2855e+07,-0.852747,-0.278884,10.9874,-1.44961,-8.41557,-1.98644,-8.3295,-4.43647,3.5708,-1.26606,3.54734,-6.84167,-6.85821,0.504,0.503644,-0.0145073,3.3952,22.2153
8.3055e+07,0.529596,0.499034,9.67454,2.94842,16.2867,0.508926,16.0825,3.12916,1.31126,1.17509,1.30996,-5.45235,-5.47147,0.506,0.505812,0.00314516,3.39078,22.2212
8.3075e+07,0.0354393,0.0462522,9.57215,0.276846,8.14931,-0.521241,8.07658,0.212125,-4.94828,0.244215,-4.88944,-5.16228,-5.20743,0.506,0.505791,0.00285932,3.3903,22.2535
8.3095e+07,-0.571201,0.508668,11.0454,2.63322,-6.00336,-1.51596,-5.95812,-2.95721,-6.44446,-0.521249,-6.35604,-7.02487,-7.02353,0.509,0.507331,0.00495937,3.39,22.2271
8.3115e+07,-0.99378,0.263009,10.6394,1.40995,-13.7591,-0.849649,-13.6415,-5.33464,-5.51317,-1.65806,-5.3957,-7.8035,-7.77431,0.509,0.508408,0.00601947,3.38888,22.2535
8.3135e+07,-0.864786,0.07997,10.2378,0.445956,-11.2095,-1.36797,-11.1031,-4.82818,-0.474998,-1.55214,-0.425767,-8.16991,-8.13745,0.509,0.508519,0.00446015,3.38782,22.2271
8.3175e+07,-0.451507,-0.577527,10.5023,-3.14467,9.72183,-1.86175,9.6885,-2.458,9.32653,-0.807636,9.24688,-7.71189,-7.64156,0.511,0.510385,0.00857721,3.38472,22.2094
8.3195e+07,-0.702226,-0.591977,10.36,-3.26289,5.88977,-1.8601,5.90469,-3.87142,3.05172,-1.04528,3.08986,-7.05541,-7.00907,0.511,0.510694,0.00467421,3.3847,22.2535
8.3215e+07,0.114486,-0.844861,9.60389,-5.02705,-4.44611,-3.1802,-4.33839,0.68035,-3.08568,0.488021,-3.01439,-7.55922,-7.53444,0.512,0.511288,-0.000269092,3.38452,22.23
8.3235e+07,0.138163,-0.122337,9.75936,-0.718112,-11.1026,-1.33947,-10.9824,0.811019,-5.57423,0.200328,-5.54402,-8.68899,-8.61093,0.512,0.511721,-0.00292131,3.38443,22.2212
8.3255e+07,-0.0740773,-1.11942,8.99344,-7.09492,-14.2018,-3.65244,-14.0426,-0.46831,-4.64294,-0.145313,-4.6088,-7.40655,-7.48328,0.512,0.511418,-0.0092809,3.38317,22.2182
8.33971e+07,-0.00269115,-0.22349,9.76169,-1.31154,-4.06443,-1.76195,-4.08104,-0.0157914,-0.490265,-0.504161,-0.51795,-6.62792,-6.66208,0.514,0.513402,-0.00617203,3.40093,22.2271
8.3417e+07,-0.525581,-0.392079,10.118,-2.21615,0.256183,-2.01924,0.297101,-2.97134,5.17386,-0.892909,5.13315,-7.11647,-7.1609,0.514,0.513505,-0.0073949,3.39943,22.2153
8.3437e+07,-1.07227,-0.835227,10.4597,-4.54181,4.65313,-2.77801,4.69573,-5.83479,8.79218,-2.19289,8.72588,-6.67373,-6.71541,0.514,0.513327,-0.0115655,3.39852,22.2447
8.34571e+07,0.510514,0.424373,9.16873,2.64594,9.03481,0.618119,10.9881,3.18354,7.70821,2.40367,8.76654,-7.10121,-6.60052,0.516,0.515056,-0.0101257,3.39764,22.2329
8.34771e+07,0.0640619,0.159448,9.49633,0.961909,0.821069,0.213562,0.791762,0.386455,1.46393,0.365483,1.44071,-8.04777,-8.02179,0.516,0.515647,-0.0128387,3.39462,22.2388
8.3497e+07,0.443959,-0.669047,9.01746,-4.23815,-5.66748,-2.24547,-5.64166,2.81087,-1.91011,0.881197,-1.91208,-7.49815,-7.56396,0.516,0.515441,-0.018095,3.39386,22.2359
8.35171e+07,0.546664,-0.7702,9.18815,-4.78322,-9.27053,-2.56515,-9.18799,3.39302,-1.66584,0.8637,-1.68882,-7.72716,-7.67072,0.516,0.515348,-0.0223045,3.39364,22.2212
8.3537e+07,-0.380052,0.0703363,9.81947,0.410093,-2.00336,0.000856415,-2.01106,-2.21641,-1.19255,-1.50458,-1.19308,-7.10121,-7.09649,0.516,0.515645,-0.0205358,3.39301,22.2212
8.35571e+07,-0.0456274,-0.384854,9.02071,-2.44292,1.24855,-1.20197,2.12117,-0.28954,4.77691,0.337397,3.31679,-5.40655,-6.20456,0.516,0.515436,-0.0208078,3.39039,22.2124
8.35771e+07,0.615929,-0.832819,8.72264,-5.44048,7.55389,-2.47397,7.46092,4.02088,8.74638,1.4741,8.63458,-6.27678,-6.29478,0.517,0.516242,-0.0216143,3.39009,22.2418
8.3597e+07,1.2272,-0.789467,8.76254,-5.09871,8.42412,-2.59174,8.32049,7.94073,8.77691,2.74144,8.65624,-6.79586,-6.81516,0.517,0.516139,-0.0238783,3.38972,22.2065
8.3617e+07,-0.46127,0.183532,8.99111,1.16786,5.52336,-1.24492,5.46071,-2.93625,1.41813,-1.24393,1.45684,-7.20808,-7.26704,0.517,0.515777,-0.031045,3.38895,22.1888
8.3637e+07,0.38644,0.0896036,9.21816,0.556428,1.34015,-0.765838,1.27782,2.40041,-4.30706,0.285437,-4.25345,-7.22334,-7.23895,0.515,0.514718,-0.0359611,3.38864,22.2535
8.3657e+07,0.173812,0.486992,9.58936,2.90677,-4.1255,-0.231986,-4.14444,1.03706,-4.36813,0.344245,-4.33253,-6.47525,-6.56313,0.515,0.514473,-0.0349509,3.38793,22.2124
8.3678e+07,-0.394491,0.47495,9.81063,2.76939,-5.69801,-0.181045,-5.69703,-2.29996,0.868514,-0.940027,0.873722,-8.10884,-8.05954,0.515,0.514436,-0.0328592,3.38792,22.2271
8.3698e+07,0.0379403,-0.36077,10.2671,-2.01243,-5.78962,-1.93956,-5.73215,0.211594,6.60897,-0.346142,6.56297,-6.8264,-6.73976,0.516,0.515354,-0.0276915,3.38792,22.2388
8.3778e+07,-0.308278,-0.428205,10.538,-2.32591,1.55389,-1.73394,1.5614,-1.67427,-1.37576,-0.587972,-1.38651,-7.19281,-7.20203,0.516,0.515501,-0.0242598,3.38771,22.2241
8.3878e+07,-0.0285704,-1.61555,8.94512,-10.2376,5.15695,-5.21297,5.18134,-0.180087,7.23493,-0.405987,7.13415,-8.09357,-8.0526,0.516,0.514911,-0.0294958,3.3866,22.2094
8.3898e+07,0.570742,-1.48791,9.17986,-9.18922,8.82107,-4.48085,8.8008,3.51197,5.28073,0.560676,5.18189,-6.29205,-6.32022,0.516,0.514904,-0.0323111,3.38632,22.1947
8.3978e+07,-0.127176,0.91569,10.1862,5.13639,4.22565,0.50778,4.11182,-0.71243,-0.871944,-0.532249,-0.820456,-7.91037,-7.90766,0.515,0.514315,-0.0317618,3.38575,22.2329
8.3998e+07,0.0977193,-0.659413,10.1503,-3.71683,3.66076,-1.61225,3.65373,0.550424,3.23493,0.280773,3.20318,-7.14701,-7.14127,0.516,0.515256,-0.0231079,3.38501,22.2182
8.40782e+07,0.0712281,0.149814,9.57941,0.895961,4.07298,-0.618207,4.00165,0.425965,-1.10095,0.194502,-1.1128,-7.92563,-7.98152,0.515,0.51435,-0.0203673,3.38261,22.2212
8.4098e+07,0.255164,-0.110295,9.34853,-0.675697,6.01191,-1.14017,5.92125,1.56337,-2.38339,0.317437,-2.36351,-7.05541,-7.17293,0.515,0.514453,-0.0191961,3.38279,22.2124
8.4138e+07,-0.92682,-0.0982526,10.3349,-0.542512,0.790535,-0.895563,0.807723,-5.12428,-2.78034,-3.3738,-2.75469,-7.10121,-7.10813,0.515,0.514177,-0.0188528,3.38244,22.2094
8.4158e+07,-0.480158,-0.587161,9.60007,-3.49561,-1.97282,-2.97461,-1.88195,-2.85799,-1.46736,-0.728926,-1.40932,-7.92563,-7.94671,0.515,0.514211,-0.0257955,3.38246,22.1888
8.4178e+07,0.0881305,-0.524542,9.75875,-3.07661,-5.78962,-2.62237,-5.67329,0.516674,3.17386,0.430114,3.1367,-10.3073,-10.2262,0.516,0.515136,-0.025065,3.38239,22.2065
8.4198e+07,0.157334,-0.365587,9.99637,-2.09422,-5.31634,-2.92663,-5.26578,0.901106,3.86088,0.552811,3.8134,-11.2233,-11.1412,0.516,0.515069,-0.0282902,3.3819,22.2124
8.4218e+07,0.833293,-1.08811,8.32555,-7.40948,-0.705649,-3.02551,-0.709952,5.66774,0.013552,2.03262,-0.0445328,-11.6508,-11.6866,0.516,0.515089,-0.0299458,3.38135,22.1976
8.4238e+07,0.909567,-0.594386,8.64679,-3.91085,5.53863,-2.57645,5.44357,5.9909,-1.65057,2.34243,-1.71063,-13.147,-13.1334,0.514,0.513403,-0.0401994,3.38142,22.2359
8.4258e+07,0.627732,-0.341502,9.50217,-2.05382,5.7371,-1.93812,5.67589,3.77715,-1.89484,1.90786,-1.91145,-13.8188,-13.7689,0.514,0.513192,-0.0436184,3.3814,22.23
8.45e+07,0.34832,-0.218673,9.17496,-1.36433,18.0119,-1.47356,17.8243,2.17353,3.12806,0.794936,3.13204,-13.8493,-13.8546,0.507,0.506289,-0.0443627,3.38135,22.2359
8.452e+07,-0.508644,-1.19167,10.0811,-6.73308,0.683664,-3.39327,0.807356,-2.86849,0.807445,0.27434,0.801265,-14.4142,-14.3824,0.507,0.50595,-0.04715,3.38134,22.1947
8.462e+07,0.066903,-1.47105,9.94245,-8.41603,5.43176,-4.55725,5.50329,0.381388,2.96012,0.145809,2.8921,-13.0554,-12.9633,0.502,0.500977,-0.0315941,3.38056,22.2094
8.464e+07,0.77605,-1.32173,9.18944,-8.15614,10.2562,-4.07437,10.2231,4.77824,6.70057,1.84967,6.56803,-13.3607,-13.3401,0.502,0.500994,-0.0307385,3.38109,22.1976
8.466e+07,0.876108,-0.490824,9.57769,-2.92147,6.94321,-1.94071,6.86243,5.21971,6.56317,2.33826,6.47961,-11.3607,-11.4468,0.5,0.499594,-0.0288709,3.38151,22.2094
8.468e+07,0.119085,-0.20904,9.95392,-1.20299,-5.92702,-2.41638,-5.88393,0.68528,4.21203,0.309196,4.17434,-12.7959,-12.7884,0.5,0.499034,-0.0296316,3.38182,22.2212
8.47e+07,-0.205631,-0.317418,10.671,-1.70349,-5.27053,-2.7614,-5.23717,-1.10347,2.04409,-0.108667,2.03863,-11.7119,-11.698,0.5,0.499064,-0.0237648,3.38179,22.1976
8.472e+07,-0.790514,-0.81596,10.6541,-4.36756,3.27908,-3.51856,3.33047,-4.2311,1.87615,-0.650868,1.88936,-11.1623,-11.2018,0.502,0.500514,-0.022312,3.38217,22.1888
8.474e+07,0.899676,0.62668,9.48924,3.76157,20.6837,1.75418,20.5412,5.40433,-0.566601,3.75901,-0.552924,-12.4447,-12.4252,0.502,0.500958,-0.0255035,3.38245,22.2035
8.476e+07,-0.124795,0.942182,10.2005,5.27682,7.95084,0.843969,7.84538,-0.697961,-9.75744,-0.0213183,-9.62586,-11.773,-11.778,0.502,0.501433,-0.0206058,3.38247,22.2182
8.478e+07,-0.377664,0.0703363,9.91444,0.406174,-10.6904,-1.42011,-10.5562,-2.18142,-12.2918,-0.312594,-12.1671,-12.5669,-12.5634,0.503,0.502181,-0.0197341,3.38274,22.1653
8.48e+07,-0.246075,-0.856903,9.8701,-4.96033,-12.2476,-3.13457,-12.0997,-1.42281,-0.490265,-0.731101,-0.515812,-12.6279,-12.5882,0.503,0.502242,-0.020081,3.38274,22.1859
8.49e+07,0.484679,-1.12424,8.85287,-7.22662,-1.40794,-3.75618,-1.37028,3.1088,-7.08568,1.42953,-7.03374,-11.8493,-11.8845,0.504,0.503259,-0.0306933,3.38068,22.1918
8.5121e+07,0.38917,-1.1435,9.11884,-7.14116,5.8745,-4.07828,5.89054,2.4248,0.883781,1.81736,0.828097,-10.1088,-10.0809,0.506,0.504332,-0.0476239,3.37976,22.1682
8.51411e+07,0.7401,-0.844861,9.26621,-5.19318,7.08061,-2.80763,7.02422,4.54778,-1.05515,2.00706,-1.09441,-10.3836,-10.3801,0.505,0.504141,-0.0480614,3.37991,22.1712
8.52011e+07,-0.114756,-0.811143,9.80121,-4.73067,-12.9194,-0.231427,-6.83118,-0.668525,-1.81851,0.204889,-0.796646,-12.5363,-11.327,0.503,0.502776,-0.0509317,3.37912,22.2006
8.52211e+07,-0.133804,-1.00863,10.0858,-5.71038,-5.69801,-3.03981,-5.60049,-0.756301,-1.20782,-0.362283,-1.22523,-12.3836,-12.3332,0.503,0.502248,-0.0484955,3.37913,22.1535
8.5241e+07,0.15755,-1.1435,9.60813,-6.78619,1.41649,-3.69578,1.44291,0.932845,-2.74981,1.30181,-2.75053,-9.9867,-10.0315,0.503,0.502081,-0.0447321,3.37889,22.1565
8.52611e+07,0.192906,0.515893,9.68673,3.04796,8.95847,1.80946,8.89234,1.13925,-1.97118,1.03236,-1.96129,-10.7959,-10.8666,0.505,0.504212,-0.0364197,3.37942,22.1594
8.5281e+07,-0.0912267,0.44364,10.5487,2.40814,0.469924,0.152267,0.449612,-0.495052,-1.91011,0.0318465,-1.86506,-10.689,-10.6754,0.505,0.504558,-0.0308184,3.3795,22.1594
8.53011e+07,-0.437405,0.2317,10.0477,1.31976,-9.68275,-2.47769,-6.75729,-2.49201,-0.291791,1.52799,3.94807,-10.292,-10.2268,0.505,0.504287,-0.0355529,3.37756,22.1594
8.53211e+07,-0.709509,-0.16328,10.4699,-0.891419,-8.47664,-1.86377,-8.37941,-3.87633,0.318896,-0.804253,0.335715,-9.31495,-9.32239,0.504,0.503391,-0.033762,3.37731,22.1829
8.5341e+07,0.575325,-0.794284,9.18334,-4.93369,-2.72092,-2.92344,-2.693,3.57153,0.212025,1.88395,0.152342,-10.9485,-10.8736,0.504,0.503288,-0.0332219,3.37767,22.1859
8.53611e+07,0.730498,-0.661821,9.32112,-4.04895,3.43176,-2.06657,3.37541,4.46991,-2.96355,2.18294,-3.00745,-8.65846,-8.69729,0.504,0.503351,-0.0323248,3.37741,22.1712
8.53811e+07,0.759104,-0.490824,9.5303,-2.93892,5.18748,-1.68535,5.12114,4.54809,-4.88721,1.95958,-4.89071,-7.97144,-8.06343,0.502,0.501573,-0.035985,3.37776,22.1741
8.54011e+07,-0.0553073,0.0775616,9.76697,0.454981,-2.87359,-1.13263,-0.650648,-0.324435,-5.29943,-0.250157,-5.67972,-7.9409,-7.91701,0.502,0.501417,-0.0344287,3.37624,22.1594
8.5422e+07,-0.40147,-0.189772,9.84756,-1.10309,-10.7667,-1.77245,-10.6386,-2.33414,0.0593536,-0.967747,0.0960704,-7.04014,-7.0368,0.502,0.501414,-0.0353372,3.37674,22.1741
8.5522e+07,0.804474,-0.493232,9.53026,-2.95218,-1.53008,-1.76883,-1.50255,4.81863,-4.06278,2.38529,-4.07721,0.608716,0.603806,0.501,0.500333,-0.0279484,3.37585,22.1888
8.5622e+07,0.0854701,0.455683,9.79119,2.66452,5.34015,0.0280818,5.22497,0.499598,2.67004,0.39961,2.66975,5.70795,5.60148,0.502,0.501516,-0.0135313,3.37545,22.1653
8.5642e+07,0.453378,-0.194589,9.47643,-1.175,0.332519,-1.75539,0.308521,2.73852,-0.581868,0.962829,-0.581402,4.47131,4.52792,0.502,0.501621,-0.0106206,3.3759,22.1918
8.5662e+07,0.708895,-0.257208,9.1271,-1.60936,0.454657,-1.98509,0.387023,4.43945,-3.66584,1.67053,-3.65872,3.95223,3.95604,0.502,0.501478,-0.0101373,3.37582,22.1624
8.5682e+07,0.763882,-0.498049,8.86313,-3.20441,-0.15603,-2.49529,-0.219478,4.91823,-2.79561,2.02223,-2.80197,5.38734,5.30775,0.503,0.502352,-0.00721521,3.37642,22.1859
8.5702e+07,0.377043,-0.46674,9.00359,-2.96492,-4.00336,-1.82569,-3.99282,2.39476,-1.74217,0.481345,-1.74379,5.24994,5.21872,0.503,0.502668,-0.00762236,3.37598,22.1829
8.5722e+07,-0.084088,0.532752,10.2236,2.98289,-2.65985,-0.0679244,-2.706,-0.470603,0.990651,0.202712,1.01299,3.89116,3.91376,0.503,0.502663,-0.00822178,3.37623,22.1535
8.5742e+07,0.445983,0.638722,9.48727,3.84734,2.43939,0.191749,2.33251,2.68534,3.60134,1.14361,3.58962,4.2423,4.24906,0.505,0.50439,-0.00524767,3.37664,22.1682
8.5822e+07,0.763781,-0.134379,9.02516,-0.849996,-5.42321,-1.0289,-5.39086,4.83677,-3.51317,1.6057,-3.52547,2.18124,2.22454,0.506,0.505547,-0.0144742,3.37726,22.1859
8.5944e+07,0.689897,-0.635329,9.28084,-3.90539,-0.766717,-2.04363,-0.731258,4.24141,2.33416,1.90484,2.24698,0.1049,0.179775,0.51,0.509488,-0.00509596,3.37352,22.1653
8.5964e+07,-0.21025,-0.883395,10.0647,-5.015,-5.42321,-2.69355,-5.33432,-1.19214,-3.00935,0.260551,-3.04108,0.165968,0.155687,0.51,0.509502,-0.00527357,3.37373,22.1859
8.5984e+07,-0.640139,-0.60402,10.5238,-3.27889,-3.69801,-2.55021,-3.64918,-3.47519,-2.6124,-0.713782,-2.60196,-0.322581,-0.331383,0.51,0.509448,-0.00675442,3.37325,22.18
8.6004e+07,-0.645068,-0.0524928,10.8475,-0.276771,0.851603,-1.47796,0.846466,-3.40314,1.37233,-0.850752,1.39691,-1.48289,-1.45577,0.51,0.509508,-0.00504867,3.37364,22.1741
8.6024e+07,0.527569,-0.796693,9.59174,-4.74097,-0.64458,-2.8782,-0.650877,3.13745,9.89141,0.883043,9.76202,0.42551,0.422337,0.51,0.509505,-0.00604586,3.37393,22.1947
8.6044e+07,0.429574,-0.459515,10.2524,-2.56404,-1.83542,-2.15681,-1.83144,2.39687,8.88378,0.904202,8.82435,0.517113,0.545855,0.51,0.509604,-0.00867261,3.37428,22.18
8.6224e+07,-0.604632,0.513484,10.1528,2.8902,-2.84305,-0.0882412,-2.87373,-3.40379,-2.38339,-1.56181,-2.33725,-5.02487,-5.00455,0.516,0.515169,-0.000102179,3.37315,22.1859
8.6244e+07,-0.368047,-0.16328,10.2868,-0.908783,-3.95756,-1.77671,-3.92045,-2.04883,2.3647,-1.19425,2.33538,-4.53632,-4.51044,0.516,0.515579,0.00138394,3.37354,22.1624
8.6264e+07,-0.638124,0.737467,10.8915,3.86698,6.51573,-0.0562906,6.3993,-3.34542,4.89905,-1.96273,4.89038,-5.10121,-5.07736,0.516,0.515421,0.00189484,3.37358,22.2212
8.6284e+07,-0.504478,0.999984,10.5048,5.43153,13.615,0.41471,13.4428,-2.73707,5.54027,-1.38064,5.5768,-5.42182,-5.38749,0.516,0.515422,0.00183878,3.37362,22.1565
8.6304e+07,-0.411235,0.58092,9.87492,3.3638,7.50809,-0.148388,7.43725,-2.38056,2.16622,-1.32413,2.24936,-4.68899,-4.68428,0.516,0.515512,0.000734122,3.37348,22.1829
8.6324e+07,-1.18218,-0.611245,11.0204,-3.15657,-5.85069,-2.16466,-5.73844,-6.11346,-0.826143,-1.99304,-0.756804,-4.61266,-4.66423,0.516,0.515438,0.00255655,3.37217,22.1947
8.6345e+07,0.852013,0.289502,9.13973,1.80642,-2.81252,-0.629938,-2.88398,5.32312,2.88378,1.65753,2.81237,-6.59739,-6.55806,0.516,0.515509,-0.00171731,3.3727,22.18
8.6365e+07,0.493885,0.116096,9.55287,0.695354,-0.552977,-0.699266,-0.645493,2.95935,1.15859,1.15831,1.12211,-6.71953,-6.72407,0.516,0.515673,-0.00259172,3.37278,22.1741
8.6385e+07,0.429365,0.289502,9.45349,1.75226,5.12641,-0.791942,3.01918,2.5993,2.10515,0.498806,1.4689,-6.64319,-7.80217,0.516,0.515574,-0.00612356,3.37252,22.1447
8.6405e+07,0.297969,0.525527,9.89321,3.03931,10.1951,-0.22042,10.0323,1.72271,2.73111,0.796184,2.73231,-6.26151,-6.2667,0.516,0.515594,-0.0110847,3.37295,22.1712
8.64251e+07,-0.33005,0.585737,9.65168,3.47086,8.17985,-3.23563,5.39824,-1.95494,1.35706,0.808491,4.94318,-6.35312,-6.48951,0.516,0.515372,-0.014026,3.37116,22.1506
8.6546e+07,0.68763,-1.07125,9.24453,-6.59188,-1.1942,-3.75256,-1.18906,4.22579,0.486835,1.46623,0.433977,-7.78823,-7.82972,0.52,0.519147,-0.0231501,3.37006,22.1771
8.6646e+07,0.097495,0.147406,9.49628,0.889252,0.668397,-0.851565,0.598633,0.588144,-3.4521,0.783207,-3.41151,-6.99434,-7.06914,0.519,0.51833,-0.0423506,3.37104,22.1859
8.6666e+07,0.174056,-0.392079,9.20807,-2.43774,0.271451,-2.0381,0.251259,1.08193,-6.39866,0.74843,-6.33531,-7.45235,-7.47999,0.519,0.518213,-0.0450537,3.37121,22.1829
8.6686e+07,-0.387272,0.275051,10.5867,1.48727,3.00428,0.160206,2.97239,-2.0943,-5.6353,-1.30841,-5.59325,-6.23098,-6.256,0.516,0.517264,-0.042821,3.37136,22.1859
8.6706e+07,-0.924434,-0.0934358,10.4536,-0.510114,0.118779,-1.51825,0.172262,-5.05344,-2.20019,-1.28865,-2.13858,-5.97144,-6.03776,0.516,0.515365,-0.0491486,3.37126,22.1829
8.6726e+07,-1.18462,-0.396896,10.3133,-2.1895,-4.2629,-2.25803,-4.14543,-6.54771,3.37233,-1.95036,3.37453,-5.74243,-5.7076,0.516,0.515041,-0.0509108,3.37175,22.1535
8.67461e+07,-1.03646,-0.803918,10.2175,-4.47591,-3.66748,-3.14173,-3.57968,-5.77455,4.74638,-1.79923,4.76032,-4.27678,-4.31349,0.516,0.515,-0.050337,3.37179,22.1888
8.6766e+07,0.197858,-0.11752,9.83766,-0.68428,1.79817,-0.437463,1.7673,1.15211,5.58607,0.804799,5.51182,-5.33021,-5.3205,0.516,0.515175,-0.0468263,3.37192,22.1476
8.6786e+07,0.0952096,-0.221082,9.726,-1.3021,2.8058,-1.16543,2.75294,0.560717,0.899048,0.423745,0.877318,-5.07067,-5.03988,0.516,0.515345,-0.0421483,3.37254,22.18
8.6806e+07,0.169285,-0.408938,9.92269,-2.35962,2.01191,-1.50302,1.98124,0.976564,-6.20019,0.612351,-6.15609,-5.48289,-5.54873,0.514,0.514614,-0.0402153,3.37263,22.1712
8.6826e+07,0.171746,-0.673864,9.91277,-3.88836,0.454657,-2.52622,0.481494,0.990309,-7.28416,0.721357,-7.23967,-4.73479,-4.74729,0.514,0.513278,-0.0407605,3.37322,22.1712
8.6846e+07,-0.0411477,0.679665,10.3377,3.76153,2.76,-0.639512,2.68402,-0.227564,-5.74217,0.311297,-5.66634,-4.85693,-4.8506,0.514,0.513036,-0.0343645,3.37302,22.1682
8.6866e+07,-0.258378,0.453274,10.5512,2.45914,1.17221,-1.25376,1.16218,-1.40148,0.334163,-0.271013,0.35122,-3.91037,-3.92253,0.511,0.511966,-0.0356458,3.37283,22.1829
8.6946e+07,0.0306054,0.255784,9.74343,1.50377,4.37832,-0.694054,4.30612,0.179911,-1.66584,0.404704,-1.65534,-0.704261,-0.7499,0.512,0.511424,-0.0253909,3.37388,22.1947
8.70461e+07,-0.91242,-0.36077,11.0942,-1.85627,4.86687,-2.66273,9.9313,-4.69912,4.68531,2.4988,9.42661,1.29574,0.271652,0.508,0.509173,-0.0289679,3.37327,22.1594
8.7247e+07,-0.602305,0.73265,10.5425,3.96893,3.35542,0.321929,3.32085,-3.26197,-14.6277,-1.08047,-14.4884,-2.67373,-2.62063,0.505,0.504468,-0.0232749,3.37197,22.1447
8.7267e+07,-0.781348,0.571286,10.5068,3.10373,-2.61405,-0.444998,-2.60379,-4.24679,-8.38339,-1.45567,-8.30137,-2.76533,-2.71205,0.505,0.504337,-0.0231733,3.37184,22.18
8.7287e+07,-0.430126,-0.182547,10.586,-0.987109,-4.93466,-1.93567,-4.8756,-2.3264,0.0898879,-0.287472,0.105751,-2.0325,-2.07733,0.505,0.504403,-0.020777,3.37188,22.1535
8.7307e+07,0.672917,0.318403,9.28475,1.95895,-0.904122,-0.0215118,-0.975839,4.14286,5.50974,1.7997,5.43577,-3.34548,-3.3221,0.505,0.504581,-0.0183579,3.37234,22.1565
8.7327e+07,0.775555,0.460499,9.62441,2.73051,1.52336,0.0139394,1.39559,4.60181,0.807445,2.10279,0.79682,-2.8722,-2.89865,0.505,0.504519,-0.0179801,3.37227,22.1447
8.7347e+07,0.508098,0.525527,9.69122,3.09969,4.36305,0.0305956,4.24916,2.9968,-6.97881,1.44051,-6.91072,-3.11647,-3.15086,0.507,0.505216,-0.0163194,3.37237,22.1388
8.7367e+07,0.100075,-0.543809,10.0389,-3.10055,1.17221,-2.93353,1.17795,0.570312,-8.39866,0.552319,-8.34542,-3.02487,-3.00312,0.507,0.506177,-0.012369,3.3723,22.1682
8.7387e+07,0.0236086,-0.343911,9.99177,-1.9713,-1.86595,-2.3523,-1.82447,0.135298,-5.52843,0.222196,-5.46647,-4.36838,-4.28041,0.507,0.506436,-0.0101146,3.37071,22.1653
8.7408e+07,0.0998561,0.243742,10.0116,1.39457,-4.85832,-0.872117,-4.77089,0.57128,-1.46736,0.826035,-1.46264,-3.91037,-3.81951,0.505,0.505731,-0.01272,3.37072,22.1741
8.7428e+07,-0.160351,0.000492326,10.3629,0.00272172,-6.70565,-1.78332,-6.64832,-0.886502,1.37233,0.267493,1.35656,-4.50579,-4.46894,0.505,0.504484,-0.0193573,3.3709,22.1859
8.7448e+07,0.47034,-1.08089,8.84345,-6.95864,-6.18656,-2.33067,-6.14868,3.02196,1.29599,0.855488,1.23481,-5.16228,-5.15791,0.505,0.504445,-0.0211735,3.36947,22.1535
8.7468e+07,0.835635,-0.92193,8.95261,-5.85426,-1.89649,-2.81667,-1.92215,5.30464,-3.08568,2.64622,-3.11243,-4.67373,-4.70803,0.505,0.50424,-0.0231391,3.36954,22.1359
8.7488e+07,0.773577,-1.01586,9.14957,-6.31314,-3.92702,-3.64267,-3.87219,4.80337,-6.82614,2.40562,-6.82483,-5.39128,-5.38168,0.505,0.50408,-0.0248397,3.36961,22.1918
8.7569e+07,0.119164,-0.493232,9.55934,-2.95344,-1.46901,-1.91845,-1.4468,0.713245,-3.55897,0.925049,-3.58768,-5.29968,-5.27071,0.507,0.506592,-0.0132557,3.37052,22.1359
8.76691e+07,-0.475389,-0.563076,10.2435,-3.14295,-6.2629,-1.48989,-6.15786,-2.65312,-3.08568,-0.157583,-3.06682,-2.58212,-2.54955,0.51,0.509705,0.00932612,3.37131,22.1447
8.7689e+07,-0.391846,-0.452289,10.9179,-2.37068,-0.369771,-1.53327,-0.348665,-2.05371,-9.36049,-0.0767603,-9.2615,-2.97907,-2.95871,0.51,0.509753,0.0121656,3.3713,22.1653
8.77091e+07,-0.585311,-0.271658,10.4815,-1.48234,-2.01863,-1.03179,-1.9303,-3.19513,-10.9941,-0.257864,-10.8867,-3.28441,-3.22805,0.513,0.511655,0.0195152,3.37128,22.1418
8.7729e+07,-0.77395,-0.271658,10.3867,-1.49406,-7.36214,-0.922261,-7.26863,-4.25999,-8.88721,-1.72257,-8.81259,-1.10121,-1.13182,0.513,0.512785,0.0259444,3.37126,22.1506
8.77491e+07,0.708961,-0.495641,9.61344,-2.94341,-7.51481,-1.50776,-7.46748,4.21218,-1.94065,2.13262,-2.0188,-1.37602,-1.27715,0.513,0.512879,0.0258356,3.37108,22.1476
8.77691e+07,0.37714,-0.813551,10.1688,-4.57106,-7.71328,-2.64687,-7.64508,2.11725,-2.49026,1.60789,-2.49957,0.501846,0.518465,0.516,0.51454,0.0302287,3.37073,22.1829
8.7789e+07,-0.234229,-0.519725,10.3716,-2.86799,-6.29343,-1.73111,-6.21058,-1.29211,-1.75744,0.361575,-1.77085,0.0285639,0.0869543,0.516,0.515801,0.0345457,3.37091,22.1653
8.7809e+07,-0.146053,0.106463,10.2443,0.595356,-1.08733,-1.25857,-1.11276,-0.816767,-5.28416,0.476028,-5.20402,0.410243,0.468751,0.516,0.515724,0.0304524,3.37074,22.1624
8.78291e+07,0.234073,-1.54571,9.53144,-9.20871,-1.08733,-4.35409,-1.03485,1.38865,-4.26126,0.667946,-4.26204,1.89116,1.89359,0.519,0.517266,0.030751,3.37058,22.1447
8.7849e+07,-0.236491,-0.974915,9.59687,-5.79885,-0.812519,-2.90017,-0.723853,-1.4044,-3.87958,-0.253927,-3.83853,1.31101,1.3378,0.519,0.518659,0.0281236,3.37009,22.1535
8.78691e+07,-0.0313901,-0.0621264,9.56966,-0.371958,-0.0796944,-2.74931,-0.417111,-0.187935,-1.87958,0.12996,-0.954794,0.31864,1.01338,0.519,0.518597,0.0211887,3.36811,22.1653
8.78891e+07,-0.871605,-1.15795,9.63273,-6.82703,-8.00336,-5.05178,-7.93225,-5.1335,-0.871944,-3.16489,-0.856932,0.883526,0.867494,0.521,0.518815,0.012453,3.36808,22.1506
8.8049e+07,0.0425593,0.202799,9.14741,1.27003,-1.62168,-0.488028,-1.69328,0.266507,1.58607,0.119828,1.58126,2.12017,2.09652,0.524,0.523378,-0.0295932,3.36664,22.1653
8.80691e+07,0.200288,-0.26925,9.58812,-1.60819,-1.34687,-1.11127,-1.32916,1.19622,4.5937,0.871333,4.5334,1.99803,1.98763,0.523,0.52282,-0.0307138,3.36635,22.1741
8.81291e+07,0.193149,-0.355953,9.88239,-2.06245,-1.22473,-1.55454,-1.20305,1.11896,1.37233,0.8895,1.29749,2.37971,2.39659,0.523,0.522524,-0.0253017,3.36675,22.1594
8.8149e+07,-0.217571,-0.31501,10.5785,-1.70531,-2.27817,-1.54459,-2.24656,-1.17774,2.94485,0.219937,2.90038,3.64688,3.61616,0.523,0.522559,-0.0218566,3.36687,22.18
8.82703e+07,1.14564,0.561653,8.85975,3.59747,6.13405,0.0308655,6.01927,7.35335,3.41813,2.07171,3.39979,3.28047,3.30872,0.524,0.523074,-0.0136832,3.37318,22.1565
8.8291e+07,1.05508,-0.0813937,9.1532,-0.506131,-0.75145,-0.969369,-0.762203,6.57516,5.3876,2.58856,5.27667,2.2423,2.29531,0.524,0.523427,-0.016349,3.37324,22.1624
8.8311e+07,0.0332102,-0.524542,10.1221,-2.96649,-4.87359,-1.85797,-4.81211,0.187733,4.15096,0.467965,4.06211,1.70795,1.80073,0.527,0.525351,-0.0122299,3.37312,22.1271
8.8331e+07,-0.716679,-0.139196,10.1827,-0.781243,-0.278168,-1.51898,-0.285839,-4.02559,0.837979,-0.970896,0.850139,0.639251,0.691468,0.527,0.526379,-0.0132956,3.37267,22.1712
8.8351e+07,0.109633,-0.567893,9.51887,-3.41398,2.95847,-2.25517,2.95822,0.658701,4.4105,0.251695,4.33793,0.730854,0.833386,0.527,0.526623,-0.010711,3.3725,22.1271
8.83713e+07,-0.0721561,0.559244,10.2355,3.12733,3.61496,-0.20355,3.55253,-0.403305,0.944849,0.0975544,0.959926,1.00566,1.03497,0.524,0.524737,-0.0192151,3.36939,22.1476
8.8392e+07,0.0257453,0.559244,9.70119,3.29927,-1.07206,0.188426,-1.12985,0.151801,0.150957,0.279251,0.18646,1.67742,1.64854,0.524,0.5237,-0.0252447,3.36938,22.1594
8.8412e+07,0.114399,-0.534176,9.25301,-3.30376,-7.45374,-2.49858,-7.40119,0.707162,3.66241,-0.233262,3.63118,2.92933,2.83554,0.524,0.523318,-0.0272288,3.36937,22.13
8.8432e+07,0.379057,0.879563,9.96019,5.04295,-2.32397,0.664915,-2.4075,2.17102,3.89141,0.661534,3.89328,3.47895,3.41446,0.525,0.52395,-0.0206356,3.36945,22.1565
8.8452e+07,0.0665623,-0.245166,9.91829,-1.41595,-3.77435,-0.995031,-3.75055,0.384392,4.25783,0.17497,4.2093,3.18887,3.21006,0.525,0.524618,-0.0120779,3.36936,22.1388
8.8472e+07,-0.912367,-0.553443,10.8683,-2.90493,-3.80488,-1.598,-3.70193,-4.79239,1.21966,-1.8199,1.2344,5.2194,5.19836,0.525,0.524503,-0.00513351,3.36766,22.18
8.8493e+07,0.338603,0.378613,9.73149,2.22668,2.31725,0.17102,2.25779,1.99127,-1.81851,0.0637257,-1.77707,4.97513,5.00284,0.525,0.524662,0.00714632,3.36799,22.1447
8.8513e+07,1.04328,-0.575119,8.66095,-3.77188,2.25618,-2.05756,2.20998,6.85369,4.30363,2.59698,4.22615,5.20414,5.29078,0.525,0.524428,0.00336127,3.36797,22.1535
8.8533e+07,0.291334,-1.37712,9.63613,-8.12953,-7.20947,-3.59559,-7.07092,1.71432,7.67767,0.643791,7.57202,6.77666,6.79583,0.525,0.524459,0.00214762,3.36795,22.1006
8.85531e+07,-0.224784,-0.136787,9.65281,-0.811648,-8.29344,-1.0948,-8.20602,-1.33387,4.76164,-0.615146,4.74961,5.93696,5.97853,0.525,0.524777,0.00180184,3.36785,22.1153
8.85731e+07,-0.948291,-0.170505,9.98814,-0.973609,-9.16366,-1.73682,-4.3302,-5.42271,0.34943,-0.376657,5.37298,4.91406,7.01183,0.525,0.524585,-0.00185949,3.36615,22.1535
8.8594e+07,0.842598,-0.201814,8.25811,-1.39271,0.149313,-1.48316,0.0867645,5.82416,2.39523,1.97127,2.33336,5.28047,5.31556,0.525,0.524497,-0.00875194,3.36605,22.1388
8.8735e+07,-0.0143485,-1.23743,10.045,-7.02282,-1.69802,-3.62862,-1.68559,-0.0812285,4.82271,-0.720355,4.73201,6.16597,6.20352,0.53,0.52865,-0.0030169,3.36799,22.1682
8.8795e+07,0.692162,-0.192181,8.46244,-1.29663,4.51573,-1.2024,4.50052,4.67474,5.31126,2.81434,5.25362,5.83009,5.80844,0.533,0.531868,-0.00251154,3.36692,22.1594
8.8815e+07,0.539644,-1.2856,9.17783,-7.96035,-3.07206,-4.20765,-3.02782,3.33258,10.3342,0.9876,10.1683,3.79956,3.89497,0.533,0.53209,-0.0046373,3.36704,22.1388
8.8835e+07,-0.141193,-0.199406,10.2272,-1.11688,-5.07206,-2.11549,-5.04073,-0.790802,6.12042,-0.397058,6.09115,4.77666,4.75388,0.533,0.532387,-0.00469306,3.36732,22.1565
8.8855e+07,0.620418,0.197982,9.41519,1.20203,-0.75145,-0.885319,-0.837122,3.76925,4.34943,1.22211,4.31883,3.11253,3.13429,0.532,0.531775,-0.0110338,3.36716,22.1594
8.8875e+07,1.21976,0.226883,8.94699,1.43932,5.29435,-0.92797,5.15307,7.7609,3.83035,1.67802,3.77089,2.95986,3.00176,0.532,0.530976,-0.0130881,3.36718,22.1565
8.88951e+07,0.845166,-0.847269,9.73621,-4.95495,8.88214,-2.65227,8.77993,4.94262,9.72348,2.08232,9.55435,1.41788,1.52159,0.532,0.531203,-0.0136248,3.36703,22.13
8.90951e+07,-0.100441,-0.767792,10.4281,-4.21075,0.256183,-3.42029,0.300908,-0.550356,-1.22309,-0.878147,-1.21156,-0.505787,-0.472757,0.534,0.532814,0.0281369,3.36574,22.1388
8.9115e+07,-0.638023,0.373796,10.4042,2.05374,1.41649,-1.61231,1.40206,-3.50692,0.0746207,-1.83988,0.105476,0.471312,0.480752,0.534,0.533106,0.0325064,3.36566,22.1476
8.9195e+07,0.164696,-1.08089,9.31619,-6.61697,4.74473,-3.99993,4.76628,1.00605,-2.4292,0.29659,-2.39203,1.47895,1.56574,0.537,0.53632,0.0280464,3.36361,22.1829
8.9335e+07,0.054913,-1.28801,9.44179,-7.76797,1.96611,-5.18162,2.03035,0.330168,-6.21546,-0.121991,-6.17588,-0.643192,-0.685715,0.543,0.539984,-0.0199934,3.36388,22.1476
8.9355e+07,-0.0142333,-1.65168,9.56235,-9.79984,0.149313,-5.73567,0.242132,-0.0840388,-4.70401,0.0776944,-4.71176,-3.25388,-3.13655,0.543,0.541302,-0.0183793,3.36356,22.1535
8.9375e+07,-0.382311,-0.392079,10.5096,-2.13511,8.36305,-3.2471,8.29755,-2.08189,-2.18492,-0.898343,-2.17709,-2.97907,-3.00316,0.543,0.54176,-0.0143288,3.36376,22.1624
8.93952e+07,-0.282338,0.744692,10.7678,3.95488,13.5844,-0.6359,13.4277,-1.49841,-1.65057,-0.638141,-1.57853,-3.95617,-3.98028,0.544,0.542856,-0.00409583,3.3615,22.1329
8.9416e+07,0.0308719,-0.702764,10.5325,-3.81729,8.86687,-3.72927,8.82081,0.167567,2.79218,-0.112786,2.75279,-5.46762,-5.36515,0.544,0.543015,0.00290281,3.36146,22.1359
8.9436e+07,-0.692555,-1.02308,10.9885,-5.30872,2.22565,-4.03035,2.30063,-3.59084,1.99828,-1.27393,2.0128,-4.52105,-4.55299,0.544,0.542877,0.00774689,3.36168,22.1329
8.9456e+07,-0.25064,-1.61314,9.75968,-9.38234,-1.78962,-5.49518,-1.66178,-1.45142,6.21203,-0.650409,6.15193,-5.66609,-5.59189,0.543,0.541703,0.00907822,3.36172,22.1418
8.9476e+07,-0.365677,-0.100661,10.7855,-0.534419,-1.34687,-2.87604,-1.31802,-1.94176,3.37233,-0.955053,3.35818,-5.58976,-5.59088,0.543,0.541799,0.01545,3.36185,22.1535
8.9496e+07,-0.0955377,-1.2278,10.1994,-6.86391,-2.94992,-4.15414,-2.87327,-0.532827,2.82271,-0.0665735,2.7323,-5.91037,-5.90323,0.543,0.542181,0.0218999,3.36011,22.1565
8.9517e+07,1.16734,-0.170505,8.8918,-1.0892,8.60733,-2.2977,8.49052,7.47779,-2.16965,2.6684,-2.20418,-6.53632,-6.46401,0.547,0.545552,0.0326507,3.36048,22.1653
8.9537e+07,0.326897,-0.461923,9.53072,-2.77314,12.5615,-2.65941,12.4217,1.96213,-0.902478,1.01462,-0.971014,-5.36075,-5.40615,0.547,0.54641,0.0351152,3.36092,22.1241
8.9557e+07,0.240711,0.344895,9.7339,2.02866,9.98137,0.516686,9.92158,1.4157,1.29599,1.73493,1.27194,-6.12411,-6.14899,0.547,0.546532,0.0319038,3.36142,22.1359
8.95771e+07,0.0212937,-0.606428,8.79474,-3.94449,0.515725,-3.06007,0.523841,0.138395,-1.94065,0.0701696,-1.86406,-4.20044,-4.29687,0.548,0.547377,0.0229588,3.36156,22.1329
8.95971e+07,0.83059,0.0462522,8.59803,0.306785,-6.15603,-3.44101,-7.9402,5.51771,0.0440865,-0.562494,-5.07575,-4.71953,-4.476,0.548,0.54717,0.0124618,3.35983,22.1476
8.9657e+07,-0.339245,-0.695539,9.64489,-4.12219,7.23328,-2.54614,7.22783,-2.00925,-0.307059,-0.422661,-0.326523,-2.13938,-2.15601,0.552,0.551119,-0.00905562,3.36013,22.1829
8.9677e+07,-0.0811524,-1.43733,9.23273,-8.84831,10.4089,-4.2373,10.3957,-0.497603,1.60134,0.413103,1.58337,-1.57449,-1.59016,0.552,0.551004,-0.0203935,3.35932,22.1506
8.96971e+07,-0.110057,-0.536584,9.43839,-3.25361,6.54626,-3.21008,6.57094,-0.666994,-1.26889,-0.200329,-1.22736,-2.58212,-2.50504,0.552,0.55105,-0.0314322,3.35973,22.1624
8.97171e+07,0.637593,-1.4566,8.74299,-9.43411,-1.57588,-1.17082,4.73279,4.11447,-0.719272,0.312752,-4.36372,-1.45235,-1.98624,0.552,0.550635,-0.0367496,3.35801,22.1271
8.9738e+07,-0.0671341,-0.327052,10.2269,-1.83163,-7.53008,-2.24908,-7.41567,-0.375917,-2.59714,0.875487,-2.60515,-2.49052,-2.44122,0.552,0.550815,-0.043292,3.35849,22.1182
8.9818e+07,-0.198377,-0.644963,10.7014,-3.4484,1.24855,-2.6654,1.31616,-1.06008,-2.23072,-0.0504973,-2.24296,-1.33021,-1.27334,0.549,0.548312,-0.0418502,3.36073,22.1447
8.9838e+07,-0.723546,-1.20371,10.5965,-6.46585,-3.89649,-4.11036,-3.78664,-3.88131,-0.704005,-1.11532,-0.706727,-1.05541,-1.04742,0.549,0.547785,-0.0377429,3.36107,22.1271
8.9858e+07,0.926232,-0.416163,9.59676,-2.4716,0.897405,-2.16663,0.89025,5.50769,1.90668,3.75803,1.88526,-0.658459,-0.676256,0.549,0.547732,-0.0354429,3.3614,22.1388
8.9878e+07,0.248234,-0.948423,9.90989,-5.46512,-0.293435,-3.22098,-0.281576,1.42838,-2.5666,0.961022,-2.56818,1.75375,1.6733,0.546,0.545341,-0.0392466,3.36204,22.13
8.9918e+07,-1.05799,-0.673864,10.5549,-3.63486,-5.69801,-2.6725,-5.58233,-5.7125,-2.33759,-1.47433,-2.31716,2.37971,2.35416,0.546,0.54498,-0.0400307,3.36305,22.1594
8.9938e+07,0.828326,-0.399304,9.2716,-2.45629,-1.63695,-1.18569,-1.64008,5.10056,4.53264,2.6412,4.41661,2.07437,2.09682,0.545,0.544388,-0.0484218,3.36345,22.1447
8.9958e+07,0.0547382,-0.659413,9.88678,-3.81572,0.042443,-2.72555,0.0452653,0.316512,4.44103,0.984034,4.39454,2.77666,2.72878,0.545,0.544096,-0.0525529,3.36382,22.18
8.9978e+07,-0.473128,-0.105478,10.7856,-0.55977,-5.10259,-1.96202,-4.99922,-2.51165,-0.94828,0.240458,-0.896979,2.07437,2.07107,0.545,0.543932,-0.0533051,3.36367,22.1447
8.9998e+07,-0.609413,0.53516,10.1884,3.00142,-4.18656,-0.19701,-4.1583,-3.41833,-5.37576,-0.807682,-5.27823,2.33391,2.32158,0.544,0.543291,-0.0560501,3.36403,22.1094
9.0018e+07,-0.140986,-0.941197,10.1833,-5.2801,-3.11786,-2.93923,-3.03163,-0.789838,-4.4292,-0.460268,-4.40644,2.36444,2.44588,0.544,0.543213,-0.0487545,3.36227,22.1682
9.0038e+07,0.0880013,-0.059718,10.0681,-0.339826,4.22565,-1.45486,4.1846,0.500776,-3.31469,0.50576,-3.28726,4.12017,4.11027,0.544,0.543264,-0.0469605,3.36237,22.1241
9.0118e+07,0.84249,0.188349,9.03036,1.1897,-5.16366,-0.429554,-5.1727,5.32885,1.23493,2.06987,1.22185,5.79956,5.80298,0.54,0.539343,-0.050756,3.3622,22.1741
9.0139e+07,0.971718,-0.837636,8.7342,-5.44469,-1.77435,-3.00913,-1.80394,6.31955,3.81508,2.49415,3.69469,6.16597,6.18551,0.54,0.538984,-0.0505943,3.36247,22.1624
9.0219e+07,-1.00067,-0.736482,10.4764,-4.00308,-10.6751,-2.77686,-10.4895,-5.44278,-3.11622,-2.18578,-3.03326,6.37971,6.33841,0.537,0.536118,-0.0433247,3.36222,22.1241
9.024e+07,-0.446927,0.12573,9.5442,0.753912,-10.8583,-0.652771,-10.7674,-2.6808,-2.13912,-0.884988,-2.0797,6.12017,6.08448,0.535,0.534585,-0.0444093,3.36307,22.1476
9.04211e+07,0.489245,-0.372812,8.49081,-2.50995,-1.20947,-1.07993,-1.16339,3.2946,2.02882,-1.05781,-1.86108,4.88353,5.48396,0.536,0.535473,-0.0163048,3.36267,22.1535
9.0442e+07,0.544306,-0.878579,9.47763,-5.28753,-5.2858,-2.81079,-5.24501,3.27292,-0.749807,1.18951,-0.784642,4.88353,4.94394,0.536,0.53547,-0.0287944,3.36308,22.1624
9.0462e+07,0.546461,-0.0380423,9.2558,-0.235081,-1.54534,-1.28966,-1.57391,3.37878,-4.78034,1.24091,-4.72683,5.00566,5.02827,0.536,0.535448,-0.0333259,3.36339,22.1418
9.05221e+07,0.169253,-0.295743,9.03491,-1.87448,4.31725,-1.5778,2.42507,1.07264,-2.475,-0.40955,-5.07264,4.86826,4.96023,0.536,0.535358,-0.0276299,3.36397,22.1535
9.0542e+07,-0.606941,0.229292,10.4847,1.25072,-6.53771,-0.589683,-6.45773,-3.31226,-3.5437,-0.326816,-3.50048,3.99803,4.05619,0.535,0.534482,-0.0254701,3.36423,22.13
9.0562e+07,-0.334762,0.354529,10.3019,1.96997,-10.614,0.0760726,-10.5911,-1.86009,-6.71927,-0.721929,-6.62751,5.18887,5.11253,0.535,0.534683,-0.0148642,3.36423,22.1388
9.0582e+07,0.104784,-0.305376,10.1841,-1.71745,-10.4919,-1.84057,-10.433,0.589233,-6.53607,0.763596,-6.48033,5.57055,5.48329,0.535,0.534576,-0.0075839,3.36406,22.1565
9.0602e+07,-0.489752,-0.435431,10.7969,-2.30707,0.698932,-2.10844,0.693697,-2.59506,-2.24599,-0.630424,-2.26686,4.66979,4.69679,0.535,0.534482,-0.00137251,3.3644,22.1182
9.0622e+07,0.525147,-0.673864,9.59669,-4.01064,12.6684,-2.99628,12.5708,3.12452,4.16622,2.53323,4.11718,7.58582,7.49766,0.535,0.534297,-0.0036047,3.36439,22.1006
9.0642e+07,0.477311,-0.389671,10.2857,-2.16726,6.97374,-1.92518,6.94723,2.65502,3.31126,1.17039,3.27668,6.51711,6.55713,0.538,0.535671,-0.000482793,3.36446,22.1565
9.0662e+07,0.109429,0.166673,9.83107,0.971221,-2.96519,-0.780761,-2.92627,0.637637,-2.23072,1.032,-2.17646,4.76139,4.84244,0.538,0.537457,0.00248722,3.36445,22.1535
9.0682e+07,-0.0387665,0.703749,9.49729,4.23784,-5.62168,0.713756,-5.623,-0.233232,-5.31469,0.268001,-5.2631,4.0133,3.98748,0.538,0.53766,-0.00467099,3.36368,22.1624
9.0702e+07,0.336285,0.12573,8.69593,0.827733,-5.80488,-1.37301,-5.79809,2.21438,-6.6124,1.14097,-6.57013,2.07437,2.16705,0.539,0.537818,-0.0128816,3.36387,22.1653
9.0722e+07,1.25559,0.176307,8.98962,1.11276,3.6913,-0.5308,3.54507,7.94962,-2.38339,3.00915,-2.42293,2.1965,2.15359,0.539,0.538206,-0.0187977,3.36406,22.1771
9.0742e+07,0.639808,-0.835227,9.28293,-5.12921,4.97374,-2.70662,4.95676,3.92695,0.166224,1.98356,0.0882649,0.257571,0.376749,0.539,0.538298,-0.0254415,3.36415,22.1447
9.0762e+07,-0.4014,-0.442656,10.0988,-2.50783,8.48519,-2.15642,8.45674,-2.27397,1.41813,-0.0860658,1.38064,0.0743654,0.129727,0.54,0.538635,-0.0287729,3.36398,22.1447
9.0842e+07,-0.630849,0.335262,9.32864,2.05358,-11.8812,0.454406,-11.7817,-3.86624,-8.6124,-2.2301,-8.5293,-4.62792,-4.63812,0.54,0.539278,-0.0558707,3.36465,22.1594
9.0862e+07,-0.00510443,-0.13197,10.3649,-0.729476,-12.7667,-2.1715,-12.6503,-0.0282143,-8.4292,0.643407,-8.36842,-6.918,-6.80303,0.54,0.538996,-0.0581304,3.36471,22.13
9.0882e+07,0.455659,0.190757,9.86642,1.10644,0.469924,-0.958889,0.385489,2.64371,-4.90248,1.37134,-4.88333,-6.13938,-6.0526,0.539,0.538825,-0.0601655,3.3651,22.1359
9.0902e+07,0.216816,0.402697,10.0901,2.28493,8.19512,-0.726317,8.0771,1.23,-1.34523,0.483929,-1.32483,-4.88747,-4.89716,0.539,0.538202,-0.0616891,3.36523,22.1359
9.0922e+07,0.180972,0.499034,9.60124,2.9748,4.92794,-0.0577758,4.85369,1.07837,6.22729,0.3054,6.14771,-3.7577,-3.76766,0.539,0.538299,-0.0583215,3.36526,22.1565
9.09421e+07,0.0500007,-0.796693,9.57554,-4.75604,-11.4232,-2.73287,-11.2733,0.298149,8.30363,0.438623,8.21498,-4.00197,-3.92157,0.537,0.537557,-0.0578594,3.36529,22.1476
9.0962e+07,0.47007,-0.110295,10.1485,-0.622006,-11.9423,-1.18426,-11.8988,2.65185,2.19676,0.789101,2.19335,-1.57449,-1.57771,0.537,0.53651,-0.0517889,3.36557,22.1388
9.1162e+07,-0.685633,-0.153646,10.2491,-0.856952,2.24092,-1.06867,2.27445,-3.82678,-0.826143,-1.51804,-0.733203,5.99803,5.98337,0.535,0.534594,-0.0190916,3.36484,22.1212
9.1182e+07,0.391129,0.400289,8.65833,2.6443,0.240916,0.309326,0.223956,2.58375,1.31126,0.946506,1.31837,6.16597,6.16117,0.535,0.534485,-0.0268774,3.36489,22.1124
9.12423e+07,-0.00490089,-0.864128,9.36654,-5.27101,2.56153,-2.39237,2.5764,-0.0298523,-2.10859,0.0792383,-2.13316,6.9904,6.99704,0.533,0.533461,-0.0411728,3.36925,22.1153
9.14442e+07,0.221477,0.814536,9.76079,4.76905,1.38595,0.45767,1.29794,1.29535,4.5937,0.3528,4.60288,10.7156,10.6304,0.531,0.530619,0.0189711,3.36556,22.1653
9.1465e+07,0.0978211,-1.02549,9.24511,-6.32917,-6.2171,-3.56517,-6.13184,0.60252,11.1128,0.303445,11.0163,8.83772,8.83442,0.531,0.530398,0.012434,3.36533,22.1447
9.14851e+07,-1.45668,-0.960465,10.4455,-5.20348,-8.82779,-2.94457,-8.65818,-7.90604,2.4563,-2.66153,2.49017,8.9904,8.94418,0.532,0.530815,0.0119734,3.36518,22.1535
9.15451e+07,0.171529,0.108871,9.27298,0.672545,10.7905,-2.53341,7.08403,1.05965,3.525,-0.734677,0.885671,5.31101,4.97352,0.535,0.532289,0.00302938,3.3622,22.1594
9.1566e+07,-0.0071421,-1.39157,9.97825,-7.93928,0.54626,-3.5858,0.59182,-0.0406173,11.9983,-0.272124,11.8679,4.57818,4.54987,0.535,0.534191,0.0111266,3.36238,22.1124
9.1586e+07,-0.472888,-0.970098,10.4969,-5.27482,-5.02626,-3.4451,-4.92283,-2.56851,11.2502,-1.40748,11.2166,2.45604,2.51193,0.535,0.534467,0.0200085,3.36247,22.1653
9.1606e+07,-0.467971,-1.47827,10.4272,-8.06106,-0.965191,-6.49475,-0.963081,-2.54428,6.47157,-1.42114,6.45873,1.26521,1.34521,0.538,0.534999,0.0321184,3.3618,22.1594
9.1626e+07,0.469948,0.328037,9.71468,1.93172,9.66076,-0.651514,9.53736,2.76795,1.08225,0.543955,1.11505,0.42551,0.514276,0.538,0.537463,0.0450574,3.36209,22.1359
9.1646e+07,-0.573433,-0.0524928,10.4795,-0.286569,9.8745,-1.58357,9.82208,-3.13204,-2.07805,-1.33653,-2.07052,0.852991,0.864022,0.538,0.537762,0.0517982,3.36084,22.13
9.1667e+07,-0.0501226,-1.39398,9.4607,-8.38177,8.31725,-4.4142,8.32191,-0.300306,1.99828,-0.612528,1.95142,0.623984,0.696858,0.54,0.538617,0.0497391,3.36092,22.1624
9.1687e+07,0.348675,-1.49513,8.65533,-9.79284,6.01191,-3.62684,6.04332,2.27325,8.63951,0.780656,8.51781,-0.658459,-0.643176,0.54,0.539485,0.0422759,3.36083,22.1741
9.1707e+07,-0.551851,-0.380037,10.2914,-2.11181,3.52336,-2.18978,3.52598,-3.06733,5.86088,-1.18224,5.81881,-3.13174,-3.09172,0.54,0.539673,0.0362567,3.36083,22.13
9.1727e+07,-0.482781,0.258193,9.44473,1.56388,1.79817,-1.0267,1.7566,-2.92512,-5.75744,-1.05845,-5.59029,-3.11647,-3.17345,0.546,0.543316,0.0343939,3.36117,22.1388
9.17473e+07,1.45393,-0.351136,8.16237,-2.42516,1.05008,-2.67837,0.99197,10.0908,-1.97118,4.02309,-2.01716,-6.12411,-6.02565,0.546,0.544651,0.0219857,3.35997,22.1447
9.1768e+07,1.16721,0.29191,8.91153,1.86026,1.75237,-0.403727,1.69424,7.45801,-4.13912,2.81514,-4.12921,-5.52869,-5.48933,0.546,0.545225,0.012219,3.35942,22.1829
9.1868e+07,-0.890814,-0.775017,10.1818,-4.33633,0.286718,-2.71518,0.29711,-4.98577,-2.21546,-1.83346,-2.20573,-6.99434,-7.08611,0.55,0.549282,0.00848574,3.35962,22.1741
9.1888e+07,0.195744,-1.10256,9.9548,-6.31892,-1.13313,-3.42953,-1.08012,1.11963,-2.74981,-0.302295,-2.72101,-8.75006,-8.72697,0.55,0.549304,0.0144447,3.35985,22.1506
9.1908e+07,-0.0431599,-0.671455,10.3047,-3.72809,-2.47664,-2.72811,-2.41006,-0.239467,-0.505532,-0.386711,-0.552962,-8.81113,-8.71708,0.552,0.550843,0.0247928,3.35998,22.1535
9.1928e+07,0.675647,-0.912296,9.70302,-5.35837,0.744733,-3.04355,0.747468,3.96579,2.5937,1.15217,2.46067,-7.58976,-7.53995,0.552,0.551515,0.0284472,3.35918,22.1418
9.1948e+07,-1.40178,-0.873762,11.4048,-4.34847,-0.0491601,-2.82706,0.0233776,-6.9869,-4.70401,-2.65632,-4.61421,-6.81113,-6.84913,0.552,0.551244,0.0326546,3.35934,22.1035
9.1968e+07,-0.647289,-0.652188,9.8589,-3.77662,1.12641,-2.84539,1.18449,-3.74821,-2.76507,-1.92753,-2.72476,-6.90273,-6.84441,0.557,0.554483,0.0404598,3.35925,22.1712
9.1988e+07,0.424568,0.366571,9.94271,2.10952,3.67603,-0.460401,3.60074,2.44347,1.61661,0.478526,1.5933,-5.46762,-5.49478,0.557,0.556667,0.0446021,3.35916,22.1359
9.2008e+07,-0.0480086,-0.408938,10.7444,-2.17964,-4.00336,-2.05892,-3.94475,-0.255825,2.4105,-0.340304,2.38202,-6.65846,-6.603,0.557,0.556982,0.0463844,3.35907,22.1329
9.2028e+07,-1.33994,-0.0139582,10.9266,-0.0726484,-7.27053,-1.40675,-7.20833,-6.99136,-5.14675,-2.89017,-5.01758,-6.00197,-6.04751,0.562,0.559662,0.0566643,3.35924,22.1476
9.2048e+07,1.04789,0.0269849,9.13439,0.16816,-4.62931,-1.0646,-4.65703,6.54429,-3.17729,1.79376,-3.16527,-6.55159,-6.51086,0.562,0.561474,0.0639005,3.35864,22.1476
9.20891e+07,-1.16562,-0.0308171,10.7174,-0.163783,-6.32397,-1.06487,-6.23432,-6.20703,-6.88721,-3.24401,-6.76138,-4.68899,-4.64914,0.569,0.567166,0.0974717,3.35732,22.1388
9.211e+07,1.01447,-0.0043245,9.481,-0.0259856,-2.76672,-0.726545,-2.80382,6.10741,0.608972,1.14961,0.559154,-0.887467,-0.924924,0.569,0.568922,0.110188,3.35733,22.1241
9.213e+07,-1.21083,-0.601611,11.944,-2.86882,-8.59878,-2.0813,-8.51391,-5.78133,1.4792,-2.05865,1.45764,-0.841665,-0.857425,0.569,0.569138,0.126419,3.35742,22.1329
9.21701e+07,0.923769,-0.144012,8.8873,-0.923383,-1.83542,-0.837677,-1.88109,5.93339,2.63951,1.61589,2.61249,1.95223,1.92453,0.575,0.575355,0.153393,3.35618,22.1006
9.2191e+07,-1.2444,-0.0934358,11.7431,-0.453336,-5.17893,-0.993861,-5.12977,-6.04882,-1.4979,-2.64376,-1.48336,1.34154,1.41327,0.575,0.575536,0.162775,3.3554,22.1418
9.2211e+07,0.489425,-1.01827,8.84116,-6.56004,-6.82779,-3.62173,-6.7555,3.14775,-3.74217,-0.142771,-3.74719,0.333907,0.394235,0.585,0.582609,0.176593,3.35499,22.1388
9.2231e+07,-0.035762,-1.5144,9.61245,-8.95305,-7.91176,-3.95001,-7.81384,-0.210564,-1.80324,-0.896431,-1.90087,3.35681,3.33775,0.585,0.5846,0.173875,3.35436,22.1065
9.2251e+07,0.823236,0.730242,9.42062,4.41567,-2.82779,0.696966,-2.88878,4.97934,-1.02462,0.744852,-1.06838,1.67742,1.80475,0.585,0.585423,0.170832,3.3535,22.1418
9.2271e+07,-1.32068,-0.594386,9.78835,-3.44382,-6.78198,-1.88958,-6.68042,-7.67017,-4.99408,-2.69399,-4.84147,2.80719,2.82675,0.602,0.597969,0.198719,3.35302,22.1712
9.2291e+07,1.02882,-0.0862106,8.27238,-0.592522,0.286718,-0.864914,0.266892,7.08897,3.15859,2.851,3.09252,3.2194,3.24029,0.602,0.602334,0.187348,3.35206,22.0976
9.2311e+07,-1.59801,0.655581,11.1273,3.33761,-1.01099,0.0274494,-1.02936,-8.15853,0.379964,-2.45819,0.473212,2.9904,2.96388,0.602,0.602263,0.174663,3.35114,22.1653
9.2331e+07,0.112101,-0.856903,9.80094,-4.99638,-9.72855,-2.91778,-9.6335,0.65282,5.67767,-1.30709,5.52388,1.92169,2.00356,0.614,0.61108,0.191536,3.35028,22.1476
9.2351e+07,-0.862202,-0.625695,10.7423,-3.3228,-15.698,-1.83035,-15.5467,-4.5811,-3.14675,-2.51386,-3.13339,3.05146,2.99168,0.614,0.614411,0.197329,3.34945,22.1447
9.2371e+07,-0.239095,-0.194589,9.75719,-1.14216,-9.04153,-1.29827,-9.00411,-1.40345,-10.1849,-0.535468,-9.96401,3.72322,3.69737,0.614,0.614984,0.193137,3.34867,22.1682
9.23911e+07,-1.41418,0.771185,12.3572,3.54798,1.90504,-1.06679,1.84027,-6.51609,-7.07042,-2.4834,-6.87296,3.81482,3.83904,0.629,0.625286,0.228491,3.34734,22.1065
9.2472e+07,1.3014,-1.40602,7.84504,-10.0267,-5.49954,-5.35622,-5.43916,9.27377,10.2731,2.43792,10.1799,6.44078,6.37683,0.643,0.642072,0.227204,3.34331,22.1447
9.2492e+07,-0.749829,-1.1435,9.58042,-6.78598,-8.88885,-3.66382,-8.77378,-4.44382,1.31126,-2.15233,1.35771,5.78429,5.7594,0.643,0.643169,0.213263,3.34191,22.1124
9.2512e+07,-1.91285,-0.620878,10.8264,-3.23229,-4.82779,-2.77434,-4.76696,-10.0038,-3.37576,-3.90654,-3.36816,5.95223,5.88706,0.661,0.656335,0.232923,3.3415,22.1565
9.2572e+07,-1.15319,-1.80582,9.13098,-11.101,2.63786,-5.53219,2.70727,-7.06265,2.44103,-3.70947,2.42503,3.98276,3.93086,0.675,0.67035,0.19447,3.33825,22.1418
9.25922e+07,-1.88636,-1.45419,10.1935,-7.9852,-2.65985,-4.38734,-2.55231,-10.3815,5.15859,-4.8732,5.11039,3.92169,3.88277,0.675,0.6737,0.1845,3.33702,22.1594
9.2613e+07,-1.11994,-1.15314,10.5969,-6.17627,-7.86595,-3.19181,-7.76278,-5.99781,-1.84904,-1.57704,-1.68824,2.71559,2.79302,0.675,0.674212,0.16774,3.33593,22.1476
9.2633e+07,-1.05313,-0.991774,10.0415,-5.61008,-9.46901,-3.46325,-9.37548,-5.95835,-8.07805,-0.395143,-7.8062,0.120167,0.197404,0.688,0.684836,0.180326,3.33565,22.18
9.2653e+07,-0.838318,-0.644963,8.96162,-4.09861,-2.11023,-3.73797,-2.11076,-5.33049,-12.9941,0.451815,-12.6621,0.486579,0.522881,0.688,0.685643,0.153535,3.33446,22.1594
9.26731e+07,-2.09938,0.366571,10.5788,1.94666,9.47756,-5.18542,7.49764,-11.218,-6.5666,1.66114,-9.47939,0.288106,2.15162,0.688,0.679648,0.0923742,3.33207,22.1624
9.26931e+07,-0.943621,0.210024,9.72521,1.23138,14.8211,-0.993418,14.7288,-5.54068,-4.87194,-2.26331,-4.89063,-0.704261,-0.598904,0.699,0.695988,0.113763,3.33148,22.1447
9.27133e+07,-0.365696,-0.0332255,9.89289,-0.192297,4.83634,-1.73171,4.86696,-2.11699,-3.42156,-1.10563,-3.44379,-1.20808,-1.09219,0.699,0.69829,0.105027,3.33134,22.1653
9.2734e+07,-0.355958,-0.705173,10.1696,-3.9642,-9.46901,-2.94657,-9.32645,-1.99986,0.593705,-1.78411,0.5195,-2.09357,-1.96904,0.699,0.698134,0.0937709,3.33079,22.1329
9.2754e+07,-0.661517,-1.00863,8.95614,-6.40822,-14.0339,-3.83491,-13.9348,-4.19786,-0.536066,-2.6553,-0.473912,-0.200444,-0.311484,0.708,0.705875,0.112269,3.3306,22.1359
9.27744e+07,-1.02703,-0.370403,9.11892,-2.31143,-7.69802,-3.09216,-7.666,-6.4207,2.02882,-2.71217,2.05272,0.517113,0.433267,0.708,0.706957,0.0954745,3.33009,22.13
9.2795e+07,-0.059996,-0.235532,8.28257,-1.62884,3.46229,-3.34358,3.41089,-0.414855,4.77691,-0.538328,4.7185,-1.20808,-1.2003,0.708,0.706798,0.0672577,3.3301,22.1359
9.2815e+07,-0.372875,0.022168,9.06201,0.140042,13.7218,-1.84856,13.5828,-2.35622,-9.55897,-2.9222,-9.38383,-1.14701,-1.13052,0.72,0.716815,0.0730585,3.32987,22.1212
9.2835e+07,-0.599634,-0.286109,8.92638,-1.83169,13.5386,-2.01645,13.4797,-3.84113,-13.4826,1.03102,-13.1593,-1.92563,-1.86363,0.72,0.717832,0.0411859,3.32939,22.1535
9.2855e+07,-0.76428,-0.700356,9.27012,-4.30593,1.81344,-2.40353,1.88713,-4.69979,-11.4216,0.6734,-11.1476,-3.0096,-2.9685,0.72,0.717719,0.010571,3.32843,22.18
9.2875e+07,-0.938437,-1.25911,9.84394,-7.25641,-13.4232,-3.40203,-13.2347,-5.40189,-6.32233,0.0521371,-6.1651,-3.31495,-3.296,0.722,0.71945,-0.0132961,3.32802,22.1624
9.28951e+07,0.183338,0.576103,8.03675,4.09909,-10.4614,-0.939616,-10.4513,1.30349,3.37233,-0.904058,3.2769,-1.71189,-1.81264,0.722,0.719947,-0.0349752,3.32806,22.1859
9.2915e+07,1.30565,0.465316,7.70083,3.40931,0.0271758,-0.41862,-0.0756662,9.60563,2.12042,3.681,2.03706,-3.78823,-3.75993,0.722,0.719751,-0.0568034,3.32716,22.1329
9.2935e+07,1.59,-0.22349,8.43312,-1.4918,11.0806,-2.25296,10.9361,10.6737,-6.33759,4.18259,-6.23997,-5.48289,-5.44145,0.724,0.721414,-0.0614939,3.32732,22.1594
9.2955e+07,-0.931359,-0.948423,10.4807,-5.15055,12.7905,-3.88019,12.7289,-5.05764,-12.3987,-0.299126,-12.2105,-3.58976,-3.63419,0.724,0.72155,-0.0578054,3.32748,22.1594
9.2975e+07,1.17677,0.246151,7.95701,1.75283,9.6455,-0.717259,9.58717,8.4086,-1.98645,5.5293,-2.07679,-4.85693,-4.83146,0.724,0.721366,-0.0758402,3.32712,22.1653
9.2995e+07,0.386763,-1.07366,8.56813,-7.13523,-8.61405,-3.74219,-8.45731,2.56453,-3.92538,1.33536,-3.88714,-4.16991,-4.11112,0.718,0.717082,-0.0950051,3.32762,22.1594
9.3015e+07,0.0859288,-1.19408,8.2548,-8.23047,-12.5835,-5.25176,-12.4617,0.590259,-2.23072,0.239988,-2.16081,-3.08594,-3.08335,0.718,0.715694,-0.112906,3.32785,22.1624
9.3035e+07,-0.984459,1.0915,10.2965,6.02392,-1.88122,-0.546589,-1.9239,-5.43127,-5.66584,-1.15433,-5.47641,-1.8951,-1.91037,0.718,0.714936,-0.123776,3.32848,22.1447
9.3055e+07,0.806803,-0.2837,7.62884,-2.11793,7.6913,-1.38117,7.58865,6.03286,4.21203,2.66865,4.12539,-2.21571,-2.33304,0.717,0.715414,-0.136406,3.329,22.1653
9.3075e+07,0.0162201,0.465316,9.34017,2.85205,8.50046,-0.14102,8.42753,0.0993762,-2.76507,0.601259,-2.70145,-3.8035,-3.68811,0.717,0.715507,-0.141318,3.32992,22.1418
9.3095e+07,-0.372325,-1.95514,8.565,-12.8469,0.592061,-6.5228,0.6901,-2.42677,-4.00172,-0.752194,-3.97999,-2.42945,-2.40691,0.717,0.713519,-0.155054,3.33045,22.1329
9.3115e+07,0.0685919,1.04334,9.61883,6.1904,3.72183,-0.172496,3.64076,0.406187,-8.70401,0.812799,-8.58767,-1.13174,-1.11244,0.709,0.707257,-0.176343,3.33078,22.1741
9.3135e+07,-0.561463,-0.160871,9.2257,-0.997139,-3.89649,-1.97579,-3.85986,-3.48212,-6.03225,-1.33826,-5.94063,-1.11647,-1.1098,0.709,0.70717,-0.174241,3.33153,22.1476
9.3175e+07,-0.310859,0.267826,9.47546,1.61818,1.59969,-0.983509,1.53715,-1.87826,5.79981,-0.459352,5.77463,2.42551,2.29566,0.697,0.696796,-0.189608,3.33206,22.1565
9.3195e+07,-0.413482,0.0727447,9.43013,0.441551,9.14168,-0.440772,9.06349,-2.51056,4.3647,-1.63604,4.36231,3.29574,3.26378,0.697,0.695075,-0.190732,3.33282,22.1182
9.3215e+07,0.871552,-1.27838,8.33233,-8.6759,11.844,-5.16031,11.7937,5.90278,5.11279,2.68482,5.05051,3.66215,3.7235,0.697,0.693858,-0.198556,3.33405,22.1153
9.3295e+07,0.799337,0.804902,9.27593,4.9411,-1.22473,-0.363495,-1.33136,4.90685,2.15096,1.20176,2.13785,7.18887,7.12606,0.674,0.672999,-0.227131,3.33699,22.1447
9.3315e+07,-0.714051,-1.00382,10.1409,-5.63923,3.85924,-3.3473,3.86805,-4.00818,7.87615,-0.640287,7.78792,7.18887,7.21106,0.674,0.671437,-0.226885,3.33827,22.1594
9.3335e+07,-0.329865,-0.0813937,9.2375,-0.504512,15.2638,-1.93494,15.1505,-2.04505,6.33416,-1.207,6.35538,8.83772,8.80193,0.674,0.671586,-0.22089,3.33956,22.1565
9.3355e+07,-0.513761,0.0342101,8.78674,0.222693,8.8058,-1.44088,8.79137,-3.34625,4.02882,-0.724755,4.07094,7.60108,7.63936,0.662,0.661569,-0.247348,3.34046,22.1418
9.3375e+07,0.943121,-1.03994,9.04967,-6.52038,-1.66748,-3.77213,-1.62475,5.91104,6.5479,2.37777,6.40981,7.29574,7.30588,0.662,0.659336,-0.245602,3.34055,22.1506
9.33952e+07,-0.78836,0.0269849,10.3611,0.148793,-5.34687,-2.02173,-5.31244,-4.35116,-3.75744,-0.826314,-3.68414,6.63925,6.66533,0.662,0.659134,-0.23191,3.33886,22.1653
9.3496e+07,-0.81226,0.104054,11.7359,0.506777,4.97374,-0.845882,4.92985,-3.95906,-3.10095,-2.53776,-3.04686,10.0896,10.0356,0.634,0.63188,-0.20606,3.343,22.1476
9.3517e+07,0.00708786,-1.04235,10.1569,-5.85948,2.25618,-3.9434,2.30245,0.0397743,-2.90248,0.0591379,-2.92175,10.1965,10.2944,0.634,0.631688,-0.180468,3.34415,22.1418
9.35371e+07,-0.000427173,0.222066,10.6836,1.19076,3.84397,-1.42685,3.83434,-0.00229042,-2.12385,0.0842746,-2.10902,11.4942,11.4789,0.621,0.620252,-0.199686,3.34515,22.1565
9.3557e+07,0.393508,0.434007,9.47275,2.62099,5.41649,-0.17634,5.32598,2.37627,5.12806,1.3632,5.0661,12.2881,12.3729,0.621,0.619264,-0.193812,3.34618,22.1359
9.3577e+07,0.548747,0.328037,9.4487,1.98503,4.57679,0.114774,4.54102,3.3218,6.4563,2.19347,6.38648,13.6622,13.6466,0.621,0.619139,-0.185182,3.34742,22.1418
9.35971e+07,0.84277,-0.820777,9.26141,-5.04378,4.95847,-1.39831,4.29452,5.17929,12.0288,-0.695715,5.74563,14.4255,15.2464,0.608,0.608362,-0.21047,3.34581,22.1535
9.36971e+07,-0.222248,-0.671455,9.15098,-4.19533,-6.76672,-1.26989,-2.04157,-1.38753,-1.5895,1.76182,-3.29906,11.7996,10.9339,0.597,0.594777,-0.21397,3.34983,22.1565
9.3718e+07,-0.831071,-0.946014,10.1577,-5.30312,-6.15603,-2.75769,-6.02706,-4.65726,0.807445,-1.20792,0.80001,11.6774,11.6614,0.587,0.585801,-0.230142,3.35072,22.1506
9.3738e+07,0.606355,-0.750933,9.15489,-4.679,10.4394,-3.18305,10.3033,3.77668,8.89905,1.83755,8.78826,12.5324,12.4671,0.587,0.584699,-0.222991,3.35206,22.1388
9.3758e+07,0.0595206,-0.683497,10.1598,-3.8487,15.615,-2.44654,15.5141,0.334904,11.5097,0.882917,11.3987,11.4789,11.4809,0.587,0.584956,-0.209226,3.35318,22.1653
9.3778e+07,-0.695223,-0.0139582,11.1254,-0.0717443,9.55389,-1.89152,9.52626,-3.57573,4.85325,-0.529626,4.86347,10.9293,10.9678,0.573,0.572132,-0.234682,3.35457,22.1388
9.3798e+07,0.752083,-1.00141,9.54848,-5.96872,1.85924,-4.83551,1.87274,4.47912,-1.28416,3.07042,-1.24546,10.5782,10.5654,0.573,0.569959,-0.227154,3.35421,22.1712
9.3818e+07,0.410545,-0.72444,10.9025,-3.79886,-5.3774,-2.87677,-5.33753,2.15176,-10.933,1.34903,-10.8673,9.02093,9.07778,0.573,0.570775,-0.199848,3.35555,22.1359
9.3838e+07,0.279188,-0.632921,11.0334,-3.28208,-7.1942,-2.69661,-7.15937,1.44712,-11.9559,0.677689,-11.9126,8.80719,8.83669,0.561,0.560242,-0.20289,3.35674,22.1535
9.3858e+07,0.303184,-1.0568,11.0517,-5.46018,-1.69802,-3.98338,-1.69822,1.56429,-5.26889,0.837431,-5.28323,9.83009,9.90578,0.561,0.558951,-0.172408,3.35745,22.1329
9.3878e+07,-0.000359549,-0.0211834,10.6903,-0.113534,13.1111,-0.707989,12.9808,-0.00192703,3.35706,-1.81865e-05,3.29447,11.8759,11.8377,0.561,0.559586,-0.141498,3.35813,22.1065
9.3898e+07,0.730436,-0.440247,10.1762,-2.47086,16.3631,-2.2073,16.2675,4.10176,12.38,2.03459,12.2447,11.3568,11.3569,0.55,0.549463,-0.149814,3.35809,22.1918
9.3918e+07,0.599124,-0.507683,10.359,-2.80108,5.41649,-1.58526,5.45738,3.30611,11.8303,2.16008,11.7181,12.7003,12.6566,0.55,0.548516,-0.132776,3.35856,22.1535
9.3938e+07,-0.176714,-1.26392,10.3062,-6.99064,-9.05679,-3.34783,-8.8834,-0.975013,3.96775,0.576564,3.93774,11.8301,11.8254,0.55,0.548412,-0.11972,3.35918,22.1565
9.3958e+07,0.99303,-0.194589,9.03911,-1.22587,-6.20183,-2.38754,-6.22056,6.26789,-0.978814,2.00684,-1.01222,11.7232,11.7769,0.546,0.544368,-0.120409,3.36028,22.1094
9.3978e+07,0.515693,-1.02549,10.0187,-5.83662,-2.3545,-3.32602,-2.32062,2.93129,-4.30706,1.20027,-4.34716,13.0362,13.0598,0.546,0.544497,-0.107431,3.36089,22.1418
9.3998e+07,-0.105106,-1.16759,9.92409,-6.70974,3.05008,-4.0675,3.10619,-0.60264,-6.5666,0.361672,-6.55479,12.6698,12.772,0.546,0.544398,-0.101123,3.36131,22.1418
9.4018e+07,-0.267646,-0.565485,9.95131,-3.25117,7.23328,-2.92201,7.23663,-1.53815,-5.28416,-0.417437,-5.24084,15.1736,15.1775,0.537,0.536446,-0.120132,3.36162,22.1447
9.4038e+07,-0.31767,-1.00141,9.94591,-5.74656,6.8516,-3.9537,6.87538,-1.82019,1.26546,-0.313463,1.24985,16.395,16.2996,0.537,0.534699,-0.119146,3.36175,22.1329
9.4058e+07,-0.0192427,-0.811143,10.4327,-4.44581,1.8745,-3.01642,1.93291,-0.105362,6.3189,0.568634,6.27073,15.2499,15.1857,0.537,0.535541,-0.111754,3.36272,22.1359
9.4078e+07,-0.0216626,-0.695539,10.1076,-3.93651,-6.14076,-2.52914,-6.04713,-0.122507,7.15859,0.517194,7.10595,14.9293,14.9188,0.536,0.534806,-0.109319,3.36363,22.1418
9.4098e+07,-0.468238,-0.517317,10.7825,-2.74421,-9.27053,-2.23501,-9.19053,-2.48369,1.55554,-0.111203,1.58421,14.7003,14.6905,0.536,0.534791,-0.103999,3.364,22.1418
9.4118e+07,0.224349,-0.926747,9.56331,-5.53354,-6.38504,-3.06722,-6.30795,1.33761,-2.00172,0.607542,-2.01965,13.082,13.1475,0.536,0.534713,-0.100601,3.36435,22.1594
9.4138e+07,-0.215128,-0.514908,10.0297,-2.93822,2.46992,-2.02135,2.50083,-1.22714,-6.27652,-0.15939,-6.2392,13.4179,13.4613,0.531,0.530399,-0.110065,3.36484,22.1153
9.4218e+07,-0.1984,-0.563076,10.21,-3.15603,-14.8736,-2.83558,-14.7169,-1.11153,-3.69637,-0.0425284,-3.64149,16.2423,16.2689,0.527,0.525763,-0.0954511,3.36651,22.1476
9.4238e+07,-0.205772,0.188349,10.0308,1.07549,-10.0034,-1.09845,-9.93827,-1.17499,-2.49026,-0.242812,-2.42509,15.8148,15.7976,0.527,0.525906,-0.0876997,3.36656,22.1388
9.4258e+07,-0.153055,-0.473965,10.5877,-2.56292,-1.31634,-2.68093,-1.32534,-0.827384,-2.70401,0.60216,-2.65533,13.9522,13.9664,0.521,0.520388,-0.0981215,3.36729,22.1418
9.4278e+07,0.126122,0.246151,10.1161,1.39377,4.11878,-0.649896,4.03574,0.714083,-7.23836,0.188408,-7.12529,14.8072,14.7825,0.521,0.520044,-0.0896536,3.36756,22.1565
9.4298e+07,0.646676,0.226883,9.82833,1.31956,2.98901,0.0228188,2.92059,3.76347,-8.76507,1.31184,-8.68095,14.4102,14.3504,0.521,0.520117,-0.0790171,3.36739,22.13
9.43182e+07,0.422292,-0.0356339,9.63579,-0.21168,-1.98809,-0.236411,-1.98451,2.50939,-6.62767,1.36649,-6.60434,13.6774,13.649,0.519,0.518439,-0.072719,3.36731,22.1535
9.4338e+07,0.527225,0.441232,9.9,2.54831,-4.79725,0.491065,-4.85252,3.04539,-4.53607,1.85568,-4.50777,12.9446,13.0075,0.519,0.517802,-0.0708665,3.3669,22.1212
9.4418e+07,0.205113,-0.445064,9.49524,-2.683,-7.30107,-1.54154,-7.28128,1.23613,-10.0628,0.674543,-9.99539,13.2347,13.1932,0.516,0.515463,-0.0369161,3.36634,22.1418
9.4439e+07,-0.12434,-0.695539,10.4211,-3.81819,-9.72855,-1.77429,-9.61463,-0.682079,-8.03225,0.661519,-7.99536,15.2499,15.0568,0.519,0.51822,-0.015966,3.36699,22.1418
9.4459e+07,-0.284384,-0.483599,11.0958,-2.49477,-7.34687,-1.47233,-7.24953,-1.46677,-5.60477,0.435288,-5.58558,12.624,12.6495,0.519,0.518644,-0.00116643,3.36719,22.1476
9.4479e+07,0.016285,0.2317,10.8759,1.22044,-4.99572,-0.233146,-4.9921,0.0857722,-6.96355,0.0995522,-6.90469,14.1202,14.1753,0.519,0.518894,0.0150469,3.36577,22.1624
9.4499e+07,-0.513727,-0.0862106,11.4433,-0.431207,-9.34687,0.0235136,-9.23427,-2.57039,-5.37576,0.747369,-5.34476,14.9293,14.961,0.516,0.516021,0.0196052,3.36586,22.1359
9.462e+07,1.24387,-0.630512,8.89337,-4.01634,7.93557,-2.64634,7.80786,7.94237,-3.29943,3.17018,-3.34753,18.5171,18.5198,0.527,0.525776,0.0386763,3.36079,22.1565
9.4641e+07,-0.136373,-0.355953,9.80908,-2.07804,1.44702,-1.91365,1.46652,-0.795995,-7.81851,0.277901,-7.72919,18.227,18.1685,0.527,0.526625,0.0255718,3.36071,22.1565
9.46611e+07,0.949843,0.547202,8.537,3.64508,-4.56824,-1.70585,-6.93116,6.33583,-3.91011,-1.83486,-5.26773,17.6011,17.4106,0.527,0.526613,0.0188732,3.35987,22.1359
9.4681e+07,0.262598,-1.08089,9.23063,-6.67611,-19.1942,-2.57667,-19.0099,1.61849,2.86851,0.594915,2.75494,16.166,16.1722,0.53,0.529534,0.0174148,3.36026,22.13
9.4701e+07,-0.919572,-0.404121,10.332,-2.23109,-17.8354,-1.68411,-17.7167,-5.08218,-2.32233,-1.96463,-2.23742,17.2499,17.1722,0.53,0.529785,0.0187746,3.36062,22.1241
9.47211e+07,-0.468469,0.313586,10.81,1.66007,-4.93466,-2.35538,-9.59635,-2.48042,-0.00171518,1.09913,4.80616,15.5553,15.2579,0.53,0.529681,0.0193034,3.35911,22.1447
9.4741e+07,0.985773,0.142589,9.87064,0.823527,1.59969,-0.136239,1.51854,5.70258,4.22729,2.08674,4.1608,14.9751,14.9737,0.535,0.534642,0.0386698,3.35937,22.1329
9.4761e+07,-0.0433681,0.0775616,10.2893,0.431889,-1.36214,-0.0801363,-1.33054,-0.241487,-0.307059,-0.189195,-0.291879,14.4408,14.5229,0.535,0.535209,0.047135,3.35961,22.1241
9.48411e+07,0.630128,-0.372812,8.40522,-2.53258,-0.201832,-0.693871,-1.32766,4.28317,5.93722,-2.01316,2.65963,11.8759,12.0517,0.539,0.538754,0.0442671,3.35911,22.1418
9.48611e+07,0.353099,-0.230715,9.03486,-1.46168,5.14168,-1.29914,5.08151,2.23736,9.75401,0.62909,9.62882,11.7843,11.7441,0.545,0.544743,0.0494789,3.35852,22.1418
9.4881e+07,-0.998497,0.051069,9.6704,0.300974,2.22565,-0.741539,2.28131,-5.89499,2.74638,-1.57793,2.81153,9.15833,9.17558,0.545,0.544697,0.0354673,3.35864,22.1506
9.4901e+07,0.286319,-0.514908,8.21298,-3.58526,1.6913,-0.932421,1.86082,1.99271,4.83798,-0.586514,1.92085,8.73085,7.31531,0.545,0.54468,0.0235863,3.35858,22.1359
9.4921e+07,0.489284,-0.5125,9.55424,-3.06645,-7.40794,-1.73194,-7.34985,2.92742,-1.75744,1.17841,-1.74384,5.55528,5.65527,0.552,0.55151,0.0283561,3.35793,22.1271
9.4942e+07,0.030819,-0.5125,9.1534,-3.20463,-10.6904,-2.20285,-10.6273,0.192609,-3.13149,-0.00828234,-3.09104,3.70795,3.76753,0.552,0.551783,0.0151816,3.35782,22.1241
9.4962e+07,0.964504,-0.654596,7.94863,-4.67375,-4.43084,-2.71197,-4.4311,6.89546,4.79218,2.40356,4.68523,5.05146,4.996,0.554,0.552128,0.000761276,3.35797,22.1271
9.4982e+07,-0.34898,-0.0356339,10.42,-0.195828,4.8516,-1.20266,4.82231,-1.9182,6.25783,0.201169,6.20344,1.76902,1.87836,0.554,0.553374,-0.00280231,3.35828,22.1388
9.5002e+07,-0.482585,-0.447473,9.37,-2.73052,9.44702,-3.45248,9.36892,-2.94496,6.28836,-1.29883,6.26159,1.28047,1.27214,0.554,0.552829,-0.0172342,3.35824,22.1271
9.5022e+07,0.768219,1.07946,9.49008,6.46832,10.4699,1.77133,10.317,4.59846,3.32653,1.5952,3.29794,-0.444719,-0.370811,0.557,0.554292,-0.0176424,3.35836,22.1653
9.5042e+07,-0.312934,-0.859311,10.1028,-4.85936,-8.33924,-2.17677,-8.24037,-1.76778,-2.00172,-0.769096,-1.99207,-0.0172377,-0.0746881,0.557,0.556269,-0.00971674,3.35857,22.1212
9.5062e+07,-0.804815,-0.90748,10.0913,-5.12243,-18.8125,-2.62415,-18.5912,-4.54163,-6.26126,-1.88209,-6.16391,-1.71189,-1.60581,0.557,0.556491,-0.0056108,3.35868,22.1271
9.5082e+07,-1.27999,-0.936381,10.7944,-4.92348,-13.2705,-1.63413,-13.1041,-6.7374,-3.81851,-1.47711,-3.75378,-1.42182,-1.44809,0.553,0.554802,-0.00877306,3.35879,22.1329
9.5102e+07,-0.012288,-0.059718,8.57485,-0.39902,5.34015,-0.986473,5.23703,-0.0821047,1.61661,0.190962,1.61835,-0.521055,-0.540393,0.553,0.552857,-0.0195622,3.35923,22.1653
9.5122e+07,1.16024,-0.408938,9.21669,-2.52064,13.844,-2.1204,13.7254,7.16793,7.98302,2.70512,7.87767,-1.7577,-1.73498,0.553,0.552191,-0.0250484,3.35931,22.1506
9.51421e+07,-0.100554,-0.363178,10.2222,-2.03468,8.14931,-1.85499,8.16774,-0.563236,9.14332,0.451701,9.04346,-3.26915,-3.1997,0.555,0.553179,-0.0233067,3.35921,22.1182
9.5162e+07,0.226548,-0.245166,10.006,-1.40321,-0.0186257,-1.35516,0.0326304,1.29663,7.32653,0.375966,7.22835,-5.58976,-5.50785,0.555,0.554512,-0.0158901,3.3598,22.1388
9.5182e+07,-1.51637,-0.974915,10.6141,-5.19547,-10.5072,-3.20794,-10.3474,-8.09683,-2.64294,-2.82414,-2.57302,-4.29205,-4.37014,0.555,0.553979,-0.0172422,3.35917,22.1182
9.5202e+07,0.443851,-0.281292,9.28399,-1.73347,-3.82015,-1.90672,-3.85684,2.73587,-4.49026,1.01568,-4.43771,-6.03251,-6.07508,0.555,0.55438,-0.0185882,3.35942,22.1241
9.5222e+07,0.352936,0.354529,9.47028,2.14244,1.72183,-0.328948,1.65701,2.13281,0.105155,0.225578,0.0728575,-7.46762,-7.48798,0.555,0.554524,-0.0195967,3.35941,22.1447
9.5342e+07,-0.768984,-0.958056,10.8438,-5.03641,-0.598778,-2.6857,-0.524512,-4.04062,-2.26126,-1.24763,-2.22967,-10.2157,-10.1942,0.555,0.554222,-0.00907078,3.35813,22.1329
9.54421e+07,0.383838,0.857888,9.46631,5.17408,13.3707,-3.57873,6.43793,2.31248,3.26546,-0.946645,3.04717,-8.81113,-9.11889,0.554,0.553342,-0.00109633,3.35682,22.1418
9.5463e+07,-0.587867,0.335262,10.1738,1.88426,5.7829,-1.03315,5.70509,-3.30521,-6.32233,-0.653359,-6.19567,-8.67373,-8.78265,0.555,0.554325,-0.00136714,3.35719,22.1124
9.5483e+07,0.949935,0.21725,8.43675,1.4658,-1.43847,-0.573155,-1.45979,6.42204,-1.43683,2.38958,-1.43708,-10.0936,-10.1618,0.555,0.554131,-0.0115867,3.35745,22.1565
9.5503e+07,0.197786,0.142589,9.25877,0.882107,-1.31634,-0.916,-1.36755,1.22362,5.02119,0.234903,4.92235,-11.4524,-11.4754,0.556,0.55492,-0.0164044,3.3577,22.1535
9.5523e+07,0.34867,-1.47827,8.8263,-9.50066,0.332519,-4.52325,0.354362,2.23116,6.30363,0.804126,6.24348,-13.5287,-13.4802,0.556,0.554728,-0.0232285,3.35803,22.1329
9.5543e+07,1.04565,-0.498049,8.2812,-3.4147,10.8516,-2.27709,10.7215,7.18367,2.65477,3.22002,2.6307,-12.3989,-12.4436,0.556,0.554574,-0.0317714,3.35808,22.1359
9.5563e+07,0.374607,-0.293334,9.75413,-1.72126,9.76763,-1.4475,9.7151,2.19837,3.46393,0.682916,3.35768,-13.8951,-13.8018,0.556,0.555389,-0.0303832,3.35814,22.1535
9.5743e+07,-0.189291,1.02889,10.1532,5.78536,-0.0491601,0.850849,-0.142997,-1.06262,-7.48263,-0.983204,-7.36449,-3.9867,-4.02957,0.556,0.555758,-0.0423077,3.35531,22.1506
9.5764e+07,-0.85533,0.421965,10.9482,2.2005,-2.55298,-1.34233,-2.55632,-4.46387,-6.5666,-1.45258,-6.4513,-4.15464,-4.17598,0.556,0.554887,-0.0438423,3.35601,22.1594
9.5864e+07,-0.594813,-0.447473,10.1868,-2.51092,-2.96519,-1.71111,-2.8975,-3.33852,-4.21546,-1.35156,-4.19532,-4.38365,-4.41624,0.554,0.554103,-0.0319513,3.35613,22.1447
9.5885e+07,0.228711,0.561653,10.1901,3.15401,-4.2171,-0.0419366,-4.21905,1.28381,-6.03225,-0.503995,-5.97921,-5.8493,-5.78032,0.554,0.553393,-0.0319873,3.35552,22.1329
9.5905e+07,-0.272657,0.279868,9.88619,1.62094,-4.06443,0.139475,-4.09683,-1.57916,-1.22309,-0.895572,-1.22004,-5.04014,-5.06428,0.554,0.553602,-0.0234307,3.35603,22.1418
9.5925e+07,-0.0888496,0.482175,10.3375,2.67044,-1.27053,-0.132882,-1.32532,-0.491905,4.77691,-0.502502,4.73379,-5.43709,-5.39787,0.556,0.555093,-0.0135088,3.35619,22.1506
9.5945e+07,-0.196134,-0.124745,9.31091,-0.767418,4.69893,-1.34672,4.63646,-1.20664,2.99065,-0.554658,3.03513,-3.7577,-3.82494,0.556,0.555604,-0.0133447,3.3565,22.1124
9.5965e+07,0.408284,-1.18204,8.78636,-7.6539,8.6684,-4.17163,8.60962,2.63678,8.05935,0.686471,7.94588,-4.9638,-4.96981,0.556,0.554942,-0.0181113,3.35689,22.1418
9.5985e+07,0.48453,-0.589569,8.386,-4.01483,8.8974,-2.83307,8.84893,3.29866,4.27309,1.6139,4.23765,-4.62792,-4.63405,0.557,0.556039,-0.0222296,3.35725,22.1241
9.6005e+07,0.386569,-0.37522,9.23641,-2.32428,2.37832,-2.24423,2.35731,2.39461,2.5021,1.1515,2.43955,-5.46762,-5.45727,0.557,0.556346,-0.0274997,3.35726,22.1476
9.60854e+07,0.579801,0.282277,9.50321,1.69822,7.46229,-0.593775,7.35026,3.48982,2.80745,0.999098,2.80752,-6.7806,-6.72765,0.558,0.557277,-0.0473843,3.35693,22.1506
9.6106e+07,0.245467,0.412331,9.5037,2.48347,12.1951,-0.0995429,12.0584,1.47815,5.41813,0.420074,5.3415,-7.0096,-6.96556,0.557,0.556558,-0.0509792,3.35721,22.1271
9.6126e+07,-0.133769,-1.13628,9.37097,-6.91297,5.15695,-3.29308,5.16003,-0.811884,0.914315,-0.0727231,0.9259,-6.41418,-6.45319,0.557,0.556129,-0.0486412,3.35789,22.1594
9.6146e+07,-0.0790659,-0.353544,9.19648,-2.20148,-1.95756,-2.41554,-1.97069,-0.492219,-2.26126,-0.335271,-2.21699,-5.74243,-5.83993,0.557,0.555729,-0.0505243,3.35804,22.13
9.6166e+07,0.809283,-0.613653,8.83679,-3.95591,-8.1713,-2.39011,-8.12452,5.22011,0.34943,2.03003,0.311256,-6.47525,-6.50102,0.555,0.554576,-0.0525028,3.35615,22.1829
9.6187e+07,-0.095827,-0.187364,10.3483,-1.03723,-7.25527,-1.52291,-7.19614,-0.530468,1.87615,-0.199383,1.81205,-7.25388,-7.1817,0.555,0.554316,-0.0486558,3.35638,22.1388
9.6207e+07,-0.984177,0.0775616,10.7531,0.411545,-0.888855,-0.997431,-0.874555,-5.2293,-3.22309,-1.52565,-3.13368,-5.72716,-5.74286,0.555,0.554231,-0.0474462,3.35694,22.1359
9.6227e+07,-0.566126,-0.565485,10.6781,-3.02717,6.07298,-2.27115,6.04713,-3.03061,1.29599,-0.370938,1.29242,-4.47525,-4.47725,0.556,0.554962,-0.0396639,3.35714,22.1388
9.6247e+07,-1.05572,-0.2548,10.33,-1.40565,3.6913,-2.03679,3.75634,-5.83358,1.96775,-2.29541,2.01116,-4.10884,-4.09987,0.556,0.555041,-0.0407888,3.35664,22.1359
9.62673e+07,0.429501,-0.199406,9.00872,-1.26658,2.11878,-1.74019,2.08616,2.72891,5.31126,1.06785,5.27457,-4.55159,-4.50846,0.556,0.555139,-0.0440166,3.36909,22.1447
9.6368e+07,0.162019,-0.0404507,9.40571,-0.246371,9.50809,-1.08508,9.38439,0.986848,3.18912,0.348881,3.13278,-2.49052,-2.54487,0.554,0.553205,-0.060796,3.36586,22.1506
9.6388e+07,-0.468082,-1.08089,9.661,-6.37636,0.897405,-3.03266,0.971917,-2.75668,-1.37576,-0.367453,-1.33474,-2.24625,-2.3129,0.554,0.553014,-0.0626998,3.36586,22.1418
9.6508e+07,0.0162649,0.303952,10.2872,1.6924,4.65313,-0.00912417,4.56682,0.0905497,-3.46736,0.525883,-3.41592,1.1278,1.08768,0.55,0.549463,-0.0520696,3.36443,22.1388
9.6528e+07,0.336148,0.619455,9.66541,3.66485,1.85924,0.0521578,1.75707,1.98778,-3.13149,0.699376,-3.08727,0.150701,0.198642,0.548,0.547785,-0.0538976,3.36425,22.1565
9.6548e+07,0.395826,0.684482,9.91475,3.94611,-3.25527,0.84317,-3.27004,2.28078,-2.23072,0.775353,-2.21299,1.1278,1.08407,0.548,0.547455,-0.0478391,3.36424,22.1418
9.6568e+07,-0.110018,-0.676272,10.0246,-3.85917,-6.56824,-2.01713,-6.49872,-0.62736,-0.749807,0.0496191,-0.798285,1.06673,1.08873,0.548,0.54733,-0.0432931,3.36424,22.1624
9.6748e+07,-0.353795,0.106463,9.30667,0.654927,-0.491908,-0.668448,-0.49665,-2.17692,-8.15439,-0.667692,-8.06085,-1.11647,-1.13789,0.545,0.544252,-0.0532478,3.36139,22.1476
9.6991e+07,-0.905055,-1.0857,10.0317,-6.15209,-7.57588,-3.215,-7.42393,-5.12545,5.93722,-0.80795,5.883,-6.32258,-6.33809,0.539,0.537833,-0.0459079,3.35834,22.1447
9.7011e+07,-0.640093,-0.7702,10.0249,-4.38444,-6.01863,-2.52733,-5.92936,-3.64268,3.14332,-1.36848,3.18741,-6.01724,-6.04624,0.537,0.536511,-0.0494742,3.3588,22.1594
9.7031e+07,0.107114,-0.0958442,9.154,-0.599836,-1.63695,-1.87269,-1.6265,0.67037,0.166224,0.393904,0.206956,-6.41418,-6.36218,0.537,0.536151,-0.0561234,3.35924,22.1359
9.7051e+07,-0.358242,-1.07607,9.5612,-6.41689,1.34015,-3.41614,1.42405,-2.13233,-4.4292,-0.415776,-4.36198,-6.00197,-5.9784,0.537,0.536007,-0.0603285,3.35873,22.1418
9.7071e+07,0.109629,-0.553443,9.30759,-3.40265,4.14931,-2.82785,4.14175,0.673635,-2.74981,0.299922,-2.75517,-7.37602,-7.28468,0.536,0.535212,-0.0648965,3.35875,22.1712
9.7091e+07,0.247846,0.446049,10.2683,2.48662,3.46229,-0.455267,3.38616,1.38138,-0.123852,0.676108,-0.110143,-6.79586,-6.76329,0.536,0.535186,-0.0606928,3.35902,22.1682
9.7111e+07,0.405944,-1.35304,9.68593,-7.94536,-10.5682,-5.98853,-10.4792,2.37685,5.05172,1.60393,5.00864,-5.22334,-5.28377,0.536,0.533987,-0.0625669,3.35852,22.1447
9.7131e+07,0.367433,-0.257208,10.7632,-1.36813,-8.38504,-1.54665,-8.29952,1.95464,3.00592,1.58764,2.99253,-5.33021,-5.34052,0.533,0.532469,-0.0607983,3.35914,22.1653
9.7151e+07,-0.587822,0.173898,10.4205,0.954551,0.86687,-1.03382,0.864713,-3.2282,2.82271,-0.670309,2.82805,-6.29205,-6.18616,0.533,0.532163,-0.0593035,3.35931,22.1624
9.7171e+07,-0.611678,0.092012,9.83395,0.535043,11.4012,-1.14014,11.2774,-3.5591,3.35706,-1.28414,3.37644,-3.52869,-3.62121,0.533,0.532231,-0.0598982,3.3593,22.1741
9.7191e+07,-0.575812,-0.0813937,10.6029,-0.439179,8.68366,-2.29061,8.66741,-3.10842,4.76164,0.306121,4.73149,-5.77296,-5.72927,0.533,0.531472,-0.0662063,3.35954,22.1506
9.7231e+07,-0.0407834,-0.630512,9.97713,-3.61601,-7.3774,-2.57363,-7.34389,-0.23374,0.0440865,-0.342238,0.0619765,-4.65846,-4.60858,0.533,0.532152,-0.0564689,3.35823,22.1771
9.7251e+07,0.646669,0.250967,9.62418,1.49039,-8.3545,-0.503683,-8.37622,3.84275,-0.994081,1.14039,-0.982311,-3.81876,-3.84399,0.53,0.529761,-0.0572406,3.35844,22.1712
9.7271e+07,-0.148254,-0.565485,10.483,-3.0874,-4.11023,-2.171,-4.11055,-0.809065,-1.22309,-0.76422,-1.17393,-4.35312,-4.33185,0.53,0.52935,-0.0505858,3.35848,22.1741
9.7291e+07,0.792326,0.255784,9.45787,1.54376,4.8974,-0.273112,4.80323,4.78699,2.5479,1.51829,2.53291,-3.57449,-3.59087,0.53,0.529348,-0.0424877,3.35876,22.1682
9.7391e+07,0.150204,-0.488416,9.38126,-2.97991,-4.23237,-1.5737,-4.2195,0.91605,3.26546,0.0561982,3.23012,-2.23098,-2.34054,0.529,0.528445,-0.0213983,3.35807,22.1535
9.7411e+07,-0.392195,0.804902,9.13925,5.0285,5.81344,2.41976,5.74592,-2.44778,5.3418,-1.02706,5.29336,-2.42945,-2.45012,0.529,0.528332,-0.0270955,3.35837,22.1418
9.7491e+07,0.272176,-1.17722,9.23759,-7.25941,-4.78198,-2.77532,-4.68953,1.67414,1.18912,0.877444,1.10766,-5.29968,-5.19174,0.532,0.531014,-0.0373925,3.35808,22.1506
9.7511e+07,-0.289258,-0.129562,10.3675,-0.715705,-2.33924,-1.7252,-2.31648,-1.59804,2.37996,-0.248861,2.35582,-4.06304,-4.01084,0.532,0.531239,-0.0359174,3.35822,22.1594
9.7591e+07,-0.864709,-0.196998,9.96429,-1.12837,-9.13313,-1.59534,-9.0142,-4.95879,-0.169654,-1.98082,-0.129,-3.69663,-3.70836,0.53,0.52923,-0.0455787,3.35816,22.1829
9.7611e+07,0.290883,0.246151,9.50815,1.48227,-2.1255,-0.416941,-2.18639,1.75172,1.69294,0.65657,1.71308,-4.65846,-4.64491,0.529,0.528496,-0.0449526,3.35846,22.1594
9.76913e+07,0.486644,0.395472,9.6388,2.3465,-0.415572,0.143192,-0.456854,2.88787,2.63951,1.07325,2.57064,-0.765329,-0.766108,0.526,0.525706,-0.023461,3.35934,22.1594
9.7712e+07,0.0116031,-0.105478,9.84022,-0.614133,2.42412,-1.52002,2.37513,0.0675564,5.64714,-0.689959,5.58202,-0.688993,-0.6373,0.526,0.525554,-0.0154916,3.35958,22.1653
9.7732e+07,0.498702,-0.0332255,9.13477,-0.208089,7.08061,-1.12567,6.95766,3.12488,7.72348,0.996615,7.62405,-1.43709,-1.40694,0.529,0.52818,-0.00790103,3.35947,22.1859
9.7752e+07,0.0163774,-0.100661,9.56956,-0.602664,2.46992,-1.03901,2.41263,0.098051,3.67767,0.487468,3.63553,-0.627925,-0.639039,0.529,0.528688,-0.00664099,3.36005,22.1712
9.7772e+07,-0.778595,-0.743708,10.2672,-4.13117,-5.53008,-2.29568,-5.44792,-4.32532,-1.71164,-1.21169,-1.65581,-0.246245,-0.311823,0.529,0.528474,-0.00998482,3.36008,22.1771
9.77925e+07,-0.157904,-0.211448,9.4983,-1.27511,-0.934656,-1.13722,-0.932194,-0.952187,-0.673471,-0.417967,-0.658851,-0.139375,-0.16249,0.53,0.529531,-0.0139358,3.3878,22.2094
9.7813e+07,0.66332,0.482175,9.24941,2.97652,0.637863,0.133109,0.57111,4.09639,-0.261257,1.50823,-0.273119,-0.444719,-0.386873,0.53,0.529474,-0.0177457,3.38654,22.2124
9.7833e+07,1.08598,0.453274,9.37009,2.75111,5.17221,0.249534,5.02361,6.60333,3.67767,2.63793,3.61644,0.303373,0.290884,0.53,0.529436,-0.0195177,3.38525,22.1682
9.78531e+07,0.0284278,-0.500458,10.0532,-2.84986,-2.3087,-1.38574,-2.27114,0.161816,3.35706,0.504234,3.3189,1.41788,1.3611,0.531,0.530475,-0.0127453,3.38394,22.1859
9.7873e+07,0.995268,0.344895,9.56943,2.05306,-3.25527,-0.111417,-3.32203,5.93387,0.517369,2.71184,0.487949,1.86062,1.79907,0.531,0.530342,-0.0119599,3.38296,22.1918
9.78931e+07,-0.191177,-0.777425,10.3355,-4.30088,-11.9881,0.603449,-6.32246,-1.0567,-5.28416,1.91004,-5.5687,2.04383,1.5098,0.531,0.530458,-0.00675947,3.38117,22.1594
9.79131e+07,-1.2395,-0.55826,10.6502,-2.98049,-9.24,-1.80444,-9.10265,-6.62936,-9.84904,-2.12258,-9.75367,1.0362,1.06431,0.534,0.533184,0.00457196,3.38032,22.1771
9.79931e+07,0.754292,-0.36077,8.98207,-2.29202,-3.86595,-1.60141,-3.83096,4.79645,0.502102,1.90827,0.458443,0.898793,0.904367,0.536,0.53547,-0.000807593,3.37648,22.1888
9.80131e+07,-0.191562,0.609821,8.99869,3.876,-5.63695,-3.04042,-7.46767,-1.21673,-4.07805,0.855293,-1.31259,1.1278,0.528556,0.536,0.535403,-0.000501378,3.37502,22.1918
9.80331e+07,0.754432,-0.864128,9.06911,-5.42424,-2.88885,-2.75829,-2.89928,4.73398,-0.0780511,2.01957,-0.145944,-0.215711,-0.150264,0.539,0.537892,-0.00245752,3.37481,22.18
9.8114e+07,0.0520638,0.371388,10.095,2.1069,2.46992,-0.813701,2.44355,0.295294,0.334163,0.504818,0.349916,-2.55159,-2.51808,0.537,0.536239,-0.0367281,3.37191,22.2182
9.8134e+07,-0.193955,0.62668,9.99352,3.58757,-1.75908,-0.582129,-1.79006,-1.10968,-3.94065,-0.0148687,-3.84459,-2.918,-2.88089,0.537,0.536029,-0.0463534,3.37102,22.1918
9.8154e+07,-0.255829,-0.127154,9.18987,-0.792403,-4.43084,-1.83429,-4.40115,-1.59444,-5.17729,-0.617401,-5.09367,-4.26151,-4.30021,0.534,0.533296,-0.0596115,3.36983,22.1741
9.8174e+07,-0.480346,0.0896036,10.5532,0.485963,-6.91939,-0.818297,-6.83143,-2.60601,-6.10859,-0.831487,-6.0121,-5.65083,-5.62348,0.534,0.533256,-0.0585086,3.36938,22.2065
9.8194e+07,-0.781098,-0.327052,10.2062,-1.83004,-6.56824,-2.0594,-6.48456,-4.37419,-6.39866,-1.45267,-6.32784,-5.20808,-5.21242,0.534,0.533157,-0.0566549,3.36904,22.1565
9.8214e+07,-0.301171,-0.225899,9.88066,-1.3091,2.05771,-1.44641,2.01532,-1.74543,-4.23072,-0.514031,-4.16037,-4.90273,-4.94337,0.536,0.535171,-0.0475378,3.36846,22.1771
9.8234e+07,0.157192,0.144997,9.56746,0.868148,5.00427,-0.739646,4.95821,0.941168,-2.38339,0.534382,-2.32365,-6.07831,-6.09419,0.536,0.535362,-0.0440446,3.36816,22.1888
9.8254e+07,-0.749872,-0.991774,10.4805,-5.39213,1.06534,-2.62081,1.16886,-4.07436,-2.00172,-1.1489,-1.94167,-5.08594,-5.11354,0.536,0.535233,-0.0407027,3.36796,22.1976
9.8274e+07,-0.831155,-0.642554,10.182,-3.59904,-3.1484,-2.16718,-3.02517,-4.65749,-0.673471,-1.8745,-0.657295,-4.75006,-4.74469,0.533,0.532559,-0.0467931,3.36811,22.1741
9.8294e+07,-0.0361356,-0.170505,9.6336,-1.01397,-2.11023,-1.85619,-2.09493,-0.214882,2.5937,0.0183044,2.56361,-5.23861,-5.20461,0.533,0.532247,-0.0477974,3.36707,22.1771
9.8314e+07,0.10035,-1.53367,9.16832,-9.4959,-3.91176,-3.36098,-3.82862,0.618503,4.79218,0.681804,4.70072,-4.67373,-4.67648,0.533,0.532004,-0.0468861,3.36616,22.1624
9.8334e+07,0.162241,-0.837636,9.79855,-4.88542,4.42412,-3.8779,4.38696,0.945148,6.97538,0.375892,6.88814,-4.35312,-4.31532,0.532,0.530853,-0.0466762,3.3664,22.1712
9.8414e+07,-0.243595,-1.18686,9.67251,-6.99326,-7.3316,-3.9205,-7.2174,-1.43191,-8.97882,-0.427972,-8.90515,-3.60502,-3.61025,0.53,0.528972,-0.0551141,3.3643,22.2035
9.8434e+07,-0.0645922,-0.880987,9.7132,-5.18243,9.95084,-4.75895,9.88294,-0.37945,2.4563,-1.21178,2.39123,-4.45999,-4.39998,0.53,0.528041,-0.0568598,3.36446,22.1771
9.8514e+07,1.05543,-1.32173,9.21532,-8.1098,-35.8049,-3.69643,-35.4946,6.46798,-14.5819,2.74877,-14.5145,-5.62029,-5.57782,0.527,0.526014,-0.0525197,3.36411,22.1859
9.8615e+07,-0.900741,0.576103,10.9509,3.00132,-1.25527,1.20338,-1.1153,-4.6957,13.8303,-2.31294,13.7852,-3.19281,-3.20518,0.526,0.525265,-0.0221251,3.36315,22.1829
9.8635e+07,0.164543,-0.529359,9.3883,-3.22671,-30.1713,-2.65482,-29.8858,1.00249,0.471567,1.09276,0.5076,-4.04777,-3.98318,0.522,0.521708,-0.0339536,3.36337,22.2094
9.8675e+07,1.17441,0.14018,8.90653,0.893969,0.210382,-1.18002,0.025037,7.51075,-14.2765,3.37539,-14.2201,-4.07831,-4.06175,0.522,0.520976,-0.0407619,3.36378,22.1976
9.8695e+07,1.09099,-0.411346,9.1384,-2.55917,17.9966,-1.92377,17.7999,6.80124,-6.09332,2.82834,-6.13464,-4.00197,-3.999,0.524,0.522914,-0.0327937,3.3638,22.1771
9.8815e+07,0.369647,0.371388,10.1256,2.09917,-2.23237,-0.534197,-2.29439,2.08932,-13.4063,1.33109,-13.3362,-5.31495,-5.23623,0.52,0.519226,-0.0365421,3.36119,22.1594
9.8836e+07,0.911692,0.352121,9.55764,2.1004,18.8974,-0.547325,18.6283,5.44522,-4.73454,2.31951,-4.73246,-3.39128,-3.38957,0.52,0.519297,-0.0341317,3.36134,22.18
9.8856e+07,0.074003,-1.24225,10.185,-6.95377,16.3173,-3.72474,16.2581,0.413235,4.3189,0.597943,4.28255,-1.54396,-1.56495,0.52,0.519115,-0.0320971,3.36148,22.1888
9.8876e+07,0.59692,-1.17,9.46288,-7.03448,2.8058,-3.66286,2.87722,3.58224,4.4563,1.86645,4.42487,-2.88747,-2.87287,0.521,0.520022,-0.0278542,3.36162,22.1947
9.8896e+07,0.162244,-0.849678,10.0027,-4.85468,-13.866,-3.12895,-13.6767,0.925921,2.3189,1.10104,2.29032,-2.35312,-2.31844,0.521,0.52025,-0.0263186,3.36158,22.1741
9.8916e+07,-0.52803,-0.172913,10.522,-0.940305,-18.7209,-1.85451,-18.5434,-2.87251,-2.475,0.106835,-2.43513,-3.17754,-3.10283,0.521,0.520213,-0.0245404,3.36171,22.1976
9.8936e+07,0.31036,-1.10015,9.45136,-6.63589,-10.9499,-3.34407,-10.8478,1.86817,-2.62767,0.913149,-2.6566,-3.02487,-2.9908,0.52,0.519376,-0.0273594,3.36099,22.2182
9.9118e+07,0.317018,0.7182,9.63471,4.26081,7.95084,0.755218,7.81875,1.87935,-8.55133,1.06997,-8.50871,-3.95617,-3.95172,0.519,0.518542,-0.0171791,3.36117,22.1947
9.91383e+07,0.360048,0.542385,9.71749,3.19248,-0.888855,1.37402,-0.932163,2.11863,-3.62004,0.625266,-3.60758,-3.34548,-3.38679,0.519,0.51865,-0.0134039,3.35997,22.1976
9.9159e+07,0.553421,0.691707,10.767,3.67099,-10.0186,1.02673,-9.98732,2.93636,3.06699,1.52509,3.07004,-3.34548,-3.30858,0.52,0.518626,-0.00571633,3.36027,22.2124
9.9179e+07,0.312199,0.872338,10.4208,4.78299,-8.27817,0.868326,-8.27801,1.71004,3.86088,0.96775,3.8546,-2.52105,-2.52351,0.52,0.51959,0.00265164,3.3608,22.2153
9.9199e+07,0.672883,0.441232,9.48676,2.65626,4.6684,0.214832,4.51093,4.05275,1.75401,2.04283,1.72484,-1.87983,-1.88692,0.52,0.519713,0.00431449,3.36114,22.18
9.9219e+07,0.0332423,-0.640146,9.94855,-3.68164,11.0348,-1.93864,10.9565,0.191053,-4.00172,0.391861,-3.97916,-0.215711,-0.316224,0.521,0.520018,0.0100658,3.36104,22.1888
9.9239e+07,1.02143,0.730242,9.48217,4.37854,18.7447,0.560905,18.5184,6.13023,-6.45973,2.64364,-6.4203,-1.40655,-1.40306,0.521,0.520424,0.00813972,3.3612,22.2006
9.9259e+07,-0.100618,-0.13197,9.32031,-0.811175,7.26382,-0.94262,7.23742,-0.618454,-4.67347,0.380725,-4.67611,-1.8035,-1.7895,0.521,0.520645,0.00537305,3.36101,22.2035
9.9279e+07,-0.747249,-1.83472,7.94109,-12.9541,10.6379,-7.99183,10.5305,-5.23845,0.135689,-2.63393,0.109375,-0.322581,-0.396011,0.522,0.518806,-0.0156154,3.361,22.2124
9.9299e+07,-1.29686,-0.377629,8.4971,-2.51558,40.8821,-4.98016,40.5562,-8.6693,7.66241,-6.67956,7.61567,2.12017,2.05761,0.522,0.515817,-0.0515784,3.36099,22.2271
9.9319e+07,0.331437,0.385839,8.92428,2.47392,24.9585,-0.128726,24.817,2.12494,10.3952,-0.42266,10.3592,1.06673,1.13244,0.522,0.520004,-0.0556495,3.36115,22.23
9.9339e+07,0.223896,0.703749,10.7103,3.75855,-24.5377,0.458458,-24.3497,1.195,-1.4063,0.715853,-1.36641,-1.57449,-1.53901,0.521,0.520921,-0.0434307,3.36172,22.2506
9.9359e+07,-0.513826,0.270235,10.6604,1.45042,-56.385,-0.497115,-56.0104,-2.75861,-19.2689,-0.454527,-19.0396,-1.19281,-1.30174,0.521,0.520569,-0.029698,3.36201,22.2212
9.9379e+07,0.403234,-0.196998,10.9248,-1.03236,-44.6904,-1.32113,-44.4906,2.11349,-20.7498,0.803301,-20.6209,-3.57449,-3.54259,0.521,0.52069,-0.0127111,3.36195,22.2035
9.9399e+07,0.00442015,-0.0356339,9.0877,-0.224662,3.7829,-1.70458,3.57686,0.0278678,-6.50553,-0.997735,-6.50107,-2.20044,-2.24042,0.522,0.520844,-0.00298223,3.36232,22.1829
9.9419e+07,-0.00264361,-0.394488,10.1176,-2.23286,52.7295,-1.7963,52.2946,-0.0149594,17.6777,-1.1887,17.5138,-0.200444,-0.203792,0.522,0.521157,0.00632699,3.36233,22.2182
9.9439e+07,-0.265196,-0.789467,9.46186,-4.76767,47.4776,-1.78829,47.2861,-1.59991,27.5097,-0.111745,27.2899,0.456045,0.434133,0.522,0.521653,0.00638625,3.3625,22.2182
9.9639e+07,-0.145996,-0.0982526,9.47948,-0.593766,-26.4766,-1.24197,-26.3219,-0.882313,-15.1162,-0.111702,-15.009,-8.64319,-8.68085,0.523,0.522882,-0.0493347,3.36148,22.1888
9.9659e+07,-0.20549,-0.825594,9.79651,-4.81612,-5.83542,-2.59755,-5.82483,-1.19741,-8.39866,-0.18671,-8.3966,-8.44472,-8.48689,0.523,0.522337,-0.0478152,3.36178,22.2124
9.9859e+07,0.942843,-0.0428591,8.76636,-0.278513,10.9127,-1.12401,10.7479,6.13863,10.1052,2.11263,10.0061,-6.58212,-6.54124,0.522,0.521343,-0.0309983,3.36057,22.2624
9.9879e+07,-0.406235,-0.228307,9.69318,-1.34808,5.18748,-1.70825,5.13842,-2.39916,5.75401,-1.60175,5.71823,-5.92563,-5.9846,0.52,0.520604,-0.038462,3.36075,22.23
9.9899e+07,-0.100694,0.142589,9.6389,0.847471,12.8974,-0.505727,12.7722,-0.598463,12.2884,-0.977312,12.1941,-6.03251,-6.06218,0.52,0.519149,-0.0470212,3.36092,22.2241
9.9919e+07,-0.673572,-0.591977,9.41504,-3.58863,22.073,-4.44712,21.883,-4.08405,15.1586,-3.67526,15.1067,-5.54396,-5.64857,0.52,0.51695,-0.0551726,3.361,22.1918
9.99394e+07,0.869008,-0.719623,8.81282,-4.64578,24.1188,-4.57384,23.9736,5.61301,16.4105,0.621683,16.2654,-8.29205,-8.25716,0.517,0.51559,-0.0572436,3.3615,22.2271
9.996e+07,-0.126981,0.214841,10.0498,1.22457,-6.79725,0.169547,-6.65362,-0.723738,-4.78034,0.124287,-4.69689,-8.42945,-8.43853,0.517,0.516236,-0.0482528,3.36163,22.2094
9.998e+07,-0.363564,0.886789,10.8227,4.6816,-38.2782,-0.0213403,-37.9951,-1.91758,-25.6506,0.245621,-25.3739,-8.56686,-8.56608,0.517,0.516003,-0.0432176,3.36193,22.2094
1.0016e+08,-0.721282,-0.758158,10.5236,-4.11107,11.1722,-2.95303,11.1173,-3.9108,6.13569,-0.795351,6.09127,-7.63556,-7.7024,0.516,0.514767,-0.0674821,3.36181,22.2565
1.00181e+08,0.62037,0.36898,8.2141,2.56472,31.3249,-0.060346,31.037,4.31473,22.4716,1.22595,22.3102,-9.02487,-8.97766,0.515,0.514509,-0.0730294,3.36185,22.2565
1.00262e+08,0.35309,-0.199406,7.53439,-1.51438,-21.4385,-0.595269,-21.1715,2.6822,-20.7345,3.92347,-20.5284,-17.5134,-17.5202,0.513,0.511004,-0.138797,3.3678,22.2741
1.00302e+08,0.797212,-0.139196,9.67804,-0.821227,6.97374,-0.919492,6.74987,4.70853,-20.8414,1.85709,-20.8216,-14.8722,-14.8579,0.504,0.505937,-0.176626,3.36778,22.2535
1.00322e+08,0.023391,0.438824,9.9218,2.53243,30.2409,0.0177047,29.9405,0.134944,21.3265,0.190094,21.0754,-14.002,-13.9386,0.504,0.502904,-0.165555,3.36794,22.23
1.00342e+08,-0.114722,-0.933972,10.575,-5.0469,26.9127,-2.77969,26.8374,-0.619134,38.5632,0.689173,38.3115,-11.8035,-11.8032,0.504,0.502519,-0.151323,3.36767,22.2918
1.00362e+08,-1.03198,0.260601,9.55442,1.55335,5.93557,-0.802357,5.95172,-6.16241,18.7922,-1.60026,18.7899,-11.7272,-11.8071,0.496,0.497585,-0.159594,3.36741,22.2241
1.00382e+08,-0.0623523,-0.348728,10.1011,-1.97725,-30.2476,-1.42137,-29.9174,-0.353463,-14.1086,0.168439,-13.9498,-13.9867,-13.9145,0.496,0.494958,-0.161911,3.36818,22.23
1.00402e+08,-0.623318,-0.984549,9.80612,-5.7219,-36.8431,-3.48979,-36.5219,-3.61892,-21.6353,-3.70683,-21.5091,-15.0707,-15.0295,0.496,0.493821,-0.151636,3.36882,22.2565
1.00422e+08,-0.0172291,0.53516,10.6153,2.88607,-11.1789,-0.158589,-11.2145,-0.0928758,-15.7269,0.0579197,-15.6226,-15.1317,-15.1399,0.486,0.488579,-0.145828,3.36943,22.2359
1.00442e+08,0.135512,0.826578,10.5444,4.48191,15.6913,0.757591,15.4441,0.734048,-0.749807,0.297617,-0.768837,-12.7348,-12.7121,0.486,0.485139,-0.133563,3.36968,22.2447
1.00462e+08,0.183651,-0.551034,10.421,-3.02635,17.6608,-1.90661,17.5775,1.00822,9.46393,0.427922,9.39045,-9.8493,-9.82569,0.486,0.484941,-0.117667,3.36822,22.2182
1.00562e+08,0.0426986,-0.298151,10.2767,-1.6618,0.500458,-0.536355,0.497735,0.237955,-8.97882,1.12472,-8.95725,-4.21571,-4.27135,0.474,0.473464,-0.0643039,3.36659,22.2565
1.00662e+08,-0.513779,0.101646,9.93122,0.585617,-15.2553,-0.764086,-15.128,-2.96133,-3.05515,-0.769083,-2.96736,-4.79586,-4.80641,0.47,0.469765,-0.0417094,3.36615,22.2741
1.00683e+08,-0.339485,0.166673,9.84333,0.969496,-12.7667,-0.417999,-12.6939,-1.975,-9.11622,-0.517773,-9.0192,-4.07831,-4.0403,0.47,0.469562,-0.0321969,3.3669,22.2388
1.00703e+08,-0.404088,0.638722,9.73493,3.75065,1.29435,0.696063,1.20058,-2.37184,-8.33759,-1.19622,-8.27634,-4.09357,-4.08111,0.47,0.469528,-0.0248439,3.3671,22.2124
1.00864e+08,-0.0932523,-0.859311,9.33576,-5.25872,12.4394,-2.29046,12.4306,-0.569884,1.60134,0.307437,1.56661,-0.887467,-0.924615,0.474,0.473836,0.0165233,3.36272,22.2594
1.00885e+08,0.365202,-0.818368,9.34018,-5.00355,-3.72855,-2.19678,-3.64907,2.23059,1.20439,1.26741,1.15544,-0.688993,-0.707543,0.474,0.47378,0.019931,3.36271,22.2388
1.00905e+08,0.826025,-0.712398,9.35894,-4.33614,-12.6293,-2.11709,-12.5608,5.02941,1.84561,2.21856,1.78385,-0.536322,-0.551007,0.476,0.475317,0.0287624,3.36279,22.2594
1.00925e+08,0.668461,-0.83041,9.83611,-4.81468,-14.2476,-2.62397,-14.165,3.87409,-0.963547,1.70458,-0.982888,-0.780596,-0.775028,0.476,0.475832,0.0353517,3.36303,22.2388
1.00945e+08,0.362595,-0.0308171,9.47203,-0.186274,1.47756,-0.352836,1.42636,2.19223,-1.74217,1.52011,-1.74517,0.379709,0.368442,0.476,0.47605,0.0348027,3.36291,22.2329
1.00966e+08,0.138313,-0.661821,9.40711,-4.02389,5.43176,-2.00769,5.42102,0.840286,1.03645,0.616738,0.997062,1.24994,1.19396,0.481,0.479652,0.0463987,3.36264,22.28
1.00986e+08,-0.107439,-1.36508,9.21863,-8.42249,5.6455,-3.94773,5.67441,-0.660523,5.55554,0.0988671,5.4656,0.761388,0.755061,0.481,0.48046,0.0439914,3.36272,22.2388
1.01086e+08,0.300713,-0.75575,9.77957,-4.41686,0.561527,-3.40036,0.597816,1.756,-3.31469,1.1144,-3.28581,0.730854,0.800369,0.49,0.487968,0.0283774,3.36183,22.2388
1.01106e+08,-0.530233,-0.837636,9.78016,-4.88809,6.68366,-3.08569,6.69699,-3.09197,-2.50553,-0.828493,-2.46723,2.77666,2.78153,0.49,0.48913,0.0260645,3.36228,22.2506
1.01186e+08,0.150413,-1.23984,9.2471,-7.63562,-3.62168,-4.2837,-3.52006,0.923627,4.68531,0.50734,4.62932,1.24994,1.29078,0.492,0.491366,0.00577873,3.36222,22.2565
1.01206e+08,0.295843,-0.418572,9.76112,-2.4543,3.00428,-2.33978,2.96777,1.73441,-0.780341,1.04549,-0.789019,0.532381,0.641604,0.493,0.492347,0.00741507,3.36198,22.2329
1.01286e+08,0.131072,-0.382445,10.7205,-2.04296,1.35542,-2.19764,1.37114,0.700035,0.853247,0.822448,0.845428,1.05146,1.08236,0.496,0.495669,0.0297778,3.3606,22.2594
1.01306e+08,-0.821816,0.120913,10.6604,0.647913,0.882138,-1.40768,0.917266,-4.40796,0.654773,-0.862286,0.679562,1.32627,1.26279,0.496,0.495636,0.032417,3.36087,22.2359
1.01326e+08,0.508537,-1.05198,10.0733,-5.95442,-1.30107,-2.70223,-1.23716,2.87444,4.22729,1.26691,4.14754,-0.459986,-0.343437,0.501,0.499589,0.04398,3.36103,22.2565
1.01346e+08,-0.912405,-0.416163,10.7641,-2.20617,-3.91176,-2.09786,-3.80985,-4.84142,-0.368127,-1.04612,-0.36245,-0.459986,-0.41011,0.501,0.500613,0.0475806,3.36085,22.2565
1.01366e+08,-1.1537,0.0149428,10.5751,0.0804827,0.408855,-1.67307,0.414512,-6.22611,-5.81851,-1.75805,-5.71501,0.0132966,-0.0338882,0.501,0.500663,0.044248,3.36018,22.2418
1.01386e+08,-0.0673296,0.376205,9.48967,2.27017,4.39359,-0.161358,4.31523,-0.40619,-3.77271,-0.0995376,-3.68371,0.227037,0.147494,0.506,0.504656,0.0488453,3.35784,22.2182
1.01407e+08,-1.00314,-0.428205,10.7784,-2.26528,2.72947,-2.26009,2.75493,-5.313,-0.169654,-1.73316,-0.103421,-0.27678,-0.368695,0.506,0.505603,0.0488249,3.35791,22.2859
1.01427e+08,-0.310725,-0.213856,9.31324,-1.3147,3.75237,-1.77289,3.77309,-1.91039,5.83035,-0.63288,5.83936,-1.86457,-1.91806,0.506,0.505901,0.0380526,3.35822,22.2359
1.01447e+08,0.455626,0.308769,9.18758,1.92247,6.07298,-0.459275,5.99645,2.83746,8.70057,0.870733,8.61775,-3.77296,-3.68909,0.509,0.50804,0.0350952,3.35852,22.2506
1.01467e+08,0.22641,0.248559,9.11171,1.56211,6.68366,-1.04364,6.55369,1.42288,2.34943,1.13808,2.32503,-3.14701,-3.15506,0.509,0.508656,0.0268524,3.35838,22.23
1.01487e+08,0.283678,0.395472,9.26385,2.44332,3.14168,-0.441555,3.06954,1.75237,-4.94828,1.02874,-4.91744,-5.05541,-5.00169,0.509,0.508778,0.0161035,3.35774,22.2447
1.01507e+08,-0.446946,0.195574,9.78174,1.14421,6.36305,-1.15469,6.24877,-2.61561,-10.8414,-0.924651,-10.708,-3.91037,-4.0304,0.513,0.511628,0.016569,3.35806,22.2565
1.01527e+08,0.386463,0.00771757,8.89038,0.0496904,7.27908,-0.994177,7.21496,2.48906,-5.28416,1.02007,-5.22782,-5.97144,-5.99446,0.513,0.512486,0.00912339,3.35829,22.2182
1.01547e+08,-0.831233,-0.363178,9.75981,-2.1234,2.86687,-2.47425,2.9184,-4.86472,0.853247,-0.746773,0.906656,-5.72716,-5.78218,0.513,0.512214,0.00121008,3.35858,22.2388
1.01567e+08,0.250358,-0.00191609,9.34159,-0.0117479,0.592061,-1.95798,0.593948,1.53518,8.30363,0.857472,8.24859,-10.689,-10.5911,0.514,0.513001,-0.0037405,3.35869,22.2241
1.01587e+08,0.192827,0.802494,10.0172,4.57943,4.68366,-0.379785,4.5585,1.09926,7.17386,0.630063,7.14954,-9.45235,-9.40999,0.514,0.513199,-0.00626266,3.35871,22.2388
1.01607e+08,0.26463,0.195574,9.42262,1.18858,4.07298,-0.627432,3.97793,1.60836,-1.19255,0.938157,-1.11566,-10.3073,-10.3411,0.514,0.513473,-0.00918241,3.35882,22.2506
1.01687e+08,0.0619734,-0.917113,10.233,-5.12125,-4.72092,-4.65086,-4.67696,0.345607,1.35706,0.205118,1.32897,-10.5211,-10.5142,0.516,0.514924,0.0034311,3.35717,22.2388
1.01907e+08,0.48239,-1.48068,8.91878,-9.41267,-6.69038,-4.66899,-6.56121,3.05422,0.0593536,1.24164,0.030209,-7.49815,-7.46377,0.526,0.52492,0.0141811,3.35619,22.2594
1.01927e+08,0.56561,-0.206631,8.70944,-1.35623,-3.74382,-2.19924,-3.73612,3.71465,-3.22309,2.13344,-3.2142,-6.90273,-6.93728,0.531,0.5277,0.00917599,3.35574,22.2035
1.01947e+08,1.21768,-0.902663,8.87158,-5.75612,2.57679,-3.07769,2.51552,7.77574,0.853247,3.15191,0.742625,-7.60502,-7.54402,0.531,0.529896,0.00831985,3.35583,22.2065
1.01967e+08,-0.463402,-0.736482,10.6777,-3.94196,2.79053,-3.30418,2.83272,-2.47913,-2.15439,-0.146182,-2.14111,-6.15464,-6.17891,0.531,0.530098,0.00676091,3.35591,22.2124
1.01987e+08,-1.08904,-0.647371,10.3769,-3.55038,3.09588,-2.46039,3.13844,-5.97965,-1.48263,-1.863,-1.44627,-5.28441,-5.34811,0.533,0.531879,0.0100683,3.35539,22.2771
1.02008e+08,-0.470483,-1.03272,10.2333,-5.7566,1.75237,-2.57563,1.79913,-2.61908,4.33416,-0.807028,4.27659,-5.14701,-5.1798,0.533,0.532456,0.0146068,3.35499,22.2476
1.02108e+08,0.317164,0.190757,8.46812,1.28955,0.363054,-0.654505,0.33756,2.1444,3.54027,0.634637,3.52695,-4.50579,-4.50816,0.537,0.536321,0.00565691,3.35507,22.2712
1.02208e+08,-0.0287291,-1.04476,9.73903,-6.12299,-5.59114,-4.5442,-5.53664,-0.168052,-0.795608,-0.381501,-0.796598,-3.37602,-3.32661,0.541,0.539915,-0.0176727,3.35207,22.2624
1.02228e+08,0.67064,-0.0813937,9.27224,-0.501631,-2.88885,-1.66786,-2.89615,4.13671,2.42577,1.75733,2.40094,-2.76533,-2.70139,0.541,0.540307,-0.0239281,3.3515,22.2506
1.02308e+08,0.195831,-1.41566,9.34412,-8.61306,-0.125496,-4.16796,-0.0382812,1.18707,-1.08568,0.679634,-1.08487,-0.933268,-0.920805,0.541,0.539988,-0.0419902,3.35175,22.2506
1.02328e+08,-0.520996,0.294319,11.1709,1.50758,-2.29344,-1.35266,-2.24356,-2.66935,-5.13149,-0.906097,-5.07415,-2.29205,-2.2134,0.541,0.540019,-0.034211,3.35128,22.2271
1.02408e+08,0.637414,-0.813551,8.9672,-5.17101,6.59206,-3.41259,6.5461,4.04933,10.6242,1.46092,10.479,-1.97144,-1.90622,0.539,0.538065,-0.0102052,3.35197,22.2447
1.02428e+08,0.131178,-0.762975,9.77021,-4.46488,7.44702,-3.01063,7.37919,0.766891,8.67004,0.286008,8.57901,-1.31495,-1.32691,0.539,0.538464,-0.00488835,3.35224,22.2535
1.02448e+08,0.680251,-0.295743,9.31938,-1.8128,7.75237,-1.73209,7.63766,4.17271,5.21966,0.634446,5.12527,-2.13938,-2.15855,0.539,0.538402,-0.00612328,3.35284,22.2565
1.02468e+08,-0.862085,-1.04717,10.8081,-5.51652,-4.98046,-3.48345,-4.85606,-4.53923,-3.4521,-0.659749,-3.38469,-1.02487,-1.08703,0.54,0.538821,-0.00203498,3.35248,22.2535
1.02488e+08,0.181275,-0.591977,9.63036,-3.51692,-6.50718,-2.47103,-6.40758,1.07634,-2.94828,0.685104,-2.91561,-2.52105,-2.50404,0.54,0.539515,-0.000375225,3.35222,22.2388
1.02508e+08,-0.377308,-1.20853,9.54675,-7.20918,0.0119087,-5.37329,-0.0111228,-2.24537,0.578438,-1.65835,0.557036,-1.10121,-1.09613,0.54,0.538557,-0.00780238,3.35028,22.2359
1.02528e+08,0.400721,0.255784,9.8642,1.48415,11.7218,-0.843558,11.5864,2.32551,4.16622,0.322912,4.11862,-2.32258,-2.26299,0.54,0.539279,-0.00913588,3.35013,22.2741
1.02548e+08,-0.303732,0.397881,9.82468,2.318,11.6302,-0.706482,11.5214,-1.7693,1.95248,-0.842387,1.99806,-1.68136,-1.72586,0.54,0.53946,-0.0152126,3.34949,22.2535
1.02568e+08,0.405784,-0.779834,8.14359,-5.46325,1.14168,-2.97026,1.17578,2.83964,4.19676,1.22612,4.1443,-2.7806,-2.76215,0.54,0.539271,-0.0219887,3.3487,22.2682
1.02588e+08,0.224171,-0.286109,9.82787,-1.66709,-2.11023,-2.06447,-2.11726,1.30612,3.93722,0.356112,3.849,-3.05541,-3.02582,0.54,0.539389,-0.0226204,3.34931,22.2771
1.02608e+08,0.446146,0.0534774,8.91177,0.343384,-0.568244,-0.968215,-0.62951,2.86593,4.60897,1.07796,4.51098,-4.47525,-4.41264,0.54,0.53952,-0.0274583,3.34794,22.23
1.02629e+08,0.374554,-0.103069,9.35319,-0.630852,-3.68275,-1.30935,-3.65821,2.29308,3.12806,0.728702,3.09643,-6.21571,-6.10442,0.54,0.539447,-0.0257525,3.34791,22.2594
1.02649e+08,0.524939,0.0727447,9.05419,0.459554,5.24855,-1.27416,5.10252,3.31804,4.19676,1.09628,4.12603,-6.18518,-6.15951,0.544,0.542816,-0.0167664,3.34788,22.2388
1.02669e+08,0.933141,0.501442,9.45339,3.02167,8.25618,0.0107049,8.08294,5.62952,0.670041,2.61502,0.624911,-7.92563,-7.85975,0.544,0.543006,-0.0207046,3.34785,22.2682
1.02689e+08,-0.114896,-0.310193,9.45775,-1.87836,4.10351,-1.94835,4.06377,-0.695638,-4.33759,0.156491,-4.29503,-6.76533,-6.81513,0.544,0.543409,-0.0207243,3.34782,22.2506
1.02709e+08,0.13616,-1.50477,8.67924,-9.83471,-4.62931,0.623656,2.94844,0.885572,-0.0475166,0.348362,-4.36096,-9.37602,-8.72433,0.543,0.542566,-0.0254948,3.34864,22.2741
1.02729e+08,0.0643277,-0.796693,9.65387,-4.71758,-4.62931,-3.33589,-4.57535,0.380486,3.08225,0.46535,3.02906,-8.75006,-8.73761,0.543,0.542171,-0.0353577,3.34841,22.2535
1.02809e+08,-0.140988,-0.936381,10.2996,-5.19423,-2.15603,-2.51961,-2.33593,-0.781031,-0.780341,-0.286516,0.226266,-9.10121,-8.4507,0.543,0.541977,-0.0575787,3.34738,22.2476
1.02829e+08,0.0119352,-1.30005,9.7742,-7.57635,-3.27053,-3.99307,-3.16657,0.0693525,-5.43683,0.320618,-5.37714,-9.81876,-9.78239,0.54,0.539394,-0.0604145,3.34822,22.23
1.0303e+08,-0.174298,-1.36749,10.2301,-7.61266,-10.5682,-3.43017,-10.4374,-0.967491,-2.71927,0.213399,-2.71368,2.02856,1.99746,0.538,0.537421,-0.00572625,3.34905,22.2565
1.0305e+08,-0.348682,-1.10738,10.4491,-6.04619,-8.01863,-2.53641,-7.91226,-1.90059,1.00592,-0.133127,0.984077,4.0133,3.93871,0.538,0.53747,0.000574175,3.34964,22.2241
1.0307e+08,-1.09379,-0.746116,10.4313,-4.06896,-6.15603,-2.01668,-6.03454,-5.9708,2.4563,-2.03617,2.46562,4.57818,4.539,0.538,0.537587,0.00592492,3.34935,22.2653
1.0309e+08,0.610861,0.219658,9.04723,1.38766,2.8058,-0.0141421,2.71931,3.86156,2.04409,1.71069,2.06658,4.88353,4.8234,0.538,0.537676,0.00461472,3.34984,22.2271
1.0311e+08,0.780618,-0.575119,9.20963,-3.56061,-0.15603,-2.38418,-0.13508,4.8355,1.46393,2.01316,1.38832,5.40261,5.35229,0.538,0.537542,0.000109432,3.35039,22.2771
1.0313e+08,0.329434,-0.998999,8.99803,-6.33107,-7.07206,-3.39332,-6.9554,2.08397,-4.6582,1.10202,-4.67426,5.20414,5.1974,0.539,0.538164,-0.00540372,3.35091,22.3006
1.0323e+08,-0.310664,-0.435431,10.2341,-2.43518,-3.42321,-2.10172,-3.33407,-1.73715,0.0440865,0.201401,0.0739532,6.27284,6.33051,0.543,0.542225,-0.0281752,3.34906,22.28
1.0333e+08,0.116917,-1.00141,9.74372,-5.86753,-1.65221,-4.38771,-1.63982,0.68387,-3.92538,0.554007,-3.9143,5.96749,6.00904,0.543,0.541798,-0.0439961,3.34896,22.2329
1.03351e+08,0.386588,-0.445064,9.56156,-2.66286,4.54626,-2.14736,4.49901,2.31279,-1.46736,1.0358,-1.47442,5.52475,5.59354,0.543,0.542292,-0.039963,3.34938,22.2829
1.03431e+08,0.0954734,-1.17,9.5654,-6.97318,-5.74382,-3.248,-5.71055,0.567627,0.135689,0.224424,0.0799892,6.0591,6.04522,0.54,0.539517,-0.0444209,3.34768,22.2388
1.03451e+08,-0.100545,-0.394488,9.83748,-2.29624,4.82107,-1.8081,4.8003,-0.585108,-2.33759,-0.0775136,-2.26963,5.67742,5.71893,0.54,0.539404,-0.0482004,3.34825,22.2829
1.03471e+08,0.649139,-0.0428591,8.48408,-0.288596,8.77527,-0.596792,8.69179,4.37527,2.42577,1.91645,2.37738,6.25757,6.23533,0.54,0.539337,-0.0513012,3.34905,22.2771
1.03491e+08,-0.16038,0.106463,9.74099,0.626095,-0.415572,0.00178836,-0.396723,-0.943204,-1.34523,-0.687133,-1.34515,5.43314,5.4693,0.537,0.536937,-0.0566212,3.34947,22.2594
1.03511e+08,0.214714,-0.625695,8.52151,-4.1981,-6.65985,-2.38112,-6.60392,1.43949,2.91432,1.04554,2.86015,6.94459,6.92741,0.537,0.53628,-0.0594165,3.35046,22.2829
1.03531e+08,0.353368,-1.19649,9.4488,-7.21189,-12.3698,-3.31743,-12.2659,2.12481,1.00592,1.20579,0.956198,6.22704,6.24948,0.537,0.536044,-0.0565345,3.34929,22.2624
1.03551e+08,-0.110108,-0.351136,10.4738,-1.92002,-13.2858,-1.20788,-13.1764,-0.601973,-3.66584,0.584834,-3.60711,7.61635,7.58762,0.535,0.534629,-0.0568345,3.34986,22.2888
1.03571e+08,-0.931324,-1.07607,10.8699,-5.63309,-5.89649,-1.98322,-5.8095,-4.87339,-4.32233,-0.113168,-4.27149,7.05146,7.02935,0.535,0.533882,-0.0506425,3.35041,22.2741
1.03591e+08,-0.783679,0.366571,10.231,2.046,3.32489,-0.213501,3.3331,-4.3774,-7.39103,-1.06792,-7.27025,6.37971,6.38427,0.535,0.534262,-0.0429457,3.35093,22.2829
1.03611e+08,-0.110248,0.149814,9.82886,0.873194,3.32489,-0.53055,3.28738,-0.64257,-6.91775,-0.382093,-6.86871,5.75375,5.79388,0.536,0.535341,-0.0309837,3.35016,22.2624
1.03751e+08,0.0212073,-0.295743,9.75918,-1.73576,2.86687,-1.48317,2.88259,0.12445,-3.6811,0.503239,-3.66183,7.29574,7.30232,0.536,0.535569,-0.0245529,3.34916,22.2506
1.03851e+08,-0.843042,-0.832819,10.6067,-4.47551,-3.43847,-2.49325,-3.3245,-4.53056,1.58607,-0.590116,1.56738,7.55528,7.53283,0.537,0.536528,-0.0191985,3.35003,22.2447
1.03871e+08,0.0930709,-1.11701,10.0736,-6.32715,-1.1026,-2.80918,-1.0455,0.526123,0.135689,-0.0532243,0.070192,5.43314,5.54944,0.537,0.5363,-0.0157743,3.34972,22.2653
1.04051e+08,-0.415549,-1.08089,9.67995,-6.36557,-5.3316,-3.48996,-5.17967,-2.44297,-1.77271,-0.364375,-1.74484,0.822457,0.77686,0.541,0.540037,-0.0256268,3.35006,22.2506
1.04071e+08,0.376941,-0.0982526,9.15376,-0.614445,0.042443,-1.90442,0.0113209,2.3579,-0.688738,0.757834,-0.706752,-1.37602,-1.25548,0.541,0.540195,-0.0326798,3.34958,22.2682
1.04091e+08,-0.15545,-0.449881,10.1675,-2.53323,0.912672,-1.45008,0.943699,-0.87507,0.868514,0.144775,0.87373,-0.0935736,-0.0462966,0.54,0.539677,-0.0368937,3.35006,22.2624
1.04111e+08,0.990462,0.453274,9.14224,2.82193,10.4241,-0.523933,10.2548,6.17573,2.05935,2.22691,2.05368,-0.643192,-0.646044,0.54,0.538949,-0.0461253,3.35068,22.2388
1.04131e+08,0.622801,0.214841,9.37723,1.30959,7.18748,-0.288184,7.10645,3.7988,1.25019,2.29325,1.21358,-0.841665,-0.831272,0.54,0.539241,-0.0446943,3.35034,22.2506
1.04151e+08,-0.745107,-0.950831,9.72318,-5.56898,-4.50718,-2.6187,-4.38012,-4.36141,-0.780341,-0.683117,-0.80072,-1.29968,-1.31391,0.536,0.535605,-0.0536642,3.35002,22.3153
1.04251e+08,-0.0334847,-1.11701,10.1734,-6.26579,-1.46901,-3.60509,-1.35827,-0.187456,2.68531,-0.211117,2.67163,-4.27678,-4.17684,0.536,0.535337,-0.0170496,3.34958,22.2594
1.04271e+08,-0.167545,0.108871,10.3346,0.60349,-1.97282,-1.53576,-1.9571,-0.92875,-1.26889,-0.290353,-1.26262,-4.93327,-4.87926,0.537,0.536238,-0.00979738,3.34997,22.2447
1.04351e+08,0.548876,-0.136787,8.63122,-0.906116,5.12641,-2.02182,5.03659,3.63819,-0.123852,1.31245,-0.16002,-6.39892,-6.36168,0.536,0.53517,-0.0379813,3.35067,22.3006
1.04371e+08,0.35766,0.542385,9.95729,3.11588,6.30199,0.186633,6.17669,2.0541,-0.490265,0.755731,-0.486147,-5.63556,-5.68061,0.536,0.535467,-0.0348882,3.3505,22.2682
1.04451e+08,1.34169,-0.31501,8.93652,-1.99647,5.32489,-1.69157,5.23437,8.53313,0.56317,3.04652,0.501563,-6.68899,-6.68691,0.533,0.532265,-0.0472963,3.34908,22.2712
1.04471e+08,0.902182,0.200391,9.28437,1.23067,4.95847,-1.05691,4.8513,5.54885,-1.57423,2.54889,-1.55843,-8.15464,-8.0621,0.533,0.531752,-0.0513027,3.34966,22.2594
1.04491e+08,0.247773,0.708566,9.74872,4.15578,4.82107,0.150139,4.74721,1.45208,0.868514,0.590025,0.844321,-8.24625,-8.16508,0.533,0.532139,-0.0508162,3.34938,22.2682
1.04551e+08,-0.532568,-1.0279,10.3924,-5.64133,-0.583511,-3.42386,-0.530354,-2.91939,-1.25362,-0.561837,-1.19167,-7.43709,-7.43933,0.533,0.531952,-0.052343,3.34895,22.2771
1.04571e+08,0.126362,-0.61847,9.34071,-3.78781,-2.65985,-2.85327,-2.59501,0.773363,-2.30706,0.306589,-2.27469,-8.30731,-8.22991,0.534,0.533012,-0.0455433,3.34938,22.2329
1.04591e+08,-0.146081,0.207616,10.3988,1.14367,2.6226,-1.69107,2.56663,-0.804673,-2.12385,-0.535222,-2.11118,-8.42945,-8.37808,0.534,0.532937,-0.0389983,3.3491,22.2565
1.04611e+08,0.458434,-1.20131,9.63864,-7.09645,1.12641,-5.67231,1.11864,2.70218,3.40286,2.14345,3.36904,-8.45999,-8.44809,0.534,0.532087,-0.0397114,3.34952,22.2888
1.04631e+08,-0.353539,-0.81596,10.6158,-4.39286,2.17985,-3.42219,2.21795,-1.90182,-0.45973,0.0264957,-0.438293,-6.04777,-6.07588,0.534,0.532737,-0.0344405,3.34882,22.3065
1.04651e+08,-1.12246,-0.681089,10.4291,-3.7151,-2.64458,-2.60435,-2.49578,-6.13002,-1.60477,-1.45203,-1.55157,-6.06304,-6.09181,0.534,0.532991,-0.0343089,3.34781,22.2976
1.04671e+08,-0.573305,-0.510091,9.67625,-3.01233,-2.41557,-2.78948,-2.36611,-3.38605,-1.62004,-1.32956,-1.57734,-6.30731,-6.29728,0.534,0.533047,-0.0377485,3.34753,22.28
1.04691e+08,-0.606482,-1.42047,9.82202,-8.2137,-3.68275,-5.81738,-3.64492,-3.49708,1.93722,-2.02226,1.92777,-4.8264,-4.91705,0.532,0.530389,-0.0461071,3.34803,22.2771
1.04712e+08,-0.300824,-1.47346,9.69109,-8.64108,-0.140763,-4.71051,-0.0792959,-1.75777,-0.520799,-0.633575,-0.503541,-6.50579,-6.51797,0.532,0.530614,-0.0465636,3.34782,22.2712
1.04732e+08,-0.122018,-0.459515,9.9656,-2.63985,5.38595,-2.4788,5.40109,-0.700743,-1.10095,-0.01425,-1.08877,-6.24625,-6.21498,0.532,0.531127,-0.0406332,3.3483,22.2859
1.04752e+08,-0.61179,0.494217,11.3066,2.49918,8.50046,-0.99806,8.43712,-3.09425,-4.81088,-0.933209,-4.74518,-6.10884,-6.08618,0.531,0.530086,-0.0360511,3.34893,22.2859
1.04773e+08,-0.454081,0.0944205,10.5651,0.511568,1.27908,-1.43814,1.28786,-2.46093,-6.21546,-0.645367,-6.10779,-5.91037,-5.9267,0.531,0.530161,-0.0344178,3.34885,22.2829
1.04793e+08,-0.0910098,-0.336686,9.59301,-2.00999,-5.77435,-1.91588,-5.70181,-0.543219,-0.597135,-0.620202,-0.586993,-6.29205,-6.22559,0.531,0.530339,-0.0305241,3.34852,22.2771
1.04873e+08,-1.09892,0.537569,9.93955,3.07704,6.83634,-0.619393,6.81606,-6.29989,1.4792,-1.58717,1.51353,-6.42945,-6.43216,0.533,0.531911,-0.032611,3.35041,22.28
1.04893e+08,-0.461232,0.0486606,9.17846,0.303374,5.15695,-1.2532,5.09078,-2.87674,1.46393,-0.765398,1.51879,-6.97907,-6.9799,0.533,0.532268,-0.038652,3.35026,22.2888
1.05073e+08,0.575228,-0.447473,9.96739,-2.56623,-3.62168,-2.22338,-3.59812,3.29962,2.74638,0.629025,2.67874,-1.49815,-1.40425,0.53,0.529446,-0.0107895,3.34992,22.2829
1.05093e+08,-0.721355,-0.498049,10.7519,-2.64621,-3.83542,-2.3335,-3.78572,-3.83417,2.12042,-1.21792,2.07685,0.91406,0.885587,0.53,0.529459,0.000694242,3.34945,22.3006
1.05113e+08,-1.07018,0.238925,10.9742,1.24133,-0.430839,-0.676272,-0.432157,-5.56845,1.12806,-2.36394,1.20925,2.51711,2.43491,0.531,0.530446,0.0101415,3.34909,22.2712
1.05133e+08,-1.0581,-0.295743,11.1894,-1.50729,0.118779,-1.75391,0.113565,-5.40009,4.44103,-3.15181,4.4377,3.06673,3.08818,0.531,0.53035,0.0179596,3.34892,22.28
1.05153e+08,-0.377766,0.436415,9.06267,2.75457,4.7142,-2.01757,3.53788,-2.38416,2.5479,0.863297,8.7161,4.04383,3.99301,0.531,0.530763,0.0170916,3.34858,22.2712
1.05173e+08,1.03139,-0.738891,8.92899,-4.69945,6.8516,-3.16035,6.76432,6.56678,7.03645,2.43799,6.90247,4.0591,4.06746,0.533,0.532115,0.0134999,3.34717,22.2859
1.05274e+08,-0.107697,-0.437839,8.34877,-3.00179,-0.85832,-0.85444,-1.75918,-0.738043,9.20439,-0.803627,6.95829,5.38734,5.235,0.535,0.534807,-0.00792061,3.34507,22.3065
1.05295e+08,-0.0525901,-1.10738,9.75319,-6.47753,2.27145,-3.73547,2.27315,-0.306969,12.3342,-0.478434,12.2351,4.41024,4.39628,0.539,0.538067,-0.00890716,3.34518,22.2859
1.05375e+08,-0.83335,-1.33859,10.1737,-7.47077,-11.9728,-3.32988,-11.8083,-4.64291,-6.71927,-1.73454,-6.68937,4.60872,4.58936,0.538,0.537044,-0.00475239,3.34339,22.3065
1.05476e+08,0.145396,-0.372812,9.8373,-2.17011,1.18748,-2.33224,1.20028,0.84617,4.96012,0.514641,4.95883,6.28811,6.35856,0.541,0.540312,-0.0191417,3.34349,22.2741
1.05497e+08,0.281711,-1.11942,9.44424,-6.75672,-5.80488,-3.41421,-5.71702,1.69669,-0.276524,0.687069,-0.297078,7.69269,7.72199,0.541,0.540189,-0.0301755,3.34368,22.2947
1.05517e+08,-0.487251,-0.840044,9.63529,-4.97636,-7.17893,-2.49253,-7.07549,-2.88403,-4.87194,-0.49658,-4.85571,8.1507,8.19924,0.54,0.53954,-0.0368818,3.34353,22.2976
1.05537e+08,-0.0360787,-0.37522,9.6024,-2.23772,1.29435,-1.96161,1.24781,-0.21511,-8.20019,-0.203041,-8.09915,9.1736,9.097,0.54,0.53939,-0.0417589,3.34439,22.3006
1.05557e+08,0.482135,-0.563076,8.88701,-3.62008,5.53863,-2.67715,5.49833,3.09914,-3.55897,1.2282,-3.5632,10.5171,10.5303,0.54,0.539205,-0.0447079,3.34454,22.3094
1.05577e+08,-0.478019,0.308769,9.61338,1.83737,8.28672,-2.9102,7.71666,-2.84519,-3.19255,1.41334,1.58971,11.2957,10.5754,0.539,0.538743,-0.0387116,3.34333,22.3124
1.05598e+08,0.221917,-0.767792,9.36175,-4.68723,3.27908,-2.82383,3.29728,1.35338,2.86851,0.566616,2.79554,10.4408,10.4349,0.539,0.538227,-0.0382707,3.3442,22.3094
1.05618e+08,-0.183767,-1.66372,9.91149,-9.52711,-5.01099,-4.31441,-4.89053,-1.04753,2.02882,-0.129335,1.98354,10.6087,10.6472,0.539,0.537955,-0.0340664,3.34503,22.2829
1.05638e+08,-0.040983,0.0871952,10.2584,0.48699,-4.72092,-0.879026,-4.69721,-0.22889,-3.26889,-0.422317,-3.18037,12.3797,12.3423,0.536,0.536628,-0.0331677,3.34514,22.3065
1.05658e+08,-0.986398,-0.524542,10.9278,-2.73702,-10.0644,-2.00691,-9.95045,-5.15192,-2.97881,-0.462163,-2.88588,13.8912,13.8419,0.536,0.535216,-0.0342072,3.34534,22.2771
1.05678e+08,0.264571,0.409923,8.89588,2.63716,-4.87359,0.245665,-4.8775,1.70172,-1.72691,0.651269,-1.69857,13.4484,13.432,0.536,0.535431,-0.0325897,3.34375,22.2565
1.05698e+08,-0.0668354,-1.4012,9.36574,-8.50868,1.08061,-4.38143,1.1129,-0.404365,1.60134,-0.174928,1.51396,14.1354,14.0951,0.537,0.535386,-0.0319093,3.34392,22.28
1.05718e+08,-0.587601,-0.623287,10.4097,-3.42109,8.04244,-2.33349,8.01965,-3.225,-5.23836,-0.780959,-5.13295,14.9293,14.9148,0.537,0.536315,-0.0281597,3.34409,22.2712
1.05738e+08,-0.995991,-0.37522,10.7808,-1.98489,6.77527,-1.77836,6.77707,-5.27512,-3.10095,-1.97627,-3.04374,14.6393,14.6396,0.537,0.535883,-0.0198616,3.34476,22.2859
1.05758e+08,-0.446914,0.0823784,10.2706,0.459111,-0.0033586,-1.0775,0.00830242,-2.4915,-3.32996,-0.645448,-3.24274,14.456,14.4553,0.534,0.534621,-0.0255768,3.34447,22.3212
1.05778e+08,-0.420573,-0.189772,9.35136,-1.1614,-7.74382,-1.65625,-7.67054,-2.57458,-3.08568,-0.661724,-3.01605,16.4713,16.4043,0.534,0.533516,-0.0285052,3.34326,22.3065
1.05818e+08,0.484399,-0.119928,9.77331,-0.70218,-0.949923,-1.72088,-0.962274,2.83725,1.69294,1.18556,1.63826,14.8988,14.9328,0.536,0.534508,-0.0238746,3.34425,22.2888
1.05838e+08,-0.535084,-0.565485,10.2198,-3.16274,2.02718,-2.61783,2.03092,-2.99256,-1.43683,-0.390987,-1.43994,16.2728,16.2377,0.536,0.535151,-0.0218774,3.3444,22.3153
1.05858e+08,0.051958,0.751917,9.75846,4.40604,8.33252,0.419606,8.19511,0.304162,-7.14675,0.691275,-7.03802,15.0057,15.0402,0.536,0.53539,-0.0260689,3.34522,22.2947
1.05878e+08,0.0138791,0.296727,9.30428,1.82662,0.317252,0.15503,0.319695,0.0854241,-5.83378,-0.201737,-5.79885,14.2728,14.2342,0.535,0.534963,-0.031715,3.34524,22.2918
1.05899e+08,1.32486,0.0847868,8.69738,0.552164,-3.24,-0.55687,-3.30843,8.66081,0.56317,3.32029,0.516682,14.227,14.2826,0.535,0.53409,-0.0411022,3.34509,22.3212
1.05999e+08,0.357981,-0.613653,10.219,-3.4344,0.821069,-2.08893,0.824642,2.0027,2.4105,1.00729,2.3408,11.4484,11.4773,0.532,0.531881,-0.0197618,3.34726,22.2976
1.06019e+08,-0.597299,-0.0958442,10.4818,-0.523042,3.17221,-1.21615,3.17137,-3.2613,1.79981,-0.65159,1.81163,12.6698,12.6941,0.532,0.531571,-0.0164327,3.34776,22.3182
1.06299e+08,0.0211397,-0.0524928,9.50315,-0.316482,-4.73618,-0.57341,-4.67008,0.127452,2.83798,0.430199,2.80461,18.3186,18.2588,0.534,0.53287,-0.0133015,3.34911,22.2976
1.064e+08,-1.20364,-0.693131,10.7425,-3.66883,-2.96519,-0.189377,-2.84367,-6.37987,1.11279,-0.871898,1.14371,14.0438,14.0078,0.534,0.533059,-0.00654147,3.3488,22.3241
1.065e+08,-0.191371,-0.0789853,9.89029,-0.457477,-3.43847,-0.842415,-3.3802,-1.10846,2.94485,0.224382,2.87856,10.9141,10.9257,0.539,0.538587,-0.0128191,3.34918,22.3006
1.066e+08,0.133127,0.816945,9.54006,4.894,-3.49954,0.855095,-3.55326,0.796565,-12.9635,1.03569,-12.8496,8.27284,8.2282,0.538,0.537729,-0.0221909,3.3492,22.2947
1.0662e+08,0.756343,0.853071,9.9527,4.88497,3.66076,-0.955894,3.53057,4.32995,-4.82614,1.70221,-4.80441,7.31101,7.27791,0.538,0.536448,-0.0233092,3.34919,22.3094
1.067e+08,0.17143,0.462908,9.76739,2.71298,-1.65221,-0.66616,-1.66239,1.00439,-3.23836,0.939916,-3.1669,7.40261,7.44858,0.54,0.538891,-0.0250105,3.34987,22.3271
1.06761e+08,-0.401729,0.742284,10.0034,4.24035,7.27908,1.81974,7.18226,-2.29343,-8.10859,-1.65161,-8.06876,6.97513,6.95715,0.54,0.539297,-0.0283405,3.34903,22.2918
1.06781e+08,0.715804,0.657989,9.21641,4.07138,10.9737,0.746422,10.8321,4.4298,3.11279,2.31363,3.06538,7.67742,7.57221,0.541,0.540121,-0.0291306,3.34885,22.3271
1.06801e+08,-0.396513,-0.842453,9.92486,-4.84796,-1.07206,0.0497231,6.14693,-2.27964,8.3647,2.36469,4.17175,5.24994,7.39655,0.541,0.540109,-0.031344,3.34734,22.2712
1.06821e+08,-1.01503,-0.591977,11.0488,-3.05405,-10.8125,-2.0776,-10.6634,-5.24145,0.0440865,-1.20919,0.118079,6.33391,6.31934,0.541,0.540295,-0.0273386,3.34717,22.3094
1.06841e+08,-1.08683,-0.0163666,10.5037,-0.0888023,-12.9652,-0.589187,-12.8454,-5.90741,-7.77271,-2.64151,-7.68822,5.05146,5.08429,0.538,0.5376,-0.0217263,3.34768,22.2976
1.06861e+08,-0.136693,0.79286,10.8746,4.1697,-2.14076,0.00784695,-2.20047,-0.71826,-15.8948,0.103917,-15.6996,4.63925,4.66906,0.538,0.537437,-0.0182101,3.3475,22.3388
1.06881e+08,0.48193,0.173898,9.35591,1.06342,8.91267,-0.506212,8.79029,2.94823,-6.88721,1.34449,-6.90919,4.66979,4.7018,0.538,0.537535,-0.0141472,3.34816,22.28
1.06901e+08,-0.372657,-0.760566,10.2502,-4.24077,11.3554,-2.45684,11.2962,-2.07642,-1.29943,0.321963,-1.30865,6.60872,6.53297,0.539,0.538148,-0.00649783,3.34812,22.28
1.06921e+08,0.713599,0.000492326,9.41242,0.00298834,11.5539,-1.18062,11.4066,4.33556,6.27309,1.74844,6.19004,5.67742,5.63404,0.539,0.538467,-0.00496978,3.3485,22.3094
1.06941e+08,0.845024,-0.336686,9.45925,-2.0304,0.897405,-1.83294,0.919065,5.10164,10.151,2.7063,10.0282,4.83772,4.91797,0.539,0.538442,-0.00771144,3.34827,22.3124
1.07021e+08,0.479535,0.200391,9.20401,1.24556,6.86687,-0.570459,6.74048,2.98175,-12.6124,1.27499,-12.5403,5.99803,5.88417,0.54,0.538731,-0.0225534,3.34788,22.2859
1.07041e+08,-0.513402,-1.25429,9.07195,-7.85941,6.42412,-3.52109,6.45986,-3.20859,-2.30706,-0.671678,-2.35656,5.35681,5.34866,0.54,0.538937,-0.0252229,3.34836,22.3124
1.07201e+08,0.395973,0.154631,8.88824,0.995701,9.01954,0.531108,8.96296,2.55047,5.4792,1.35903,5.42349,2.89879,2.96808,0.539,0.538367,-0.044951,3.34852,22.3182
1.07342e+08,-0.0624635,0.051069,10.0447,0.291293,7.84397,-1.09265,7.76273,-0.356287,2.4105,-0.785403,2.40381,2.18124,2.15713,0.535,0.534462,-0.0240646,3.34655,22.3035
1.07362e+08,0.51038,0.908464,9.34282,5.54557,5.26382,0.478158,5.17451,3.1122,3.64714,1.33688,3.64972,1.47895,1.49314,0.535,0.534177,-0.0272485,3.34727,22.3035
1.07382e+08,0.202555,0.166673,9.35614,1.02034,-0.15603,-0.970763,-0.173401,1.24003,5.03645,0.592272,4.96534,2.39498,2.34666,0.535,0.534361,-0.03077,3.34777,22.3535
1.07402e+08,-0.367656,-1.5722,9.54616,-9.34555,-4.84305,-4.5052,-4.75848,-2.17628,1.40286,-0.389658,1.37061,2.47131,2.43297,0.535,0.533644,-0.0368461,3.34758,22.3241
1.07542e+08,-0.196488,1.14931,10.1321,6.47034,2.82107,1.07115,2.71266,-1.1039,-0.902478,-0.43197,-0.837593,2.91406,2.83449,0.534,0.533249,-0.0252269,3.34578,22.3153
1.07562e+08,0.317518,-1.08089,9.09525,-6.77319,0.286718,-4.04437,0.311548,1.98544,2.4105,0.897462,2.35621,2.04383,2.03891,0.531,0.530583,-0.0321665,3.34569,22.3476
1.07622e+08,0.243464,-0.970098,9.80539,-5.64845,5.92031,-3.65177,5.92652,1.41543,2.57844,0.990638,2.50797,0.501846,0.484935,0.531,0.529885,-0.0423059,3.34394,22.3653
1.07642e+08,-0.315486,-0.266842,10.8042,-1.4142,1.46229,-2.25611,1.47671,-1.67207,-1.39103,0.182558,-1.36569,-2.44472,-2.37121,0.531,0.530099,-0.0390325,3.34453,22.2947
1.07662e+08,0.65398,-0.278884,9.77528,-1.63053,-0.201832,-1.84071,-0.225129,3.82592,-0.551333,1.70808,-0.611625,-1.29968,-1.34044,0.531,0.530291,-0.0352531,3.34526,22.3476
1.07682e+08,-0.585103,-1.02068,10.9029,-5.34051,-0.659847,-2.90034,-0.612982,-3.05847,-4.35286,-0.697502,-4.31795,-0.765329,-0.811371,0.531,0.530107,-0.0299626,3.34536,22.3359
1.07702e+08,-0.940812,-1.30246,10.2973,-7.17919,-1.1484,-4.24594,-1.01986,-5.17927,-7.07042,-1.41432,-6.9768,0.0285639,-0.028393,0.531,0.529865,-0.0280405,3.34529,22.3447
1.07722e+08,-0.671001,-1.24947,10.4966,-6.7746,4.33252,-4.88135,4.31931,-3.6321,-5.78797,-2.05168,-5.74716,0.0285639,0.0960021,0.531,0.529558,-0.0198295,3.34539,22.3241
1.07742e+08,-0.207756,-1.26392,9.77444,-7.36634,5.06534,-3.87411,5.11113,-1.20759,-1.37576,0.0835238,-1.39419,0.959862,0.986027,0.531,0.530048,-0.0137881,3.34599,22.3447
1.07762e+08,0.716254,-0.962873,9.92608,-5.52633,4.65313,-3.2296,4.64024,4.10803,4.68531,1.5787,4.59893,-0.353116,-0.260572,0.531,0.530307,-0.00670444,3.34589,22.3271
1.07782e+08,-0.991319,0.000492326,11.1708,0.00251528,-0.736183,-2.02789,-0.664493,-5.07125,1.83035,-1.27179,1.87301,0.578182,0.680365,0.531,0.530071,-0.00306216,3.34587,22.3388
1.07802e+08,-0.217493,-0.596794,10.2148,-3.34293,-1.22473,-1.94932,-1.15932,-1.21768,4.88378,-0.763716,4.84534,2.22704,2.1844,0.532,0.531218,0.0120472,3.34679,22.3006
1.07822e+08,-1.15367,-0.0741685,10.6556,-0.396484,1.23328,-1.90365,1.26954,-6.17912,0.150957,-1.85961,0.209876,2.63925,2.5292,0.532,0.531309,0.00677187,3.34631,22.3212
1.07842e+08,0.365147,-0.623287,7.95157,-4.47729,9.34015,-3.36759,9.21247,2.62123,0.990651,0.720799,0.992145,2.1965,2.19481,0.532,0.531148,-0.00779261,3.34627,22.3094
1.07862e+08,0.706461,-0.0934358,8.74037,-0.610486,9.27908,-1.57193,9.18651,4.62076,0.379964,1.79101,0.342616,0.70032,0.699932,0.533,0.532089,-0.0136866,3.34599,22.2976
1.07882e+08,0.751763,0.147406,9.10635,0.92423,8.83634,-0.83907,8.71876,4.71867,-1.89484,2.03833,-1.89285,0.0743654,0.129812,0.533,0.532374,-0.0233465,3.34572,22.3506
1.07902e+08,0.193002,0.17149,9.55797,1.02768,3.26382,-1.03754,3.23543,1.15662,-0.84141,1.01337,-0.855482,-0.139375,-0.130757,0.533,0.532331,-0.0295641,3.34563,22.3447
1.07942e+08,0.116878,-0.859311,9.14089,-5.37001,0.989008,-3.53311,1.00607,0.729342,1.29599,0.55044,1.22975,-0.918001,-0.962063,0.531,0.529637,-0.045587,3.34547,22.3359
1.07962e+08,-0.181399,-1.59147,9.82376,-9.20055,1.58443,-4.51991,1.62862,-1.04425,0.441033,-0.22028,0.425266,-2.84167,-2.88731,0.531,0.529739,-0.0426857,3.34556,22.3153
1.07982e+08,0.181185,-0.26925,10.0369,-1.5364,2.94321,-2.33951,2.95666,1.03382,2.37996,0.510406,2.36829,-3.40655,-3.37978,0.533,0.53162,-0.0357854,3.34565,22.3212
1.08002e+08,-0.248862,0.578512,10.2974,3.21458,3.43176,-0.0691106,3.40654,-1.38224,5.11279,-0.559145,5.07644,-3.97144,-3.94956,0.533,0.532273,-0.032589,3.34641,22.3094
1.08022e+08,-0.172286,-0.0139582,10.2251,-0.0782023,-4.3545,-1.14551,-4.28185,-0.965299,8.19676,-0.24241,8.12424,-5.65083,-5.54272,0.533,0.532531,-0.025553,3.34603,22.3094
1.08042e+08,-0.508992,0.0607027,10.0902,0.344249,-4.41557,-1.07669,-4.4064,-2.88773,4.24256,-0.735308,4.27248,-4.33785,-4.35575,0.529,0.529506,-0.0340071,3.34466,22.3418
1.08243e+08,0.666025,-0.657005,9.2737,-4.04203,-0.53771,-1.81524,-0.525681,4.09762,-3.05515,0.667761,-3.07206,-1.69663,-1.66243,0.53,0.529442,-0.0213416,3.34318,22.3712
1.08263e+08,-0.53291,0.200391,10.3683,1.10578,-3.04153,-1.0962,-2.99525,-2.94176,-5.71164,-0.90654,-5.6699,-1.74243,-1.69426,0.53,0.529399,-0.0235554,3.34339,22.3153
1.08283e+08,-0.0554406,0.556836,10.0574,3.16895,-1.49954,0.477882,-1.56058,-0.315352,0.471567,-0.0764885,0.495181,0.333907,0.304252,0.53,0.529635,-0.0234085,3.34359,22.3418
1.08303e+08,-0.0598386,-0.801509,9.191,-4.98382,-6.38504,-2.49478,-6.30077,-0.371613,11.2502,-0.4611,11.1454,1.15833,1.13255,0.53,0.529421,-0.0251826,3.34377,22.3153
1.08323e+08,0.0688008,0.29191,9.72684,1.71893,-4.18656,0.0750542,-4.17522,0.405081,12.3189,-0.480147,12.246,3.40261,3.33287,0.53,0.529418,-0.026311,3.34386,22.3565
1.08343e+08,-0.444102,-1.44456,10.0925,-8.13774,-9.42321,-3.06906,-9.27696,-2.49418,11.7387,-0.834293,11.6256,3.44841,3.46787,0.533,0.531514,-0.011076,3.34252,22.3153
1.08443e+08,0.534228,1.01684,9.37621,6.17955,5.06534,1.53218,4.92605,3.24204,5.79981,1.07475,5.77099,6.60872,6.52654,0.533,0.532589,-0.00196715,3.3428,22.3182
1.08463e+08,1.05723,0.768776,9.12845,4.78214,3.76763,1.44807,3.64705,6.58332,8.88378,2.84404,8.8264,6.51711,6.48362,0.535,0.533669,-0.00678611,3.34285,22.3065
1.08543e+08,-0.0741349,-0.912296,9.38789,-5.55029,-5.1942,-3.80287,-5.15709,-0.450326,1.02119,-0.0286219,0.975113,5.63162,5.60109,0.536,0.534212,-0.0278089,3.34281,22.33
1.08664e+08,0.711227,-0.0573096,9.30786,-0.351747,-14.0797,-0.23717,-14.0432,4.36948,0.517369,1.19895,0.413834,8.80719,8.85337,0.536,0.535819,-0.00639705,3.34416,22.3124
1.08684e+08,0.448787,-0.856903,9.19997,-5.315,-4.3545,-3.10661,-4.35438,2.78073,3.25019,1.83596,3.19559,11.3263,11.2808,0.536,0.535443,-0.00486344,3.34407,22.3124
1.08704e+08,-0.504016,-0.661821,10.2291,-3.69738,3.21802,-2.01881,3.21394,-2.81495,0.212025,-1.45895,0.26619,10.395,10.4318,0.541,0.539493,0.0145786,3.34431,22.3329
1.08724e+08,0.627756,-0.430614,8.45736,-2.90676,8.02718,-1.50861,7.96834,4.23958,8.73111,1.3862,8.60995,11.8454,11.7877,0.541,0.540726,0.0149462,3.34404,22.3712
1.08744e+08,0.0832684,-0.213856,10.0228,-1.22229,3.96611,-1.5512,3.94942,0.475889,6.04409,0.168485,5.9963,9.31101,9.40604,0.541,0.540895,0.0114143,3.34344,22.3271
1.08864e+08,-0.0742507,-0.495641,9.45267,-3.0014,-2.91939,-1.35135,-2.87465,-0.449432,8.62424,-0.275082,8.54602,5.0362,4.90827,0.545,0.54446,-0.0433818,3.34217,22.3182
1.08885e+08,0.84478,0.539977,9.39655,3.27573,-6.72092,0.585754,-6.74836,5.12885,4.96012,1.41547,4.90289,2.77666,2.79903,0.547,0.546105,-0.0367883,3.34251,22.3418
1.08905e+08,0.766185,-0.192181,9.29335,-1.18067,-11.8049,-1.45782,-11.7932,4.71205,1.17386,0.628989,1.12002,3.73849,3.70693,0.547,0.546239,-0.0266863,3.34266,22.3329
1.08925e+08,-0.463647,0.144997,11.1682,0.74319,-14.6446,-0.26056,-14.5342,-2.37706,-5.14675,-0.97989,-5.07,4.33391,4.34974,0.547,0.546709,-0.00959661,3.34205,22.3476
1.08945e+08,0.488961,0.650764,9.42315,3.94529,-2.87359,1.15741,-2.98535,2.96333,-2.38339,0.347812,-2.40201,5.81482,5.84045,0.545,0.544981,-0.0118996,3.34282,22.3594
1.08965e+08,-0.210385,-0.396896,10.6163,-2.14061,0.86687,-0.585396,0.862003,-1.1345,2.53264,-0.771222,2.488,7.15834,7.17026,0.545,0.544745,-0.00148847,3.34254,22.3506
1.08985e+08,0.357973,-0.584752,9.44265,-3.54108,8.05771,-2.05463,8.01974,2.16691,8.5937,0.973582,8.48745,7.50948,7.56067,0.545,0.544746,0.00150879,3.34244,22.3329
1.09005e+08,0.317096,0.436415,9.1333,2.73403,8.98901,-0.0132178,8.90107,1.98617,8.37996,0.822621,8.31311,6.48658,6.57166,0.548,0.547239,-0.00183919,3.34336,22.3094
1.09025e+08,-0.375148,-0.389671,9.46972,-2.3545,1.84397,-1.61373,1.83711,-2.2667,4.62424,-0.369818,4.59037,6.62398,6.57969,0.548,0.547648,-0.0118426,3.34338,22.3359
1.09045e+08,-0.473054,-0.372812,9.73337,-2.19091,-7.86595,-1.58798,-7.75765,-2.78042,-5.4063,-0.815929,-5.28182,5.87589,5.8247,0.548,0.547576,-0.0237673,3.34324,22.3741
1.09266e+08,-1.11774,-0.483599,10.7713,-2.55697,6.40886,-2.24694,6.33395,-5.91848,3.60134,-3.49036,3.5677,0.532381,0.590248,0.545,0.543917,-0.0308974,3.34098,22.3624
1.09287e+08,-0.575953,0.424373,9.54005,2.54241,12.9127,-0.258632,12.8015,-3.45147,3.15859,-1.16139,3.22854,1.67742,1.63407,0.545,0.544377,-0.0338916,3.3413,22.3653
1.09307e+08,0.782926,-0.288517,8.64264,-1.9042,6.42412,-1.9172,6.39556,5.17336,3.92195,1.63081,3.87699,1.0362,1.02085,0.542,0.54158,-0.0435855,3.34168,22.3535
1.09327e+08,0.59929,-1.10497,9.55795,-6.58173,-3.66748,-3.26505,-3.60264,3.56411,-0.276524,1.43943,-0.360289,0.852991,0.86786,0.542,0.541161,-0.044332,3.34171,22.3594
1.09347e+08,-0.707094,-0.259616,10.7452,-1.38108,-2.47664,-2.463,-2.45704,-3.76387,-8.93301,-0.535296,-8.83055,0.227037,0.26683,0.542,0.540824,-0.0426857,3.34199,22.3535
1.09367e+08,0.0524776,-1.11701,10.0285,-6.35554,2.95847,-3.38296,2.94199,0.297975,-2.94828,-0.027086,-2.97341,-0.00197053,0.00752871,0.542,0.541102,-0.0406111,3.34116,22.3271
1.09388e+08,-0.637998,0.284685,10.7127,1.51955,3.29435,-1.50363,3.30594,-3.40703,-1.78797,-0.689606,-1.72754,0.669785,0.651013,0.542,0.540875,-0.0430331,3.34147,22.3476
1.09489e+08,-0.456442,-0.00191609,9.91439,-0.0110615,6.69893,-1.28036,6.65371,-2.63594,-8.74981,-1.0031,-8.65306,-0.505787,-0.516269,0.539,0.538357,-0.0593568,3.34132,22.3182
1.09509e+08,-0.687971,-0.334277,10.3557,-1.84478,0.240916,-1.81755,0.321236,-3.79884,-6.475,-0.841048,-6.42125,-0.688993,-0.706576,0.539,0.538148,-0.0591901,3.34145,22.3447
1.09529e+08,-0.542173,-0.835227,10.2479,-4.65296,-5.24,-2.79804,-5.14973,-3.01847,-3.66584,-0.909409,-3.61613,-0.8722,-0.908333,0.539,0.538133,-0.0524329,3.34149,22.3241
1.09549e+08,0.150089,-0.0741685,9.82353,-0.43253,-4.11023,-1.36272,-4.11521,0.875303,0.532636,0.593083,0.574317,-1.97144,-1.95652,0.536,0.535526,-0.0546631,3.34246,22.3182
1.09569e+08,-0.711589,-1.26874,10.6628,-6.77065,-2.43084,-3.85663,-3.41256,-3.79133,2.47157,-0.673002,3.75862,-1.23861,-1.67144,0.536,0.534838,-0.0505232,3.3427,22.3535
1.09589e+08,0.176343,-0.0308171,9.41996,-0.187408,5.7371,-2.77632,4.71928,1.07246,-0.474998,0.142373,3.71144,-3.28441,-2.45551,0.536,0.534875,-0.0419101,3.34293,22.3771
1.09689e+08,0.403471,-1.04958,8.73435,-6.84495,-6.3545,-4.00568,-6.28755,2.62596,-0.765074,1.17991,-0.77343,-4.44472,-4.4896,0.533,0.531817,-0.0430368,3.34367,22.3418
1.09709e+08,0.529949,-0.7702,9.3876,-4.68287,-2.87359,-2.77358,-2.85164,3.22024,-0.200188,1.6173,-0.266655,-5.72716,-5.65893,0.533,0.532169,-0.0391758,3.34377,22.3476
1.09729e+08,0.269634,-0.625695,8.77313,-4.07748,5.32489,-3.00117,5.25769,1.75592,-5.00935,1.15526,-5.00247,-5.51342,-5.5284,0.536,0.534691,-0.0308297,3.34395,22.3418
1.09749e+08,1.0432,-0.276475,9.30485,-1.69134,15.7829,-1.72651,15.5927,6.39411,-2.82614,2.54232,-2.8605,-6.18518,-6.14979,0.536,0.535141,-0.0254302,3.34462,22.3212
1.09769e+08,0.446207,-0.165688,10.2908,-0.921548,13.2486,-1.74817,13.1818,2.48244,-1.95591,1.50382,-1.97487,-6.16991,-6.13367,0.536,0.535326,-0.019121,3.34459,22.3241
1.0979e+08,0.598678,1.09632,9.88912,6.31458,4.13405,0.207465,4.06522,3.44336,-4.16965,0.930492,-4.12161,-6.10884,-6.12658,0.533,0.53209,-0.0218043,3.34472,22.3271
1.0989e+08,0.742173,0.287094,9.27752,1.76682,17.2791,-0.245771,17.0689,4.57157,1.64714,1.82766,1.59849,-4.41418,-4.4004,0.535,0.534498,-0.0150619,3.34613,22.33
1.0991e+08,-0.0240532,-0.685906,9.73485,-4.03032,7.92031,-2.39685,7.92016,-0.141218,-4.45973,0.531374,-4.40292,-3.54396,-3.64132,0.535,0.534381,-0.0203346,3.34602,22.3476
1.0993e+08,0.406047,-1.72393,8.55282,-11.3835,-5.68275,-5.53623,-5.52647,2.66458,-1.71164,1.58047,-1.77456,-4.33785,-4.31061,0.535,0.533483,-0.0317006,3.346,22.3388
1.0995e+08,0.837995,-0.823185,8.41144,-5.56209,-5.54534,-3.85466,-5.50076,5.66248,0.288361,2.27667,0.220826,-4.10884,-4.11668,0.535,0.53308,-0.0414417,3.34539,22.3094
1.0997e+08,0.737759,-1.01345,8.74361,-6.5883,0.805802,-3.75886,0.763649,4.79109,5.87615,2.32857,5.75197,-3.60502,-3.60434,0.535,0.533794,-0.045226,3.34481,22.3447
1.0999e+08,-0.649698,-0.575119,10.7256,-3.06371,2.21038,-2.26386,2.24639,-3.46146,1.12806,-0.454056,1.14232,-2.94854,-2.99764,0.535,0.534001,-0.0430486,3.34493,22.3447
1.1001e+08,0.639697,-0.437839,9.55423,-2.61799,7.8745,-2.59035,7.83655,3.82648,0.318896,3.61462,0.310917,-2.55159,-2.5556,0.535,0.533584,-0.0486708,3.34505,22.3153
1.1003e+08,-0.764212,-0.943606,10.3381,-5.20107,0.179848,-3.27087,0.288373,-4.21027,-6.79561,-0.284796,-6.72795,-2.09357,-2.1199,0.536,0.534586,-0.0461087,3.34491,22.3565
1.1005e+08,-0.198233,-1.16277,9.49207,-6.98239,-1.40794,-4.43863,-1.32775,-1.18752,-7.62004,-0.500022,-7.57871,-2.38365,-2.38421,0.536,0.534698,-0.0476793,3.34503,22.3359
1.1007e+08,0.666017,-0.628104,9.91954,-3.61501,0.637863,-2.60262,0.644103,3.83353,-3.6353,1.49935,-3.63635,-2.9638,-2.90155,0.536,0.535126,-0.0439855,3.34565,22.3476
1.1009e+08,0.601732,-1.30246,9.28222,-7.97095,-2.98046,-4.67705,-2.93276,3.6732,0.670041,2.31093,0.616679,-2.20044,-2.20779,0.536,0.533748,-0.047664,3.34632,22.3653
1.1011e+08,0.658966,-1.03272,9.57226,-6.1432,-4.44611,-3.51022,-4.34164,3.91545,2.42577,2.58313,2.34963,-2.41418,-2.42114,0.536,0.534629,-0.0418607,3.34722,22.3447
1.1013e+08,-0.336971,-0.286109,10.2866,-1.59235,2.97374,-2.51444,2.94566,-1.87552,1.96775,0.0323499,1.94715,-3.81876,-3.72353,0.536,0.534932,-0.0383182,3.34705,22.3624
1.1015e+08,-0.54024,0.802494,10.4143,4.40042,9.96611,-0.0187088,9.84205,-2.96078,-4.29179,-0.656604,-4.17279,-2.59739,-2.65051,0.536,0.535109,-0.0330815,3.34707,22.3271
1.1017e+08,-0.465923,-0.2548,10.7972,-1.3506,6.6684,-2.22587,6.64894,-2.47022,-3.55897,-0.305161,-3.49484,-3.57449,-3.53487,0.536,0.535171,-0.028242,3.34691,22.33
1.1019e+08,-0.91026,0.458091,10.3737,2.5188,3.63023,-0.680835,3.63693,-5.00981,-6.5208,-1.41987,-6.38772,-3.7577,-3.75911,0.536,0.535165,-0.0264038,3.34558,22.3682
1.1029e+08,-0.434843,-0.394488,9.36054,-2.41063,9.11115,-2.03563,9.0568,-2.6574,5.49447,-0.340123,5.42733,-4.62792,-4.63623,0.535,0.534045,-0.0625787,3.34428,22.3565
1.1031e+08,-0.000476718,0.400289,9.18812,2.49457,2.6226,-0.988658,2.59868,-0.00296993,-1.95591,0.565515,-1.94671,-5.54396,-5.52663,0.535,0.533807,-0.0704548,3.34409,22.3506
1.1033e+08,-0.281935,-0.702764,9.05364,-4.43639,-6.2629,-2.5114,-6.20423,-1.7783,-8.5208,-0.342906,-8.45568,-4.49052,-4.56017,0.533,0.532151,-0.0779044,3.34467,22.3388
1.1035e+08,0.463124,-0.893029,9.22364,-5.5232,-5.59114,-2.94484,-5.55226,2.86108,-7.46736,1.24806,-7.4438,-7.10121,-7.06976,0.533,0.531925,-0.0762116,3.34472,22.3388
1.1037e+08,0.379584,-1.01827,10.0046,-5.80738,-3.53008,-3.97937,-3.45743,2.16165,-3.17729,1.25476,-3.19909,-7.8951,-7.78999,0.533,0.531614,-0.0713007,3.34468,22.3594
1.1039e+08,-0.112479,-0.413755,10.0131,-2.36603,2.63786,-1.97034,2.64149,-0.643035,-4.81088,0.169166,-4.75801,-6.15464,-6.2288,0.532,0.531012,-0.0596014,3.34481,22.3153
1.10611e+08,-0.678427,-0.305376,10.4079,-1.67706,-4.73618,-1.87329,-4.68491,-3.72787,4.37996,-1.46027,4.40342,-2.49052,-2.55287,0.526,0.525196,-0.0481498,3.34533,22.3918
1.10712e+08,-0.503828,-1.33859,9.67486,-7.86674,-4.56824,-4.43912,-4.48931,-2.95296,1.58607,-1.15456,1.55931,1.67742,1.71339,0.527,0.52614,-0.0142293,3.34602,22.3624
1.10732e+08,0.166741,0.152222,9.75977,0.893435,5.21802,-1.18142,5.13133,0.978657,9.32653,-0.230651,9.25076,0.975129,1.0534,0.527,0.526421,-0.0130351,3.34659,22.38
1.10812e+08,-0.592628,0.282277,10.5869,1.52492,-13.5759,-1.02995,-13.4498,-3.20281,-9.66584,-0.588,-9.5515,1.52475,1.56453,0.528,0.527338,-0.0222362,3.34661,22.3476
1.10832e+08,-0.403806,-0.37522,10.2319,-2.09856,-7.60641,-2.51028,-7.59167,-2.25851,-6.30706,-1.52195,-6.27673,2.16597,2.14876,0.528,0.527227,-0.0237216,3.34715,22.3476
1.10912e+08,-0.37049,0.0318017,10.978,0.165882,-7.91176,-1.1914,-7.8201,-1.93289,8.3189,-0.437881,8.27765,3.37208,3.4428,0.529,0.5285,-0.0110577,3.34703,22.3682
1.11012e+08,-0.0385302,-0.146421,8.85014,-0.947833,5.21802,-1.27153,5.14922,-0.249409,10.6242,-0.101727,10.5244,7.58582,7.49922,0.53,0.529789,0.00282405,3.34599,22.3565
1.11032e+08,-0.635222,-1.10979,10.1407,-6.23341,-2.98046,-2.87889,-2.87319,-3.56316,10.838,-1.44174,10.7962,8.12017,8.0061,0.53,0.529506,0.00172696,3.34597,22.3682
1.11052e+08,-0.597052,-0.98214,10.2762,-5.45029,-6.49191,-4.07957,-6.41127,-3.31013,7.99829,-1.97456,7.96936,6.65452,6.66404,0.533,0.531856,0.00992959,3.34578,22.4035
1.11072e+08,-0.728645,-0.0404507,9.82197,-0.235319,-8.61405,-1.13238,-8.50523,-4.2427,-2.64294,-1.69395,-2.52887,6.31864,6.30103,0.533,0.532642,0.00803215,3.34535,22.3506
1.11092e+08,0.935787,-0.428205,8.61617,-2.82853,-1.97282,-2.40912,-2.0304,6.19091,-2.33759,2.22121,-2.38822,5.61635,5.56519,0.533,0.532353,0.00170079,3.34528,22.3535
1.11112e+08,0.295769,-0.151238,10.6139,-0.816037,-0.781984,-1.16162,-0.791554,1.59604,-6.41393,0.492076,-6.37293,3.98276,4.03661,0.538,0.537338,0.0210472,3.34513,22.3565
1.11132e+08,0.0761993,-0.553443,9.81333,-3.2278,-0.354504,-1.64423,-0.333372,0.44418,-2.73454,-0.0740783,-2.70417,3.1736,3.22764,0.538,0.537944,0.0197807,3.34507,22.3565
1.11152e+08,0.899837,0.0462522,8.40803,0.313389,5.17221,-1.15097,5.06991,6.10852,7.4792,2.33894,7.35372,3.37208,3.43117,0.538,0.537592,0.00747834,3.34501,22.38
1.11172e+08,-0.274844,-0.442656,10.2103,-2.48154,4.37832,-1.64987,4.33097,-1.54049,11.6471,-0.542869,11.5445,4.97513,4.91569,0.537,0.536865,0.00409862,3.34428,22.38
1.11192e+08,-1.25636,-0.0452675,10.3234,-0.249398,-3.75908,-1.2171,-3.65161,-6.93872,7.12806,-2.36102,7.16714,3.63162,3.65899,0.537,0.536482,-0.00500414,3.34393,22.3329
1.11212e+08,-1.37344,0.234108,11.0386,1.20567,-10.1408,-0.585478,-9.99832,-7.09082,-1.57423,-2.04096,-1.43901,3.75375,3.74813,0.537,0.536297,-0.00486228,3.34241,22.3535
1.11233e+08,-0.453867,-0.676272,10.7775,-3.58734,-9.66748,-2.54083,-9.56174,-2.40671,-6.70401,-0.504493,-6.63146,1.2194,1.30594,0.541,0.540221,0.00796309,3.34181,22.3771
1.11253e+08,-0.478108,0.629088,9.88218,3.63823,-2.84305,0.673169,-2.86294,-2.76427,-9.78798,-1.10202,-9.68156,2.94459,2.87694,0.541,0.54077,0.0106265,3.34124,22.38
1.11273e+08,0.429303,0.513484,9.14995,3.20848,4.24092,-0.233394,1.37838,2.68206,-1.28416,0.866514,-3.79688,2.13543,1.72283,0.541,0.540852,0.00588033,3.34104,22.3565
1.11293e+08,-0.272516,-0.228307,9.91862,-1.31811,4.01191,-1.74099,3.98883,-1.5734,5.90668,-0.201101,5.85772,3.02093,2.96766,0.541,0.54068,-0.00520819,3.34084,22.38
1.11354e+08,0.952429,-0.165688,8.17972,-1.15264,-5.20947,-1.57151,-5.23443,6.64014,-1.22309,3.70006,-1.19954,0.0285639,-0.020363,0.544,0.541738,-0.0463429,3.3399,22.3359
1.11374e+08,0.764051,-1.10497,9.14231,-6.86781,-9.1026,-3.22833,-9.0176,4.74292,-5.52843,2.27633,-5.56179,-0.795864,-0.794575,0.544,0.542911,-0.0494301,3.33985,22.3447
1.11414e+08,-0.0167879,-1.05198,10.0097,-5.99957,0.515725,-2.95629,0.529599,-0.0955681,-0.322326,-0.600825,-0.379291,-3.14701,-3.08435,0.547,0.546041,-0.0468752,3.33857,22.3741
1.11435e+08,-0.00766099,0.47495,9.95038,2.73276,3.44702,0.0158483,3.40668,-0.044063,5.525,0.166713,5.51251,-1.13174,-1.1371,0.547,0.546346,-0.042542,3.33959,22.3624
1.11455e+08,-0.0077092,0.648356,9.58265,3.87069,-2.40031,0.428077,-2.42219,-0.0459891,15.1586,-0.294878,15.0189,-1.07067,-1.077,0.542,0.544588,-0.0483572,3.33897,22.38
1.11475e+08,-0.554201,-0.517317,10.7161,-2.7601,-10.0644,-1.42646,-9.97705,-2.95706,12.2578,-1.00164,12.2016,0.333907,0.282031,0.542,0.541743,-0.048316,3.3398,22.38
1.11495e+08,-0.611365,-1.03513,10.7415,-5.4956,-11.3927,-3.98971,-11.2928,-3.24256,3.66241,-1.84028,3.69219,-0.505787,-0.499843,0.542,0.540903,-0.0463252,3.34001,22.3624
1.11515e+08,-0.795544,0.0992373,10.0122,0.566093,-6.15603,-0.483337,-6.07825,-4.54282,-9.91011,-1.52969,-9.73631,-0.780596,-0.823003,0.544,0.542057,-0.0419232,3.33987,22.3624
1.11535e+08,0.236244,-0.767792,8.4999,-5.15951,2.6684,-3.05058,2.63309,1.5856,-5.89485,0.471732,-5.91112,1.69269,1.61511,0.544,0.543018,-0.04376,3.34007,22.3359
1.11635e+08,0.341136,-0.146421,10.0773,-0.831961,-8.59878,-0.959851,-8.56065,1.93863,1.18912,0.933376,1.1718,1.99803,1.94061,0.54,0.540538,-0.0598895,3.34083,22.38
1.11836e+08,0.10688,0.744692,9.86286,4.31765,1.26382,0.175475,1.18394,0.619108,-2.5208,0.278447,-2.47859,-1.49815,-1.55011,0.534,0.533298,-0.0685408,3.34015,22.3624
1.11857e+08,0.367614,-0.905071,9.76503,-5.2916,1.88977,-3.23891,1.86952,2.14674,1.72348,1.22795,1.70827,-2.94854,-2.95957,0.534,0.532985,-0.06806,3.34034,22.3976
1.11877e+08,0.0166339,-1.02308,10.1284,-5.76796,2.86687,-3.06224,2.88696,0.0936203,1.92195,0.0783137,1.88823,-4.44472,-4.36308,0.533,0.532345,-0.0627484,3.34111,22.3712
1.11897e+08,0.403293,-0.40653,10.1742,-2.28636,1.8287,-2.02897,1.82101,2.26815,0.135689,0.758165,0.141819,-4.8264,-4.80268,0.533,0.532287,-0.0530876,3.34134,22.3829
1.11917e+08,-0.100767,0.405106,10.6769,2.1728,-2.82779,-0.440475,-2.82164,-0.540348,-1.36049,0.250657,-1.32426,-5.31495,-5.27622,0.533,0.532361,-0.0410587,3.34138,22.3918
1.12038e+08,0.324515,-0.483599,7.9542,-3.4763,-0.125496,-2.74767,-0.157036,2.33195,4.99065,1.0973,4.93403,-13.8798,-13.8125,0.528,0.527113,-0.0530214,3.3407,22.3594
1.12058e+08,0.582151,0.419556,9.65538,2.48361,-0.0796944,0.133556,-0.170198,3.44711,2.44103,1.52141,2.39804,-14.0936,-14.1086,0.527,0.526705,-0.0544351,3.34171,22.3976
1.12138e+08,0.907031,-0.0621264,9.39791,-0.377006,10.6684,-1.31176,10.5288,5.51266,-0.307059,1.93988,-0.338136,-17.8646,-17.8789,0.525,0.524169,-0.0628075,3.34306,22.4006
1.12158e+08,-0.403937,0.0944205,10.0712,0.536718,4.39359,-1.13768,4.35925,-2.29669,-1.86431,-0.124456,-1.84431,-17.9562,-17.9553,0.525,0.524156,-0.0582874,3.34378,22.3682
1.12178e+08,-0.819397,0.00771757,11.0092,0.040054,-5.08733,-1.93943,-4.98897,-4.25657,-2.03225,-1.08032,-1.98359,-18.4905,-18.4919,0.525,0.523884,-0.0527743,3.34378,22.3918
1.12198e+08,-0.477666,-0.960465,10.0007,-5.47963,-8.24763,-3.5183,-8.14361,-2.72205,-3.71164,-0.594215,-3.64389,-17.4524,-17.5035,0.525,0.523965,-0.0476115,3.34396,22.3741
1.12218e+08,0.135923,-0.654596,9.9247,-3.7732,-6.3545,-3.28335,-6.26835,0.782943,-7.00935,0.649223,-6.93766,-19.0096,-18.997,0.525,0.523932,-0.0445276,3.34413,22.3506
1.12238e+08,0.611284,-1.30487,9.22048,-8.03751,2.33252,-4.81192,2.36243,3.75564,-5.17729,1.6658,-5.20507,-19.0707,-19.0325,0.523,0.521768,-0.0492913,3.34319,22.3859
1.12258e+08,0.900056,-0.738891,9.81232,-4.28844,14.1035,-2.57811,13.9782,5.2262,-0.749807,2.16435,-0.820894,-16.7959,-16.8227,0.523,0.522052,-0.0426876,3.3439,22.3624
1.12278e+08,-0.203132,-0.717215,9.46904,-4.3305,10.5005,-2.00472,10.4995,-1.22543,1.67767,0.393073,1.63033,-15.9104,-15.9313,0.523,0.522232,-0.0427169,3.34407,22.3741
1.12298e+08,0.623238,-1.35544,8.59596,-8.93776,6.27145,-4.23149,6.24863,4.09645,4.79218,1.81573,4.72021,-15.4218,-15.458,0.522,0.52102,-0.0527831,3.34491,22.3918
1.12318e+08,0.197967,-0.510091,9.564,-3.0523,-0.308702,-3.02796,-0.316713,1.18413,1.4792,1.09988,1.48504,-16.5058,-16.4885,0.522,0.520044,-0.0655353,3.34469,22.3535
1.12438e+08,0.725618,-0.286109,9.57577,-1.70651,6.54626,-1.3431,6.46688,4.33146,6.10515,2.06457,6.01985,-13.1775,-13.1494,0.52,0.519101,-0.056255,3.34325,22.4035
1.12458e+08,0.617905,0.648356,10.0712,3.67656,1.84397,1.43435,1.8392,3.50367,1.3876,2.6675,1.38597,-13.1775,-13.1853,0.52,0.518951,-0.05325,3.34354,22.3418
1.12478e+08,-0.721587,0.33767,10.5966,1.82096,-3.2858,-1.01859,-3.237,-3.89365,-6.29179,-0.867849,-6.18085,-12.4447,-12.4139,0.518,0.517805,-0.0533326,3.34372,22.3476
1.12498e+08,0.303001,-0.396896,9.21033,-2.46616,-0.583511,-2.90803,-0.616083,1.88249,-8.53607,0.826489,-8.46441,-12.1699,-12.1486,0.518,0.516907,-0.054905,3.34382,22.4035
1.12519e+08,0.448548,0.000492326,9.6287,0.00292642,3.52336,-2.13178,3.45482,2.66717,-9.52843,0.711718,-9.45733,-11.2539,-11.2134,0.518,0.51689,-0.0529045,3.34382,22.3506
1.12539e+08,0.537246,-1.24947,9.48654,-7.49138,6.6684,-3.27932,6.68055,3.21364,-2.475,0.83272,-2.48928,-9.63556,-9.59416,0.518,0.517134,-0.0497852,3.34265,22.3741
1.1264e+08,0.286379,-0.731665,8.87979,-4.70791,4.21038,-3.22962,4.14716,1.84095,-4.06278,0.858653,-4.079,-4.88747,-4.91964,0.516,0.515037,-0.037925,3.34169,22.3771
1.12661e+08,-0.613819,-0.796693,10.2124,-4.45274,3.37069,-2.76909,3.43536,-3.42924,-1.77271,-0.428044,-1.76086,-5.91037,-5.90431,0.516,0.515248,-0.0302609,3.34189,22.3359
1.12741e+08,-0.0693645,-0.893029,9.88413,-5.16252,-5.54534,-1.973,-1.10109,-0.400451,1.11279,1.38041,-1.3147,-5.42182,-3.53364,0.517,0.515997,-0.0430887,3.34011,22.3771
1.12862e+08,0.689813,-0.331869,8.57618,-2.20892,-0.354504,-1.66916,-0.377484,4.59518,-3.36049,2.43961,-3.35272,-10.1546,-10.2051,0.516,0.514907,-0.078095,3.34084,22.3712
1.12882e+08,0.818662,0.00771757,9.2865,0.0474318,4.08824,-1.38766,3.97316,5.03794,-1.92538,2.00754,-1.96835,-10.6127,-10.6374,0.516,0.514979,-0.0757098,3.34116,22.3624
1.12902e+08,0.570291,0.135363,10.0799,0.768152,6.40886,-0.907974,6.28687,3.23788,-3.36049,1.86224,-3.34561,-10.4753,-10.5068,0.513,0.512831,-0.0712089,3.34198,22.3653
1.12922e+08,0.0497409,0.137772,10.4602,0.754591,3.59969,-1.83664,3.54142,0.272429,-2.82614,-0.0221835,-2.77451,-10.2004,-10.2365,0.513,0.511924,-0.0647901,3.34207,22.3859
1.12942e+08,-0.78611,0.52071,10.9958,2.70435,-1.60641,-0.8674,-1.58211,-4.08467,-4.12385,-1.2653,-4.03245,-10.002,-10.0219,0.513,0.511933,-0.0510599,3.34293,22.3771
1.12962e+08,-0.917373,0.27746,11.1617,1.41919,-4.15603,-0.846613,-4.127,-4.6971,-4.39866,-1.8864,-4.31759,-9.77296,-9.78325,0.509,0.509199,-0.0460882,3.34365,22.4094
1.13062e+08,0.491797,-0.962873,8.90298,-6.16332,4.54626,-3.16467,4.52051,3.14349,2.02882,1.2424,1.96711,-5.52869,-5.57435,0.51,0.50931,-0.00773313,3.34552,22.3682
1.13082e+08,0.756703,-0.442656,9.32145,-2.70991,-0.140763,-2.25982,-0.13437,4.63582,2.27309,1.96533,2.22153,-6.07831,-6.07364,0.511,0.510218,-0.00932444,3.3451,22.4065
1.13162e+08,0.0167062,-1.28319,9.54392,-7.65756,-7.1942,-3.58449,-7.05639,0.099399,-0.123852,0.28428,-0.119211,-5.0096,-5.00675,0.513,0.512197,-0.021735,3.34529,22.3712
1.13182e+08,0.26012,-0.758158,9.7796,-4.4314,-3.51481,-2.54057,-3.45755,1.51905,0.227293,0.528873,0.179276,-6.04777,-5.95038,0.513,0.512468,-0.02312,3.3453,22.4035
1.13202e+08,0.0616319,0.311178,10.2183,1.74425,2.69893,-0.673916,2.63056,0.345415,-3.78797,0.459943,-3.73387,-4.30731,-4.28307,0.512,0.511747,-0.0225433,3.34523,22.3624
1.13222e+08,0.479767,-0.635329,10.0574,-3.6105,-3.94229,-2.38777,-3.89812,2.72568,-2.475,0.924078,-2.48121,-2.59739,-2.5847,0.512,0.511562,-0.0204869,3.34449,22.3594
1.13242e+08,-0.236819,0.205207,10.5912,1.10971,-9.48427,-0.464272,-9.39152,-1.28068,-3.31469,-0.0554772,-3.27776,-2.18518,-2.11919,0.512,0.511676,-0.0107711,3.34404,22.3741
1.13262e+08,-0.315704,0.518301,10.0552,2.94929,-8.52244,-0.316646,-8.53395,-1.79595,-4.10859,-0.340228,-4.04867,1.2194,1.15663,0.513,0.51237,-0.00416595,3.34218,22.4094
1.13282e+08,0.427102,-0.158463,10.1104,-0.897135,-4.84305,-2.0282,-4.87266,2.41865,-0.291791,0.493805,-0.289246,0.70032,0.756841,0.513,0.512519,0.00312846,3.3421,22.3565
1.13302e+08,0.190519,0.513484,9.29498,3.16132,3.56916,0.699195,3.48894,1.17244,4.39523,0.377121,4.34973,1.082,1.10162,0.513,0.512857,0.00590316,3.34219,22.3859
1.13322e+08,-0.289152,-0.5125,9.83033,-2.9831,4.79053,-1.8893,4.75541,-1.68254,6.65477,-0.0993399,6.57103,2.82246,2.77562,0.514,0.513529,0.00412715,3.34245,22.3918
1.13342e+08,-0.910119,-0.0476759,10.7243,-0.2538,-0.705649,-0.657565,-0.626431,-4.85074,-0.978814,-0.990474,-0.890936,2.74612,2.71667,0.514,0.513615,-0.000802957,3.34261,22.3476
1.13462e+08,-0.625836,-0.514908,9.91846,-2.9659,-2.44611,-1.61234,-2.39153,-3.60563,-6.78034,-1.5475,-6.72157,2.13543,2.20273,0.516,0.515591,-0.0204373,3.34107,22.3888
1.13482e+08,0.677752,0.104054,9.13246,0.651003,1.53863,-0.0770355,1.48737,4.24407,-4.5208,1.62664,-4.48169,4.18124,4.10381,0.516,0.515648,-0.0193324,3.34138,22.3535
1.13502e+08,-0.265554,0.496626,10.2023,2.78589,-4.81252,1.32257,-4.76404,-1.48924,-1.02462,-1.03667,-1.03177,3.95223,3.96239,0.517,0.516439,-0.011832,3.34219,22.3771
1.13522e+08,-0.11017,-0.129562,9.39155,-0.790325,-11.3621,-0.815913,-11.2612,-0.672028,4.97538,-0.352055,4.92326,5.40261,5.3639,0.517,0.516733,-0.00891666,3.34227,22.3712
1.13542e+08,-0.343878,-1.20853,9.95272,-6.91929,-12.7973,-2.73491,-12.6684,-1.96443,7.35706,-0.0521935,7.28395,6.92933,6.81615,0.517,0.51651,-0.00909506,3.34236,22.3918
1.13562e+08,-0.824142,-0.103069,9.88843,-0.595123,-5.39267,-1.33148,-5.32678,-4.764,-0.184921,-1.92433,-0.0885722,6.47131,6.45257,0.518,0.517311,-0.00991773,3.34235,22.3918
1.13582e+08,-0.981777,0.0318017,10.4515,0.173575,2.6226,-0.597446,2.65251,-5.3664,-2.33759,-1.57829,-2.23997,7.05146,6.98704,0.518,0.517524,-0.0120645,3.34218,22.4035
1.13682e+08,-0.306106,0.349712,9.49933,2.10727,-4.99572,0.0868089,-5.00263,-1.84441,6.02882,-0.679178,6.00271,7.28047,7.25973,0.519,0.518437,-0.0204313,3.34242,22.3976
1.13702e+08,0.0858009,-0.734074,9.46402,-4.43507,3.79817,-1.77113,3.75756,0.517875,9.70821,0.21597,9.61363,7.60108,7.53438,0.519,0.518571,-0.0191021,3.34199,22.3653
1.13902e+08,-0.30095,-1.02068,9.66095,-6.028,-7.98809,-2.91112,-7.87876,-1.77438,-4.97881,-0.180328,-4.98166,6.56291,6.54731,0.521,0.520346,-0.0180037,3.34091,22.3888
1.13923e+08,-0.967227,-0.7702,10.1035,-4.33951,-10.0339,-2.3957,-9.91663,-5.45262,-12.1086,-1.59062,-11.9677,4.27284,4.27049,0.521,0.520374,-0.0224481,3.34123,22.4094
1.13943e+08,0.0711344,0.486992,8.9674,3.10841,-1.08733,0.674142,-1.12726,0.453824,-6.94828,-0.671287,-6.85928,3.082,3.11056,0.521,0.520434,-0.0307596,3.34103,22.3506
1.13963e+08,-0.673933,0.706158,10.0914,3.99395,5.61496,0.0637764,5.56686,-3.81141,1.89141,-0.740767,1.94551,1.52475,1.56141,0.521,0.520265,-0.0355094,3.34101,22.3976
1.13983e+08,0.0783207,0.405106,9.50146,2.44131,7.50809,-0.0554443,7.43222,0.47185,9.73874,0.124989,9.66807,-0.185177,-0.13562,0.521,0.520387,-0.0366557,3.34073,22.4153
1.14083e+08,-0.828636,-1.1146,10.4353,-6.07773,-0.949923,-4.40882,-0.943272,-4.51461,4.4105,-2.69784,4.34527,-2.65846,-2.64114,0.521,0.519699,-0.0125171,3.33985,22.4006
1.14104e+08,-1.19893,-0.464332,10.1873,-2.59183,7.37069,-2.17654,7.37987,-6.70529,11.1739,-1.95843,11.1336,-1.77296,-1.80817,0.523,0.521726,-0.00708256,3.34014,22.3976
1.14184e+08,0.43897,0.0968289,9.62649,0.575697,-2.18656,-0.592195,-2.1867,2.61076,-8.29179,1.59049,-8.27434,-4.75006,-4.77246,0.522,0.521347,-0.0346729,3.33981,22.3918
1.14284e+08,0.248039,-0.247574,8.90196,-1.59244,4.83634,-2.1004,4.77474,1.59542,6.42577,0.44579,6.38071,-3.26915,-3.26912,0.522,0.521848,-0.0373196,3.33962,22.3947
1.14305e+08,-0.525425,-0.955648,9.75385,-5.58773,-5.36214,-2.87916,-5.22785,-3.06879,1.12806,-1.00188,1.14126,-4.04777,-3.93892,0.522,0.521377,-0.0357703,3.33967,22.3653
1.14325e+08,-0.637694,-0.808735,10.2266,-4.51287,-8.32397,-2.68803,-8.17771,-3.55705,-0.597135,-1.16249,-0.574674,-2.44472,-2.47738,0.522,0.521202,-0.0357113,3.3398,22.4065
1.14345e+08,-0.420384,-0.868945,9.67554,-5.12706,-3.2858,-3.30806,-3.24522,-2.47787,-0.169654,-1.06747,-0.163452,-3.33021,-3.30248,0.524,0.522887,-0.0312589,3.34001,22.4094
1.14365e+08,0.976141,0.431598,9.38914,2.61782,8.36305,-0.210281,8.20774,5.92921,2.3647,2.0873,2.35084,-3.26915,-3.18456,0.524,0.523159,-0.0308461,3.34079,22.4006
1.14485e+08,-0.377281,-1.30487,9.99058,-7.43603,-1.34687,0.574182,6.7281,-2.14448,2.44103,0.495284,1.49464,-4.50579,-5.95787,0.522,0.5212,-0.0276033,3.33822,22.4035
1.14506e+08,-0.164902,-0.806326,9.43325,-4.88485,5.41649,-3.15009,5.40754,-0.997845,5.93722,-0.450387,5.88191,-3.7577,-3.71629,0.522,0.521295,-0.0282304,3.33842,22.4182
1.14526e+08,0.434071,0.539977,9.52986,3.23965,11.0959,0.0240393,10.9457,2.60377,8.05935,0.790887,8.01742,-3.55922,-3.57855,0.522,0.521416,-0.0268583,3.3387,22.3976
1.14546e+08,0.295819,-0.331869,9.52621,-1.99427,1.29435,-2.01805,1.28775,1.77757,8.5021,0.911187,8.44567,-4.38365,-4.32742,0.522,0.521431,-0.0309206,3.33913,22.4006
1.14566e+08,-0.298949,0.373796,9.71067,2.20338,-6.32397,-0.520242,-6.28724,-1.76203,-0.994081,-0.126448,-0.907713,-2.75006,-2.75951,0.522,0.521409,-0.0357702,3.3392,22.4006
1.14707e+08,-0.611797,0.52071,10.7297,2.77387,-9.78962,-0.456099,-9.73867,-3.25958,0.776911,-0.922865,0.819512,-4.81113,-4.83465,0.52,0.519656,-0.0210844,3.36118,22.4271
1.14808e+08,0.154873,-0.103069,9.88283,-0.597451,2.60733,-1.98784,2.63256,0.897754,-4.39866,0.361118,-4.32809,-3.8035,-3.75927,0.521,0.520373,-0.0137835,3.35663,22.4153
1.14908e+08,0.281862,-1.66372,8.99701,-10.4717,5.75237,-7.70538,5.74573,1.7645,6.92958,0.753241,6.88126,-1.31495,-1.29256,0.521,0.518169,-0.0581655,3.35326,22.4153
1.14928e+08,0.324744,-1.30487,9.09251,-8.16163,4.04244,-4.55984,4.08665,2.02475,-3.36049,1.03409,-3.36156,0.517113,0.506934,0.521,0.518955,-0.0603908,3.35237,22.4418
1.14948e+08,0.620743,-0.972507,9.3041,-5.95401,2.37832,-3.04397,2.38924,3.79634,-9.97118,1.73936,-9.94444,-0.154642,-0.126641,0.521,0.51995,-0.0609258,3.35195,22.4241
1.14968e+08,0.157256,-0.0862106,10.2366,-0.482464,-0.369771,-1.87059,-0.36219,0.880083,-10.6429,0.579891,-10.5757,0.746121,0.781177,0.521,0.519962,-0.0580311,3.35112,22.4124
1.14988e+08,0.718733,-1.28801,9.48632,-7.71024,-3.82015,-5.79067,-3.76833,4.2935,3.46393,3.00794,3.39636,1.35681,1.37855,0.521,0.518849,-0.0616231,3.35093,22.3741
1.15008e+08,0.0119452,-1.33618,9.94746,-7.65037,-6.76672,-4.03812,-6.62829,0.0681901,9.12806,0.0149251,9.02265,1.93696,1.99024,0.518,0.517212,-0.0604199,3.35024,22.4094
1.15028e+08,-0.0503703,-0.502866,9.98921,-2.88185,0.179848,-3.07071,0.173645,-0.288544,6.86851,0.274286,6.83865,1.57055,1.62291,0.518,0.516953,-0.0557768,3.34959,22.43
1.15048e+08,0.49851,0.657989,9.78879,3.8406,6.42412,-0.205381,6.28833,2.90881,-0.94828,1.53623,-0.895481,3.52475,3.45097,0.518,0.517024,-0.0520559,3.34931,22.3918
1.15068e+08,0.166996,-0.765383,9.24072,-4.73407,2.46992,-3.69219,2.44833,1.03179,-2.97881,0.194542,-2.93589,1.47895,1.55398,0.516,0.515216,-0.060213,3.34971,22.3918
1.15088e+08,0.290884,0.241334,9.32532,1.48173,5.24855,-0.538693,5.16956,1.78605,-3.10095,0.648009,-3.06415,2.1507,2.20335,0.516,0.515294,-0.0606333,3.35018,22.4329
1.15208e+08,0.162055,-0.170505,9.13246,-1.06943,-4.65985,-1.27407,-4.6665,1.01643,-6.15439,-0.111648,-6.12327,3.83009,3.79043,0.508,0.507284,-0.0690159,3.3508,22.4035
1.15309e+08,0.0783582,0.270235,9.89537,1.56426,-0.995725,-2.78615,-5.35773,0.453528,-9.4063,0.218373,-5.37319,3.2194,2.465,0.502,0.501636,-0.0568256,3.34872,22.4241
1.1533e+08,0.185896,-0.0356339,9.46742,-0.21561,-3.72855,-1.24173,-3.72367,1.12487,-6.58187,0.862637,-6.53096,3.09727,3.05524,0.502,0.501229,-0.0530977,3.34839,22.4182
1.1541e+08,0.967006,-1.06403,9.36301,-6.44935,-0.85832,-2.92282,-0.876681,5.85912,-0.0780511,2.85161,-0.136589,3.90643,3.83294,0.501,0.499971,-0.0438735,3.34854,22.43
1.15431e+08,0.529632,0.371388,9.99486,2.12503,8.07298,0.975536,7.9993,3.0312,-4.91775,2.30186,-4.88725,4.36444,4.33927,0.5,0.499295,-0.0370644,3.34848,22.4388
1.15451e+08,0.885612,-0.319827,9.65868,-1.88862,3.47756,-1.66862,3.43436,5.236,-6.53607,2.73635,-6.52004,3.93696,3.85861,0.5,0.499272,-0.0295766,3.34893,22.3947
1.15471e+08,0.3843,-0.801509,10.3065,-4.44372,-5.56061,-2.47067,-5.4638,2.12898,-6.73454,1.63303,-6.7572,3.0362,3.04035,0.5,0.499295,-0.0233879,3.34843,22.4359
1.15491e+08,0.107391,-1.09293,10.0285,-6.21932,-8.41557,-3.71785,-8.33025,0.609924,-6.09332,1.18204,-6.09283,2.30337,2.32808,0.499,0.498187,-0.0248142,3.34905,22.4329
1.15511e+08,0.398578,-0.625695,9.68235,-3.69432,-3.77435,-2.87357,-3.76303,2.35237,-1.74217,1.42293,-1.81405,3.52475,3.48375,0.499,0.497217,-0.025671,3.34744,22.3859
1.15531e+08,-0.0931626,-1.18204,10.2564,-6.57397,2.48519,-3.42367,2.5191,-0.517,2.5937,0.79979,2.55348,3.1278,3.06721,0.499,0.49801,-0.0224354,3.34811,22.4565
1.15551e+08,-0.511178,-0.666638,10.3526,-3.67991,4.94321,-2.43455,5.01453,-2.82095,3.92195,0.154208,3.89743,1.28047,1.34118,0.501,0.50005,-0.0173788,3.34857,22.4182
1.15571e+08,-0.64988,0.07997,10.4987,0.435585,4.69893,-1.39696,4.69423,-3.54203,-2.41393,-0.637808,-2.35166,0.639251,0.681935,0.501,0.500294,-0.0156839,3.34851,22.4065
1.15591e+08,0.379627,-1.17241,9.69573,-6.88948,-5.98809,-3.57094,-5.85687,2.22602,-4.13912,1.32674,-4.14999,-0.215711,-0.161557,0.501,0.500382,-0.0130077,3.34845,22.4359
1.15631e+08,0.462912,-0.129562,9.89202,-0.749576,-7.77435,-2.01401,-7.76247,2.67906,-9.83378,1.6784,-9.75296,-2.16991,-2.09536,0.501,0.500344,-0.00605931,3.34792,22.43
1.15731e+08,-0.816955,-0.187364,10.8024,-0.990851,2.31725,-2.07184,2.34092,-4.32425,-3.03988,-0.444567,-2.95843,-3.36075,-3.37262,0.503,0.502271,0.00457227,3.34693,22.3712
1.15751e+08,-0.898244,0.183532,10.0362,1.04348,-5.3774,-1.34291,-5.2885,-5.11355,-5.4521,-1.30168,-5.33328,-4.8722,-4.90314,0.503,0.502344,-0.000531939,3.34695,22.4153
1.15832e+08,-0.0983119,0.161856,9.77664,0.94842,6.17985,-1.38248,6.13517,-0.576056,-8.71927,0.416083,-8.60761,-7.69663,-7.66404,0.507,0.506266,-0.00495297,3.34783,22.4271
1.15852e+08,0.536881,0.0631111,9.56225,0.377554,7.72183,-1.43131,7.61766,3.21348,-2.10859,1.46232,-2.12058,-8.45999,-8.4113,0.508,0.507079,0.000470062,3.3478,22.4418
1.15932e+08,-0.208176,0.246151,10.3277,1.36505,-0.53771,-1.28108,-0.559077,-1.15443,-2.78034,0.195984,-2.76883,-8.06304,-8.05324,0.509,0.508389,0.00681244,3.34614,22.4329
1.15953e+08,0.713883,-1.02308,9.72655,-5.98857,-2.1713,-3.40779,-2.12607,4.17477,0.853247,1.9625,0.772944,-8.24625,-8.18356,0.513,0.509823,0.0103551,3.38021,22.4359
1.15993e+08,1.54234,-0.587161,8.77922,-3.76874,8.51573,-2.87479,8.38917,9.94234,0.4563,4.47403,0.407369,-5.7577,-5.7467,0.513,0.511644,-0.00497564,3.37684,22.4359
1.16013e+08,0.011494,0.287094,9.01699,1.82363,7.21802,-0.293244,8.0304,0.0729979,-0.444463,0.112509,-0.451532,-5.77296,-5.75523,0.513,0.512638,-0.0113228,3.37587,22.4271
1.16133e+08,-0.300946,-1.03272,9.33091,-6.31236,2.34779,-1.54823,9.25694,-1.83609,-1.16202,0.758736,1.43195,-0.398917,-0.412053,0.51,0.511792,-0.0628551,3.36451,22.4447
1.16154e+08,0.503369,0.359346,9.68146,2.1228,3.6913,-0.6393,3.63524,2.97426,2.86851,1.42563,2.8465,-0.963803,-0.933818,0.51,0.509182,-0.0710862,3.3623,22.4418
1.16234e+08,0.243696,-1.80582,9.73995,-10.5003,4.16458,-4.96589,4.22239,1.40925,1.69294,1.04281,1.6225,-3.11647,-3.06935,0.509,0.507415,-0.0615338,3.35762,22.4359
1.16254e+08,0.456169,-1.64445,9.43612,-9.87448,7.15695,-5.21402,7.16511,2.72666,-1.20782,1.77691,-1.27371,-2.39892,-2.39892,0.505,0.504541,-0.060947,3.35693,22.4094
1.16334e+08,1.63289,0.092012,8.54518,0.605958,4.16458,-0.968657,4.03606,10.8176,7.46393,5.01856,7.35612,-4.44472,-4.42046,0.502,0.499918,-0.0677335,3.35264,22.4535
1.16354e+08,-0.716419,-1.07366,9.95563,-6.13949,-3.27053,-3.46831,-3.1785,-4.09233,-0.169654,-0.285045,-0.1588,-3.65083,-3.70531,0.502,0.500545,-0.065708,3.35153,22.4535
1.16434e+08,0.372658,-1.87085,9.0607,-11.6568,-0.217099,-6.17326,-0.174899,2.30659,1.86088,1.13942,1.76052,-3.46762,-3.44132,0.499,0.497831,-0.068538,3.34809,22.4506
1.16474e+08,-0.943577,0.0534774,11.1424,0.274006,-1.71328,-1.43908,-1.68323,-4.84041,1.81508,-1.90678,1.85685,-2.24625,-2.21795,0.499,0.497839,-0.0430115,3.34638,22.4388
1.16494e+08,1.22005,-0.823185,8.52745,-5.45864,0.393588,-3.94284,0.38113,8.10506,6.77691,3.47035,6.69673,-2.16991,-2.15057,0.497,0.496141,-0.0462574,3.34558,22.4418
1.16514e+08,-1.39478,-0.290926,11.5363,-1.43415,1.00428,-2.64997,1.02022,-6.89163,-1.87958,-1.54569,-1.80732,-2.04777,-2.06593,0.497,0.495536,-0.0380769,3.34482,22.4565
1.16634e+08,1.69487,0.462908,9.30072,2.80324,0.592061,0.00194694,0.524362,10.3152,11.0823,3.62839,10.9135,1.26521,1.22343,0.496,0.494595,-0.0418787,3.33822,22.4506
1.16675e+08,-1.47362,-0.136787,11.0167,-0.705089,-4.3545,-1.36127,-4.2856,-7.61824,-6.53607,-1.76132,-6.45772,2.63925,2.65853,0.494,0.493762,-0.0448108,3.33631,22.4476
1.16695e+08,0.534582,-0.2548,8.21318,-1.77318,-3.60641,-1.78059,-3.61633,3.72224,-7.62004,1.13473,-7.49575,4.70032,4.59167,0.494,0.493169,-0.0488363,3.33534,22.4418
1.16715e+08,-1.16824,0.800086,11.3052,4.02678,-3.20947,0.167527,-3.21529,-5.88519,-3.65057,-1.69114,-3.57747,4.65452,4.66101,0.494,0.493031,-0.047163,3.33425,22.4388
1.16735e+08,-0.090663,-1.58424,8.77903,-10.2288,-6.32397,-4.83213,-6.23156,-0.582281,12.5632,-1.1198,12.3237,6.83772,6.81715,0.494,0.492326,-0.0571229,3.33338,22.4359
1.16755e+08,-0.0985543,1.0337,9.7994,6.02134,0.65313,1.7932,0.621489,-0.573035,3.75401,-0.781486,3.76968,6.39498,6.38953,0.494,0.493102,-0.0553612,3.33104,22.4153
1.16776e+08,-1.0054,-0.888212,9.90869,-5.09626,-1.01099,-2.19342,-0.992946,-5.77079,1.84561,-2.33353,1.92803,7.69269,7.6574,0.494,0.492997,-0.0598634,3.3305,22.4653
1.16796e+08,-1.51188,0.0582943,11.1215,0.297581,-0.0033586,-1.10177,-0.0056829,-7.74137,0.899048,-2.7792,0.876948,7.52475,7.51619,0.491,0.491145,-0.0695681,3.32965,22.4476
1.16836e+08,0.410658,-1.13387,8.22137,-7.84289,-5.17893,-3.80043,-5.09887,2.83278,-0.368127,0.65816,-0.420245,6.91406,6.87852,0.491,0.489746,-0.0937884,3.32882,22.4624
1.16876e+08,-1.22275,-0.685906,10.2321,-3.80805,-7.89649,-1.81083,-7.77988,-6.79949,6.5479,-2.53223,6.43629,7.99803,7.9917,0.488,0.486895,-0.108662,3.32708,22.4124
1.16957e+08,0.0640405,0.236517,8.12415,1.66752,-1.17893,-0.250679,-1.17035,0.451447,-4.29179,-0.160918,-4.10931,8.2423,8.22157,0.483,0.481724,-0.151054,3.32623,22.4418
1.16977e+08,-0.8242,0.106463,10.5298,0.577508,-0.0033586,-0.6804,-0.0127432,-4.47536,-1.13149,-1.08014,-1.09132,6.94459,6.98111,0.476,0.476331,-0.166041,3.32593,22.4535
1.17057e+08,-1.36866,0.236517,11.0813,1.2135,-6.62931,-0.271997,-6.60219,-7.03942,0.502102,-3.17633,0.573252,6.37971,6.4186,0.47,0.467807,-0.174854,3.32671,22.4565
1.17077e+08,-0.566071,-0.765383,10.1459,-4.3074,-12.4156,-1.56348,-12.257,-3.18436,2.15096,-1.64827,2.13496,7.86062,7.85036,0.47,0.468476,-0.162995,3.32613,22.4712
1.17097e+08,1.39655,-0.110295,8.68039,-0.718731,-9.63695,-0.333383,-9.6317,9.13903,3.99828,3.02806,3.90376,9.20414,9.20928,0.46,0.460826,-0.178011,3.32652,22.4418
1.17117e+08,-0.893749,1.19266,11.213,6.05231,-6.91939,1.93779,-6.91564,-4.53175,-3.97118,-1.85692,-3.84519,10.5934,10.5972,0.46,0.458575,-0.164443,3.32621,22.4565
1.17257e+08,0.906967,0.169081,8.70738,1.10645,-4.27817,0.0809016,-4.31722,5.94542,-1.69637,1.81477,-1.68157,12.0286,12.0443,0.443,0.441638,-0.165915,3.32346,22.4535
1.17278e+08,0.627847,-0.75575,8.27402,-5.20404,-3.74382,-4.11134,-3.70752,4.32146,8.47157,2.6012,8.3517,11.9217,11.9388,0.433,0.433477,-0.198655,3.32407,22.4565
1.17378e+08,-0.518761,0.841029,9.78284,4.90677,-9.43847,0.96408,-9.39957,-3.02428,-16.0933,-1.44059,-15.882,10.8377,10.7651,0.425,0.423089,-0.217975,3.32342,22.4624
1.17458e+08,-0.291554,-0.461923,10.0465,-2.63142,9.72183,-1.20219,9.68306,-1.66053,12.9448,-0.00640778,12.8285,9.37208,9.48907,0.4,0.401064,-0.243129,3.32291,22.5035
1.17478e+08,0.0163098,0.142589,8.95977,0.911745,1.41649,-0.253107,1.3703,0.104284,-0.383394,0.0247576,-0.290549,10.9751,10.8316,0.4,0.39853,-0.245876,3.32362,22.4829
1.17678e+08,0.114539,-1.03513,9.63208,-6.1334,-0.736183,-3.22671,-0.66159,0.677393,-3.84904,0.127594,-3.85213,7.52475,7.50923,0.353,0.350473,-0.312254,3.32774,22.4888
1.17739e+08,-0.57826,0.135363,11.0543,0.70061,15.2944,-1.40959,15.1828,-2.99423,-1.02462,-0.968715,-0.998188,7.73849,7.78598,0.334,0.331417,-0.297952,3.32933,22.4741
1.17759e+08,-0.0601453,0.301544,10.0356,1.72104,13.9508,-0.930139,13.8189,-0.343225,-1.25362,-0.0804595,-1.17045,8.85299,8.83899,0.317,0.318948,-0.318953,3.32837,22.48
1.1778e+08,0.658746,-0.242757,8.8755,-1.56243,5.84397,-1.66968,5.7789,4.24317,0.837979,1.60455,0.842655,8.48658,8.49436,0.317,0.3149,-0.317314,3.3289,22.4888
1.178e+08,-0.539809,-0.748524,9.82542,-4.34998,-8.4003,-2.67965,-8.31105,-3.13561,-0.307059,-1.24657,-0.264615,7.55528,7.61709,0.317,0.314638,-0.30259,3.32956,22.48
1.1788e+08,-0.172172,-0.423389,9.41963,-2.57314,14.76,-1.652,14.6516,-1.04608,-3.34523,-0.234807,-3.29544,8.47131,8.35625,0.283,0.284834,-0.328515,3.33118,22.4506
1.179e+08,0.558653,-0.948423,8.90769,-6.06569,5.11115,-2.60039,5.1364,3.56853,-5.37576,1.78475,-5.35402,8.47131,8.39302,0.283,0.280943,-0.323268,3.33198,22.4741
1.1798e+08,-0.893285,-0.476374,10.4173,-2.60869,3.7829,-2.04654,3.83894,-4.89602,7.12806,-0.998189,7.11446,7.37208,7.34644,0.265,0.262486,-0.318061,3.33392,22.4741
1.18e+08,-0.100494,-0.577527,9.3837,-3.52167,5.41649,-2.14145,5.43278,-0.612423,0.685308,-0.0863045,0.713429,5.76902,5.81787,0.248,0.249933,-0.341129,3.33442,22.4594
1.1808e+08,-0.385027,0.790452,10.4569,4.31992,-4.1713,0.711453,-4.16257,-2.1027,-1.97118,-0.954246,-1.93891,8.83772,8.79241,0.229,0.227049,-0.324022,3.33595,22.4624
1.181e+08,-0.196196,0.0992373,11.1917,0.507955,-11.011,-0.413204,-10.892,-1.00428,5.37233,-0.679219,5.32719,9.66215,9.73922,0.229,0.226839,-0.292004,3.33601,22.48
1.1812e+08,-0.621349,0.52071,11.1832,2.66177,-9.54534,0.279109,-9.49383,-3.1767,5.46393,-1.3148,5.45385,13.1583,13.139,0.211,0.213469,-0.300572,3.33641,22.4682
1.1814e+08,-0.341896,0.250967,10.2613,1.40026,-4.46137,0.105941,-4.49761,-1.90776,-0.337593,-0.84267,-0.302148,16.9446,16.8136,0.211,0.209414,-0.28271,3.33661,22.4712
1.1816e+08,-0.561311,-0.70999,11.0221,-3.68086,-2.43084,-1.40083,-2.3944,-2.9093,-9.02462,-1.32143,-8.92118,18.1049,18.0113,0.211,0.209125,-0.250765,3.33681,22.53
1.1818e+08,-0.0361812,-0.00673292,10.4411,-0.0369468,5.84397,-0.229442,5.75883,-0.198544,-10.2002,-0.0484939,-10.153,19.7996,19.7235,0.194,0.196531,-0.262238,3.33717,22.4771
1.182e+08,-0.107806,-0.0452675,11.3101,-0.22931,4.82107,-0.842162,4.82782,-0.546113,-7.00935,0.242196,-6.95228,19.9675,19.9859,0.194,0.1926,-0.251124,3.33734,22.4712
1.1822e+08,-0.776475,0.222066,9.88891,1.28248,7.46229,-0.384227,7.45425,-4.48852,-1.84904,-0.515991,-1.79199,20.7919,20.7737,0.194,0.192179,-0.243702,3.33859,22.4565
1.1824e+08,-0.544796,0.010126,10.6814,0.0542462,6.53099,-1.71862,6.52094,-2.9198,2.57844,0.742846,2.59745,21.6469,21.555,0.182,0.182978,-0.265378,3.33903,22.48
1.1826e+08,0.288349,0.771185,9.44251,4.66691,3.12641,0.91935,3.09014,1.74331,-0.0933182,0.831097,-0.0522321,19.9675,19.9249,0.182,0.180343,-0.263894,3.33927,22.48
1.1828e+08,-0.432385,-0.647371,9.33877,-3.96122,-7.36214,-1.73529,-7.24796,-2.64456,-4.91775,-0.462547,-4.87246,20.2881,20.2707,0.182,0.180105,-0.254369,3.33799,22.4829
1.18381e+08,0.00702693,-0.823185,9.93879,-4.73474,-1.53008,-2.58279,-1.44007,0.0403711,-0.871944,0.136479,-0.848412,19.6622,19.5993,0.151,0.149148,-0.272722,3.33777,22.4741
1.18402e+08,-0.823994,-0.632921,10.6924,-3.37758,-13.7744,-1.17344,-13.5585,-4.39902,0.517369,-1.55008,0.511463,18.5629,18.5684,0.151,0.149114,-0.250948,3.33824,22.4594
1.18722e+08,-0.537627,-0.00914133,9.9928,-0.052338,1.6455,-1.32776,1.63778,-3.07963,7.58607,-0.770517,7.62011,1.20414,1.16862,0.085,0.0852748,-0.165534,3.33662,22.4976
1.18742e+08,0.625524,-0.991774,9.09988,-6.20545,3.11115,-2.86684,3.11612,3.90924,12.609,2.06995,12.4463,0.517113,0.469429,0.085,0.0839354,-0.160094,3.33631,22.48
1.18762e+08,0.257868,-1.24707,9.33484,-7.60638,3.14168,-3.80027,3.17403,1.56842,5.14332,1.25595,5.04651,-2.47525,-2.42,0.085,0.0838099,-0.151596,3.3361,22.4624
1.18782e+08,-0.0412642,1.09873,10.5806,5.92853,7.01954,1.34515,6.91703,-0.222257,-7.43683,-0.137321,-7.29723,-1.40655,-1.44457,0.078,0.0779723,-0.157221,3.33447,22.4771
1.18802e+08,0.432226,-1.41084,8.6459,-9.25648,-9.86595,-4.39143,-9.71708,2.82465,-2.04752,1.72171,-2.11827,-2.52105,-2.4987,0.078,0.0769037,-0.15164,3.33418,22.4535
1.18822e+08,0.508581,-1.20853,9.09251,-7.55941,-12.6293,-2.82278,-12.508,3.17359,2.71584,1.44394,2.58995,-2.04777,-2.03417,0.078,0.0769193,-0.140668,3.33365,22.4859
1.18842e+08,-0.167788,0.983125,10.1579,5.52737,-5.16366,0.876969,-5.16537,-0.941923,1.3876,0.353138,1.43915,-2.29205,-2.2698,0.076,0.0752728,-0.138764,3.33341,22.4976
1.18862e+08,-0.085991,-1.21094,9.66521,-7.14101,-7.60641,-3.32727,-7.53371,-0.505791,7.02119,0.137367,6.94966,-0.0783064,-0.126754,0.076,0.0749932,-0.133838,3.33326,22.4712
1.18882e+08,1.28406,0.833803,8.74135,5.39122,1.47756,1.51957,1.38977,8.31947,1.21966,3.83116,1.18657,0.196503,0.273832,0.076,0.0749639,-0.132043,3.33269,22.5153
1.18922e+08,0.770816,0.325628,8.81458,2.10762,-6.49191,0.390499,-6.45947,4.99429,-15.2231,2.10697,-15.1028,2.89879,2.9103,0.068,0.0670626,-0.150417,3.33149,22.4624
1.18942e+08,-0.948168,-0.611245,10.9276,-3.18958,-16.8583,-1.08996,-16.6732,-4.95132,-6.39866,-0.687866,-6.42949,4.44078,4.44821,0.068,0.0669415,-0.140707,3.33093,22.4476
1.18962e+08,0.785247,-0.0452675,8.34151,-0.30956,-16.0034,-0.10154,-15.9218,5.37774,3.58607,2.59174,3.55316,8.62398,8.60566,0.061,0.0610407,-0.157725,3.33073,22.4771
1.19002e+08,1.80716,0.234108,9.15781,1.43669,-8.2171,0.730095,-8.25783,11.1595,8.33416,4.5799,8.13014,12.5476,12.5932,0.061,0.0598361,-0.143482,3.32947,22.4359
1.19022e+08,0.381693,-0.0139582,9.35095,-0.0854541,-12.8583,0.689524,-12.7806,2.33743,-9.75744,1.11787,-9.69964,17.7385,17.5762,0.054,0.0540848,-0.148422,3.32901,22.4918
1.19042e+08,-1.36401,0.684482,11.1984,3.47216,-18.8736,2.68163,-18.6996,-6.93188,-19.4063,-0.58716,-19.1469,19.4484,19.4896,0.054,0.0530215,-0.136399,3.32806,22.4741
1.19062e+08,-1.02013,0.571286,12.0099,2.71364,-17.5453,2.71498,-17.4328,-4.84966,-3.57423,-1.03019,-3.44869,23.6164,23.6486,0.054,0.0530524,-0.111886,3.32734,22.4829
1.19082e+08,-1.81774,0.814536,12.3671,3.7283,-5.80488,2.06038,-5.79885,-8.34376,0.56317,-1.3574,0.697993,27.9064,27.9024,0.048,0.0480912,-0.105934,3.32631,22.4771
1.19103e+08,-0.776357,-0.204223,9.92146,-1.17561,0.0271758,0.228712,0.0350478,-4.47335,-10.0017,-1.10533,-9.76242,29.6774,29.6024,0.048,0.0473406,-0.10051,3.32525,22.4624
1.19123e+08,0.104722,-0.0813937,9.50778,-0.490453,1.67603,0.207314,1.62794,0.631028,-7.26889,0.557744,-7.19235,27.6469,27.6636,0.048,0.0472969,-0.0996071,3.32433,22.4565
1.19143e+08,0.44353,0.874747,9.48528,5.26328,10.134,0.362472,9.97967,2.66589,10.838,1.80281,10.8049,27.7538,27.7748,0.044,0.0438435,-0.113563,3.32345,22.4535
1.19163e+08,2.21331,-0.541401,6.9458,-4.24739,3.85924,-2.02477,3.87127,17.6246,19.8151,7.99868,19.7382,25.708,25.7143,0.044,0.0430541,-0.129175,3.32279,22.4712
1.19183e+08,-0.408582,-0.37522,9.54337,-2.2495,-16.324,-0.527434,-16.1223,-2.44963,1.75401,-0.508347,1.78643,23.5553,23.5394,0.044,0.0430699,-0.127556,3.3219,22.4741
1.19203e+08,0.668329,-0.358361,9.19108,-2.22696,-25.2705,-0.543538,-25.07,4.1558,-8.06278,1.35899,-8.05992,18.9751,19.1014,0.037,0.0371501,-0.145459,3.32115,22.48
1.19223e+08,-0.578362,0.499034,9.66363,2.95088,-16.782,0.336407,-16.6844,-3.42048,-26.9635,0.724103,-26.5712,19.6316,19.6245,0.037,0.036048,-0.146038,3.32068,22.4565
1.19243e+08,1.00743,-0.459515,9.18825,-2.84601,-4.04916,-0.812305,-4.04735,6.24936,-11.8185,1.78,-11.8208,18.3644,18.4531,0.037,0.035996,-0.139957,3.3199,22.4594
1.19263e+08,-0.427908,0.42919,11.3277,2.16827,10.3478,0.543809,10.2788,-2.16179,5.69294,-1.74397,5.58549,20.0591,20.1344,0.033,0.0326572,-0.136769,3.31908,22.4535
1.19283e+08,0.185959,-0.262025,8.496,-1.76607,5.95084,0.494937,5.95053,1.25328,13.2044,0.634962,13.139,19.998,20.1419,0.033,0.0321092,-0.135965,3.31821,22.4829
1.19303e+08,-0.243807,-0.423389,9.80906,-2.47076,-18.5682,-0.0676966,-18.337,-1.42249,2.76164,0.559543,2.91467,21.7996,21.7694,0.033,0.0320799,-0.124423,3.31688,22.4565
1.19323e+08,-1.74094,-0.563076,10.1544,-3.12833,-36.0644,-0.598952,-35.7718,-9.71399,-11.2384,-2.46366,-11.0404,20.3186,20.3307,0.024,0.0244553,-0.145697,3.3157,22.4741
1.19343e+08,1.43942,0.29191,9.35053,1.76731,-26.9347,-0.937402,-26.8462,8.74722,-3.94065,4.97414,-3.88657,19.0973,19.1785,0.024,0.0229683,-0.161803,3.31492,22.4594
1.19383e+08,-2.18519,-0.165688,9.86813,-0.939172,31.676,-0.287131,31.4749,-12.4844,9.60134,-5.39897,9.48259,19.4637,19.3415,0.023,0.0219658,-0.165679,3.31272,22.5094
1.19403e+08,0.906603,1.47926,8.27024,10.0818,27.7829,5.59583,27.5422,6.15894,12.4105,0.672541,12.2366,19.2194,19.2124,0.023,0.0217872,-0.164745,3.3099,22.4829
1.19503e+08,-1.51899,-0.141604,7.55985,-1.05206,-8.3545,-3.24241,-8.30709,-11.3592,-16.3987,-2.46799,-16.3526,7.78429,7.76112,0.026,0.0248063,-0.0743142,3.36911,22.4947
1.19523e+08,-0.544463,-9.77526,24.5644,-21.6949,-15.1026,-16.3487,-15.1383,-1.17978,-16.4445,1.44745,-16.36,5.14307,5.09294,0.026,0.0247031,-0.0425839,3.39874,22.4594
1.19723e+08,-1.08707,0.857888,13.6557,3.58344,-63.5301,6.51192,-63.5232,-4.54255,40.0288,1.59408,39.7517,-1.04014,-0.806776,0.042,0.041319,0.0743987,3.62427,22.4947
1.19763e+08,1.42043,-0.105478,12.624,-0.475714,-32.095,2.46143,-32.0043,6.41961,75.5403,3.96147,75.5474,7.09727,7.02032,0.039,0.0392476,0.0581097,3.65751,22.5006
1.19783e+08,0.720657,0.378613,11.8941,1.81989,-46.1255,0.592221,-46.3491,3.46553,49.6624,5.78126,49.6048,6.95986,6.96759,0.039,0.038954,0.0535761,3.67289,22.5094
1.19803e+08,1.84808,-0.92193,9.90143,-5.22972,-33.5911,-1.7835,-33.6379,10.528,35.922,9.68846,36.0136,7.32627,7.54413,0.027,0.0287978,0.00862552,3.6875,22.5359
1.19823e+08,1.21528,-0.854495,10.5835,-4.58596,2.40886,-3.17052,2.23806,6.52942,-6.73454,9.9138,-6.62983,8.18124,8.11877,0.027,0.0266505,-0.0166087,3.70155,22.5182
1.19843e+08,1.97187,0.417148,8.37921,2.77438,21.905,2.46692,21.8992,13.2266,-34.7651,11.3899,-34.6985,7.38734,7.30563,0.027,0.0264524,-0.0249995,3.71481,22.5212
1.19863e+08,1.58032,0.236517,9.16275,1.45714,35.615,1.30985,35.5828,9.78245,-31.1468,7.86877,-31.2494,5.99803,5.86819,0.037,0.0350104,-0.00278176,3.72749,22.53
1.19923e+08,0.641775,0.677257,10.0546,3.8457,13.2944,4.32256,13.3015,3.64394,-11.8032,3.91686,-11.8822,1.75375,1.82766,0.044,0.042657,0.0110382,3.7617,22.5065
1.19943e+08,0.660873,0.696524,9.33998,4.25431,-2.87359,4.59014,-2.8385,4.03618,1.92195,3.64507,1.87933,2.62398,2.51288,0.044,0.0437191,0.00908045,3.77204,22.5153
1.20023e+08,1.34629,0.294319,9.8397,1.69748,-5.22473,1.64876,-5.30235,7.78755,9.54027,7.12323,9.47103,0.761388,0.675649,0.046,0.0456552,-0.00558426,3.80874,22.5359
1.20043e+08,0.811382,0.426782,9.57446,2.54316,-2.2171,2.46658,-2.19921,4.83914,-0.215456,5.49678,-0.124089,-0.292047,-0.243008,0.043,0.0431182,-0.0176819,3.81681,22.5418
1.20123e+08,1.21013,0.515893,10.1821,2.88028,4.7142,3.03315,4.70486,6.76914,-2.29179,5.82626,-2.374,1.78429,1.70259,0.043,0.042531,-0.0317413,3.84535,22.5565
1.20143e+08,0.80898,0.47495,9.84995,2.75133,0.530993,3.06388,0.524969,4.68976,2.62424,5.2108,2.56001,1.75375,1.70237,0.043,0.0425151,-0.0346654,3.8515,22.5565
1.20223e+08,0.665787,0.197982,9.871,1.14642,-0.430839,1.66723,-0.47614,3.85791,1.44867,4.69115,1.4197,-0.38365,-0.387633,0.044,0.0433007,-0.0420117,3.87331,22.5829
1.20425e+08,0.966564,0.525527,9.6101,3.11441,4.05771,2.50629,3.85173,5.73486,-4.18492,5.87627,-3.55273,0.70032,0.320683,0.042,0.0413423,-0.0653412,3.91232,22.6124
1.20445e+08,0.828091,0.446049,9.63384,2.64119,2.92794,3.04045,2.93139,4.90764,-3.25362,5.04137,-3.25299,0.410243,0.421348,0.042,0.0412947,-0.0679146,3.91563,22.6241
1.20525e+08,0.868674,0.484583,9.56264,2.88909,-2.76672,2.73343,-3.03272,5.18391,3.11279,5.77869,2.97353,-0.292047,-0.294141,0.044,0.043274,-0.0674917,3.92607,22.6182
1.20546e+08,1.08359,0.453274,9.68349,2.6634,-0.53771,2.56736,-0.547055,6.37794,0.4563,5.99639,0.479853,0.0743654,0.0685659,0.044,0.0432543,-0.0695064,3.9287,22.6388
1.20647e+08,0.921201,0.503851,9.64097,2.9781,-4.73618,2.9315,-4.73455,5.45068,5.31126,5.29071,5.2997,-0.582123,-0.579914,0.043,0.0423504,-0.0747971,3.93865,22.6418
1.20887e+08,0.976127,0.484583,9.68838,2.84898,2.86687,2.7115,2.86651,5.74613,-3.13149,5.71825,-3.13082,0.410243,0.402192,0.042,0.0411656,-0.0832034,3.95625,22.6947
1.20907e+08,0.966574,0.4894,9.72163,2.8678,1.14168,2.89999,1.14954,5.67084,-1.13149,5.5589,-1.14163,0.1049,0.106086,0.042,0.0411726,-0.0827464,3.95737,22.7182
1.20927e+08,0.961796,0.496626,9.73827,2.90529,-0.736183,2.90926,-0.73047,5.63323,0.685308,5.56879,0.682549,-0.154642,-0.150215,0.042,0.0411784,-0.0821271,3.95851,22.6918
1.20947e+08,0.978524,0.450866,9.70019,2.64778,-1.13313,2.66586,-1.13453,5.75415,1.02119,5.75095,1.02032,-0.200444,-0.198256,0.045,0.0438885,-0.073584,3.95969,22.7035
1.20967e+08,0.942703,0.460499,9.71923,2.70001,-1.3316,2.70771,-1.33221,5.53383,1.4334,5.56741,1.43333,-0.261513,-0.25832,0.045,0.0441901,-0.073077,3.9608,22.7124
1.20987e+08,0.976141,0.431598,9.73815,2.52507,-0.323969,2.52528,-0.3306,5.71857,0.578438,5.73164,0.58381,-0.169909,-0.163534,0.045,0.0442152,-0.073485,3.96186,22.7241
1.21007e+08,0.98092,0.421965,9.65266,2.49027,1.72183,2.46384,1.71162,5.79708,-1.74217,5.86118,-1.73289,0.257571,0.25547,0.043,0.042396,-0.0799225,3.96287,22.7712
1.21027e+08,0.933153,0.458091,9.75248,2.6771,1.95084,2.6964,1.95116,5.45965,-2.12385,5.55579,-2.12475,0.257571,0.259017,0.043,0.0422057,-0.0801997,3.96382,22.7271
1.21047e+08,0.837647,0.42919,9.73114,2.51609,0.897405,2.68093,0.901914,4.91508,-1.07042,5.27363,-1.0753,0.196503,0.193944,0.043,0.0421968,-0.0800434,3.96456,22.7329
1.21067e+08,0.997616,0.4894,9.68837,2.87661,-0.812519,2.89317,-0.80824,5.87162,0.883781,5.64202,0.871669,-0.0935736,-0.0881031,0.044,0.0430955,-0.0773749,3.96544,22.7153
1.21147e+08,0.937933,0.441232,9.73108,2.5842,-4.04916,2.56159,-4.0437,5.49985,2.82271,5.53955,2.82118,4.13543,4.10211,0.043,0.0422027,-0.0804059,3.96842,22.7035
1.21247e+08,1.12175,0.624271,10.0185,3.54351,-92.0492,3.36147,-91.8769,6.37639,-1.42156,6.29605,-1.38469,39.082,38.995,0.041,0.0402472,-0.0768066,3.9704,22.78
1.21267e+08,0.775739,-0.204223,9.57111,-1.21836,-94.5835,-1.50443,-94.9451,4.63265,-71.1926,4.95076,-70.455,30.3797,30.7921,0.041,0.0403184,-0.0630141,3.97098,22.7506
1.21287e+08,0.556009,-0.0284086,10.5284,-0.154385,-154.187,2.27383,-153.865,3.023,-112.994,1.36335,-112.927,28.456,28.4137,0.041,0.0403416,-0.0790737,3.97161,22.8153
1.21307e+08,-0.549592,0.0823784,11.89,0.396538,-190.904,0.086028,-190.564,-2.64644,-158.048,-2.08851,-158.018,27.3415,27.2939,0.025,0.0260591,-0.0773661,3.97213,22.7535
1.21327e+08,-1.35394,-1.19408,13.0971,-5.18187,-108.263,-6.66544,-108.884,-5.8779,-8.5666,-3.98772,-9.47581,75.6011,75.0159,0.025,0.0249846,0.0527082,3.97263,22.7506
1.21347e+08,-0.837922,-2.06834,13.4134,-8.74913,-148.522,-8.59189,-148.367,-3.53292,-4.13912,-3.82619,-4.0923,84.227,84.1324,0.025,0.0253937,0.13036,3.97208,22.7712
1.21368e+08,-0.658612,-2.86793,12.3673,-13.0381,-156.858,-13.2039,-156.878,-2.96971,-10.0322,-3.38585,-10.001,88.4102,88.3887,0.032,0.0317445,0.20071,3.97266,22.78
1.21388e+08,-0.312215,-3.44595,10.2625,-18.553,-129.393,-18.0138,-129.551,-1.65198,-22.6887,-2.04107,-22.6398,90.7767,90.7692,0.032,0.0320231,0.214233,3.97321,22.7918
1.21408e+08,-0.257067,-4.26481,10.603,-21.9054,-71.2858,-21.3547,-71.5396,-1.28855,-39.9254,-1.42856,-39.8519,91.6316,91.6134,0.032,0.0315688,0.231045,3.97365,22.7565
1.21428e+08,-0.0516521,-4.48157,10.6001,-22.9176,1.70657,-22.8114,1.40322,-0.25715,-56.6124,-0.594111,-56.5437,90.6393,90.6587,0.066,0.0598896,0.337624,3.97424,22.7829
1.21448e+08,-0.0468924,-4.42376,10.5812,-22.6885,76.302,-22.7012,76.0168,-0.234265,-73.7727,-0.442187,-73.7156,89.1736,89.1876,0.066,0.0629135,0.356095,3.9737,22.7476
1.21468e+08,0.0127975,-4.40209,11.8728,-20.3433,143.371,-20.3479,143.147,0.0579063,-90.1391,-0.356985,-90.0746,87.6164,87.6241,0.066,0.0640959,0.384385,3.97411,22.7859
1.21488e+08,-0.149793,-3.61935,11.803,-17.0468,184.119,-17.0115,184.01,-0.695164,-102.811,-0.897137,-102.783,86.624,86.6339,0.093,0.0889002,0.49058,3.97459,22.7859
1.21508e+08,-0.271917,-2.38384,10.2998,-13.027,191.096,-13.025,191.117,-1.47334,-111.238,-1.7404,-111.21,87.2041,87.1908,0.093,0.0932269,0.504319,3.97504,22.8006
1.21528e+08,-0.465602,-1.41084,8.90784,-8.98778,171.401,-9.07069,171.513,-2.95529,-115.681,-3.0803,-115.669,88.7003,88.6807,0.093,0.0946898,0.472958,3.97548,22.7682
1.21548e+08,-0.780947,-0.871353,9.32447,-5.32016,129.279,-5.40119,129.471,-4.76682,-114.399,-4.84,-114.412,91.7385,91.7125,0.117,0.116843,0.492585,3.97589,22.7888
1.21568e+08,-1.35646,-0.722032,12.1387,-3.38305,63.4012,-3.31739,63.7006,-6.36502,-106.506,-6.40586,-106.551,96.5018,96.4436,0.117,0.11924,0.491124,3.97627,22.8006
1.21588e+08,-1.83401,-0.772608,12.4975,-3.50019,-18.2934,-3.25745,-17.9782,-8.3329,-89.62,-8.39667,-89.6934,103.128,103.057,0.117,0.119195,0.508659,3.97673,22.8006
1.21608e+08,-1.84109,-1.08089,11.2316,-5.42506,-87.5301,-5.18153,-87.3017,-9.26714,-70.2155,-9.42629,-70.2918,109.83,109.774,0.151,0.149185,0.601912,3.97725,22.8094
1.21669e+08,-2.59019,-3.54228,12.1447,-15.9212,-121.255,-15.751,-121.342,-11.5711,-19.2994,-11.5512,-19.382,119.83,119.813,0.201,0.191396,0.583056,3.97833,22.83
1.21689e+08,-2.68534,-4.85487,13.3773,-19.5866,-80.4919,-19.3349,-80.6903,-10.6858,2.71584,-10.8927,2.64267,120.38,120.386,0.201,0.191136,0.61229,3.97868,22.8065
1.21869e+08,-0.367719,-1.3434,11.6667,-6.56535,-9.77435,-6.61455,-9.52416,-1.79345,-23.559,-1.90923,-23.4934,93.1736,93.1945,0.367,0.371652,1.1253,3.98137,22.8182
1.21889e+08,-0.422638,-1.35063,10.4606,-7.35112,-67.2247,-7.04291,-56.4109,-2.29462,-39.9559,-2.10392,-36.7629,91.0362,91.38,0.367,0.37176,1.09039,3.98148,22.8653
1.21909e+08,-0.563538,-1.28801,9.00072,-8.12808,-114.477,-8.23139,-114.323,-3.5466,-54.1849,-3.42688,-54.1408,88.624,88.6452,0.438,0.437008,1.20298,3.98176,22.8418
1.21929e+08,-0.866652,-1.79618,9.85726,-10.2883,-144.171,-10.3517,-144.074,-4.94355,-61.9559,-4.96402,-61.9363,86.6087,86.6276,0.438,0.438054,1.12106,3.98211,22.8565
1.21949e+08,-1.47518,-3.14249,13.03,-13.4764,-157.133,-12.821,-156.564,-6.28062,-62.3681,-5.90131,-62.8789,84.853,85.2011,0.438,0.434334,1.0841,3.98261,22.8271
1.21969e+08,-1.77822,-3.90836,13.1643,-16.3948,-144.553,-16.4631,-144.639,-7.3783,-55.2842,-7.41725,-55.3212,83.1431,83.1598,0.54,0.518969,1.34252,3.9819,22.8653
1.21989e+08,-1.36057,-3.1184,8.95573,-18.9961,-111.423,-18.9708,-111.557,-8.16465,-46.7956,-8.23973,-46.8223,80.0133,80.0479,0.54,0.516654,1.27437,3.98225,22.8771
1.22009e+08,-1.2103,-2.53075,6.84111,-20.0155,-78.9805,-20.1388,-85.4139,-9.42101,-40.2307,-9.21288,-41.6755,76.2728,77.0103,0.54,0.511019,1.16594,3.98232,22.8418
1.22029e+08,-1.375,-2.73306,7.00237,-20.9564,-46.2171,-21.0897,-46.3518,-10.3661,-31.7422,-10.4601,-31.7819,72.4713,72.5037,0.677,0.62383,1.34555,3.98247,22.8682
1.22049e+08,-2.13637,-3.98543,9.91183,-21.4579,-0.415572,-21.4415,-0.653444,-11.3087,-15.3758,-11.1686,-15.4663,68.3034,68.3497,0.677,0.627415,1.25872,3.98262,22.8653
1.22271e+08,-0.515665,-1.70466,6.86557,-13.9064,-26.0644,-13.8014,-26.0423,-4.16923,3.55554,-4.23492,3.60304,30.456,30.5067,0.977,0.951508,0.945255,3.98332,22.8594
1.22291e+08,-0.603798,-2.48499,8.87775,-15.6033,-25.4843,-15.3599,-25.508,-3.74724,-9.4979,-3.9023,-9.44664,24.6545,24.7115,0.977,0.948041,0.851304,3.98359,22.8741
1.22311e+08,-0.584681,-2.53798,8.36006,-16.8486,-13.7438,-16.6456,-13.7962,-3.82861,-22.8872,-3.84435,-22.8374,18.2728,18.3316,1.054,0.98572,0.901571,3.98385,22.8594
1.22331e+08,-0.379497,-1.92624,6.21694,-17.1848,-0.75145,-17.0758,-0.800564,-3.33701,-35.6506,-3.50755,-35.6006,11.708,11.7692,1.054,1.00962,0.869685,3.9841,22.8976
1.22351e+08,-0.422543,-1.69021,5.31989,-17.5739,11.5539,-17.4612,11.509,-4.32893,-47.162,-4.27321,-47.1257,5.0362,5.09326,1.054,1.00881,0.737285,3.9845,22.88
1.22371e+08,-0.646943,-1.89493,6.16024,-17.0101,21.8898,-17.0661,21.8508,-5.73201,-53.2231,-5.68982,-53.2083,-0.627925,-0.576193,1.11,1.03929,0.709786,3.98378,22.8859
1.22392e+08,-0.911864,-2.35975,7.62462,-17.0823,33.6455,-16.9142,33.5943,-6.51768,-55.0399,-6.55119,-55.0383,-5.74243,-5.69337,1.11,1.05818,0.675905,3.98403,22.8712
1.22452e+08,-1.13882,-1.95755,7.32631,-14.7899,47.2791,-14.6136,47.2881,-8.54054,-45.1926,-8.57222,-45.2138,-17.6661,-17.6397,1.144,1.09624,0.524634,3.98486,22.8712
1.22472e+08,-1.48018,-2.34289,8.87636,-14.5931,44.5157,-14.4027,44.5268,-9.15914,-36.2765,-9.23537,-36.3193,-20.3073,-20.2861,1.144,1.09733,0.467915,3.98404,22.8918
1.22672e+08,-1.35108,-2.88238,10.5658,-15.1415,16.0424,-15.2056,16.0276,-7.03274,29.6319,-6.90939,29.6333,-48.7348,-48.7018,1.203,1.14952,0.0496607,3.98591,22.8947
1.22693e+08,-0.673288,-1.61314,5.93516,-15.1129,19.5234,-15.1424,19.5082,-6.24725,25.7845,-6.26805,25.8043,-53.7119,-53.6737,1.203,1.15362,0.0137342,3.98605,22.9212
1.22713e+08,-0.632791,-1.26633,4.96225,-14.2056,19.615,-14.39,19.623,-7.04383,20.5479,-6.73461,20.5659,-58.1241,-58.0869,1.203,1.1554,-0.0742812,3.9861,22.8976
1.22893e+08,-1.24633,-1.74561,7.07745,-13.6531,-38.1866,-13.9934,-38.1848,-9.70236,69.7845,-9.44244,69.7534,-69.9104,-69.9037,0.561,0.524731,-1.68838,3.98806,22.9065
1.22913e+08,-1.32022,-2.21766,8.05494,-15.1999,-37.9423,-14.8543,-37.96,-8.97979,76.3036,-8.80231,76.2832,-70.7959,-70.7823,0.561,0.525058,-1.62819,3.98817,22.9212
1.22933e+08,-1.22706,-2.3742,8.15907,-16.0534,-25.7285,-16.0657,-25.7827,-8.21684,80.3036,-7.97224,80.2946,-72.9791,-72.96,0.561,0.523171,-1.56488,3.98829,22.8976
1.22953e+08,-0.713794,-1.92624,6.54249,-16.3138,-15.1484,-16.1709,-15.1912,-5.97479,77.8914,-6.07193,77.9126,-75.6356,-75.6086,0.561,0.524851,-1.5133,3.98839,22.9124
1.22973e+08,-0.551464,-1.7721,5.82558,-16.8484,-2.91939,-16.9823,-2.97027,-5.17487,69.9219,-5.08601,69.9587,-78.8417,-78.8104,1.156,0.950253,-0.20685,3.98858,22.9094
1.22993e+08,-0.496475,-2.02017,6.8698,-16.3464,10.0882,-16.4107,10.0412,-3.96617,57.6624,-3.90715,57.7174,-82.6279,-82.6004,1.156,1.08984,0.159041,3.98876,22.8829
1.23013e+08,-0.39856,-2.06834,6.80791,-16.8722,23.447,-16.6727,23.3949,-3.2061,41.4029,-3.21128,41.4723,-86.7959,-86.7529,1.156,1.10536,0.14456,3.98884,22.9329
1.23033e+08,-0.305521,-1.75524,6.16729,-15.8681,32.5768,-15.8351,32.5524,-2.7279,23.8303,-2.77517,23.8986,-90.7348,-90.6928,1.153,1.10803,0.0814996,3.98901,22.9182
1.23053e+08,-0.374697,-2.01294,7.32081,-15.3551,35.8745,-15.133,35.8629,-2.8253,5.61661,-2.7458,5.69085,-94.2004,-94.1683,1.153,1.11144,0.0317871,3.98916,22.9388
1.23073e+08,-0.51072,-2.31399,8.69038,-14.8857,39.3402,-14.8272,39.332,-3.25032,-13.8032,-3.15564,-13.7322,-97.8798,-97.8333,1.153,1.11261,0.00835859,3.98922,22.9359
1.23093e+08,-0.4988,-2.24415,8.74271,-14.3739,37.6608,-14.2696,37.673,-3.16305,-31.0704,-3.201,-31.0036,-100.2,-100.201,1.101,1.07717,-0.114644,3.98861,22.9124
1.23114e+08,-0.58962,-1.94791,7.65824,-14.2305,34.3936,-14.0868,34.4082,-4.26726,-46.0475,-4.16278,-45.9951,-102.292,-102.282,1.101,1.06571,-0.170034,3.98862,22.9594
1.23134e+08,-0.759155,-1.95514,8.12847,-13.468,28.2409,-13.475,28.2729,-5.1885,-55.5437,-5.31445,-55.5155,-103.208,-103.206,1.101,1.06453,-0.200452,3.98871,22.9241
1.23154e+08,-1.11485,-2.28268,9.28925,-13.7113,20.3936,-13.5388,20.4188,-6.64772,-58.933,-6.65364,-58.9326,-103.3,-103.295,1.101,1.06279,-0.208193,3.98888,22.9359
1.23174e+08,-1.31546,-2.16226,8.84801,-13.589,14.0577,-13.5778,14.0823,-8.21803,-54.933,-8.13993,-54.9589,-101.956,-101.973,1.101,1.05907,-0.219881,3.98904,22.93
1.23194e+08,-1.36557,-2.28509,8.82174,-14.3583,10.3478,-14.1845,10.3533,-8.52241,-47.6048,-8.66146,-47.6391,-100.72,-100.722,1.101,1.05508,-0.240145,3.98843,22.9712
1.23295e+08,-1.86209,-2.85589,10.4832,-15.0148,32.6226,-14.9126,32.5942,-9.72487,28.3189,-9.67964,28.2706,-85.6814,-85.7082,0.204,0.179491,-2.31874,3.98872,22.9859
1.23315e+08,-1.74504,-3.0028,11.0432,-15.0338,39.1417,-14.9129,39.1191,-8.66985,37.8914,-8.71889,37.8593,-83.0249,-83.0497,0.204,0.179281,-2.16278,3.98889,22.9359
1.23335e+08,-1.74977,-3.15935,12.1398,-14.4445,42.5615,-14.3551,42.5569,-7.94087,43.6929,-7.86582,43.674,-80.7348,-80.7595,0.161,0.156337,-2.06493,3.98914,22.9859
1.23355e+08,-1.48484,-2.73306,11.3402,-13.4397,37.5081,-13.5547,37.5441,-7.25426,47.5097,-7.26477,47.5018,-78.2768,-78.3055,0.161,0.142807,-1.9379,3.98937,22.9682
1.23375e+08,-1.15546,-2.21525,9.76424,-12.6968,26.073,-12.7365,26.1262,-6.58302,45.3571,-6.5492,45.3729,-76.4142,-76.4306,0.161,0.14293,-1.81201,3.98951,22.9359
1.23395e+08,-1.16023,-2.25619,10.5453,-12.0062,8.7142,-12.0804,8.78961,-6.14074,40.6242,-6.08429,40.6437,-74.5058,-74.5241,0.12,0.120263,-1.76692,3.98854,22.9594
1.23416e+08,-1.14101,-2.68971,12.2659,-12.3167,-11.5911,-12.1908,-11.5077,-5.19184,35.3876,-5.25032,35.4089,-72.231,-72.2554,0.12,0.106504,-1.6621,3.98889,22.9565
1.23436e+08,-1.00734,-2.49222,11.6797,-12.0019,-33.6827,-12.1153,-33.6042,-4.8214,28.5021,-4.8694,28.5314,-70.2004,-70.2169,0.12,0.106052,-1.51484,3.98922,22.9829
1.23456e+08,-0.778173,-2.26101,9.99177,-12.7133,-48.2324,-12.7474,-48.1853,-4.34389,19.7845,-4.39435,19.8258,-68.7653,-68.777,0.085,0.0810555,-1.48243,3.98953,22.9741
1.23476e+08,-0.842588,-2.46572,10.483,-13.195,-57.4995,-13.2697,-57.471,-4.4738,9.29599,-4.37447,9.33551,-67.605,-67.6171,0.085,0.0734115,-1.40886,3.98983,22.9947
1.23496e+08,-1.05256,-3.0317,11.9258,-14.2103,-60.0034,-14.2189,-60.0048,-4.8891,1.17386,-4.80447,1.2061,-66.46,-66.4715,0.085,0.0729883,-1.29031,3.98936,22.9918
1.23597e+08,-1.10994,-2.76196,9.96514,-15.4007,-5.59114,-15.6742,-7.84836,-6.12646,-9.32996,-6.17706,-9.2392,-58.1394,-58.6643,0.049,0.0414338,-0.875555,3.99043,23.03
1.23618e+08,-1.19116,-2.65358,9.83955,-14.9883,3.03481,-15.1244,3.00925,-6.66663,-8.39866,-6.6755,-8.40462,-55.9562,-55.9794,0.049,0.0412025,-0.808167,3.99068,23.0271
1.2382e+08,0.367251,0.397881,9.57243,2.3784,3.52336,2.04736,3.49132,2.19521,22.0594,2.42438,21.999,-3.81876,-3.85391,0.044,0.0414738,-0.344729,3.99195,23.0182
1.2384e+08,0.56305,0.412331,9.72898,2.42279,11.7066,2.4244,11.6837,3.30925,37.5403,3.27526,37.4962,-0.673726,-0.704678,0.044,0.0415864,-0.325128,3.99212,23.0329
1.2392e+08,0.985815,-0.00914133,9.3908,-0.0554689,1.12641,0.110358,1.00691,5.99277,3.31126,5.56791,3.29066,-0.0935736,-0.0965787,0.045,0.0427475,-0.270441,3.99321,23.03
1.2394e+08,0.8783,0.214841,10.4122,1.17787,5.7371,1.25473,5.69417,4.82065,-7.86431,5.61482,-7.84442,0.562915,0.532635,0.04,0.0386148,-0.273226,3.99383,23.0271
1.2396e+08,1.1433,0.381022,9.71893,2.22972,9.18748,2.45257,9.19241,6.70415,-11.6658,6.57532,-11.6588,0.852991,0.869795,0.04,0.0379312,-0.266049,3.99442,23.0741
1.2398e+08,1.11695,0.694115,9.65298,4.08571,9.12641,3.49834,9.17541,6.58352,-9.84904,6.0988,-9.82548,1.1278,1.13601,0.04,0.0379506,-0.254095,3.99447,23.0888
1.2402e+08,0.973705,0.605004,9.72893,3.54077,-1.53008,3.2497,-1.50677,5.70438,3.02119,5.21038,2.99954,-0.292047,-0.279308,0.044,0.042122,-0.220385,3.99505,23.0388
1.2404e+08,0.954629,0.511076,9.73118,2.99204,-5.04153,2.74902,-5.03777,5.59513,6.04409,5.25596,6.04106,-0.688993,-0.683338,0.044,0.0422671,-0.210893,3.99507,23.0624
1.2406e+08,1.08596,0.503851,9.69544,2.95641,-3.89649,2.78151,-3.90182,6.38238,4.34943,6.00917,4.3656,-0.627925,-0.616983,0.043,0.0414505,-0.206146,3.99509,23.0918
1.2408e+08,1.1027,0.424373,9.7499,2.47651,-0.64458,2.43179,-0.648825,6.44659,0.486835,6.3051,0.511729,-0.200444,-0.194241,0.043,0.0413222,-0.199311,3.99511,23.0712
1.241e+08,1.09791,0.465316,9.70724,2.72701,2.16458,2.55698,2.16639,6.44553,-2.50553,6.13622,-2.48654,0.181236,0.18639,0.043,0.0413662,-0.192235,3.99581,23.08
1.2412e+08,1.03342,0.53516,9.66704,3.1507,2.77527,2.83454,2.79017,6.09257,-2.96355,5.83897,-2.95479,0.1049,0.116935,0.042,0.0405886,-0.188078,3.99579,23.0624
1.2422e+08,1.10985,0.460499,9.66448,2.71022,-1.85069,2.70866,-1.85058,6.54369,1.76928,6.31841,1.78057,-0.337848,-0.333197,0.043,0.0415954,-0.15792,3.99552,23.0859
1.24241e+08,0.971386,0.356938,9.6953,2.09793,-0.247633,2.23929,-0.248908,5.71761,-0.337593,5.85103,-0.328559,-0.246245,-0.243611,0.043,0.0416537,-0.152384,3.99603,23.0947
1.24321e+08,0.928388,0.417148,9.72392,2.44533,-1.46901,2.52041,-1.45532,5.44878,1.41813,5.52314,1.40712,-0.185177,-0.184149,0.042,0.0407762,-0.139574,3.99806,23.0918
1.24522e+08,1.01673,0.441232,9.79037,2.56667,4.43939,2.57203,4.43597,5.92296,-5.02462,6.31294,-5.01275,0.654518,0.636109,0.042,0.0408866,-0.115322,3.99909,23.1271
1.24542e+08,0.775527,0.559244,9.71954,3.28265,-0.140763,3.41706,-0.111283,4.5545,-0.24599,4.95829,-0.279836,0.120167,0.119819,0.042,0.0409523,-0.112372,3.99959,23.1418
1.24822e+08,0.96183,0.373796,9.67872,2.20086,-2.3545,2.20485,-2.35688,5.67098,2.62424,5.55559,2.62481,-0.246245,-0.251176,0.043,0.0421051,-0.0941247,4.00069,23.1594
1.25043e+08,0.957049,0.395472,9.67875,2.32845,-1.51481,2.29343,-1.50871,5.64245,1.61661,5.43485,1.60616,0.165968,0.160381,0.043,0.0421923,-0.0873012,4.00265,23.1741
1.25063e+08,1.04299,0.477358,9.69543,2.80256,-2.24763,2.74224,-2.24612,6.13262,2.08989,6.25077,2.09459,-0.00197053,-0.0137155,0.043,0.0421069,-0.0875058,4.00305,23.2153
1.25083e+08,1.22448,0.431598,9.49577,2.58106,-1.95756,2.87858,-1.91382,7.34023,-1.19255,7.41356,-1.15323,0.364442,0.312612,0.043,0.0420269,-0.0887761,4.00335,23.2124
1.25103e+08,1.30326,0.494217,9.82819,2.85379,-0.0033586,2.53351,0.016604,7.54416,-0.612402,7.22375,-0.59069,0.0743654,0.0331625,0.043,0.0420352,-0.0902367,4.00354,23.18
1.25123e+08,1.37246,0.660398,9.883,3.78668,1.00428,3.49299,1.02021,7.88877,-1.84904,7.37384,-1.83397,-0.551589,-0.547742,0.043,0.0419987,-0.0906488,4.00382,23.2535
1.25143e+08,1.02385,0.595371,9.60067,3.52861,1.92031,3.15178,1.9568,6.07565,-2.38339,5.75864,-2.36135,-0.688993,-0.697652,0.041,0.0402991,-0.0959672,4.00298,23.2212
1.25163e+08,1.25549,0.552019,9.93991,3.15369,0.0119087,2.53103,0.0455707,7.1878,0.593705,5.82397,0.597479,-1.04014,-1.01398,0.041,0.040171,-0.0938428,4.00328,23.23
1.25183e+08,1.31754,0.662806,9.8142,3.82938,-1.30107,3.01409,-1.27822,7.62896,2.56317,6.33155,2.57693,-1.45235,-1.40391,0.041,0.040125,-0.0929713,4.00357,23.2124
1.25203e+08,1.40827,0.691707,9.60761,4.07456,-0.583511,3.29536,-0.576461,8.31771,2.16622,7.1491,2.18451,-1.08594,-1.03004,0.042,0.0409477,-0.0914129,4.00384,23.2359
1.25223e+08,1.308,0.621863,9.69306,3.63793,1.27908,3.09803,1.28803,7.66959,-0.658204,6.82473,-0.631802,-0.994337,-0.94023,0.042,0.0410317,-0.0917288,4.0041,23.2124
1.25243e+08,1.12895,0.486992,9.64077,2.87218,2.17985,2.3455,2.19427,6.67057,-1.14675,5.81404,-1.13172,-0.673726,-0.614755,0.042,0.041123,-0.091292,4.00307,23.2447
1.25263e+08,0.978488,0.58092,9.58881,3.44905,1.75237,2.84397,1.76017,5.81597,-0.368127,5.36646,-0.361702,-0.322581,-0.273034,0.042,0.0411491,-0.0903077,4.00346,23.2388
1.25343e+08,0.968968,0.465316,9.53403,2.77985,1.70657,2.42992,1.69895,5.79634,-0.337593,5.56055,-0.328747,0.150701,0.176563,0.043,0.0421449,-0.0862933,4.00322,23.2741
1.25444e+08,1.04065,0.303952,9.56457,1.80952,-0.0186257,1.73012,-0.0305568,6.20638,1.20439,5.96063,1.19951,0.0896325,0.110884,0.042,0.0412442,-0.0883173,4.00351,23.2506
1.25464e+08,0.921197,0.518301,9.65524,3.05887,1.44702,2.77709,1.43159,5.44225,-0.474998,5.70048,-0.466342,0.532381,0.538185,0.042,0.0411238,-0.0888598,4.00387,23.28
1.25484e+08,0.90926,0.508668,9.58401,3.02455,3.06534,3.14169,3.05395,5.41201,-2.16965,5.67985,-2.17947,0.578182,0.58658,0.042,0.0410983,-0.0883369,4.00412,23.2682
1.25504e+08,1.00717,0.482175,9.68835,2.83393,-0.0186257,2.71553,-0.0128933,5.92768,0.731109,5.6774,0.71012,0.349174,0.354393,0.043,0.0420335,-0.0850308,4.00445,23.2829
1.25524e+08,0.746941,0.315995,9.6242,1.8749,-2.3545,2.07179,-2.36008,4.43549,2.96012,4.82988,2.95518,-0.139375,-0.128329,0.043,0.0421859,-0.083619,4.00468,23.2565
1.25584e+08,0.897318,0.52071,9.70512,3.05813,2.42412,3.08926,2.41422,5.2749,-2.33759,5.86585,-2.33587,0.501846,0.505095,0.041,0.0400867,-0.0903971,4.00423,23.2476
1.25604e+08,0.856787,0.296727,9.48162,1.78522,-0.186565,2.38769,-0.190268,5.16088,-0.688738,5.77276,-0.714933,0.746121,0.73613,0.041,0.0400639,-0.091928,4.00447,23.2624
1.25624e+08,1.03347,0.344895,10.0609,1.95311,-2.15603,2.0971,-2.1482,5.86156,1.76928,5.71594,1.76383,0.257571,0.25212,0.041,0.0401367,-0.0890571,4.00478,23.3006
1.25644e+08,0.758875,0.332853,9.60048,1.97951,-1.20947,2.32498,-1.22093,4.51688,1.31126,5.34684,1.3122,0.150701,0.126073,0.041,0.0401482,-0.0886427,4.00499,23.2771
1.25765e+08,1.18624,0.530343,9.85684,3.05779,-0.934656,3.03079,-0.91038,6.85257,-1.13149,6.69683,-1.10333,0.120167,0.0967179,0.043,0.0421052,-0.0844243,4.00611,23.33
1.25785e+08,1.16477,0.460499,9.87099,2.65264,-0.980458,2.85056,1.02822,6.72251,-1.51317,6.55434,-0.399999,-0.292047,-0.677662,0.043,0.0421275,-0.085244,4.00651,23.3006
1.25865e+08,1.26267,0.467725,9.74983,2.72381,-3.95756,2.81105,-3.93062,7.37075,2.07462,7.13667,2.08814,-0.826398,-0.839854,0.042,0.0411256,-0.0877896,4.00729,23.3094
1.26065e+08,0.873502,0.296727,9.68104,1.74849,-0.797252,1.96591,-0.799485,5.15332,0.883781,5.37769,0.873981,0.0743654,0.0663688,0.043,0.0421682,-0.0848674,4.00867,23.3447
1.26085e+08,0.916458,0.385839,9.70964,2.26555,-0.323969,2.11862,-0.785113,5.38774,0.502102,5.47532,0.596761,0.196503,0.0942056,0.043,0.0421817,-0.0844484,4.00877,23.3594
1.26105e+08,1.00479,0.441232,9.75239,2.57687,0.851603,2.85014,0.665425,5.87648,-0.871944,5.89485,-0.837397,0.379709,0.199174,0.044,0.043055,-0.0816208,4.00886,23.3565
1.26165e+08,0.942715,0.419556,9.67168,2.47222,-0.0338929,2.60589,-0.372765,5.56193,0.013552,5.59051,0.233569,0.120167,0.0936544,0.043,0.0422578,-0.085503,4.00771,23.3506
1.26186e+08,0.971374,0.402697,9.67163,2.37232,0.622596,2.41242,0.62464,5.73036,-0.765074,5.77357,-0.767648,0.272839,0.27043,0.043,0.0421584,-0.0854125,4.00786,23.3535
1.26206e+08,1.02867,0.44364,9.68589,2.60783,-0.232366,2.51141,-0.22579,6.05596,0.0746207,6.0689,0.0707277,0.150701,0.148361,0.043,0.042132,-0.0854826,4.00808,23.3418
1.26226e+08,1.03106,0.446049,9.74762,2.6055,-0.705649,2.63778,-0.705869,6.03176,0.56317,6.05114,0.565536,-0.0935736,-0.0923943,0.043,0.0421223,-0.0855446,4.00821,23.3594
1.26246e+08,0.973761,0.402697,9.68825,2.36824,-0.0949616,2.44352,-0.0952958,5.73458,-0.169654,5.83059,-0.165191,0.120167,0.112931,0.043,0.0421324,-0.0860256,4.00842,23.3241
1.26266e+08,0.978533,0.417148,9.71676,2.44589,0.301985,2.30674,0.40913,5.74537,-0.398662,5.70703,-0.472347,0.0896325,0.114803,0.043,0.0421552,-0.0856473,4.00727,23.3712
1.26287e+08,1.03344,0.458091,9.72627,2.68147,-0.0338929,2.63097,-0.029735,6.05841,0.013552,5.96878,0.0114673,0.120167,0.11721,0.043,0.0421415,-0.0851239,4.00761,23.3182
1.26308e+08,1.043,0.448457,9.70013,2.63187,-0.323969,2.71875,-0.321264,6.13059,0.257827,6.0252,0.256398,-0.0935736,-0.0895519,0.043,0.0421275,-0.0854882,4.00776,23.3594
1.26328e+08,1.0239,0.414739,9.6906,2.43711,-0.430839,2.40109,-0.427936,6.02598,0.24256,5.92319,0.244637,-0.047772,-0.0505176,0.043,0.0421386,-0.0855186,4.00791,23.3535
1.26348e+08,1.01197,0.395472,9.66921,2.32939,-0.0186257,2.36241,-0.0189592,5.96981,-0.0475166,5.80833,-0.0448158,0.0590981,0.0580688,0.043,0.04215,-0.085746,4.00813,23.3712
1.26368e+08,1.02389,0.446049,9.65504,2.63037,0.408855,2.60163,0.410865,6.04706,-0.490265,5.87068,-0.489331,0.135434,0.136101,0.043,0.0421438,-0.0858662,4.00716,23.3594
1.26449e+08,0.966593,0.421965,9.66454,2.48761,0.500458,2.46727,0.50218,5.706,-0.566601,5.667,-0.565424,0.135434,0.131354,0.043,0.0421567,-0.0852797,4.00797,23.3976
1.26469e+08,1.01434,0.460499,9.66931,2.71178,-0.0033586,2.64696,0.00136997,5.98186,-0.0169823,5.94949,-0.0182428,0.135434,0.134013,0.043,0.0421368,-0.0856194,4.00836,23.38
1.26489e+08,0.976143,0.426782,9.70728,2.50478,-0.522442,2.58019,-0.520674,5.73673,0.4563,5.79272,0.457428,-0.108841,-0.105332,0.043,0.042135,-0.0854004,4.00856,23.3771
1.26509e+08,0.978526,0.441232,9.6978,2.59191,-0.247633,2.55875,-0.247995,5.75584,0.196758,5.7596,0.199984,-0.00197053,0.00125746,0.042,0.0415487,-0.0870813,4.00875,23.3535
1.26529e+08,0.96659,0.431598,9.71204,2.53203,0.256183,2.53142,0.255843,5.67807,-0.200188,5.65074,-0.199872,0.0590981,0.0564846,0.042,0.0411842,-0.0881141,4.00893,23.3918
1.26569e+08,1.01912,0.458091,9.6788,2.69487,-0.217099,2.71523,-0.213269,6.00406,0.105155,5.86234,0.103946,-0.0935736,-0.0893389,0.042,0.0411301,-0.0873963,4.00809,23.3712
1.2659e+08,0.985692,0.434007,9.65267,2.56112,-0.385038,2.59542,-0.385347,5.82476,0.395231,5.93394,0.394931,-0.0630392,-0.06409,0.042,0.0411215,-0.0876697,4.00712,23.4241
1.2661e+08,0.937938,0.424373,9.66457,2.50251,-0.0186257,2.46696,-0.0212978,5.53784,0.0898879,5.66271,0.0910907,0.0285639,0.0244891,0.042,0.041141,-0.0869629,4.00738,23.3888
1.2665e+08,0.985682,0.470133,9.68122,2.7659,0.0882446,2.68385,0.0894377,5.80667,-0.062784,5.85076,-0.0643091,-0.00197053,0.00497189,0.043,0.0421037,-0.0839129,4.00787,23.3888
1.2667e+08,0.97615,0.400289,9.69062,2.35347,-0.293435,2.51365,-0.29401,5.74722,0.364697,5.76049,0.362629,-0.0325049,-0.0324991,0.043,0.0421451,-0.0840854,4.00691,23.3741
1.26691e+08,0.971361,0.448457,9.69545,2.63512,-0.217099,2.56944,-0.220307,5.71515,0.196758,5.72716,0.19769,0.0590981,0.055055,0.042,0.0415582,-0.0858145,4.00735,23.3888
1.26771e+08,0.978535,0.409923,9.68588,2.41115,-0.217099,2.43689,-0.217115,5.76372,0.227293,5.82305,0.227292,-0.0325049,-0.0277599,0.043,0.0421153,-0.0829513,4.00719,23.4212
1.26891e+08,0.96898,0.424373,9.73577,2.48363,0.0729773,2.54269,0.0741508,5.67845,-0.169654,5.7227,-0.167593,0.043831,0.0432043,0.043,0.0421688,-0.0823514,4.00857,23.4153
1.27091e+08,0.966595,0.412331,9.7405,2.41214,-0.0796944,2.48092,-0.077283,5.66213,-0.0169823,5.7325,-0.0175815,0.0590981,0.057772,0.042,0.0411534,-0.0854253,4.01052,23.4065
1.27111e+08,0.976146,0.414739,9.65265,2.44781,-0.308702,2.4911,-0.307228,5.76924,0.227293,5.84623,0.22784,0.0285639,0.0258487,0.043,0.0417412,-0.0837526,4.01078,23.4565
1.27131e+08,1.02629,0.407514,9.66209,2.40162,-0.110229,2.51259,-0.111404,6.05779,0.135689,5.88357,0.136571,-0.0172377,-0.01584,0.043,0.0421189,-0.0821025,4.01103,23.4594
1.27151e+08,0.971364,0.438824,9.64082,2.59304,0.103512,2.54836,0.102641,5.74752,-0.154387,5.77127,-0.153754,0.0743654,0.071019,0.043,0.0421605,-0.0823544,4.00966,23.4359
1.27195e+08,1.00002,0.431598,9.70727,2.53239,-0.140763,2.50554,-0.140723,5.87596,0.135689,5.833,0.134808,-0.0325049,-0.0323496,0.042,0.0411751,-0.0856393,4.01009,23.4506
1.27216e+08,0.954655,0.417148,9.70016,2.45062,-0.293435,2.51508,-0.291052,5.61559,0.135689,5.66243,0.135989,-0.00197053,-0.00456648,0.042,0.0411563,-0.08528,4.01029,23.4212
1.27278e+08,0.949875,0.431598,9.65745,2.54661,0.103512,2.50355,0.10149,5.61179,-0.00171518,5.63979,-0.00260813,0.165968,0.162543,0.042,0.0411636,-0.0846473,4.01075,23.4329
1.27319e+08,1.01197,0.390655,9.65496,2.30441,-0.201832,2.37179,-0.201854,5.97867,0.0898879,5.89023,0.0910747,-0.0172377,-0.0170864,0.043,0.0421518,-0.0817077,4.01107,23.4594
1.27339e+08,0.988084,0.419556,9.67877,2.46929,-0.0033586,2.49796,-0.00191854,5.82357,-0.0780511,5.7842,-0.0760053,0.043831,0.0433132,0.043,0.0421731,-0.0813456,4.01122,23.4624
1.27359e+08,1.01196,0.419556,9.68587,2.46688,0.103512,2.47088,0.104686,5.95897,-0.0475166,5.92527,-0.0478327,0.0590981,0.058433,0.043,0.0421649,-0.0817281,4.01145,23.4447
1.27379e+08,1.0024,0.455683,9.69781,2.67601,-0.110229,2.61531,-0.108765,5.89489,0.105155,5.85486,0.104246,0.1049,0.102866,0.043,0.0421632,-0.0819338,4.0115,23.4565
1.27399e+08,0.992861,0.414739,9.70725,2.43378,-0.15603,2.46004,-0.15629,5.83464,0.0440865,5.83166,0.0455547,-0.0630392,-0.0594999,0.043,0.0421649,-0.0822654,4.01154,23.4682
1.27419e+08,0.973753,0.434007,9.68592,2.55274,-0.110229,2.50433,-0.109913,5.7351,0.0440865,5.77907,0.0441314,0.135434,0.129299,0.043,0.0421648,-0.0824781,4.0104,23.4653
1.27439e+08,0.99048,0.390655,9.71433,2.29101,0.042443,2.341,0.0412681,5.81713,-0.0475166,5.87591,-0.0466301,0.120167,0.115999,0.043,0.0421616,-0.0825015,4.0105,23.4741
1.27459e+08,0.968986,0.400289,9.63602,2.36683,0.0119087,2.43912,0.0139749,5.73738,-0.108585,5.79792,-0.10797,-0.0172377,-0.0137334,0.043,0.0421604,-0.0827829,4.01068,23.4506
1.27479e+08,1.02151,0.42919,9.78322,2.49839,-0.0491601,2.50067,-0.0491606,5.95523,0.135689,5.86959,0.13478,-0.047772,-0.0435158,0.044,0.0430059,-0.0797896,4.01076,23.4888
1.27519e+08,0.957067,0.330445,9.67865,1.94593,-0.629313,2.19279,-0.63069,5.64403,0.441033,5.76112,0.438073,0.0743654,0.0673563,0.044,0.0431677,-0.080965,4.01125,23.5065
1.27559e+08,0.990454,0.484583,9.72635,2.83756,1.14168,2.74575,1.13512,5.80734,-1.05515,5.75009,-1.05301,0.303373,0.29822,0.043,0.0421776,-0.0840165,4.01152,23.48
1.27579e+08,0.992849,0.455683,9.71206,2.6724,0.485191,2.80199,0.492366,5.83062,-0.551333,5.97973,-0.559711,0.181236,0.182737,0.043,0.0421241,-0.0845685,4.01173,23.4594
1.27599e+08,0.985691,0.438824,9.69304,2.57884,-1.40794,2.57447,-1.40225,5.80058,1.4792,5.77152,1.47259,-0.154642,-0.153465,0.043,0.0421432,-0.0841912,4.01176,23.4506
1.27619e+08,0.95227,0.405106,9.68827,2.3829,-0.85832,2.34584,-0.865473,5.60876,0.990651,5.60043,1.0001,-0.047772,-0.0472218,0.043,0.0421717,-0.0836253,4.01179,23.4741
1.27639e+08,0.990472,0.417148,9.65264,2.46164,1.14168,2.40074,1.13624,5.85328,-1.22309,5.72819,-1.21645,0.165968,0.164382,0.043,0.0421749,-0.0833089,4.01191,23.4976
1.27659e+08,1.04061,0.426782,9.69298,2.50672,0.698932,2.42473,0.704055,6.12178,-0.749807,6.03046,-0.755196,0.196503,0.193908,0.043,0.0421525,-0.0833591,4.01201,23.4653
1.27699e+08,0.930774,0.426782,9.72394,2.50167,-0.507175,2.59763,-0.512497,5.46246,0.471567,5.51607,0.475753,0.0132966,0.0099059,0.043,0.0421556,-0.0840487,4.0123,23.4506
1.27719e+08,0.947509,0.354529,9.65258,2.09342,0.179848,2.18652,0.178045,5.60251,-0.230723,5.61282,-0.230078,0.0590981,0.0596972,0.043,0.0421731,-0.0839531,4.01247,23.4947
1.27739e+08,1.00719,0.402697,9.69772,2.36513,0.240916,2.35464,0.240673,5.92433,-0.123852,5.88041,-0.125891,0.181236,0.178235,0.043,0.0421599,-0.0843454,4.01247,23.4976
1.27799e+08,0.940333,0.397881,9.71676,2.33394,-0.415572,2.36875,-0.41617,5.52295,0.502102,5.59974,0.500594,0.043831,0.0414959,0.043,0.0421672,-0.0839008,4.0116,23.4976
1.279e+08,0.97375,0.44364,9.63371,2.62331,0.317252,2.56511,0.315179,5.76564,-0.322326,5.71344,-0.32054,0.120167,0.114727,0.043,0.042158,-0.0842457,4.01144,23.4918
1.2792e+08,1.00241,0.409923,9.67399,2.41348,-0.0186257,2.47256,-0.0147454,5.91058,-0.0780511,5.85906,-0.0809881,0.120167,0.120072,0.043,0.042154,-0.0843379,4.01166,23.5182
1.2794e+08,0.988081,0.431598,9.71915,2.52964,-0.400305,2.57393,-0.399994,5.79926,0.334163,5.86198,0.334151,0.0285639,0.0277449,0.043,0.0421442,-0.0840805,4.01186,23.5359
1.2796e+08,0.990482,0.38343,9.6882,2.25467,-0.0033586,2.38487,-0.0080759,5.83287,-0.00171518,5.89956,0.00125045,0.043831,0.0416522,0.043,0.0421467,-0.0839093,4.01206,23.4682
1.2798e+08,1.00481,0.393064,9.60986,2.32953,0.317252,2.38397,0.316635,5.9642,-0.276524,5.74947,-0.275946,0.0896325,0.0882002,0.043,0.0421662,-0.0841121,4.01216,23.4829
1.28e+08,1.00479,0.450866,9.66693,2.65605,0.0271758,2.51923,0.0283855,5.92767,-0.062784,5.83054,-0.0628008,0.0896325,0.0916926,0.043,0.0421613,-0.0841762,4.01116,23.5535
1.2802e+08,1,0.496626,9.62665,2.93741,-0.278168,2.82033,-0.278969,5.92271,0.227293,5.91858,0.227574,-0.0630392,-0.0607383,0.042,0.0412937,-0.0875143,4.01037,23.5065
1.28121e+08,1.00002,0.438824,9.67879,2.58221,-0.446107,2.56066,-0.446942,5.89289,0.517369,5.86652,0.515606,0.043831,0.0395431,0.042,0.0411267,-0.0873646,4.01037,23.5535
1.28141e+08,0.961818,0.417148,9.65979,2.46057,-0.0338929,2.45891,-0.0368368,5.6809,0.0440865,5.72263,0.045613,0.165968,0.161672,0.043,0.0420428,-0.0846581,4.01064,23.5094
1.28161e+08,0.966587,0.44364,9.72631,2.59881,0.301985,2.51251,0.303431,5.66948,-0.429196,5.76057,-0.42914,0.0285639,0.0274499,0.043,0.0421422,-0.0840849,4.01072,23.5241
1.28202e+08,1.01434,0.455683,9.68118,2.68021,-0.415572,2.67103,-0.414668,5.97474,0.425766,5.94723,0.424562,0.0743654,0.0742318,0.042,0.0412361,-0.0866603,4.00969,23.5271
1.28223e+08,0.978524,0.450866,9.72631,2.64075,-0.217099,2.54289,-0.218634,5.73884,0.166224,5.81893,0.169488,0.1049,0.0952631,0.042,0.041145,-0.0867269,4.01,23.5329
1.28323e+08,0.97854,0.393064,9.65499,2.31941,-0.0338929,2.36261,-0.0379779,5.78245,0.0593536,5.7985,0.0620198,0.043831,0.0446362,0.043,0.0420552,-0.0828326,4.01013,23.53
1.28343e+08,1.00002,0.436415,9.61468,2.58498,0.271451,2.50663,0.270841,5.93189,-0.368127,5.82561,-0.365477,0.1049,0.100972,0.043,0.0421556,-0.0831005,4.01049,23.5212
1.28363e+08,0.988077,0.44364,9.6978,2.60578,0.042443,2.56862,0.0451152,5.81157,0.013552,5.82105,0.0108408,0.0285639,0.0300168,0.043,0.0421561,-0.0831465,4.01075,23.5329
1.28383e+08,1.01434,0.438824,9.70727,2.57434,-0.278168,2.59749,-0.278122,5.95934,0.227293,5.928,0.226998,0.120167,0.113995,0.043,0.0421472,-0.0831196,4.01109,23.5447
1.28403e+08,0.980922,0.414739,9.68114,2.44057,-0.125496,2.45746,-0.129347,5.78037,0.212025,5.80452,0.212065,0.0743654,0.0709117,0.043,0.0421597,-0.0828952,4.01132,23.5506
1.28423e+08,1.0048,0.426782,9.731,2.498,0.179848,2.49969,0.178932,5.88969,-0.13912,5.85345,-0.139384,0.043831,0.0410825,0.043,0.0421588,-0.0830418,4.01036,23.5241
1.28443e+08,0.983304,0.434007,9.66692,2.55745,0.118779,2.57453,0.120558,5.80226,-0.154387,5.81926,-0.157008,0.043831,0.0385245,0.043,0.0421546,-0.0831245,4.0108,23.5771
1.28463e+08,0.961808,0.455683,9.69547,2.67777,-0.15603,2.63286,-0.153658,5.6591,0.0746207,5.77825,0.074021,-0.108841,-0.100743,0.043,0.0421554,-0.0828865,4.01105,23.5476
1.28483e+08,0.964202,0.431598,9.69068,2.53761,-0.15603,2.56148,-0.158035,5.67652,0.212025,5.76188,0.212025,-0.0325049,-0.0271331,0.043,0.0421582,-0.0832253,4.01128,23.5476
1.28503e+08,0.985695,0.424373,9.71439,2.48861,0.0119087,2.46869,0.00955299,5.78835,-0.00171518,5.79165,-0.000512108,-0.00197053,0.000778138,0.043,0.0421636,-0.0827574,4.01151,23.5682
1.28523e+08,0.976151,0.397881,9.68586,2.34046,0.16458,2.46554,0.163416,5.75007,-0.0322495,5.7514,-0.0313691,0.150701,0.147124,0.043,0.0421674,-0.0826241,4.01172,23.5535
1.28603e+08,0.976132,0.465316,9.70259,2.73191,0.0577102,2.66702,0.0579703,5.73838,-0.108585,5.70901,-0.106546,0.150701,0.145292,0.042,0.0411468,-0.0858645,4.01262,23.5535
1.28623e+08,1.26983,0.501442,9.64304,2.95129,0.0882446,2.74877,0.0853651,7.49172,0.593705,6.71453,0.584845,-0.108841,-0.102431,0.042,0.0411141,-0.0863577,4.01295,23.5594
1.28643e+08,0.997635,0.419556,9.59329,2.49078,1.72183,2.2682,1.69945,5.93139,0.929583,5.39084,0.916852,-0.459986,-0.441319,0.042,0.0411657,-0.086426,4.01317,23.5771
1.28663e+08,1.043,0.436415,9.57191,2.59516,2.33252,1.97792,2.30167,6.21228,0.914315,5.14542,0.890484,-0.261513,-0.216826,0.042,0.0412141,-0.0854658,4.01339,23.5888
1.28683e+08,0.914055,0.438824,9.60526,2.60403,1.58443,2.34813,1.55326,5.43038,1.12806,5.10794,1.11405,-0.215711,-0.161443,0.043,0.0420835,-0.0828138,4.0135,23.5565
1.28703e+08,0.947489,0.424373,9.55772,2.52994,0.958474,2.32761,0.930074,5.65589,1.63187,5.48264,1.60999,-0.0783064,-0.0235562,0.043,0.0421622,-0.0827818,4.0137,23.5712
1.28723e+08,1.01197,0.405106,9.60275,2.40239,1.17221,2.23044,1.14694,6.01049,1.17386,5.55196,1.16386,-0.200444,-0.140381,0.043,0.0421674,-0.0836821,4.01279,23.5918
1.28743e+08,0.859151,0.38343,9.65033,2.26634,1.49282,2.07914,1.46705,5.08353,0.4563,5.0037,0.448293,0.120167,0.170498,0.043,0.042191,-0.083226,4.01311,23.5829
1.28823e+08,0.923619,0.395472,9.56719,2.3561,0.637863,2.27108,0.619343,5.50958,0.731109,5.45298,0.725654,0.196503,0.227061,0.041,0.0401723,-0.0887647,4.01297,23.5976
1.28843e+08,0.899737,0.407514,9.5981,2.42059,1.15695,2.28673,1.14315,5.35053,-0.062784,5.43546,-0.0682622,0.501846,0.525001,0.041,0.0401501,-0.08839,4.01328,23.5565
1.28863e+08,0.964203,0.42919,9.61945,2.54195,0.882138,2.42366,0.873125,5.71826,0.257827,5.68814,0.25081,0.181236,0.211563,0.043,0.0419561,-0.0822249,4.01357,23.6065
1.28883e+08,1.00001,0.477358,9.59575,2.83262,0.134046,2.67681,0.127711,5.94222,0.883781,5.78482,0.877967,0.1049,0.129132,0.043,0.0421412,-0.0820997,4.01368,23.5859
1.28903e+08,0.875855,0.421965,9.64088,2.49587,0.195115,2.48895,0.182012,5.18602,0.776911,5.43711,0.773515,0.135434,0.154808,0.043,0.0421668,-0.0820341,4.01387,23.6065
1.28943e+08,0.916455,0.397881,9.63606,2.35384,0.714199,2.36908,0.703485,5.42828,-0.184921,5.61094,-0.18673,0.150701,0.172207,0.043,0.042168,-0.0818599,4.01326,23.5947
1.29023e+08,0.859146,0.400289,9.74533,2.34302,0.0729773,2.41107,0.0682054,5.03394,-0.215456,5.45885,-0.213055,0.272839,0.27237,0.042,0.0411549,-0.0855435,4.01277,23.6035
1.29044e+08,0.976143,0.424373,9.73339,2.48405,0.225649,2.49163,0.22368,5.72154,-0.581868,5.87665,-0.580929,0.196503,0.198338,0.042,0.0411362,-0.0858793,4.01309,23.63
1.29064e+08,0.928401,0.371388,9.67874,2.18742,-0.217099,2.41944,-0.213974,5.47514,-0.13912,5.77234,-0.142916,0.288106,0.281994,0.042,0.041143,-0.0856165,4.01322,23.5976
1.29084e+08,0.954665,0.381022,9.73571,2.23053,-0.766717,2.47332,-0.765044,5.59615,0.227293,5.80895,0.227946,0.196503,0.190372,0.042,0.0411437,-0.085182,4.01343,23.5859
1.29104e+08,0.923629,0.359346,9.69772,2.11256,-0.629313,2.39544,-0.629397,5.43684,0.0440865,5.71805,0.0451039,0.349174,0.330546,0.043,0.0420545,-0.0827607,4.01355,23.6065
1.29244e+08,1.01673,0.434007,9.7215,2.54237,-0.0491601,2.62242,-0.0481271,5.96474,-0.337593,6.03755,-0.33897,0.364442,0.343917,0.043,0.0421403,-0.0835998,4.01417,23.6329
1.29264e+08,1.00241,0.42919,9.71913,2.51517,-0.247633,2.6167,-0.24281,5.88284,-0.13912,5.86733,-0.13995,0.150701,0.141994,0.043,0.0421499,-0.0834219,4.01433,23.6476
1.29284e+08,0.952267,0.417148,9.71678,2.44653,-0.461374,2.50822,-0.459764,5.59213,0.150957,5.76901,0.15042,0.181236,0.172945,0.043,0.0421555,-0.0833749,4.01448,23.6594
1.29304e+08,0.99286,0.417148,9.72862,2.44258,-0.323969,2.557,-0.3221,5.82187,0.013552,5.89474,0.0165682,0.227037,0.211466,0.043,0.0421505,-0.0833861,4.01455,23.6241
1.29324e+08,1.05733,0.412331,9.65733,2.43032,-0.125496,2.49651,-0.123628,6.2425,-0.123852,6.10905,-0.124615,0.165968,0.154578,0.043,0.0421429,-0.0842639,4.01469,23.63
1.29344e+08,1.01913,0.409923,9.71671,2.40256,-0.125496,2.41986,-0.117245,5.98224,-0.337593,5.94659,-0.334865,0.181236,0.171907,0.042,0.0412405,-0.0872264,4.01491,23.6506
1.29364e+08,0.980924,0.405106,9.71674,2.37531,-0.140763,2.5441,-0.137698,5.75963,-0.123852,5.79147,-0.122944,0.120167,0.116407,0.042,0.0411502,-0.0869906,4.01513,23.6388
1.29384e+08,1.02151,0.44364,9.67165,2.61182,-0.400305,2.61697,-0.396097,6.02286,0.105155,5.9502,0.105228,0.0590981,0.0540858,0.042,0.0411345,-0.0869583,4.01533,23.6447
1.29424e+08,0.97853,0.42919,9.70016,2.52066,-0.15603,2.53781,-0.153348,5.75479,-0.108585,5.88436,-0.107586,0.150701,0.140124,0.042,0.0411322,-0.0869236,4.01553,23.6565
1.29444e+08,1.0072,0.36898,9.6668,2.17415,0.149313,2.38458,0.152,5.94399,-0.307059,5.92153,-0.3073,0.043831,0.0410157,0.042,0.041138,-0.0868843,4.01529,23.6506
1.29464e+08,1.01674,0.414739,9.64787,2.44796,-0.0186257,2.51668,-0.0135888,6.01039,-0.184921,5.92802,-0.183148,0.1049,0.0978887,0.042,0.0411319,-0.0872582,4.01539,23.6565
1.29484e+08,0.957036,0.441232,9.67883,2.59751,-0.339236,2.5232,-0.334254,5.64119,0.273094,5.79571,0.272178,0.1049,0.0958672,0.042,0.0411342,-0.0874211,4.01541,23.6506
1.29524e+08,1.0048,0.397881,9.66447,2.34488,0.103512,2.40117,0.104048,5.93067,-0.062784,5.79941,-0.0612696,0.120167,0.117264,0.042,0.0411453,-0.0867881,4.01577,23.6388
1.29565e+08,0.947494,0.407514,9.72627,2.3879,-0.0338929,2.46395,0.0445382,5.55912,-0.00171518,5.58188,-0.109484,0.0590981,0.0889425,0.042,0.0411558,-0.086175,4.01498,23.6329
1.29585e+08,1.01674,0.42919,9.70962,2.51723,-0.430839,2.52635,-0.427596,5.97211,0.273094,5.91811,0.273659,-0.0172377,-0.0137923,0.041,0.0402003,-0.0882685,4.01519,23.6182
1.29605e+08,1.00241,0.421965,9.70962,2.47528,-0.2629,2.56637,-0.264081,5.88875,0.227293,5.87654,0.228197,-0.0630392,-0.0617374,0.041,0.0401348,-0.0882876,4.01521,23.63
1.29625e+08,0.997629,0.441232,9.70254,2.59015,0.0577102,2.57979,0.0112867,5.86459,-0.200188,5.95061,0.000363875,0.0590981,0.0106757,0.041,0.0401264,-0.0882949,4.01558,23.6682
1.29665e+08,1.01435,0.431598,9.61228,2.55672,-0.0949616,2.52444,-0.0922544,6.01789,-0.00171518,5.92314,-0.00289619,0.043831,0.0418675,0.042,0.0411459,-0.0847968,4.01472,23.6653
1.29685e+08,0.980918,0.426782,9.65267,2.51866,-0.461374,2.4625,-0.443418,5.79694,0.410499,5.71567,0.365543,-0.0630392,-0.00519553,0.042,0.0411584,-0.0842302,4.0146,23.6653
1.29705e+08,0.978526,0.44364,9.65982,2.61617,-0.171297,2.5303,-0.17423,5.7782,0.166224,5.77661,0.170064,0.0132966,0.0163639,0.043,0.0421042,-0.0818818,4.01483,23.7065
1.29725e+08,0.997641,0.397881,9.64548,2.34962,0.210382,2.38437,0.210664,5.90017,-0.276524,5.89295,-0.27619,0.135434,0.132467,0.043,0.0421613,-0.0819454,4.01505,23.6535
1.29745e+08,1.04776,0.486992,9.79753,2.82947,-0.0644273,2.63117,0.350047,6.09662,-0.45973,5.8715,-0.140678,0.181236,0.0327707,0.043,0.042156,-0.0825805,4.01415,23.6535
1.29766e+08,0.921226,0.414739,9.58385,2.46657,-0.354504,2.63896,-0.354615,5.48546,0.196758,5.86181,0.190382,-0.0630392,-0.0613997,0.043,0.0421492,-0.0827634,4.0144,23.6829
1.29786e+08,1.05496,0.359346,9.74034,2.10056,-0.598778,2.36674,-0.599434,6.17734,0.0288191,5.93464,0.0276054,0.196503,0.184473,0.043,0.0421585,-0.0825075,4.01464,23.6476
1.29806e+08,0.928397,0.385839,9.68826,2.27023,-0.430839,2.4261,-0.429015,5.46946,-0.261257,5.69944,-0.255293,0.181236,0.167876,0.043,0.0421623,-0.0824205,4.01478,23.6565
1.29826e+08,0.983314,0.397881,9.72622,2.33068,0.134046,2.44081,0.132308,5.76816,-0.200188,5.88668,-0.203083,0.21177,0.202437,0.043,0.0421573,-0.0828674,4.015,23.6653
1.29846e+08,0.985699,0.407514,9.70487,2.39219,0.103512,2.5476,0.102173,5.79443,-0.169654,5.96192,-0.172861,0.257571,0.249615,0.043,0.0421454,-0.0835796,4.01385,23.6976
1.29947e+08,1.06687,0.482175,9.6788,2.83484,0.210382,2.70413,0.216468,6.28242,-0.200188,5.99345,-0.197242,0.0132966,0.0208696,0.044,0.0430184,-0.0814419,4.01497,23.6947
1.29967e+08,0.980914,0.44364,9.65507,2.61738,-0.232366,2.60853,-0.225952,5.79503,0.273094,5.8246,0.279422,-0.139375,-0.129279,0.044,0.0431481,-0.0811901,4.01518,23.6918
1.30067e+08,0.966602,0.388247,9.70723,2.2791,0.0119087,2.40165,0.00898251,5.682,0.0898879,5.74636,0.0887242,-0.108841,-0.105105,0.042,0.0411499,-0.085693,4.01509,23.6859
1.30127e+08,0.954655,0.414739,9.70728,2.43472,0.179848,2.53775,0.177137,5.61157,-0.00171518,5.67561,-0.00114963,0.1049,0.100127,0.042,0.0411504,-0.0854663,4.01575,23.7271
1.30388e+08,0.96182,0.409923,9.66453,2.41683,-0.0644273,2.42991,-0.0650428,5.67833,0.0898879,5.72138,0.0901991,0.043831,0.0404176,0.043,0.0421603,-0.0825475,4.01743,23.73
1.30408e+08,0.966597,0.407514,9.70251,2.39323,0.149313,2.42014,0.149274,5.68425,-0.24599,5.78374,-0.245057,0.0590981,0.0582531,0.043,0.0421599,-0.0827031,4.01752,23.7388
1.30428e+08,0.937933,0.441232,9.66222,2.60242,-0.0338929,2.5433,-0.0321187,5.53872,-0.0169823,5.62042,-0.0195917,0.0743654,0.0749959,0.043,0.0421702,-0.0826074,4.0176,23.7094
1.30448e+08,0.976145,0.419556,9.67878,2.4696,-0.232366,2.49561,-0.230283,5.75368,0.227293,5.69985,0.226106,0.0743654,0.0730032,0.043,0.042173,-0.082365,4.01768,23.7418
1.30468e+08,1.01912,0.424373,9.71199,2.48835,-0.232366,2.59163,-0.230587,5.98472,-0.13912,5.91363,-0.135516,0.0285639,0.029277,0.043,0.0421553,-0.0827812,4.01775,23.7035
1.30508e+08,0.995253,0.400289,9.66923,2.35814,0.103512,2.43121,0.0967645,5.87176,0.395231,5.91417,0.38374,0.0896325,0.0948655,0.043,0.0421491,-0.0835281,4.0178,23.7153
1.30528e+08,0.928396,0.390655,9.65028,2.3075,0.195115,2.42066,0.181319,5.4907,0.24256,5.61551,0.234907,0.303373,0.294644,0.042,0.0417928,-0.0848762,4.01787,23.7124
1.30568e+08,0.916466,0.356938,9.68348,2.10161,0.286718,2.30255,0.274645,5.40285,0.379964,5.62072,0.37046,0.150701,0.155073,0.042,0.0411506,-0.0866317,4.01673,23.7241
1.30588e+08,0.980921,0.417148,9.75,2.43758,-0.0338929,2.41163,-0.0389219,5.73983,0.212025,5.7742,0.206424,0.150701,0.155005,0.043,0.0415068,-0.0848707,4.01701,23.7329
1.30608e+08,0.928393,0.400289,9.7975,2.32917,0.0119087,2.38069,0.00320058,5.4086,0.0746207,5.62081,0.0719945,0.165968,0.172357,0.043,0.0420943,-0.0825711,4.01712,23.7388
1.30628e+08,0.983306,0.426782,9.66454,2.51554,0.118779,2.52934,0.111762,5.80388,0.0440865,5.77406,0.0414226,0.150701,0.15778,0.043,0.0421556,-0.0829566,4.0173,23.7006
1.30648e+08,0.95227,0.407514,9.72626,2.38779,-0.110229,2.48171,-0.112238,5.58697,0.0440865,5.75237,0.0394497,0.120167,0.12608,0.042,0.0417892,-0.0842982,4.01748,23.7535
1.30668e+08,0.990469,0.42919,9.78325,2.49919,-0.323969,2.52101,-0.321512,5.77549,-0.0780511,5.85418,-0.0762495,0.0896325,0.0942559,0.042,0.0412056,-0.0864217,4.01748,23.7712
1.30708e+08,1.01195,0.453274,9.69779,2.66162,-0.0491601,2.54758,-0.050925,5.95073,-0.0475166,5.85911,-0.0483687,0.181236,0.177923,0.043,0.0415037,-0.0854309,4.01764,23.7329
1.30748e+08,0.93078,0.405106,9.59569,2.40617,-0.140763,2.47824,-0.1424,5.53544,-0.0169823,5.71585,-0.018394,0.150701,0.146998,0.043,0.0421477,-0.0843789,4.01778,23.7565
1.30768e+08,1.04061,0.458091,9.73102,2.67997,-0.415572,2.64761,-0.411658,6.09714,-0.108585,5.96208,-0.105509,0.0896325,0.0925801,0.042,0.0417821,-0.085125,4.0165,23.7565
1.30789e+08,0.997635,0.419556,9.81646,2.43481,-0.186565,2.51831,-0.186536,5.79772,-0.169654,5.75145,-0.164633,0.196503,0.191868,0.042,0.0411773,-0.0870789,4.01655,23.7241
1.30809e+08,0.9451,0.42919,9.67407,2.52824,-0.0796944,2.59657,-0.081044,5.57431,-0.108585,5.80184,-0.113493,0.043831,0.0452132,0.042,0.0411343,-0.0872091,4.01668,23.7506
1.30829e+08,1.01673,0.434007,9.71675,2.54359,-0.15603,2.50581,-0.155685,5.96763,0.0440865,5.78371,0.0435105,0.196503,0.188666,0.043,0.0417365,-0.085375,4.01688,23.7182
1.30849e+08,0.942717,0.409923,9.63605,2.42436,-0.339236,2.52145,-0.337429,5.58258,0.0898879,5.76619,0.0919326,-0.0630392,-0.0581855,0.043,0.0421081,-0.0841018,4.01716,23.7624
1.30869e+08,0.925995,0.436415,9.66698,2.5731,0.149313,2.6116,-0.0323703,5.46611,-0.0169823,5.91112,-0.0474322,0.1049,-0.0503047,0.043,0.0421412,-0.0840293,4.01608,23.7918
1.3089e+08,1.05733,0.438824,9.70723,2.57314,-0.110229,2.58773,-0.106422,6.20994,-0.0475166,5.9827,-0.0469123,0.1049,0.104642,0.042,0.0415516,-0.0855363,4.01657,23.7712
1.3097e+08,1.0239,0.434007,9.72624,2.54095,-0.171297,2.53015,-0.170337,6.00355,-0.00171518,5.87051,-0.000512593,0.0743654,0.0722201,0.042,0.041142,-0.0865645,4.01661,23.7271
1.3099e+08,1.00718,0.431598,9.69776,2.53465,-0.201832,2.54792,-0.202092,5.9235,0.135689,5.92612,0.136898,0.0285639,0.0225894,0.042,0.0411378,-0.086003,4.01707,23.7653
1.31011e+08,0.99046,0.462908,9.75243,2.70367,0.0577102,2.66513,0.0574282,5.79261,-0.108585,5.7972,-0.107941,0.150701,0.14372,0.043,0.0417418,-0.0835921,4.01734,23.7712
1.31031e+08,0.894965,0.393064,9.55297,2.34589,0.43939,2.38766,0.432613,5.34761,0.150957,5.57708,0.142722,0.0590981,0.0576238,0.043,0.0421308,-0.0823982,4.01743,23.7829
1.31051e+08,1.1003,0.446049,9.77131,2.59728,-0.140763,2.54044,-0.138398,6.41814,0.212025,5.98603,0.210838,0.0132966,0.0198339,0.043,0.0421637,-0.0816797,4.01768,23.78
1.31071e+08,0.88302,0.417148,9.62662,2.47087,-0.140763,2.51882,-0.143496,5.23601,0.441033,5.57065,0.443777,-0.0325049,-0.0354872,0.042,0.0415718,-0.0840735,4.01658,23.7947
1.31334e+08,1.00478,0.499034,9.70262,2.92866,-0.400305,3.21317,-0.387873,5.90457,-1.13149,6.26403,-1.12887,-0.124108,-0.124746,0.043,0.0420738,-0.0841963,4.01857,23.7771
1.31354e+08,1.10508,0.446049,9.77605,2.5959,-1.65221,2.75764,-1.63594,6.44267,0.135689,6.33743,0.139708,-0.230978,-0.243003,0.043,0.0420985,-0.0851674,4.0186,23.7829
1.31374e+08,1.03587,0.303952,10.1012,1.71457,-2.47664,2.03587,-2.46415,5.85258,0.181491,5.95059,0.193384,-0.368383,-0.381684,0.042,0.0414025,-0.0857206,4.01871,23.7976
1.31414e+08,1.10986,0.426782,10.0111,2.42625,-0.125496,2.84493,-0.103609,6.32048,-2.94828,6.37408,-2.94384,0.410243,0.375252,0.042,0.0411057,-0.0873185,4.01891,23.7947
1.31454e+08,1.02631,0.340079,8.99958,2.15016,-2.73618,2.60302,-2.72249,6.5013,1.31126,6.37646,1.31726,-0.230978,-0.265268,0.042,0.0410898,-0.0919049,4.01901,23.7653
1.31494e+08,1.9741,0.992759,11.3408,4.9291,4.21038,3.3048,4.25082,9.83771,1.18912,7.10837,1.20969,0.242304,0.231202,0.042,0.0411349,-0.0860096,4.01798,23.8065
1.31514e+08,1.54438,0.679665,10.1844,3.77499,2.14931,2.88712,2.1796,8.60387,0.593705,6.81935,0.609958,-0.0172377,-0.0151897,0.042,0.0411269,-0.0863962,4.01838,23.8006
1.31534e+08,0.952205,0.64113,9.68153,3.77057,-0.201832,3.15353,-0.194459,5.60493,0.929583,5.69557,0.928316,-0.505787,-0.49768,0.042,0.0411157,-0.0881323,4.0185,23.8153
1.31554e+08,1.27938,0.494217,9.90894,2.83185,-1.13313,2.58843,-1.12488,7.34794,0.731109,6.24874,0.735516,-0.582123,-0.555604,0.041,0.0403801,-0.0898738,4.01862,23.7888
1.31574e+08,0.906914,0.359346,9.636,2.1263,-0.430839,2.21575,-0.423952,5.37297,-0.0780511,5.54921,-0.0584289,-0.414184,-0.401671,0.041,0.0401716,-0.0901086,4.01864,23.8153
1.31594e+08,1.03342,0.525527,9.80473,3.05121,0.790535,2.77162,0.794875,6.00823,-1.22309,5.80708,-1.21433,-0.124108,-0.109225,0.041,0.0401373,-0.0895924,4.01884,23.8212
1.31614e+08,1.08358,0.4894,9.66455,2.88089,0.134046,2.91654,0.146379,6.3891,-0.94828,6.19906,-0.947503,-0.261513,-0.247437,0.042,0.0408523,-0.0872406,4.01894,23.8035
1.31635e+08,0.976129,0.47495,9.6575,2.80125,-1.04153,2.75367,-1.02941,5.76464,0.532636,5.86002,0.539557,-0.307314,-0.305867,0.042,0.0410914,-0.0874203,4.01903,23.8182
1.31675e+08,0.988092,0.390655,9.59325,2.31965,0.500458,2.29741,0.497419,5.87582,-0.413929,5.65419,-0.406179,-0.154642,-0.155394,0.042,0.0411668,-0.0860811,4.01946,23.8006
1.31695e+08,1.14567,0.44364,9.85199,2.56108,0.485191,2.46922,0.496276,6.6264,-0.887211,6.17178,-0.880485,-0.0172377,-0.012833,0.042,0.0411438,-0.0857495,4.01961,23.8153
1.31715e+08,1.0621,0.434007,9.80931,2.51866,-0.904122,2.63093,-0.893344,6.17363,0.150957,6.24831,0.151814,-0.322581,-0.316125,0.042,0.0411144,-0.0859771,4.01976,23.8241
1.31735e+08,1.043,0.431598,9.77608,2.51363,-1.25527,2.72148,-1.25203,6.08391,0.0288191,6.14177,0.0350046,-0.27678,-0.279132,0.042,0.0411096,-0.0868354,4.01981,23.8035
1.31755e+08,0.844837,0.335262,9.59803,1.99284,0.149313,2.3645,0.140695,5.02727,-0.887211,5.39111,-0.890669,0.0590981,0.0398899,0.042,0.0411499,-0.0865488,4.01986,23.8241
1.31775e+08,0.93318,0.359346,9.81167,2.08807,-0.125496,2.14804,-0.117717,5.42939,-0.73454,5.25569,-0.730483,0.303373,0.286493,0.042,0.0411915,-0.085254,4.01999,23.7976
1.31795e+08,1.0239,0.441232,9.71676,2.58568,-1.3774,2.58443,-1.36655,6.00915,0.792178,6.18127,0.79041,-0.139375,-0.141296,0.042,0.0411436,-0.0855123,4.02003,23.8065
1.31815e+08,1.12418,0.460499,9.67634,2.70649,-0.949923,2.78753,-0.946233,6.61938,0.0593536,6.36597,0.0696994,0.0285639,0.0172522,0.042,0.0411151,-0.0854326,4.02016,23.8329
1.31835e+08,0.875867,0.378613,9.61707,2.24522,0.668397,2.44183,0.668908,5.1998,-1.10095,5.54507,-1.09266,0.181236,0.163997,0.042,0.0411513,-0.0855728,4.02019,23.8035
1.31855e+08,0.983317,0.388247,9.67872,2.28535,0.485191,2.38634,0.487701,5.79647,-0.627669,5.78626,-0.638496,0.227037,0.219179,0.043,0.0419015,-0.0834046,4.02031,23.8241
1.31875e+08,0.978536,0.407514,9.64077,2.40809,-0.919389,2.45386,-0.916556,5.79052,0.868514,5.9381,0.863152,0.0743654,0.0606714,0.043,0.0421248,-0.0833947,4.02025,23.8094
1.31895e+08,0.992843,0.479767,9.72872,2.80866,-0.720916,2.82738,-0.721898,5.82,0.639506,5.94605,0.642822,-0.00197053,-0.00793724,0.043,0.0421306,-0.0837462,4.02019,23.8182
1.32115e+08,1.09792,0.431598,9.92799,2.47418,-2.43084,2.94855,-2.40798,6.30471,-1.17729,6.43699,-1.19069,0.272839,0.251884,0.041,0.0401598,-0.0883812,4.0201,23.8682
1.32135e+08,1.49193,0.390655,10.6968,2.07152,-6.32397,3.02027,-6.28095,7.93481,0.410499,7.48911,0.427389,-0.49052,-0.501931,0.041,0.04004,-0.0847433,4.02013,23.8476
1.32216e+08,0.675235,0.571286,9.75051,3.34516,0.286718,3.08,0.304863,3.95472,-0.45973,5.54606,-0.468561,-0.0935736,-0.0878815,0.042,0.0411304,-0.0863442,4.02026,23.8624
1.32296e+08,1.29601,0.790452,9.36807,4.77775,3.09588,3.23202,3.09371,7.84896,2.82271,6.49959,2.82154,-0.353116,-0.332485,0.043,0.042135,-0.0821098,4.0206,23.83
1.32416e+08,0.928409,0.344895,9.73093,2.02073,-1.57588,2.33434,-1.58276,5.44658,1.50974,5.83672,1.49527,0.257571,0.266557,0.043,0.0421472,-0.0826671,4.02188,23.8447
1.32436e+08,0.957073,0.308769,9.72373,1.81003,-1.51481,2.20475,-1.52496,5.61851,1.09752,5.97703,1.09706,0.364442,0.358956,0.043,0.0421316,-0.0835366,4.02191,23.8535
1.32481e+08,0.959416,0.470133,9.73585,2.75129,1.98137,2.62476,1.97536,5.62151,-1.29943,5.50936,-1.30771,0.0132966,0.0276447,0.042,0.0411773,-0.0848037,4.0218,23.8476
1.32501e+08,0.93077,0.441232,9.70259,2.59189,0.179848,2.76066,0.180833,5.47399,0.150957,5.42818,0.139003,-0.230978,-0.213728,0.042,0.0411672,-0.0840627,4.02184,23.8624
1.32622e+08,0.968944,0.554428,9.67425,3.26372,-0.583511,3.06961,-0.581178,5.71019,0.624239,5.6297,0.625396,-0.047772,-0.0448366,0.043,0.0421763,-0.0811742,4.02171,23.8565
1.32642e+08,1.00241,0.426782,9.62178,2.52608,-0.64458,2.57209,-0.641972,5.94189,0.746377,5.92,0.74607,-0.246245,-0.237891,0.042,0.0412585,-0.0842176,4.02175,23.8712
1.32662e+08,1.02153,0.364163,9.59793,2.16067,-0.675114,2.11068,-0.675465,6.07091,0.853247,6.10811,0.854957,-0.0935736,-0.092867,0.042,0.0411528,-0.0853682,4.02196,23.88
1.32682e+08,1.0024,0.44364,9.69304,2.60666,0.943206,2.52701,0.933031,5.89812,-0.642936,5.83657,-0.63431,0.043831,0.0459485,0.042,0.0411487,-0.085315,4.02199,23.8476
1.32702e+08,0.957029,0.465316,9.67887,2.73907,1.92031,2.74256,1.9202,5.64048,-1.75744,5.6112,-1.75979,0.181236,0.18676,0.042,0.0411592,-0.0846402,4.02201,23.8771
1.32722e+08,1.00002,0.414739,9.62177,2.45496,-0.293435,2.42032,-0.286234,5.92818,0.639506,5.89657,0.622214,-0.0783064,-0.0671715,0.042,0.0411538,-0.0847598,4.02178,23.8653
1.32742e+08,0.983316,0.393064,9.64074,2.32268,-2.09496,2.43475,-2.09696,5.81899,2.37996,5.83582,2.37461,-0.27678,-0.276602,0.042,0.041145,-0.0849686,4.02182,23.8712
1.32762e+08,0.978547,0.36898,9.75229,2.15595,-0.476641,2.36849,-0.490577,5.72582,0.441033,5.79203,0.44624,0.0896325,0.0825331,0.042,0.041149,-0.0846853,4.02185,23.8859
1.32782e+08,0.959445,0.364163,9.72144,2.13492,1.21802,2.16276,1.21273,5.63256,-1.5437,5.66918,-1.54115,0.333907,0.326789,0.042,0.0411669,-0.0848194,4.0218,23.8565
1.32802e+08,0.947482,0.448457,9.75957,2.61863,0.943206,2.57956,0.9454,5.53923,-1.02462,5.66287,-1.0299,0.181236,0.185891,0.042,0.0411615,-0.0848411,4.02201,23.8741
1.32863e+08,0.945108,0.400289,9.64553,2.36509,-0.491908,2.33749,-0.499327,5.59142,0.532636,5.66551,0.541555,0.0132966,0.00832708,0.043,0.0421719,-0.0823795,4.02211,23.8741
1.32883e+08,0.935555,0.407514,9.65505,2.40562,1.47756,2.41176,1.47329,5.52967,-1.52843,5.53247,-1.52096,0.288106,0.285066,0.041,0.0403755,-0.0876844,4.02205,23.8976
1.32903e+08,1.03106,0.44364,9.65977,2.61472,1.11115,2.577,1.11647,6.08616,-1.00935,5.96054,-1.01622,0.21177,0.215187,0.041,0.0401612,-0.0880283,4.02207,23.8653
1.32923e+08,0.988069,0.472541,9.6741,2.782,-0.919389,2.67612,-0.918046,5.82481,1.32653,5.92671,1.3172,-0.139375,-0.134346,0.041,0.0401209,-0.0882573,4.02209,23.8888
1.32943e+08,0.96181,0.448457,9.72157,2.62837,-1.02626,2.67333,-1.03222,5.64424,1.17386,5.82537,1.17654,-0.0630392,-0.067933,0.042,0.0410234,-0.0855753,4.02228,23.8565
1.32963e+08,0.971382,0.373796,9.73806,2.18738,0.347787,2.27906,0.342124,5.6923,-0.398662,5.73456,-0.39675,0.043831,0.0430934,0.042,0.041145,-0.0849988,4.02221,23.8947
1.32983e+08,0.992868,0.390655,9.67397,2.3004,0.76,2.32027,0.761124,5.85518,-0.612402,5.80158,-0.615937,0.150701,0.148704,0.042,0.0411596,-0.0855237,4.02205,23.9065
1.33003e+08,1.00478,0.482175,9.6741,2.83812,-0.125496,2.62105,-0.122167,5.92235,0.0746207,5.9509,0.0725065,0.1049,0.106858,0.042,0.0411395,-0.0860042,4.02207,23.9065
1.33023e+08,1.01912,0.450866,9.69778,2.6473,-0.400305,2.67778,-0.39914,5.99263,0.517369,5.90498,0.516454,-0.0325049,-0.029931,0.042,0.0411376,-0.0854554,4.02193,23.9124
1.33123e+08,0.94272,0.400289,9.72863,2.34516,0.301985,2.43426,0.29807,5.53012,-0.230723,5.59594,-0.228344,-0.0172377,-0.0132829,0.041,0.0402579,-0.0868577,4.02167,23.8859
1.33223e+08,0.957047,0.400289,9.69063,2.35392,0.744733,2.48128,0.744388,5.63547,-0.856677,5.71721,-0.85458,0.181236,0.178658,0.042,0.041167,-0.0830157,4.0206,23.9006
1.33525e+08,0.973768,0.381022,9.71671,2.23441,0.622596,2.24454,0.281073,5.71847,-0.551333,5.6706,-0.393035,0.0285639,0.0417193,0.043,0.0421783,-0.0804545,4.02242,23.9653
1.33545e+08,0.935562,0.381022,9.69062,2.24122,0.805802,2.34503,0.899138,5.51019,-1.02462,5.52099,-1.0528,0.181236,0.152086,0.041,0.0403916,-0.0858825,4.02276,23.9418
1.33645e+08,1.0215,0.453274,9.74052,2.64982,0.927939,2.50879,1.08115,5.98039,-0.902478,5.6003,-1.03964,0.120167,0.107894,0.042,0.0411723,-0.0833432,4.02342,23.93
1.33665e+08,0.995238,0.453274,9.66932,2.66984,-0.583511,2.59237,-0.576669,5.87021,0.700575,5.83193,0.693964,-0.108841,-0.105975,0.04,0.0392727,-0.0890173,4.02338,23.9624
1.33685e+08,0.990465,0.44364,9.71204,2.60194,-1.20947,2.54381,-1.20974,5.81705,1.21966,5.8503,1.22106,-0.169909,-0.169812,0.04,0.0391454,-0.0889219,4.02333,23.9212
1.33705e+08,0.990486,0.36898,9.67631,2.17242,0.0729773,2.35244,-0.330743,5.84034,-0.0169823,5.81757,0.385631,-0.0172377,-0.0504041,0.04,0.039141,-0.0887327,4.02371,23.9594
1.33725e+08,0.997633,0.426782,9.75712,2.49158,1.01954,2.45254,1.01712,5.83248,-1.13149,5.72543,-1.12789,0.181236,0.18298,0.042,0.0410421,-0.0822052,4.02382,23.9329
1.33745e+08,1.0024,0.47495,9.67647,2.79506,0.637863,2.79272,0.642309,5.90717,-0.581868,5.82391,-0.586918,0.0743654,0.0747078,0.042,0.041153,-0.0822288,4.02409,23.9271
1.33765e+08,1.00957,0.441232,9.7049,2.5892,-0.904122,2.83567,-0.637078,5.93284,0.822712,5.9499,0.619374,-0.00197053,-0.103251,0.042,0.0411529,-0.0822996,4.02418,23.9418
1.33785e+08,0.964216,0.381022,9.63599,2.25314,-1.17893,2.33839,-1.181,5.70979,1.25019,5.80721,1.25139,-0.139375,-0.138017,0.041,0.0402183,-0.0859143,4.02444,23.9359
1.33805e+08,0.94273,0.366571,9.67872,2.15877,0.256183,2.18573,0.246703,5.55923,-0.169654,5.59859,-0.163112,0.0132966,0.0159369,0.041,0.0401779,-0.0855554,4.02459,23.9741
1.33825e+08,0.937936,0.431598,9.65271,2.54816,1.26382,2.18582,1.16774,5.54439,-1.16202,5.64777,-1.14402,0.181236,0.238129,0.041,0.0401762,-0.0852313,4.02483,23.9888
1.33845e+08,1.00479,0.467725,9.68358,2.75054,0.43939,2.79502,0.673392,5.91706,-0.276524,5.71055,-0.617187,0.0590981,0.151465,0.042,0.0410611,-0.0830626,4.02344,23.9565
1.33865e+08,0.933151,0.465316,9.6504,2.74771,-0.85832,2.81406,-0.855608,5.51671,0.944849,5.62522,0.941807,-0.124108,-0.119878,0.042,0.0411567,-0.0827994,4.02365,23.9859
1.33885e+08,0.949874,0.436415,9.61947,2.58505,-0.705649,2.48923,-0.817196,5.63363,0.868514,5.66152,1.03413,0.0132966,-0.124886,0.042,0.0411659,-0.0826357,4.02342,23.9476
1.33905e+08,1.01913,0.393064,9.68107,2.31224,0.103512,2.28855,0.10047,6.00452,0.196758,6.00591,0.196792,-0.00197053,-0.000597004,0.043,0.0421072,-0.0799495,4.02372,23.9476
1.33925e+08,0.995253,0.400289,9.63362,2.36676,0.775267,2.34033,0.768721,5.89327,-0.474998,5.8438,-0.472066,0.135434,0.133945,0.043,0.0421715,-0.0805398,4.02399,23.9624
1.33945e+08,0.952254,0.462908,9.65275,2.73233,0.927939,2.69947,0.861607,5.62763,-0.749807,5.69494,-0.767644,0.0285639,0.158506,0.043,0.0421739,-0.0806213,4.02333,23.9418
1.33966e+08,0.957036,0.441232,9.75243,2.57812,-0.0949616,2.67782,-0.0910189,5.59897,0.166224,5.66178,0.158202,0.0132966,0.0162336,0.041,0.0402873,-0.0858697,4.02362,23.9594
1.33986e+08,0.997645,0.38343,9.67633,2.25724,-1.24,2.36296,-1.23819,5.88191,1.28073,5.82601,1.27826,-0.215711,-0.209456,0.041,0.0401701,-0.0856526,4.02391,23.9565
1.34006e+08,0.947494,0.407514,9.74289,2.38387,-0.64458,2.29989,-0.650511,5.54971,0.56317,5.64,0.568848,-0.0783064,-0.0810591,0.043,0.0408974,-0.0829341,4.024,23.98
1.34026e+08,1.0239,0.409923,9.69771,2.40709,0.943206,2.38697,0.937511,6.02174,-0.94828,5.94143,-0.943742,0.120167,0.124716,0.043,0.0420476,-0.0791902,4.02393,23.9947
1.34046e+08,0.973753,0.434007,9.67405,2.55584,0.912672,2.47557,0.91535,5.74208,-0.933013,5.77907,-0.936273,0.242304,0.242949,0.043,0.0421734,-0.0794572,4.0231,23.9888
1.34066e+08,0.933139,0.506259,9.67895,2.98034,-0.0949616,2.85595,-0.0934507,5.49935,0.303628,5.58102,0.297368,0.1049,0.105057,0.043,0.042188,-0.0795169,4.02332,23.9712
1.34146e+08,1.00002,0.441232,9.72865,2.58321,1.32489,2.57856,1.3178,5.86289,-1.43683,5.825,-1.4343,0.31864,0.315027,0.042,0.0412333,-0.0832864,4.02325,23.9565
1.34246e+08,1.00718,0.44364,9.66929,2.61285,1.05008,2.61145,1.05005,5.94044,-0.84141,5.91463,-0.844093,0.0590981,0.0687929,0.044,0.0425272,-0.080395,4.02346,23.9741
1.34669e+08,1.04778,0.417148,9.65259,2.46013,-0.568244,2.35202,-0.565272,6.18942,0.517369,6.00682,0.516165,0.0896325,0.0853899,0.042,0.0411431,-0.0864824,4.02418,23.9976
1.34689e+08,1.01913,0.419556,9.68349,2.46729,-0.2629,2.36998,-0.264669,6.00231,0.318896,5.99551,0.320969,-0.0172377,-0.0152522,0.042,0.0411334,-0.0865434,4.02444,24.0418
1.34709e+08,1.00481,0.38343,9.70718,2.24998,0.607328,2.3985,0.604361,5.90517,-0.642936,5.84286,-0.640229,0.1049,0.104593,0.042,0.0411413,-0.0862349,4.02468,24.0476
1.34729e+08,0.964201,0.434007,9.71205,2.5462,0.637863,2.56911,0.637631,5.66407,-0.551333,5.62784,-0.553756,0.1049,0.107637,0.042,0.0411556,-0.0857454,4.02491,24.0329
1.34749e+08,0.976127,0.482175,9.65514,2.84449,-0.461374,2.71284,-0.45779,5.76581,0.593705,5.73899,0.588631,-0.0783064,-0.0795002,0.042,0.041151,-0.0857857,4.02504,24.0212
1.34769e+08,1.00718,0.426782,9.74049,2.49553,-0.919389,2.55653,-0.919371,5.89789,0.883781,5.87869,0.882324,-0.154642,-0.152553,0.042,0.041142,-0.0852954,4.02508,24.0682
1.34789e+08,0.990472,0.417148,9.72862,2.44264,-0.0949616,2.45184,-0.0994361,5.80796,0.0746207,5.82399,0.0805533,-0.0172377,-0.0167253,0.042,0.0411485,-0.0852914,4.02537,24.03
1.34809e+08,0.964214,0.388247,9.67399,2.2869,0.622596,2.23479,0.619081,5.68737,-0.658204,5.7137,-0.656107,0.196503,0.192202,0.042,0.0411627,-0.0851526,4.02548,24.03
1.34829e+08,1.01672,0.494217,9.65037,2.91558,0.592061,2.76258,0.59414,6.00641,-0.704005,5.89324,-0.704321,0.0896325,0.0916871,0.042,0.0411505,-0.0851718,4.02533,24.0241
1.34849e+08,0.961808,0.453274,9.71683,2.65785,-0.385038,2.69418,-0.377,5.64683,0.288361,5.75999,0.282694,0.0743654,0.0716763,0.042,0.0411423,-0.0849799,4.02553,24.0859
1.34869e+08,0.935566,0.366571,9.70247,2.1537,-1.20947,2.48053,-1.3896,5.50385,1.35706,6.03405,1.27978,-0.124108,-0.243294,0.042,0.0411483,-0.0851168,4.02479,24.0565
1.34889e+08,1.02868,0.424373,9.69061,2.49351,0.378321,2.48712,0.370575,6.0536,-0.398662,5.8425,-0.391423,0.196503,0.190598,0.042,0.0411605,-0.0846184,4.02501,24.0271
1.34909e+08,0.995252,0.402697,9.66211,2.37404,0.882138,2.5248,0.883672,5.87598,-0.94828,5.99243,-0.950048,0.181236,0.179213,0.043,0.0417383,-0.0830972,4.02522,24.0241
1.34929e+08,1.00479,0.467725,9.61473,2.76999,-0.354504,2.60333,-0.34801,5.95903,0.654773,5.94453,0.644933,-0.0172377,-0.0140322,0.043,0.0421061,-0.0829371,4.02543,24.08
1.34949e+08,0.894968,0.38343,9.67404,2.26009,-0.323969,2.47223,-0.330792,5.2814,0.639506,5.51485,0.639833,-0.0783064,-0.0742801,0.043,0.0421624,-0.0825504,4.02562,24.0624
1.34969e+08,0.952268,0.412331,9.66691,2.43065,0.271451,2.39356,0.268484,5.62086,-0.169654,5.568,-0.169924,0.1049,0.104733,0.042,0.0415851,-0.0840886,4.02487,24.0447
1.3499e+08,1.00718,0.434007,9.6764,2.55433,0.0271758,2.41875,0.0300807,5.93639,0.0746207,5.897,0.0736488,0.043831,0.0478723,0.042,0.0411963,-0.0855884,4.02509,24.0506
1.3501e+08,1.00002,0.424373,9.731,2.48405,-0.140763,2.52611,-0.141079,5.86196,0.181491,5.84964,0.18209,0.0132966,0.0147104,0.042,0.041148,-0.0854204,4.02513,24.0329
1.3503e+08,0.966583,0.455683,9.65273,2.68936,0.16458,2.76952,0.1628,5.71198,-0.230723,5.72341,-0.229214,0.043831,0.046601,0.042,0.0411434,-0.0853088,4.02525,24.0712
1.3505e+08,0.935561,0.38343,9.74286,2.2434,-0.201832,2.38012,-0.198589,5.48081,0.150957,5.59577,0.146833,-0.047772,-0.0409779,0.042,0.0411586,-0.0850268,4.02537,24.0682
1.3517e+08,0.959414,0.477358,9.65989,2.81523,0.149313,2.72609,0.149623,5.66511,-0.154387,5.71114,-0.154358,0.043831,0.0439561,0.042,0.041122,-0.0833248,4.02625,24.08
1.3519e+08,1.01673,0.44364,9.67403,2.61132,-0.186565,2.53772,-0.181865,5.99345,0.0440865,5.95231,0.0452549,-0.0172377,-0.0159033,0.042,0.0411526,-0.0836298,4.0264,24.0859
1.3527e+08,1.0048,0.414739,9.71911,2.43054,-0.140763,2.53241,-0.138131,5.89717,0.288361,5.83392,0.285965,-0.00197053,-0.00266148,0.042,0.0415729,-0.0832709,4.02583,24.0506
1.35291e+08,1.01913,0.417148,9.7096,2.44663,-0.247633,2.50587,-0.248232,5.98638,0.318896,5.99163,0.318906,-0.0172377,-0.0204999,0.042,0.0411882,-0.0846121,4.02592,24.0624
1.35491e+08,0.983307,0.421965,9.66928,2.48598,-0.53771,2.43748,-0.536793,5.80119,0.685308,5.788,0.684346,-0.139375,-0.133648,0.043,0.0421723,-0.0822961,4.02618,24.1124
1.35531e+08,0.96182,0.409923,9.68352,2.41214,0.43939,2.45928,0.436197,5.66728,-0.429196,5.67501,-0.429167,0.0132966,0.0173079,0.042,0.0412009,-0.0856204,4.02648,24.1065
1.35551e+08,0.966597,0.407514,9.70013,2.39381,-0.0338929,2.4247,-0.0326938,5.68563,0.150957,5.66663,0.147087,-0.0172377,-0.0150867,0.042,0.0411648,-0.0852007,4.02653,24.0829
1.35571e+08,1.01435,0.431598,9.68114,2.53876,-0.293435,2.57309,-0.293462,5.97548,0.502102,5.89239,0.4986,-0.00197053,-0.00178075,0.044,0.0423428,-0.0817078,4.02667,24.0829
1.35691e+08,0.921227,0.409923,9.7073,2.40726,0.561527,2.48934,0.560379,5.41636,-0.474998,5.40074,-0.476127,0.150701,0.146656,0.042,0.0411745,-0.0845036,4.02701,24.0918
1.35711e+08,0.961824,0.397881,9.67401,2.34364,-0.308702,2.4451,-0.301833,5.67312,0.212025,5.47969,0.206992,0.0590981,0.0631701,0.042,0.0411927,-0.0833363,4.02713,24.1006
1.35731e+08,1.08121,0.431598,9.64072,2.54737,-1.77435,2.41213,-1.76811,6.39263,1.69294,6.29682,1.69078,-0.124108,-0.122583,0.042,0.0411424,-0.0849159,4.02706,24.1006
1.35751e+08,1.04777,0.460499,9.70015,2.70229,-0.629313,2.59675,-0.638841,6.15806,0.608972,6.26522,0.622014,-0.0783064,-0.0790763,0.042,0.0411092,-0.0855016,4.02726,24.0976
1.35791e+08,0.909292,0.395472,9.6598,2.33407,1.7371,2.38724,1.7419,5.37302,-1.72691,5.30795,-1.73613,0.303373,0.300475,0.042,0.0411869,-0.0846222,4.02745,24.1065
1.35811e+08,0.997623,0.462908,9.67171,2.72576,-1.05679,2.58882,-1.04777,5.88247,1.15859,5.74958,1.14633,-0.0325049,-0.0274856,0.042,0.0411718,-0.0844935,4.02754,24.1329
1.35831e+08,1.01914,0.361754,9.79261,2.10428,-2.15603,2.30553,-2.15808,5.93751,2.07462,5.99269,2.07695,-0.261513,-0.256083,0.042,0.0411388,-0.0847096,4.02763,24.0947
1.35851e+08,0.997663,0.320811,9.71421,1.88161,-0.140763,1.97165,-0.150634,5.86062,-0.0322495,5.99472,-0.0176966,0.0590981,0.0594406,0.042,0.0411484,-0.0848739,4.02771,24.1006
1.35871e+08,0.923607,0.438824,9.7572,2.56366,2.60733,2.57226,2.60011,5.40202,-2.70401,5.47397,-2.69675,0.532381,0.525164,0.042,0.0411727,-0.0841762,4.02779,24.0947
1.35891e+08,0.935528,0.503851,9.68132,2.9654,1.79817,2.93761,1.80807,5.51207,-2.06278,5.51666,-2.07143,0.394976,0.397216,0.042,0.041168,-0.0840391,4.02702,24.1035
1.35911e+08,0.933144,0.4894,9.6813,2.88057,-1.43847,2.87173,-1.42762,5.49854,1.525,5.4951,1.50951,-0.139375,-0.128355,0.042,0.0411713,-0.0834986,4.02713,24.1094
1.35931e+08,1.03107,0.414739,9.72383,2.42869,-2.52244,2.57615,-2.52441,6.04728,2.62424,6.07159,2.62513,-0.230978,-0.230464,0.042,0.041143,-0.0838647,4.02724,24.0947
1.35951e+08,0.988078,0.441232,9.71441,2.58728,-0.217099,2.53161,-0.22815,5.80179,0.105155,5.92408,0.117743,0.0590981,0.0539221,0.042,0.0411416,-0.0843811,4.02734,24.0653
1.35971e+08,1.01196,0.44364,9.69778,2.60514,1.99664,2.59264,1.99304,5.95103,-2.29179,5.97562,-2.28752,0.394976,0.388456,0.042,0.0411414,-0.0845356,4.02752,24.1271
1.35991e+08,0.988069,0.472541,9.67885,2.78065,1.20275,2.75065,1.21052,5.82198,-1.42156,5.78197,-1.42926,0.31864,0.313276,0.042,0.0411539,-0.0842022,4.02676,24.1329
1.36012e+08,0.925982,0.484583,9.74065,2.83527,-0.995725,2.81606,-0.989011,5.42376,0.807445,5.50396,0.800838,-0.124108,-0.117095,0.042,0.0411691,-0.0833699,4.02688,24.1565
1.36032e+08,0.954655,0.414739,9.68828,2.43944,-1.59114,2.48042,-1.59467,5.62248,1.4792,5.69836,1.48189,-0.0783064,-0.0818351,0.042,0.0411708,-0.0832295,4.027,24.1682
1.36052e+08,1.01435,0.421965,9.74523,2.46603,-0.0033586,2.40892,-0.0148816,5.93681,0.013552,5.97066,0.01525,0.150701,0.144765,0.043,0.0417552,-0.0814092,4.02728,24.1359
1.36072e+08,0.947493,0.409923,9.70253,2.40781,1.23328,2.50376,1.22596,5.57255,-1.32996,5.74972,-1.32897,0.349174,0.341156,0.043,0.0421286,-0.0804927,4.02738,24.1418
1.36092e+08,0.95703,0.460499,9.66461,2.71471,0.332519,2.67916,0.338221,5.64886,-0.566601,5.7996,-0.573962,0.257571,0.254508,0.043,0.0421641,-0.0809289,4.02646,24.1153
1.36112e+08,0.945095,0.448457,9.69072,2.63709,-0.705649,2.63084,-0.70263,5.56428,0.761644,5.55728,0.757407,0.1049,0.101887,0.043,0.0421829,-0.0805235,4.0266,24.1271
1.36192e+08,1.00716,0.508668,9.68839,2.98935,-0.0186257,2.98205,-0.0162306,5.92679,-0.123852,5.87357,-0.124413,-0.00197053,-0.000961468,0.043,0.0421559,-0.081134,4.02625,24.1388
1.36213e+08,1.08118,0.515893,9.69546,3.02709,-0.888855,3.1982,-0.87696,6.3541,0.273094,6.65981,0.273983,-0.0325049,-0.0420604,0.043,0.0420861,-0.0823576,4.02648,24.1359
1.36293e+08,1.17432,0.479767,9.5956,2.84116,-0.2629,2.7135,-0.256793,6.96859,1.06699,6.39707,1.06999,-0.643192,-0.641092,0.042,0.0413918,-0.0836816,4.02607,24.1418
1.36314e+08,1.09791,0.47495,9.6384,2.80298,0.927939,2.5091,0.925432,6.49074,0.24256,5.98097,0.247406,-0.566856,-0.559115,0.042,0.0411907,-0.0840262,4.02631,24.1359
1.36515e+08,0.902137,0.364163,9.6004,2.16279,0.43939,2.39674,0.434697,5.36441,-0.337593,5.59035,-0.343467,-0.0783064,-0.0695022,0.043,0.0421676,-0.0813751,4.02732,24.1447
1.36535e+08,0.904517,0.393064,9.79988,2.28714,-0.400305,2.36992,-0.399178,5.26917,0.4563,5.35161,0.45383,-0.0630392,-0.0527183,0.042,0.041443,-0.0833468,4.02741,24.1418
1.36555e+08,0.918843,0.395472,9.70728,2.32256,-0.53771,2.34481,-0.542695,5.40277,0.761644,5.56557,0.760136,-0.124108,-0.109147,0.042,0.0412101,-0.0834652,4.02759,24.1624
1.36575e+08,0.983291,0.482175,9.7406,2.81961,-0.0644273,2.74448,-0.0699671,5.75734,0.0746207,5.82172,0.0732938,-0.139375,-0.127637,0.042,0.0411575,-0.0835671,4.02776,24.1241
1.36595e+08,0.961811,0.44364,9.63847,2.62235,-0.0796944,2.66733,-0.0824735,5.69262,-0.154387,5.8197,-0.155488,-0.0325049,-0.0301765,0.042,0.0411479,-0.0838721,4.02783,24.1418
1.36615e+08,0.933166,0.409923,9.75952,2.39424,-0.110229,2.46639,-0.113666,5.457,-0.123852,5.64425,-0.124057,-0.0325049,-0.025803,0.042,0.0411614,-0.0835453,4.02807,24.1447
1.36715e+08,0.923599,0.465316,9.70739,2.73201,0.668397,2.63621,0.668346,5.42879,-0.917746,5.61251,-0.914435,0.257571,0.256733,0.042,0.0411707,-0.0835265,4.0285,24.1771
1.36815e+08,1.02867,0.446049,9.54107,2.66125,0.317252,2.59096,0.319853,6.14691,-0.0169823,5.95011,-0.017884,-0.322581,-0.299781,0.043,0.0421595,-0.0820531,4.02874,24.1947
1.36915e+08,0.703963,0.303952,9.50076,1.8274,0.714199,2.16471,0.682618,4.23545,0.486835,5.25586,0.457283,0.0132966,-0.00123813,0.042,0.0411972,-0.0863722,4.02902,24.1888
1.36936e+08,1.05259,0.306361,9.75688,1.7881,0.0119087,2.04368,-0.00285363,6.15433,-0.35286,5.6249,-0.367504,0.349174,0.340359,0.042,0.0411635,-0.086105,4.0292,24.1682
1.36957e+08,1.01196,0.409923,9.60988,2.42914,0.65313,2.29729,0.63784,6.00594,0.303628,5.43863,0.293098,0.227037,0.236424,0.043,0.0420288,-0.083105,4.0292,24.1859
1.36977e+08,0.942724,0.385839,9.58616,2.29383,0.118779,2.38324,0.113131,5.61202,0.395231,5.64536,0.38921,0.043831,0.062304,0.043,0.042161,-0.0820753,4.0292,24.1859
1.36997e+08,1.02629,0.421965,9.7832,2.45626,-0.0186257,2.50284,-0.0240623,5.98308,0.166224,5.83097,0.169347,0.135434,0.146845,0.043,0.0421571,-0.0822138,4.02921,24.1741
1.37038e+08,0.976137,0.448457,9.7358,2.62419,0.225649,2.6865,0.220675,5.71946,-0.0475166,5.77126,-0.0519595,0.0590981,0.0685792,0.042,0.0411522,-0.0855476,4.02874,24.1859
1.37058e+08,0.902127,0.400289,9.68118,2.35747,-0.0491601,2.44706,-0.0508714,5.31913,0.212025,5.4919,0.207048,-0.0172377,-0.00897523,0.042,0.0411624,-0.0850966,4.02885,24.1594
1.37078e+08,0.952272,0.400289,9.73337,2.34381,-0.323969,2.374,-0.325121,5.5831,0.318896,5.56372,0.31777,-0.108841,-0.101175,0.041,0.0403276,-0.0872838,4.02887,24.1741
1.37098e+08,0.878238,0.438824,9.25865,2.70146,0.363054,2.71747,0.349849,5.41259,0.593705,5.6494,0.583792,0.0132966,0.013825,0.041,0.0401566,-0.0891992,4.02889,24.1712
1.37118e+08,1.26982,0.52071,9.68106,3.05267,0.210382,2.62715,0.220157,7.46191,0.196758,6.3798,0.20402,-0.047772,-0.0315157,0.041,0.0401331,-0.0869613,4.02789,24.1771
1.37139e+08,0.794665,0.434007,9.65996,2.56383,0.43939,2.40857,0.440655,4.69806,0.34943,5.1318,0.364711,-0.246245,-0.233516,0.042,0.0410121,-0.0841098,4.02796,24.1829
1.37159e+08,0.992838,0.496626,9.77148,2.89462,0.851603,2.56362,0.842872,5.79424,0.257827,5.5911,0.25043,-0.200444,-0.175453,0.042,0.041167,-0.0832396,4.02803,24.1653
1.37179e+08,1.05016,0.431598,9.57189,2.56635,0.408855,2.63766,0.403967,6.25477,0.150957,5.92532,0.143103,-0.337848,-0.308776,0.042,0.0411644,-0.083337,4.02817,24.2182
1.37199e+08,1.04062,0.421965,9.617,2.49779,-0.522442,2.45264,-0.519472,6.16982,0.4563,5.97935,0.458918,-0.200444,-0.190489,0.042,0.0411593,-0.0832817,4.0284,24.2065
1.37219e+08,0.961823,0.400289,9.76186,2.33682,-0.2629,2.46957,-0.267933,5.62242,0.120422,5.66729,0.127726,-0.200444,-0.193742,0.042,0.0411622,-0.08342,4.02751,24.1947
1.3724e+08,0.734991,0.354529,9.71212,2.08463,0.729466,2.32741,0.711774,4.32489,0.0898879,5.02375,0.0769511,-0.047772,-0.0473366,0.042,0.0411792,-0.0835936,4.0276,24.1888
1.3732e+08,0.918834,0.426782,9.71683,2.50377,0.0577102,2.51607,0.0531993,5.39672,0.0593536,5.58349,0.0604963,-0.0630392,-0.05301,0.044,0.0428478,-0.0794431,4.0272,24.1947
1.3734e+08,0.94033,0.407514,9.69066,2.39675,0.408855,2.49916,0.402427,5.53746,-0.24599,5.58183,-0.249146,0.0590981,0.066717,0.044,0.0431617,-0.0783518,4.0273,24.2182
1.3742e+08,0.95226,0.44364,9.70495,2.60484,-0.15603,2.59947,-0.15812,5.59817,0.105155,5.71784,0.106669,-0.0172377,-0.0117177,0.043,0.0421683,-0.0820313,4.02705,24.23
1.37441e+08,0.961825,0.393064,9.69537,2.31025,0.469924,2.34833,0.466381,5.66085,-0.444463,5.70985,-0.442695,0.0743654,0.07442,0.041,0.0403622,-0.0874377,4.02733,24.2212
1.37581e+08,0.94988,0.414739,9.70728,2.43483,-0.293435,2.49843,-0.29134,5.58367,0.257827,5.60673,0.255776,0.120167,0.11916,0.042,0.0411735,-0.083208,4.0278,24.1947
1.37601e+08,0.971364,0.436415,9.70018,2.56322,-0.171297,2.58653,-0.171032,5.71273,0.196758,5.67834,0.197657,0.0285639,0.0285317,0.042,0.0411753,-0.0827967,4.02787,24.2094
1.37621e+08,0.98807,0.470133,9.64323,2.7766,0.0119087,2.72572,0.0112762,5.84336,-0.0475166,5.81598,-0.0472111,0.0132966,0.0187312,0.043,0.0420678,-0.0803305,4.02811,24.2035
1.37641e+08,0.988072,0.460499,9.68121,2.70924,0.363054,2.65505,0.362161,5.82094,-0.368127,5.82743,-0.366343,0.0285639,0.0292623,0.043,0.0421633,-0.0803581,4.02834,24.2329
1.37661e+08,0.980902,0.484583,9.68125,2.85091,0.134046,2.74766,0.133477,5.77827,-0.154387,5.74082,-0.154698,0.0743654,0.0736152,0.043,0.0421777,-0.080429,4.02855,24.18
1.37681e+08,0.947484,0.441232,9.73344,2.58334,-0.186565,2.66426,-0.185977,5.55417,0.24256,5.56048,0.241367,0.0743654,0.0716444,0.042,0.0412808,-0.0828428,4.02876,24.1829
1.37701e+08,0.995233,0.470133,9.71208,2.75694,-0.278168,2.68722,-0.278196,5.84409,0.364697,5.83409,0.364996,0.0132966,0.0126338,0.042,0.0411747,-0.0830214,4.02886,24.2476
1.37721e+08,0.985692,0.434007,9.7334,2.54012,0.0882446,2.50838,0.0861432,5.77687,-0.123852,5.75772,-0.120876,-0.0172377,-0.0173598,0.042,0.0411694,-0.0829595,4.02888,24.1976
1.37841e+08,0.959422,0.448457,9.71208,2.63098,0.0882446,2.63739,0.0874139,5.63578,-0.0475166,5.69935,-0.0495556,0.0896325,0.0908404,0.042,0.0411666,-0.0829093,4.02935,24.2094
1.37861e+08,0.966591,0.42919,9.70492,2.51975,-0.0644273,2.54116,-0.0647033,5.68227,0.150957,5.74042,0.149781,-0.0172377,-0.0176014,0.042,0.0411662,-0.082935,4.02951,24.2212
1.37881e+08,0.976144,0.421965,9.64554,2.49221,-0.201832,2.52961,-0.200053,5.77326,0.0898879,5.71843,0.093124,-0.0630392,-0.057486,0.042,0.0411753,-0.0830629,4.0295,24.2153
1.37901e+08,0.971365,0.434007,9.70255,2.54848,-0.0796944,2.53745,-0.0782656,5.71141,0.0898879,5.70751,0.0910686,0.0743654,0.0714931,0.042,0.0411752,-0.0825778,4.02949,24.23
1.37921e+08,1.01434,0.453274,9.66693,2.66995,0.042443,2.6251,0.0424041,5.98354,-0.062784,5.86467,-0.0618575,0.0743654,0.0710464,0.043,0.0420749,-0.0797,4.02964,24.23
1.37941e+08,0.957033,0.450866,9.69071,2.65092,0.042443,2.73572,0.102941,5.63406,0.013552,5.82596,-0.0334067,0.0896325,0.02993,0.043,0.0421616,-0.0796139,4.02971,24.2388
1.37961e+08,0.983288,0.491809,9.67176,2.89608,-0.0033586,2.81446,-0.00540761,5.79764,0.0593536,5.74184,0.0608047,0.0590981,0.0617186,0.043,0.042184,-0.0793661,4.02985,24.1859
1.37981e+08,1.00477,0.513484,9.66703,3.02427,-0.0644273,2.87613,-0.0647539,5.92561,0.212025,5.83019,0.21346,-0.0325049,-0.0311704,0.042,0.0412746,-0.0823385,4.02999,24.2388
1.38001e+08,0.961802,0.477358,9.70737,2.80155,-0.0186257,2.6347,-0.0180771,5.65158,0.0440865,5.74878,0.0452498,0.0285639,0.028535,0.042,0.0411811,-0.0824768,4.03013,24.2535
1.38021e+08,0.957039,0.42919,9.60046,2.5471,0.042443,2.60645,0.0421596,5.68718,-0.108585,5.6963,-0.107676,-0.00197053,0.00137572,0.042,0.0411727,-0.082985,4.03025,24.2094
1.38041e+08,0.94988,0.414739,9.67879,2.44193,0.0271758,2.50492,0.0289324,5.59997,-0.0322495,5.60637,-0.0319787,-0.0325049,-0.0295071,0.043,0.0420798,-0.0805201,4.02944,24.2771
1.38062e+08,0.957035,0.446049,9.67409,2.62709,0.0271758,2.61656,0.025098,5.6438,0.135689,5.5739,0.135068,-0.0172377,-0.0164239,0.043,0.0421821,-0.08032,4.0296,24.2124
1.38082e+08,0.964209,0.405106,9.70963,2.37743,-0.0644273,2.4497,-0.0652971,5.66624,0.0288191,5.64855,0.031152,-0.0325049,-0.0289622,0.043,0.04219,-0.0806164,4.02958,24.2124
1.38102e+08,0.952252,0.470133,9.68363,2.76616,0.0119087,2.63506,0.0107733,5.60963,0.0898879,5.62224,0.0893167,-0.0630392,-0.0600742,0.043,0.042188,-0.0805801,4.02974,24.2476
1.38122e+08,1.00478,0.477358,9.66697,2.81186,-0.0186257,2.75474,-0.0165979,5.92683,-0.062784,5.7959,-0.0601514,0.0590981,0.0577397,0.043,0.0421792,-0.080462,4.02971,24.23
1.38142e+08,0.959423,0.44364,9.73344,2.59711,0.042443,2.66326,0.042471,5.62365,-0.0933182,5.6713,-0.094476,-0.00197053,-0.00589104,0.043,0.0421799,-0.0803563,4.02901,24.2006
1.38163e+08,0.978518,0.470133,9.70735,2.75875,-0.186565,2.60322,-0.185355,5.74938,0.181491,5.69186,0.179695,0.0285639,0.0310977,0.042,0.0412816,-0.0829898,4.02911,24.2388
1.38183e+08,0.988075,0.450866,9.70018,2.64752,-0.15603,2.588,-0.15695,5.80994,0.273094,5.77444,0.273648,-0.0630392,-0.0629146,0.042,0.0411759,-0.0835915,4.02912,24.2506
1.38203e+08,0.985693,0.42919,9.71915,2.51561,-0.0186257,2.55739,-0.0195352,5.78541,-0.00171518,5.78493,-0.00140352,0.135434,0.130511,0.042,0.0411656,-0.0837336,4.02921,24.2624
1.38223e+08,0.971367,0.426782,9.66217,2.51646,0.149313,2.49616,0.149601,5.73527,-0.108585,5.7194,-0.110069,0.0896325,0.0875791,0.043,0.042071,-0.0812653,4.02938,24.2418
1.38243e+08,0.988078,0.438824,9.63606,2.59385,-0.0033586,2.53274,-0.00475845,5.84861,0.105155,5.83845,0.103348,-0.0172377,-0.0130103,0.043,0.0421658,-0.081255,4.0287,24.2388
1.38263e+08,1.00001,0.448457,9.63132,2.65167,-0.247633,2.64685,-0.248485,5.92138,0.166224,5.80788,0.167105,-0.0172377,-0.0158208,0.043,0.0421714,-0.0814176,4.0289,24.23
1.38343e+08,0.966594,0.417148,9.72627,2.44382,0.0119087,2.4795,0.00930993,5.67023,0.120422,5.67475,0.118981,-0.0325049,-0.0309589,0.043,0.0420707,-0.0815513,4.02858,24.1976
1.38363e+08,0.954644,0.455683,9.67173,2.68446,0.103512,2.61107,0.101151,5.63089,0.0746207,5.61688,0.0757614,-0.00197053,-0.00168868,0.043,0.0421714,-0.0812263,4.02878,24.2094
1.38443e+08,0.976139,0.438824,9.67406,2.5841,0.103512,2.53936,0.10319,5.75592,-0.0169823,5.65738,-0.017315,0.043831,0.0444317,0.042,0.041164,-0.0848777,4.0284,24.2594
1.38464e+08,0.961816,0.424373,9.70491,2.49162,-0.0796944,2.5705,-0.0799768,5.65451,0.181491,5.63844,0.1777,0.0590981,0.0563524,0.043,0.0420749,-0.0813274,4.02862,24.2565
1.38524e+08,0.954634,0.491809,9.69316,2.89061,0.134046,2.79372,0.132617,5.61748,-0.108585,5.71018,-0.109738,0.043831,0.0423855,0.043,0.0421737,-0.0807308,4.0291,24.2388
1.38544e+08,0.995249,0.414739,9.65264,2.44732,-0.0644273,2.57375,-0.0655573,5.88137,0.150957,5.79352,0.149748,0.0285639,0.0259709,0.043,0.0421746,-0.0810913,4.02827,24.2771
1.38706e+08,0.945103,0.419556,9.67643,2.47097,0.0729773,2.48335,0.0720681,5.57322,0.0440865,5.65525,0.0432048,0.0132966,0.0126961,0.043,0.0422509,-0.0810873,4.02954,24.2918
1.38726e+08,0.949859,0.4894,9.70503,2.87313,0.0271758,2.80669,0.0286336,5.58285,-0.0322495,5.65361,-0.033137,-0.00197053,-0.00117461,0.043,0.0421787,-0.0813021,4.02969,24.2918
1.38746e+08,0.990462,0.453274,9.67882,2.66738,-0.0949616,2.67983,-0.0949946,5.83656,0.150957,5.72247,0.150957,-0.0172377,-0.0151529,0.043,0.0421755,-0.0814079,4.02984,24.2859
1.38866e+08,0.971366,0.431598,9.73103,2.52702,-0.140763,2.64801,-0.140453,5.6949,0.105155,5.68235,0.105754,-0.047772,-0.0502424,0.044,0.0418944,-0.0808444,4.03073,24.2594
1.38886e+08,0.933159,0.434007,9.66697,2.55874,-0.0644273,2.51753,-0.0658788,5.50821,0.227293,5.53899,0.228145,0.0285639,0.027026,0.044,0.0430744,-0.0766761,4.03091,24.2653
1.38906e+08,0.966578,0.47495,9.73111,2.78058,-0.0949616,2.63604,-0.0955379,5.66581,0.257827,5.68918,0.260159,-0.047772,-0.0471442,0.044,0.0431938,-0.0762401,4.031,24.2947
1.38926e+08,1.03344,0.479767,9.67882,2.82174,-0.217099,2.76985,-0.215352,6.08713,0.547903,5.89829,0.546419,-0.0172377,-0.0131948,0.043,0.0428338,-0.0773355,4.03091,24.3094
1.38946e+08,0.992841,0.486992,9.72161,2.85295,-0.385038,2.83236,-0.385027,5.82399,0.685308,5.83244,0.684974,-0.124108,-0.123253,0.043,0.0422477,-0.0788862,4.03108,24.28
1.38966e+08,1.00239,0.491809,9.48418,2.95204,-0.201832,2.91623,-0.206825,6.0252,0.883781,5.92819,0.877106,-0.185177,-0.187158,0.043,0.0421792,-0.0794494,4.03116,24.3006
1.38986e+08,0.868696,0.405106,9.73108,2.37442,0.363054,2.34947,0.350642,5.09689,1.02119,5.28033,1.01805,0.1049,0.0973582,0.043,0.0421918,-0.0794953,4.03123,24.2918
1.39006e+08,0.737397,0.287094,9.62654,1.70325,0.271451,1.83444,0.25211,4.37839,1.69294,4.94941,1.67501,-0.200444,-0.190796,0.043,0.0422213,-0.0800196,4.0313,24.2653
1.39026e+08,1.00241,0.409923,9.77133,2.38971,0.561527,2.24699,0.545453,5.85221,0.578438,5.37386,0.574577,0.165968,0.178798,0.043,0.0422193,-0.0806183,4.03128,24.3241
1.39046e+08,0.94987,0.450866,9.57438,2.68296,0.454657,2.64424,0.45226,5.65951,-0.0780511,5.76231,-0.081301,-0.00197053,0.016028,0.042,0.0418165,-0.0819153,4.03118,24.3182
1.39066e+08,1.04778,0.436415,9.74047,2.55069,-0.0491601,2.67148,-0.0475976,6.13355,0.303628,5.84123,0.305946,0.0132966,0.0233393,0.042,0.0412169,-0.0840433,4.03049,24.2682
1.39086e+08,0.837666,0.361754,9.71679,2.12425,-0.53771,2.21987,-0.54777,4.92378,1.17386,5.53781,1.16748,-0.185177,-0.174655,0.042,0.0411572,-0.08483,4.03052,24.28
1.39106e+08,0.861517,0.460499,9.37979,2.79891,1.63023,2.75296,1.59519,5.24151,0.410499,5.38398,0.390536,0.0132966,0.0242281,0.042,0.0411856,-0.0809881,4.03062,24.2682
1.39126e+08,0.637142,0.166673,10.2556,0.929291,0.683664,1.89082,0.651348,3.55453,-0.73454,4.49113,-0.765668,0.746121,0.716202,0.042,0.0411765,-0.0813868,4.03072,24.2947
1.39146e+08,0.713595,0.0125344,10.2458,0.0699245,-2.94992,1.13047,-2.97607,3.98408,2.04409,5.25949,1.99761,0.364442,0.354877,0.042,0.041158,-0.083224,4.03073,24.2918
1.39166e+08,0.904546,0.289502,10.1321,1.63017,-3.42321,2.23324,-3.43996,5.09949,0.303628,5.96226,0.30888,0.730854,0.690607,0.043,0.0414777,-0.0845303,4.03066,24.3094
1.39187e+08,1.04059,0.501442,9.86404,2.89412,-0.0033586,3.21803,0.0122163,6.01436,-3.87958,6.43288,-3.85042,0.990396,0.943082,0.043,0.0420319,-0.0836895,4.03076,24.2771
1.39207e+08,1.08599,0.419556,9.6953,2.4625,0.210382,2.80464,0.265095,6.38522,-3.48263,6.41926,-3.46496,0.776655,0.726386,0.043,0.0421175,-0.0838653,4.03077,24.3124
1.39227e+08,1.12416,0.515893,9.57434,3.06328,-2.38504,2.8882,-2.33634,6.68707,1.08225,6.37683,1.09448,0.0285639,-0.00656462,0.041,0.0414192,-0.0857228,4.03095,24.3094
1.39247e+08,1.1122,0.609821,9.48665,3.65308,-1.63695,3.22215,-1.6189,6.67309,1.89141,6.11575,1.91665,-0.38365,-0.405256,0.041,0.0402793,-0.0878858,4.0312,24.2859
1.39267e+08,1.18385,0.547202,9.49599,3.27272,1.09588,2.81883,1.098,7.09467,0.150957,6.23479,0.167009,-0.307314,-0.315568,0.041,0.0401603,-0.0872415,4.03026,24.2976
1.39287e+08,1.11941,0.44364,9.57185,2.63573,1.6455,2.32141,1.6489,6.66324,-0.0322495,6.16075,-0.0325468,-0.230978,-0.227875,0.043,0.0408751,-0.0845525,4.03055,24.2888
1.39367e+08,0.964215,0.38343,9.72859,2.24602,-0.904122,2.23684,-0.914754,5.65583,1.5708,5.66711,1.56424,-0.230978,-0.226978,0.041,0.0402897,-0.0874402,4.03,24.2947
1.39388e+08,0.976151,0.397881,9.74759,2.3258,0.195115,2.46418,0.180915,5.71396,-0.169654,5.79392,-0.167984,-0.108841,-0.0976461,0.041,0.0401475,-0.087756,4.03014,24.3329
1.39468e+08,0.976137,0.448457,9.66458,2.64331,-0.476641,2.67389,-0.480195,5.76124,0.34943,5.81075,0.355158,-0.047772,-0.0457209,0.041,0.0407938,-0.084696,4.02975,24.3447
1.39729e+08,0.966578,0.472541,9.60289,2.80301,-0.0644273,2.64602,-0.0606084,5.74084,0.181491,5.62584,0.180847,0.0590981,0.055689,0.042,0.0411834,-0.0828975,4.03136,24.3212
1.39749e+08,1.01197,0.407514,9.70484,2.39153,-0.507175,2.45494,-0.504849,5.94776,0.532636,5.84876,0.533477,-0.0630392,-0.0635929,0.042,0.0411701,-0.0828125,4.03142,24.3476
1.39769e+08,1.00958,0.414739,9.65262,2.44696,-0.186565,2.48486,-0.189,5.96544,0.364697,5.97861,0.366177,-0.0935736,-0.0907289,0.043,0.0417516,-0.081739,4.03157,24.3182
1.39869e+08,1.00002,0.441232,9.66455,2.60014,0.0119087,2.49807,0.0047702,5.90142,0.273094,5.84705,0.273712,0.043831,0.0438608,0.042,0.0411637,-0.0841059,4.03189,24.3653
1.39889e+08,0.976153,0.388247,9.73096,2.27338,0.65313,2.40223,0.510426,5.72389,-0.581868,5.8734,-0.474336,0.1049,0.0770091,0.042,0.0411534,-0.083606,4.03108,24.3447
1.3991e+08,0.964195,0.455683,9.67647,2.6829,0.424122,2.60334,0.425864,5.6841,-0.291791,5.636,-0.295344,0.0896325,0.0923851,0.042,0.0411752,-0.0828589,4.03116,24.3124
1.3993e+08,0.988072,0.462908,9.67171,2.72603,-0.369771,2.66793,-0.368267,5.82653,0.502102,5.78191,0.497052,-0.0325049,-0.0284892,0.042,0.0411683,-0.08272,4.03123,24.3506
1.3999e+08,0.988092,0.390655,9.76419,2.27949,0.408855,2.39168,0.408571,5.77381,-0.505532,5.82031,-0.504616,0.0590981,0.0631145,0.043,0.0421754,-0.0802385,4.03127,24.3594
1.4001e+08,0.949874,0.436415,9.70732,2.56191,0.225649,2.56327,0.227463,5.58307,-0.230723,5.63666,-0.235423,0.0743654,0.077835,0.042,0.0415892,-0.0819725,4.03134,24.3506
1.4003e+08,1.0454,0.397881,9.71667,2.33141,-0.491908,2.50086,-0.488311,6.13562,0.425766,5.97161,0.423382,-0.00197053,-0.000486201,0.042,0.0412063,-0.0829768,4.03149,24.3271
1.4005e+08,0.97614,0.436415,9.68355,2.56745,-0.64458,2.58817,-0.645161,5.7504,0.56317,5.79763,0.564944,-0.108841,-0.108105,0.042,0.0411666,-0.0832162,4.03155,24.3653
1.4007e+08,0.985699,0.407514,9.70012,2.39334,-0.0186257,2.37336,-0.0201232,5.79724,-0.123852,5.88624,-0.119096,0.043831,0.0410505,0.042,0.0411621,-0.0834222,4.0316,24.3506
1.4009e+08,0.954651,0.42919,9.72392,2.51518,0.637863,2.53445,0.635196,5.60166,-0.597135,5.69766,-0.596225,0.227037,0.218786,0.042,0.0411671,-0.0831182,4.03199,24.3624
1.40111e+08,0.980929,0.388247,9.59562,2.30497,0.0577102,2.49553,0.0624545,5.83214,-0.0933182,5.80557,-0.0959965,0.0132966,0.0154257,0.042,0.0411681,-0.0831,4.03185,24.3329
1.40131e+08,0.916433,0.477358,9.67892,2.81095,-0.583511,2.78539,-0.579348,5.4023,0.56317,5.605,0.560774,-0.0630392,-0.0623322,0.042,0.0411675,-0.0829173,4.03198,24.3565
1.40151e+08,1.05494,0.446049,9.72149,2.61174,-0.598778,2.65972,-0.597327,6.18681,0.731109,6.15419,0.73199,-0.0783064,-0.0803894,0.042,0.0411451,-0.083149,4.03201,24.3624
1.40171e+08,1.09553,0.460499,9.65262,2.71395,0.714199,2.51603,0.711687,6.46779,-0.368127,6.02464,-0.365081,-0.169909,-0.164727,0.042,0.0411714,-0.0828389,4.03204,24.3535
1.40191e+08,1.1194,0.472541,9.5624,2.80991,1.20275,2.48581,1.20461,6.66875,-0.307059,5.95893,-0.311886,-0.139375,-0.125747,0.043,0.0417832,-0.0810577,4.03106,24.3329
1.40211e+08,1.0597,0.491809,9.56486,2.92559,0.225649,2.61995,0.222748,6.31379,0.853247,5.83102,0.849151,-0.627925,-0.597568,0.043,0.0421438,-0.0802929,4.0313,24.33
1.40231e+08,0.980909,0.460499,9.60524,2.73062,0.271451,2.55857,0.264073,5.82432,0.899048,5.55195,0.89597,-0.505787,-0.479393,0.043,0.0421916,-0.0799417,4.03137,24.3476
1.40251e+08,0.968986,0.400289,9.56954,2.38309,0.744733,2.29482,0.734141,5.7769,0.502102,5.60859,0.498125,-0.353116,-0.327181,0.042,0.0415961,-0.0822328,4.03152,24.3653
1.40271e+08,0.940326,0.424373,9.64558,2.50733,1.01954,2.32491,1.00655,5.5627,0.364697,5.43367,0.358359,-0.307314,-0.281842,0.042,0.0412265,-0.0835045,4.03157,24.3359
1.40291e+08,0.909288,0.409923,9.6717,2.41631,1.03481,2.32138,1.01922,5.36611,0.273094,5.39158,0.265848,-0.337848,-0.307175,0.042,0.0411854,-0.0829885,4.03087,24.3741
1.40311e+08,0.909306,0.344895,9.7357,2.02012,0.530993,2.22973,0.517305,5.33257,0.334163,5.37486,0.322834,-0.307314,-0.273675,0.042,0.04118,-0.0824695,4.03096,24.3594
1.40511e+08,1.11701,0.482175,9.70725,2.82503,-1.08733,2.89576,-1.06651,6.55612,-0.00171518,6.36656,0.00999072,0.196503,0.161467,0.042,0.041177,-0.0843828,4.03025,24.4006
1.40792e+08,1.02389,0.472541,9.71681,2.76887,-0.171297,2.74684,-0.168095,6.00817,0.502102,5.86809,0.499677,-0.047772,-0.0522265,0.043,0.042174,-0.0799182,4.03106,24.3888
1.40832e+08,0.976137,0.448457,9.67882,2.63947,0.149313,2.53599,0.14455,5.75284,0.166224,5.7293,0.167688,-0.154642,-0.150905,0.043,0.0421873,-0.0800514,4.03104,24.3918
1.40852e+08,0.980921,0.417148,9.70489,2.44878,0.592061,2.45389,0.590235,5.76628,-0.398662,5.71623,-0.39835,0.0896325,0.0870694,0.042,0.0415896,-0.0817305,4.03112,24.4182
1.40872e+08,0.952256,0.455683,9.68835,2.67997,0.347787,2.56864,0.348076,5.60734,-0.13912,5.65327,-0.142724,0.0590981,0.0620335,0.042,0.041219,-0.0828181,4.0312,24.38
1.40892e+08,0.961817,0.421965,9.74765,2.46676,-0.308702,2.50106,-0.311271,5.62999,0.56317,5.68871,0.561549,-0.154642,-0.149646,0.042,0.0411747,-0.0827219,4.03119,24.4124
1.41012e+08,0.718297,0.279868,9.65978,1.65497,-0.446107,2.16085,-0.451134,4.25088,-0.780341,5.0522,-0.774677,0.639251,0.618188,0.044,0.0431956,-0.0768271,4.03062,24.3947
1.41032e+08,0.708747,0.272643,9.70964,1.60416,0.378321,1.93033,0.380357,4.17322,-1.29943,4.74257,-1.30372,0.91406,0.893411,0.042,0.0420649,-0.0794258,4.03072,24.4182
1.41052e+08,0.966597,0.405106,9.85208,2.34337,-1.17893,2.53188,-1.17697,5.59871,0.593705,5.85603,0.577891,0.730854,0.708718,0.042,0.0412665,-0.0814967,4.03081,24.4124
1.41072e+08,1.04539,0.441232,9.78084,2.56836,-2.01863,2.99788,-2.02381,6.09452,1.05172,6.67285,1.04964,0.578182,0.549361,0.042,0.0410763,-0.0834605,4.03091,24.3976
1.41092e+08,0.799483,0.279868,9.7618,1.63673,-0.888855,2.21439,-0.896412,4.68011,-0.566601,5.64331,-0.561471,0.715587,0.691727,0.042,0.0411157,-0.0843201,4.03099,24.4094
1.41112e+08,0.732629,0.260601,9.79744,1.5194,0.714199,1.65167,0.717418,4.27497,-2.04752,4.60627,-2.04196,0.959862,0.926918,0.042,0.0412417,-0.082669,4.03031,24.3947
1.41133e+08,0.871068,0.462908,9.75729,2.70546,0.530993,2.69418,0.528345,5.09577,-0.612402,5.14054,-0.627096,0.715587,0.724039,0.042,0.0412339,-0.0806052,4.0306,24.4182
1.41153e+08,1.09311,0.554428,9.75249,3.23355,-2.1255,3.31675,-2.1253,6.3851,1.69294,6.59134,1.67969,0.120167,0.134226,0.042,0.0410969,-0.081913,4.03078,24.4594
1.41173e+08,1.00481,0.373796,9.72379,2.1898,-2.58351,2.67155,-2.59003,5.89542,1.61661,6.59633,1.62177,0.0896325,0.0877936,0.042,0.0410528,-0.0840053,4.03088,24.4388
1.41194e+08,0.825751,0.272643,9.7309,1.59916,0.256183,1.93949,0.242958,4.84853,-1.11622,5.40306,-1.10287,0.456045,0.44429,0.042,0.0411575,-0.0834562,4.03096,24.4153
1.41214e+08,0.730229,0.306361,9.74529,1.79557,2.68366,1.86634,2.67936,4.28314,-3.25362,4.55708,-3.25071,0.730854,0.72199,0.043,0.0420003,-0.0789706,4.0302,24.4094
1.41235e+08,0.93075,0.511076,9.69558,3.00361,0.54626,2.83351,0.563673,5.47588,-0.994081,5.43814,-1.00714,0.639251,0.634246,0.043,0.0422083,-0.0776366,4.03049,24.4094
1.41255e+08,1.14326,0.527935,9.70017,3.09389,-3.22473,3.2381,-3.20848,6.71203,2.85325,6.76353,2.84427,-0.0935736,-0.0975669,0.043,0.0421115,-0.0794429,4.03077,24.4212
1.41275e+08,1.10031,0.409923,9.72376,2.39869,-3.01099,2.61483,-3.01478,6.45029,2.60897,6.59692,2.62205,-0.185177,-0.199393,0.041,0.0406087,-0.0854789,4.03103,24.4388
1.41295e+08,0.9117,0.320811,9.65731,1.89422,1.15695,1.95765,1.14204,5.39008,-1.57423,5.63388,-1.55591,0.364442,0.347089,0.041,0.0402027,-0.086973,4.03128,24.4124
1.41315e+08,0.859165,0.330445,9.72147,1.93925,3.14168,2.07282,3.14492,5.04767,-3.60477,5.11188,-3.60343,0.654518,0.640946,0.041,0.0402071,-0.0858496,4.03042,24.4624
1.41416e+08,0.871168,0.101646,9.68785,0.598714,1.95084,1.23937,1.96122,5.13815,-2.21546,5.40722,-2.23375,0.440778,0.437254,0.041,0.0402234,-0.0862628,4.02996,24.4741
1.41517e+08,0.923615,0.409923,9.84025,2.37501,0.683664,2.83104,0.41651,5.3575,-1.92538,5.98379,-1.50814,0.80719,0.37439,0.043,0.0419042,-0.0821516,4.0307,24.4388
1.41737e+08,1.00479,0.450866,9.77852,2.6261,0.592061,2.60952,0.605461,5.86064,-0.810875,5.64872,-0.821563,-0.0630392,-0.0534602,0.042,0.0411941,-0.082264,4.03213,24.4712
1.41757e+08,1.00004,0.376205,9.58847,2.23475,-2.55298,2.2385,-2.53919,5.94963,2.68531,5.97176,2.6745,-0.307314,-0.311629,0.041,0.040335,-0.0851367,4.03232,24.4535
1.41777e+08,1.0645,0.417148,9.6692,2.4555,-1.88122,2.27068,-1.89103,6.27668,2.02882,6.11221,2.03982,-0.139375,-0.143923,0.041,0.040163,-0.0861454,4.03234,24.4653
1.41797e+08,0.89021,0.320811,9.75704,1.87542,1.53863,2.12632,1.52427,5.2103,-1.86431,5.46949,-1.84876,0.456045,0.444595,0.041,0.0401624,-0.0860311,4.03235,24.4535
1.41817e+08,0.954659,0.402697,9.71676,2.36183,2.65313,2.48856,2.65526,5.60645,-2.85668,5.59153,-2.86076,0.532381,0.53149,0.042,0.0410152,-0.0831748,4.03245,24.4359
1.41837e+08,0.978521,0.460499,9.7192,2.69904,-0.110229,2.81393,-0.0998926,5.74272,0.105155,5.78159,0.089409,0.349174,0.343012,0.042,0.0411497,-0.082634,4.03263,24.4741
1.41857e+08,1.06208,0.501442,9.73582,2.93105,-2.62931,3.04267,-2.62237,6.21762,2.51737,6.20749,2.51113,-0.215711,-0.217841,0.042,0.0411249,-0.0830493,4.03271,24.4712
1.41937e+08,0.999995,0.52071,9.70741,3.0543,0.317252,2.98872,0.332206,5.87311,-0.429196,5.77394,-0.440863,0.181236,0.185958,0.042,0.0411735,-0.0825798,4.03301,24.4712
1.42037e+08,1.0191,0.508668,9.61953,3.01009,-0.491908,2.65503,0.222965,6.03903,0.4563,5.74381,-0.0921247,-0.0783064,0.112742,0.042,0.0411845,-0.0822611,4.03206,24.4565
1.42138e+08,0.985675,0.494217,9.64802,2.91724,-0.415572,2.77459,-0.406249,5.82571,0.517369,5.7333,0.508323,0.0743654,0.0764387,0.043,0.0421767,-0.0797093,4.03164,24.4653
1.42159e+08,1.08835,0.515893,9.80704,2.99289,-2.20183,2.80777,-2.19274,6.32387,2.10515,6.177,2.10966,-0.353116,-0.347517,0.043,0.0421537,-0.0803309,4.03177,24.4535
1.42179e+08,0.911694,0.344895,9.56,2.05684,-0.705649,2.22262,-0.718065,5.44404,0.868514,5.80718,0.871116,-0.185177,-0.191564,0.042,0.0413249,-0.0837252,4.0319,24.48
1.42199e+08,1.09315,0.397881,9.75462,2.32123,1.38595,2.248,1.38436,6.38893,-1.92538,5.96433,-1.91367,0.303373,0.294223,0.042,0.0411859,-0.0839466,4.03185,24.4947
1.42219e+08,0.902112,0.455683,9.68365,2.68258,1.35542,2.51905,1.36344,5.31636,-1.52843,5.61835,-1.53059,0.303373,0.293522,0.042,0.0411666,-0.0841765,4.03181,24.4829
1.42239e+08,1.04297,0.525527,9.81422,3.04799,-0.827786,2.8844,-0.817896,6.05754,0.792178,5.91574,0.785283,-0.00197053,-0.00125704,0.042,0.0411522,-0.0836874,4.03109,24.4388
1.4226e+08,0.992864,0.405106,9.66212,2.38829,-1.65221,2.58839,-1.65156,5.86191,1.67767,5.92591,1.67944,-0.200444,-0.207842,0.042,0.0411502,-0.0838594,4.03133,24.4741
1.4228e+08,1.08598,0.438824,9.7262,2.56737,-0.476641,2.46532,-0.48058,6.36456,0.364697,6.18047,0.373972,-0.0172377,-0.0229818,0.042,0.0411459,-0.0836662,4.03148,24.4771
1.423e+08,0.937951,0.376205,9.64075,2.22419,1.18748,2.11667,1.18379,5.55263,-1.16202,5.59149,-1.15544,0.21177,0.205511,0.042,0.0411802,-0.0836823,4.03154,24.4918
1.4232e+08,0.959406,0.506259,9.65519,2.98681,1.43176,2.67543,1.43437,5.66694,-1.13149,5.54696,-1.13537,0.288106,0.283879,0.042,0.0411867,-0.0834074,4.03168,24.4829
1.4234e+08,1.04536,0.525527,9.64802,3.09971,-0.385038,3.14139,-0.377258,6.17479,0.608972,5.9712,0.601146,-0.0783064,-0.0720391,0.042,0.0411455,-0.0837427,4.03173,24.4712
1.4236e+08,1.08597,0.465316,9.66451,2.73927,-1.71328,2.89669,-1.71321,6.40391,1.76928,6.37469,1.76977,-0.292047,-0.291913,0.041,0.0402623,-0.0869225,4.03177,24.48
1.4238e+08,0.971375,0.397881,9.66213,2.34626,-0.507175,2.38067,-0.516984,5.73607,0.517369,5.84051,0.526006,-0.169909,-0.173868,0.041,0.0401473,-0.0870702,4.03198,24.48
1.424e+08,0.878275,0.306361,9.68343,1.8047,1.56916,1.7915,1.56224,5.1799,-1.55897,5.23918,-1.55204,0.165968,0.163782,0.041,0.0401932,-0.0860788,4.03219,24.4829
1.4242e+08,0.940329,0.412331,9.7429,2.41218,1.46229,2.34689,1.46851,5.50789,-1.55897,5.43796,-1.56281,0.31864,0.318397,0.043,0.0418814,-0.0797456,4.03221,24.4565
1.4244e+08,1.0573,0.527935,9.61715,3.12333,-0.919389,3.0356,-0.908292,6.2645,1.03645,6.05225,1.02711,-0.0630392,-0.0552588,0.043,0.0421371,-0.0798678,4.03138,24.4771
1.42562e+08,0.997643,0.393064,9.74994,2.29662,-1.89649,2.34618,-1.90111,5.83763,2.08989,5.78105,2.10093,-0.27678,-0.275806,0.042,0.0411481,-0.0841792,4.03021,24.4888
1.42582e+08,0.887809,0.36898,9.62654,2.18577,0.973741,2.25725,0.964314,5.26536,-0.887211,5.57031,-0.875007,-0.0172377,-0.0138622,0.042,0.0411695,-0.0841516,4.0305,24.5094
1.42662e+08,1.1003,0.479767,9.66927,2.82237,-1.43847,2.80293,-1.43593,6.48403,1.11279,6.29622,1.12467,-0.704261,-0.689342,0.042,0.0411142,-0.0851637,4.03041,24.4682
1.42682e+08,0.990488,0.361754,9.57895,2.15132,0.622596,2.104,0.622702,5.89937,-0.658204,5.91426,-0.645992,-0.337848,-0.336834,0.042,0.0411501,-0.0855609,4.03069,24.5094
1.42763e+08,1.06927,0.407514,9.65731,2.40165,-1.36214,2.38856,-1.37028,6.31258,1.89141,6.07377,1.89552,-0.398917,-0.398551,0.043,0.0421555,-0.0818021,4.03152,24.5153
1.42783e+08,0.914081,0.347304,9.67159,2.04747,1.49282,2.04289,1.47664,5.39564,-0.94828,5.39031,-0.942559,-0.0172377,-0.0156689,0.042,0.0412914,-0.084237,4.03175,24.5065
1.42803e+08,0.968955,0.513484,9.74541,3.00135,2.27145,2.60878,2.26897,5.67026,-2.04752,5.50779,-2.05109,0.196503,0.20705,0.042,0.0411945,-0.0841056,4.03188,24.48
1.42823e+08,1.03581,0.518301,9.67651,3.04861,0.103512,2.9555,0.1092,6.10123,0.318896,5.93028,0.304502,-0.124108,-0.112043,0.042,0.0411468,-0.0845209,4.03208,24.5124
1.42843e+08,1.00957,0.44364,9.63842,2.62105,-1.74382,2.61332,-1.74648,5.97331,2.28836,5.84586,2.28373,-0.551589,-0.525716,0.042,0.0411395,-0.0848861,4.03211,24.5153
1.42883e+08,0.911696,0.335262,9.59085,1.99306,1.66076,1.95044,1.64261,5.42687,-1.07042,5.42973,-1.0703,0.0285639,0.0479499,0.042,0.0411755,-0.0854198,4.03148,24.4947
1.42903e+08,0.926004,0.405106,9.60045,2.4051,1.85924,2.40884,1.85095,5.50451,-1.07042,5.50576,-1.08145,0.135434,0.153378,0.043,0.04207,-0.0828502,4.03179,24.5006
1.42923e+08,0.918836,0.421965,9.63609,2.49607,-0.2629,2.50618,-0.265221,5.4417,0.853247,5.49368,0.840056,-0.124108,-0.101108,0.043,0.0421601,-0.0826256,4.032,24.5124
1.42943e+08,0.849607,0.354529,9.72864,2.07913,-1.27053,2.26019,-1.28525,4.98771,1.89141,5.3746,1.8816,-0.139375,-0.121441,0.043,0.0421641,-0.0827209,4.03212,24.5182
1.42963e+08,0.84006,0.33767,9.74999,1.97621,-0.2629,2.22781,-0.280618,4.92151,0.486835,5.34209,0.485228,0.181236,0.189558,0.041,0.0403594,-0.0880561,4.03223,24.5065
