timestamp_us,AccX,AccY,AccZ,Roll_Acc,Roll_Gyr,Roll_Kalman,RollRate_Kalman,Pitch_Acc,Pitch_Gyr,Pitch_Kalman,PitchRate_Kalman,YawRate_Gyr,YawRate_Kalman,Alt_ToF,Alt_Kalman,Vz_Kalman,VBat,temp
4.2823e+07,0.472427,0.000492326,9.97057,0.00282598,0.0276484,0.0039778,0.0279477,2.71277,0.0128291,2.67912,0.0121852,-0.0852031,-0.0838098,0.046,0.0462026,0.0362374,3.80073,43.7506
4.2843e+07,0.484371,-0.018775,10.0228,-0.107203,-0.0639547,-0.139013,-0.0590222,2.76678,0.0128291,2.70113,0.0101856,0.0522015,0.047345,0.046,0.0462038,0.0367157,3.80067,43.7418
4.2863e+07,0.443786,-0.0476759,9.95627,-0.274089,-0.00288594,-0.139449,-0.00283584,2.55216,0.0586305,2.592,0.0582912,0.00639999,0.0117964,0.046,0.0462101,0.0372407,3.80079,43.7329
4.2883e+07,0.465255,0.0318017,9.99674,0.182072,0.0123812,0.0860189,0.0123936,2.66464,0.119699,2.6221,0.115848,-0.0394015,-0.0354493,0.048,0.0469459,0.0400914,3.80091,43.7241
4.2903e+07,0.496301,0.0149428,9.97295,0.0857421,-0.0639547,-0.0138042,-0.061028,2.84896,-0.00243807,2.73567,-0.00360204,0.0827358,0.0764484,0.048,0.0481139,0.0437976,3.80093,43.7182
4.2923e+07,0.470044,-0.018775,9.94205,-0.108079,0.0276484,-0.134693,0.0273821,2.70683,-0.0329726,2.68226,-0.0323969,-0.161539,-0.156629,0.048,0.0482384,0.0438766,3.80087,43.7359
4.2943e+07,0.446161,0.000492326,9.93735,0.00283575,0.07345,-0.063573,0.0728638,2.5707,-0.078774,2.59991,-0.0770402,-0.0852031,-0.079736,0.049,0.0486183,0.0445322,3.80089,43.7153
4.2963e+07,0.472421,0.022168,9.99435,0.126943,0.165053,0.0805153,0.162122,2.70628,-0.0940411,2.66925,-0.092634,-0.0394015,-0.0419034,0.049,0.0491991,0.0460069,3.80083,43.7182
4.2983e+07,0.474821,-0.0235918,9.98715,-0.135192,0.134519,-0.0918974,0.131632,2.72197,-0.109308,2.69864,-0.108993,0.0674686,0.0679191,0.049,0.0492596,0.0461609,3.80078,43.7006
4.3103e+07,0.467659,-0.0284086,9.96341,-0.163187,0.0887171,-0.149236,0.0898632,2.68735,-0.0482397,2.66379,-0.0490871,-0.0852031,-0.0882483,0.048,0.0482427,0.0435768,3.79942,43.7153
4.3124e+07,0.467655,-0.0139582,9.95156,-0.080275,-0.0181532,-0.152271,-0.0172604,2.69053,-0.0940411,2.75585,-0.0954647,-0.0394015,-0.0400278,0.048,0.0482444,0.0430885,3.79952,43.7094
4.3144e+07,0.465263,0.000492326,9.92309,0.00283956,0.0887171,-0.0355335,0.0884014,2.68446,-0.0329726,2.6507,-0.0329843,0.0216671,0.0194575,0.047,0.0473377,0.0401226,3.7997,43.7065
4.3164e+07,0.424672,-0.00673292,9.97535,-0.0386371,0.134519,0.0239802,0.133338,2.43773,-0.0329726,2.51936,-0.0330005,0.0216671,0.0174647,0.047,0.0472403,0.0397954,3.7997,43.7241
4.3184e+07,0.455722,-0.0356339,9.97765,-0.20441,0.0581827,-0.101967,0.0590577,2.61511,-0.0329726,2.60611,-0.0338368,-0.0852031,-0.0809109,0.047,0.0472288,0.0395917,3.79969,43.7271
4.3204e+07,0.491536,-0.0235918,9.96102,-0.135535,0.07345,-0.104813,0.0731783,2.82502,-0.15511,2.70659,-0.153641,0.0522015,0.0514082,0.046,0.0463193,0.0374169,3.79851,43.73
4.3224e+07,0.467643,0.0293933,10.0252,0.167804,0.0581827,0.0140078,0.0599784,2.67071,-0.0482397,2.65778,-0.0488432,-0.00886726,-0.00412633,0.046,0.0462222,0.0374074,3.79874,43.7124
4.3244e+07,0.436605,0.0149428,9.95875,0.085888,0.0123812,0.0595138,0.0123815,2.51031,-0.0482397,2.58567,-0.0499629,0.0522015,0.0533062,0.046,0.0462143,0.0377034,3.79887,43.7271
4.3264e+07,0.453331,-0.0260002,9.98242,-0.149079,-0.00288594,-0.114153,-0.0011023,2.60018,-0.139843,2.64393,-0.137787,-0.0699359,-0.0658831,0.048,0.0480351,0.0436969,3.799,43.6859
4.3284e+07,0.472438,-0.0404507,10.0014,-0.231474,0.103984,-0.19539,0.103973,2.70447,-0.0635068,2.6726,-0.0629532,-0.10047,-0.0973872,0.048,0.048233,0.0442668,3.79903,43.6741
4.3304e+07,0.443785,-0.0428591,9.96103,-0.24628,0.134519,-0.203927,0.133333,2.55094,-0.139843,2.6033,-0.138662,-0.0699359,-0.0657939,0.048,0.0482525,0.0437651,3.7978,43.6947
4.3325e+07,0.43661,-0.00191609,9.99671,-0.0109715,0.07345,-0.0496117,0.0745908,2.50082,0.0128291,2.59734,0.0122023,-0.0546688,-0.0598604,0.047,0.0473429,0.0406951,3.79798,43.6624
4.3346e+07,0.465275,-0.0404507,9.97526,-0.232087,0.0123812,-0.152321,0.0135564,2.67048,-0.124576,2.62719,-0.123695,-0.0241344,-0.0254525,0.047,0.0472386,0.040063,3.79823,43.7094
4.3366e+07,0.501086,-0.0163666,9.98714,-0.0937763,0.0581827,-0.111123,0.0437747,2.87229,0.0128291,2.6868,-0.0197555,-0.0699359,0.0352699,0.047,0.0472296,0.0402117,3.7983,43.68
4.3387e+07,0.491531,-0.0043245,9.97055,-0.0248206,0.103984,-0.0859362,0.102534,2.8223,-0.15511,2.74233,-0.153629,0.0522015,0.0541321,0.046,0.0462798,0.037798,3.79854,43.6653
4.3407e+07,0.458096,0.0125344,9.9896,0.0718161,0.07345,0.0212251,0.0719822,2.62559,-0.124576,2.61971,-0.123091,0.0216671,0.0170136,0.046,0.0462232,0.0383716,3.79733,43.6888
4.3427e+07,0.462865,0.0390269,9.96352,0.224184,0.0276484,0.100814,0.0268122,2.6598,-0.124576,2.61652,-0.123429,-0.0394015,-0.0353283,0.048,0.0469538,0.040985,3.79754,43.6565
4.3447e+07,0.44378,-0.0260002,9.9017,-0.150298,-0.00288594,-0.0345718,-0.00112499,2.56619,-0.0940411,2.60518,-0.0946341,-0.0699359,-0.0664052,0.048,0.0481192,0.0442987,3.79781,43.6712
4.3467e+07,0.46049,-0.00673292,9.98244,-0.0386036,0.0887171,-0.0520986,0.0881467,2.64118,-0.185644,2.63353,-0.183605,-0.10047,-0.0977422,0.048,0.0482441,0.0443623,3.79807,43.6829
4.3487e+07,0.481986,-0.0260002,10.0584,-0.147936,0.165053,-0.172537,0.162992,2.74344,-0.109308,2.77305,-0.10845,0.0216671,0.0178287,0.049,0.0486177,0.0455988,3.79824,43.7153
4.3507e+07,0.47004,-0.0043245,9.97294,-0.0248172,0.07345,-0.0649896,0.0737379,2.69844,-0.26198,2.61997,-0.2602,-0.00886726,-0.00836157,0.049,0.0492077,0.0472868,3.79713,43.7124
4.3528e+07,0.460486,0.00771757,9.94922,0.0443965,-0.0181532,0.0356943,-0.0152603,2.64996,-0.00243807,2.63889,-0.00593416,0.00639999,0.000486965,0.049,0.0492705,0.0474138,3.79743,43.6918
4.3568e+07,0.49631,-0.0163666,9.97052,-0.0939344,-0.0334203,-0.0151017,-0.0305003,2.8497,-0.139843,2.77894,-0.136662,0.0369343,0.0381049,0.046,0.0464265,0.0387364,3.79798,43.6741
4.3588e+07,0.501088,-0.0260002,9.94439,-0.149613,0.07345,-0.124965,0.0746188,2.88463,-0.0940411,2.79164,-0.0960403,0.00639999,0.00896433,0.046,0.0462377,0.038267,3.79815,43.6682
4.3608e+07,0.453324,0.000492326,9.94922,0.00283228,0.18032,0.0293814,0.179133,2.60881,-0.15511,2.66141,-0.152799,-0.0241344,-0.0226916,0.047,0.0465872,0.0397225,3.79704,43.6741
4.3628e+07,0.4581,-0.00191609,9.97295,-0.0109966,0.0123812,-0.0802463,0.0141436,2.62999,-0.109308,2.68292,-0.109885,-0.0699359,-0.072736,0.047,0.0471677,0.0417633,3.79734,43.6535
4.3648e+07,0.477205,-0.00914133,9.96818,-0.052483,0.0429156,-0.0686074,0.043503,2.74082,-0.078774,2.78607,-0.0779039,-0.10047,-0.0962653,0.047,0.0472293,0.0418794,3.79746,43.68
4.3668e+07,0.431835,-0.0043245,9.94448,-0.0248924,0.195587,-0.0481431,0.192617,2.48648,-0.109308,2.59866,-0.11046,-0.10047,-0.0969947,0.047,0.04724,0.0419783,3.79757,43.6771
4.3688e+07,0.427063,-0.018775,9.94209,-0.1081,0.0276484,-0.108653,0.0279423,2.45963,-0.0940411,2.50934,-0.0908711,-0.0241344,-0.0235362,0.048,0.048152,0.0441735,3.79785,43.6682
4.3708e+07,0.443771,0.00530915,9.99197,0.0304137,0.0887171,0.0168781,0.0881301,2.54299,-0.0329726,2.55984,-0.0312338,-0.146272,-0.141905,0.048,0.0482499,0.0444071,3.79802,43.6976
4.3728e+07,0.458107,-0.0260002,9.96104,-0.149395,0.134519,-0.129597,0.132219,2.63316,-0.0940411,2.64663,-0.0928499,-0.0241344,-0.024284,0.048,0.048256,0.0441077,3.79827,43.6476
4.3748e+07,0.479592,-0.0043245,9.98243,-0.0247926,0.0429156,0.00207006,0.042966,2.75058,-0.0177052,2.7252,-0.0185974,0.00639999,0.00307552,0.047,0.0473447,0.0413503,3.79851,43.6594
4.3768e+07,0.46764,0.0390269,9.91603,0.22525,-0.0181532,0.143686,-0.00941747,2.70005,-0.292515,2.65843,-0.293831,-0.0546688,-0.0544421,0.047,0.0472465,0.0409796,3.79866,43.6271
4.3788e+07,0.400805,-0.0476759,10.0085,-0.272709,-0.0792218,-0.103865,-0.0830202,2.29323,0.089165,2.49342,0.0795434,-0.0546688,-0.0532371,0.047,0.0472385,0.0414034,3.79888,43.6329
4.3808e+07,0.529726,0.0342101,10.0062,0.195614,0.103984,0.0332227,0.104788,3.03038,0.241837,2.73612,0.244231,0.00639999,0.00883738,0.048,0.0481493,0.0441976,3.79909,43.6388
4.3828e+07,0.474833,-0.0645349,9.93723,-0.371664,-0.216626,-0.179773,-0.215488,2.73564,0.394508,2.63014,0.388575,0.00639999,0.00558741,0.048,0.048247,0.0440153,3.79912,43.6741
4.3848e+07,0.489119,0.0823784,9.99205,0.471793,0.0581827,0.230478,0.0576041,2.80234,0.531913,2.63291,0.526593,-0.00886726,-0.00889061,0.048,0.0482531,0.0432974,3.79931,43.6565
4.3908e+07,0.439011,-0.0500844,9.99901,-0.286712,-0.094489,-0.121443,-0.092394,2.51395,0.226569,2.52803,0.226719,-0.131005,-0.120735,0.048,0.0482508,0.0429693,3.79969,43.6388
4.3928e+07,0.505857,-0.00191609,9.9468,-0.0110229,0.0429156,0.000368478,0.0415436,2.91134,0.211302,2.7364,0.209394,0.0216671,0.0182792,0.047,0.047339,0.0401309,3.79986,43.6712
4.3948e+07,0.498696,-0.0115497,9.98952,-0.0661621,-0.0639547,-0.0857886,-0.0633324,2.85794,0.150234,2.70853,0.148359,0.0369343,0.0354761,0.047,0.0472406,0.0404225,3.79985,43.6359
4.3968e+07,0.486761,-0.0235918,9.95153,-0.135667,0.0429156,-0.0712001,0.0417749,2.80028,-0.00243807,2.74,-0.00162536,0.098003,0.0904784,0.047,0.04723,0.0403622,3.80001,43.6447
4.3988e+07,0.510637,-0.0163666,9.9895,-0.0937496,0.103984,-0.0404479,0.104283,2.92626,0.0586305,2.8397,0.0568064,-0.0852031,-0.081223,0.049,0.0490462,0.0461497,3.8,43.6329
4.4008e+07,0.486767,-0.0452675,9.98236,-0.259512,0.0429156,-0.191003,0.0434918,2.79166,-0.0329726,2.77771,-0.0332951,-0.0699359,-0.0631393,0.049,0.049242,0.0461002,3.80007,43.5918
4.4028e+07,0.427068,-0.0356339,10.0347,-0.203277,0.0887171,-0.168456,0.0860692,2.43698,-0.0329726,2.54557,-0.0347128,0.00639999,0.00224454,0.049,0.0492673,0.0464092,3.80022,43.6182
4.4048e+07,0.458103,-0.0115497,9.96582,-0.0663321,0.0581827,-0.104056,0.0555797,2.63189,-0.0482397,2.62223,-0.0488501,-0.0394015,-0.0359645,0.048,0.0483633,0.0437439,3.80036,43.6241
4.4068e+07,0.462878,-0.00914133,9.94445,-0.0526116,0.195587,-0.0367836,0.191781,2.66499,-0.0635068,2.75454,-0.0623661,-0.0852031,-0.0834463,0.048,0.0482562,0.0427349,3.80041,43.6271
4.4088e+07,0.472422,0.0173512,9.93973,0.0999051,0.0429156,0.112143,0.0440852,2.72114,-0.0329726,2.75828,-0.0355707,0.0522015,0.0492327,0.048,0.0482427,0.0424384,3.80046,43.6006
4.4108e+07,0.453331,-0.0235918,10.0347,-0.134567,0.134519,-0.0427928,0.133038,2.58666,-0.170377,2.56485,-0.167977,-0.0241344,-0.0282126,0.047,0.047336,0.0397755,3.8005,43.6153
4.4128e+07,0.424673,-0.00914133,10.0038,-0.0523087,0.0429156,-0.00295158,0.0446162,2.4308,-0.124576,2.49153,-0.124509,0.0522015,0.049934,0.047,0.0472391,0.0394073,3.79911,43.6182
4.4148e+07,0.467671,-0.0717601,10.0013,-0.410645,0.07345,-0.307515,0.0740201,2.67719,-0.109308,2.63803,-0.109884,-0.0394015,-0.043198,0.047,0.0472264,0.0394172,3.79914,43.5918
4.4168e+07,0.484372,-0.0211834,10.0133,-0.121069,0.18032,-0.132214,0.177366,2.76941,-0.139843,2.78392,-0.138905,0.0827358,0.0757243,0.046,0.0463121,0.037071,3.79934,43.63
4.4188e+07,0.467654,-0.0115497,9.9943,-0.0661405,0.134519,0.0736224,0.133919,2.67904,-0.109308,2.76092,-0.108411,0.00639999,0.0029881,0.046,0.0462135,0.0370162,3.79952,43.6153
4.4208e+07,0.503463,0.0197596,9.94446,0.113701,-0.0486875,0.110952,-0.0478003,2.89826,-0.246713,2.7996,-0.243482,0.00639999,0.00784799,0.046,0.0462067,0.0373905,3.79962,43.6065
4.4228e+07,0.446169,-0.0284086,9.94681,-0.163475,0.0581827,-0.0880237,0.0587583,2.5683,-0.139843,2.54458,-0.141521,-0.0546688,-0.0519535,0.047,0.0471227,0.0401424,3.79844,43.6124
4.4249e+07,0.446173,-0.0428591,9.94441,-0.246688,0.0887171,-0.279394,0.0890055,2.56893,-0.078774,2.52887,-0.0772833,-0.00886726,-0.00889769,0.047,0.0472251,0.0405869,3.79816,43.5947
4.433e+07,0.429462,-0.059718,10.0204,-0.341146,-0.125023,-0.218191,-0.121334,2.45409,-0.490988,2.59941,-0.490148,-0.0699359,-0.0645574,0.046,0.046217,0.0383562,3.79764,43.6065
4.435e+07,0.436611,-0.0043245,10.0323,-0.0246744,0.424595,-0.185709,0.415732,2.49196,-0.109308,2.50644,-0.114546,-0.0241344,-0.0256107,0.047,0.0471334,0.0420052,3.79791,43.6212
4.437e+07,0.438988,0.0342101,9.97778,0.196255,0.165053,0.0674026,0.169626,2.51918,-0.658927,2.66174,-0.653127,-0.0394015,-0.0373608,0.047,0.047228,0.041942,3.79808,43.6094
4.439e+07,0.443781,-0.0284086,9.94681,-0.163477,0.241389,-0.119698,0.238667,2.55457,-0.246713,2.74193,-0.253294,0.0522015,0.0503048,0.047,0.0472325,0.0414684,3.79833,43.58
4.441e+07,0.489131,0.0390269,9.89702,0.225658,0.195587,0.0612236,0.196655,2.82935,-0.307782,2.83406,-0.305103,0.0674686,0.0623854,0.047,0.0472296,0.0407348,3.79857,43.5888
4.443e+07,0.417516,-0.0332255,9.96582,-0.190853,0.103984,-0.155714,0.104271,2.39898,-0.216179,2.51386,-0.217816,0.0674686,0.0653752,0.047,0.0472351,0.0409407,3.79871,43.6035
4.445e+07,0.429446,0.000492326,9.98248,0.00282316,0.256656,-0.106418,0.25713,2.46334,-0.231446,2.53857,-0.233709,-0.00886726,-0.0056748,0.047,0.0472372,0.0411108,3.79766,43.5859
4.4491e+07,0.503458,0.0390269,9.91837,0.225157,0.165053,0.152944,0.164442,2.90583,-0.246713,2.83257,-0.245475,-0.0699359,-0.0697829,0.047,0.0472302,0.0406558,3.79794,43.5888
4.4511e+07,0.472423,0.0149428,9.98721,0.0856298,0.165053,0.0568396,0.167035,2.70823,-0.0329726,2.74291,-0.034684,-0.0241344,-0.0262777,0.047,0.0472283,0.0407523,3.79803,43.5918
4.4531e+07,0.443785,-0.0428591,10.0038,-0.24523,0.07345,-0.150359,0.073161,2.54005,0.0128291,2.652,0.0108125,0.0827358,0.0786563,0.047,0.0472303,0.0409207,3.7971,43.6153
4.4552e+07,0.403184,-0.0163666,9.94686,-0.0941971,0.0276484,-0.0840901,0.0297043,2.32114,-0.124576,2.41181,-0.125107,0.0674686,0.0687023,0.047,0.0472391,0.0408815,3.79739,43.5506
4.45731e+07,0.477201,0.00530915,9.98245,0.0304379,0.0429156,-0.0194745,0.0420964,2.73689,-0.078774,2.67332,-0.0790503,-0.0546688,-0.0512927,0.047,0.0472378,0.0414346,3.79785,43.5829
4.4594e+07,0.467647,0.0149428,9.96348,0.0858353,-0.0181532,0.0570832,-0.0155434,2.68727,-0.185644,2.67635,-0.18299,0.00639999,0.00709832,0.047,0.0472357,0.040979,3.79811,43.5594
4.4614e+07,0.47004,-0.00191609,9.99194,-0.0109751,-0.0486875,0.0036267,-0.0484043,2.69332,-0.00243807,2.71548,-0.00217814,0.0522015,0.0501423,0.047,0.0472347,0.0416387,3.79819,43.5535
4.46341e+07,0.415119,-0.00191609,9.97299,-0.0109986,-0.0486875,-0.178237,0.027643,2.38352,-0.0635068,2.57694,-0.106705,0.0369343,0.046107,0.047,0.0472369,0.0414779,3.79674,43.5741
4.4655e+07,0.470043,-0.0139582,9.99904,-0.0798937,0.18032,-0.0525137,0.176197,2.69142,0.0433633,2.68214,0.0424209,0.0216671,0.0216063,0.047,0.0472397,0.0418113,3.79706,43.5829
4.4675e+07,0.436609,0.000492326,9.91837,0.00284128,0.195587,-0.051054,0.193254,2.52055,-0.0940411,2.54244,-0.0954423,-0.0699359,-0.0646616,0.047,0.0472425,0.0415445,3.79727,43.5682
4.4755e+07,0.484373,-0.0235918,9.93491,-0.135895,-0.00288594,-0.141438,-0.00225949,2.79122,-0.0329726,2.77044,-0.0324019,-0.0394015,-0.0380326,0.048,0.0482554,0.0444935,3.79684,43.5359
4.4775e+07,0.465255,0.0318017,9.973,0.182505,0.134519,0.0882081,0.133683,2.67098,-0.0635068,2.68666,-0.0640717,-0.146272,-0.138559,0.048,0.0482549,0.0441154,3.79715,43.5594
4.4795e+07,0.448536,0.0462522,9.98728,0.265074,0.0429156,0.117349,0.0420852,2.57144,-0.00243807,2.56369,-0.00276575,0.00639999,0.00759296,0.048,0.0482573,0.0439483,3.79745,43.5594
4.4815e+07,0.450944,-0.0260002,9.97055,-0.149257,0.103984,-0.109842,0.102234,2.58958,-0.0329726,2.62104,-0.0341251,-0.00886726,-0.0121876,0.048,0.048254,0.0435558,3.79773,43.5771
4.4835e+07,0.448564,-0.0549012,9.95151,-0.31577,0.149786,-0.256959,0.148333,2.58082,-0.0329726,2.61659,-0.0332673,-0.0394015,-0.040759,0.048,0.0482512,0.0431776,3.79791,43.5888
4.4855e+07,0.489147,-0.018775,9.91117,-0.108405,0.134519,-0.156976,0.133056,2.82543,-0.124576,2.74118,-0.124265,0.0369343,0.0369228,0.048,0.0482444,0.0424988,3.79808,43.58
4.4875e+07,0.474812,0.010126,9.97296,0.0581091,0.0123812,0.0693007,0.013258,2.72579,-0.0940411,2.72681,-0.0939909,0.00639999,0.00567724,0.048,0.0482437,0.0428755,3.79825,43.5535
4.4896e+07,0.465251,0.0438438,10.0324,0.250125,0.0276484,0.202433,0.0296819,2.65516,-0.0482397,2.6645,-0.0505995,-0.0394015,-0.0400306,0.047,0.0473351,0.0401167,3.79849,43.5624
4.4917e+07,0.462887,-0.0428591,10.0251,-0.244687,0.07345,-0.221168,0.0731733,2.6436,0.0128291,2.66572,0.0102028,0.0369343,0.0314885,0.047,0.0472376,0.040086,3.79863,43.5829
4.4938e+07,0.489157,-0.0549012,9.98471,-0.314662,-0.0639547,-0.323092,0.148589,2.80467,-0.0635068,2.68608,-0.108726,0.0216671,0.034029,0.047,0.0472291,0.0400661,3.79894,43.5447
4.4959e+07,0.46287,0.0197596,9.99435,0.113157,0.0123812,-0.0358092,0.0123986,2.65165,-0.0940411,2.62532,-0.0928886,-0.0852031,-0.0778674,0.047,0.0472297,0.0402291,3.79906,43.5476
4.4979e+07,0.489142,0.000492326,9.99192,0.00281972,0.134519,0.0319396,0.132756,2.8026,-0.109308,2.69891,-0.108444,-0.0394015,-0.0355057,0.047,0.0472303,0.0404878,3.79909,43.5771
4.4999e+07,0.501082,-0.0043245,9.94917,-0.0248726,0.07345,-0.0308166,0.0731287,2.88322,-0.0940411,2.77491,-0.092905,0.00639999,0.00106237,0.048,0.0475964,0.0417501,3.79912,43.5506
4.5039e+07,0.462879,-0.0115497,9.94444,-0.0664729,0.0887171,-0.140691,0.089282,2.66499,-0.00243807,2.66093,-0.00307067,-0.20734,-0.201196,0.048,0.0482428,0.0432961,3.79934,43.5388
4.5059e+07,0.431832,0.00530915,9.94687,0.0305529,-0.0486875,0.0121046,-0.0460386,2.48587,-0.0940411,2.57546,-0.0937697,0.0216671,0.0234905,0.047,0.0478846,0.0420248,3.79944,43.5506
4.5079e+07,0.481977,0.00290074,9.95157,0.0166813,0.07345,0.0168566,0.0737099,2.7728,0.0128291,2.73712,0.0122192,-0.0546688,-0.054667,0.047,0.0472945,0.0395612,3.79954,43.5418
4.5099e+07,0.489148,-0.0235918,9.97289,-0.135376,0.0887171,-0.0790716,0.0875697,2.80797,-0.185644,2.78418,-0.182176,-0.0241344,-0.023377,0.047,0.0472256,0.039005,3.79971,43.5447
4.5119e+07,0.46049,-0.00673292,10.0228,-0.0384484,0.103984,-0.132797,0.102206,2.63056,-0.124576,2.64661,-0.122549,-0.0852031,-0.083591,0.046,0.0468569,0.038576,3.7998,43.5212
4.5139e+07,0.474825,-0.0380423,9.94439,-0.218935,0.0276484,-0.207475,0.027067,2.73367,-0.00243807,2.71649,-0.00421708,-0.0699359,-0.0653801,0.046,0.0462801,0.0375459,3.79979,43.5271
4.5259e+07,0.472431,-0.0139582,9.92781,-0.0804648,0.0429156,-0.056959,0.0449316,2.72445,-0.0482397,2.69759,-0.0465337,-0.0852031,-0.082365,0.045,0.0453319,0.0345987,3.80042,43.5594
4.5279e+07,0.462869,0.0245765,9.96587,0.141143,-0.0181532,0.0728534,-0.0178306,2.65921,-0.0635068,2.62155,-0.064676,-0.0699359,-0.0625788,0.045,0.045205,0.0339129,3.80055,43.5506
4.5299e+07,0.448566,-0.0645349,9.95149,-0.371178,0.0429156,-0.263466,0.0434745,2.58082,-0.109308,2.59172,-0.106727,-0.0852031,-0.0829933,0.045,0.0451936,0.0341816,3.80067,43.5212
4.5339e+07,0.477219,-0.059718,9.9491,-0.34351,0.0581827,-0.214059,0.058775,2.7461,-0.0940411,2.76266,-0.0940796,-0.0546688,-0.0499003,0.049,0.0492167,0.045749,3.80074,43.5153
4.5359e+07,0.450932,0.0149428,9.98011,0.0856991,-0.00288594,0.0105882,-0.00256955,2.58704,-0.078774,2.61098,-0.0764641,-0.0546688,-0.0497435,0.049,0.049262,0.0457487,3.80077,43.5212
4.5379e+07,0.474809,0.022168,9.94686,0.127547,0.07345,0.106832,0.0740151,2.73291,-0.0482397,2.68468,-0.0505764,-0.0546688,-0.0559701,0.048,0.0483556,0.0427333,3.8008,43.5094
4.5399e+07,0.439012,-0.0549012,9.95864,-0.315557,0.103984,-0.258025,0.105408,2.52413,-0.0940411,2.57078,-0.0943683,0.098003,0.0891312,0.048,0.0482583,0.0425294,3.80075,43.4859
4.54593e+07,0.462879,-0.0139582,9.92307,-0.0805068,0.165053,0.00765671,0.163285,2.67073,-0.0940411,2.7674,-0.0960795,0.00639999,0.00362135,0.047,0.0472333,0.039637,3.79956,43.5182
4.548e+07,0.486763,-0.0308171,9.97763,-0.176754,0.210855,-0.110707,0.207308,2.79297,-0.0329726,2.66443,-0.0342017,-0.0241344,-0.0242884,0.047,0.0472289,0.0400745,3.79957,43.5006
4.556e+07,0.441378,0.0245765,9.99675,0.140721,0.103984,0.145787,0.102832,2.52808,-0.078774,2.63792,-0.0784917,-0.00886726,-0.00681463,0.046,0.0464309,0.0381265,3.79847,43.4859
4.5581e+07,0.486764,-0.0356339,9.9705,-0.204527,0.0581827,-0.105931,0.0596228,2.79497,-0.124576,2.72162,-0.123378,-0.115737,-0.11371,0.046,0.0462369,0.0379109,3.79836,43.5124
4.5602e+07,0.448551,-0.00914133,9.99194,-0.0523654,0.0276484,-0.1725,0.0308668,2.57035,0.0433633,2.50004,-0.0177005,0.0522015,0.0194572,0.046,0.0462181,0.0379455,3.7986,43.4947
4.5623e+07,0.481974,0.0149428,9.97533,0.0857276,0.0887171,-0.0117954,0.0892548,2.76618,-0.078774,2.62625,-0.0778923,0.00639999,0.00507542,0.048,0.048118,0.0437654,3.79865,43.4859
4.5643e+07,0.455707,0.0197596,9.93025,0.11389,0.119251,0.0907589,0.118111,2.6275,-0.124576,2.63266,-0.123972,0.00639999,0.00446889,0.048,0.0482386,0.0435303,3.7987,43.4976
4.56632e+07,0.446157,0.0125344,9.99436,0.0717858,0.0581827,0.0653942,0.0590528,2.55604,-0.0177052,2.65184,-0.0188471,-0.146272,-0.14122,0.047,0.047884,0.0427969,3.79757,43.4976
4.5784e+07,0.489159,-0.0621264,10.0559,-0.353556,0.348259,-0.257239,0.342068,2.78484,-0.078774,2.75184,-0.0773616,0.0216671,0.0214474,0.047,0.0472335,0.0413667,3.79731,43.4447
4.5804e+07,0.417507,-0.00191609,9.82579,-0.011163,-0.231894,-0.0808623,-0.221132,2.43309,-0.292515,2.58047,-0.288597,-0.0699359,-0.0665153,0.047,0.0472379,0.041027,3.79752,43.4771
4.5824e+07,0.513018,0.00771757,9.95868,0.0443431,0.226122,0.0532525,0.221203,2.94897,0.241837,2.7891,0.232441,0.0674686,0.0633949,0.047,0.0472336,0.0409706,3.79771,43.4771
4.5844e+07,0.429439,0.0245765,9.90179,0.142075,0.0123812,0.167462,0.0178696,2.48334,0.0128291,2.59173,0.0118845,-0.10047,-0.101001,0.047,0.0472348,0.0408369,3.79789,43.4682
4.5865e+07,0.436612,-0.00914133,9.95634,-0.0525551,0.0123812,0.0175579,0.0127593,2.51096,0.150234,2.52892,0.141154,-0.0546688,-0.0558756,0.048,0.0481462,0.043407,3.79823,43.4535
4.58861e+07,0.472435,-0.0284086,9.94916,-0.163417,-0.14029,-0.158062,-0.134655,2.71863,0.0280962,2.65215,0.0279931,-0.0394015,-0.0366558,0.048,0.048249,0.0440577,3.79831,43.5035
4.5907e+07,0.47959,0.000492326,9.94207,0.00283396,-0.109756,-0.0967603,-0.107964,2.76172,0.0738978,2.69371,0.0735249,0.0216671,0.0175621,0.048,0.0482552,0.0439964,3.79838,43.4712
4.5927e+07,0.498692,0.00530915,9.95394,0.0305217,-0.0486875,0.0401971,-0.0471906,2.86812,0.0586305,2.77359,0.0588222,0.00639999,0.00567636,0.048,0.0482518,0.0438118,3.79853,43.4741
4.5947e+07,0.491538,-0.0284086,9.93727,-0.163597,-0.0792218,-0.0433014,-0.0795086,2.83176,0.119699,2.80827,0.117326,0.0369343,0.0288358,0.048,0.0482428,0.0424618,3.79875,43.4682
4.5967e+07,0.496314,-0.0308171,9.95863,-0.177082,-0.0639547,-0.144287,-0.0616098,2.85311,0.0586305,2.69335,0.0568726,-0.115737,-0.110966,0.048,0.0482479,0.0428809,3.79897,43.5035
4.5987e+07,0.496311,-0.0211834,9.9254,-0.122131,-0.0181532,-0.181192,-0.0166451,2.86263,0.0128291,2.74128,0.0116309,-0.0394015,-0.0378239,0.048,0.0482433,0.0423435,3.79909,43.4506
4.6007e+07,0.472425,0.00771757,10.0157,0.0441001,0.0581827,0.0524677,0.0573469,2.70055,-0.0177052,2.67875,-0.0183266,-0.0546688,-0.0578596,0.048,0.0482414,0.0422774,3.79912,43.4506
4.6027e+07,0.481969,0.0318017,9.92313,0.183405,0.149786,0.143689,0.14716,2.78067,0.0128291,2.76275,0.0102138,-0.115737,-0.110419,0.046,0.0475083,0.0399217,3.79915,43.4388
4.6047e+07,0.477199,0.0125344,9.99195,0.0717928,0.07345,0.0482017,0.0714223,2.73427,-0.0940411,2.69391,-0.0937524,-0.0394015,-0.0409119,0.046,0.046343,0.0366034,3.79799,43.4682
4.6067e+07,0.465267,-0.0115497,9.93257,-0.0665514,0.0887171,-0.150113,0.0890169,2.68192,-0.0940411,2.68052,-0.0920249,-0.0546688,-0.0531065,0.046,0.0462175,0.0362005,3.7969,43.4712
4.6087e+07,0.450938,-0.00673292,10.0561,-0.0383232,0.103984,-0.115517,0.104516,2.56756,-0.00243807,2.59098,-0.00389073,0.0522015,0.0533159,0.048,0.0469392,0.0390982,3.79712,43.4212
4.6107e+07,0.477198,0.0173512,9.93973,0.0999028,-0.0486875,0.0407339,-0.0454906,2.74861,-0.109308,2.73462,-0.109896,-0.0699359,-0.0665207,0.048,0.0481058,0.0427729,3.79733,43.4741
4.6128e+07,0.472427,0.000492326,10.0299,0.00280929,0.134519,-0.033375,0.131926,2.69674,-0.15511,2.72213,-0.152217,-0.00886726,-0.00692823,0.048,0.0482282,0.0429938,3.79745,43.4682
4.6149e+07,0.44378,-0.0260002,9.93731,-0.14976,0.07345,-0.0680147,0.0746076,2.557,-0.0177052,2.56395,-0.0194391,-0.0241344,-0.0219951,0.047,0.0478811,0.0416339,3.79756,43.4182
4.61701e+07,0.486755,-0.00191609,9.97055,-0.0109977,0.103984,-0.110664,0.102832,2.79492,-0.15511,2.72195,-0.154777,0.098003,0.0919865,0.047,0.0472685,0.0395896,3.79767,43.4153
4.6291e+07,0.479587,0.0125344,9.99195,0.0717919,0.0581827,0.0305289,0.0581717,2.74793,-0.0329726,2.68217,-0.0352717,0.0674686,0.0626644,0.047,0.0472719,0.0399163,3.79723,43.4476
4.6311e+07,0.465259,0.0149428,10.0537,0.0850676,0.0887171,0.0875925,0.0901296,2.64961,-0.0940411,2.64308,-0.0942904,0.00639999,0.00636676,0.047,0.0472324,0.0402915,3.79736,43.4624
4.6331e+07,0.467654,-0.00914133,9.97531,-0.052448,0.0581827,-0.0717367,0.0573244,2.68413,-0.124576,2.68752,-0.123113,-0.0394015,-0.0366271,0.048,0.0478319,0.0423949,3.79756,43.4653
4.6352e+07,0.45094,-0.0115497,9.96582,-0.0663342,0.165053,-0.137799,0.16298,2.59079,-0.0940411,2.55709,-0.094589,-0.0699359,-0.0652579,0.048,0.0482085,0.0432742,3.79783,43.4065
4.63942e+07,0.472431,-0.0139582,9.98954,-0.0799686,0.0887171,-0.00635062,0.0887285,2.70764,-0.15511,2.6471,-0.153342,0.0216671,0.0184966,0.049,0.0488509,0.0450684,3.79818,43.4506
4.6415e+07,0.486765,-0.0404507,10.0298,-0.230803,0.134519,-0.185235,0.133039,2.77846,-0.109308,2.7232,-0.107031,-0.0241344,-0.0267633,0.049,0.0492227,0.0464994,3.79834,43.4624
4.6435e+07,0.491536,-0.0235918,9.98001,-0.135278,0.0123812,-0.092225,0.013001,2.81965,-0.078774,2.80557,-0.0776385,0.00639999,0.0062487,0.049,0.0492594,0.0459529,3.79841,43.4506
4.6455e+07,0.47483,-0.0549012,9.9871,-0.314608,0.134519,-0.249852,0.134535,2.722,-0.0482397,2.73107,-0.0473425,0.0216671,0.0201515,0.048,0.0486647,0.0443742,3.79856,43.4212
4.6475e+07,0.419912,-0.0645349,9.9349,-0.371843,-0.0334203,-0.285669,-0.0296144,2.42019,0.0586305,2.48411,0.0582749,-0.0241344,-0.0260471,0.048,0.0482976,0.0431402,3.79861,43.4094
4.6496e+07,0.441388,-0.0115497,9.93734,-0.0665268,0.07345,-0.0813299,0.0728849,2.54324,-0.139843,2.58251,-0.137538,-0.0241344,-0.0261787,0.048,0.0482559,0.0428698,3.79867,43.4094
4.6516e+07,0.493907,0.0366185,9.88989,0.21188,-0.00288594,0.138235,-0.00202637,2.85899,-0.124576,2.77957,-0.122796,-0.0241344,-0.0227164,0.048,0.0482444,0.0421476,3.7988,43.4153
4.6596e+07,0.491526,0.0149428,9.98957,0.0856017,0.0887171,-0.0240368,0.0893048,2.8169,-0.0329726,2.68747,-0.0341573,-0.0852031,-0.0784008,0.046,0.0462902,0.0360922,3.79921,43.4212
4.6896e+07,0.443772,0.00290074,9.93973,0.0167041,0.0581827,-0.00986568,0.0558733,2.55634,-0.0482397,2.65724,-0.0479523,-0.0394015,-0.0354689,0.049,0.0491212,0.0451521,3.79925,43.4241
4.6916e+07,0.436611,-0.0043245,9.99909,-0.0247562,0.119251,-0.083806,0.119507,2.50023,-0.0940411,2.57449,-0.0949105,0.0216671,0.0203082,0.049,0.0492469,0.0449398,3.79927,43.3859
4.6996e+07,0.441387,-0.00673292,9.95397,-0.0387171,0.0429156,-0.01546,0.0426223,2.53899,-0.109308,2.67706,-0.108716,-0.0394015,-0.0380835,0.047,0.0465651,0.0370609,3.798,43.3594
4.7016e+07,0.460494,-0.0235918,9.94917,-0.135716,-0.00288594,-0.0836029,-0.0014065,2.65002,-0.139843,2.59483,-0.136928,-0.0241344,-0.022058,0.047,0.0471521,0.0385791,3.79817,43.3976
4.7036e+07,0.486775,-0.0765769,9.94432,-0.440674,0.07345,-0.365879,0.0740094,2.80231,-0.0329726,2.72126,-0.0335595,-0.0241344,-0.0230231,0.047,0.0472138,0.0393144,3.79833,43.3741
4.7056e+07,0.439006,-0.0308171,9.96343,-0.177045,0.119251,-0.186256,0.118371,2.52291,0.0128291,2.59292,0.0107953,-0.00886726,-0.00829423,0.048,0.04759,0.04055,3.7984,43.3682
4.7076e+07,0.427056,0.00771757,10.0015,0.0441716,0.07345,-0.0592272,0.072885,2.445,-0.078774,2.61373,-0.0799654,0.0369343,0.0408259,0.048,0.0481727,0.0425578,3.79846,43.4153
4.7096e+07,0.503463,0.022168,9.93022,0.127742,-0.0334203,0.0943496,-0.0313474,2.90241,-0.109308,2.80611,-0.10959,-0.0699359,-0.0697843,0.048,0.0482353,0.0425321,3.79726,43.3741
4.7116e+07,0.474806,0.0318017,9.97062,0.18254,0.0276484,0.119591,0.0279592,2.72638,-0.0635068,2.74785,-0.0643831,-0.0699359,-0.0673032,0.048,0.0482384,0.042237,3.79738,43.3653
4.7136e+07,0.4796,-0.0332255,9.95627,-0.190982,0.0429156,-0.0643614,0.042611,2.75783,-0.078774,2.71703,-0.076758,0.0369343,0.0314977,0.048,0.0482369,0.0417067,3.79749,43.3859
4.7156e+07,0.470055,-0.0573096,9.923,-0.330534,-0.00288594,-0.197033,0.00032684,2.71204,-0.109308,2.64505,-0.109297,0.00639999,0.000941578,0.048,0.0482396,0.0415461,3.7976,43.38
4.7176e+07,0.513023,-0.0115497,9.99663,-0.0661104,0.0123812,-0.0340203,0.0124257,2.93782,-0.078774,2.81125,-0.0785238,-0.0394015,-0.034156,0.045,0.0471399,0.0384155,3.79779,43.3859
4.7298e+07,0.455705,0.0245765,9.96825,0.141114,0.119251,0.111041,0.119821,2.61748,0.0128291,2.74264,0.0101964,0.0369343,0.0334643,0.048,0.0474007,0.0403035,3.7964,43.3476
4.7319e+07,0.479587,0.0125344,9.9326,0.07222,0.07345,0.0299843,0.0774997,2.76433,-0.139843,2.7171,-0.138103,0.0216671,0.0201841,0.048,0.0481525,0.0422286,3.79656,43.3153
4.7339e+07,0.458101,-0.0043245,9.99669,-0.0247598,0.0887171,-0.0675552,0.088407,2.62376,-0.0940411,2.69071,-0.0957811,-0.0546688,-0.0519175,0.048,0.0482323,0.0424541,3.7968,43.3535
4.7359e+07,0.460491,-0.0115497,9.97056,-0.0662998,0.0123812,-0.12666,0.0138452,2.64433,-0.00243807,2.67987,-0.004782,-0.0241344,-0.0206962,0.046,0.0470366,0.037986,3.79695,43.3624
4.7379e+07,0.467646,0.0197596,9.93499,0.113829,0.0887171,-0.0152485,0.0872718,2.69495,-0.109308,2.65675,-0.105496,-0.10047,-0.0995892,0.046,0.0462867,0.035273,3.79725,43.3682
4.73992e+07,0.481976,0.00771757,9.95395,0.044371,0.134519,-0.0237093,0.132447,2.77213,-0.078774,2.70396,-0.0790338,-0.0394015,-0.0413853,0.046,0.0462045,0.0350138,3.79746,43.3359
4.742e+07,0.43661,-0.00191609,9.91599,-0.0110607,0.0887171,-0.110192,0.0881409,2.52116,-0.0329726,2.57279,-0.0321146,0.0827358,0.0799528,0.047,0.0465648,0.0365424,3.79774,43.3565
4.7441e+07,0.458114,-0.0500844,9.98712,-0.287028,0.07345,-0.192055,0.0722972,2.62631,-0.0940411,2.70637,-0.0957362,0.00639999,0.00494999,0.047,0.0471464,0.0389509,3.79767,43.3418
4.7462e+07,0.455714,-0.00673292,9.98007,-0.0386136,0.165053,-0.117267,0.162698,2.61445,-0.0635068,2.6654,-0.0640946,-0.0546688,-0.0472383,0.047,0.0472171,0.0395584,3.79785,43.3624
4.7482e+07,0.460498,-0.0380423,9.98714,-0.218014,0.0123812,-0.130752,0.0135891,2.63997,0.0128291,2.69646,0.0116207,-0.0394015,-0.0381359,0.047,0.0472257,0.0403225,3.79803,43.3535
4.75021e+07,0.453323,0.00530915,9.95872,0.0305137,0.103984,0.0110637,0.104532,2.60631,-0.139843,2.67291,-0.13925,-0.00886726,-0.0122215,0.047,0.0472294,0.0403947,3.79811,43.3329
4.7522e+07,0.477209,-0.0235918,9.98715,-0.135191,0.119251,-0.0746167,0.1195,2.73564,-0.139843,2.70797,-0.138939,-0.00886726,-0.00750826,0.047,0.0472275,0.0403643,3.79828,43.3271
4.7542e+07,0.472435,-0.0284086,9.98952,-0.162758,0.134519,-0.0979403,0.133377,2.70766,-0.0635068,2.67714,-0.0641103,-0.0546688,-0.0524084,0.047,0.0472337,0.0409959,3.79851,43.3476
4.7562e+07,0.460494,-0.0235918,10.0038,-0.134977,0.119251,-0.103507,0.118664,2.63557,-0.0482397,2.73416,-0.0488612,-0.0241344,-0.0207883,0.047,0.047231,0.0409657,3.79874,43.3153
4.7582e+07,0.470037,0.00771757,9.95871,0.0443523,0.0581827,-0.0688474,0.058793,2.70227,-0.139843,2.6877,-0.141277,0.0369343,0.0373852,0.047,0.0472335,0.0409424,3.79887,43.3124
4.7602e+07,0.455723,-0.0380423,9.9539,-0.218745,0.0276484,-0.0822738,0.0287842,2.62134,-0.0482397,2.67299,-0.0491545,-0.0699359,-0.0685123,0.046,0.0466324,0.0390943,3.79773,43.3329
4.7622e+07,0.44139,-0.0163666,9.99669,-0.0937132,0.134519,-0.0730031,0.132768,2.52817,0.0433633,2.52497,0.0404491,-0.0241344,-0.0220475,0.046,0.0462622,0.0379872,3.79783,43.3594
4.7642e+07,0.484369,-0.00914133,9.92069,-0.0527319,0.0581827,-0.109673,0.0578621,2.79519,-0.15511,2.65417,-0.153613,0.0522015,0.0525237,0.046,0.0462217,0.0376178,3.79809,43.3418
4.7662e+07,0.43661,-0.00191609,9.92786,-0.0110475,0.165053,-0.0584817,0.164737,2.51815,-0.15511,2.60497,-0.155924,-0.0241344,-0.0215152,0.048,0.0474172,0.0415638,3.79826,43.3506
4.7682e+07,0.467649,0.00771757,9.96584,0.0443212,0.0276484,0.0165777,0.030259,2.68665,-0.00243807,2.70004,-0.00332458,0.00639999,0.00434114,0.048,0.048161,0.0433992,3.79841,43.3212
4.7702e+07,0.462873,0.010126,9.94923,0.0582507,0.149786,0.0211856,0.148374,2.66368,-0.170377,2.67222,-0.166903,-0.0394015,-0.0406967,0.048,0.048244,0.0439411,3.79856,43.3565
4.7722e+07,0.46765,0.00290074,10.0204,0.0165681,0.0581827,-0.0571986,0.0593241,2.67204,-0.0482397,2.6507,-0.0508491,-0.10047,-0.100881,0.047,0.0476502,0.0418156,3.79879,43.3271
4.7742e+07,0.467656,-0.018775,9.93256,-0.108183,0.241389,-0.0688711,0.238203,2.69567,0.0433633,2.65081,0.0413078,0.0216671,0.0235961,0.047,0.0472806,0.0408818,3.79891,43.3418
4.7782e+07,0.486755,-0.00191609,9.9207,-0.0110528,0.119251,-0.0648942,0.118914,2.80894,-0.0177052,2.73378,-0.0179934,-0.00886726,-0.00944274,0.048,0.0478355,0.0426259,3.79916,43.3241
4.7802e+07,0.448552,-0.0115497,9.99669,-0.0661305,0.0429156,-0.0443333,0.0429653,2.56914,-0.0482397,2.60288,-0.0485394,0.00639999,0.00232542,0.048,0.0482082,0.0436183,3.79927,43.3329
4.7823e+07,0.493925,-0.0284086,9.99662,-0.162626,0.103984,-0.0956277,0.102792,2.82863,-0.0329726,2.77377,-0.0350221,0.00639999,0.00763643,0.048,0.0482448,0.0434949,3.79938,43.3035
4.7843e+07,0.412735,-0.0139582,9.93024,-0.0804667,0.0887171,-0.0386429,0.0878416,2.38004,0.0128291,2.53973,0.0110725,0.0674686,0.0625982,0.047,0.0476482,0.0410605,3.79948,43.3388
4.7864e+07,0.458107,-0.0260002,9.90406,-0.150252,0.0581827,-0.107074,0.0590566,2.64829,0.0280962,2.6382,0.0254643,-0.0852031,-0.0797981,0.047,0.0472759,0.0401622,3.79957,43.2947
4.7885e+07,0.443771,0.00530915,9.93499,0.0305878,-0.00288594,-0.0238795,-0.00172328,2.55756,-0.0940411,2.58816,-0.0937311,-0.0852031,-0.084384,0.047,0.0472353,0.039924,3.79974,43.3359
4.7906e+07,0.458102,-0.00673292,9.97057,-0.0386498,-0.0181532,-0.0363863,-0.0155376,2.63063,-0.0329726,2.63309,-0.0355316,0.0369343,0.0334242,0.046,0.0464777,0.0378685,3.79991,43.2976
4.7926e+07,0.472426,0.00290074,9.96108,0.0166662,0.0581827,-0.0200113,0.0572852,2.71534,-0.0329726,2.69165,-0.033538,-0.0241344,-0.0268524,0.046,0.0462377,0.0374363,3.7999,43.28
4.7946e+07,0.474814,0.00290074,9.96345,0.0166621,0.0276484,0.00167642,0.0264793,2.7284,0.0128291,2.69075,0.0133771,-0.10047,-0.0983866,0.046,0.0462169,0.0381617,3.79997,43.3035
4.7966e+07,0.481982,-0.0115497,9.96817,-0.066309,-0.094489,-0.117275,-0.0924044,2.76821,-0.0329726,2.73115,-0.0324574,0.0216671,0.0181616,0.048,0.0474164,0.0421441,3.80013,43.3035
4.7986e+07,0.481992,-0.0500844,10.0061,-0.286453,0.0887171,-0.281916,0.085271,2.75776,-0.0329726,2.70845,-0.0335593,-0.0241344,-0.0234402,0.048,0.0481656,0.0445908,3.80011,43.3212
4.80062e+07,0.474825,-0.0380423,9.9254,-0.219353,0.07345,-0.0698636,0.0740139,2.73889,-0.0635068,2.73026,-0.0638006,0.00639999,0.00332433,0.048,0.0482479,0.044617,3.80008,43.3065
4.8026e+07,0.465263,0.00290074,9.9872,0.0166233,0.07345,-0.0277145,0.0745795,2.66725,-0.0329726,2.64152,-0.0346734,-0.0394015,-0.0427995,0.046,0.0470559,0.040681,3.80023,43.2947
4.8046e+07,0.486754,0.000492326,9.93969,0.00283454,0.0123812,-0.0109109,0.0126699,2.80358,0.0738978,2.76476,0.0721469,-0.115737,-0.110901,0.046,0.0463064,0.0386402,3.80038,43.3182
4.8066e+07,0.405579,-0.0404507,9.95632,-0.232588,0.07345,-0.217699,0.074026,2.33268,-0.078774,2.46709,-0.08022,0.0216671,0.0147833,0.046,0.0462271,0.0379826,3.80034,43.3182
4.8086e+07,0.450945,-0.0308171,9.94205,-0.177415,0.195587,-0.0996925,0.194688,2.59699,-0.0940411,2.59639,-0.0946123,-0.0241344,-0.0193702,0.046,0.0462222,0.0386363,3.80039,43.33
4.8106e+07,0.472426,0.00290074,9.93971,0.016702,0.0581827,-0.0488305,0.0587598,2.72117,-0.078774,2.80096,-0.0784807,-0.0394015,-0.0367849,0.046,0.0462155,0.038647,3.80036,43.2888
4.8126e+07,0.501079,0.00771757,9.96818,0.0443036,0.119251,0.0833509,0.11811,2.87771,-0.0940411,2.82785,-0.0937635,-0.0241344,-0.0279901,0.046,0.046213,0.0383307,3.80032,43.2947
4.8146e+07,0.462885,-0.0332255,9.93966,-0.191316,-0.00288594,-0.0394088,-0.00110242,2.66629,-0.109308,2.70262,-0.108427,-0.0394015,-0.0413881,0.048,0.0474164,0.0420897,3.80029,43.3006
4.8167e+07,0.431841,-0.0260002,9.95157,-0.149554,0.0887171,-0.158852,0.0886948,2.48474,-0.139843,2.56665,-0.139194,-0.0394015,-0.044009,0.048,0.0481679,0.0439599,3.80026,43.3035
4.8187e+07,0.470042,-0.0115497,10.0085,-0.0660459,0.119251,-0.067052,0.118669,2.68887,-0.0482397,2.62919,-0.0491209,-0.0394015,-0.038765,0.048,0.0482464,0.0439326,3.80023,43.3094
4.8207e+07,0.446165,-0.0139582,9.9682,-0.0801492,0.0276484,-0.075723,0.0279478,2.56278,-0.109308,2.61593,-0.11159,0.0827358,0.076774,0.046,0.0470516,0.0399626,3.80037,43.2712
4.8227e+07,0.465251,0.0438438,10.0039,0.250836,0.0429156,0.0872536,0.0438035,2.66271,-0.0482397,2.70669,-0.0506116,0.0216671,0.0188885,0.046,0.0463032,0.0382083,3.80042,43.2506
4.8247e+07,0.450941,-0.0163666,10.0086,-0.0935984,0.07345,-0.0221412,0.070563,2.57975,-0.0177052,2.5848,-0.0180158,0.0674686,0.0639559,0.046,0.0462294,0.0385483,3.80039,43.2829
4.8267e+07,0.448556,-0.0284086,9.96342,-0.163201,0.119251,-0.143238,0.116659,2.57772,-0.0329726,2.57965,-0.0350223,-0.0546688,-0.0573822,0.047,0.0468252,0.0408622,3.80052,43.2859
4.8287e+07,0.467661,-0.0356339,9.98476,-0.204254,0.0123812,-0.216227,0.0146807,2.68161,-0.0635068,2.5892,-0.0634955,0.0522015,0.0492038,0.047,0.0472013,0.0421149,3.80056,43.2565
4.8327e+07,0.474815,0.000492326,9.98007,0.00282326,0.103984,0.044311,0.104261,2.72387,-0.0329726,2.68926,-0.0341635,0.0216671,0.0242533,0.047,0.0472418,0.0423342,3.80073,43.2859
4.8347e+07,0.443766,0.0245765,9.95876,0.141255,0.0429156,0.140126,0.0420346,2.55142,-0.15511,2.6577,-0.153641,0.0674686,0.0647102,0.047,0.0472408,0.0418154,3.80084,43.28
4.8367e+07,0.434214,0.0269849,9.96352,0.15503,0.0887171,0.0421051,0.0878422,2.49538,-0.0482397,2.54288,-0.0497026,0.11327,0.10563,0.047,0.0472478,0.0425631,3.80079,43.2535
4.8387e+07,0.424675,-0.018775,9.96346,-0.107869,0.0581827,-0.0709058,0.059074,2.44065,-0.0635068,2.52518,-0.0652418,0.00639999,0.00374366,0.048,0.0478488,0.0441364,3.80082,43.28
4.8407e+07,0.455725,-0.0452675,9.98238,-0.259549,0.0581827,-0.239983,0.0575839,2.61388,-0.0177052,2.63666,-0.0197554,0.00639999,0.010349,0.048,0.0482194,0.0452703,3.80076,43.2682
4.8427e+07,0.460488,-0.00191609,9.99907,-0.0109678,0.103984,-0.0443124,0.102505,2.63679,-0.109308,2.71243,-0.109856,0.0369343,0.0367812,0.048,0.0482557,0.0451419,3.79944,43.2976
4.8447e+07,0.448544,0.0173512,9.97537,0.09956,0.0429156,0.0414535,0.0452262,2.57457,-0.0329726,2.60512,-0.0329728,0.0216671,0.0238508,0.047,0.0476611,0.0431926,3.79962,43.2653
4.8467e+07,0.448535,0.0486606,9.96592,0.279473,-0.125023,0.144838,-0.12003,2.57693,-0.0177052,2.59252,-0.0174234,-0.10047,-0.0949123,0.047,0.0472886,0.0420797,3.79971,43.2476
4.8487e+07,0.474829,-0.0500844,10.0085,-0.286395,0.0429156,-0.0988566,0.0420505,2.71619,0.0128291,2.62991,0.0105081,-0.0852031,-0.0834749,0.047,0.0472497,0.0420659,3.79988,43.2535
4.8507e+07,0.470034,0.0197596,9.98722,0.113234,0.119251,-0.00865123,0.1175,2.69455,-0.0635068,2.65286,-0.0661325,-0.0394015,-0.0380123,0.048,0.0476079,0.0429116,3.80004,43.2594
4.8527e+07,0.462874,0.00530915,9.91835,0.0306363,0.134519,0.00329392,0.133909,2.67197,-0.109308,2.67119,-0.107857,0.0216671,0.0175626,0.048,0.0481903,0.0445194,3.8001,43.2535
4.8547e+07,0.44616,0.00290074,9.93498,0.0167119,0.0276484,-0.0190251,0.0271118,2.57131,-0.109308,2.68429,-0.108744,-0.0546688,-0.051912,0.048,0.0482463,0.0439767,3.79882,43.23
4.8567e+07,0.446158,0.010126,9.9896,0.0580201,0.165053,-0.0249036,0.164715,2.55726,-0.0635068,2.59183,-0.0640778,0.0522015,0.0532488,0.047,0.047887,0.0423694,3.79894,43.2829
4.8587e+07,0.479592,-0.0043245,9.9112,-0.0249703,0.07345,-0.0525814,0.075495,2.77032,-0.139843,2.69917,-0.138702,-0.10047,-0.0994641,0.047,0.0473013,0.0401169,3.79915,43.2741
4.8607e+07,0.489143,-0.0043245,9.97055,-0.0248209,0.165053,-0.0455158,0.164167,2.80861,-0.15511,2.76114,-0.154235,0.0216671,0.0203396,0.047,0.0472327,0.0398649,3.79926,43.2388
4.8627e+07,0.472432,-0.0163666,9.95155,-0.094124,0.07345,-0.0692179,0.0745857,2.71797,-0.170377,2.73417,-0.169452,0.00639999,0.00709226,0.047,0.047225,0.0397962,3.79827,43.2594
4.86473e+07,0.47959,0.000492326,9.99193,0.00281985,0.0276484,0.0235848,0.0300144,2.74796,-0.0940411,2.72288,-0.0948989,-0.0699359,-0.062504,0.047,0.0472245,0.0399554,3.79707,43.2241
4.8668e+07,0.415121,-0.00673292,9.93974,-0.0387768,0.149786,-0.0392107,0.148877,2.39149,-0.185644,2.57493,-0.186204,0.0216671,0.0181656,0.047,0.047226,0.0398356,3.79721,43.2565
4.8689e+07,0.439,-0.0115497,9.93972,-0.0665116,0.134519,-0.0380096,0.134191,2.5289,-0.124576,2.54534,-0.123977,-0.0546688,-0.0504447,0.047,0.0472284,0.0394819,3.79733,43.2594
4.871e+07,0.474814,0.00290074,9.97295,0.0166462,0.0429156,-0.0251104,0.0435193,2.72581,-0.00243807,2.72876,-0.00537494,-0.0699359,-0.0703438,0.047,0.0472232,0.0396692,3.79745,43.2565
4.87302e+07,0.458108,-0.0308171,9.94916,-0.177282,0.0429156,-0.101098,0.0443392,2.6363,-0.109308,2.66932,-0.110161,0.0827358,0.0791914,0.047,0.0472275,0.0400859,3.79756,43.28
4.8751e+07,0.470035,0.0149428,9.9516,0.0859365,-0.0486875,0.0826975,-0.0463492,2.70419,-0.0635068,2.70832,-0.0649858,0.0369343,0.0388306,0.048,0.0478296,0.0422054,3.79648,43.2447
4.8772e+07,0.465271,-0.0260002,9.97053,-0.149248,0.0581827,-0.0843982,0.0570361,2.67174,-0.0635068,2.66983,-0.0626543,-0.0241344,-0.0199071,0.048,0.0482038,0.0432144,3.79673,43.2418
4.8793e+07,0.498696,-0.0115497,10.0085,-0.0660369,0.0581827,-0.114774,0.0590803,2.85253,-0.0940411,2.7855,-0.0957914,-0.0394015,-0.0379802,0.048,0.0482424,0.0433128,3.79705,43.2771
4.8814e+07,0.501086,-0.0163666,10.0109,-0.0935544,-0.00288594,-0.107648,-0.00199846,2.86549,-0.0177052,2.83418,-0.0174228,0.00639999,0.00313931,0.048,0.0482396,0.0427619,3.79726,43.2182
4.8834e+07,0.467644,0.0245765,9.98486,0.140872,0.0123812,0.0869728,0.0135617,2.6815,0.0128291,2.64991,0.0136821,0.00639999,0.00242169,0.048,0.0482455,0.0427831,3.79738,43.2624
4.8854e+07,0.4796,-0.0356339,9.97288,-0.204485,0.0429156,-0.111109,0.0429202,2.75324,-0.0940411,2.65821,-0.0931822,-0.0546688,-0.0505829,0.048,0.0482469,0.0424831,3.79758,43.2418
4.8874e+07,0.460502,-0.0524928,9.98474,-0.300898,0.0276484,-0.165933,0.0281802,2.64061,-0.00243807,2.66234,-0.0018791,0.00639999,0.00291747,0.046,0.0467424,0.0380857,3.79777,43.2447
4.8895e+07,0.453333,-0.0332255,10.0418,-0.189383,-0.0334203,-0.066149,-0.0333543,2.58484,-0.0177052,2.60798,-0.0177105,0.0216671,0.022843,0.046,0.0462647,0.0371526,3.79787,43.2329
4.8915e+07,0.462879,-0.0139582,9.94444,-0.0803341,0.119251,-0.0413204,0.116598,2.665,0.0128291,2.68625,0.0119535,-0.115737,-0.114378,0.046,0.0462137,0.0371901,3.79796,43.2565
4.8935e+07,0.472429,-0.00914133,9.95394,-0.0525592,-0.00288594,-0.0513052,-0.00373337,2.71731,0.0128291,2.66618,0.0125515,-0.0852031,-0.0804605,0.046,0.0462123,0.0376868,3.79805,43.2418
4.8955e+07,0.450941,-0.0163666,9.9397,-0.0942454,-0.0334203,-0.119867,-0.0340183,2.59759,0.0280962,2.60059,0.0303781,-0.115737,-0.110933,0.046,0.0462145,0.0377115,3.79669,43.2476
4.8975e+07,0.44138,0.0173512,9.98962,0.0994214,-0.0792218,-0.00818299,-0.0780639,2.5299,-0.00243807,2.57949,-9.48906e-05,-0.10047,-0.0917162,0.046,0.0462165,0.0381584,3.79701,43.2388
4.8995e+07,0.474818,-0.0115497,9.98479,-0.0662011,-0.0334203,-0.111898,-0.0334252,2.7226,0.0280962,2.71351,0.0286614,-0.0241344,-0.023442,0.046,0.0462146,0.0381768,3.79723,43.1976
4.9015e+07,0.47959,0.00290074,9.92783,0.0167213,0.149786,-0.0222641,0.150079,2.76567,-0.0635068,2.69788,-0.0649184,0.0369343,0.0388293,0.046,0.0462145,0.0380206,3.79735,43.2271
4.9035e+07,0.443778,-0.018775,9.95632,-0.107937,-0.00288594,-0.0813598,-0.00287432,2.55212,-0.0482397,2.65543,-0.0482065,0.11327,0.10629,0.046,0.0462141,0.0382203,3.79603,43.2506
4.9055e+07,0.508246,-0.00673292,10.0204,-0.0384488,-0.0486875,-0.0963427,-0.0489912,2.90362,0.0433633,2.77228,0.0441663,-0.0394015,-0.0380653,0.044,0.0450152,0.0348516,3.79622,43.2124
4.9075e+07,0.486762,-0.0284086,10.0038,-0.162516,0.0123812,-0.0244443,0.0129731,2.78569,-0.0482397,2.6994,-0.0473584,-0.115737,-0.11036,0.044,0.0442692,0.0330612,3.79656,43.2241
4.9095e+07,0.470045,-0.0211834,9.97529,-0.121538,0.0887171,-0.133136,0.0890105,2.69783,-0.139843,2.66418,-0.139548,0.0522015,0.0490282,0.044,0.0441937,0.033691,3.7968,43.23
4.9115e+07,0.47243,-0.0115497,10.0347,-0.0658736,0.210855,-0.106086,0.210222,2.69549,-0.109308,2.67145,-0.110482,-0.0546688,-0.0565523,0.043,0.0435912,0.0327451,3.79711,43.23
4.9135e+07,0.427071,-0.0476759,9.97291,-0.273652,0.165053,-0.212388,0.167097,2.45206,-0.246713,2.59002,-0.246685,0.0522015,0.048164,0.043,0.0432199,0.0320036,3.79733,43.2212
4.9175e+07,0.441404,-0.0693517,9.86839,-0.402246,-0.216626,-0.141711,-0.212968,2.56102,-0.0177052,2.60852,-0.0212847,0.0216671,0.0223337,0.045,0.0443842,0.0363919,3.79756,43.2124
4.9195e+07,0.424681,-0.0380423,10.1059,-0.215491,0.439862,-0.176283,0.426164,2.40631,0.226569,2.44769,0.220301,0.00639999,0.00383046,0.045,0.0451361,0.0394786,3.79766,43.2271
4.9215e+07,0.515403,0.0197596,9.96107,0.113505,-0.0639547,-0.0270377,-0.0566208,2.96193,-0.536789,2.85209,-0.525004,-0.00886726,-0.0114715,0.045,0.0452139,0.0393725,3.79776,43.2212
4.9235e+07,0.484369,-0.00914133,10.018,-0.0522207,0.394061,-0.0622095,0.383812,2.76808,-0.246713,2.78365,-0.243962,0.0369343,0.0295479,0.046,0.0458196,0.0411274,3.79786,43.2153
4.9255e+07,0.529736,-0.0043245,10.037,-0.0246519,0.165053,-0.156151,0.163484,3.02118,-0.414652,2.92832,-0.399676,0.0674686,0.0644357,0.046,0.0461932,0.0422391,3.79795,43.2065
4.9275e+07,0.484371,-0.0163666,9.99428,-0.0937172,0.256656,-0.0837331,0.251332,2.77465,-0.384118,2.77013,-0.373447,-0.0241344,-0.0195419,0.046,0.0462355,0.0423197,3.79804,43.2212
4.9296e+07,0.472423,0.0149428,9.92548,0.0861612,-0.262428,0.0453676,-0.254522,2.72505,-0.399385,2.73644,-0.389005,-0.00886726,-0.0109533,0.046,0.0462416,0.0421985,3.79829,43.2035
4.9317e+07,0.472426,0.00290074,10.0062,0.0165913,0.165053,-0.0822285,0.15855,2.70312,0.104432,2.64436,0.104992,0.174339,0.162573,0.046,0.0462456,0.0424303,3.7987,43.1888
4.9338e+07,0.479614,-0.0838022,9.95618,-0.481694,-0.247161,-0.326623,-0.24357,2.75785,-0.0482397,2.74016,-0.0466982,-0.0699359,-0.068486,0.046,0.0462413,0.0416694,3.79875,43.1888
4.9458e+07,0.438998,-0.0043245,9.94685,-0.0248857,0.0276484,-0.0739496,0.0265073,2.52708,-0.0177052,2.58325,-0.0157677,0.0216671,0.0182605,0.046,0.0462342,0.0400423,3.79915,43.2065
4.94782e+07,0.484365,0.00530915,9.9492,0.0305384,0.165053,0.00622588,0.165612,2.78717,-0.0329726,2.73665,-0.0327347,-0.00886726,-0.00748472,0.044,0.0447246,0.0349993,3.79918,43.1829
4.94981e+07,0.496306,-0.00191609,9.97292,-0.0109946,0.119251,-0.0397673,0.120415,2.84899,-0.078774,2.72808,-0.0805467,-0.0394015,-0.038199,0.044,0.0442436,0.0337013,3.79794,43.1918
4.9518e+07,0.489162,-0.0717601,9.98943,-0.41109,0.0123812,-0.312845,0.0124092,2.80334,0.0128291,2.72784,0.0113096,0.0522015,0.0507848,0.044,0.0441909,0.0337326,3.79811,43.1888
4.9538e+07,0.446171,-0.0356339,9.96579,-0.204662,0.0887171,-0.218378,0.0893104,2.56342,-0.0635068,2.5694,-0.0635457,0.0522015,0.051609,0.045,0.0449427,0.0366048,3.79836,43.1594
4.9558e+07,0.470043,-0.0139582,9.90645,-0.0806388,0.0581827,-0.0333154,0.0573301,2.71654,0.119699,2.68849,0.117886,-0.00886726,-0.00495055,0.045,0.0451836,0.037113,3.79842,43.1741
4.9578e+07,0.465259,0.0173512,9.94211,0.0998846,0.0581827,0.115823,0.0604755,2.6793,0.0280962,2.68305,0.0274972,0.00639999,0.00564844,0.045,0.0452067,0.0371328,3.79857,43.1682
4.9598e+07,0.515425,-0.0621264,9.96568,-0.356703,0.165053,-0.184757,0.165922,2.96064,-0.216179,2.83647,-0.214716,0.00639999,0.00617879,0.047,0.0464082,0.0410383,3.7988,43.18
4.9618e+07,0.460504,-0.0573096,9.90638,-0.331102,0.195587,-0.228528,0.195017,2.66146,-0.323049,2.63418,-0.320412,0.0216671,0.0217879,0.047,0.0471597,0.0428551,3.79893,43.1888
4.9638e+07,0.460488,-0.00191609,10.0014,-0.0109652,0.0429156,-0.0870112,0.0429285,2.63616,-0.078774,2.64217,-0.0767696,0.0369343,0.0329782,0.047,0.0472404,0.0432251,3.79896,43.1741
4.9658e+07,0.446165,-0.0139582,9.98482,-0.0800161,0.103984,-0.11983,0.102793,2.55852,0.0738978,2.60295,0.0729944,0.0216671,0.0196705,0.046,0.0466477,0.0410119,3.79917,43.1859
4.9678e+07,0.460493,-0.018775,9.96343,-0.107852,0.07345,-0.128108,0.0728739,2.64623,-0.0635068,2.68657,-0.0617783,-0.0394015,-0.0367755,0.046,0.046274,0.0403084,3.7992,43.1682
4.9758e+07,0.467655,-0.0139582,9.91594,-0.0805627,0.256656,-0.106467,0.256068,2.70018,-0.200911,2.64645,-0.200656,0.11327,0.108455,0.045,0.0452127,0.0365937,3.79818,43.1918
4.9778e+07,0.481982,-0.0115497,9.92306,-0.0666097,0.103984,-0.0221326,0.105137,2.78078,-0.216179,2.66732,-0.21584,-0.0241344,-0.0247318,0.046,0.045809,0.0383738,3.79834,43.1741
4.9798e+07,0.496307,-0.00673292,9.98716,-0.0385788,0.271923,-0.0105638,0.268105,2.84495,-0.078774,2.74629,-0.0816603,-0.0394015,-0.0405462,0.046,0.0461795,0.039532,3.79849,43.18
4.9818e+07,0.4796,-0.0356339,9.90403,-0.205903,0.149786,-0.165435,0.149192,2.77235,-0.170377,2.73149,-0.169501,0.0369343,0.0333967,0.046,0.0462203,0.039511,3.79855,43.1565
4.9838e+07,0.448554,-0.018775,9.95632,-0.107935,0.07345,-0.0850045,0.0748743,2.57955,-0.0482397,2.6266,-0.050595,-0.0241344,-0.0194675,0.046,0.0462244,0.0393882,3.79878,43.1829
4.98583e+07,0.467655,-0.0139582,9.97293,-0.0801034,0.119251,-0.0451375,0.116631,2.68477,-0.0177052,2.71695,-0.0185924,0.0369343,0.0342121,0.046,0.046225,0.0397888,3.79756,43.1947
4.9919e+07,0.453329,-0.018775,9.94207,-0.108087,0.0429156,-0.1427,0.0443841,2.61071,-0.109308,2.60839,-0.108162,-0.10047,-0.0915871,0.047,0.0471993,0.0421467,3.79811,43.1506
4.9939e+07,0.419902,-0.0284086,10.0038,-0.162564,0.241389,-0.173501,0.238435,2.40353,-0.078774,2.4823,-0.0790457,-0.00886726,-0.00743943,0.047,0.0472443,0.0426279,3.79819,43.1418
4.99591e+07,0.429449,-0.0115497,9.859,-0.067058,0.0123812,-0.0751763,0.0150569,2.49417,-0.185644,2.60908,-0.186468,0.0369343,0.0384088,0.047,0.0472431,0.0418593,3.79691,43.1918
4.9979e+07,0.470046,-0.0235918,9.99428,-0.135099,0.119251,-0.1295,0.117779,2.69271,0.150234,2.61488,0.145751,0.0369343,0.0328035,0.047,0.0472439,0.0420956,3.79713,43.1859
4.9999e+07,0.446164,-0.0115497,9.94683,-0.066462,-0.0181532,-0.0295871,-0.0155222,2.56827,0.0433633,2.60714,0.0424036,-0.0241344,-0.0220307,0.047,0.0472464,0.0424381,3.79726,43.1624
5.0019e+07,0.474815,-0.00191609,9.92071,-0.0110535,0.149786,-0.0146583,0.14834,2.74014,0.165501,2.69736,0.158425,-0.00886726,-0.0128169,0.047,0.0472421,0.0420907,3.79755,43.1359
5.0039e+07,0.450936,0.000492326,9.97771,0.00282424,0.0581827,-0.0541322,0.0605376,2.58768,-0.00243807,2.70171,-0.00537043,-0.0394015,-0.0372561,0.047,0.0472404,0.0423611,3.79774,43.1476
5.00593e+07,0.474806,0.0318017,9.94213,0.183062,0.0429156,0.0619257,0.0426503,2.73418,-0.0329726,2.72075,-0.0359192,0.0216671,0.0135483,0.047,0.0472403,0.041972,3.79666,43.1565
5.008e+07,0.460488,-0.00191609,9.98007,-0.0109886,0.0887171,0.0424182,0.0875703,2.6418,0.0586305,2.64143,0.0545356,0.0369343,0.0383714,0.046,0.0466421,0.0403848,3.79681,43.1476
5.01e+07,0.493915,0.010126,9.89222,0.0585768,0.07345,-0.0220187,0.0743702,2.85838,-0.200911,2.8124,-0.20091,0.0369343,0.0382192,0.046,0.0462646,0.0388618,3.79704,43.1653
5.012e+07,0.465271,-0.0260002,9.93492,-0.149782,0.103984,-0.119288,0.103696,2.6813,-0.0635068,2.65592,-0.0664154,-0.0241344,-0.0236283,0.046,0.0462243,0.0386782,3.79725,43.1447
5.018e+07,0.462882,-0.0235918,9.9468,-0.135747,0.0887171,-0.0600504,0.0867052,2.66437,0.0738978,2.67874,0.0715531,0.0216671,0.0212176,0.047,0.0472318,0.0414759,3.79784,43.1447
5.02e+07,0.467651,0.000492326,9.99669,0.00281867,0.149786,0.00664438,0.148328,2.67838,-0.0940411,2.68638,-0.0937083,0.0674686,0.066754,0.048,0.0476034,0.0430905,3.7981,43.1447
5.022e+07,0.446172,-0.0404507,9.97528,-0.232107,0.18032,-0.200372,0.17709,2.56098,-0.078774,2.62582,-0.0784805,0.00639999,0.00301652,0.048,0.0481903,0.044713,3.79835,43.1388
5.024e+07,0.474808,0.0245765,9.95399,0.141303,0.0887171,0.0823089,0.0872602,2.73095,-0.0482397,2.67042,-0.0491038,-0.0241344,-0.0228084,0.048,0.0482534,0.0444675,3.7985,43.1271
5.026e+07,0.431832,0.00530915,9.96112,0.0305093,0.119251,0.0515938,0.119251,2.48232,-0.15511,2.61711,-0.151677,0.0216671,0.0189231,0.047,0.0478898,0.0429536,3.79865,43.1212
5.028e+07,0.477215,-0.0428591,9.92539,-0.247124,0.119251,-0.22624,0.118647,2.75265,-0.0940411,2.70792,-0.0937359,0.0216671,0.0228968,0.047,0.0473044,0.0408373,3.79887,43.1594
5.03e+07,0.455717,-0.018775,9.94919,-0.108009,0.0429156,-0.161248,0.0438187,2.62257,-0.078774,2.64217,-0.079311,-0.0699359,-0.0651937,0.047,0.0472411,0.0408741,3.79899,43.1388
5.032e+07,0.505851,0.0197596,9.97532,0.113349,0.149786,0.00302215,0.149475,2.90299,-0.078774,2.8021,-0.0781862,-0.0241344,-0.0227982,0.047,0.047231,0.0406571,3.79903,43.1506
5.034e+07,0.438996,0.00290074,10.0537,0.0165155,0.0581827,-0.042741,0.057629,2.50024,-0.0635068,2.5946,-0.0643715,0.0827358,0.0812197,0.047,0.0472346,0.0413286,3.79906,43.1359
5.036e+07,0.453327,-0.00914133,9.97769,-0.0524389,0.18032,-0.0412912,0.179434,2.60139,-0.0482397,2.6464,-0.050539,0.0216671,0.0237533,0.047,0.0472366,0.0413592,3.79918,43.1094
5.048e+07,0.465261,0.00771757,9.94447,0.0444167,0.0429156,0.0162894,0.043492,2.67868,-0.00243807,2.68694,-0.00305291,-0.0546688,-0.0518608,0.048,0.0482509,0.0448073,3.79983,43.1212
5.05e+07,0.429443,0.010126,9.90889,0.0584961,0.165053,-0.0152794,0.162466,2.4816,-0.0482397,2.59018,-0.0493928,0.0674686,0.0645907,0.047,0.0478897,0.0427758,3.79999,43.1712
5.052e+07,0.503471,-0.00914133,9.94679,-0.0525888,0.149786,-0.0687114,0.148373,2.89764,-0.109308,2.78241,-0.108422,0.11327,0.107107,0.047,0.0473028,0.0408211,3.80014,43.1418
5.054e+07,0.462875,0.000492326,9.96583,0.00282744,0.0429156,0.00717234,0.044966,2.65926,-0.139843,2.68805,-0.140435,0.0522015,0.0476693,0.047,0.0472366,0.0402978,3.80021,43.1182
5.056e+07,0.460494,-0.0235918,9.88744,-0.136562,0.226122,-0.074216,0.222603,2.66654,-0.139843,2.67217,-0.140125,0.0216671,0.022363,0.046,0.0468643,0.0389003,3.80018,43.1035
5.058e+07,0.455722,-0.0356339,9.95391,-0.204897,0.0123812,-0.196149,0.0130129,2.62134,-0.170377,2.67683,-0.167772,0.00639999,0.00036573,0.046,0.046278,0.0371286,3.79897,43.1153
5.06e+07,0.458104,-0.0163666,9.99667,-0.0937063,-0.0486875,-0.0959057,-0.0445873,2.62378,-0.124576,2.63111,-0.124575,-0.176806,-0.172658,0.046,0.0462196,0.0378632,3.79901,43.1565
5.062e+07,0.477206,-0.0139582,9.9658,-0.0801569,0.103984,-0.107497,0.104301,2.74148,-0.0482397,2.69732,-0.0462286,0.0216671,0.0191059,0.046,0.0462122,0.0376801,3.79913,43.1359
5.064e+07,0.460483,0.0173512,9.94687,0.0998392,0.119251,-0.0101911,0.118675,2.65057,-0.0482397,2.64631,-0.0499747,0.0674686,0.0639614,0.046,0.0462116,0.0374834,3.79924,43.0829
5.066e+07,0.472429,-0.00914133,9.9848,-0.052397,0.0887171,-0.0831276,0.0875653,2.70892,-0.078774,2.68012,-0.0787796,0.0216671,0.0237437,0.046,0.0462139,0.0380778,3.79926,43.13
5.068e+07,0.443771,0.00771757,9.94212,0.0444316,0.119251,-0.0367844,0.117777,2.55572,-0.0177052,2.64912,-0.0206475,-0.0394015,-0.0358986,0.046,0.0462162,0.0383444,3.7981,43.1182
5.0701e+07,0.491526,0.0125344,9.94683,0.0721126,0.0887171,-0.024304,0.0907564,2.82899,-0.0177052,2.81413,-0.0186534,0.0369343,0.0354788,0.047,0.0471218,0.0407348,3.79818,43.1476
5.0722e+07,0.489146,-0.0163666,9.96341,-0.0940046,0.0887171,-0.164309,0.08931,2.81064,-0.170377,2.76054,-0.169778,-0.0852031,-0.0816889,0.047,0.0472248,0.0408436,3.79834,43.1388
5.0742e+07,0.481978,0.000492326,9.91833,0.00284069,0.149786,-0.0565878,-0.105362,2.78208,-0.170377,2.67085,-0.0655016,0.0522015,-0.0393399,0.047,0.0472308,0.0407033,3.79858,43.1124
5.0783e+07,0.450948,-0.0404507,9.93728,-0.232987,0.0581827,-0.161661,0.0587411,2.59824,-0.0940411,2.6831,-0.0911442,0.00639999,0.00301526,0.048,0.0482384,0.0431342,3.79885,43.1094
5.0803e+07,0.458103,-0.0115497,9.9397,-0.066506,0.103984,-0.094021,0.10425,2.63879,-0.0940411,2.63329,-0.0931656,0.0216671,0.0203398,0.047,0.0478813,0.0418305,3.79898,43.1006
5.0823e+07,0.467659,-0.0260002,9.94679,-0.149602,0.149786,-0.0808031,0.148328,2.69183,-0.0635068,2.68068,-0.0646934,0.0216671,0.0168741,0.047,0.0472983,0.0398915,3.79918,43.1124
5.0843e+07,0.489142,0.000492326,9.96106,0.00282844,0.119251,-0.0296913,0.11897,2.81127,-0.109308,2.69405,-0.110471,0.0216671,0.021597,0.047,0.0472328,0.0395233,3.79929,43.1094
5.0863e+07,0.424669,0.00290074,10.0062,0.0165947,0.0123812,-0.0544593,0.014698,2.4302,-0.078774,2.57026,-0.0799321,-0.0699359,-0.0670287,0.047,0.0472266,0.0400887,3.79948,43.1006
5.0883e+07,0.465267,-0.0115497,9.95156,-0.0664247,0.07345,-0.076335,0.0754607,2.67681,-0.139843,2.70471,-0.139239,0.0522015,0.0480893,0.047,0.0472282,0.0402602,3.79957,43.1241
5.0903e+07,0.455708,0.0149428,9.95161,0.0859421,-0.00288594,0.0322523,-0.00142828,2.62187,-0.109308,2.62558,-0.106416,-0.0394015,-0.0400018,0.047,0.047232,0.0403951,3.79966,43.0771
5.0923e+07,0.486756,-0.00673292,9.89695,-0.0389314,0.103984,-0.0355288,0.10312,2.81568,-0.124576,2.68955,-0.125123,-0.115737,-0.113528,0.047,0.0472326,0.040205,3.79966,43.0712
5.0943e+07,0.486755,-0.0043245,9.97055,-0.0248212,0.0581827,-0.0361437,0.058759,2.79492,0.0280962,2.73547,0.0257133,0.0369343,0.0349483,0.047,0.0472291,0.0404531,3.79983,43.1124
5.0963e+07,0.446167,-0.0235918,9.96343,-0.135531,0.0887171,-0.0775153,0.0884005,2.56401,-0.00243807,2.60891,-0.00538009,-0.00886726,-0.0108528,0.047,0.0472321,0.0403733,3.79983,43.08
5.09832e+07,0.477208,-0.018775,10.0014,-0.107435,0.0887171,-0.133672,0.0884063,2.73174,-0.109308,2.73898,-0.109291,-0.10047,-0.0935221,0.047,0.0472276,0.040356,3.79982,43.0624
5.1004e+07,0.496303,0.00771757,9.97768,0.0442626,-0.00288594,0.0159646,-0.000524336,2.84762,-0.139843,2.75945,-0.141577,0.0216671,0.0210623,0.047,0.0472328,0.0411718,3.79998,43.0947
5.10251e+07,0.446168,-0.0260002,9.95393,-0.149509,0.103984,-0.0674895,0.102517,2.56646,0.0128291,2.61878,0.0110449,-0.0699359,-0.0718705,0.047,0.0472364,0.0412375,3.80014,43.0888
5.1046e+07,0.467661,-0.0332255,9.97289,-0.190675,0.18032,-0.0887527,0.178253,2.6848,-0.0482397,2.67396,-0.0488432,-0.0546688,-0.0546028,0.047,0.0472361,0.0411693,3.8002,43.0859
5.1086e+07,0.431846,-0.0452675,9.94442,-0.260566,0.119251,-0.217772,0.120099,2.48654,-0.15511,2.49497,-0.152732,0.0369343,0.0389496,0.047,0.0472452,0.0420569,3.79896,43.0918
5.1106e+07,0.477197,0.0197596,9.97535,0.113364,-0.0792218,-0.0302931,-0.0765666,2.7388,-0.109308,2.70375,-0.109037,-0.00886726,-0.00814037,0.047,0.0472408,0.0417825,3.79917,43.1035
5.1126e+07,0.477201,0.00530915,10.0086,0.0303587,0.0887171,0.0206385,0.0884178,2.72975,-0.109308,2.69068,-0.110466,-0.0852031,-0.0803725,0.047,0.0472414,0.0422022,3.79936,43.0771
5.1146e+07,0.474806,0.0318017,9.94213,0.183062,0.0429156,0.0963731,0.0432268,2.73418,-0.0482397,2.71338,-0.0490655,-0.0241344,-0.0261299,0.047,0.0472388,0.0416178,3.79946,43.0918
5.1166e+07,0.465262,0.00530915,9.9872,0.0304252,0.07345,-0.161275,0.0288228,2.66724,-0.0482397,2.61448,-0.00332541,-0.0546688,-0.0988608,0.047,0.0472384,0.0412989,3.79956,43.0682
5.11875e+07,0.48914,0.00771757,9.97532,0.0442746,0.0887171,-0.0733049,0.089266,2.80725,-0.15511,2.74047,-0.154788,0.0369343,0.0390765,0.047,0.0472372,0.0416237,3.79729,43.0771
5.1208e+07,0.436614,-0.0163666,10.0371,-0.093339,-0.430367,-0.199798,-0.434681,2.4908,-0.15511,2.60378,-0.166137,-0.360012,-0.365685,0.047,0.0472342,0.0411604,3.79741,43.0565
5.1229e+07,0.501088,-0.0260002,9.92777,-0.149863,0.28719,-0.368573,0.276176,2.88945,0.0433633,2.56908,0.0309482,-0.558486,-0.545029,0.046,0.0468693,0.0389129,3.7976,43.0829
5.125e+07,0.484355,0.0390269,9.99674,0.223418,0.119251,0.00484961,0.111841,2.77387,0.470844,2.55562,0.450314,-0.298944,-0.301637,0.046,0.0462521,0.0362816,3.79653,43.0741
5.127e+07,0.462885,-0.0332255,9.97527,-0.190634,-0.613573,-0.339121,-0.61405,2.65679,0.455577,2.44454,0.432107,-0.237875,-0.246882,0.046,0.0462149,0.036433,3.79677,43.0476
5.12902e+07,0.419907,-0.0452675,10.0228,-0.258546,-0.445634,-0.234732,-0.448599,2.399,0.104432,2.52525,0.0863141,0.0827358,0.0653934,0.047,0.0468077,0.0380861,3.79725,43.0947
5.13112e+07,0.672949,0.205207,10.2984,1.13911,0.226122,0.185921,0.220372,3.73795,-0.323049,3.35851,-0.338787,-0.940165,-0.927685,0.047,0.0471601,0.0413311,3.79459,43.0535
5.1332e+07,0.243187,0.0245765,10.099,0.139391,2.18032,-0.888779,2.15517,1.37943,-1.62076,1.45704,-1.61634,-1.84093,-1.66251,0.047,0.0472329,0.0427896,3.73889,43.0888
5.1353e+07,0.629982,0.152222,10.2888,0.846041,-1.56014,0.481747,-1.52338,3.50345,-2.36885,3.09641,-2.33067,-0.741692,-0.665033,0.047,0.0472476,0.0437641,3.68665,43.0859
5.1374e+07,0.331529,0.0558858,10.0966,0.316964,-0.14029,-0.442685,-0.108182,1.88064,-0.521522,2.34281,-0.485939,-0.711157,-0.68117,0.047,0.0472289,0.040507,3.63845,43.0859
5.13942e+07,2.42787,0.701341,11.0242,3.5552,-0.308229,1.99796,-0.288768,12.3958,2.13497,5.12426,2.08908,3.42625,3.27314,0.047,0.0471433,0.0393013,3.64533,43.1182
5.1415e+07,-1.57131,-0.926747,8.03585,-6.45743,2.6536,-2.64555,2.59334,-10.9928,-0.628392,-3.19326,-0.649742,-2.131,-1.83866,0.048,0.0478094,0.019787,3.60308,43.0271
5.1435e+07,1.44924,-0.669047,12.3001,-3.0921,0.317725,-0.280137,0.272015,6.70995,2.10443,3.99186,2.04753,4.95296,4.56119,0.048,0.047983,0.0193244,3.56447,43.0712
5.1495e+07,-1.49114,2.75813,18.9988,8.23518,13.02,20.9124,12.5008,-4.44137,1.29527,-11.3192,1.33075,-20.1005,-19.7011,0.048,0.0401462,-0.0485175,3.47651,43.0535
5.1515e+07,0.554386,-2.77882,1.7251,-56.8928,-8.43037,-31.3618,-8.3352,9.62011,-14.2162,-0.489298,-14.1092,7.99113,8.35368,0.048,0.0438102,-0.0801401,3.44954,43.0212
5.1535e+07,0.613104,0.739875,8.96259,4.7082,3.34063,-0.714666,3.33297,3.90011,8.45558,-0.0602053,8.48656,-9.23024,-9.13893,0.045,0.0431499,-0.120789,3.42544,43.0388
5.1555e+07,-2.13034,0.07997,12.2332,0.368991,1.76811,-3.32326,1.77561,-9.87845,-9.89557,-1.78391,-9.84554,-1.56612,-1.4649,0.045,0.0436728,-0.101522,3.40322,43.0182
5.1575e+07,0.775222,1.65748,9.24645,10.1279,-2.43037,4.59814,-2.41758,4.71762,13.0052,-0.0218375,12.8818,-2.25314,-2.25558,0.045,0.044221,-0.077767,3.38422,42.9565
5.15951e+07,0.508033,0.761551,10.8075,4.02626,-3.68228,3.4344,-3.67382,2.6847,10.9747,1.00064,10.7871,-7.67299,-7.52737,0.046,0.0451063,-0.0626573,3.36533,42.9771
5.1615e+07,-1.18228,-0.230715,13.9081,-0.946953,-2.3693,-1.05358,-2.36355,-4.85818,17.9976,-1.2355,17.7439,-5.33711,-5.29819,0.046,0.0455059,-0.0253157,3.35041,42.93
5.1635e+07,0.491969,-1.57943,10.8251,-8.29266,-8.4151,-3.25486,-8.29352,2.5749,17.7838,2.66587,17.7008,-6.32948,-6.35398,0.046,0.0457849,-0.00439602,3.33667,42.9065
5.1655e+07,-0.0812495,-1.08811,11.1517,-5.57278,1.75284,-3.06631,1.76586,-0.415469,5.75329,2.15768,5.83396,-7.74933,-7.71652,0.036,0.0384573,-0.00183928,3.32471,42.8771
5.1715e+07,-0.537923,1.05538,12.9837,4.64311,-22.5983,1.60044,-22.3703,-2.36466,-10.1093,-0.423095,-10.0763,-9.62719,-9.55761,0.036,0.0363433,0.0703311,3.29468,42.8094
5.1735e+07,0.295731,-0.0139582,12.3331,-0.0648269,-37.3006,-1.00031,-37.0267,1.37361,12.425,0.410539,12.267,-7.35238,-7.3665,0.036,0.0365738,0.100821,3.28617,42.7653
5.1815e+07,0.0877589,0.812128,11.0026,4.22134,22.0887,2.74542,21.9803,0.455752,9.52428,1.87772,9.48337,-7.48978,-7.53892,0.028,0.0291374,0.168246,3.25417,42.6888
5.1835e+07,-0.353718,-0.172913,11.5024,-0.860846,-10.7052,-0.541935,-10.5695,-1.76119,1.11207,-0.619706,1.08963,-8.37528,-8.37849,0.05,0.0423964,0.214203,3.24735,42.6741
5.1855e+07,0.4603,0.674848,9.9218,3.88691,-23.0258,-0.138762,-22.8895,2.65009,-1.42229,0.995141,-1.41335,-9.38291,-9.34357,0.05,0.0506493,0.241654,3.24019,42.6476
5.1875e+07,0.880636,0.400289,9.51263,2.39932,-10.3846,0.478694,-10.3756,5.28446,-1.69709,2.22671,-1.69059,-8.84856,-8.80502,0.05,0.0515189,0.232029,3.23289,42.6594
5.1895e+07,-1.16065,-0.758158,11.5045,-3.7514,0.0581827,-2.50138,0.113838,-5.74847,5.53955,-1.08227,5.45807,-7.03177,-7.06776,0.065,0.0604968,0.248338,3.22654,42.6212
5.1915e+07,-0.451523,-0.517317,10.6923,-2.76747,7.84444,-1.89665,7.88284,-2.41527,17.5548,-1.08127,17.3686,-7.58139,-7.51363,0.065,0.0661051,0.257164,3.22076,42.5918
5.1935e+07,1.01477,-1.09534,8.30164,-7.46141,13.5544,-3.64655,13.419,6.90982,16.3029,3.17402,16.1814,-7.62719,-7.64221,0.065,0.0665585,0.242088,3.21468,42.5741
5.1955e+07,1.15825,-1.82749,8.17451,-12.4811,3.89024,-5.20238,3.93887,7.87274,6.0281,3.838,5.96494,-8.65009,-8.62817,0.091,0.0819909,0.27416,3.20958,42.5653
5.1975e+07,-0.585631,0.879563,9.83281,5.10261,5.92078,-0.493914,5.78694,-3.39492,-13.8956,0.0535995,-13.6945,-7.8562,-7.8845,0.091,0.0915548,0.274361,3.20414,42.5359
5.1995e+07,-0.181694,-0.529359,10.3692,-2.92204,-4.72044,-3.73732,-4.65344,-1.00256,-18.0635,1.14475,-17.9071,-7.61192,-7.67457,0.091,0.0924746,0.254442,3.19915,42.5124
5.2015e+07,0.241047,-0.864128,9.90528,-4.98434,-4.33876,-2.4692,-4.23745,1.38875,-16.3689,0.621283,-16.2963,-6.83329,-6.74797,0.109,0.103397,0.263567,3.1939,42.5124
5.2035e+07,-0.172459,0.609821,9.10789,3.82985,3.5849,-0.448043,3.46372,-1.08235,-6.39938,0.298565,-6.35135,-5.59665,-5.68464,0.109,0.10991,0.25536,3.18924,42.4712
5.2055e+07,-0.846041,1.36606,10.4392,7.43118,6.77574,1.02801,6.62206,-4.59437,3.52428,-1.93472,3.52129,-5.07757,-5.1118,0.109,0.110428,0.234795,3.18482,42.4829
5.2075e+07,0.678313,-1.9142,8.62351,-12.4779,-1.05632,-4.57586,-0.920255,4.3911,14.1044,3.39939,13.9374,-6.29894,-6.23114,0.131,0.123358,0.248244,3.18071,42.4241
5.2095e+07,0.00727868,-1.72875,8.86893,-11.0299,-5.40747,-4.45744,-5.22574,0.0461536,4.88306,1.48092,4.85952,-5.97833,-6.03531,0.131,0.131505,0.246395,3.17655,42.4124
5.21153e+07,2.90538,0.910873,13.4339,3.79155,-5.37693,0.390909,-5.36851,12.1764,-11.9566,9.55092,-11.8886,-7.12337,-7.09744,0.131,0.130913,0.241484,3.17327,42.4094
5.2136e+07,7.68101,1.1204,18.993,3.13026,-22.9342,3.32903,-22.7507,21.9845,-25.6971,19.2857,-25.6474,-11.9783,-11.8511,0.136,0.130142,0.331981,3.17016,42.3859
5.2216e+07,0.610903,0.0679279,8.99238,0.431806,34.5925,-1.05568,34.3078,3.88634,20.4708,5.487,20.2819,-7.12337,-7.0981,0.17,0.170024,0.437055,3.15448,42.3859
5.2237e+07,-0.281966,-0.591977,9.33635,-3.62637,21.1269,-1.84968,21.004,-1.72639,19.0205,0.445731,18.8601,-5.21497,-5.26282,0.17,0.172336,0.390085,3.1513,42.3124
5.2258e+07,1.1485,-1.12424,7.58208,-8.34033,-9.97235,-3.57396,-9.77361,8.52164,10.3945,2.94204,10.3031,-7.79513,-7.72977,0.202,0.191149,0.388754,3.14759,42.3212
5.2278e+07,-1.59069,0.092012,11.0457,0.472399,-26.98,-2.44268,-26.6936,-8.19459,-9.75816,-2.26645,-9.66221,-5.53558,-5.61298,0.202,0.202772,0.379455,3.14475,42.3035
5.2298e+07,-0.196079,-0.319827,9.79969,-1.86889,-21.0105,-1.93899,-20.8447,-1.14565,-12.1856,-1.04704,-12.1593,-7.07757,-7.02771,0.202,0.204014,0.33507,3.14095,42.2918
5.23181e+07,0.969418,-1.15314,7.47773,-8.69487,-3.40747,-6.78886,-3.45716,7.30131,-6.75053,3.91294,-6.77627,-6.81803,-6.79035,0.232,0.220948,0.331017,3.13709,42.28
5.2338e+07,0.298055,0.214841,8.33285,1.47595,15.4933,-0.471429,15.307,2.04784,-2.36885,1.18444,-2.34023,-6.36001,-6.36609,0.232,0.232802,0.322252,3.13477,42.2506
5.24182e+07,1.46568,0.328037,10.3644,1.79498,-16.4304,0.325709,-16.3282,8.04514,-10.6437,8.61364,-10.5578,-7.9936,-8.04392,0.253,0.252289,0.239679,3.13148,42.1771
5.2439e+07,3.01027,1.5491,11.7112,7.30046,-17.9265,3.29235,-17.8872,14.296,-25.4376,13.2474,-25.2898,-9.64246,-9.57533,0.275,0.261586,0.270242,3.13012,42.1653
5.2459e+07,2.99636,0.0438438,10.5359,0.229334,-12.7662,0.95696,-12.7021,15.8754,-26.3689,14.4004,-26.2957,-10.1768,-10.0966,0.275,0.267669,0.276784,3.12815,42.18
5.2479e+07,1.64255,-0.276475,8.43062,-1.84365,5.93605,-0.0526933,5.82238,11.0191,-19.7429,10.8569,-19.6441,-8.42108,-8.41834,0.275,0.271371,0.263641,3.12687,42.1065
5.2499e+07,0.0807594,0.222066,9.3872,1.3551,17.7834,0.437067,17.5638,0.492773,-1.80396,3.47943,-1.86493,-6.42108,-6.50843,0.284,0.28035,0.270737,3.12523,42.1329
5.2519e+07,1.08109,0.865113,9.4586,5.19229,16.8826,1.37826,16.7078,6.49355,18.6999,4.94988,18.4528,-8.25314,-8.20912,0.284,0.28405,0.254478,3.12198,42.1035
5.2539e+07,1.80052,-1.64686,7.41923,-12.1728,2.40933,-8.19427,2.40232,13.3286,23.7228,8.10572,23.4722,-8.14627,-8.09618,0.284,0.282555,0.206852,3.12059,42.1065
5.2559e+07,1.10525,-0.156055,8.73517,-1.01539,-5.20899,-0.779552,-5.12034,7.21009,13.5853,4.17113,13.4211,-8.23787,-8.13173,0.311,0.300475,0.231894,3.11918,42.0712
5.2579e+07,1.61662,-1.51681,6.8118,-12.2245,-9.63647,-3.55629,-9.52341,13.0427,-5.30015,7.70041,-5.26877,-7.35238,-7.38104,0.311,0.309495,0.216982,3.11793,42.0447
5.2599e+07,0.663712,-0.929155,8.72482,-6.06146,-9.60594,-2.37421,-9.46059,4.32585,-17.865,2.4548,-17.7646,-8.54322,-8.39036,0.311,0.311638,0.190861,3.11657,42.0329
5.26191e+07,0.508445,-0.719623,7.9869,-5.13813,-0.4151,-1.92539,-0.466816,3.62787,-19.7124,2.88091,-19.5563,-6.83329,-6.86055,0.327,0.321369,0.188936,3.11367,42.03
5.2639e+07,0.095446,-1.07125,8.54939,-7.14159,0.455129,-2.67956,0.468487,0.634665,-7.01007,1.5992,-6.96038,-6.22261,-6.26107,0.327,0.327135,0.175779,3.11185,42.0153
5.2659e+07,0.519743,1.58523,9.61693,9.3469,7.27956,2.23343,7.10982,3.0524,10.3487,3.23517,10.2325,-7.50505,-7.5037,0.327,0.325963,0.128699,3.11079,41.9859
5.2679e+07,1.1909,0.944591,9.00753,5.93527,7.90551,0.998633,7.73401,7.49091,16.196,4.39509,16.0552,-7.07757,-7.08516,0.341,0.331624,0.122837,3.11021,41.9918
5.2699e+07,0.587109,-0.235532,8.81147,-1.52778,1.6765,-0.419087,1.67589,3.81063,6.15023,5.00482,6.14445,-7.24551,-7.24226,0.341,0.339498,0.122556,3.10958,41.9918
5.2719e+07,0.0761042,-0.211448,11.756,-1.03041,-2.93418,-0.907328,-2.86939,0.370848,-14.0635,3.15233,-13.8747,-8.0394,-8.07049,0.341,0.340502,0.121323,3.10804,41.9418
5.274e+07,0.704079,-0.115112,11.7556,-0.560022,-8.93418,-1.60701,-8.79553,3.42736,-26.4299,7.18637,-26.245,-8.32948,-8.40704,0.35,0.341328,0.112785,3.1076,41.93
5.276e+07,2.51169,-0.180139,8.65557,-1.14504,-3.28533,-0.651474,-3.28756,16.1785,-23.6666,12.7363,-23.5887,-9.38291,-9.35235,0.35,0.343915,0.0991977,3.10743,41.9329
5.2781e+07,1.03568,1.01443,9.49924,6.05994,-4.5525,2.04054,-4.62539,6.18732,-13.1627,7.19787,-13.1168,-8.54322,-8.5337,0.35,0.346866,0.103147,3.10786,41.9329
5.2802e+07,-0.306215,0.739875,10.9815,3.85298,-3.54487,0.251953,-3.54359,-1.59365,4.51665,3.54214,4.47776,-7.81039,-7.9099,0.336,0.339782,0.0725153,3.10759,41.8624
5.2822e+07,0.178757,-0.124745,11.2931,-0.632794,-0.262428,-2.63473,-0.226761,0.9068,15.3716,3.27001,15.2331,-8.84856,-8.84321,0.336,0.335221,0.0525201,3.10785,41.8565
5.2842e+07,0.462861,0.051069,8.50101,0.343686,12.3025,0.468468,12.1433,3.1165,9.86016,3.54052,9.80642,-7.77986,-7.8007,0.336,0.335512,0.0415146,3.10834,41.8535
5.2862e+07,-0.451822,0.556836,9.96514,3.19499,10.8521,0.209432,10.7217,-2.59199,-2.56732,0.919035,-2.48012,-7.55085,-7.60975,0.364,0.352501,0.0862305,3.10915,41.8271
5.2882e+07,0.950344,-1.2567,8.77865,-8.10008,-1.17846,-3.71621,-1.06827,6.11669,-8.10931,3.41723,-8.09443,-8.06994,-8.05036,0.364,0.362825,0.101096,3.10958,41.8006
5.2902e+07,-0.454427,1.33716,11.1345,6.84231,-2.58304,4.68114,-2.53786,-2.32043,-13.9414,-0.74578,-13.8268,-6.28368,-6.40001,0.364,0.363803,0.10222,3.1099,41.8212
5.2942e+07,-0.189095,0.32322,9.48257,1.95182,-2.21663,-0.727294,-2.28141,-1.14174,6.94413,0.472567,6.9065,-7.84093,-7.7942,0.379,0.37874,0.126967,3.10919,41.7859
5.2962e+07,0.899446,1.45517,9.65676,8.53302,13.3406,2.29309,13.0612,5.2622,8.76092,3.25812,8.70943,-7.09284,-7.07343,0.379,0.378838,0.113881,3.10894,41.7506
5.2982e+07,-0.489593,-1.00622,9.52343,-6.02347,8.21085,-3.70634,8.27258,-2.92668,3.99756,2.34322,3.95692,-6.86383,-6.91142,0.384,0.38101,0.0983221,3.10921,41.7741
5.3002e+07,-0.482585,-0.445064,10.4788,-2.42949,6.91314,-2.05221,6.95765,-2.63445,-6.15511,0.0904897,-6.08387,-7.29131,-7.32124,0.384,0.383864,0.0946793,3.1093,41.7712
5.3022e+07,0.811495,0.0197596,8.17776,0.137765,1.21849,-0.895943,1.19795,5.667,-8.50626,2.89185,-8.4415,-7.21497,-7.20946,0.384,0.383756,0.0781561,3.10896,41.7447
5.3142e+07,0.684733,0.761551,9.81491,4.42605,4.562,1.05145,4.45205,3.97883,-6.30778,4.15899,-6.25958,-10.2226,-10.179,0.398,0.396923,0.079279,3.10977,41.6741
5.3162e+07,1.31803,-1.11219,9.58818,-6.55543,-4.2777,-1.48614,-4.25414,7.77557,-1.8345,4.12229,-1.86873,-8.65009,-8.62307,0.406,0.402127,0.093148,3.11042,41.6682
5.3182e+07,0.682533,0.0871952,9.0612,0.549778,-0.369298,0.259341,-0.463337,4.30746,0.501379,3.29227,0.489774,-8.37528,-8.36837,0.406,0.405596,0.0976005,3.11045,41.63
5.3202e+07,1.31574,-1.44696,9.8678,-8.26994,0.821542,-3.42081,0.856555,7.51538,3.06626,3.84606,3.00659,-7.65772,-7.6665,0.406,0.405745,0.0933055,3.11023,41.6241
5.3222e+07,0.384364,-1.03272,9.37068,-6.28379,8.76047,-3.03543,8.7129,2.3347,2.28764,2.55981,2.25378,-5.59665,-5.69698,0.409,0.40762,0.0958146,3.11077,41.6241
5.3242e+07,0.995488,-0.447473,9.89105,-2.5773,5.23376,-1.89727,5.21542,5.74137,3.38687,3.6184,3.3368,-8.37528,-8.28894,0.409,0.408716,0.0943478,3.10901,41.5771
5.3263e+07,0.126536,-1.24466,9.29934,-7.62267,-2.96472,-3.17474,-2.82933,0.772686,1.02046,2.40458,0.994931,-7.47452,-7.48143,0.409,0.408756,0.0884065,3.10928,41.5947
5.33433e+07,0.613616,-1.10256,9.50808,-6.60089,12.3941,-1.19443,12.2842,3.66802,0.302905,2.78176,0.269893,-6.9707,-6.94767,0.425,0.401607,0.0743724,3.10925,41.5359
5.3364e+07,0.536743,0.559244,11.3034,2.82927,8.5162,-0.363863,8.38421,2.71535,4.0281,2.46124,3.99231,-7.58139,-7.60923,0.425,0.422755,0.143174,3.11111,41.5212
5.3444e+07,0.288629,-0.237941,9.44089,-1.44306,2.24139,-1.49822,2.18943,1.75056,-5.02534,2.01253,-4.98062,-6.9707,-6.9872,0.429,0.429399,0.141588,3.11296,41.5006
5.3464e+07,0.950427,-1.55293,9.14381,-9.58814,0.348259,-4.52194,0.390286,5.85094,0.226569,3.41048,0.165027,-7.29131,-7.24749,0.436,0.431389,0.135105,3.11336,41.4682
5.3484e+07,-0.0099397,0.0823784,10.0756,0.468442,2.50093,0.113135,2.47033,-0.0565212,0.944127,1.04374,0.932079,-7.16917,-7.18231,0.436,0.436171,0.151015,3.11375,41.4918
5.3504e+07,-0.0859134,-1.49032,9.7811,-8.66302,-5.40747,-4.64096,-5.22545,-0.497509,6.2571,1.71618,6.18138,-7.64246,-7.61928,0.436,0.435934,0.14251,3.11378,41.4653
5.3524e+07,1.22249,-1.02549,9.91842,-5.85897,3.38643,-2.73354,3.38742,6.98966,3.69222,5.44763,3.64054,-7.0165,-7.04735,0.445,0.438631,0.143481,3.11406,41.4888
5.3667e+07,0.539464,-0.637737,9.79617,-3.71912,3.26429,-2.83654,3.25978,3.14538,5.40214,3.05826,5.37453,-7.23024,-7.18075,0.46,0.459835,0.160086,3.11236,41.4182
5.3687e+07,1.41813,-0.413755,8.92443,-2.6216,7.60017,-1.36813,7.50173,9.0195,-0.277247,5.29634,-0.301188,-7.68826,-7.69257,0.46,0.459676,0.144271,3.11305,41.3682
5.3707e+07,1.41341,-0.632921,7.82719,-4.54971,3.87498,-2.18317,3.80667,10.2034,-4.15511,6.25318,-4.16139,-7.9478,-7.90812,0.468,0.463792,0.138997,3.11329,41.3565
5.3727e+07,0.443771,0.00771757,10.6235,0.0415868,-4.82731,-1.85512,-4.75191,2.392,-5.34595,2.87849,-5.33622,-7.73406,-7.73504,0.468,0.467003,0.134813,3.1125,41.3741
5.3747e+07,0.204827,0.58092,9.55624,3.47791,0.699404,2.46087,0.707351,1.22562,-7.49862,2.15586,-7.45797,-8.10047,-8.06328,0.468,0.467857,0.124486,3.11073,41.3182
5.3767e+07,1.16679,1.7779,10.3598,9.67794,1.43223,2.41482,1.28317,6.33414,0.486112,4.81391,0.471145,-7.0623,-7.04359,0.466,0.465601,0.104955,3.11134,41.3153
5.3787e+07,0.0621133,-1.42047,9.67424,-8.3529,-5.81968,-5.9237,-5.78152,0.363959,6.59298,2.63544,6.52198,-7.12337,-7.11009,0.466,0.46416,0.088142,3.11132,41.3712
5.3807e+07,1.27732,-0.681089,9.62689,-4.01181,8.48566,-1.45599,8.39342,7.53936,2.85252,4.73961,2.81385,-7.53558,-7.5328,0.466,0.465195,0.0828125,3.11164,41.3124
5.3827e+07,-0.358736,0.701341,10.5636,3.79624,9.60017,-1.21509,9.54594,-1.94073,-3.07114,2.17148,-3.01787,-7.24551,-7.22296,0.466,0.464402,0.0709877,3.11186,41.3094
5.3847e+07,0.677717,0.2317,10.5881,1.25105,6.77574,-1.15929,6.72948,3.6615,-3.22381,3.10057,-3.21734,-6.68062,-6.64306,0.466,0.465158,0.0666165,3.11199,41.28
5.3867e+07,0.00913021,0.200391,9.92381,1.15681,3.00475,-0.354798,2.95504,0.0527032,-6.53679,2.13315,-6.47263,-6.77223,-6.83649,0.466,0.465342,0.0557831,3.11202,41.28
5.3887e+07,0.911494,1.0626,10.791,5.60402,-2.21663,0.660875,-2.28139,4.80507,-2.42992,3.27057,-2.43419,-9.32184,-9.19552,0.479,0.469977,0.073075,3.11214,41.2418
5.3927e+07,0.930698,0.698932,9.53681,4.17184,4.54673,0.584029,4.38416,5.55903,2.19604,3.75431,2.15699,-8.05467,-8.01055,0.479,0.478073,0.0918295,3.11267,41.2329
5.39472e+07,0.582511,-0.87617,10.0071,-4.99537,-0.0181532,-1.98608,0.0218005,3.31876,4.18077,2.70345,4.11629,-6.78749,-6.74613,0.49,0.482879,0.100723,3.11284,41.2506
5.3967e+07,1.37766,-0.868945,8.27557,-5.91337,4.57727,-2.1105,4.50733,9.40078,4.95939,5.15557,4.87729,-7.36765,-7.32775,0.49,0.488566,0.103322,3.11326,41.2535
5.3987e+07,0.446007,0.554428,10.1519,3.12299,1.27956,-0.581007,1.25998,2.51183,0.913592,2.95479,0.900072,-7.82566,-7.73643,0.49,0.489017,0.0891378,3.11331,41.2359
5.4007e+07,-0.0838677,-0.259616,9.2275,-1.61153,3.5849,-1.18961,3.56773,-0.520534,-4.32305,1.11235,-4.28699,-7.16917,-7.11829,0.481,0.486559,0.0650344,3.11336,41.1947
5.4027e+07,0.605954,0.689299,9.59643,4.10028,8.5162,1.4469,8.34804,3.60381,-4.84213,3.19889,-4.81243,-7.35238,-7.3817,0.481,0.481115,0.0357086,3.11291,41.2182
5.4047e+07,0.0286119,-1.16277,9.88124,-6.71137,-5.16319,-4.24512,-5.07926,0.164767,-4.06351,0.963256,-4.0524,-7.36765,-7.38557,0.481,0.480191,0.0271168,3.1129,41.2182
5.4067e+07,0.99793,-0.640146,9.99283,-3.64729,-1.46853,-2.31181,-1.44424,5.69132,-0.613125,4.28552,-0.659297,-7.48978,-7.52231,0.505,0.488589,0.0501131,3.11255,41.2035
5.4107e+07,1.02183,-0.734074,10.204,-4.09436,-1.51434,-3.61594,-1.48162,5.70394,2.80672,4.52677,2.73771,-8.0852,-8.03984,0.505,0.503057,0.0812394,3.11205,41.1535
5.4127e+07,0.359951,0.889197,9.89374,5.13227,11.2643,1.08026,11.1054,2.07524,-2.79633,3.39916,-2.7686,-9.41345,-9.34765,0.509,0.505317,0.0782289,3.11149,41.1476
5.4147e+07,1.10963,1.24805,9.96965,7.09211,13.0353,1.3783,12.8367,6.30216,-2.88793,4.84598,-2.87345,-7.91726,-7.87246,0.509,0.506735,0.0668728,3.11121,41.1506
5.4167e+07,0.195735,-1.07125,9.29244,-6.5747,-0.796779,-2.02033,-0.690849,1.19876,-2.64366,3.00533,-2.65274,-7.64246,-7.67514,0.509,0.507785,0.063537,3.11052,41.1359
5.4187e+07,0.536728,0.612229,9.85041,3.55126,-1.3922,1.90863,-1.4377,3.11285,-2.23145,3.00712,-2.22266,-7.44398,-7.46338,0.472,0.4948,0.0151523,3.10979,41.13
5.4207e+07,-0.0405665,-1.41084,9.6696,-8.30107,-12.5067,-4.93325,-12.2962,-0.237851,1.61588,2.2589,1.5619,-7.47452,-7.41699,0.472,0.472659,-0.0543921,3.10942,41.08
5.4227e+07,0.233872,-0.825594,10.1903,-4.63066,-4.15556,-2.24861,-4.03813,1.31045,5.02046,1.98657,4.94268,-7.70352,-7.69782,0.472,0.471113,-0.0537751,3.10959,41.1094
5.4247e+07,-0.556902,0.612229,10.6087,3.29834,4.74521,-0.224382,4.67808,-2.99998,2.44031,0.183778,2.43997,-7.36765,-7.35051,0.523,0.489662,0.0104192,3.10999,41.0947
5.4267e+07,0.494125,-0.746116,9.10276,-4.67897,12.3483,-0.810117,12.1901,3.09677,1.03573,2.33187,1.03677,-8.22261,-8.25675,0.523,0.519472,0.0971573,3.11055,41.0418
5.42872e+07,-0.217956,1.06742,10.037,6.06909,10.4704,1.84391,10.3369,-1.23702,-1.07114,0.829276,-1.0562,-6.84856,-6.9114,0.523,0.522819,0.1003,3.10939,41.1094
5.4308e+07,0.826363,-1.92624,8.35507,-12.9216,-1.19373,-9.23423,-1.17828,5.50501,2.18077,3.6056,2.13374,-7.93253,-7.90986,0.521,0.518834,0.0660349,3.10913,41.0859
5.4329e+07,-0.140909,-1.22057,8.84851,-7.8529,-4.09449,-3.49883,-4.00133,-0.903777,0.608249,1.20671,0.591559,-7.0623,-7.08572,0.521,0.520113,0.0576602,3.10889,41.0771
5.439e+07,-0.343887,-1.17722,9.73671,-6.88966,0.0123812,-3.45918,0.109694,-2.00815,0.867791,0.0825871,0.855903,-7.81039,-7.80708,0.529,0.528238,0.0469283,3.10859,41.0241
5.441e+07,-0.883696,-0.611245,9.98501,-3.48946,-2.87312,-2.62215,-2.73547,-5.04823,0.730386,-1.61441,0.730814,-7.15391,-7.21342,0.529,0.528558,0.037706,3.10795,41.0035
5.443e+07,0.78532,-0.307785,7.83537,-2.2383,2.95895,-1.99049,2.85344,5.71911,2.73039,3.06007,2.69871,-7.88673,-7.91142,0.529,0.528311,0.0210503,3.1081,40.9888
5.445e+07,0.142887,0.0631111,8.54167,0.423269,0.226122,-1.09696,0.175097,0.958344,0.913592,1.80203,0.914717,-8.10047,-8.12751,0.529,0.52832,0.0050526,3.10774,40.9653
5.447e+07,0.778331,-0.936381,9.89995,-5.38669,-2.01815,-2.97305,-1.9551,4.47543,1.60062,3.14548,1.55927,-8.86383,-8.79528,0.529,0.527976,-0.00683191,3.1079,40.9682
5.449e+07,-0.105641,0.759143,9.70875,4.47069,9.06582,-2.8818,1.62573,-0.621517,-1.68183,2.75197,-0.685501,-7.42871,-7.99885,0.529,0.528036,-0.00981661,3.10772,40.9594
5.4511e+07,0.393238,1.4046,10.3124,7.75066,9.61543,1.5407,9.45279,2.16381,-1.36122,2.33083,-1.34785,-8.9707,-8.87558,0.528,0.526754,-0.0157462,3.10729,40.9565
5.4531e+07,0.809554,-1.58906,9.20798,-9.75444,0.531465,-6.78075,0.528841,4.95163,-0.903202,4.34753,-0.909396,-8.51268,-8.51851,0.528,0.524238,-0.0302484,3.1068,40.9241
5.4551e+07,1.00263,-0.380037,9.6846,-2.23528,2.07345,-0.791418,2.05717,5.90619,-4.41465,6.23018,-4.40463,-9.97833,-9.99722,0.521,0.522349,-0.0352892,3.10701,40.9418
5.4571e+07,1.30598,-0.714807,9.69804,-4.17786,-5.49907,-2.88074,-5.41568,7.64907,-8.07877,6.71259,-8.03755,-9.0165,-9.0056,0.521,0.517269,-0.0518424,3.10687,40.9329
5.4591e+07,-0.0311611,-0.885804,10.1595,-4.98297,-5.5296,-2.16267,-5.42714,-0.175072,-7.13221,2.23022,-7.09755,-7.36765,-7.46298,0.521,0.519127,-0.0385989,3.1064,40.9065
5.4611e+07,0.847313,0.0173512,9.70436,0.102055,-0.583039,-1.0469,-0.605548,4.98998,1.72275,3.1506,1.69751,-9.79513,-9.759,0.521,0.519987,-0.0301026,3.10714,40.8947
5.46711e+07,0.126201,-0.0404507,9.61704,-0.240972,1.41696,-0.900931,1.46291,0.751824,0.257104,2.54673,0.296094,-9.50505,-9.51136,0.515,0.51752,-0.0459223,3.10621,40.88
5.4692e+07,0.569933,1.42146,9.97276,8.09891,3.4475,3.12471,3.32941,3.23818,-6.91847,2.57657,-6.87577,-10.1615,-10.0813,0.515,0.513773,-0.0550544,3.10662,40.8624
5.4712e+07,0.131248,-1.01345,9.82204,-5.89048,-7.56014,-3.70262,-7.52103,0.76153,-10.8116,1.74642,-10.7222,-8.05467,-8.11743,0.515,0.513543,-0.0535768,3.107,40.8859
5.4733e+07,0.443423,1.26009,10.7561,6.6762,0.897877,1.85511,0.737439,2.34468,-7.55969,2.28491,-7.52965,-10.5585,-10.5388,0.501,0.508647,-0.0591413,3.1072,40.8359
5.4754e+07,1.39906,-0.52695,9.38961,-3.1771,-2.2777,-3.01095,-2.29608,8.46162,4.1197,6.29505,4.03639,-10.3295,-10.3628,0.501,0.4988,-0.084154,3.10739,40.88
5.4774e+07,0.348388,-0.461923,9.56869,-2.76195,7.46276,-0.422336,7.40678,2.08274,9.84489,3.70212,9.72884,-8.80276,-8.87782,0.501,0.498943,-0.0758906,3.10808,40.8388
5.4794e+07,1.34436,-1.35304,9.77534,-7.80785,4.10398,-4.89266,4.06995,7.75751,12.0128,6.10234,11.8942,-9.12337,-9.11747,0.506,0.500799,-0.0640845,3.1089,40.8388
5.4814e+07,0.462783,0.332853,9.94974,1.91396,6.42459,1.56495,6.34467,2.66154,2.59298,3.96882,2.59159,-10.7417,-10.7809,0.506,0.503639,-0.0441789,3.11001,40.8094
5.4834e+07,1.82661,-1.00382,8.87802,-6.31963,-1.49907,-0.806426,-1.47428,11.5545,-4.50626,6.64596,-4.49982,-11.4745,-11.3939,0.506,0.503198,-0.0410205,3.10981,40.8212
5.4854e+07,0.345717,0.556836,9.46349,3.36519,-2.12502,1.42433,-2.17752,2.08857,-11.1322,3.10002,-11.0452,-10.8486,-10.8314,0.489,0.494231,-0.0639697,3.11021,40.8153
5.48744e+07,0.952367,0.0582943,9.75419,0.340794,-0.0181532,0.0137611,-0.111317,5.57639,-8.00244,3.62941,-7.97411,-10.5432,-10.4764,0.489,0.487714,-0.0830339,3.12375,40.7682
5.4895e+07,0.111933,-0.252391,10.0559,-1.43766,-5.98762,-1.24858,-5.93187,0.637535,-0.689461,1.70783,-0.710052,-9.36765,-9.43894,0.489,0.487954,-0.0777618,3.12345,40.7565
5.50952e+07,0.673033,-0.0982526,9.80642,-0.572693,7.55437,0.508431,7.46061,3.92596,5.86016,2.17902,5.78713,-8.77223,-8.78542,0.48,0.478851,-0.0239022,3.11928,40.6712
5.5115e+07,0.331496,0.173898,9.7193,1.02443,-5.77388,-0.62018,-5.72044,1.95312,4.15023,2.05789,4.12753,-10.5127,-10.4362,0.48,0.479212,-0.0196089,3.11937,40.6712
5.5135e+07,0.904444,0.655581,9.79555,3.81272,-3.63647,2.24113,-3.71918,5.26357,0.501379,2.0887,0.488624,-10.0394,-9.9949,0.48,0.479356,-0.00610793,3.11946,40.6653
5.5155e+07,-0.110106,-0.36077,10.5712,-1.95451,-12.2777,-1.81382,-12.1415,-0.596405,-3.26961,1.6107,-3.22128,-9.30658,-9.33094,0.489,0.482673,0.0117816,3.1187,40.6771
5.5175e+07,0.601279,0.328037,9.69082,1.93502,2.88261,1.34638,2.75248,3.54841,-2.20091,2.9456,-2.20711,-9.52032,-9.49912,0.489,0.487843,0.0398028,3.11831,40.68
5.5195e+07,-0.411233,0.571286,11.3113,2.8894,1.64597,-0.302577,1.66518,-2.07947,-2.88793,1.3406,-2.85897,-10.528,-10.5076,0.489,0.488318,0.048278,3.11811,40.6888
5.5215e+07,0.844734,0.703749,9.56538,4.19156,10.5773,1.58692,10.3973,5.03326,-1.62076,3.9583,-1.59835,-10.2989,-10.3213,0.499,0.491699,0.0548746,3.11742,40.6476
5.5235e+07,-0.277699,1.23601,11.1508,6.32317,1.60017,1.35153,1.5844,-1.41791,1.61588,2.46257,1.57871,-9.1539,-9.20505,0.499,0.496997,0.0682492,3.11743,40.6682
5.5255e+07,0.785188,0.164264,9.21556,1.01749,2.16505,0.88895,2.05463,4.86921,-0.429919,3.25923,-0.389255,-9.74933,-9.77429,0.499,0.498486,0.0701704,3.1172,40.6329
5.5275e+07,-0.301328,0.340079,11.0426,1.76333,-6.30823,-1.10748,-6.2836,-1.56235,-1.60549,1.82063,-1.54905,-8.95543,-9.04757,0.492,0.495766,0.0625603,3.11655,40.6653
5.5295e+07,1.43947,0.123321,8.59288,0.810931,0.439862,0.597422,0.373313,9.50885,3.051,5.92542,2.97047,-10.8333,-10.7568,0.492,0.490849,0.0377247,3.11644,40.6388
5.5335e+07,0.957297,-0.498049,9.9931,-2.84024,2.07345,-0.52609,2.072,5.46526,-0.597858,3.99723,-0.639689,-10.0089,-10.0358,0.496,0.492633,0.036116,3.1164,40.63
5.5355e+07,1.48479,0.29191,9.26027,1.78277,8.6994,1.01868,8.50591,9.10482,1.70749,5.18231,1.65736,-11.0012,-10.8956,0.496,0.494333,0.0362901,3.11613,40.6271
5.5375e+07,-0.0980494,-0.782242,9.83448,-4.54755,-5.62121,-2.24689,-5.44754,-0.56942,1.98229,1.7723,1.95079,-8.77223,-8.80692,0.496,0.495109,0.0368569,3.11588,40.6418
5.5495e+07,1.0547,1.30344,10.986,6.73563,-0.476168,2.49937,-0.553232,5.44587,-1.75816,5.162,-1.79646,-11.215,-11.1966,0.5,0.49749,0.0455336,3.11162,40.5653
5.5515e+07,0.556093,-0.32946,9.00128,-2.09219,-1.71281,-0.552541,-1.71212,3.53284,1.67695,4.11225,1.65168,-10.528,-10.5535,0.498,0.498059,0.0462931,3.11133,40.6065
5.5535e+07,-0.561883,1.3492,10.4865,7.3211,0.271923,1.87316,0.213228,-3.04205,2.95939,0.679824,2.94911,-10.0852,-10.094,0.498,0.497367,0.0444008,3.11132,40.5859
5.5555e+07,1.60925,-0.746116,8.66494,-4.83911,5.64597,-1.54105,5.55867,10.4831,6.57771,5.43209,6.51016,-10.4211,-10.4335,0.498,0.496766,0.0370177,3.11062,40.6094
5.5575e+07,0.758974,-0.0235918,9.1393,-0.147393,8.97421,-0.48876,8.80614,4.74722,2.54718,3.87084,2.57089,-11.1844,-11.1438,0.499,0.497665,0.0415234,3.11064,40.5976
5.5696e+07,0.278782,0.826578,10.2119,4.62589,11.2185,2.71664,11.1191,1.55868,3.95176,2.58647,3.9291,-8.34474,-8.34305,0.501,0.500249,0.0115129,3.1061,40.6035
5.5716e+07,0.57002,1.11077,10.288,6.15283,7.4475,0.726016,7.26086,3.153,5.72275,2.18216,5.66765,-8.68062,-8.66307,0.499,0.49808,0.00388452,3.10601,40.5947
5.5736e+07,-0.131416,-1.00863,9.29757,-6.19082,-3.97235,-4.52279,-3.92114,-0.805069,2.56245,0.529357,2.54849,-7.81039,-7.79936,0.499,0.497996,0.00108659,3.10558,40.6035
5.5756e+07,0.565469,0.301544,9.71456,1.77491,-0.0334203,0.764881,-0.117058,3.32974,1.0968,2.56832,1.09053,-10.2989,-10.325,0.499,0.498481,-0.00355264,3.10636,40.5506
5.5776e+07,-0.46819,-0.690722,9.48118,-4.16169,-10.5525,-3.35047,-10.3478,-2.81956,0.241837,1.90575,0.224169,-9.35238,-9.33964,0.496,0.494226,-0.026793,3.10684,40.5859
5.5796e+07,0.236261,-0.828002,9.91009,-4.7747,-6.04869,-1.66072,-5.92051,1.36096,-0.826866,1.94583,-0.837475,-8.57375,-8.61674,0.496,0.49511,-0.0228942,3.10579,40.5741
5.5816e+07,-0.251166,0.27746,10.1212,1.56981,-2.18609,-0.585057,-2.18249,-1.42101,-2.06351,0.354944,-2.02999,-9.67299,-9.67435,0.496,0.495496,-0.0169836,3.10638,40.5653
5.5917e+07,0.789756,0.913281,11.8688,4.39047,-4.76624,0.612414,-4.76927,3.7957,-8.44519,5.36695,-8.39901,-12.0547,-11.9888,0.493,0.489412,0.0166839,3.10496,40.5329
5.5938e+07,1.34186,-0.926747,9.66206,-5.42706,2.02765,3.01947,5.68496,7.87095,1.12733,1.99189,-3.57668,-10.9554,-9.38049,0.493,0.490707,0.0187337,3.10543,40.5329
5.5959e+07,0.331483,0.222066,9.46534,1.34315,8.4704,0.0367235,8.32485,2.00517,5.2342,2.04211,5.2163,-10.4516,-10.4304,0.491,0.490467,0.019732,3.1057,40.5447
5.6019e+07,0.102472,-0.577527,10.1623,-3.25248,0.66887,-2.20692,0.655612,0.576797,2.47084,1.13407,2.44961,-8.19207,-8.24569,0.494,0.493409,0.0256066,3.1048,40.5329
5.6039e+07,0.279246,-0.842453,9.01732,-5.33488,-6.52197,-3.89147,-6.36764,1.76607,-0.887934,2.31118,-0.884658,-9.32184,-9.30193,0.494,0.492873,0.0157971,3.10553,40.5124
5.6119e+07,0.402989,0.68689,9.29982,4.22028,3.31009,1.65505,3.18504,2.47451,3.92123,1.06165,3.88258,-8.37528,-8.35798,0.476,0.483671,-0.0192506,3.10624,40.4918
5.6139e+07,-0.881554,0.272643,10.6037,1.4678,-8.75098,-1.31681,-8.62811,-4.75087,3.2342,-0.230471,3.23777,-8.37528,-8.39782,0.476,0.475841,-0.0373891,3.10656,40.4829
5.6159e+07,0.367429,-0.240349,9.14404,-1.50445,3.41696,-1.98979,3.31873,2.30024,4.65405,1.18295,4.62104,-9.59665,-9.59458,0.476,0.474719,-0.0385829,3.10695,40.4682
5.6179e+07,-0.041293,1.20229,10.8751,6.30861,4.88261,1.21613,4.79916,-0.216234,1.11207,1.14023,1.11891,-8.31421,-8.33409,0.49,0.480255,-0.010699,3.10783,40.4712
5.6199e+07,0.938259,-0.729257,10.3085,-4.02994,4.94368,-1.36296,4.91914,5.18771,-3.25435,5.12152,-3.24735,-9.65772,-9.67616,0.49,0.487484,0.0223589,3.10815,40.4594
5.6239e+07,1.19126,-0.346319,10.5724,-1.86436,-2.73571,-0.736051,-2.70542,6.42534,-9.80396,7.07151,-9.76327,-10.5432,-10.6056,0.49,0.486289,0.0437443,3.10811,40.4682
5.6259e+07,1.42254,0.906056,10.4983,4.88825,-2.4151,0.883575,-2.4942,7.68844,-4.72,6.9999,-4.75179,-10.8028,-10.7409,0.489,0.485236,0.0481122,3.10792,40.4653
5.6279e+07,0.670711,-0.334277,10.3616,-1.84393,-4.72044,-0.595759,-4.6807,3.70169,-3.04061,5.71937,-3.03661,-9.41345,-9.45029,0.489,0.485863,0.0523315,3.10782,40.4271
5.6299e+07,0.238727,-1.10979,9.60099,-6.59159,-3.92655,-4.39294,-3.93274,1.41494,4.40978,1.86752,4.33933,-8.83329,-8.82791,0.489,0.487408,0.0548637,3.10823,40.4594
5.6319e+07,0.152713,-0.924339,9.6987,-5.44348,6.97421,-2.45355,6.99177,0.898022,9.17313,2.58093,9.05733,-8.40581,-8.38888,0.488,0.487187,0.0508603,3.10837,40.4565
5.6339e+07,0.548931,-0.336686,9.50699,-2.02489,9.12688,-1.16719,9.07387,3.30251,9.15787,2.56284,9.07025,-8.84856,-8.78607,0.488,0.48732,0.0435546,3.10816,40.4418
5.6419e+07,0.935385,1.01925,9.72488,5.95596,-0.918916,1.50485,-1.05779,5.46433,-3.52916,3.35544,-3.51204,-9.13864,-9.13143,0.46,0.458184,-0.0522066,3.10937,40.3976
5.6519e+07,0.2834,1.39256,11.2788,7.0363,1.40169,1.39225,1.32752,1.42852,-4.24671,3.79123,-4.22988,-9.33711,-9.35976,0.443,0.440938,-0.0898575,3.10941,40.3653
5.6539e+07,0.761117,0.857888,10.9285,4.47771,0.317725,1.71885,0.207895,3.97176,-5.66656,5.23438,-5.62047,-9.32184,-9.37231,0.443,0.440155,-0.0764907,3.10983,40.3359
5.6619e+07,0.808931,0.653172,10.1589,3.66723,12.1651,-0.541912,12.0079,4.54339,3.89069,2.79326,3.83443,-8.51268,-8.48108,0.492,0.490527,0.0862447,3.10883,40.3035
5.664e+07,-0.184382,0.549611,9.43544,3.33305,12.6841,1.85502,12.5993,-1.1176,0.913592,0.676304,0.911277,-8.69589,-8.68011,0.492,0.492033,0.0823003,3.10936,40.2859
5.672e+07,0.331908,-1.30968,9.36316,-7.95773,-8.90365,-3.79555,-8.72933,2.01063,-0.994805,3.88627,-1.03602,-8.39055,-8.38571,0.496,0.494058,0.0299407,3.1075,40.2359
5.674e+07,-0.109972,-0.842453,10.1644,-4.73772,1.15742,-2.95927,1.23024,-0.617759,-0.75053,2.28132,-0.758256,-7.0623,-7.11733,0.489,0.488324,0.00889275,3.10802,40.2624
5.676e+07,1.12184,0.299136,9.7853,1.73959,15.2338,-0.859284,15.0341,6.5371,-0.0329726,5.14129,-0.0364811,-8.98597,-9.00473,0.489,0.487326,0.00356949,3.10833,40.2447
5.678e+07,-0.043565,0.785635,11.4609,3.92141,7.32536,-0.887597,7.30791,-0.21728,-2.9948,4.10716,-2.96552,-8.95543,-8.95507,0.489,0.485626,0.00206459,3.10847,40.23
5.68e+07,1.85516,-0.616062,9.05431,-3.81346,7.6765,-2.89578,7.56221,11.5532,-4.55206,8.40214,-4.54438,-9.64246,-9.66175,0.496,0.490228,0.0122578,3.10893,40.2565
5.68201e+07,-0.143905,0.968675,10.958,5.05134,-3.05632,-0.320314,-3.0507,-0.74947,-8.49099,4.30535,-8.4149,-9.18444,-9.17267,0.496,0.491774,0.0227696,3.10692,40.2153
5.684e+07,1.7526,-1.05439,8.69281,-6.78076,-0.476168,-3.38347,-0.510999,11.3181,-1.52916,7.60422,-1.57625,-8.89436,-8.85625,0.496,0.492453,0.0235407,3.10712,40.2212
5.6941e+07,0.709375,-1.98404,8.61625,-12.9251,-2.09449,-5.84874,-1.96582,4.58703,2.95939,4.18834,2.90724,-8.05467,-8.07756,0.45,0.44793,-0.135397,3.10346,40.1535
5.6962e+07,-0.521058,0.515893,10.9576,2.69251,-0.567771,-0.354638,-0.59493,-2.71949,-3.66656,0.408312,-3.60621,-8.37528,-8.45564,0.45,0.447993,-0.122821,3.10451,40.1447
5.7043e+07,-0.105607,0.636314,10.2712,3.54481,3.60017,0.0102843,3.54086,-0.587958,4.0739,0.330074,4.04185,-8.80276,-8.75837,0.44,0.443022,-0.107597,3.10707,40.1447
5.7063e+07,0.732614,0.313586,9.59097,1.86724,9.14215,-0.227912,8.94969,4.36578,5.75329,3.09755,5.70374,-9.26078,-9.261,0.44,0.438399,-0.117375,3.1076,40.08
5.7143e+07,0.374515,0.0390269,10.5477,0.211863,1.4475,-1.92907,1.45905,2.03353,4.83726,1.77975,4.77231,-10.2989,-10.2027,0.44,0.438668,-0.0648724,3.11073,40.0918
5.7163e+07,0.186153,-0.960465,9.62739,-5.69613,9.03528,-2.29948,8.96381,1.10225,-1.30015,1.31201,-1.26142,-7.902,-7.98178,0.498,0.491835,0.102611,3.11159,40.0947
5.7303e+07,1.30317,0.809719,10.5837,4.3423,8.33299,-0.135294,8.21265,6.99924,-3.34595,6.13179,-3.33957,-9.52032,-9.4466,0.491,0.488438,0.043705,3.11087,40.0094
5.7323e+07,1.4828,-1.13146,10.1341,-6.30407,3.11162,-4.63506,3.09819,8.27364,-10.1551,8.52048,-10.0904,-6.80276,-6.84001,0.491,0.484972,0.0314751,3.11053,39.9976
5.7343e+07,1.70922,0.38343,11.1833,1.94114,2.88261,-1.08816,2.81635,8.68461,-14.2314,10.6571,-14.1458,-7.88673,-7.92814,0.501,0.490853,0.0573016,3.10954,40.0388
5.7363e+07,2.18031,-2.0876,9.77818,-11.7708,-3.95708,-6.36304,-3.83956,12.3015,-10.7047,12.6589,-10.7155,-7.13864,-7.16887,0.501,0.487471,0.0402237,3.10894,40.0006
5.7383e+07,0.969272,-0.625695,9.98576,-3.56867,0.928412,-2.91006,0.956612,5.53329,-7.13221,8.17369,-7.14555,-7.50505,-7.5083,0.501,0.493125,0.0574864,3.1087,40.0035
5.7403e+07,1.11973,-0.729257,9.71717,-4.26379,-0.0181532,-3.7279,0.033197,6.55507,0.134966,7.71223,0.0893567,-8.28368,-8.27653,0.501,0.494742,0.0498652,3.10882,39.98
5.7423e+07,-0.0766218,-0.555851,10.54,-3.01876,0.729939,-2.33723,0.795945,-0.415935,4.83726,3.47704,4.76334,-7.8562,-7.8895,0.501,0.49826,0.0530634,3.10952,39.9565
5.74431e+07,1.04305,0.258193,9.04454,1.62441,9.06582,-0.472854,8.91022,6.57584,5.24947,3.98428,5.2294,-8.55849,-8.55143,0.501,0.499849,0.0470391,3.10892,39.9535
5.7463e+07,-0.707325,0.571286,10.1055,3.22775,6.63834,-0.684116,6.53208,-3.99749,3.60062,-0.115412,3.61779,-7.26078,-7.38188,0.487,0.487545,0.00221151,3.10902,39.9771
5.7543e+07,0.950245,-0.900254,8.9478,-5.71339,-5.80441,-2.72683,-5.69897,6.0318,1.50901,3.28663,1.43585,-9.21497,-9.16431,0.502,0.501104,0.0196837,3.10717,39.9359
5.7564e+07,-0.678854,1.23119,10.4769,6.68849,-3.68228,0.874245,-3.726,-3.68206,-5.7429,-0.394654,-5.63865,-7.35238,-7.39223,0.502,0.501296,0.020149,3.10669,39.9271
5.7644e+07,0.599173,-0.685906,10.1878,-3.84507,3.46276,-2.57677,3.52048,3.35827,1.79909,6.3303,1.77533,-7.67299,-7.69053,0.516,0.512332,0.0253882,3.10369,39.9212
5.7664e+07,0.964495,-0.620878,11.1135,-3.18566,0.378793,-2.51882,0.507137,4.95234,-6.00244,8.90856,-5.98373,-9.38291,-9.40268,0.516,0.508172,0.00896172,3.10354,39.8682
5.7684e+07,2.70973,0.364163,9.59884,2.09101,6.10398,0.00489499,5.9533,15.7535,-12.1551,12.3143,-12.1072,-9.61192,-9.57232,0.516,0.506504,0.00704581,3.10358,39.9006
5.7704e+07,1.27268,-1.17481,11.2762,-5.91066,-6.20136,-4.65322,-6.1251,6.40502,-11.804,8.23468,-11.7459,-8.8791,-8.94677,0.487,0.483967,-0.0544514,3.10395,39.8859
5.7724e+07,1.7359,-1.10979,9.06312,-6.85772,1.41696,-3.34261,1.35842,10.7643,-0.781064,6.90698,-0.864605,-8.00887,-8.03075,0.487,0.483148,-0.0537589,3.10447,39.8888
5.7826e+07,0.1027,-1.39639,9.17803,-8.65036,-3.77388,-3.24115,-3.67405,0.633806,-5.7887,0.832799,-5.74471,-9.16917,-9.16995,0.481,0.480729,-0.04136,3.10583,39.8447
5.7846e+07,0.383897,0.645947,10.0619,3.67053,1.03528,1.67492,0.961276,2.18049,-4.17038,1.99525,-4.15171,-8.25314,-8.24189,0.481,0.480404,-0.0355869,3.10499,39.83
5.7867e+07,-0.279409,-1.1989,9.98354,-6.84506,-7.71281,-3.18791,-7.53387,-1.59169,3.86016,1.31659,3.78338,-7.53558,-7.60321,0.481,0.479928,-0.0324297,3.10546,39.8624
5.7887e+07,1.63299,-0.276475,9.05505,-1.72111,7.00475,-0.312457,6.89363,10.2182,7.47848,5.80543,7.39479,-9.16917,-9.13646,0.518,0.512864,0.0652131,3.1059,39.8182
5.7907e+07,0.0641737,-0.242757,11.1363,-1.24876,-0.0181532,-1.75737,0.0950612,0.33009,5.92123,3.99534,5.84976,-8.90963,-8.86212,0.518,0.515513,0.0729885,3.10624,39.8124
5.7927e+07,1.68092,-0.878579,9.94912,-4.97637,1.84444,-2.23971,1.89236,9.55315,0.486112,7.30726,0.430823,-9.42871,-9.37963,0.518,0.514988,0.0627767,3.10597,39.83
5.7947e+07,0.0806402,0.650764,9.75352,3.81704,1.99711,1.17161,1.95755,0.472649,-7.72763,3.15932,-7.648,-8.31421,-8.35892,0.515,0.513741,0.0564996,3.10437,39.8182
5.7968e+07,-0.540364,1.24805,10.9445,6.49774,-1.68228,1.24055,-1.6927,-2.8084,-6.58259,1.11525,-6.51456,-8.14627,-8.11161,0.515,0.513931,0.0496472,3.10394,39.8388
5.8069e+07,0.933176,0.376205,10.5857,2.02752,4.562,0.227638,4.49286,5.03469,-6.24671,6.07789,-6.21185,-9.23024,-9.22611,0.524,0.519544,0.0438309,3.10213,39.7947
5.809e+07,0.68217,1.39256,11.2048,7.07152,2.45513,1.46732,2.35852,3.45743,-12.5215,5.21965,-12.4173,-9.55085,-9.65902,0.524,0.520261,0.0489001,3.10097,39.7976
5.81514e+07,0.663159,1.0626,9.88901,6.11943,5.99711,2.18065,5.85681,3.81463,2.1197,5.19932,2.08221,-8.63482,-8.64157,0.524,0.521406,0.0399236,3.1147,39.7506
5.8172e+07,1.68593,-1.72875,9.7317,-9.92812,-3.27006,-4.32626,-3.15383,9.67982,5.98229,7.52074,5.89704,-9.21497,-9.16583,0.525,0.520513,0.0337381,3.11409,39.7682
5.8272e+07,0.243343,-0.536584,8.88251,-3.45569,4.28719,-1.03873,4.23474,1.56642,0.272371,2.28222,0.256583,-7.67299,-7.72147,0.514,0.512998,-0.0320867,3.10885,39.7594
5.8292e+07,0.57045,-0.437839,9.81308,-2.55042,-5.77388,-2.00747,-5.6763,3.32365,4.66932,2.73041,4.60333,-9.82566,-9.75869,0.514,0.512824,-0.0363729,3.10845,39.7594
5.8312e+07,0.840602,-1.61074,9.10582,-9.98971,-7.22426,-4.70044,-7.09753,5.19411,5.82962,3.29306,5.76496,-10.0241,-9.99935,0.514,0.512464,-0.0393365,3.10773,39.7241
5.8332e+07,0.570041,1.0337,9.91753,5.9407,2.74521,1.62229,2.64276,3.27195,3.0052,3.03908,2.97054,-8.9707,-8.9931,0.514,0.512518,-0.0400886,3.10756,39.7006
5.8352e+07,1.10024,0.67244,9.87139,3.87306,5.79864,0.911241,5.68508,6.34522,-1.31542,4.2668,-1.29584,-9.58139,-9.53988,0.514,0.512338,-0.040608,3.10739,39.7447
5.8372e+07,0.825956,-0.461923,10.2473,-2.57267,3.79864,-0.52786,3.80998,4.60355,-3.84977,5.3523,-3.87287,-10.3142,-10.2615,0.527,0.523175,-0.0050977,3.10723,39.7182
5.8392e+07,2.4279,0.612229,10.1218,3.36613,4.05818,1.82199,3.953,13.4649,-6.61312,9.70619,-6.62099,-11.5661,-11.4593,0.527,0.521399,-0.00238348,3.10759,39.7271
5.8412e+07,1.2798,-1.02068,11.4925,-5.04424,-10.354,-2.27504,-10.1776,6.32955,-8.36885,8.4602,-8.35153,-9.24551,-9.30201,0.527,0.52022,0.0120074,3.10784,39.7006
5.8432e+07,1.71156,0.571286,10.4073,3.10042,-7.04105,1.84871,-6.98705,9.32535,-5.39175,8.47913,-5.43024,-11.8257,-11.7059,0.523,0.517666,0.014172,3.10741,39.68
5.8452e+07,0.611161,-0.859311,9.99756,-4.90351,-8.29296,-2.25866,-8.15368,3.48537,0.241837,5.13653,0.226281,-10.5738,-10.5496,0.523,0.519761,0.0248765,3.10683,39.7124
5.8492e+07,1.14326,0.542385,8.96894,3.43297,13.0811,0.65755,12.8752,7.25114,9.40214,4.04771,9.31009,-9.00123,-8.95432,0.525,0.523763,0.0319019,3.10624,39.6976
5.8512e+07,-0.15278,-1.46623,9.44168,-8.82602,1.95131,-3.60832,2.05899,-0.916067,6.57771,2.09955,6.53665,-8.98597,-9.0013,0.525,0.523893,0.0201287,3.1058,39.6947
5.8572e+07,0.747342,-1.12905,8.90487,-7.20096,-9.80441,-3.90511,-9.62935,4.75939,0.791455,2.17452,0.741972,-11.444,-11.2981,0.525,0.524235,-0.00495131,3.1043,39.6947
5.8592e+07,-0.0292774,0.927732,9.48102,5.58865,2.22612,1.32807,2.12259,-0.176088,-1.28488,1.27185,-1.26,-6.60429,-6.74304,0.525,0.524327,-0.0126359,3.10396,39.6918
5.8672e+07,1.11451,0.898831,10.6077,4.81691,-0.674642,1.21116,-0.680442,5.97653,0.92886,5.51054,0.879601,-12.0547,-11.8849,0.526,0.523145,-0.0351228,3.10269,39.6947
5.8692e+07,1.9315,-0.353544,10.332,-1.92646,-11.8044,-0.57351,-11.6322,10.5828,-4.96427,7.87113,-4.9822,-13.4134,-13.2462,0.526,0.522207,-0.0256228,3.10243,39.6506
5.8872e+07,-0.0812154,-1.21094,9.4539,-7.29894,-6.03342,-2.98507,-5.90713,-0.488209,-1.14748,2.15904,-1.15808,-7.81039,-7.93439,0.529,0.527515,0.0330012,3.09804,39.6418
5.8893e+07,0.455346,1.31789,9.94658,7.53977,3.47803,4.27738,3.43221,2.59844,4.05863,3.19558,3.98698,-10.7417,-10.7216,0.529,0.527777,0.0302688,3.09675,39.6359
5.8914e+07,0.909426,-0.0862106,8.75445,-0.56119,6.54673,0.466152,6.42679,5.93042,2.0281,4.04575,2.05005,-9.65772,-9.66648,0.531,0.530069,0.0274106,3.09746,39.6359
5.8934e+07,-0.535118,-0.445064,11.4048,-2.23235,-5.71281,-1.72032,-5.55534,-2.68434,3.53955,1.93127,3.47114,-9.30658,-9.36938,0.531,0.529723,0.0227966,3.09704,39.6741
5.8954e+07,0.343625,-0.507683,10.2453,-2.83526,-9.63647,-0.439546,-9.47348,1.91862,1.32581,3.97706,1.26121,-10.3142,-10.3574,0.531,0.529338,0.0162041,3.09791,39.6624
5.8974e+07,1.39632,0.710974,9.79284,4.11103,-10.6136,1.79719,-10.5667,8.09386,-2.56732,5.96129,-2.56425,-11.9173,-11.8734,0.531,0.528595,0.0110394,3.09645,39.6506
5.8995e+07,1.43951,-0.0428591,9.75124,-0.249128,-14.3693,0.344785,-14.2424,8.39749,-4.9948,6.59123,-4.9734,-11.6119,-11.5118,0.531,0.528198,0.00816831,3.09642,39.6565
5.9015e+07,0.789862,0.532752,10.7879,2.81968,-1.14792,2.03128,-1.21399,4.1825,-7.45282,5.78982,-7.39527,-12.3905,-12.3979,0.531,0.527919,0.0138387,3.09613,39.6212
5.9075e+07,2.12957,0.07997,9.28786,0.480837,0.0581827,2.29462,-0.02709,12.9134,0.287638,9.71551,0.256002,-12.7417,-12.7554,0.535,0.528737,0.0450282,3.09475,39.6506
5.9096e+07,0.114479,-0.820777,10.5275,-4.45778,-9.78915,-1.80551,-9.64749,0.621141,1.34107,4.41358,1.30978,-9.58139,-9.69761,0.517,0.515175,0.00413943,3.09472,39.6388
5.9176e+07,0.128617,-0.139196,9.1183,-0.874496,4.16505,-1.02814,4.15293,0.808029,0.82199,1.81392,0.867767,-11.5356,-11.4961,0.533,0.532459,0.0259752,3.09339,39.5771
5.9196e+07,0.396325,-1.11219,8.68914,-7.2866,-6.73571,-3.77185,-6.58017,2.59043,-1.22381,3.23774,-1.18263,-9.81039,-9.82894,0.533,0.531783,0.0122688,3.09376,39.5976
5.9296e+07,0.880771,-0.0838022,10.7251,-0.446179,3.52383,0.744112,3.56836,4.6946,0.623516,5.01832,0.569527,-9.87146,-9.83961,0.533,0.530729,0.00802855,3.09311,39.5535
5.9316e+07,1.76406,0.677257,10.3623,3.68652,0.149786,3.22891,0.162499,9.64114,-0.628392,7.16321,-0.657181,-11.276,-11.2047,0.533,0.529417,0.014809,3.09299,39.5712
5.9336e+07,1.38954,-0.659413,10.7,-3.49724,-14.7815,-0.717847,-14.5775,7.38538,-2.30778,8.55391,-2.30761,-10.4211,-10.4665,0.534,0.527985,0.0243079,3.09389,39.5506
5.9356e+07,0.457476,2.24273,11.1613,11.3523,-6.38456,4.67544,-6.45133,2.30117,-4.8116,3.72092,-4.79567,-11.4745,-11.4185,0.534,0.530306,0.0470831,3.09399,39.5594
5.9376e+07,0.519909,0.987942,10.3377,5.45213,-3.04105,1.28609,-3.07274,2.86608,-0.765797,3.77689,-0.832485,-10.528,-10.4656,0.534,0.531931,0.0476456,3.09391,39.5212
5.9396e+07,0.420148,-0.912296,7.75637,-6.69852,9.6307,-2.65516,9.53413,3.07939,1.93649,3.08065,1.92261,-9.42871,-9.41505,0.548,0.545367,0.0667865,3.09409,39.5359
5.9416e+07,0.350755,-0.387262,8.26773,-2.67938,14.8826,-1.0766,14.7255,2.42663,5.78382,2.21819,5.76527,-8.61955,-8.67843,0.548,0.547672,0.0627769,3.09392,39.5388
5.9496e+07,0.445815,1.24323,9.34816,7.56695,5.02001,1.73328,4.87565,2.70658,-1.54442,1.43045,-1.57075,-8.40581,-8.37535,0.548,0.546634,-0.0031257,3.09309,39.5094
5.9516e+07,0.355817,-1.41806,9.21102,-8.74572,-1.19373,-2.44305,-1.11542,2.18647,-0.170377,1.21882,-0.150487,-8.9707,-8.99611,0.558,0.555561,0.0224455,3.0939,39.4829
5.9596e+07,2.8028,0.585737,11.1044,2.9278,-6.20136,1.6339,-6.15595,14.147,-2.47572,11.1809,-2.51351,-12.5585,-12.3958,0.536,0.528793,-0.0739128,3.09276,39.4947
5.9616e+07,3.20903,-0.490824,10.815,-2.49129,-8.35403,-0.260009,-8.2539,16.5106,-10.323,14.1487,-10.3345,-12.0089,-11.9714,0.536,0.52223,-0.0801986,3.09266,39.48
5.9636e+07,0.856609,0.937365,11.3179,4.72106,3.78337,1.97872,3.6595,4.31352,-20.5063,7.99416,-20.3416,-11.444,-11.4324,0.554,0.542695,0.00795351,3.09324,39.4388
5.9716e+07,-0.475119,-1.53367,9.76237,-8.9178,3.6765,-4.96997,3.7875,-2.75259,17.4021,1.59029,17.2801,-6.40581,-6.49023,0.553,0.550766,0.00924721,3.09295,39.4271
5.98983e+07,1.80298,-1.8877,9.90466,-10.62,0.943679,-5.2905,1.05545,10.1382,-1.51389,6.94952,-1.55049,-8.83329,-8.8334,0.553,0.549065,-0.0103687,3.09014,39.3653
5.9919e+07,2.00121,-2.04666,9.06614,-12.4315,-3.08686,-6.01422,-2.99014,12.1512,-3.01007,8.6187,-3.05002,-8.0852,-8.02494,0.553,0.547294,-0.00953898,3.09026,39.3918
5.9939e+07,-0.198809,0.910873,10.6398,4.89232,2.53147,-0.51985,2.43431,-1.06658,-7.52916,3.20838,-7.45523,-6.58902,-6.61874,0.553,0.547515,-0.00907961,3.09028,39.3594
5.9959e+07,0.374132,1.41423,10.0441,8.00916,11.6002,1.21151,11.3808,2.11239,-3.54442,2.71805,-3.5188,-6.40581,-6.45578,0.553,0.550393,-0.0077664,3.09081,39.3682
5.9979e+07,0.417991,-1.7432,9.0205,-10.9261,2.14979,-4.82299,2.26504,2.60494,6.91359,2.99122,6.81452,-7.24551,-7.17005,0.553,0.551116,-0.0150804,3.09089,39.3271
5.9999e+07,-0.226799,-1.48068,9.36337,-8.9835,0.241389,-4.08414,0.366133,-1.37052,10.2724,1.35398,10.197,-6.61955,-6.62289,0.553,0.551375,-0.0211729,3.08953,39.3329
6.0019e+07,0.639404,0.619455,9.44434,3.74411,8.6536,0.196388,8.51815,3.86487,11.7686,2.22032,11.6281,-8.57375,-8.43736,0.553,0.551544,-0.0253045,3.08993,39.3418
6.0099e+07,1.98207,-1.89734,9.4249,-11.1447,-1.91128,-5.39525,-1.79729,11.6492,-3.8803,8.97504,-3.94932,-8.131,-8.0053,0.553,0.547025,-0.0351828,3.08873,39.3035
6.012e+07,1.80075,-2.45609,9.59985,-14.115,-1.33113,-6.64837,-1.19415,10.2998,-4.38412,8.94914,-4.41806,-6.34475,-6.35036,0.553,0.545511,-0.0328298,3.08866,39.2771
6.014e+07,1.07616,1.40941,10.8152,7.38877,11.6612,0.966081,11.4522,5.63515,-2.59786,5.77493,-2.62001,-7.8562,-7.7902,0.553,0.547508,-0.0160522,3.08919,39.2976
6.02001e+07,2.17987,-0.476374,8.53667,-3.09487,6.50093,-2.83034,6.45931,14.3032,7.43268,10.3188,7.32853,-5.58139,-5.60507,0.553,0.547474,-0.00953192,3.0894,39.28
6.022e+07,1.57826,-0.958056,8.39159,-6.40189,1.6307,-4.28365,1.58338,10.5844,4.18077,6.24152,4.11862,-7.58139,-7.53968,0.553,0.54928,-0.00718297,3.0893,39.2682
6.032e+07,2.42619,-1.82749,8.76459,-11.3623,1.47803,-3.73793,1.49604,15.1624,5.90596,10.2832,5.78624,-7.74933,-7.69827,0.553,0.54656,-0.0239145,3.08829,39.2153
6.034e+07,2.28061,-2.12132,9.19161,-12.6257,1.03528,-5.74445,1.09753,13.5912,-0.597858,10.4201,-0.63083,-8.22261,-8.16383,0.553,0.544856,-0.0228425,3.08825,39.2565
6.036e+07,0.40524,1.17821,10.5779,6.35098,5.87498,-0.168632,5.77309,2.18045,-4.75053,4.10584,-4.7378,-7.1081,-7.11446,0.553,0.548246,-0.0051555,3.08896,39.2594
6.038e+07,0.732468,0.841029,9.57282,5.00632,7.32536,0.390263,7.20371,4.35876,-2.84213,4.04824,-2.85545,-8.74169,-8.67128,0.553,0.550093,-0.00185592,3.08939,39.2682
6.04e+07,0.334247,-1.13146,9.57001,-6.73871,2.40933,-4.1944,2.4466,1.9865,0.089165,4.48611,0.0697818,-7.42871,-7.45201,0.553,0.549718,-0.0140862,3.08996,39.2359
6.042e+07,-0.332118,-0.565485,10.165,-3.18241,0.332992,-2.73383,0.415943,-1.86845,2.79145,2.6038,2.7631,-7.53558,-7.56951,0.506,0.510671,-0.141632,3.09034,39.2329
6.044e+07,2.02461,-0.307785,9.00955,-1.90901,7.75284,-0.551336,7.59712,12.6579,5.03573,6.44956,4.95975,-7.84093,-7.81612,0.506,0.503897,-0.156505,3.09103,39.2418
6.046e+07,1.19114,0.104054,9.03942,0.653859,6.40933,-0.636869,6.30682,7.50621,3.21894,5.93362,3.17934,-8.49742,-8.40353,0.506,0.50257,-0.150069,3.09152,39.2124
6.048e+07,1.52344,-1.30005,9.51647,-7.68243,0.852076,-3.46242,0.903806,9.01267,2.39451,6.35705,2.30975,-9.12337,-9.04995,0.512,0.50738,-0.124568,3.09275,39.2124
6.05e+07,0.778447,-1.35304,9.60963,-7.98874,1.20322,-3.51433,1.23762,4.5862,-2.03297,4.12344,-2.02583,-9.04704,-9.03385,0.512,0.508958,-0.106858,3.09282,39.1771
6.052e+07,1.2798,-1.03031,10.3433,-5.64574,-5.54487,-3.10391,-5.4022,7.01908,1.1426,5.35618,1.07574,-10.5585,-10.4787,0.512,0.509433,-0.0838165,3.09339,39.2212
6.054e+07,1.10796,-1.32895,9.9489,-7.5622,1.12689,-3.01707,1.16381,6.29908,-1.05587,6.36241,-1.06064,-9.12337,-9.20446,0.393,0.407998,-0.374566,3.09418,39.1712
6.062e+07,0.173781,0.597779,11.4699,2.98305,2.57727,0.158756,2.49047,0.866845,8.13497,1.56254,8.04436,-11.6883,-11.6358,0.393,0.390535,-0.252507,3.10095,39.1712
6.064e+07,0.522513,0.210024,11.0535,1.08731,-1.07159,-0.763233,-1.08906,2.70594,9.66168,2.35494,9.56819,-11.7799,-11.7075,0.393,0.390978,-0.210555,3.10297,39.2006
6.072e+07,-0.201033,0.320811,11.1635,1.64581,3.17269,-0.437248,3.15563,-1.03125,-1.89557,0.799302,-1.88159,-11.276,-11.2425,0.539,0.515874,0.29011,3.11002,39.1359
6.074e+07,0.556112,-0.396896,8.8421,-2.56505,6.34826,-1.2117,6.25918,3.59519,2.37924,1.9018,2.34435,-10.36,-10.3703,0.539,0.538345,0.343023,3.10973,39.1153
6.082e+07,2.80573,-1.38675,7.3523,-9.99403,0.332992,-2.18543,0.382421,20.5561,-3.69709,16.0264,-3.72609,-9.84093,-9.76706,0.579,0.566692,0.261266,3.10142,39.1182
6.084e+07,3.10795,2.36074,11.0998,11.5744,3.89024,4.94307,3.80893,15.3162,-19.0406,16.0431,-19.0019,-10.2379,-10.211,0.594,0.569439,0.236183,3.10004,39.0506
6.092e+07,-0.697938,1.16135,10.5765,6.25274,-0.125023,1.72854,-0.237451,-3.75295,1.99756,1.84923,1.94416,-9.33711,-9.35735,0.594,0.589602,0.118135,3.09463,39.1153
6.094e+07,0.916653,-0.317418,9.5803,-1.88903,5.00475,-2.70033,4.93058,5.4625,30.9441,5.61711,30.6168,-9.12337,-9.11259,0.594,0.591122,0.0941267,3.09342,39.0829
6.096e+07,0.405482,0.306361,10.795,1.62447,13.6612,0.360889,13.5929,2.15028,29.8144,6.28626,29.5052,-8.31421,-8.31536,0.586,0.581815,0.0475139,3.09295,39.0771
6.098e+07,0.169276,-0.377629,10.153,-2.12976,11.5086,-0.104298,11.4405,0.954513,6.15023,8.11558,6.15789,-10.131,-10.2139,0.586,0.574983,-0.000118846,3.09208,39.0947
6.1e+07,1.94373,-1.3988,7.24144,-10.5677,-2.24716,-2.97321,-2.15987,14.7643,-13.8498,10.4241,-13.713,-10.9554,-10.9184,0.586,0.577675,-0.0220195,3.09134,39.0388
6.10201e+07,2.01733,0.0944205,6.84253,0.758312,-10.064,1.49764,-10.0256,16.4252,-22.4299,10.0916,-22.2501,-10.8791,-10.8004,0.617,0.606337,0.0388752,3.08962,39.0506
6.106e+07,1.19619,-0.883395,7.95756,-6.26485,-11.3311,-3.34665,-11.2108,8.49732,0.883058,7.49717,0.794759,-8.95543,-8.88714,0.617,0.612169,0.00615337,3.08791,39.0241
6.108e+07,1.48489,-0.0813937,9.01987,-0.510147,5.6765,-0.109698,5.60501,9.34807,10.7609,7.42002,10.6215,-9.44398,-9.33676,0.62,0.615334,0.00286894,3.08721,39.03
6.11e+07,0.840551,-1.4277,10.2386,-7.91199,13.3559,-2.18241,13.3109,4.64846,10.1044,8.34516,10.0023,-8.11574,-8.25081,0.62,0.611653,-0.0234112,3.08679,39.0065
6.112e+07,2.10135,-1.47827,8.81767,-9.26238,7.76811,-3.13497,7.80673,13.2262,2.30291,11.0217,2.31803,-10.7112,-10.6622,0.62,0.610171,-0.0397181,3.08463,39.0359
6.11418e+07,-0.0600415,-0.0717601,11.272,-0.364748,-7.98762,-1.71067,1.07712,-0.305183,-14.8421,12.8821,-9.99128,-10.589,-9.71638,0.623,0.610912,-0.0528318,3.11844,38.9829
6.1162e+07,3.67441,0.38343,5.26744,3.41661,-13.1785,3.21459,-13.1856,34.8275,-18.4147,20.3771,-18.3667,-17.3829,-17.2417,0.623,0.603694,-0.107043,3.15056,39.0006
6.1202e+07,0.691631,1.71769,7.30213,13.1802,-31.8655,10.2669,-31.8345,5.26777,-30.5826,2.93334,-30.66,-26.2379,-26.251,0.622,0.611259,-0.188424,3.21015,39.0476
6.1222e+07,3.33958,2.32461,9.68216,12.7878,-32.6746,11.4448,-32.6577,18.5409,-40.323,23.6798,-40.3219,-38.3142,-38.3207,0.622,0.544177,-0.48381,3.23659,39.0565
6.12431e+07,-2.00128,-0.346319,8.05377,-2.38967,-51.1479,5.74938,-51.0275,-13.9424,-59.7124,-7.90281,-59.4995,-30.2684,-30.309,0.622,0.593626,-0.294291,3.26179,39.0182
6.1263e+07,-0.454397,1.23119,13.0717,5.37744,-42.8884,-14.732,-43.1612,-1.98214,-49.1475,10.9095,-49.1779,-64.4058,-63.666,0.595,0.534054,-0.490896,3.28683,39.0094
6.1283e+07,4.94439,-6.9237,0.207024,-54.4447,-77.5754,-27.4287,-77.4101,35.5195,-33.7276,38.9687,-34.0508,-42.6806,-42.7288,0.595,0.462252,-0.809218,3.31061,39.0271
6.1303e+07,20.4296,1.31308,6.21127,3.51891,-61.8502,8.18331,-61.5292,72.7373,-41.5902,46.8022,-42.9398,-56.8791,-57.1509,0.595,0.474383,-0.877044,3.33321,39.0359
6.13231e+07,-2.58985,-4.75612,7.43466,-31.1369,-67.5907,-10.5255,-67.2075,-16.3538,-23.5139,11.0375,-23.9287,-60.0241,-59.5397,0.595,0.527331,-0.738037,3.3535,39.0359
6.1343e+07,1.70156,2.18252,7.78872,15.3101,-59.9418,4.74693,-59.8896,11.8796,-50.6895,20.3248,-50.6701,-57.8715,-58.2051,0.595,0.543392,-0.684008,3.37395,39.0506
6.1363e+07,1.90034,0.0679279,10.9999,0.348652,-54.4151,-2.85943,-54.3454,9.80149,-54.1551,14.015,-54.007,-61.1844,-61.0709,0.595,0.557723,-0.616244,3.39329,39.0241
6.1383e+07,1.12217,-0.890621,12.1054,-4.1899,-37.5907,-5.46028,-37.7003,5.28198,-43.178,9.77981,-43.0277,-59.6119,-59.4824,0.301,0.329555,-1.26545,3.41167,39.0124
6.1403e+07,0.732851,-0.538992,10.2805,-2.99361,-21.2701,-5.27884,-21.3569,4.07189,-26.323,6.5136,-26.2886,-55.4745,-55.6123,0.301,0.290243,-1.30349,3.4293,39.0506
6.1423e+07,1.09383,-2.04184,6.36505,-17.5446,-20.6288,-11.4537,-20.4307,9.29331,-6.38412,6.69053,-6.44792,-56.2531,-56.2441,0.301,0.28689,-1.25193,3.44605,39.0212
6.14431e+07,-0.203077,-0.917113,11.9522,-4.38719,-0.186092,-8.0767,-0.334903,-0.970555,14.4556,1.19995,14.3331,-57.4592,-57.3852,0.038,0.0683318,-1.83312,3.46204,39.0476
6.1463e+07,-0.312626,-1.96477,9.59297,-11.5689,11.2185,-8.41567,11.2312,-1.82862,35.2037,-2.08052,35.0987,-55.0623,-55.0835,0.038,0.0292453,-1.83366,3.47698,39.0476
6.1483e+07,-1.40645,-1.27597,11.7389,-6.15971,31.6765,-6.972,31.5504,-6.79244,60.5319,-5.73226,60.4387,-53.902,-54.0795,0.038,0.0257595,-1.70264,3.49126,39.0594
6.15031e+07,-1.98696,-0.317418,13.0516,-1.37731,48.2567,-3.51148,48.1826,-8.65368,89.6464,-8.13629,89.4807,-55.8104,-55.7118,0.038,0.0262771,-1.55563,3.50483,39.0594
6.1523e+07,-2.1948,0.0342101,12.5466,0.153888,62.7757,-2.51956,62.6566,-9.92243,119.234,-9.44956,119.07,-56.8486,-56.787,0.038,0.0270934,-1.42156,3.51771,39.0388
6.1543e+07,-3.07847,0.62668,13.1419,2.65827,73.1116,-0.319256,72.9927,-13.1693,147.433,-11.3106,147.326,-56.1005,-56.1304,0.038,0.0278703,-1.29332,3.53004,39.0565
6.1563e+07,-3.8236,1.08428,13.3807,4.45517,75.6612,1.82028,75.5937,-15.8981,178.44,-13.2875,178.336,-56.2379,-56.2737,0.038,0.0285906,-1.17038,3.54166,39.0829
6.1583e+07,-2.1112,-0.0645349,12.6485,-0.288343,70.7452,1.46708,70.7416,-9.47596,204.898,-11.2959,204.754,-57.9325,-57.9917,0.038,0.0293843,-1.05711,3.55279,39.0447
6.1603e+07,-2.57238,1.1204,11.25,5.54525,57.7376,5.09757,57.8289,-12.8184,235.662,-10.2863,235.546,-59.8409,-59.7456,0.038,0.0302123,-0.963583,3.56328,39.0624
6.1623e+07,-1.12064,1.34439,9.95036,7.64684,45.5849,6.57464,45.6554,-6.36835,256.517,-8.49649,256.398,-57.215,-57.2522,0.478,0.396753,0.20011,3.57341,39.0918
6.1643e+07,-1.97551,1.42868,10.5187,7.60344,27.875,8.03519,27.8365,-10.5422,274.41,-7.56336,274.37,-59.8715,-59.8212,0.478,0.464307,0.398683,3.58304,39.0741
6.1663e+07,-0.000859695,1.7779,9.70791,10.3781,2.95895,9.28072,3.0148,-0.00499088,292.395,-1.63529,292.384,-59.0012,-59.0855,0.478,0.473277,0.420675,3.59201,39.0682
6.1684e+07,0.374054,1.69602,8.90972,10.7684,-20.751,10.1135,-20.6059,2.36166,304.99,2.46862,304.994,-62.9554,-62.8378,0.406,0.413519,0.225299,3.60071,39.0388
6.1705e+07,1.15493,1.50093,8.58346,9.83181,-38.8426,9.31831,-38.7269,7.55009,315.86,7.58552,315.816,-66.8944,-66.8234,0.406,0.400947,0.163789,3.60897,39.0418
6.1726e+07,2.35136,1.08187,9.00437,6.63094,-55.8197,6.79778,-55.7814,14.5351,318.379,15.0709,318.347,-68.4363,-68.3825,0.406,0.392598,0.0922199,3.61682,39.0565
6.1746e+07,3.70292,0.93014,8.45451,5.75456,-63.667,5.26163,-63.6474,23.5261,316.914,22.8591,316.931,-73.1539,-73.0494,0.618,0.558268,0.523041,3.62427,39.0976
6.1766e+07,4.84202,0.559244,8.71647,3.21017,-67.0105,2.89539,-66.9999,29.0023,308.593,29.5537,308.634,-74.4821,-74.4941,0.618,0.54886,0.384713,3.63119,39.0329
6.1786e+07,6.49694,0.0318017,7.87135,0.178527,-61.8502,-0.0294948,-61.8767,39.5357,296.425,38.0643,296.497,-76.2226,-76.1781,0.618,0.507178,0.113394,3.63792,39.0888
6.1806e+07,7.83673,-0.746116,7.47245,-3.9417,-49.5143,-3.38932,-49.5624,46.2212,279.845,45.5007,279.921,-75.4745,-75.4459,0.618,0.453522,-0.224276,3.64416,39.0624
6.1826e+07,9.20037,-1.4012,6.993,-6.91336,-31.1632,-6.56461,-31.2468,52.2177,257.234,52.0187,257.325,-70.8638,-70.887,0.618,0.395861,-0.606129,3.65024,39.0918
6.1846e+07,10.4136,-2.08519,5.85122,-9.90225,-6.33876,-9.54945,-6.46256,59.1841,223.982,58.6786,224.09,-62.5738,-62.6599,0.618,0.332571,-1.03791,3.65611,39.1035
6.1866e+07,10.3684,-2.59337,4.44728,-12.9457,17.1727,-11.4486,10.8523,63.5943,189.891,62.1337,196.907,-50.3753,-53.6265,0.618,0.290301,-1.36717,3.6616,39.0859
6.1887e+07,9.84307,-2.73065,3.0847,-14.8274,41.4933,-14.1854,41.3962,67.2889,151.57,67.3911,151.71,-35.9325,-36.0829,0.618,0.231689,-1.84316,3.66682,39.0594
6.1907e+07,9.7691,-2.93777,2.26533,-16.3278,63.1727,-15.9936,63.0851,69.2061,115.219,69.4408,115.365,-19.5356,-19.6791,0.618,0.202272,-2.1627,3.67178,39.0771
6.1927e+07,11.4767,-3.8891,1.60704,-18.5515,86.0124,-18.0346,85.9184,69.864,72.2724,70.0839,72.4567,2.06747,1.82169,0.618,0.187248,-2.44347,3.67648,39.1153
6.1947e+07,11.694,-4.15884,0.78731,-19.5364,113.035,-19.0624,112.918,70.1021,16.5624,70.1358,16.8017,25.869,25.6072,0.618,0.18109,-2.70545,3.68096,39.1212
6.1967e+07,10.7269,-4.04083,0.389464,-20.6289,144.959,-19.8863,144.828,69.2711,-51.3154,69.3356,-51.0602,54.8614,54.6313,0.618,0.182527,-2.92072,3.68503,39.1124
6.1987e+07,9.98903,-3.79035,0.487846,-20.7567,176.012,-19.8426,175.873,69.0641,-113.819,68.9884,-113.542,82.0369,81.7462,0.618,0.18487,-3.10201,3.68908,39.1476
6.2007e+07,9.75733,-3.51579,0.778143,-19.7574,207.524,-19.2326,207.412,69.7438,-162.766,68.9774,-162.595,107.426,107.193,0.618,0.187876,-3.26076,3.69292,39.1153
6.2027e+07,10.0725,-3.43631,1.58286,-18.6249,238.608,-18.0572,238.458,69.4132,-200.17,68.7459,-200.022,129.9,129.629,0.618,0.188351,-3.41747,3.69649,39.1359
6.2047e+07,9.85509,-3.01002,2.21053,-16.5953,268.15,-15.9075,268.028,69.2461,-224.735,68.5706,-224.646,150.831,150.65,0.618,0.190422,-3.55816,3.69869,39.1329
6.2068e+07,8.94269,-2.13577,2.84664,-12.8208,298.898,-12.4299,298.789,68.2998,-242.399,67.7188,-242.358,167.228,167.107,0.618,0.198657,-3.65512,3.70214,39.1182
6.2088e+07,8.72042,-1.41325,3.58637,-8.52412,326.058,-8.2238,325.947,66.1526,-252.43,65.7379,-252.39,177.976,177.885,0.618,0.217213,-3.69971,3.70541,39.1447
6.2109e+07,8.40257,-0.440247,4.45718,-2.65008,348.287,-2.54297,348.217,61.9408,-255.529,61.8173,-255.523,184.953,184.911,0.618,0.2523,-3.67406,3.70844,39.1506
6.213e+07,8.05118,0.906056,5.44969,5.32429,364.028,5.24565,363.991,55.5432,-254.17,55.7515,-254.189,184.632,184.665,0.618,0.30399,-3.58461,3.7114,39.1535
6.215e+07,7.15301,2.12712,5.77294,13.0295,361.646,12.9284,361.669,49.3009,-250.094,49.6544,-250.114,177.548,177.631,0.618,0.350384,-3.46644,3.71412,39.1329
6.217e+07,6.30264,3.21091,5.94873,20.3292,345.6,20.2413,345.672,42.9948,-244.399,43.2748,-244.429,164.342,164.49,0.618,0.387427,-3.34299,3.7168,39.1624
6.219e+07,5.34244,4.25375,5.70194,28.5637,311.86,28.3294,312.001,36.9063,-239.147,37.1921,-239.159,146.785,146.958,0.618,0.406366,-3.24391,3.71934,39.1712
6.221e+07,5.07939,5.66026,6.22675,35.1604,262.104,35.0742,262.328,31.1158,-236.002,31.2413,-236.005,125.06,125.294,0.618,0.410485,-3.15673,3.72167,39.1329
6.223e+07,4.57516,7.06678,6.65918,41.1751,187.157,40.9673,187.478,25.2289,-235.086,25.4232,-235.085,98.0522,98.3065,0.618,0.403649,-3.06188,3.72388,39.1535
6.225e+07,3.52448,7.1872,6.26378,44.9997,100.486,44.9247,100.835,20.2887,-236.796,20.3716,-236.798,71.4873,71.7352,0.618,0.392654,-2.95801,3.7259,39.1624
6.227e+07,2.56225,6.91746,5.72523,47.7997,6.22612,47.5663,6.57914,15.926,-239.178,15.8011,-239.173,46.1896,46.4043,0.618,0.383794,-2.84558,3.72799,39.1741
6.229e+07,1.8889,6.85002,5.77794,48.4134,-86.354,48.1454,-85.9851,11.9026,-239.331,11.6952,-239.328,25.6095,25.7921,0.618,0.383492,-2.70564,3.72997,39.1741
6.231e+07,1.38509,6.76332,6.17711,46.8933,-186.278,46.772,-185.897,8.59892,-237.728,8.21792,-237.744,7.77739,7.92678,0.618,0.395141,-2.53164,3.73185,39.1712
6.233e+07,0.807308,6.49117,6.75411,43.6597,-284.079,43.4141,-283.699,4.92559,-232.918,4.75765,-232.938,-5.96307,-5.84472,0.618,0.420533,-2.31427,3.73372,39.18
6.235e+07,0.224856,5.8409,7.53944,37.7531,-380.43,37.606,-380.084,1.35059,-223.209,1.05118,-223.255,-16.3447,-16.2642,0.618,0.460042,-2.06441,3.73424,39.1741
6.2371e+07,-0.278738,4.97387,8.46681,30.4188,-462.14,30.204,-461.835,-1.62594,-208.048,-1.85791,-208.111,-22.8486,-22.7932,0.618,0.505236,-1.80657,3.7359,39.18
6.2451e+07,-2.34696,-2.35253,10.4702,-12.3663,-498.385,-12.1679,-498.385,-12.3365,-107.102,-12.3679,-107.231,-29.6883,-29.6807,0.32,0.295143,-1.97892,3.74069,39.2094
6.2472e+07,-2.58522,-4.23591,9.75512,-22.7695,-498.385,-22.8444,-498.385,-13.6627,-75.5444,-13.715,-75.6613,-31.5051,-31.482,0.287,0.252218,-1.98867,3.74212,39.1918
6.2492e+07,-2.55858,-5.57017,8.55872,-31.9457,-440.293,-32.0213,-440.678,-14.0661,-44.2009,-14.2265,-44.3449,-34.9249,-34.883,0.287,0.22982,-1.94331,3.74331,39.2182
6.2532e+07,-2.25512,-6.32641,6.19963,-43.8003,-266.415,-43.9855,-266.843,-14.2837,8.15023,-14.2034,8.03914,-44.9402,-44.878,0.338,0.225706,-1.77775,3.74568,39.2359
6.2552e+07,-2.08796,-6.36735,5.54414,-47.0645,-178.507,-47.377,-178.849,-13.8909,29.8296,-13.7517,29.7481,-50.8028,-50.7459,0.338,0.2142,-1.74425,3.7456,39.2212
6.2572e+07,-2.11172,-6.79364,5.66456,-48.3355,-85.3006,-48.666,-85.649,-13.4273,50.2876,-13.3565,50.2113,-57.3371,-57.2732,0.338,0.206581,-1.70122,3.7467,39.2565
6.2592e+07,-2.33829,-7.77387,6.4633,-48.5185,15.2643,-48.8079,14.8433,-13.023,69.5396,-12.778,69.4612,-64.36,-64.2901,0.446,0.267817,-1.43579,3.74783,39.2594
6.2672e+07,-1.43904,-4.30575,7.76916,-28.5878,398.409,-28.6205,398.166,-9.20239,126.318,-8.99681,126.289,-83.8409,-83.8304,0.446,0.368923,-0.874162,3.75189,39.2212
6.2692e+07,-1.19344,-3.05097,8.799,-18.9624,452.425,-19.0697,452.247,-7.30256,132.822,-7.19991,132.801,-84.8333,-84.8244,0.446,0.402203,-0.741046,3.75276,39.2476
6.2772e+07,0.827035,4.24653,10.1124,22.711,422.257,22.6957,422.489,4.31225,145.051,4.29887,145.057,-92.6959,-92.6353,0.203,0.189564,-1.08387,3.75575,39.2535
6.2792e+07,1.32583,5.20748,8.8338,30.2407,353.157,30.3592,353.449,7.36705,141.677,7.33092,141.693,-100.07,-99.9754,0.203,0.171432,-1.06224,3.75634,39.2859
6.2872e+07,3.10209,6.24551,6.48582,40.9808,-1.28533,41.1795,-0.961012,19.01,111.295,18.9186,111.323,-160.986,-160.811,0.2,0.135979,-0.988177,3.75892,39.2859
6.2892e+07,3.63942,5.99985,6.64166,38.3871,-83.9418,38.7355,-83.6429,22.1277,105.112,22.0433,105.124,-180.436,-180.253,0.207,0.14125,-0.966172,3.75944,39.2976
6.3074e+07,6.59615,-4.69351,6.4344,-26.992,-140.827,-26.5523,-141.083,39.632,144.532,40.3871,144.563,-201.337,-201.539,0.225,0.143073,-1.47001,3.76231,39.28
6.3094e+07,6.04706,-5.08126,5.69112,-31.4628,-75.9724,-30.9894,-76.231,38.4003,133.662,39.2518,133.709,-179.352,-179.565,0.225,0.139953,-1.54536,3.76266,39.2859
6.3114e+07,5.98272,-5.55331,5.44112,-34.4774,-6.65937,-34.1045,-6.98806,37.5789,119.677,38.2008,119.749,-154.543,-154.83,0.225,0.136384,-1.61201,3.76308,39.2976
6.3134e+07,5.78217,-5.66651,5.22981,-36.0099,61.646,-35.6682,61.3791,36.8646,103.158,37.4369,103.226,-129.261,-129.492,0.225,0.134067,-1.66535,3.76356,39.3065
6.3154e+07,5.19465,-5.24744,4.93896,-36.2072,129.005,-35.8257,128.704,35.7863,85.3563,36.4521,85.436,-103.963,-104.231,0.225,0.134307,-1.70567,3.76385,39.28
6.3174e+07,5.51943,-5.37268,5.35634,-34.9362,189.31,-34.5461,189.07,36.0369,68.8983,36.3444,68.9642,-81.215,-81.4338,0.225,0.136361,-1.73589,3.76311,39.2859
6.3195e+07,6.23824,-5.64965,6.43555,-32.225,255.676,-31.965,255.424,36.0719,52.0128,36.3088,52.0743,-56.0241,-56.2623,0.225,0.140027,-1.75282,3.76359,39.2829
6.3215e+07,6.31688,-5.04995,6.86381,-28.4296,316.944,-28.0865,316.715,36.5495,37.3869,36.6442,37.4396,-33.0928,-33.2974,0.225,0.145143,-1.7632,3.76396,39.2829
6.3235e+07,6.31181,-4.02397,7.20972,-22.7795,371.493,-22.6127,371.306,37.3962,24.7762,37.3232,24.8199,-12.9554,-13.1198,0.225,0.1508,-1.77572,3.76422,39.2859
6.3255e+07,6.32821,-2.86311,7.52734,-16.2327,411.112,-16.0772,410.974,38.1594,15.6311,38.0728,15.6667,1.44151,1.32626,0.225,0.156011,-1.79492,3.76448,39.3006
6.3275e+07,6.22755,-1.52644,7.55331,-8.86254,437.218,-8.67309,437.146,38.9431,8.05863,38.8935,8.08601,11.1209,11.0554,0.197,0.146485,-1.86446,3.76371,39.2859
6.3295e+07,6.0887,-0.249983,7.37028,-1.49788,446.028,-1.22193,446.016,39.5444,2.0281,39.3971,2.05148,14.7087,14.6932,0.197,0.139767,-1.92497,3.76399,39.3065
6.33753e+07,6.34541,3.96715,6.46749,23.6463,339.325,24.1701,339.512,39.9065,-41.865,39.78,-41.7969,-22.3905,-22.2282,0.155,0.0947386,-2.20355,3.76387,39.2771
6.3396e+07,6.15666,4.36454,5.9792,26.9557,285.218,27.6252,285.428,39.7495,-61.5597,39.5164,-61.4825,-42.7722,-42.5766,0.136,0.0835748,-2.26148,3.76422,39.3035
6.3476e+07,6.21628,4.63669,6.20039,27.8386,41.0353,28.4386,41.2743,38.7608,-147.758,38.3914,-147.69,-134.223,-134.017,0.122,0.0671969,-2.3697,3.76431,39.33
6.3496e+07,6.67237,4.58611,7.095,25.2145,-19.8807,25.7317,-19.6391,38.3017,-163.56,37.7833,-163.502,-155.184,-154.988,0.122,0.0694345,-2.36574,3.76456,39.2947
6.3516e+07,6.80624,4.0659,8.06036,21.077,-83.9876,21.6031,-83.7522,37.0134,-174.934,36.5446,-174.904,-175.948,-175.775,0.099,0.0630043,-2.37651,3.7648,39.3153
6.3536e+07,5.9183,2.85928,8.08056,15.9324,-136.217,16.5007,-136.034,34.6235,-178.735,34.5105,-178.732,-191.184,-191.057,0.099,0.0609071,-2.36245,3.76519,39.3006
6.3556e+07,5.20228,1.65989,8.12437,9.76265,-177.041,10.2386,-176.911,32.1029,-175.575,32.0527,-175.596,-201.154,-201.085,0.099,0.0648013,-2.32297,3.7654,39.33
6.35761e+07,5.02828,0.542385,8.98932,3.01432,-202.247,3.61485,-202.172,29.1766,-167.056,29.0824,-167.095,-206.055,-206.022,0.077,0.0576093,-2.30062,3.76458,39.3418
6.3596e+07,4.58688,-0.72444,9.65246,-3.87802,-211.667,-3.38383,-211.661,25.3549,-153.941,25.4557,-153.993,-206.528,-206.538,0.077,0.053606,-2.24312,3.76499,39.3182
6.3616e+07,3.8374,-1.83472,9.43289,-10.2131,-202.553,-9.80601,-202.612,21.7682,-138.873,21.88,-138.935,-202.864,-202.91,0.077,0.0548846,-2.15406,3.76537,39.3624
6.3636e+07,3.04731,-2.82939,9.17082,-16.319,-176.247,-15.9822,-176.368,17.6154,-122.064,17.8573,-122.127,-196.406,-196.472,0.073,0.0536375,-2.06469,3.76574,39.3006
6.3696e+07,1.15176,-4.25036,8.62648,-26.0298,-25.9265,-25.8845,-26.15,6.82954,-76.2925,7.29421,-76.3414,-172.055,-172.121,0.072,0.0522169,-1.75126,3.76657,39.2947
6.3716e+07,0.717203,-4.3756,8.89969,-26.108,35.6154,-26.0142,35.3798,4.13639,-63.8956,4.39972,-63.9402,-165.276,-165.334,0.072,0.0526565,-1.64922,3.76679,39.3094
6.3796e+07,-0.627837,-1.90697,9.32505,-11.5322,238.18,-11.7809,238.077,-3.77393,-29.2696,-3.67348,-29.2939,-151.505,-151.52,0.061,0.0499895,-1.2806,3.76788,39.3153
6.3816e+07,-0.780901,-1.03513,9.96762,-5.91086,256.959,-6.03988,256.907,-4.45576,-23.2085,-4.49342,-23.2319,-150.406,-150.419,0.061,0.0515706,-1.20009,3.76795,39.3065
6.3896e+07,-0.548048,3.11939,10.1094,17.1246,175.646,16.9065,175.83,-2.96537,5.28,-3.24098,5.24966,-150.955,-150.942,0.032,0.0250967,-0.968687,3.76867,39.3035
6.3916e+07,-0.280745,3.60589,9.55914,20.6593,123.6,20.5119,123.814,-1.57405,13.2189,-1.80136,13.1863,-152.65,-152.633,0.032,0.0238026,-0.903875,3.76887,39.3476
6.4098e+07,0.0572707,-1.17963,9.24015,-7.27509,50.3177,-10.1539,50.284,0.352257,-121.896,2.33282,-121.875,-117.475,-117.486,0.021,0.0171091,-0.502343,3.76951,39.3565
6.4118e+07,0.255577,-1.59629,8.93778,-10.1222,60.6383,-9.14009,60.6145,1.61243,-111.147,0.516202,-111.283,-115.978,-115.96,0.048,0.0331437,-0.469218,3.76967,39.3359
6.4138e+07,-0.162425,-1.12665,7.80639,-8.21067,213.982,-8.20797,213.923,-1.17975,28.9594,-0.599525,28.9108,-80.0852,-80.1162,0.048,0.0434329,-0.367252,3.76982,39.3418
6.4158e+07,0.0976269,-0.327052,9.38631,-1.99547,222.577,-1.91595,222.563,0.59555,36.3334,0.420644,36.3163,-79.3218,-79.3452,0.048,0.0452245,-0.353358,3.76996,39.2947
6.4178e+07,-0.73353,0.349712,22.8405,0.876739,216.364,1.63013,216.466,-1.83922,45.6464,-0.297801,45.5923,-79.7646,-79.758,0.048,0.0456446,-0.280676,3.7701,39.3006
6.41981e+07,0.343366,0.421965,-2.10635,11.1843,98.5467,6.77107,98.4418,9.0813,76.9136,4.70701,76.9174,-70.3905,-70.375,0.048,0.046234,-0.250812,3.76921,39.3329
6.4218e+07,2.47201,5.14968,21.8506,13.1802,-101.209,5.64111,-79.2329,6.28383,-43.9414,7.33885,-59.0115,-43.673,-41.6804,0.048,0.0448465,-0.301636,3.76939,39.3447
6.4239e+07,0.2188,1.85497,15.9093,6.64983,-144.736,5.94251,-144.565,0.782635,-10.2925,1.78948,-10.4162,-48.4669,-48.4534,0.048,0.0457769,-0.223099,3.76964,39.3476
6.4259e+07,0.147469,0.761551,7.2512,5.99423,-2.93418,-0.226667,-3.99039,1.1587,31.967,0.335018,31.7456,-49.5967,-49.5773,0.048,0.0465199,-0.170793,3.76987,39.3682
6.4279e+07,-0.609014,-0.900254,17.3563,-2.96739,81.4475,-5.12662,81.0153,-2.00693,52.4708,-0.758396,52.3514,-47.7188,-47.6853,0.017,0.0184808,-0.220747,3.77018,39.3153
6.45e+07,0.302901,-0.0380423,10.3268,-0.210977,1.56963,-0.439396,1.55464,1.68008,-1.54442,2.27323,-1.55787,0.174339,0.169304,0.043,0.042417,-0.0733377,3.76905,39.3241
6.452e+07,0.448564,-0.0549012,9.92777,-0.316523,1.32536,-0.58801,1.29943,2.58698,-1.10167,2.61719,-1.07374,0.22014,0.204239,0.046,0.0450111,-0.0596681,3.76923,39.3359
6.454e+07,0.446181,-0.0717601,9.94436,-0.413033,-0.155558,-0.440056,-0.164391,2.56894,-0.078774,2.43872,-0.0600194,0.0674686,0.0623448,0.046,0.0455298,-0.0512021,3.7694,39.3624
6.456e+07,0.448553,-0.0163666,9.95869,-0.0940671,-0.552504,-0.0326146,-0.546639,2.57893,0.623516,2.4925,0.616769,-0.0546688,-0.0510649,0.046,0.0456189,-0.0454728,3.76957,39.3888
6.458e+07,0.455714,-0.00673292,9.99432,-0.0385586,-0.0639547,-0.0254278,-0.0532831,2.61072,0.104432,2.59555,0.0916913,0.00639999,0.00731783,0.047,0.046496,-0.0386175,3.76972,39.3594
6.46001e+07,0.357814,-0.0115497,9.92317,-0.0666442,0.455129,-0.245374,0.458532,2.0651,-0.536789,2.35545,-0.543903,0.159072,0.158148,0.047,0.0466848,-0.0339718,3.76903,39.3212
6.462e+07,0.381718,-0.103069,9.93962,-0.593673,0.500931,-0.649185,0.496936,2.19917,-0.735263,2.30494,-0.728597,0.0674686,0.066101,0.047,0.046734,-0.0300689,3.76938,39.3624
6.464e+07,0.443785,-0.0428591,9.97765,-0.24587,0.256656,-0.27371,0.250771,2.54669,-0.277247,2.53243,-0.271884,0.0369343,0.0381703,0.049,0.048459,-0.0206746,3.76954,39.3388
6.472e+07,0.415127,-0.0308171,9.99194,-0.176558,0.256656,-0.344511,0.257158,2.37904,-0.216179,2.46138,-0.217612,0.11327,0.104957,0.05,0.0498935,-0.00428341,3.76918,39.3506
6.474e+07,0.429446,-0.00191609,9.89463,-0.0110849,0.241389,-0.131766,0.238131,2.48519,-0.338316,2.47816,-0.334719,0.098003,0.0931721,0.05,0.0499302,-0.00221018,3.76953,39.3741
6.476e+07,0.422307,-0.088619,9.98472,-0.508059,0.18032,-0.344578,0.178286,2.42181,-0.200911,2.43669,-0.200612,-0.0852031,-0.0761978,0.049,0.0491011,-0.0019385,3.76977,39.3741
6.478e+07,0.431849,-0.0549012,9.88504,-0.317912,0.0123812,-0.32779,0.0147367,2.50146,-0.185644,2.45931,-0.183949,0.0522015,0.0475543,0.049,0.0489664,1.94439e-05,3.76991,39.3447
6.48e+07,0.400806,-0.0524928,9.98479,-0.300974,0.195587,-0.279527,0.192407,2.29868,-0.0635068,2.34265,-0.0665,-0.0241344,-0.0240597,0.049,0.0489666,0.00233292,3.77005,39.3682
6.482e+07,0.386477,-0.0428591,9.81388,-0.250027,0.0429156,-0.284809,0.0464223,2.25516,-0.0635068,2.35676,-0.0658562,0.0674686,0.0612411,0.049,0.0489784,0.00354243,3.77035,39.3712
6.484e+07,0.427071,-0.0452675,9.96104,-0.260138,0.134519,-0.242793,0.133953,2.45498,-0.246713,2.47174,-0.245826,0.0522015,0.051344,0.049,0.0489844,0.0048824,3.77047,39.3888
6.492e+07,0.412737,-0.0211834,9.94685,-0.121915,0.07345,-0.258172,0.0746416,2.37608,-0.124576,2.46263,-0.127518,0.0216671,0.0184389,0.05,0.0500459,0.0142335,3.77113,39.3653
6.494e+07,0.407959,-0.0139582,9.9065,-0.0806608,0.119251,-0.143022,0.119794,2.35816,-0.185644,2.4796,-0.185068,-0.0241344,-0.0206284,0.049,0.0492079,0.0129255,3.77137,39.3447
